timestamp,scenario,operating_state,compressor_rpm,suction_pressure_bar,discharge_pressure_bar,delivery_pressure_bar,flow_in_mmscmd,flow_out_mmscmd,gas_temperature_c,wobbe_index,hydrate_risk_pct,compressor_trip_alarm,leak_alarm,hydrate_alarm,choke_alarm
2026-01-01T00:00:00Z,leak,NORMAL,8498.6,39.97,89.94,80.35,14.99,14.85,25.03,49.99,0,0,0,0,0
2026-01-01T00:00:01Z,leak,NORMAL,8497.9,40.02,90.12,80.58,15.07,15.01,24.93,49.95,0,0,0,0,0
2026-01-01T00:00:02Z,leak,NORMAL,8502.8,40.26,90.02,79.95,15.05,14.85,24.97,50.02,0,0,0,0,0
2026-01-01T00:00:03Z,leak,NORMAL,8509.3,39.95,90.19,80.12,15.08,14.89,25.06,49.92,0,0,0,0,0
2026-01-01T00:00:04Z,leak,NORMAL,8474.7,39.88,89.54,80.44,15.07,14.88,25.09,49.95,0,0,0,0,0
2026-01-01T00:00:05Z,leak,NORMAL,8500.5,39.94,90.06,80.41,15.06,15.03,25.07,50.02,0,0,0,0,0
2026-01-01T00:00:06Z,leak,NORMAL,8495.5,39.86,89.77,80.25,14.97,15.23,24.92,49.95,0,0,0,0,0
2026-01-01T00:00:07Z,leak,NORMAL,8510.0,40.28,90.26,80.42,15.14,14.99,24.86,49.97,0,0,0,0,0
2026-01-01T00:00:08Z,leak,NORMAL,8512.4,39.71,90.03,80.13,14.97,15.07,25.06,50.12,0,0,0,0,0
2026-01-01T00:00:09Z,leak,NORMAL,8509.7,39.88,89.73,79.59,15.1,14.94,25.0,50.04,0,0,0,0,0
2026-01-01T00:00:10Z,leak,NORMAL,8496.9,39.94,89.09,79.46,14.94,15.04,25.13,50.0,0,0,0,0,0
2026-01-01T00:00:11Z,leak,NORMAL,8507.4,40.03,90.56,80.45,15.03,14.9,25.1,50.02,0,0,0,0,0
2026-01-01T00:00:12Z,leak,NORMAL,8517.8,39.99,91.0,79.82,15.16,15.01,24.96,49.94,0,0,0,0,0
2026-01-01T00:00:13Z,leak,NORMAL,8504.8,40.28,90.44,80.35,14.76,15.07,25.07,49.97,0,0,0,0,0
2026-01-01T00:00:14Z,leak,NORMAL,8500.8,40.0,90.89,79.48,14.96,15.14,24.97,49.98,0,0,0,0,0
2026-01-01T00:00:15Z,leak,NORMAL,8508.8,39.75,90.15,79.4,15.09,15.0,25.24,50.01,0,0,0,0,0
2026-01-01T00:00:16Z,leak,NORMAL,8522.3,39.74,89.98,80.17,15.17,14.83,25.12,50.03,0,0,0,0,0
2026-01-01T00:00:17Z,leak,NORMAL,8524.8,40.14,90.07,79.75,14.88,15.02,25.0,50.1,0,0,0,0,0
2026-01-01T00:00:18Z,leak,NORMAL,8504.2,40.06,89.27,79.81,15.03,15.08,25.17,50.0,0,0,0,0,0
2026-01-01T00:00:19Z,leak,NORMAL,8500.0,40.09,90.32,80.26,14.93,15.11,25.03,50.03,0,0,0,0,0
2026-01-01T00:00:20Z,leak,NORMAL,8524.8,40.12,90.21,81.09,15.02,14.97,25.04,50.07,0,0,0,0,0
2026-01-01T00:00:21Z,leak,NORMAL,8514.1,40.1,90.67,79.76,14.83,15.03,25.05,49.97,0,0,0,0,0
2026-01-01T00:00:22Z,leak,NORMAL,8522.5,40.12,89.58,80.28,14.98,14.85,25.07,50.0,0,0,0,0,0
2026-01-01T00:00:23Z,leak,NORMAL,8507.3,40.1,90.33,79.73,15.04,15.1,24.96,50.02,0,0,0,0,0
2026-01-01T00:00:24Z,leak,NORMAL,8515.6,40.45,89.17,80.37,14.97,14.99,25.22,50.0,0,0,0,0,0
2026-01-01T00:00:25Z,leak,NORMAL,8538.9,39.91,90.28,79.78,14.93,15.01,25.01,50.01,0,0,0,0,0
2026-01-01T00:00:26Z,leak,NORMAL,8496.4,40.4,90.03,80.9,14.9,15.03,25.36,49.96,0,0,0,0,0
2026-01-01T00:00:27Z,leak,NORMAL,8503.4,39.89,90.36,80.38,15.13,14.97,24.88,49.98,0,0,0,0,0
2026-01-01T00:00:28Z,leak,NORMAL,8531.7,40.09,89.15,80.02,15.14,15.21,25.1,50.02,0,0,0,0,0
2026-01-01T00:00:29Z,leak,NORMAL,8507.8,39.83,90.16,80.29,15.06,14.95,24.93,49.96,0,0,0,0,0
2026-01-01T00:00:30Z,leak,NORMAL,8509.6,40.13,88.99,79.88,15.04,15.15,25.06,50.05,0,0,0,0,0
2026-01-01T00:00:31Z,leak,NORMAL,8518.1,39.85,89.82,80.81,15.1,15.05,25.39,50.0,0,0,0,0,0
2026-01-01T00:00:32Z,leak,NORMAL,8529.2,40.06,90.05,81.21,15.15,14.86,25.02,50.02,0,0,0,0,0
2026-01-01T00:00:33Z,leak,NORMAL,8531.8,39.73,89.05,79.1,14.99,14.99,25.1,49.96,0,0,0,0,0
2026-01-01T00:00:34Z,leak,NORMAL,8512.7,39.6,90.35,80.25,15.1,15.08,25.05,50.07,0,0,0,0,0
2026-01-01T00:00:35Z,leak,NORMAL,8524.5,39.87,89.93,79.77,14.78,15.02,25.09,49.98,0,0,0,0,0
2026-01-01T00:00:36Z,leak,NORMAL,8519.6,40.07,91.06,80.09,14.95,14.94,25.06,49.94,0,0,0,0,0
2026-01-01T00:00:37Z,leak,NORMAL,8526.5,40.01,91.13,80.55,15.1,14.93,25.14,49.94,0,0,0,0,0
2026-01-01T00:00:38Z,leak,NORMAL,8531.8,40.08,89.84,81.08,15.06,14.81,25.13,49.98,0,0,0,0,0
2026-01-01T00:00:39Z,leak,NORMAL,8529.6,40.09,90.42,79.07,14.88,15.08,25.21,50.1,0,0,0,0,0
2026-01-01T00:00:40Z,leak,NORMAL,8548.6,39.59,90.62,79.13,15.16,15.03,24.97,50.1,0,0,0,0,0
2026-01-01T00:00:41Z,leak,NORMAL,8537.9,39.62,90.39,79.73,15.01,14.95,25.23,49.93,0,0,0,0,0
2026-01-01T00:00:42Z,leak,NORMAL,8535.6,40.36,89.84,80.21,15.02,14.93,25.16,50.0,0,0,0,0,0
2026-01-01T00:00:43Z,leak,NORMAL,8523.9,40.35,90.66,80.03,14.94,14.92,25.22,49.99,0,0,0,0,0
2026-01-01T00:00:44Z,leak,NORMAL,8538.8,39.96,90.58,80.06,15.08,14.98,25.18,50.03,0,0,0,0,0
2026-01-01T00:00:45Z,leak,NORMAL,8534.0,39.83,89.82,79.75,14.9,15.09,25.1,50.08,0,0,0,0,0
2026-01-01T00:00:46Z,leak,NORMAL,8558.9,40.0,89.52,79.94,14.99,14.85,25.08,50.01,0,0,0,0,0
2026-01-01T00:00:47Z,leak,NORMAL,8532.4,39.85,89.93,81.03,14.98,14.92,25.08,50.05,0,0,0,0,0
2026-01-01T00:00:48Z,leak,NORMAL,8531.1,40.1,90.68,80.52,15.14,14.94,25.23,49.96,0,0,0,0,0
2026-01-01T00:00:49Z,leak,NORMAL,8534.9,40.24,90.74,80.15,14.88,15.06,25.06,49.95,0,0,0,0,0
2026-01-01T00:00:50Z,leak,NORMAL,8533.3,40.05,89.27,80.34,15.02,14.94,25.23,50.03,0,0,0,0,0
2026-01-01T00:00:51Z,leak,NORMAL,8534.6,39.87,90.69,79.41,14.97,14.94,25.14,50.01,0,0,0,0,0
2026-01-01T00:00:52Z,leak,NORMAL,8541.9,40.23,90.47,80.01,14.88,15.07,25.19,50.07,0,0,0,0,0
2026-01-01T00:00:53Z,leak,NORMAL,8535.0,40.01,90.33,80.13,15.0,14.83,25.22,50.03,0,0,0,0,0
2026-01-01T00:00:54Z,leak,NORMAL,8554.7,40.45,90.21,80.17,15.0,15.19,24.97,50.02,0,0,0,0,0
2026-01-01T00:00:55Z,leak,NORMAL,8529.5,39.48,89.37,79.5,15.11,14.91,25.12,49.94,0,0,0,0,0
2026-01-01T00:00:56Z,leak,NORMAL,8551.2,39.78,91.05,79.7,14.92,15.01,25.15,50.07,0,0,0,0,0
2026-01-01T00:00:57Z,leak,NORMAL,8547.2,39.76,90.12,79.92,15.07,15.04,25.14,50.04,0,0,0,0,0
2026-01-01T00:00:58Z,leak,NORMAL,8541.6,39.97,90.5,80.98,14.99,14.96,25.06,50.03,0,0,0,0,0
2026-01-01T00:00:59Z,leak,NORMAL,8541.9,40.07,89.47,80.75,14.87,14.92,25.27,49.93,0,0,0,0,0
2026-01-01T00:01:00Z,leak,NORMAL,8547.8,40.01,89.93,80.9,15.15,14.8,25.02,50.04,0,0,0,0,0
2026-01-01T00:01:01Z,leak,NORMAL,8536.5,39.92,90.5,80.59,14.98,15.01,25.1,50.06,0,0,0,0,0
2026-01-01T00:01:02Z,leak,NORMAL,8545.4,40.07,90.19,80.3,14.98,14.98,25.08,50.04,0,0,0,0,0
2026-01-01T00:01:03Z,leak,NORMAL,8565.4,40.05,90.82,80.67,15.09,15.03,25.21,50.04,0,0,0,0,0
2026-01-01T00:01:04Z,leak,NORMAL,8552.8,39.81,90.48,79.32,15.0,15.04,25.31,50.01,0,0,0,0,0
2026-01-01T00:01:05Z,leak,NORMAL,8562.2,40.0,89.96,79.57,14.9,14.86,25.26,49.99,0,0,0,0,0
2026-01-01T00:01:06Z,leak,NORMAL,8559.5,40.01,91.01,80.81,14.94,14.97,25.15,49.92,0,0,0,0,0
2026-01-01T00:01:07Z,leak,NORMAL,8561.3,40.24,90.49,80.04,15.11,14.77,25.22,50.01,0,0,0,0,0
2026-01-01T00:01:08Z,leak,NORMAL,8549.7,40.28,90.99,80.17,14.99,14.96,25.16,49.93,0,0,0,0,0
2026-01-01T00:01:09Z,leak,NORMAL,8570.0,40.21,90.91,79.76,15.21,15.2,25.23,49.95,0,0,0,0,0
2026-01-01T00:01:10Z,leak,NORMAL,8548.4,40.08,90.07,80.3,15.11,14.85,25.42,50.08,0,0,0,0,0
2026-01-01T00:01:11Z,leak,NORMAL,8545.5,39.72,90.39,79.81,14.97,14.74,25.2,50.09,0,0,0,0,0
2026-01-01T00:01:12Z,leak,NORMAL,8547.5,39.95,89.8,80.65,14.98,15.19,25.25,49.98,0,0,0,0,0
2026-01-01T00:01:13Z,leak,NORMAL,8565.0,39.9,89.88,80.49,14.98,15.02,25.27,49.97,0,0,0,0,0
2026-01-01T00:01:14Z,leak,NORMAL,8564.5,40.35,90.0,81.22,14.98,14.92,25.48,50.01,0,0,0,0,0
2026-01-01T00:01:15Z,leak,NORMAL,8574.8,40.16,89.73,80.42,14.95,14.87,25.07,50.01,0,0,0,0,0
2026-01-01T00:01:16Z,leak,NORMAL,8567.7,40.08,90.42,79.96,14.9,14.94,25.15,49.99,0,0,0,0,0
2026-01-01T00:01:17Z,leak,NORMAL,8562.4,39.82,90.47,79.99,15.0,15.05,25.27,50.02,0,0,0,0,0
2026-01-01T00:01:18Z,leak,NORMAL,8546.9,39.92,90.73,80.7,14.84,15.02,25.38,49.99,0,0,0,0,0
2026-01-01T00:01:19Z,leak,NORMAL,8563.2,40.09,90.73,80.73,15.01,15.02,25.19,49.99,0,0,0,0,0
2026-01-01T00:01:20Z,leak,NORMAL,8577.4,39.96,90.53,80.15,15.08,14.91,25.36,49.95,0,0,0,0,0
2026-01-01T00:01:21Z,leak,NORMAL,8555.1,40.04,90.68,80.56,15.11,14.96,25.32,49.95,0,0,0,0,0
2026-01-01T00:01:22Z,leak,NORMAL,8579.0,40.13,90.9,80.51,14.92,14.97,25.33,50.0,0,0,0,0,0
2026-01-01T00:01:23Z,leak,NORMAL,8568.4,39.73,90.73,80.08,14.89,14.98,25.1,50.03,0,0,0,0,0
2026-01-01T00:01:24Z,leak,NORMAL,8576.4,39.99,90.15,79.96,14.98,14.76,25.31,50.03,0,0,0,0,0
2026-01-01T00:01:25Z,leak,NORMAL,8565.5,39.9,90.74,80.62,15.11,15.0,25.23,49.98,0,0,0,0,0
2026-01-01T00:01:26Z,leak,NORMAL,8571.1,40.31,90.5,79.92,14.91,14.79,25.33,49.93,0,0,0,0,0
2026-01-01T00:01:27Z,leak,NORMAL,8557.7,39.6,90.11,80.74,14.87,14.83,25.32,49.98,0,0,0,0,0
2026-01-01T00:01:28Z,leak,NORMAL,8575.1,40.15,90.67,79.82,14.99,15.05,25.25,49.93,0,0,0,0,0
2026-01-01T00:01:29Z,leak,NORMAL,8582.5,39.92,90.48,80.48,15.1,15.03,25.28,50.03,0,0,0,0,0
2026-01-01T00:01:30Z,leak,NORMAL,8593.6,40.28,91.03,79.92,15.38,14.88,25.29,49.97,0,0,0,0,0
2026-01-01T00:01:31Z,leak,NORMAL,8589.1,40.08,89.99,80.62,15.05,14.97,25.21,49.96,0,0,0,0,0
2026-01-01T00:01:32Z,leak,NORMAL,8569.1,40.0,90.45,80.87,14.91,14.83,25.26,50.07,0,0,0,0,0
2026-01-01T00:01:33Z,leak,NORMAL,8568.4,40.47,90.96,79.93,14.92,15.02,25.22,50.12,0,0,0,0,0
2026-01-01T00:01:34Z,leak,NORMAL,8564.9,40.14,91.45,80.46,14.9,14.97,25.38,50.04,0,0,0,0,0
2026-01-01T00:01:35Z,leak,NORMAL,8576.0,39.72,90.75,80.19,14.78,14.93,25.21,50.03,0,0,0,0,0
2026-01-01T00:01:36Z,leak,NORMAL,8595.6,40.37,90.45,80.3,15.07,15.11,25.31,49.99,0,0,0,0,0
2026-01-01T00:01:37Z,leak,NORMAL,8598.8,39.98,90.5,80.6,15.06,14.9,25.34,49.94,0,0,0,0,0
2026-01-01T00:01:38Z,leak,NORMAL,8574.6,40.38,91.12,80.5,14.91,14.97,25.47,49.97,0,0,0,0,0
2026-01-01T00:01:39Z,leak,NORMAL,8592.5,39.73,90.62,81.43,14.8,15.12,25.19,50.0,0,0,0,0,0
2026-01-01T00:01:40Z,leak,NORMAL,8576.9,40.16,89.19,79.61,14.94,15.0,25.29,49.99,0,0,0,0,0
2026-01-01T00:01:41Z,leak,NORMAL,8567.4,39.92,90.35,80.7,15.06,15.14,25.32,49.98,0,0,0,0,0
2026-01-01T00:01:42Z,leak,NORMAL,8580.3,39.94,90.76,79.8,15.04,14.91,25.29,49.92,0,0,0,0,0
2026-01-01T00:01:43Z,leak,NORMAL,8592.0,39.97,91.36,80.73,14.83,14.89,25.47,49.96,0,0,0,0,0
2026-01-01T00:01:44Z,leak,NORMAL,8570.1,39.96,90.71,80.09,14.97,14.95,25.14,50.03,0,0,0,0,0
2026-01-01T00:01:45Z,leak,NORMAL,8573.5,40.26,90.23,79.82,15.12,14.84,25.34,50.03,0,0,0,0,0
2026-01-01T00:01:46Z,leak,NORMAL,8578.8,39.67,90.9,80.52,15.13,15.06,25.72,49.92,0,0,0,0,0
2026-01-01T00:01:47Z,leak,NORMAL,8582.5,39.79,91.39,81.03,15.08,14.92,25.34,49.9,0,0,0,0,0
2026-01-01T00:01:48Z,leak,NORMAL,8600.3,40.1,90.69,81.1,15.08,15.1,25.26,49.96,0,0,0,0,0
2026-01-01T00:01:49Z,leak,NORMAL,8585.7,40.07,91.31,80.13,15.01,15.22,25.5,50.04,0,0,0,0,0
2026-01-01T00:01:50Z,leak,NORMAL,8584.1,40.15,91.74,80.7,15.12,14.91,25.49,50.05,0,0,0,0,0
2026-01-01T00:01:51Z,leak,NORMAL,8577.3,40.22,90.5,80.25,15.0,15.19,25.47,50.05,0,0,0,0,0
2026-01-01T00:01:52Z,leak,NORMAL,8578.0,40.02,90.26,80.37,15.08,15.0,25.59,49.99,0,0,0,0,0
2026-01-01T00:01:53Z,leak,NORMAL,8583.9,40.26,90.53,79.91,15.13,15.04,25.24,50.0,0,0,0,0,0
2026-01-01T00:01:54Z,leak,NORMAL,8582.3,40.35,90.5,80.38,14.91,14.89,25.39,49.93,0,0,0,0,0
2026-01-01T00:01:55Z,leak,NORMAL,8576.5,39.68,90.12,79.9,14.95,14.93,25.34,50.02,0,0,0,0,0
2026-01-01T00:01:56Z,leak,NORMAL,8586.9,39.91,90.64,81.49,15.02,15.05,25.21,49.97,0,0,0,0,0
2026-01-01T00:01:57Z,leak,NORMAL,8566.1,39.91,91.06,80.36,15.05,14.9,25.53,49.92,0,0,0,0,0
2026-01-01T00:01:58Z,leak,NORMAL,8585.7,40.08,91.15,80.64,15.19,14.96,25.44,49.86,0,0,0,0,0
2026-01-01T00:01:59Z,leak,NORMAL,8606.4,39.93,90.3,81.37,15.12,15.01,25.34,50.02,0,0,0,0,0
2026-01-01T00:02:00Z,leak,NORMAL,8583.0,39.77,91.42,79.65,15.06,15.05,25.7,50.02,0,0,0,0,0
2026-01-01T00:02:01Z,leak,NORMAL,8569.0,39.83,90.93,80.9,15.1,14.8,25.47,50.05,0,0,0,0,0
2026-01-01T00:02:02Z,leak,NORMAL,8605.5,40.37,90.71,81.28,15.17,15.12,25.58,50.04,0,0,0,0,0
2026-01-01T00:02:03Z,leak,NORMAL,8582.6,39.71,91.4,80.57,15.0,14.94,25.47,50.01,0,0,0,0,0
2026-01-01T00:02:04Z,leak,NORMAL,8580.7,40.01,91.04,80.71,14.93,15.08,25.7,49.97,0,0,0,0,0
2026-01-01T00:02:05Z,leak,NORMAL,8603.6,40.18,89.59,80.37,14.94,15.08,25.54,50.02,0,0,0,0,0
2026-01-01T00:02:06Z,leak,NORMAL,8598.0,39.82,90.55,80.15,14.98,14.99,25.55,49.96,0,0,0,0,0
2026-01-01T00:02:07Z,leak,NORMAL,8601.1,40.18,91.7,81.12,15.02,15.07,25.6,49.97,0,0,0,0,0
2026-01-01T00:02:08Z,leak,NORMAL,8605.3,40.34,91.92,80.79,15.03,15.04,25.54,50.03,0,0,0,0,0
2026-01-01T00:02:09Z,leak,NORMAL,8591.6,39.96,91.82,80.86,15.01,15.09,25.56,50.01,0,0,0,0,0
2026-01-01T00:02:10Z,leak,NORMAL,8592.5,39.76,90.93,80.22,15.02,14.88,25.64,50.04,0,0,0,0,0
2026-01-01T00:02:11Z,leak,NORMAL,8596.3,39.98,91.16,79.81,14.89,14.99,25.59,50.0,0,0,0,0,0
2026-01-01T00:02:12Z,leak,NORMAL,8583.8,40.03,90.73,80.26,15.03,14.98,25.68,50.03,0,0,0,0,0
2026-01-01T00:02:13Z,leak,NORMAL,8601.5,40.06,90.54,80.34,14.85,15.29,25.46,49.99,0,0,0,0,0
2026-01-01T00:02:14Z,leak,NORMAL,8590.9,39.94,90.67,79.88,14.9,14.86,25.56,49.97,0,0,0,0,0
2026-01-01T00:02:15Z,leak,NORMAL,8587.9,40.04,90.68,81.28,14.96,15.02,25.45,50.03,0,0,0,0,0
2026-01-01T00:02:16Z,leak,NORMAL,8591.0,40.08,91.14,80.74,15.02,14.96,25.72,50.05,0,0,0,0,0
2026-01-01T00:02:17Z,leak,NORMAL,8600.2,39.76,90.42,80.5,14.98,15.04,25.5,50.06,0,0,0,0,0
2026-01-01T00:02:18Z,leak,NORMAL,8595.7,39.6,90.74,79.54,14.92,14.95,25.54,49.98,0,0,0,0,0
2026-01-01T00:02:19Z,leak,NORMAL,8592.0,39.88,91.73,81.45,14.89,15.13,25.44,49.96,0,0,0,0,0
2026-01-01T00:02:20Z,leak,NORMAL,8611.4,39.55,91.27,80.22,14.99,14.98,25.78,49.96,0,0,0,0,0
2026-01-01T00:02:21Z,leak,NORMAL,8595.8,40.13,90.86,80.44,14.99,15.01,25.71,49.95,0,0,0,0,0
2026-01-01T00:02:22Z,leak,NORMAL,8592.2,40.06,90.91,80.76,15.0,14.93,25.54,50.02,0,0,0,0,0
2026-01-01T00:02:23Z,leak,NORMAL,8586.0,40.23,91.1,80.22,15.03,15.02,25.7,50.06,0,0,0,0,0
2026-01-01T00:02:24Z,leak,NORMAL,8593.5,39.86,90.7,80.38,14.93,15.03,25.64,49.98,0,0,0,0,0
2026-01-01T00:02:25Z,leak,NORMAL,8590.0,40.07,90.75,80.35,14.98,14.97,25.53,50.04,0,0,0,0,0
2026-01-01T00:02:26Z,leak,NORMAL,8606.0,40.01,91.07,81.14,15.0,15.09,25.81,50.0,0,0,0,0,0
2026-01-01T00:02:27Z,leak,NORMAL,8602.2,40.17,90.84,80.32,15.09,14.84,25.83,50.04,0,0,0,0,0
2026-01-01T00:02:28Z,leak,NORMAL,8599.8,40.01,91.89,80.42,14.88,14.94,25.63,49.95,0,0,0,0,0
2026-01-01T00:02:29Z,leak,NORMAL,8599.6,40.03,90.61,81.69,14.86,14.87,25.7,49.99,0,0,0,0,0
2026-01-01T00:02:30Z,leak,NORMAL,8602.5,39.88,90.5,80.58,14.93,15.05,25.62,50.04,0,0,0,0,0
2026-01-01T00:02:31Z,leak,NORMAL,8604.3,40.21,91.47,81.29,15.08,14.95,25.65,49.91,0,0,0,0,0
2026-01-01T00:02:32Z,leak,NORMAL,8601.5,39.87,91.22,81.17,14.86,14.9,25.65,49.97,0,0,0,0,0
2026-01-01T00:02:33Z,leak,NORMAL,8600.4,39.77,91.05,80.07,14.78,15.07,25.56,49.97,0,0,0,0,0
2026-01-01T00:02:34Z,leak,NORMAL,8584.7,39.72,90.83,80.71,15.1,15.04,25.67,50.04,0,0,0,0,0
2026-01-01T00:02:35Z,leak,NORMAL,8610.1,40.08,90.83,81.43,15.18,15.07,25.88,50.05,0,0,0,0,0
2026-01-01T00:02:36Z,leak,NORMAL,8607.5,39.78,90.47,80.9,14.83,14.94,25.79,49.97,0,0,0,0,0
2026-01-01T00:02:37Z,leak,NORMAL,8604.5,39.73,90.79,81.44,15.02,15.03,25.88,50.06,0,0,0,0,0
2026-01-01T00:02:38Z,leak,NORMAL,8590.5,40.26,90.73,80.92,15.0,15.11,25.6,50.02,0,0,0,0,0
2026-01-01T00:02:39Z,leak,NORMAL,8604.5,40.16,90.93,81.44,14.93,15.11,25.76,49.93,0,0,0,0,0
2026-01-01T00:02:40Z,leak,NORMAL,8603.5,40.04,90.86,80.57,14.98,14.86,25.9,49.94,0,0,0,0,0
2026-01-01T00:02:41Z,leak,NORMAL,8592.8,40.23,91.33,81.31,15.15,14.97,25.63,50.04,0,0,0,0,0
2026-01-01T00:02:42Z,leak,NORMAL,8607.4,39.93,90.41,81.57,15.06,14.86,25.82,49.93,0,0,0,0,0
2026-01-01T00:02:43Z,leak,NORMAL,8594.7,39.78,90.72,80.54,14.94,15.07,25.78,50.03,0,0,0,0,0
2026-01-01T00:02:44Z,leak,NORMAL,8610.5,39.93,91.08,81.23,15.17,15.09,25.89,50.05,0,0,0,0,0
2026-01-01T00:02:45Z,leak,NORMAL,8610.1,39.64,91.48,81.07,15.01,14.95,25.72,50.02,0,0,0,0,0
2026-01-01T00:02:46Z,leak,NORMAL,8608.0,39.7,91.15,80.68,14.9,15.04,25.73,49.97,0,0,0,0,0
2026-01-01T00:02:47Z,leak,NORMAL,8591.9,40.06,91.04,80.42,14.92,14.98,25.81,49.95,0,0,0,0,0
2026-01-01T00:02:48Z,leak,NORMAL,8604.4,39.84,92.41,80.5,14.92,15.02,25.69,50.04,0,0,0,0,0
2026-01-01T00:02:49Z,leak,NORMAL,8617.5,39.92,91.13,80.71,15.0,15.14,25.87,49.95,0,0,0,0,0
2026-01-01T00:02:50Z,leak,NORMAL,8614.9,40.23,91.29,80.65,15.01,14.92,25.83,49.98,0,0,0,0,0
2026-01-01T00:02:51Z,leak,NORMAL,8577.1,40.19,91.14,81.52,14.99,15.02,25.9,50.02,0,0,0,0,0
2026-01-01T00:02:52Z,leak,NORMAL,8602.3,40.64,90.96,81.07,15.17,14.92,25.69,49.93,0,0,0,0,0
2026-01-01T00:02:53Z,leak,NORMAL,8604.6,40.13,91.42,80.31,15.1,15.12,25.8,50.0,0,0,0,0,0
2026-01-01T00:02:54Z,leak,NORMAL,8606.0,40.07,91.37,80.44,14.98,14.88,25.87,50.03,0,0,0,0,0
2026-01-01T00:02:55Z,leak,NORMAL,8598.2,40.06,90.27,81.42,14.95,15.01,25.93,49.96,0,0,0,0,0
2026-01-01T00:02:56Z,leak,NORMAL,8611.0,40.02,91.06,81.27,14.88,15.06,25.83,50.05,0,0,0,0,0
2026-01-01T00:02:57Z,leak,NORMAL,8596.8,39.93,91.23,80.96,14.88,14.98,25.95,50.0,0,0,0,0,0
2026-01-01T00:02:58Z,leak,NORMAL,8590.1,40.14,90.12,79.94,15.0,15.02,25.86,49.96,0,0,0,0,0
2026-01-01T00:02:59Z,leak,NORMAL,8597.2,39.72,91.16,80.19,14.99,15.03,25.66,49.97,0,0,0,0,0
2026-01-01T00:03:00Z,leak,NORMAL,8606.5,40.31,90.3,81.17,14.88,14.87,26.01,50.03,0,0,0,0,0
2026-01-01T00:03:01Z,leak,NORMAL,8590.4,40.04,91.37,81.09,15.22,15.06,25.55,49.99,0,0,0,0,0
2026-01-01T00:03:02Z,leak,NORMAL,8590.9,39.96,91.05,80.68,14.89,15.14,25.92,49.97,0,0,0,0,0
2026-01-01T00:03:03Z,leak,NORMAL,8604.9,40.14,91.68,80.48,15.08,14.94,25.98,49.99,0,0,0,0,0
2026-01-01T00:03:04Z,leak,NORMAL,8575.2,40.01,90.15,80.9,14.99,14.96,25.72,49.94,0,0,0,0,0
2026-01-01T00:03:05Z,leak,NORMAL,8589.3,39.95,91.69,81.36,14.95,15.13,25.74,50.03,0,0,0,0,0
2026-01-01T00:03:06Z,leak,NORMAL,8595.8,40.05,91.36,80.67,15.08,15.0,26.12,49.98,0,0,0,0,0
2026-01-01T00:03:07Z,leak,NORMAL,8610.1,40.13,90.45,81.69,14.89,14.78,25.97,50.05,0,0,0,0,0
2026-01-01T00:03:08Z,leak,NORMAL,8597.7,39.95,91.83,81.37,14.93,15.07,25.77,49.97,0,0,0,0,0
2026-01-01T00:03:09Z,leak,NORMAL,8586.4,39.56,90.45,81.63,14.89,14.94,25.78,50.04,0,0,0,0,0
2026-01-01T00:03:10Z,leak,NORMAL,8596.7,40.1,90.98,80.43,14.9,15.08,25.9,50.04,0,0,0,0,0
2026-01-01T00:03:11Z,leak,NORMAL,8564.8,40.22,90.79,82.1,14.95,15.0,25.97,49.96,0,0,0,0,0
2026-01-01T00:03:12Z,leak,NORMAL,8604.9,39.87,91.68,81.41,15.05,14.93,25.89,50.01,0,0,0,0,0
2026-01-01T00:03:13Z,leak,NORMAL,8575.6,39.89,91.5,80.38,15.13,14.94,25.95,49.94,0,0,0,0,0
2026-01-01T00:03:14Z,leak,NORMAL,8600.5,40.09,91.6,81.69,15.13,15.02,25.8,50.07,0,0,0,0,0
2026-01-01T00:03:15Z,leak,NORMAL,8582.4,39.91,91.4,81.24,15.16,15.0,25.76,49.99,0,0,0,0,0
2026-01-01T00:03:16Z,leak,NORMAL,8596.9,39.93,91.73,80.9,14.86,15.05,25.82,50.08,0,0,0,0,0
2026-01-01T00:03:17Z,leak,NORMAL,8597.5,39.72,91.56,82.2,14.8,15.09,25.99,50.01,0,0,0,0,0
2026-01-01T00:03:18Z,leak,NORMAL,8597.9,40.1,90.68,81.72,14.87,15.2,26.1,49.94,0,0,0,0,0
2026-01-01T00:03:19Z,leak,NORMAL,8594.1,40.28,90.77,80.94,14.96,15.12,25.89,50.0,0,0,0,0,0
2026-01-01T00:03:20Z,leak,NORMAL,8599.3,39.96,90.58,80.35,14.85,14.88,25.79,49.96,0,0,0,0,0
2026-01-01T00:03:21Z,leak,NORMAL,8596.5,40.01,90.6,80.51,14.9,14.86,25.84,50.04,0,0,0,0,0
2026-01-01T00:03:22Z,leak,NORMAL,8579.1,40.0,90.7,82.23,14.82,15.02,25.94,49.96,0,0,0,0,0
2026-01-01T00:03:23Z,leak,NORMAL,8596.0,40.03,90.47,81.23,15.04,15.13,25.92,50.07,0,0,0,0,0
2026-01-01T00:03:24Z,leak,NORMAL,8590.5,39.6,91.27,80.98,14.91,15.09,25.94,50.05,0,0,0,0,0
2026-01-01T00:03:25Z,leak,NORMAL,8591.3,40.15,91.34,81.25,14.9,15.09,25.99,50.1,0,0,0,0,0
2026-01-01T00:03:26Z,leak,NORMAL,8596.5,40.15,90.62,80.81,15.01,14.88,25.88,49.99,0,0,0,0,0
2026-01-01T00:03:27Z,leak,NORMAL,8590.5,40.04,91.55,80.82,15.07,14.99,25.98,50.01,0,0,0,0,0
2026-01-01T00:03:28Z,leak,NORMAL,8570.2,40.01,90.67,80.55,14.81,14.96,25.82,50.04,0,0,0,0,0
2026-01-01T00:03:29Z,leak,NORMAL,8588.1,39.66,90.65,81.39,14.94,14.97,25.97,49.99,0,0,0,0,0
2026-01-01T00:03:30Z,leak,NORMAL,8573.1,39.99,90.71,82.49,14.98,14.95,26.11,49.99,0,0,0,0,0
2026-01-01T00:03:31Z,leak,NORMAL,8592.2,39.83,91.76,80.7,15.04,15.11,25.99,50.0,0,0,0,0,0
2026-01-01T00:03:32Z,leak,NORMAL,8595.1,40.14,90.43,81.1,14.91,14.93,25.96,50.06,0,0,0,0,0
2026-01-01T00:03:33Z,leak,NORMAL,8604.7,40.52,90.95,80.59,14.9,15.16,25.88,49.98,0,0,0,0,0
2026-01-01T00:03:34Z,leak,NORMAL,8582.7,40.35,90.46,81.56,15.13,14.98,26.08,49.92,0,0,0,0,0
2026-01-01T00:03:35Z,leak,NORMAL,8587.0,39.96,89.68,81.21,15.04,14.83,25.9,49.96,0,0,0,0,0
2026-01-01T00:03:36Z,leak,NORMAL,8582.1,39.94,90.48,80.5,15.03,14.95,26.04,49.99,0,0,0,0,0
2026-01-01T00:03:37Z,leak,NORMAL,8591.5,39.97,91.39,81.06,15.09,15.12,25.91,50.05,0,0,0,0,0
2026-01-01T00:03:38Z,leak,NORMAL,8604.2,39.81,90.94,80.82,15.04,15.05,25.99,50.07,0,0,0,0,0
2026-01-01T00:03:39Z,leak,NORMAL,8577.4,39.97,91.46,81.98,14.95,15.08,26.09,49.92,0,0,0,0,0
2026-01-01T00:03:40Z,leak,NORMAL,8575.9,39.76,90.69,80.79,15.0,15.13,26.11,50.13,0,0,0,0,0
2026-01-01T00:03:41Z,leak,NORMAL,8582.5,40.16,91.15,81.75,14.96,15.08,26.24,49.96,0,0,0,0,0
2026-01-01T00:03:42Z,leak,NORMAL,8583.6,40.1,90.72,80.56,15.18,14.98,26.26,49.97,0,0,0,0,0
2026-01-01T00:03:43Z,leak,NORMAL,8581.8,40.16,90.83,80.54,14.93,15.03,26.02,50.0,0,0,0,0,0
2026-01-01T00:03:44Z,leak,NORMAL,8560.7,39.89,90.84,80.73,14.9,14.91,26.1,50.07,0,0,0,0,0
2026-01-01T00:03:45Z,leak,NORMAL,8568.8,39.94,91.41,81.15,14.99,14.95,26.1,49.99,0,0,0,0,0
2026-01-01T00:03:46Z,leak,NORMAL,8560.3,39.86,89.94,81.63,15.08,14.92,26.18,50.12,0,0,0,0,0
2026-01-01T00:03:47Z,leak,NORMAL,8575.4,40.26,91.09,80.86,14.89,14.94,26.07,49.88,0,0,0,0,0
2026-01-01T00:03:48Z,leak,NORMAL,8586.4,39.94,91.14,80.77,15.3,14.83,26.02,50.04,0,0,0,0,0
2026-01-01T00:03:49Z,leak,NORMAL,8604.1,39.8,91.81,80.52,15.13,15.01,26.34,50.09,0,0,0,0,0
2026-01-01T00:03:50Z,leak,NORMAL,8573.4,40.59,90.33,80.82,15.18,14.93,26.06,50.01,0,0,0,0,0
2026-01-01T00:03:51Z,leak,NORMAL,8583.8,40.08,90.52,81.07,15.06,15.15,26.16,49.94,0,0,0,0,0
2026-01-01T00:03:52Z,leak,NORMAL,8579.0,39.88,91.54,80.13,15.06,14.89,26.26,50.04,0,0,0,0,0
2026-01-01T00:03:53Z,leak,NORMAL,8580.3,40.1,90.71,81.3,15.0,15.07,26.15,49.88,0,0,0,0,0
2026-01-01T00:03:54Z,leak,NORMAL,8572.3,40.3,91.6,81.01,14.99,14.97,26.21,50.03,0,0,0,0,0
2026-01-01T00:03:55Z,leak,NORMAL,8567.0,40.13,91.48,80.48,14.98,15.05,26.22,49.98,0,0,0,0,0
2026-01-01T00:03:56Z,leak,NORMAL,8570.9,39.91,91.05,81.17,15.0,14.86,26.05,50.03,0,0,0,0,0
2026-01-01T00:03:57Z,leak,NORMAL,8563.3,40.05,90.67,80.65,15.0,15.17,26.19,49.99,0,0,0,0,0
2026-01-01T00:03:58Z,leak,NORMAL,8560.1,40.1,91.42,81.25,15.12,15.05,26.04,50.0,0,0,0,0,0
2026-01-01T00:03:59Z,leak,NORMAL,8579.5,40.14,90.6,80.91,15.04,15.13,26.27,50.03,0,0,0,0,0
2026-01-01T00:04:00Z,leak,NORMAL,8577.5,39.79,90.29,80.89,15.1,15.04,26.23,49.92,0,0,0,0,0
2026-01-01T00:04:01Z,leak,NORMAL,8558.3,40.22,90.81,80.28,15.09,15.03,26.48,50.06,0,0,0,0,0
2026-01-01T00:04:02Z,leak,NORMAL,8575.7,39.97,90.94,80.88,14.86,15.09,26.22,49.86,0,0,0,0,0
2026-01-01T00:04:03Z,leak,NORMAL,8565.2,39.83,91.31,80.9,15.15,14.84,26.09,50.05,0,0,0,0,0
2026-01-01T00:04:04Z,leak,NORMAL,8564.3,39.79,90.55,80.54,15.05,15.11,26.04,49.99,0,0,0,0,0
2026-01-01T00:04:05Z,leak,NORMAL,8570.2,40.02,91.22,80.98,14.94,14.89,26.02,49.98,0,0,0,0,0
2026-01-01T00:04:06Z,leak,NORMAL,8569.5,40.18,90.61,82.07,14.99,14.95,26.25,49.95,0,0,0,0,0
2026-01-01T00:04:07Z,leak,NORMAL,8570.8,39.59,91.13,80.94,15.02,15.02,26.09,49.96,0,0,0,0,0
2026-01-01T00:04:08Z,leak,NORMAL,8583.6,40.1,90.48,81.11,15.04,15.2,26.33,50.02,0,0,0,0,0
2026-01-01T00:04:09Z,leak,NORMAL,8562.7,40.36,90.72,80.46,14.88,14.91,26.19,50.04,0,0,0,0,0
2026-01-01T00:04:10Z,leak,NORMAL,8575.6,40.23,90.84,81.31,15.23,15.09,26.39,49.92,0,0,0,0,0
2026-01-01T00:04:11Z,leak,NORMAL,8558.3,39.85,89.42,80.92,15.14,14.95,26.25,49.96,0,0,0,0,0
2026-01-01T00:04:12Z,leak,NORMAL,8560.1,40.06,90.16,81.47,14.81,15.03,26.19,50.07,0,0,0,0,0
2026-01-01T00:04:13Z,leak,NORMAL,8571.9,39.58,89.53,80.38,14.95,14.98,26.25,50.03,0,0,0,0,0
2026-01-01T00:04:14Z,leak,NORMAL,8549.8,39.64,90.87,80.69,14.99,14.94,26.23,50.07,0,0,0,0,0
2026-01-01T00:04:15Z,leak,NORMAL,8546.5,39.75,91.05,81.65,14.98,14.87,26.05,50.01,0,0,0,0,0
2026-01-01T00:04:16Z,leak,NORMAL,8549.4,40.44,91.89,80.97,15.05,14.99,26.37,50.0,0,0,0,0,0
2026-01-01T00:04:17Z,leak,NORMAL,8561.8,40.27,91.03,81.92,14.84,14.94,26.17,50.04,0,0,0,0,0
2026-01-01T00:04:18Z,leak,NORMAL,8555.4,40.12,90.12,80.8,15.23,15.16,26.08,50.02,0,0,0,0,0
2026-01-01T00:04:19Z,leak,NORMAL,8567.8,39.9,90.15,81.18,15.01,15.06,26.26,50.12,0,0,0,0,0
2026-01-01T00:04:20Z,leak,NORMAL,8549.6,39.9,90.95,81.2,14.86,15.13,26.13,50.0,0,0,0,0,0
2026-01-01T00:04:21Z,leak,NORMAL,8554.9,39.86,91.25,79.66,14.93,14.91,26.37,50.08,0,0,0,0,0
2026-01-01T00:04:22Z,leak,NORMAL,8564.9,40.28,89.56,80.91,14.86,14.96,26.31,50.0,0,0,0,0,0
2026-01-01T00:04:23Z,leak,NORMAL,8570.1,39.6,90.25,80.08,14.84,15.1,26.31,50.08,0,0,0,0,0
2026-01-01T00:04:24Z,leak,NORMAL,8567.3,40.01,90.18,81.31,14.93,14.88,26.18,50.01,0,0,0,0,0
2026-01-01T00:04:25Z,leak,NORMAL,8567.3,40.01,91.26,80.85,14.96,15.27,26.49,50.01,0,0,0,0,0
2026-01-01T00:04:26Z,leak,NORMAL,8545.5,39.68,90.84,80.67,15.05,15.03,26.35,50.06,0,0,0,0,0
2026-01-01T00:04:27Z,leak,NORMAL,8556.1,39.86,90.25,81.09,14.89,15.07,26.39,50.0,0,0,0,0,0
2026-01-01T00:04:28Z,leak,NORMAL,8544.3,39.64,90.07,79.98,15.0,14.96,26.23,50.04,0,0,0,0,0
2026-01-01T00:04:29Z,leak,NORMAL,8552.6,40.01,90.9,81.3,14.84,15.07,26.14,49.96,0,0,0,0,0
2026-01-01T00:04:30Z,leak,NORMAL,8560.6,40.14,90.94,80.87,15.14,14.85,26.3,50.0,0,0,0,0,0
2026-01-01T00:04:31Z,leak,NORMAL,8569.9,40.21,91.12,80.39,15.22,15.05,26.23,50.12,0,0,0,0,0
2026-01-01T00:04:32Z,leak,NORMAL,8534.4,39.83,90.48,80.27,15.05,15.03,26.35,50.09,0,0,0,0,0
2026-01-01T00:04:33Z,leak,NORMAL,8531.5,40.27,90.17,81.49,15.19,15.23,26.32,49.94,0,0,0,0,0
2026-01-01T00:04:34Z,leak,NORMAL,8550.2,39.99,89.69,81.12,14.91,15.14,26.44,49.99,0,0,0,0,0
2026-01-01T00:04:35Z,leak,NORMAL,8546.4,39.95,90.34,82.29,14.91,15.01,26.45,49.98,0,0,0,0,0
2026-01-01T00:04:36Z,leak,NORMAL,8538.9,39.73,91.15,81.09,15.05,14.85,26.41,50.01,0,0,0,0,0
2026-01-01T00:04:37Z,leak,NORMAL,8540.9,39.72,90.52,80.29,15.01,15.01,26.33,50.04,0,0,0,0,0
2026-01-01T00:04:38Z,leak,NORMAL,8542.8,40.11,90.75,81.23,14.9,14.97,26.46,50.01,0,0,0,0,0
2026-01-01T00:04:39Z,leak,NORMAL,8553.8,40.15,90.31,81.15,14.97,15.1,26.56,50.05,0,0,0,0,0
2026-01-01T00:04:40Z,leak,NORMAL,8564.5,39.69,90.25,80.57,14.96,15.04,26.34,50.06,0,0,0,0,0
2026-01-01T00:04:41Z,leak,NORMAL,8550.6,40.08,90.01,80.97,15.07,15.04,26.38,50.07,0,0,0,0,0
2026-01-01T00:04:42Z,leak,NORMAL,8534.3,39.93,90.84,80.96,15.09,14.97,26.25,49.94,0,0,0,0,0
2026-01-01T00:04:43Z,leak,NORMAL,8534.6,40.16,90.89,79.78,15.05,14.99,26.29,50.11,0,0,0,0,0
2026-01-01T00:04:44Z,leak,NORMAL,8540.6,40.17,91.77,80.39,14.96,15.15,26.26,50.0,0,0,0,0,0
2026-01-01T00:04:45Z,leak,NORMAL,8537.5,40.19,90.68,80.21,15.1,15.08,26.3,49.97,0,0,0,0,0
2026-01-01T00:04:46Z,leak,NORMAL,8530.9,39.77,91.0,80.5,14.97,14.9,26.37,50.07,0,0,0,0,0
2026-01-01T00:04:47Z,leak,NORMAL,8542.7,39.68,89.96,80.97,14.95,14.94,26.32,49.93,0,0,0,0,0
2026-01-01T00:04:48Z,leak,NORMAL,8535.2,39.92,91.02,80.61,14.9,15.07,26.55,49.96,0,0,0,0,0
2026-01-01T00:04:49Z,leak,NORMAL,8516.3,39.9,89.76,81.46,14.86,14.97,26.57,50.04,0,0,0,0,0
2026-01-01T00:04:50Z,leak,NORMAL,8527.2,39.84,90.34,80.51,15.15,14.98,26.29,50.05,0,0,0,0,0
2026-01-01T00:04:51Z,leak,NORMAL,8541.8,39.95,90.81,80.65,14.88,14.99,26.31,49.97,0,0,0,0,0
2026-01-01T00:04:52Z,leak,NORMAL,8521.1,40.07,90.5,79.95,14.91,15.0,26.48,50.0,0,0,0,0,0
2026-01-01T00:04:53Z,leak,NORMAL,8507.5,40.26,91.29,81.4,15.05,15.07,26.37,50.01,0,0,0,0,0
2026-01-01T00:04:54Z,leak,NORMAL,8517.3,40.02,89.68,80.89,14.96,15.08,26.46,49.98,0,0,0,0,0
2026-01-01T00:04:55Z,leak,NORMAL,8536.1,39.77,90.25,80.32,15.07,14.99,26.47,50.03,0,0,0,0,0
2026-01-01T00:04:56Z,leak,NORMAL,8503.2,39.81,90.43,81.09,15.06,15.13,26.43,50.01,0,0,0,0,0
2026-01-01T00:04:57Z,leak,NORMAL,8520.7,39.91,89.95,80.3,14.98,14.93,26.46,49.91,0,0,0,0,0
2026-01-01T00:04:58Z,leak,NORMAL,8529.0,40.04,90.57,80.33,14.95,15.1,26.44,50.1,0,0,0,0,0
2026-01-01T00:04:59Z,leak,NORMAL,8509.7,39.95,89.78,80.16,14.92,14.95,26.54,49.94,0,0,0,0,0
2026-01-01T00:05:00Z,leak,NORMAL,8528.9,39.71,90.13,81.21,15.05,15.03,26.53,50.03,0,0,0,0,0
2026-01-01T00:05:01Z,leak,NORMAL,8528.1,40.28,89.8,80.5,15.06,15.07,26.53,50.07,0,0,0,0,0
2026-01-01T00:05:02Z,leak,NORMAL,8515.9,39.73,90.95,80.53,14.95,15.0,26.43,50.05,0,0,0,0,0
2026-01-01T00:05:03Z,leak,NORMAL,8528.8,40.06,90.57,80.54,15.1,14.76,26.36,50.0,0,0,0,0,0
2026-01-01T00:05:04Z,leak,NORMAL,8514.8,39.81,90.6,80.02,15.02,15.01,26.49,49.96,0,0,0,0,0
2026-01-01T00:05:05Z,leak,NORMAL,8516.0,40.25,90.55,80.98,14.99,14.83,26.44,49.99,0,0,0,0,0
2026-01-01T00:05:06Z,leak,NORMAL,8530.0,40.23,90.48,80.07,15.01,14.97,26.47,49.94,0,0,0,0,0
2026-01-01T00:05:07Z,leak,NORMAL,8520.6,39.99,90.66,79.75,14.89,15.36,26.41,50.01,0,0,0,0,0
2026-01-01T00:05:08Z,leak,NORMAL,8519.4,39.8,91.11,80.44,15.01,15.18,26.42,49.98,0,0,0,0,0
2026-01-01T00:05:09Z,leak,NORMAL,8510.6,39.73,90.38,80.7,15.02,15.07,26.59,50.02,0,0,0,0,0
2026-01-01T00:05:10Z,leak,NORMAL,8510.6,40.24,89.88,81.16,14.98,15.08,26.69,49.89,0,0,0,0,0
2026-01-01T00:05:11Z,leak,NORMAL,8510.1,39.92,91.07,80.25,15.27,14.85,26.55,49.98,0,0,0,0,0
2026-01-01T00:05:12Z,leak,NORMAL,8516.1,39.89,89.98,79.53,15.01,14.85,26.39,50.0,0,0,0,0,0
2026-01-01T00:05:13Z,leak,NORMAL,8508.9,40.21,89.52,80.64,15.03,14.97,26.44,50.0,0,0,0,0,0
2026-01-01T00:05:14Z,leak,NORMAL,8517.9,39.93,90.61,80.28,15.17,15.0,26.51,49.92,0,0,0,0,0
2026-01-01T00:05:15Z,leak,NORMAL,8493.8,40.08,90.06,80.55,14.93,14.98,26.47,50.01,0,0,0,0,0
2026-01-01T00:05:16Z,leak,NORMAL,8504.9,40.37,89.82,80.96,14.89,14.95,26.45,50.06,0,0,0,0,0
2026-01-01T00:05:17Z,leak,NORMAL,8510.5,40.03,90.28,79.85,15.14,15.14,26.54,50.0,0,0,0,0,0
2026-01-01T00:05:18Z,leak,NORMAL,8511.6,39.96,90.05,80.14,14.97,14.95,26.62,49.98,0,0,0,0,0
2026-01-01T00:05:19Z,leak,NORMAL,8499.8,39.87,89.39,81.15,15.05,15.09,26.5,50.07,0,0,0,0,0
2026-01-01T00:05:20Z,leak,NORMAL,8504.6,40.29,90.12,80.34,14.95,15.01,26.57,50.07,0,0,0,0,0
2026-01-01T00:05:21Z,leak,NORMAL,8517.5,40.02,90.73,79.0,14.95,15.02,26.64,50.02,0,0,0,0,0
2026-01-01T00:05:22Z,leak,NORMAL,8500.6,39.91,89.71,81.3,15.11,15.13,26.56,49.97,0,0,0,0,0
2026-01-01T00:05:23Z,leak,NORMAL,8505.7,40.0,90.03,80.32,14.94,14.91,26.54,49.93,0,0,0,0,0
2026-01-01T00:05:24Z,leak,NORMAL,8505.1,40.17,89.7,79.41,15.04,15.02,26.57,49.93,0,0,0,0,0
2026-01-01T00:05:25Z,leak,NORMAL,8479.0,40.34,89.97,80.57,14.99,15.04,26.44,49.98,0,0,0,0,0
2026-01-01T00:05:26Z,leak,NORMAL,8483.6,39.78,89.71,79.4,14.95,14.93,26.46,49.99,0,0,0,0,0
2026-01-01T00:05:27Z,leak,NORMAL,8496.0,39.83,91.06,80.66,15.11,14.97,26.67,50.04,0,0,0,0,0
2026-01-01T00:05:28Z,leak,NORMAL,8485.0,39.86,91.5,80.08,15.05,14.98,26.67,49.95,0,0,0,0,0
2026-01-01T00:05:29Z,leak,NORMAL,8484.1,40.23,90.13,79.04,15.0,14.98,26.66,50.02,0,0,0,0,0
2026-01-01T00:05:30Z,leak,NORMAL,8496.6,40.02,90.17,79.69,14.92,14.91,26.46,50.04,0,0,0,0,0
2026-01-01T00:05:31Z,leak,NORMAL,8503.0,40.12,89.71,79.99,14.96,15.11,26.65,50.09,0,0,0,0,0
2026-01-01T00:05:32Z,leak,NORMAL,8481.5,39.95,89.37,79.54,14.98,14.97,26.55,49.92,0,0,0,0,0
2026-01-01T00:05:33Z,leak,NORMAL,8492.2,39.94,90.45,80.51,14.87,15.04,26.54,50.08,0,0,0,0,0
2026-01-01T00:05:34Z,leak,NORMAL,8488.9,39.9,89.78,79.48,15.13,15.21,26.43,49.99,0,0,0,0,0
2026-01-01T00:05:35Z,leak,NORMAL,8487.1,39.88,90.58,80.84,14.98,15.21,26.61,49.99,0,0,0,0,0
2026-01-01T00:05:36Z,leak,NORMAL,8490.0,39.85,90.69,80.52,14.96,14.98,26.52,50.01,0,0,0,0,0
2026-01-01T00:05:37Z,leak,NORMAL,8473.3,40.0,89.69,80.48,15.1,15.08,26.61,49.96,0,0,0,0,0
2026-01-01T00:05:38Z,leak,NORMAL,8482.3,40.0,90.18,79.9,14.9,15.02,26.76,50.09,0,0,0,0,0
2026-01-01T00:05:39Z,leak,NORMAL,8492.2,39.8,90.63,79.76,14.92,15.04,26.49,50.04,0,0,0,0,0
2026-01-01T00:05:40Z,leak,NORMAL,8482.7,40.08,89.51,80.59,15.05,14.96,26.72,49.87,0,0,0,0,0
2026-01-01T00:05:41Z,leak,NORMAL,8485.9,39.98,89.51,80.25,15.05,14.93,26.62,50.0,0,0,0,0,0
2026-01-01T00:05:42Z,leak,NORMAL,8485.3,40.25,89.66,80.81,14.87,15.03,26.47,50.0,0,0,0,0,0
2026-01-01T00:05:43Z,leak,NORMAL,8487.6,40.4,89.91,79.76,15.1,15.0,26.65,50.05,0,0,0,0,0
2026-01-01T00:05:44Z,leak,NORMAL,8490.3,39.65,89.9,80.12,14.89,14.84,26.64,49.98,0,0,0,0,0
2026-01-01T00:05:45Z,leak,NORMAL,8471.2,39.97,89.69,80.13,15.16,15.0,26.84,50.06,0,0,0,0,0
2026-01-01T00:05:46Z,leak,NORMAL,8487.1,39.85,89.71,79.65,15.04,14.99,26.7,50.02,0,0,0,0,0
2026-01-01T00:05:47Z,leak,NORMAL,8478.1,39.93,89.36,79.88,15.07,14.98,26.65,50.04,0,0,0,0,0
2026-01-01T00:05:48Z,leak,NORMAL,8480.4,39.71,89.79,79.65,14.99,15.04,26.71,50.08,0,0,0,0,0
2026-01-01T00:05:49Z,leak,NORMAL,8469.5,39.94,90.11,80.56,14.9,15.07,26.73,49.99,0,0,0,0,0
2026-01-01T00:05:50Z,leak,NORMAL,8470.8,40.15,90.03,80.27,14.93,14.83,26.66,49.99,0,0,0,0,0
2026-01-01T00:05:51Z,leak,NORMAL,8477.2,39.85,90.12,80.26,14.93,15.09,26.64,49.97,0,0,0,0,0
2026-01-01T00:05:52Z,leak,NORMAL,8474.2,40.0,89.34,80.36,15.0,14.92,26.5,50.02,0,0,0,0,0
2026-01-01T00:05:53Z,leak,NORMAL,8471.7,40.02,90.47,78.79,15.13,15.14,26.58,50.05,0,0,0,0,0
2026-01-01T00:05:54Z,leak,NORMAL,8461.6,39.79,89.72,80.94,15.04,15.0,26.77,49.97,0,0,0,0,0
2026-01-01T00:05:55Z,leak,NORMAL,8483.8,40.31,89.98,79.62,15.11,15.03,26.75,50.06,0,0,0,0,0
2026-01-01T00:05:56Z,leak,NORMAL,8472.2,39.82,90.5,80.15,15.03,15.06,26.72,50.04,0,0,0,0,0
2026-01-01T00:05:57Z,leak,NORMAL,8468.9,39.96,89.47,79.74,14.97,15.1,26.66,49.99,0,0,0,0,0
2026-01-01T00:05:58Z,leak,NORMAL,8465.0,40.11,90.06,80.97,14.86,14.98,26.75,49.92,0,0,0,0,0
2026-01-01T00:05:59Z,leak,NORMAL,8482.5,39.98,89.32,80.46,14.78,15.02,26.6,50.0,0,0,0,0,0
2026-01-01T00:06:00Z,leak,NORMAL,8467.9,40.16,89.92,81.01,15.01,14.97,26.82,50.0,0,0,0,0,0
2026-01-01T00:06:01Z,leak,NORMAL,8467.4,39.21,89.93,79.92,14.96,14.93,26.79,49.9,0,0,0,0,0
2026-01-01T00:06:02Z,leak,NORMAL,8493.8,40.23,89.88,80.9,15.03,14.91,26.81,49.92,0,0,0,0,0
2026-01-01T00:06:03Z,leak,NORMAL,8467.4,40.24,89.95,79.21,15.02,14.99,26.64,49.88,0,0,0,0,0
2026-01-01T00:06:04Z,leak,NORMAL,8448.6,39.9,90.23,81.3,15.09,14.92,26.67,50.05,0,0,0,0,0
2026-01-01T00:06:05Z,leak,NORMAL,8465.7,40.08,89.78,80.51,15.22,15.0,26.73,50.03,0,0,0,0,0
2026-01-01T00:06:06Z,leak,NORMAL,8454.0,39.56,89.9,79.54,15.13,15.02,26.87,49.96,0,0,0,0,0
2026-01-01T00:06:07Z,leak,NORMAL,8469.0,39.67,90.11,79.78,15.09,14.96,26.79,50.03,0,0,0,0,0
2026-01-01T00:06:08Z,leak,NORMAL,8460.6,40.09,90.47,79.6,15.14,14.96,26.85,50.12,0,0,0,0,0
2026-01-01T00:06:09Z,leak,NORMAL,8447.9,39.57,89.7,79.53,14.95,14.97,26.68,50.07,0,0,0,0,0
2026-01-01T00:06:10Z,leak,NORMAL,8466.3,40.23,90.77,79.48,14.75,15.2,26.76,50.0,0,0,0,0,0
2026-01-01T00:06:11Z,leak,NORMAL,8436.1,39.73,89.95,79.78,14.78,14.91,26.84,50.06,0,0,0,0,0
2026-01-01T00:06:12Z,leak,NORMAL,8455.4,40.57,90.11,80.75,15.13,15.08,26.6,49.92,0,0,0,0,0
2026-01-01T00:06:13Z,leak,NORMAL,8445.0,40.05,89.58,80.02,15.0,15.05,26.84,50.0,0,0,0,0,0
2026-01-01T00:06:14Z,leak,NORMAL,8448.6,39.48,90.01,79.44,14.91,15.09,26.84,50.03,0,0,0,0,0
2026-01-01T00:06:15Z,leak,NORMAL,8460.2,39.78,89.45,79.54,15.17,15.09,26.72,50.04,0,0,0,0,0
2026-01-01T00:06:16Z,leak,NORMAL,8453.5,39.98,89.79,80.23,14.99,14.87,26.79,49.99,0,0,0,0,0
2026-01-01T00:06:17Z,leak,NORMAL,8437.5,39.85,89.42,79.81,15.06,14.98,26.8,49.98,0,0,0,0,0
2026-01-01T00:06:18Z,leak,NORMAL,8453.5,40.08,89.82,80.5,14.97,14.84,26.75,50.04,0,0,0,0,0
2026-01-01T00:06:19Z,leak,NORMAL,8447.5,40.06,88.66,79.36,15.05,15.08,26.69,50.02,0,0,0,0,0
2026-01-01T00:06:20Z,leak,NORMAL,8439.3,39.77,89.55,79.87,15.04,15.07,26.93,50.05,0,0,0,0,0
2026-01-01T00:06:21Z,leak,NORMAL,8441.9,40.19,88.77,79.8,15.11,15.07,26.85,50.1,0,0,0,0,0
2026-01-01T00:06:22Z,leak,NORMAL,8437.3,40.16,89.45,80.3,15.01,15.08,26.92,50.03,0,0,0,0,0
2026-01-01T00:06:23Z,leak,NORMAL,8441.8,39.93,89.14,80.25,15.13,14.98,26.59,49.97,0,0,0,0,0
2026-01-01T00:06:24Z,leak,NORMAL,8447.4,39.81,88.5,79.5,14.8,15.03,26.73,50.0,0,0,0,0,0
2026-01-01T00:06:25Z,leak,NORMAL,8455.2,39.82,88.4,79.7,15.05,14.86,26.74,49.98,0,0,0,0,0
2026-01-01T00:06:26Z,leak,NORMAL,8441.7,39.88,90.79,79.57,15.02,14.95,26.52,50.07,0,0,0,0,0
2026-01-01T00:06:27Z,leak,NORMAL,8409.1,40.27,88.79,79.02,14.99,15.22,26.82,49.99,0,0,0,0,0
2026-01-01T00:06:28Z,leak,NORMAL,8432.2,40.13,89.26,80.04,14.8,15.05,26.82,49.93,0,0,0,0,0
2026-01-01T00:06:29Z,leak,NORMAL,8428.7,39.97,89.19,79.82,14.86,14.91,27.0,49.96,0,0,0,0,0
2026-01-01T00:06:30Z,leak,NORMAL,8434.0,39.96,89.29,80.27,14.94,15.09,26.71,50.04,0,0,0,0,0
2026-01-01T00:06:31Z,leak,NORMAL,8435.4,39.97,89.37,79.93,14.88,14.9,27.0,50.03,0,0,0,0,0
2026-01-01T00:06:32Z,leak,NORMAL,8433.1,40.13,89.38,78.52,15.02,14.99,26.83,49.96,0,0,0,0,0
2026-01-01T00:06:33Z,leak,NORMAL,8433.8,40.23,89.32,79.42,15.04,14.96,26.91,49.99,0,0,0,0,0
2026-01-01T00:06:34Z,leak,NORMAL,8438.8,39.86,88.77,79.99,15.03,15.06,26.88,49.93,0,0,0,0,0
2026-01-01T00:06:35Z,leak,NORMAL,8435.7,39.6,89.64,79.08,15.05,15.07,26.75,50.0,0,0,0,0,0
2026-01-01T00:06:36Z,leak,NORMAL,8445.9,39.67,89.7,79.67,15.09,14.83,26.81,50.06,0,0,0,0,0
2026-01-01T00:06:37Z,leak,NORMAL,8446.6,39.85,89.23,80.52,14.86,15.0,26.83,50.01,0,0,0,0,0
2026-01-01T00:06:38Z,leak,NORMAL,8422.9,40.19,89.8,80.5,14.92,14.95,26.92,50.09,0,0,0,0,0
2026-01-01T00:06:39Z,leak,NORMAL,8431.4,39.69,89.24,80.06,15.07,15.11,27.01,49.98,0,0,0,0,0
2026-01-01T00:06:40Z,leak,NORMAL,8421.7,39.76,89.28,80.08,15.17,15.02,26.82,49.99,0,0,0,0,0
2026-01-01T00:06:41Z,leak,NORMAL,8442.3,39.85,89.28,79.52,15.0,15.18,26.73,50.12,0,0,0,0,0
2026-01-01T00:06:42Z,leak,NORMAL,8422.8,39.84,88.99,79.88,15.0,15.11,26.74,49.92,0,0,0,0,0
2026-01-01T00:06:43Z,leak,NORMAL,8425.0,40.06,88.58,79.49,15.05,14.92,26.74,49.95,0,0,0,0,0
2026-01-01T00:06:44Z,leak,NORMAL,8426.6,40.09,90.68,80.12,14.87,14.85,26.82,50.08,0,0,0,0,0
2026-01-01T00:06:45Z,leak,NORMAL,8433.9,39.89,89.8,80.21,15.15,14.89,26.87,49.94,0,0,0,0,0
2026-01-01T00:06:46Z,leak,NORMAL,8418.6,39.74,89.16,78.8,15.08,15.0,26.75,50.02,0,0,0,0,0
2026-01-01T00:06:47Z,leak,NORMAL,8441.3,40.07,88.99,79.37,14.99,14.93,26.66,49.98,0,0,0,0,0
2026-01-01T00:06:48Z,leak,NORMAL,8437.7,39.83,88.31,79.45,15.11,14.83,26.86,50.02,0,0,0,0,0
2026-01-01T00:06:49Z,leak,NORMAL,8430.0,40.11,89.57,78.7,15.06,15.14,26.82,50.02,0,0,0,0,0
2026-01-01T00:06:50Z,leak,NORMAL,8413.8,40.26,88.95,80.31,14.96,15.07,26.79,50.09,0,0,0,0,0
2026-01-01T00:06:51Z,leak,NORMAL,8403.6,40.07,88.22,78.87,15.19,15.09,26.64,50.0,0,0,0,0,0
2026-01-01T00:06:52Z,leak,NORMAL,8416.5,40.11,90.17,79.79,15.04,15.05,26.74,50.04,0,0,0,0,0
2026-01-01T00:06:53Z,leak,NORMAL,8431.3,39.88,88.92,80.18,15.02,14.89,26.81,49.98,0,0,0,0,0
2026-01-01T00:06:54Z,leak,NORMAL,8420.8,39.99,89.11,80.28,15.08,15.15,26.68,50.01,0,0,0,0,0
2026-01-01T00:06:55Z,leak,NORMAL,8432.6,40.15,88.89,79.06,15.1,14.98,26.92,50.01,0,0,0,0,0
2026-01-01T00:06:56Z,leak,NORMAL,8419.1,40.02,88.8,80.28,15.05,15.14,26.8,49.97,0,0,0,0,0
2026-01-01T00:06:57Z,leak,NORMAL,8416.5,39.83,89.55,79.78,14.95,14.97,26.9,49.96,0,0,0,0,0
2026-01-01T00:06:58Z,leak,NORMAL,8415.0,40.31,88.83,79.15,15.25,14.79,26.74,50.09,0,0,0,0,0
2026-01-01T00:06:59Z,leak,NORMAL,8414.4,40.1,90.26,79.05,14.94,15.04,26.86,49.97,0,0,0,0,0
2026-01-01T00:07:00Z,leak,NORMAL,8416.6,39.73,89.42,79.81,14.98,14.98,26.92,49.97,0,0,0,0,0
2026-01-01T00:07:01Z,leak,NORMAL,8414.3,39.99,89.92,79.36,14.99,14.98,26.83,49.95,0,0,0,0,0
2026-01-01T00:07:02Z,leak,NORMAL,8407.7,40.17,88.89,79.43,14.95,14.87,26.82,50.07,0,0,0,0,0
2026-01-01T00:07:03Z,leak,NORMAL,8412.2,39.86,88.96,79.2,15.02,14.96,26.86,49.98,0,0,0,0,0
2026-01-01T00:07:04Z,leak,NORMAL,8419.3,40.06,89.27,79.68,14.99,15.12,26.92,50.07,0,0,0,0,0
2026-01-01T00:07:05Z,leak,NORMAL,8414.4,40.05,88.82,79.36,15.08,14.96,27.02,50.0,0,0,0,0,0
2026-01-01T00:07:06Z,leak,NORMAL,8430.6,39.79,89.01,79.1,15.1,15.06,26.87,49.98,0,0,0,0,0
2026-01-01T00:07:07Z,leak,NORMAL,8413.9,40.14,89.56,79.31,14.96,15.01,26.89,50.01,0,0,0,0,0
2026-01-01T00:07:08Z,leak,NORMAL,8409.2,40.35,88.83,80.09,15.14,15.09,27.07,50.03,0,0,0,0,0
2026-01-01T00:07:09Z,leak,NORMAL,8410.1,39.9,88.8,79.74,14.85,14.86,27.04,50.05,0,0,0,0,0
2026-01-01T00:07:10Z,leak,NORMAL,8416.9,40.18,89.52,79.22,14.85,15.13,26.93,49.93,0,0,0,0,0
2026-01-01T00:07:11Z,leak,NORMAL,8413.7,39.91,89.07,79.15,15.06,14.98,26.77,50.03,0,0,0,0,0
2026-01-01T00:07:12Z,leak,NORMAL,8416.7,39.71,89.32,79.75,14.98,15.02,26.81,49.91,0,0,0,0,0
2026-01-01T00:07:13Z,leak,NORMAL,8416.6,39.98,89.33,79.18,14.97,15.02,26.89,50.04,0,0,0,0,0
2026-01-01T00:07:14Z,leak,NORMAL,8406.6,39.71,89.18,78.64,14.75,14.89,26.85,49.96,0,0,0,0,0
2026-01-01T00:07:15Z,leak,NORMAL,8395.1,39.96,89.71,79.7,15.0,15.09,26.85,49.96,0,0,0,0,0
2026-01-01T00:07:16Z,leak,NORMAL,8416.8,39.78,89.26,79.26,14.96,14.95,27.01,49.92,0,0,0,0,0
2026-01-01T00:07:17Z,leak,NORMAL,8412.3,39.94,88.72,79.29,15.03,14.99,26.92,50.07,0,0,0,0,0
2026-01-01T00:07:18Z,leak,NORMAL,8403.2,40.08,88.22,79.49,14.81,15.06,26.85,50.01,0,0,0,0,0
2026-01-01T00:07:19Z,leak,NORMAL,8394.2,40.0,89.49,79.56,15.0,15.0,27.02,50.04,0,0,0,0,0
2026-01-01T00:07:20Z,leak,NORMAL,8402.1,39.88,88.74,79.23,14.88,14.78,26.88,50.01,0,0,0,0,0
2026-01-01T00:07:21Z,leak,NORMAL,8409.9,40.22,88.42,78.98,14.86,15.02,26.9,49.98,0,0,0,0,0
2026-01-01T00:07:22Z,leak,NORMAL,8408.0,39.86,88.55,80.02,15.08,14.98,26.75,49.99,0,0,0,0,0
2026-01-01T00:07:23Z,leak,NORMAL,8413.0,40.03,89.57,79.84,14.99,14.95,26.86,49.98,0,0,0,0,0
2026-01-01T00:07:24Z,leak,NORMAL,8415.9,39.92,88.22,79.45,14.99,14.95,26.71,50.06,0,0,0,0,0
2026-01-01T00:07:25Z,leak,NORMAL,8413.5,39.77,89.13,78.67,14.86,14.79,26.99,50.04,0,0,0,0,0
2026-01-01T00:07:26Z,leak,NORMAL,8403.1,39.99,89.92,78.83,14.88,15.01,26.97,49.99,0,0,0,0,0
2026-01-01T00:07:27Z,leak,NORMAL,8391.6,39.85,89.39,79.56,14.83,14.88,26.82,50.0,0,0,0,0,0
2026-01-01T00:07:28Z,leak,NORMAL,8427.6,39.94,89.07,78.79,15.26,14.94,26.87,50.01,0,0,0,0,0
2026-01-01T00:07:29Z,leak,NORMAL,8392.0,40.16,89.03,78.77,14.94,14.81,26.86,49.89,0,0,0,0,0
2026-01-01T00:07:30Z,leak,NORMAL,8400.5,39.9,88.74,78.89,14.92,15.12,27.06,49.99,0,0,0,0,0
2026-01-01T00:07:31Z,leak,NORMAL,8416.1,39.94,88.87,78.76,15.07,15.06,26.79,50.01,0,0,0,0,0
2026-01-01T00:07:32Z,leak,NORMAL,8399.2,39.82,89.01,78.21,14.96,15.19,26.97,49.94,0,0,0,0,0
2026-01-01T00:07:33Z,leak,NORMAL,8409.6,40.02,88.86,78.87,15.0,14.94,26.91,50.04,0,0,0,0,0
2026-01-01T00:07:34Z,leak,NORMAL,8412.0,39.74,88.78,79.96,15.18,15.04,27.09,50.06,0,0,0,0,0
2026-01-01T00:07:35Z,leak,NORMAL,8402.3,39.6,88.98,78.51,15.01,15.17,26.95,49.96,0,0,0,0,0
2026-01-01T00:07:36Z,leak,NORMAL,8391.7,39.61,88.05,79.96,15.09,14.99,26.91,50.0,0,0,0,0,0
2026-01-01T00:07:37Z,leak,NORMAL,8403.0,40.28,89.2,78.15,15.11,14.81,26.89,49.93,0,0,0,0,0
2026-01-01T00:07:38Z,leak,NORMAL,8403.3,39.75,88.31,78.61,15.08,14.98,27.0,50.07,0,0,0,0,0
2026-01-01T00:07:39Z,leak,NORMAL,8405.1,40.11,88.51,79.09,14.89,15.06,27.02,50.05,0,0,0,0,0
2026-01-01T00:07:40Z,leak,NORMAL,8402.2,40.18,88.92,78.84,15.05,15.07,27.15,50.04,0,0,0,0,0
2026-01-01T00:07:41Z,leak,NORMAL,8391.3,39.8,88.34,79.16,14.89,15.14,26.91,50.03,0,0,0,0,0
2026-01-01T00:07:42Z,leak,NORMAL,8403.6,40.07,88.47,79.1,14.96,14.99,26.95,50.03,0,0,0,0,0
2026-01-01T00:07:43Z,leak,NORMAL,8397.3,40.16,89.15,79.93,14.67,14.94,27.06,49.87,0,0,0,0,0
2026-01-01T00:07:44Z,leak,NORMAL,8416.6,40.02,87.96,79.47,14.89,14.91,27.09,49.98,0,0,0,0,0
2026-01-01T00:07:45Z,leak,NORMAL,8392.0,40.4,89.45,78.93,14.92,14.98,27.1,49.95,0,0,0,0,0
2026-01-01T00:07:46Z,leak,NORMAL,8388.7,40.25,88.84,79.14,15.05,14.96,26.7,49.99,0,0,0,0,0
2026-01-01T00:07:47Z,leak,NORMAL,8413.7,40.43,88.92,79.08,15.14,15.06,26.97,49.9,0,0,0,0,0
2026-01-01T00:07:48Z,leak,NORMAL,8397.0,40.04,88.22,78.9,15.17,14.97,26.8,49.91,0,0,0,0,0
2026-01-01T00:07:49Z,leak,NORMAL,8401.0,39.88,88.54,79.19,15.03,15.02,26.98,49.94,0,0,0,0,0
2026-01-01T00:07:50Z,leak,NORMAL,8394.6,39.93,88.94,79.57,14.93,14.92,27.09,50.01,0,0,0,0,0
2026-01-01T00:07:51Z,leak,NORMAL,8386.9,39.94,88.35,78.5,14.87,14.92,27.15,50.05,0,0,0,0,0
2026-01-01T00:07:52Z,leak,NORMAL,8414.6,40.22,88.9,79.27,15.01,14.89,26.83,50.05,0,0,0,0,0
2026-01-01T00:07:53Z,leak,NORMAL,8388.5,40.04,89.29,79.44,15.04,14.88,27.0,49.99,0,0,0,0,0
2026-01-01T00:07:54Z,leak,NORMAL,8390.9,39.6,89.19,78.28,14.83,15.17,26.83,49.98,0,0,0,0,0
2026-01-01T00:07:55Z,leak,NORMAL,8401.3,40.01,88.45,78.7,15.08,14.97,26.95,49.89,0,0,0,0,0
2026-01-01T00:07:56Z,leak,NORMAL,8394.8,40.17,88.6,78.58,15.04,15.06,26.99,49.97,0,0,0,0,0
2026-01-01T00:07:57Z,leak,NORMAL,8408.0,40.33,89.54,78.27,15.29,14.87,26.83,50.02,0,0,0,0,0
2026-01-01T00:07:58Z,leak,NORMAL,8399.5,40.07,89.61,79.51,14.91,15.01,27.06,50.05,0,0,0,0,0
2026-01-01T00:07:59Z,leak,NORMAL,8411.7,40.16,89.31,78.78,14.87,15.04,26.91,50.06,0,0,0,0,0
2026-01-01T00:08:00Z,leak,NORMAL,8391.7,39.92,88.74,79.52,15.08,15.0,26.99,50.08,0,0,0,0,0
2026-01-01T00:08:01Z,leak,NORMAL,8382.8,40.15,89.49,79.64,15.08,14.92,26.9,50.03,0,0,0,0,0
2026-01-01T00:08:02Z,leak,NORMAL,8394.6,39.96,88.2,78.44,15.03,14.96,26.88,49.99,0,0,0,0,0
2026-01-01T00:08:03Z,leak,NORMAL,8403.5,39.95,89.04,79.07,14.97,15.0,26.87,49.97,0,0,0,0,0
2026-01-01T00:08:04Z,leak,NORMAL,8382.1,39.77,88.36,78.83,15.11,15.0,26.97,49.95,0,0,0,0,0
2026-01-01T00:08:05Z,leak,NORMAL,8403.4,40.34,88.91,78.61,14.88,15.03,26.87,50.04,0,0,0,0,0
2026-01-01T00:08:06Z,leak,NORMAL,8390.5,39.67,89.19,78.37,15.06,15.1,26.9,50.01,0,0,0,0,0
2026-01-01T00:08:07Z,leak,NORMAL,8414.6,39.91,89.75,78.85,14.91,15.01,26.98,50.06,0,0,0,0,0
2026-01-01T00:08:08Z,leak,NORMAL,8409.6,40.07,89.28,79.1,15.08,14.95,26.85,50.01,0,0,0,0,0
2026-01-01T00:08:09Z,leak,NORMAL,8427.7,40.16,88.6,79.71,14.81,14.97,27.0,49.97,0,0,0,0,0
2026-01-01T00:08:10Z,leak,NORMAL,8395.0,39.97,88.68,78.62,14.89,14.84,26.87,49.99,0,0,0,0,0
2026-01-01T00:08:11Z,leak,NORMAL,8411.1,39.87,88.34,79.81,14.89,15.01,26.87,49.96,0,0,0,0,0
2026-01-01T00:08:12Z,leak,NORMAL,8405.0,40.09,89.59,79.34,15.02,15.06,26.86,50.06,0,0,0,0,0
2026-01-01T00:08:13Z,leak,NORMAL,8406.6,40.1,89.25,78.26,14.89,15.01,26.98,50.03,0,0,0,0,0
2026-01-01T00:08:14Z,leak,NORMAL,8402.5,39.96,89.58,79.18,15.07,15.12,27.09,50.02,0,0,0,0,0
2026-01-01T00:08:15Z,leak,NORMAL,8408.8,40.05,89.49,80.14,14.9,14.92,27.12,50.01,0,0,0,0,0
2026-01-01T00:08:16Z,leak,NORMAL,8397.4,39.86,89.42,79.28,15.2,14.99,27.06,50.08,0,0,0,0,0
2026-01-01T00:08:17Z,leak,NORMAL,8387.5,39.79,89.09,78.71,14.96,14.93,26.95,49.95,0,0,0,0,0
2026-01-01T00:08:18Z,leak,NORMAL,8389.2,40.08,89.02,79.48,15.05,15.04,27.04,49.95,0,0,0,0,0
2026-01-01T00:08:19Z,leak,NORMAL,8397.2,40.05,89.42,79.32,14.98,14.98,26.99,49.94,0,0,0,0,0
2026-01-01T00:08:20Z,leak,NORMAL,8410.9,40.15,89.42,79.49,15.1,14.81,26.99,49.93,0,0,0,0,0
2026-01-01T00:08:21Z,leak,NORMAL,8393.1,39.97,89.55,79.15,15.02,15.18,26.99,49.95,0,0,0,0,0
2026-01-01T00:08:22Z,leak,NORMAL,8388.9,39.83,89.02,78.22,15.04,15.03,26.9,50.01,0,0,0,0,0
2026-01-01T00:08:23Z,leak,NORMAL,8408.2,39.87,89.33,78.63,15.06,15.15,27.0,49.94,0,0,0,0,0
2026-01-01T00:08:24Z,leak,NORMAL,8404.1,40.02,88.53,78.36,14.96,15.09,27.05,50.06,0,0,0,0,0
2026-01-01T00:08:25Z,leak,NORMAL,8403.0,40.39,88.54,79.21,14.98,15.15,26.97,49.95,0,0,0,0,0
2026-01-01T00:08:26Z,leak,NORMAL,8406.2,39.78,88.53,79.45,15.0,15.09,26.88,50.06,0,0,0,0,0
2026-01-01T00:08:27Z,leak,NORMAL,8402.2,39.61,88.52,78.28,14.85,15.05,27.01,50.03,0,0,0,0,0
2026-01-01T00:08:28Z,leak,NORMAL,8396.9,40.11,88.24,78.74,14.98,14.94,26.98,50.0,0,0,0,0,0
2026-01-01T00:08:29Z,leak,NORMAL,8409.3,40.06,89.45,78.74,15.07,15.03,27.0,50.01,0,0,0,0,0
2026-01-01T00:08:30Z,leak,NORMAL,8383.3,40.38,88.52,78.58,14.97,14.87,27.15,49.97,0,0,0,0,0
2026-01-01T00:08:31Z,leak,NORMAL,8398.3,39.83,89.19,79.68,15.03,14.92,27.1,50.01,0,0,0,0,0
2026-01-01T00:08:32Z,leak,NORMAL,8398.2,39.99,89.04,79.1,15.0,15.0,27.16,50.14,0,0,0,0,0
2026-01-01T00:08:33Z,leak,NORMAL,8407.5,39.82,88.46,79.39,14.84,14.98,27.01,50.01,0,0,0,0,0
2026-01-01T00:08:34Z,leak,NORMAL,8402.0,40.37,89.38,78.75,15.08,14.98,26.92,49.98,0,0,0,0,0
2026-01-01T00:08:35Z,leak,NORMAL,8418.2,39.89,88.95,79.49,15.03,15.02,26.91,50.12,0,0,0,0,0
2026-01-01T00:08:36Z,leak,NORMAL,8414.9,39.53,89.64,78.34,14.86,14.93,27.1,49.99,0,0,0,0,0
2026-01-01T00:08:37Z,leak,NORMAL,8409.2,39.67,89.53,78.85,14.87,15.03,27.02,50.0,0,0,0,0,0
2026-01-01T00:08:38Z,leak,NORMAL,8420.4,40.12,89.75,78.95,15.01,15.09,27.09,49.98,0,0,0,0,0
2026-01-01T00:08:39Z,leak,NORMAL,8426.7,40.02,89.0,79.2,14.91,14.84,27.18,50.05,0,0,0,0,0
2026-01-01T00:08:40Z,leak,NORMAL,8399.0,40.03,89.31,78.74,15.14,14.95,27.07,49.97,0,0,0,0,0
2026-01-01T00:08:41Z,leak,NORMAL,8413.7,40.31,89.24,78.74,15.02,15.07,26.93,49.98,0,0,0,0,0
2026-01-01T00:08:42Z,leak,NORMAL,8426.6,40.28,88.67,78.33,14.87,14.89,26.94,50.0,0,0,0,0,0
2026-01-01T00:08:43Z,leak,NORMAL,8395.6,40.03,87.56,79.06,15.16,14.88,26.69,50.01,0,0,0,0,0
2026-01-01T00:08:44Z,leak,NORMAL,8416.8,39.92,89.13,79.63,15.17,15.06,26.85,50.01,0,0,0,0,0
2026-01-01T00:08:45Z,leak,NORMAL,8400.3,40.0,88.9,78.7,15.15,14.98,26.82,50.02,0,0,0,0,0
2026-01-01T00:08:46Z,leak,NORMAL,8417.6,40.01,88.63,78.77,14.94,14.95,26.9,49.99,0,0,0,0,0
2026-01-01T00:08:47Z,leak,NORMAL,8397.6,40.05,88.63,79.43,15.04,15.15,26.84,50.07,0,0,0,0,0
2026-01-01T00:08:48Z,leak,NORMAL,8410.4,40.12,89.47,79.47,15.01,15.05,26.96,50.04,0,0,0,0,0
2026-01-01T00:08:49Z,leak,NORMAL,8403.1,40.08,89.8,80.0,15.11,15.15,27.02,50.05,0,0,0,0,0
2026-01-01T00:08:50Z,leak,NORMAL,8432.0,39.99,88.24,78.91,15.02,14.92,26.85,49.98,0,0,0,0,0
2026-01-01T00:08:51Z,leak,NORMAL,8400.7,40.18,89.89,79.33,14.86,15.02,26.89,50.01,0,0,0,0,0
2026-01-01T00:08:52Z,leak,NORMAL,8405.3,40.2,89.4,78.84,15.05,15.01,27.14,49.9,0,0,0,0,0
2026-01-01T00:08:53Z,leak,NORMAL,8418.1,40.25,88.87,78.75,15.02,14.91,26.92,49.95,0,0,0,0,0
2026-01-01T00:08:54Z,leak,NORMAL,8412.7,39.58,88.75,79.28,14.96,14.96,27.06,50.08,0,0,0,0,0
2026-01-01T00:08:55Z,leak,NORMAL,8407.6,40.24,88.18,78.58,15.05,15.03,26.98,50.04,0,0,0,0,0
2026-01-01T00:08:56Z,leak,NORMAL,8413.5,40.15,88.82,78.69,14.81,15.07,26.88,50.05,0,0,0,0,0
2026-01-01T00:08:57Z,leak,NORMAL,8426.2,39.96,89.11,79.11,14.98,14.85,27.11,49.97,0,0,0,0,0
2026-01-01T00:08:58Z,leak,NORMAL,8421.9,40.06,89.22,79.12,15.09,14.91,27.07,50.01,0,0,0,0,0
2026-01-01T00:08:59Z,leak,NORMAL,8417.6,39.92,89.06,79.3,14.88,14.83,26.94,50.04,0,0,0,0,0
2026-01-01T00:09:00Z,leak,NORMAL,8414.7,40.27,89.73,79.72,15.15,15.03,27.03,49.97,0,0,0,0,0
2026-01-01T00:09:01Z,leak,NORMAL,8391.4,40.08,88.7,78.92,14.75,15.09,26.95,49.97,0,0,0,0,0
2026-01-01T00:09:02Z,leak,NORMAL,8407.3,39.84,88.67,78.54,14.86,14.98,26.93,50.04,0,0,0,0,0
2026-01-01T00:09:03Z,leak,NORMAL,8401.9,39.91,88.65,79.19,14.99,15.08,27.15,50.0,0,0,0,0,0
2026-01-01T00:09:04Z,leak,NORMAL,8425.3,39.85,89.04,79.04,15.21,14.89,26.95,50.0,0,0,0,0,0
2026-01-01T00:09:05Z,leak,NORMAL,8413.1,40.07,89.12,79.09,14.93,15.07,26.87,49.98,0,0,0,0,0
2026-01-01T00:09:06Z,leak,NORMAL,8429.7,40.28,88.74,79.34,14.99,15.1,26.98,50.08,0,0,0,0,0
2026-01-01T00:09:07Z,leak,NORMAL,8437.2,39.81,88.96,78.66,14.99,14.82,26.8,50.05,0,0,0,0,0
2026-01-01T00:09:08Z,leak,NORMAL,8425.9,40.15,88.67,78.51,14.98,15.14,26.97,50.01,0,0,0,0,0
2026-01-01T00:09:09Z,leak,NORMAL,8434.9,40.08,89.22,79.26,14.98,15.16,26.95,49.96,0,0,0,0,0
2026-01-01T00:09:10Z,leak,NORMAL,8430.5,40.19,88.9,79.41,15.11,14.66,26.79,50.02,0,0,0,0,0
2026-01-01T00:09:11Z,leak,NORMAL,8415.1,40.34,89.31,79.0,15.01,14.96,26.9,50.01,0,0,0,0,0
2026-01-01T00:09:12Z,leak,NORMAL,8435.0,39.69,89.27,78.83,15.01,14.92,26.98,49.95,0,0,0,0,0
2026-01-01T00:09:13Z,leak,NORMAL,8425.5,39.95,88.32,79.27,14.72,14.96,26.81,50.01,0,0,0,0,0
2026-01-01T00:09:14Z,leak,NORMAL,8423.0,40.16,89.06,78.96,15.11,14.95,26.96,50.07,0,0,0,0,0
2026-01-01T00:09:15Z,leak,NORMAL,8433.6,40.4,89.4,78.8,15.11,15.09,26.93,50.03,0,0,0,0,0
2026-01-01T00:09:16Z,leak,NORMAL,8426.9,40.1,89.19,79.01,15.17,15.05,26.83,50.01,0,0,0,0,0
2026-01-01T00:09:17Z,leak,NORMAL,8425.4,40.06,89.3,79.26,14.83,14.84,27.1,50.0,0,0,0,0,0
2026-01-01T00:09:18Z,leak,NORMAL,8442.5,40.11,88.92,78.23,15.05,15.05,27.13,49.99,0,0,0,0,0
2026-01-01T00:09:19Z,leak,NORMAL,8430.5,39.64,88.89,79.21,14.96,14.91,27.1,50.08,0,0,0,0,0
2026-01-01T00:09:20Z,leak,NORMAL,8419.8,40.02,88.99,79.83,15.02,15.06,26.86,50.07,0,0,0,0,0
2026-01-01T00:09:21Z,leak,NORMAL,8428.2,40.37,89.76,78.77,15.05,15.02,26.93,50.04,0,0,0,0,0
2026-01-01T00:09:22Z,leak,NORMAL,8431.7,40.01,88.9,78.73,15.01,15.02,27.06,49.93,0,0,0,0,0
2026-01-01T00:09:23Z,leak,NORMAL,8433.8,40.32,88.88,78.58,14.91,15.08,26.83,50.0,0,0,0,0,0
2026-01-01T00:09:24Z,leak,NORMAL,8426.7,39.88,89.08,78.92,14.96,14.99,26.98,49.98,0,0,0,0,0
2026-01-01T00:09:25Z,leak,NORMAL,8438.8,39.9,89.01,79.13,14.83,14.92,26.88,49.95,0,0,0,0,0
2026-01-01T00:09:26Z,leak,NORMAL,8432.6,39.85,88.79,79.62,15.21,15.1,26.98,50.06,0,0,0,0,0
2026-01-01T00:09:27Z,leak,NORMAL,8438.8,39.95,89.31,78.95,14.78,14.92,26.87,50.02,0,0,0,0,0
2026-01-01T00:09:28Z,leak,NORMAL,8431.6,39.64,89.25,79.27,15.08,15.04,27.19,49.96,0,0,0,0,0
2026-01-01T00:09:29Z,leak,NORMAL,8450.3,40.18,88.95,79.07,14.93,14.99,26.9,49.98,0,0,0,0,0
2026-01-01T00:09:30Z,leak,NORMAL,8437.9,39.79,89.84,79.58,14.93,15.09,26.84,49.91,0,0,0,0,0
2026-01-01T00:09:31Z,leak,NORMAL,8441.9,40.11,88.91,79.41,15.2,15.3,26.86,50.02,0,0,0,0,0
2026-01-01T00:09:32Z,leak,NORMAL,8427.2,40.57,89.07,79.58,15.01,14.89,26.92,49.93,0,0,0,0,0
2026-01-01T00:09:33Z,leak,NORMAL,8433.9,39.95,89.41,78.02,14.99,15.26,26.85,50.02,0,0,0,0,0
2026-01-01T00:09:34Z,leak,NORMAL,8436.9,39.44,88.81,78.82,15.08,15.0,26.92,50.03,0,0,0,0,0
2026-01-01T00:09:35Z,leak,NORMAL,8443.2,39.97,89.65,78.48,14.98,15.13,26.73,49.96,0,0,0,0,0
2026-01-01T00:09:36Z,leak,NORMAL,8444.3,40.05,89.15,79.39,14.91,15.1,26.96,50.09,0,0,0,0,0
2026-01-01T00:09:37Z,leak,NORMAL,8452.0,40.11,90.04,78.78,14.97,14.82,27.02,50.08,0,0,0,0,0
2026-01-01T00:09:38Z,leak,NORMAL,8439.5,39.76,89.9,78.82,14.95,15.15,26.9,49.99,0,0,0,0,0
2026-01-01T00:09:39Z,leak,NORMAL,8461.3,40.12,88.81,79.94,14.83,15.1,26.98,49.97,0,0,0,0,0
2026-01-01T00:09:40Z,leak,NORMAL,8438.2,39.78,90.22,79.26,14.94,15.06,27.05,50.02,0,0,0,0,0
2026-01-01T00:09:41Z,leak,NORMAL,8453.8,40.19,89.39,79.36,14.99,14.9,26.81,50.02,0,0,0,0,0
2026-01-01T00:09:42Z,leak,NORMAL,8440.6,40.0,89.25,79.69,15.03,15.03,26.9,49.99,0,0,0,0,0
2026-01-01T00:09:43Z,leak,NORMAL,8445.2,40.05,88.52,79.21,15.04,15.04,26.82,49.98,0,0,0,0,0
2026-01-01T00:09:44Z,leak,NORMAL,8445.6,39.89,88.78,78.68,15.0,15.04,26.94,49.96,0,0,0,0,0
2026-01-01T00:09:45Z,leak,NORMAL,8454.1,39.96,89.15,78.77,14.95,15.07,26.91,49.99,0,0,0,0,0
2026-01-01T00:09:46Z,leak,NORMAL,8441.1,40.56,88.27,78.22,14.95,15.02,27.1,50.03,0,0,0,0,0
2026-01-01T00:09:47Z,leak,NORMAL,8455.0,40.18,89.46,78.26,15.03,15.02,27.14,49.96,0,0,0,0,0
2026-01-01T00:09:48Z,leak,NORMAL,8465.5,39.73,90.19,79.32,15.08,15.07,26.99,50.0,0,0,0,0,0
2026-01-01T00:09:49Z,leak,NORMAL,8447.2,39.97,89.05,79.2,14.84,15.02,27.02,50.06,0,0,0,0,0
2026-01-01T00:09:50Z,leak,NORMAL,8467.8,40.03,89.36,79.14,15.04,15.07,26.95,49.93,0,0,0,0,0
2026-01-01T00:09:51Z,leak,NORMAL,8469.3,40.1,89.94,79.3,14.97,15.19,26.81,49.92,0,0,0,0,0
2026-01-01T00:09:52Z,leak,NORMAL,8476.4,40.05,89.24,78.98,14.8,15.19,26.99,50.03,0,0,0,0,0
2026-01-01T00:09:53Z,leak,NORMAL,8465.6,39.82,89.7,79.83,14.78,15.06,26.99,50.01,0,0,0,0,0
2026-01-01T00:09:54Z,leak,NORMAL,8449.4,39.97,89.25,79.47,14.95,15.08,26.86,49.97,0,0,0,0,0
2026-01-01T00:09:55Z,leak,NORMAL,8470.8,39.97,89.75,78.65,15.15,14.85,26.92,49.99,0,0,0,0,0
2026-01-01T00:09:56Z,leak,NORMAL,8452.4,39.95,90.11,80.18,14.98,14.96,26.72,50.09,0,0,0,0,0
2026-01-01T00:09:57Z,leak,NORMAL,8450.3,39.82,89.56,79.68,15.15,15.22,26.98,49.98,0,0,0,0,0
2026-01-01T00:09:58Z,leak,NORMAL,8455.3,39.96,89.92,79.8,15.06,14.81,26.85,50.07,0,0,0,0,0
2026-01-01T00:09:59Z,leak,NORMAL,8457.5,39.98,90.89,79.29,15.14,15.18,26.98,49.98,0,0,0,0,0
2026-01-01T00:10:00Z,leak,NORMAL,8440.9,39.83,89.85,79.63,15.12,14.89,26.92,49.9,0,0,0,0,0
2026-01-01T00:10:01Z,leak,NORMAL,8455.8,40.11,88.45,79.75,15.18,14.86,26.88,50.09,0,0,0,0,0
2026-01-01T00:10:02Z,leak,NORMAL,8470.6,40.08,89.6,78.67,14.99,15.13,26.91,50.04,0,0,0,0,0
2026-01-01T00:10:03Z,leak,NORMAL,8462.9,39.83,89.34,78.83,14.86,15.0,26.88,49.95,0,0,0,0,0
2026-01-01T00:10:04Z,leak,NORMAL,8474.4,39.81,89.78,79.62,15.17,15.03,26.98,50.0,0,0,0,0,0
2026-01-01T00:10:05Z,leak,NORMAL,8454.3,40.17,90.42,79.31,15.21,15.09,27.09,49.99,0,0,0,0,0
2026-01-01T00:10:06Z,leak,NORMAL,8460.5,40.01,89.23,79.48,14.98,15.02,26.88,49.95,0,0,0,0,0
2026-01-01T00:10:07Z,leak,NORMAL,8465.0,40.25,89.57,78.72,14.8,14.97,26.92,49.94,0,0,0,0,0
2026-01-01T00:10:08Z,leak,NORMAL,8453.4,40.11,91.21,79.84,14.9,14.99,26.88,49.94,0,0,0,0,0
2026-01-01T00:10:09Z,leak,NORMAL,8458.2,39.97,90.01,79.54,14.93,15.05,26.94,49.95,0,0,0,0,0
2026-01-01T00:10:10Z,leak,NORMAL,8461.0,40.13,90.2,79.62,15.12,15.15,26.73,50.02,0,0,0,0,0
2026-01-01T00:10:11Z,leak,NORMAL,8487.3,40.23,90.35,79.13,15.07,15.08,26.82,50.01,0,0,0,0,0
2026-01-01T00:10:12Z,leak,NORMAL,8461.8,39.83,89.81,79.96,15.0,15.15,27.03,49.95,0,0,0,0,0
2026-01-01T00:10:13Z,leak,NORMAL,8475.0,39.9,90.07,79.8,14.92,15.09,26.75,50.06,0,0,0,0,0
2026-01-01T00:10:14Z,leak,NORMAL,8452.6,39.96,89.31,79.79,15.03,14.78,26.74,49.97,0,0,0,0,0
2026-01-01T00:10:15Z,leak,NORMAL,8489.8,40.33,90.02,80.17,14.92,15.04,26.89,49.95,0,0,0,0,0
2026-01-01T00:10:16Z,leak,NORMAL,8475.5,39.93,89.92,79.72,14.95,14.95,26.68,50.03,0,0,0,0,0
2026-01-01T00:10:17Z,leak,NORMAL,8478.9,39.99,89.97,79.23,14.9,14.94,26.84,50.01,0,0,0,0,0
2026-01-01T00:10:18Z,leak,NORMAL,8474.9,39.91,89.04,79.28,14.83,14.93,26.92,50.01,0,0,0,0,0
2026-01-01T00:10:19Z,leak,NORMAL,8480.3,39.96,90.17,78.91,15.04,14.93,26.89,49.99,0,0,0,0,0
2026-01-01T00:10:20Z,leak,NORMAL,8477.4,40.06,89.4,78.9,14.95,14.87,26.88,49.97,0,0,0,0,0
2026-01-01T00:10:21Z,leak,NORMAL,8471.2,40.07,89.94,79.42,14.97,15.09,26.83,50.01,0,0,0,0,0
2026-01-01T00:10:22Z,leak,NORMAL,8473.5,40.11,89.68,79.78,14.97,14.92,26.74,49.99,0,0,0,0,0
2026-01-01T00:10:23Z,leak,NORMAL,8481.2,39.74,90.38,80.04,14.8,14.79,26.71,50.01,0,0,0,0,0
2026-01-01T00:10:24Z,leak,NORMAL,8513.6,39.76,89.61,80.21,14.95,15.11,26.95,50.0,0,0,0,0,0
2026-01-01T00:10:25Z,leak,NORMAL,8496.6,40.19,89.08,79.46,14.94,15.0,26.73,49.95,0,0,0,0,0
2026-01-01T00:10:26Z,leak,NORMAL,8489.3,40.0,90.48,79.66,15.14,15.13,26.96,49.82,0,0,0,0,0
2026-01-01T00:10:27Z,leak,NORMAL,8482.0,40.09,89.14,79.3,15.07,15.0,26.81,50.09,0,0,0,0,0
2026-01-01T00:10:28Z,leak,NORMAL,8486.5,40.22,89.78,79.63,14.96,14.92,26.82,49.93,0,0,0,0,0
2026-01-01T00:10:29Z,leak,NORMAL,8497.9,40.02,89.6,79.98,14.9,14.8,26.89,49.93,0,0,0,0,0
2026-01-01T00:10:30Z,leak,NORMAL,8478.8,40.03,90.31,79.21,14.91,15.15,26.7,50.04,0,0,0,0,0
2026-01-01T00:10:31Z,leak,NORMAL,8498.0,39.85,89.77,79.18,14.93,14.98,26.77,49.92,0,0,0,0,0
2026-01-01T00:10:32Z,leak,NORMAL,8501.9,39.88,90.25,79.54,15.28,15.06,26.7,49.93,0,0,0,0,0
2026-01-01T00:10:33Z,leak,NORMAL,8486.8,39.91,89.03,79.06,15.0,14.84,26.82,50.01,0,0,0,0,0
2026-01-01T00:10:34Z,leak,NORMAL,8486.7,40.12,89.91,80.18,15.07,14.98,26.82,50.02,0,0,0,0,0
2026-01-01T00:10:35Z,leak,NORMAL,8501.5,39.66,90.35,79.36,15.11,15.02,26.76,50.0,0,0,0,0,0
2026-01-01T00:10:36Z,leak,NORMAL,8513.1,39.85,89.04,79.52,15.13,15.16,26.93,49.89,0,0,0,0,0
2026-01-01T00:10:37Z,leak,NORMAL,8497.3,39.9,89.81,79.11,14.97,14.88,27.06,50.0,0,0,0,0,0
2026-01-01T00:10:38Z,leak,NORMAL,8495.5,39.75,90.39,79.96,15.12,15.03,26.78,49.96,0,0,0,0,0
2026-01-01T00:10:39Z,leak,NORMAL,8494.1,39.92,90.27,79.41,15.03,15.08,26.77,50.05,0,0,0,0,0
2026-01-01T00:10:40Z,leak,NORMAL,8506.9,40.08,89.92,79.78,14.91,14.92,26.84,50.04,0,0,0,0,0
2026-01-01T00:10:41Z,leak,NORMAL,8501.4,40.1,89.83,79.31,15.0,15.04,26.75,49.97,0,0,0,0,0
2026-01-01T00:10:42Z,leak,NORMAL,8499.7,40.04,89.22,79.85,15.03,15.02,26.76,50.01,0,0,0,0,0
2026-01-01T00:10:43Z,leak,NORMAL,8494.6,39.85,90.37,79.06,14.94,14.94,26.87,49.93,0,0,0,0,0
2026-01-01T00:10:44Z,leak,NORMAL,8500.8,39.78,90.8,79.59,14.95,15.01,26.89,49.9,0,0,0,0,0
2026-01-01T00:10:45Z,leak,NORMAL,8496.9,40.04,89.67,79.02,14.93,15.02,26.84,50.1,0,0,0,0,0
2026-01-01T00:10:46Z,leak,NORMAL,8492.3,39.7,89.39,80.24,14.91,14.85,26.88,49.96,0,0,0,0,0
2026-01-01T00:10:47Z,leak,NORMAL,8520.8,40.04,89.68,80.21,15.08,15.15,26.76,49.98,0,0,0,0,0
2026-01-01T00:10:48Z,leak,NORMAL,8525.4,40.22,90.15,79.34,14.9,14.86,26.7,49.99,0,0,0,0,0
2026-01-01T00:10:49Z,leak,NORMAL,8499.7,40.14,88.74,79.38,14.93,15.06,26.85,49.94,0,0,0,0,0
2026-01-01T00:10:50Z,leak,NORMAL,8514.9,39.79,90.18,79.18,15.01,15.15,26.99,50.05,0,0,0,0,0
2026-01-01T00:10:51Z,leak,NORMAL,8503.3,39.9,89.58,79.49,14.83,14.94,26.9,50.11,0,0,0,0,0
2026-01-01T00:10:52Z,leak,NORMAL,8518.9,40.04,90.4,79.02,14.92,15.08,26.76,49.98,0,0,0,0,0
2026-01-01T00:10:53Z,leak,NORMAL,8524.1,39.62,90.65,79.41,15.06,15.0,26.85,50.05,0,0,0,0,0
2026-01-01T00:10:54Z,leak,NORMAL,8506.4,40.17,90.33,80.54,14.95,15.12,26.85,49.98,0,0,0,0,0
2026-01-01T00:10:55Z,leak,NORMAL,8527.5,39.93,90.55,79.79,15.01,15.01,26.88,50.0,0,0,0,0,0
2026-01-01T00:10:56Z,leak,NORMAL,8524.3,40.12,89.67,80.31,15.15,15.05,26.81,49.96,0,0,0,0,0
2026-01-01T00:10:57Z,leak,NORMAL,8532.4,39.69,90.18,80.63,14.93,15.05,26.7,50.03,0,0,0,0,0
2026-01-01T00:10:58Z,leak,NORMAL,8506.3,39.92,89.8,79.92,14.83,15.15,26.8,49.98,0,0,0,0,0
2026-01-01T00:10:59Z,leak,NORMAL,8536.3,40.0,90.26,80.02,15.16,15.02,26.66,50.0,0,0,0,0,0
2026-01-01T00:11:00Z,leak,NORMAL,8526.6,39.99,89.82,79.49,14.83,15.05,26.68,49.97,0,0,0,0,0
2026-01-01T00:11:01Z,leak,NORMAL,8528.5,40.22,89.64,79.72,14.96,15.05,26.65,49.96,0,0,0,0,0
2026-01-01T00:11:02Z,leak,NORMAL,8528.6,39.88,89.65,79.9,14.91,14.97,26.88,49.99,0,0,0,0,0
2026-01-01T00:11:03Z,leak,NORMAL,8523.9,39.91,89.41,80.01,15.1,15.13,27.04,49.99,0,0,0,0,0
2026-01-01T00:11:04Z,leak,NORMAL,8528.3,39.78,91.11,80.43,15.1,15.06,26.74,49.87,0,0,0,0,0
2026-01-01T00:11:05Z,leak,NORMAL,8539.7,40.13,90.32,79.53,15.09,15.03,26.77,49.94,0,0,0,0,0
2026-01-01T00:11:06Z,leak,NORMAL,8517.0,39.98,90.15,79.43,15.17,14.96,26.74,50.01,0,0,0,0,0
2026-01-01T00:11:07Z,leak,NORMAL,8543.9,39.84,90.12,79.32,15.1,15.04,26.76,50.01,0,0,0,0,0
2026-01-01T00:11:08Z,leak,NORMAL,8548.3,39.98,89.93,79.68,15.1,15.06,26.79,49.97,0,0,0,0,0
2026-01-01T00:11:09Z,leak,NORMAL,8536.5,40.12,90.29,79.92,15.05,15.04,26.69,49.98,0,0,0,0,0
2026-01-01T00:11:10Z,leak,NORMAL,8514.8,40.12,90.19,80.77,14.82,15.02,26.79,49.97,0,0,0,0,0
2026-01-01T00:11:11Z,leak,NORMAL,8537.8,40.06,90.52,79.89,14.68,15.01,26.74,49.96,0,0,0,0,0
2026-01-01T00:11:12Z,leak,NORMAL,8520.6,40.1,90.47,80.8,14.92,15.12,26.73,49.98,0,0,0,0,0
2026-01-01T00:11:13Z,leak,NORMAL,8539.8,40.18,90.01,80.81,15.0,14.88,26.61,50.05,0,0,0,0,0
2026-01-01T00:11:14Z,leak,NORMAL,8530.2,40.02,90.34,79.98,15.1,14.95,26.61,49.88,0,0,0,0,0
2026-01-01T00:11:15Z,leak,NORMAL,8535.5,39.95,90.92,79.69,15.1,14.97,26.89,49.95,0,0,0,0,0
2026-01-01T00:11:16Z,leak,NORMAL,8533.6,40.14,90.9,80.48,14.87,15.11,26.71,49.92,0,0,0,0,0
2026-01-01T00:11:17Z,leak,NORMAL,8532.9,39.93,89.92,80.72,15.05,15.11,26.62,49.92,0,0,0,0,0
2026-01-01T00:11:18Z,leak,NORMAL,8543.9,40.01,90.76,80.4,15.02,15.08,26.71,50.01,0,0,0,0,0
2026-01-01T00:11:19Z,leak,NORMAL,8560.1,40.26,89.81,79.29,15.14,14.96,26.69,49.98,0,0,0,0,0
2026-01-01T00:11:20Z,leak,NORMAL,8544.5,39.92,89.75,79.2,14.76,14.89,26.82,49.95,0,0,0,0,0
2026-01-01T00:11:21Z,leak,NORMAL,8541.9,40.22,91.01,79.83,15.07,14.96,26.5,50.05,0,0,0,0,0
2026-01-01T00:11:22Z,leak,NORMAL,8544.1,39.82,90.47,80.28,15.02,14.9,26.67,50.02,0,0,0,0,0
2026-01-01T00:11:23Z,leak,NORMAL,8551.5,39.96,89.84,80.34,15.12,14.94,26.74,50.05,0,0,0,0,0
2026-01-01T00:11:24Z,leak,NORMAL,8555.4,40.27,90.53,80.84,15.14,14.92,26.72,50.01,0,0,0,0,0
2026-01-01T00:11:25Z,leak,NORMAL,8538.9,39.93,89.39,80.5,15.08,15.12,26.82,49.97,0,0,0,0,0
2026-01-01T00:11:26Z,leak,NORMAL,8545.0,40.31,90.95,79.79,14.76,14.98,26.57,50.0,0,0,0,0,0
2026-01-01T00:11:27Z,leak,NORMAL,8557.2,39.71,90.55,79.56,15.25,15.01,26.72,49.95,0,0,0,0,0
2026-01-01T00:11:28Z,leak,NORMAL,8527.0,39.81,89.95,80.76,14.89,15.08,26.71,49.99,0,0,0,0,0
2026-01-01T00:11:29Z,leak,NORMAL,8524.4,39.89,90.92,80.45,15.01,14.86,26.68,50.01,0,0,0,0,0
2026-01-01T00:11:30Z,leak,NORMAL,8545.2,40.09,90.09,79.19,14.94,14.93,26.79,50.04,0,0,0,0,0
2026-01-01T00:11:31Z,leak,NORMAL,8550.4,39.89,90.73,80.95,14.9,14.94,26.78,50.02,0,0,0,0,0
2026-01-01T00:11:32Z,leak,NORMAL,8547.4,40.23,90.74,79.74,15.03,15.0,26.82,50.03,0,0,0,0,0
2026-01-01T00:11:33Z,leak,NORMAL,8557.5,40.03,90.73,79.53,14.85,15.04,26.69,49.98,0,0,0,0,0
2026-01-01T00:11:34Z,leak,NORMAL,8533.5,39.78,90.75,80.3,14.94,14.91,26.68,49.99,0,0,0,0,0
2026-01-01T00:11:35Z,leak,NORMAL,8552.7,39.9,90.57,80.39,14.94,15.17,26.59,50.01,0,0,0,0,0
2026-01-01T00:11:36Z,leak,NORMAL,8539.6,39.8,90.96,80.62,15.02,14.93,26.68,49.95,0,0,0,0,0
2026-01-01T00:11:37Z,leak,NORMAL,8566.7,39.47,90.32,79.87,15.13,14.98,26.76,50.07,0,0,0,0,0
2026-01-01T00:11:38Z,leak,NORMAL,8561.3,39.67,90.14,80.02,15.04,15.04,26.5,50.04,0,0,0,0,0
2026-01-01T00:11:39Z,leak,NORMAL,8547.5,39.93,90.66,80.22,15.16,15.11,26.5,49.94,0,0,0,0,0
2026-01-01T00:11:40Z,leak,NORMAL,8569.9,40.02,90.85,80.31,15.12,15.08,26.71,49.97,0,0,0,0,0
2026-01-01T00:11:41Z,leak,NORMAL,8565.3,39.68,90.43,79.99,14.92,14.91,26.42,50.06,0,0,0,0,0
2026-01-01T00:11:42Z,leak,NORMAL,8557.9,39.96,90.81,80.85,15.13,14.96,26.64,49.95,0,0,0,0,0
2026-01-01T00:11:43Z,leak,NORMAL,8568.1,40.0,91.02,80.74,15.08,15.05,26.63,49.94,0,0,0,0,0
2026-01-01T00:11:44Z,leak,NORMAL,8564.9,40.34,90.36,79.99,15.06,15.17,26.51,49.88,0,0,0,0,0
2026-01-01T00:11:45Z,leak,NORMAL,8556.2,40.02,90.51,80.21,14.95,14.94,26.53,50.02,0,0,0,0,0
2026-01-01T00:11:46Z,leak,NORMAL,8568.9,39.68,91.38,80.57,15.06,14.97,26.63,49.94,0,0,0,0,0
2026-01-01T00:11:47Z,leak,NORMAL,8579.7,40.28,90.48,79.7,14.97,15.06,26.56,49.96,0,0,0,0,0
2026-01-01T00:11:48Z,leak,NORMAL,8566.3,39.83,91.28,80.84,15.07,14.93,26.62,50.06,0,0,0,0,0
2026-01-01T00:11:49Z,leak,NORMAL,8544.5,40.04,91.32,81.29,14.9,15.03,26.7,50.06,0,0,0,0,0
2026-01-01T00:11:50Z,leak,NORMAL,8547.8,39.6,90.7,80.64,14.99,14.97,26.72,50.07,0,0,0,0,0
2026-01-01T00:11:51Z,leak,NORMAL,8561.0,40.03,90.05,81.27,14.86,14.89,26.5,49.95,0,0,0,0,0
2026-01-01T00:11:52Z,leak,NORMAL,8580.4,40.46,90.77,80.24,15.07,14.91,26.72,50.0,0,0,0,0,0
2026-01-01T00:11:53Z,leak,NORMAL,8572.6,39.86,90.55,79.61,15.0,15.09,26.39,49.95,0,0,0,0,0
2026-01-01T00:11:54Z,leak,NORMAL,8564.3,39.94,90.61,80.4,15.03,15.0,26.41,50.02,0,0,0,0,0
2026-01-01T00:11:55Z,leak,NORMAL,8581.8,40.05,89.78,80.55,15.05,14.9,26.58,50.06,0,0,0,0,0
2026-01-01T00:11:56Z,leak,NORMAL,8586.7,40.03,90.93,80.36,14.96,15.14,26.66,50.03,0,0,0,0,0
2026-01-01T00:11:57Z,leak,NORMAL,8565.9,40.29,91.2,79.81,15.11,15.02,26.59,49.9,0,0,0,0,0
2026-01-01T00:11:58Z,leak,NORMAL,8557.3,40.2,90.31,80.87,14.87,14.85,26.75,50.05,0,0,0,0,0
2026-01-01T00:11:59Z,leak,NORMAL,8571.3,40.04,90.34,80.65,15.12,14.96,26.6,49.92,0,0,0,0,0
2026-01-01T00:12:00Z,leak,NORMAL,8591.3,40.2,90.69,80.31,15.14,14.95,26.59,49.98,0,0,0,0,0
2026-01-01T00:12:01Z,leak,NORMAL,8564.7,40.21,90.51,80.72,14.97,14.99,26.53,49.97,0,0,0,0,0
2026-01-01T00:12:02Z,leak,NORMAL,8581.9,39.98,91.15,80.87,15.12,14.95,26.61,49.99,0,0,0,0,0
2026-01-01T00:12:03Z,leak,NORMAL,8575.0,39.86,90.49,80.82,14.97,14.93,26.62,50.02,0,0,0,0,0
2026-01-01T00:12:04Z,leak,NORMAL,8563.7,40.02,91.3,81.07,14.95,14.89,26.5,50.07,0,0,0,0,0
2026-01-01T00:12:05Z,leak,NORMAL,8584.0,39.54,91.17,79.42,15.19,15.08,26.49,50.01,0,0,0,0,0
2026-01-01T00:12:06Z,leak,NORMAL,8583.8,39.9,90.98,80.47,14.97,15.15,26.32,50.0,0,0,0,0,0
2026-01-01T00:12:07Z,leak,NORMAL,8563.9,39.96,90.4,81.82,14.95,14.99,26.46,50.04,0,0,0,0,0
2026-01-01T00:12:08Z,leak,NORMAL,8573.3,39.87,91.7,80.94,15.03,15.24,26.45,49.96,0,0,0,0,0
2026-01-01T00:12:09Z,leak,NORMAL,8571.1,40.24,90.46,81.16,14.94,14.82,26.43,50.01,0,0,0,0,0
2026-01-01T00:12:10Z,leak,NORMAL,8591.6,40.26,90.96,80.91,14.74,15.03,26.51,49.98,0,0,0,0,0
2026-01-01T00:12:11Z,leak,NORMAL,8573.6,40.18,91.36,81.56,14.98,14.92,26.69,49.98,0,0,0,0,0
2026-01-01T00:12:12Z,leak,NORMAL,8575.6,39.72,91.0,80.89,15.08,15.02,26.55,50.03,0,0,0,0,0
2026-01-01T00:12:13Z,leak,NORMAL,8586.5,40.24,91.23,80.69,14.95,15.08,26.44,49.99,0,0,0,0,0
2026-01-01T00:12:14Z,leak,NORMAL,8574.8,40.43,90.32,80.93,15.07,15.09,26.49,50.0,0,0,0,0,0
2026-01-01T00:12:15Z,leak,NORMAL,8580.5,39.46,90.43,81.29,14.92,15.01,26.75,49.95,0,0,0,0,0
2026-01-01T00:12:16Z,leak,NORMAL,8578.0,39.95,89.82,80.18,14.86,15.05,26.46,49.89,0,0,0,0,0
2026-01-01T00:12:17Z,leak,NORMAL,8591.7,40.19,90.65,81.1,15.06,14.91,26.51,50.01,0,0,0,0,0
2026-01-01T00:12:18Z,leak,NORMAL,8575.8,39.79,91.04,81.79,15.0,15.02,26.37,49.99,0,0,0,0,0
2026-01-01T00:12:19Z,leak,NORMAL,8582.7,39.92,90.51,80.62,14.94,15.12,26.67,49.96,0,0,0,0,0
2026-01-01T00:12:20Z,leak,NORMAL,8581.6,40.09,91.14,80.27,14.94,15.06,26.3,50.11,0,0,0,0,0
2026-01-01T00:12:21Z,leak,NORMAL,8588.7,39.94,90.78,80.12,15.18,14.99,26.42,50.09,0,0,0,0,0
2026-01-01T00:12:22Z,leak,NORMAL,8596.5,39.96,91.08,80.5,14.96,14.98,26.49,50.05,0,0,0,0,0
2026-01-01T00:12:23Z,leak,NORMAL,8606.5,39.57,92.03,81.19,15.0,14.96,26.27,50.06,0,0,0,0,0
2026-01-01T00:12:24Z,leak,NORMAL,8576.2,40.13,90.66,79.87,15.04,15.05,26.35,50.04,0,0,0,0,0
2026-01-01T00:12:25Z,leak,NORMAL,8605.7,40.1,91.09,80.32,14.9,14.96,26.45,50.0,0,0,0,0,0
2026-01-01T00:12:26Z,leak,NORMAL,8586.1,40.5,91.17,80.21,14.88,14.83,26.34,50.03,0,0,0,0,0
2026-01-01T00:12:27Z,leak,NORMAL,8585.7,39.86,91.18,80.98,15.04,15.0,26.43,49.93,0,0,0,0,0
2026-01-01T00:12:28Z,leak,NORMAL,8570.6,39.84,90.5,80.3,14.98,14.95,26.3,49.99,0,0,0,0,0
2026-01-01T00:12:29Z,leak,NORMAL,8592.8,39.9,91.31,80.88,15.04,14.96,26.47,50.03,0,0,0,0,0
2026-01-01T00:12:30Z,leak,NORMAL,8570.6,40.21,90.65,81.05,14.77,14.96,26.25,49.99,0,0,0,0,0
2026-01-01T00:12:31Z,leak,NORMAL,8592.2,40.08,90.92,80.11,15.13,14.87,26.38,49.96,0,0,0,0,0
2026-01-01T00:12:32Z,leak,NORMAL,8584.7,39.72,91.46,81.11,15.01,14.99,26.32,49.99,0,0,0,0,0
2026-01-01T00:12:33Z,leak,NORMAL,8582.1,40.02,91.12,80.62,15.04,15.06,26.49,50.1,0,0,0,0,0
2026-01-01T00:12:34Z,leak,NORMAL,8577.3,39.75,90.32,80.65,14.84,14.95,26.49,50.04,0,0,0,0,0
2026-01-01T00:12:35Z,leak,NORMAL,8608.3,40.17,91.44,80.5,14.96,15.09,26.48,49.9,0,0,0,0,0
2026-01-01T00:12:36Z,leak,NORMAL,8578.4,39.8,90.5,81.43,15.18,15.03,26.43,50.1,0,0,0,0,0
2026-01-01T00:12:37Z,leak,NORMAL,8597.2,40.11,91.13,80.96,15.13,15.07,26.4,49.98,0,0,0,0,0
2026-01-01T00:12:38Z,leak,NORMAL,8595.6,39.67,91.17,80.84,15.03,14.88,26.43,50.01,0,0,0,0,0
2026-01-01T00:12:39Z,leak,NORMAL,8593.3,40.07,90.53,80.06,15.05,14.78,26.44,50.1,0,0,0,0,0
2026-01-01T00:12:40Z,leak,NORMAL,8597.4,40.17,91.77,81.32,15.23,14.91,26.34,50.02,0,0,0,0,0
2026-01-01T00:12:41Z,leak,NORMAL,8577.9,40.0,90.99,81.45,15.11,15.08,26.44,50.0,0,0,0,0,0
2026-01-01T00:12:42Z,leak,NORMAL,8597.3,40.15,91.47,80.45,15.04,14.99,26.39,50.06,0,0,0,0,0
2026-01-01T00:12:43Z,leak,NORMAL,8592.2,39.82,90.51,80.53,15.06,14.98,26.3,50.04,0,0,0,0,0
2026-01-01T00:12:44Z,leak,NORMAL,8596.6,40.14,92.07,81.76,15.03,15.03,26.47,50.06,0,0,0,0,0
2026-01-01T00:12:45Z,leak,NORMAL,8591.7,39.75,91.4,80.94,15.06,15.05,26.28,49.97,0,0,0,0,0
2026-01-01T00:12:46Z,leak,NORMAL,8606.3,39.97,90.59,80.69,15.04,14.95,26.52,50.04,0,0,0,0,0
2026-01-01T00:12:47Z,leak,NORMAL,8580.9,40.05,91.77,82.48,14.95,15.0,26.2,50.03,0,0,0,0,0
2026-01-01T00:12:48Z,leak,NORMAL,8600.9,40.06,90.44,81.23,15.18,15.14,26.37,50.0,0,0,0,0,0
2026-01-01T00:12:49Z,leak,NORMAL,8605.3,39.97,89.72,79.99,15.14,15.13,26.32,49.96,0,0,0,0,0
2026-01-01T00:12:50Z,leak,NORMAL,8593.6,39.74,90.86,81.73,14.94,14.92,26.19,50.01,0,0,0,0,0
2026-01-01T00:12:51Z,leak,NORMAL,8587.3,40.13,90.84,81.7,15.06,15.05,26.18,50.0,0,0,0,0,0
2026-01-01T00:12:52Z,leak,NORMAL,8600.1,40.07,91.18,80.93,14.88,14.76,26.2,50.05,0,0,0,0,0
2026-01-01T00:12:53Z,leak,NORMAL,8605.3,40.23,91.17,80.98,15.0,14.83,26.33,49.97,0,0,0,0,0
2026-01-01T00:12:54Z,leak,NORMAL,8591.4,39.8,90.97,81.33,15.08,14.9,26.33,50.0,0,0,0,0,0
2026-01-01T00:12:55Z,leak,NORMAL,8577.6,40.19,90.68,81.17,14.92,15.08,26.43,50.01,0,0,0,0,0
2026-01-01T00:12:56Z,leak,NORMAL,8603.3,39.87,90.85,80.33,15.11,15.12,26.25,50.0,0,0,0,0,0
2026-01-01T00:12:57Z,leak,NORMAL,8591.4,39.74,90.76,80.29,14.81,15.03,26.19,50.0,0,0,0,0,0
2026-01-01T00:12:58Z,leak,NORMAL,8571.6,40.02,90.67,80.58,15.09,14.99,26.32,50.0,0,0,0,0,0
2026-01-01T00:12:59Z,leak,NORMAL,8603.2,39.84,91.01,80.78,15.07,14.94,26.36,50.03,0,0,0,0,0
2026-01-01T00:13:00Z,leak,NORMAL,8592.7,40.15,90.82,80.58,14.92,14.89,26.31,49.99,0,0,0,0,0
2026-01-01T00:13:01Z,leak,NORMAL,8595.6,40.17,91.46,80.96,14.81,15.05,26.08,49.96,0,0,0,0,0
2026-01-01T00:13:02Z,leak,NORMAL,8597.2,40.31,89.78,80.15,14.93,15.07,26.1,49.96,0,0,0,0,0
2026-01-01T00:13:03Z,leak,NORMAL,8611.0,40.18,90.72,81.43,15.01,14.91,26.19,49.97,0,0,0,0,0
2026-01-01T00:13:04Z,leak,NORMAL,8588.2,40.09,91.53,80.2,15.07,14.9,26.25,50.02,0,0,0,0,0
2026-01-01T00:13:05Z,leak,NORMAL,8609.3,40.0,91.16,81.74,15.16,15.11,26.33,50.03,0,0,0,0,0
2026-01-01T00:13:06Z,leak,NORMAL,8615.6,40.15,90.69,80.98,15.04,14.86,26.19,50.09,0,0,0,0,0
2026-01-01T00:13:07Z,leak,NORMAL,8587.9,40.1,91.19,81.42,14.92,14.92,26.25,49.97,0,0,0,0,0
2026-01-01T00:13:08Z,leak,NORMAL,8614.8,40.04,91.46,80.44,15.06,15.25,26.23,49.94,0,0,0,0,0
2026-01-01T00:13:09Z,leak,NORMAL,8610.8,39.91,90.39,80.38,14.88,15.05,26.15,49.96,0,0,0,0,0
2026-01-01T00:13:10Z,leak,NORMAL,8595.7,40.09,91.49,81.56,14.97,15.1,26.15,50.09,0,0,0,0,0
2026-01-01T00:13:11Z,leak,NORMAL,8605.7,40.05,90.25,81.44,14.95,14.94,26.14,49.97,0,0,0,0,0
2026-01-01T00:13:12Z,leak,NORMAL,8604.5,40.09,91.07,81.89,14.88,15.03,26.08,50.03,0,0,0,0,0
2026-01-01T00:13:13Z,leak,NORMAL,8605.3,40.03,91.3,81.25,15.05,14.86,26.3,50.09,0,0,0,0,0
2026-01-01T00:13:14Z,leak,NORMAL,8610.8,39.95,92.03,81.08,15.12,15.07,26.35,49.92,0,0,0,0,0
2026-01-01T00:13:15Z,leak,NORMAL,8591.6,40.1,90.93,80.78,15.15,14.94,26.23,50.02,0,0,0,0,0
2026-01-01T00:13:16Z,leak,NORMAL,8597.3,39.54,90.12,80.84,15.22,14.93,26.19,50.1,0,0,0,0,0
2026-01-01T00:13:17Z,leak,NORMAL,8599.9,40.1,91.2,80.55,14.91,14.95,26.19,49.96,0,0,0,0,0
2026-01-01T00:13:18Z,leak,NORMAL,8594.5,40.05,91.65,82.15,14.93,15.03,26.09,49.97,0,0,0,0,0
2026-01-01T00:13:19Z,leak,NORMAL,8582.2,40.35,90.84,81.46,14.89,14.77,26.35,49.92,0,0,0,0,0
2026-01-01T00:13:20Z,leak,NORMAL,8589.1,40.24,91.09,80.89,15.13,14.97,26.25,49.94,0,0,0,0,0
2026-01-01T00:13:21Z,leak,NORMAL,8613.6,39.89,91.14,80.62,14.92,14.97,26.26,49.99,0,0,0,0,0
2026-01-01T00:13:22Z,leak,NORMAL,8601.2,39.91,91.71,80.25,14.83,15.14,25.95,50.09,0,0,0,0,0
2026-01-01T00:13:23Z,leak,NORMAL,8599.0,40.09,91.21,80.66,15.05,15.2,26.28,49.96,0,0,0,0,0
2026-01-01T00:13:24Z,leak,NORMAL,8611.5,39.77,90.94,81.06,15.12,14.86,26.26,49.98,0,0,0,0,0
2026-01-01T00:13:25Z,leak,NORMAL,8582.6,40.2,90.84,79.99,15.08,14.83,26.11,49.94,0,0,0,0,0
2026-01-01T00:13:26Z,leak,NORMAL,8590.8,40.22,91.37,80.24,14.98,15.01,26.28,50.02,0,0,0,0,0
2026-01-01T00:13:27Z,leak,NORMAL,8586.7,39.74,91.38,81.38,14.94,14.94,26.19,50.01,0,0,0,0,0
2026-01-01T00:13:28Z,leak,NORMAL,8572.3,39.95,91.46,80.26,15.09,14.88,26.15,49.96,0,0,0,0,0
2026-01-01T00:13:29Z,leak,NORMAL,8582.3,40.04,91.0,81.76,15.08,14.84,26.16,50.05,0,0,0,0,0
2026-01-01T00:13:30Z,leak,NORMAL,8606.8,40.37,92.02,80.65,15.04,15.24,26.25,49.97,0,0,0,0,0
2026-01-01T00:13:31Z,leak,NORMAL,8582.9,39.69,91.37,80.95,14.98,14.94,26.03,50.03,0,0,0,0,0
2026-01-01T00:13:32Z,leak,NORMAL,8597.7,40.09,90.23,81.9,15.12,15.11,25.9,50.04,0,0,0,0,0
2026-01-01T00:13:33Z,leak,NORMAL,8583.5,40.09,91.63,81.54,15.07,15.19,26.12,49.96,0,0,0,0,0
2026-01-01T00:13:34Z,leak,NORMAL,8592.4,40.0,91.46,80.48,15.08,15.0,26.05,49.95,0,0,0,0,0
2026-01-01T00:13:35Z,leak,NORMAL,8592.7,40.06,90.94,81.39,14.84,14.85,25.99,50.06,0,0,0,0,0
2026-01-01T00:13:36Z,leak,NORMAL,8595.8,40.01,91.34,81.34,14.95,14.86,26.05,49.92,0,0,0,0,0
2026-01-01T00:13:37Z,leak,NORMAL,8596.3,39.85,91.18,81.11,14.96,15.06,26.37,49.91,0,0,0,0,0
2026-01-01T00:13:38Z,leak,NORMAL,8621.1,39.81,90.36,80.53,15.07,15.02,26.01,49.97,0,0,0,0,0
2026-01-01T00:13:39Z,leak,NORMAL,8589.0,40.12,91.66,80.89,14.93,14.96,25.84,50.0,0,0,0,0,0
2026-01-01T00:13:40Z,leak,NORMAL,8600.1,39.93,90.78,81.58,15.03,15.04,26.12,50.01,0,0,0,0,0
2026-01-01T00:13:41Z,leak,NORMAL,8609.2,39.73,91.02,79.88,14.96,15.2,25.93,49.94,0,0,0,0,0
2026-01-01T00:13:42Z,leak,NORMAL,8595.0,40.17,91.37,80.75,15.17,14.99,26.17,50.08,0,0,0,0,0
2026-01-01T00:13:43Z,leak,NORMAL,8585.7,39.7,91.3,81.11,15.0,15.03,26.04,50.08,0,0,0,0,0
2026-01-01T00:13:44Z,leak,NORMAL,8565.1,40.25,91.16,80.95,14.9,15.12,25.93,50.01,0,0,0,0,0
2026-01-01T00:13:45Z,leak,NORMAL,8606.3,39.67,91.18,81.17,15.04,14.95,26.1,50.05,0,0,0,0,0
2026-01-01T00:13:46Z,leak,NORMAL,8591.6,40.42,90.45,80.68,15.12,14.98,25.94,49.98,0,0,0,0,0
2026-01-01T00:13:47Z,leak,NORMAL,8609.4,40.16,90.56,80.08,15.15,15.02,25.98,49.95,0,0,0,0,0
2026-01-01T00:13:48Z,leak,NORMAL,8573.3,39.74,91.17,80.77,15.16,15.09,25.96,49.95,0,0,0,0,0
2026-01-01T00:13:49Z,leak,NORMAL,8606.5,39.93,92.34,81.07,14.86,14.8,25.94,50.07,0,0,0,0,0
2026-01-01T00:13:50Z,leak,NORMAL,8590.8,39.5,90.7,80.87,15.14,15.04,25.99,50.02,0,0,0,0,0
2026-01-01T00:13:51Z,leak,NORMAL,8615.2,40.21,90.64,81.36,15.11,15.23,26.03,49.98,0,0,0,0,0
2026-01-01T00:13:52Z,leak,NORMAL,8596.2,39.9,91.08,80.62,15.0,14.85,26.08,50.04,0,0,0,0,0
2026-01-01T00:13:53Z,leak,NORMAL,8575.7,40.15,90.72,81.72,15.1,15.11,26.05,49.95,0,0,0,0,0
2026-01-01T00:13:54Z,leak,NORMAL,8571.1,40.03,90.36,81.11,14.85,15.08,26.04,49.94,0,0,0,0,0
2026-01-01T00:13:55Z,leak,NORMAL,8581.8,40.08,91.44,81.13,14.93,15.02,25.96,49.97,0,0,0,0,0
2026-01-01T00:13:56Z,leak,NORMAL,8577.0,40.01,90.58,80.95,14.8,15.08,25.92,50.0,0,0,0,0,0
2026-01-01T00:13:57Z,leak,NORMAL,8605.6,40.31,91.32,80.5,14.99,15.03,26.0,50.01,0,0,0,0,0
2026-01-01T00:13:58Z,leak,NORMAL,8598.4,40.13,91.6,81.43,14.93,14.97,25.96,50.02,0,0,0,0,0
2026-01-01T00:13:59Z,leak,NORMAL,8584.9,40.0,90.82,80.75,15.04,15.09,26.14,50.05,0,0,0,0,0
2026-01-01T00:14:00Z,leak,NORMAL,8585.4,40.25,90.26,81.22,14.94,14.94,26.15,49.98,0,0,0,0,0
2026-01-01T00:14:01Z,leak,NORMAL,8591.4,40.12,90.96,80.33,15.03,14.97,25.94,50.0,0,0,0,0,0
2026-01-01T00:14:02Z,leak,NORMAL,8593.0,40.08,90.21,81.12,15.18,14.81,25.85,49.97,0,0,0,0,0
2026-01-01T00:14:03Z,leak,NORMAL,8568.2,39.63,90.49,81.58,14.96,14.91,25.92,50.02,0,0,0,0,0
2026-01-01T00:14:04Z,leak,NORMAL,8592.4,40.01,92.28,81.14,15.04,14.95,25.84,49.94,0,0,0,0,0
2026-01-01T00:14:05Z,leak,NORMAL,8574.2,40.11,91.04,80.69,14.96,15.11,25.9,50.0,0,0,0,0,0
2026-01-01T00:14:06Z,leak,NORMAL,8589.5,40.1,90.58,79.77,14.8,15.04,25.86,49.98,0,0,0,0,0
2026-01-01T00:14:07Z,leak,NORMAL,8568.9,39.84,91.01,81.02,14.89,14.88,26.1,49.99,0,0,0,0,0
2026-01-01T00:14:08Z,leak,NORMAL,8584.5,39.73,90.56,80.86,14.88,15.01,25.79,49.96,0,0,0,0,0
2026-01-01T00:14:09Z,leak,NORMAL,8577.1,39.67,90.15,81.06,14.9,14.98,25.89,50.02,0,0,0,0,0
2026-01-01T00:14:10Z,leak,NORMAL,8592.7,39.87,90.36,81.09,15.09,14.97,25.89,49.99,0,0,0,0,0
2026-01-01T00:14:11Z,leak,NORMAL,8582.5,40.13,90.73,81.29,15.04,15.22,25.82,50.06,0,0,0,0,0
2026-01-01T00:14:12Z,leak,NORMAL,8591.5,39.76,91.21,81.3,14.94,14.75,25.96,49.94,0,0,0,0,0
2026-01-01T00:14:13Z,leak,NORMAL,8581.2,39.65,91.22,80.07,14.94,14.94,25.88,49.93,0,0,0,0,0
2026-01-01T00:14:14Z,leak,NORMAL,8587.0,40.1,90.74,80.84,14.72,15.16,25.85,50.03,0,0,0,0,0
2026-01-01T00:14:15Z,leak,NORMAL,8583.6,40.01,91.26,80.66,15.1,15.16,25.88,49.99,0,0,0,0,0
2026-01-01T00:14:16Z,leak,NORMAL,8591.0,40.08,90.72,80.81,15.01,15.08,25.81,50.04,0,0,0,0,0
2026-01-01T00:14:17Z,leak,NORMAL,8600.3,40.12,90.87,81.26,14.96,14.89,25.78,49.93,0,0,0,0,0
2026-01-01T00:14:18Z,leak,NORMAL,8589.7,39.9,89.97,81.23,15.04,15.03,25.71,49.94,0,0,0,0,0
2026-01-01T00:14:19Z,leak,NORMAL,8597.1,39.88,91.12,81.03,14.86,14.85,25.89,49.98,0,0,0,0,0
2026-01-01T00:14:20Z,leak,NORMAL,8576.0,40.21,90.07,80.94,15.12,15.08,25.81,50.02,0,0,0,0,0
2026-01-01T00:14:21Z,leak,NORMAL,8584.5,39.82,90.14,81.4,15.01,15.18,25.76,50.05,0,0,0,0,0
2026-01-01T00:14:22Z,leak,NORMAL,8585.9,40.1,90.89,80.49,14.97,14.95,25.83,49.95,0,0,0,0,0
2026-01-01T00:14:23Z,leak,NORMAL,8579.5,40.36,90.43,81.22,14.81,15.05,25.84,49.95,0,0,0,0,0
2026-01-01T00:14:24Z,leak,NORMAL,8581.9,40.02,91.77,81.01,15.04,14.99,25.7,50.13,0,0,0,0,0
2026-01-01T00:14:25Z,leak,NORMAL,8577.6,40.06,90.9,80.22,14.86,14.83,25.94,50.03,0,0,0,0,0
2026-01-01T00:14:26Z,leak,NORMAL,8571.7,39.71,90.43,80.89,14.88,15.09,25.72,49.99,0,0,0,0,0
2026-01-01T00:14:27Z,leak,NORMAL,8573.4,39.56,91.25,80.96,14.78,14.96,25.76,49.95,0,0,0,0,0
2026-01-01T00:14:28Z,leak,NORMAL,8577.3,40.24,91.01,80.23,14.93,14.8,25.81,49.95,0,0,0,0,0
2026-01-01T00:14:29Z,leak,NORMAL,8575.8,40.16,91.27,81.04,14.97,14.84,26.0,50.11,0,0,0,0,0
2026-01-01T00:14:30Z,leak,NORMAL,8571.5,40.09,90.25,80.74,15.0,14.94,25.95,50.02,0,0,0,0,0
2026-01-01T00:14:31Z,leak,NORMAL,8565.5,39.92,90.94,80.13,15.05,15.0,25.86,50.02,0,0,0,0,0
2026-01-01T00:14:32Z,leak,NORMAL,8564.5,39.87,91.5,81.14,15.06,15.06,25.75,49.95,0,0,0,0,0
2026-01-01T00:14:33Z,leak,NORMAL,8588.3,39.96,91.45,80.87,15.11,14.91,25.62,49.99,0,0,0,0,0
2026-01-01T00:14:34Z,leak,NORMAL,8564.8,40.13,90.97,80.14,14.93,14.86,25.68,50.0,0,0,0,0,0
2026-01-01T00:14:35Z,leak,NORMAL,8562.7,40.23,91.0,80.48,15.13,15.09,25.76,49.98,0,0,0,0,0
2026-01-01T00:14:36Z,leak,NORMAL,8587.6,40.16,90.25,80.98,14.92,15.09,25.64,49.97,0,0,0,0,0
2026-01-01T00:14:37Z,leak,NORMAL,8561.3,40.1,90.25,80.9,14.78,15.09,25.46,50.01,0,0,0,0,0
2026-01-01T00:14:38Z,leak,NORMAL,8569.2,39.9,91.32,81.46,15.11,15.11,25.76,49.98,0,0,0,0,0
2026-01-01T00:14:39Z,leak,NORMAL,8568.6,40.22,90.74,79.69,14.83,15.18,25.64,49.97,0,0,0,0,0
2026-01-01T00:14:40Z,leak,NORMAL,8574.7,40.18,91.04,80.96,14.79,15.22,25.68,50.05,0,0,0,0,0
2026-01-01T00:14:41Z,leak,NORMAL,8565.9,39.89,90.62,80.79,15.17,14.87,25.75,50.09,0,0,0,0,0
2026-01-01T00:14:42Z,leak,NORMAL,8558.6,40.01,90.15,81.7,14.89,15.06,25.5,49.96,0,0,0,0,0
2026-01-01T00:14:43Z,leak,NORMAL,8565.2,39.78,90.61,80.2,15.01,14.88,25.59,50.01,0,0,0,0,0
2026-01-01T00:14:44Z,leak,NORMAL,8543.1,40.13,90.32,81.66,14.95,14.91,25.7,50.05,0,0,0,0,0
2026-01-01T00:14:45Z,leak,NORMAL,8537.0,39.87,91.35,80.34,14.88,14.84,25.65,49.94,0,0,0,0,0
2026-01-01T00:14:46Z,leak,NORMAL,8565.1,39.7,90.47,80.76,14.94,14.98,25.58,49.96,0,0,0,0,0
2026-01-01T00:14:47Z,leak,NORMAL,8572.1,40.08,90.91,81.37,15.04,14.97,25.73,49.99,0,0,0,0,0
2026-01-01T00:14:48Z,leak,NORMAL,8576.5,40.04,90.72,81.62,15.08,14.93,25.71,49.94,0,0,0,0,0
2026-01-01T00:14:49Z,leak,NORMAL,8555.7,40.04,90.76,80.75,14.9,15.04,25.71,49.97,0,0,0,0,0
2026-01-01T00:14:50Z,leak,NORMAL,8557.2,40.1,90.93,81.01,15.05,15.06,25.72,50.02,0,0,0,0,0
2026-01-01T00:14:51Z,leak,NORMAL,8551.5,40.07,90.34,80.53,15.03,15.01,25.58,50.03,0,0,0,0,0
2026-01-01T00:14:52Z,leak,NORMAL,8548.2,40.09,90.0,81.48,15.05,15.05,25.64,49.93,0,0,0,0,0
2026-01-01T00:14:53Z,leak,NORMAL,8538.2,40.01,90.47,80.97,15.1,15.04,25.54,50.03,0,0,0,0,0
2026-01-01T00:14:54Z,leak,NORMAL,8548.0,40.08,90.95,80.54,15.15,14.97,25.63,50.06,0,0,0,0,0
2026-01-01T00:14:55Z,leak,NORMAL,8555.1,39.83,90.46,80.91,14.96,14.95,25.72,49.99,0,0,0,0,0
2026-01-01T00:14:56Z,leak,NORMAL,8569.8,39.97,90.12,80.67,15.09,14.94,25.73,50.0,0,0,0,0,0
2026-01-01T00:14:57Z,leak,NORMAL,8555.5,39.85,90.64,80.78,15.1,14.95,25.45,49.94,0,0,0,0,0
2026-01-01T00:14:58Z,leak,NORMAL,8543.9,40.13,90.17,80.29,14.97,15.0,25.59,49.94,0,0,0,0,0
2026-01-01T00:14:59Z,leak,NORMAL,8546.7,40.19,90.8,80.96,14.92,14.97,25.47,50.03,0,0,0,0,0
2026-01-01T00:15:00Z,leak,NORMAL,8557.4,39.95,90.41,80.35,14.99,15.17,25.52,50.01,0,0,0,0,0
2026-01-01T00:15:01Z,leak,NORMAL,8557.2,39.98,89.93,80.93,15.15,15.02,25.58,50.0,0,0,0,0,0
2026-01-01T00:15:02Z,leak,NORMAL,8526.0,40.06,90.34,80.3,15.12,14.9,25.59,49.94,0,0,0,0,0
2026-01-01T00:15:03Z,leak,NORMAL,8549.7,39.72,90.68,80.8,15.07,14.87,25.53,49.96,0,0,0,0,0
2026-01-01T00:15:04Z,leak,NORMAL,8552.7,39.65,90.37,80.98,15.02,14.85,25.68,50.0,0,0,0,0,0
2026-01-01T00:15:05Z,leak,NORMAL,8554.6,39.92,90.57,80.83,14.96,15.22,25.53,50.02,0,0,0,0,0
2026-01-01T00:15:06Z,leak,NORMAL,8537.3,39.89,90.47,80.37,14.91,15.0,25.51,50.11,0,0,0,0,0
2026-01-01T00:15:07Z,leak,NORMAL,8541.0,39.87,90.84,81.59,14.84,15.12,25.44,49.98,0,0,0,0,0
2026-01-01T00:15:08Z,leak,NORMAL,8528.0,39.91,89.83,80.41,14.97,14.99,25.56,50.01,0,0,0,0,0
2026-01-01T00:15:09Z,leak,NORMAL,8540.2,40.26,90.6,81.3,15.01,14.94,25.4,49.86,0,0,0,0,0
2026-01-01T00:15:10Z,leak,NORMAL,8535.8,39.77,90.5,81.34,14.77,15.07,25.38,49.91,0,0,0,0,0
2026-01-01T00:15:11Z,leak,NORMAL,8561.6,40.15,89.01,81.36,14.98,15.15,25.43,50.01,0,0,0,0,0
2026-01-01T00:15:12Z,leak,NORMAL,8539.4,39.59,90.55,81.08,14.9,15.05,25.58,50.0,0,0,0,0,0
2026-01-01T00:15:13Z,leak,NORMAL,8548.7,40.13,91.29,80.8,15.1,14.99,25.58,50.02,0,0,0,0,0
2026-01-01T00:15:14Z,leak,NORMAL,8540.8,40.15,90.31,80.5,14.82,15.02,25.38,49.96,0,0,0,0,0
2026-01-01T00:15:15Z,leak,NORMAL,8531.7,40.13,90.75,80.89,14.98,15.03,25.41,50.08,0,0,0,0,0
2026-01-01T00:15:16Z,leak,NORMAL,8550.8,39.88,89.83,80.07,14.91,14.91,25.52,50.01,0,0,0,0,0
2026-01-01T00:15:17Z,leak,NORMAL,8542.1,40.04,90.55,80.49,15.16,15.16,25.4,50.02,0,0,0,0,0
2026-01-01T00:15:18Z,leak,NORMAL,8530.1,39.95,90.15,80.06,14.97,15.09,25.61,50.05,0,0,0,0,0
2026-01-01T00:15:19Z,leak,NORMAL,8533.2,40.27,90.38,80.56,14.87,15.12,25.57,49.95,0,0,0,0,0
2026-01-01T00:15:20Z,leak,NORMAL,8518.2,40.4,90.53,80.08,14.97,15.06,25.57,50.04,0,0,0,0,0
2026-01-01T00:15:21Z,leak,NORMAL,8545.9,40.15,90.63,81.22,14.95,14.94,25.32,50.04,0,0,0,0,0
2026-01-01T00:15:22Z,leak,NORMAL,8521.9,40.05,90.44,80.43,14.96,15.1,25.61,49.98,0,0,0,0,0
2026-01-01T00:15:23Z,leak,NORMAL,8520.1,40.39,90.43,80.31,14.97,15.09,25.44,50.0,0,0,0,0,0
2026-01-01T00:15:24Z,leak,NORMAL,8514.1,39.84,90.93,80.79,15.1,14.83,25.38,50.02,0,0,0,0,0
2026-01-01T00:15:25Z,leak,NORMAL,8532.7,40.42,90.46,80.13,14.92,14.87,25.57,49.99,0,0,0,0,0
2026-01-01T00:15:26Z,leak,NORMAL,8518.6,40.23,91.03,80.41,14.95,15.03,25.26,50.02,0,0,0,0,0
2026-01-01T00:15:27Z,leak,NORMAL,8530.9,40.04,90.7,80.57,15.02,15.14,25.43,50.08,0,0,0,0,0
2026-01-01T00:15:28Z,leak,NORMAL,8531.7,39.95,90.31,80.21,15.12,15.28,25.39,50.01,0,0,0,0,0
2026-01-01T00:15:29Z,leak,NORMAL,8527.0,40.02,90.24,80.86,14.85,14.91,25.43,50.0,0,0,0,0,0
2026-01-01T00:15:30Z,leak,NORMAL,8523.2,40.12,90.91,80.01,14.93,15.11,25.41,50.01,0,0,0,0,0
2026-01-01T00:15:31Z,leak,NORMAL,8532.3,39.63,91.05,80.62,14.87,15.12,25.57,50.08,0,0,0,0,0
2026-01-01T00:15:32Z,leak,NORMAL,8516.7,40.14,90.56,79.83,15.26,14.9,25.59,50.0,0,0,0,0,0
2026-01-01T00:15:33Z,leak,NORMAL,8520.9,39.95,90.98,81.4,15.02,14.94,25.31,50.03,0,0,0,0,0
2026-01-01T00:15:34Z,leak,NORMAL,8495.0,39.68,90.28,80.65,14.95,14.96,25.2,49.98,0,0,0,0,0
2026-01-01T00:15:35Z,leak,NORMAL,8514.8,40.06,90.55,79.51,15.16,14.79,25.42,49.98,0,0,0,0,0
2026-01-01T00:15:36Z,leak,NORMAL,8525.2,40.11,90.16,80.32,14.83,14.99,25.29,49.95,0,0,0,0,0
2026-01-01T00:15:37Z,leak,NORMAL,8503.2,40.0,90.03,80.91,14.95,14.85,25.27,50.0,0,0,0,0,0
2026-01-01T00:15:38Z,leak,NORMAL,8495.0,40.26,90.12,80.39,15.01,15.07,25.41,49.96,0,0,0,0,0
2026-01-01T00:15:39Z,leak,NORMAL,8505.1,40.39,89.17,79.94,14.91,15.09,25.37,50.02,0,0,0,0,0
2026-01-01T00:15:40Z,leak,NORMAL,8502.6,40.06,89.73,80.16,14.92,14.93,25.23,50.01,0,0,0,0,0
2026-01-01T00:15:41Z,leak,NORMAL,8513.3,39.84,89.97,80.65,15.01,15.14,25.3,50.02,0,0,0,0,0
2026-01-01T00:15:42Z,leak,NORMAL,8516.0,39.8,89.65,79.74,15.04,14.98,25.35,50.01,0,0,0,0,0
2026-01-01T00:15:43Z,leak,NORMAL,8510.4,40.13,89.98,80.79,15.06,14.86,25.29,50.08,0,0,0,0,0
2026-01-01T00:15:44Z,leak,NORMAL,8543.3,39.99,90.18,79.59,15.01,14.99,25.25,50.09,0,0,0,0,0
2026-01-01T00:15:45Z,leak,NORMAL,8508.5,39.8,89.61,80.76,14.94,14.91,25.13,49.99,0,0,0,0,0
2026-01-01T00:15:46Z,leak,NORMAL,8511.4,40.16,90.27,81.21,14.88,15.02,25.33,49.92,0,0,0,0,0
2026-01-01T00:15:47Z,leak,NORMAL,8502.5,39.78,90.25,79.96,15.07,15.16,25.27,49.97,0,0,0,0,0
2026-01-01T00:15:48Z,leak,NORMAL,8491.3,40.08,89.67,80.83,15.17,15.17,25.46,50.01,0,0,0,0,0
2026-01-01T00:15:49Z,leak,NORMAL,8507.0,39.84,89.45,80.73,14.86,15.1,25.19,49.99,0,0,0,0,0
2026-01-01T00:15:50Z,leak,NORMAL,8518.8,40.05,90.36,80.21,15.09,14.97,25.18,49.95,0,0,0,0,0
2026-01-01T00:15:51Z,leak,NORMAL,8484.8,39.75,90.43,80.3,14.9,15.08,25.28,50.02,0,0,0,0,0
2026-01-01T00:15:52Z,leak,NORMAL,8489.5,39.91,90.26,80.19,15.1,15.08,25.41,50.02,0,0,0,0,0
2026-01-01T00:15:53Z,leak,NORMAL,8492.0,40.01,91.24,80.86,14.98,15.07,25.23,49.98,0,0,0,0,0
2026-01-01T00:15:54Z,leak,NORMAL,8508.8,40.09,90.53,81.18,14.95,15.03,25.34,50.04,0,0,0,0,0
2026-01-01T00:15:55Z,leak,NORMAL,8492.7,40.01,91.02,80.02,15.05,15.05,25.09,50.03,0,0,0,0,0
2026-01-01T00:15:56Z,leak,NORMAL,8482.0,40.04,90.66,80.04,14.85,15.0,25.23,50.01,0,0,0,0,0
2026-01-01T00:15:57Z,leak,NORMAL,8496.7,40.06,89.3,80.82,14.78,14.96,25.3,49.96,0,0,0,0,0
2026-01-01T00:15:58Z,leak,NORMAL,8479.0,39.85,89.78,81.27,14.85,15.04,25.2,49.96,0,0,0,0,0
2026-01-01T00:15:59Z,leak,NORMAL,8478.7,39.76,90.19,80.6,15.13,14.9,25.0,50.03,0,0,0,0,0
2026-01-01T00:16:00Z,leak,NORMAL,8496.8,40.24,89.06,81.0,15.01,15.2,25.18,50.07,0,0,0,0,0
2026-01-01T00:16:01Z,leak,NORMAL,8484.7,40.43,89.74,79.48,15.02,15.11,25.32,50.0,0,0,0,0,0
2026-01-01T00:16:02Z,leak,NORMAL,8493.5,40.0,90.66,80.76,14.95,15.1,25.19,50.06,0,0,0,0,0
2026-01-01T00:16:03Z,leak,NORMAL,8484.7,40.02,89.69,79.44,14.88,15.11,25.25,49.96,0,0,0,0,0
2026-01-01T00:16:04Z,leak,NORMAL,8492.5,40.01,90.35,79.99,15.0,14.88,25.29,50.03,0,0,0,0,0
2026-01-01T00:16:05Z,leak,NORMAL,8487.7,40.49,90.54,80.92,15.03,14.95,25.22,50.0,0,0,0,0,0
2026-01-01T00:16:06Z,leak,NORMAL,8482.2,40.24,89.79,80.32,15.01,14.85,25.22,50.04,0,0,0,0,0
2026-01-01T00:16:07Z,leak,NORMAL,8485.1,40.05,89.77,79.87,14.94,14.82,25.21,49.93,0,0,0,0,0
2026-01-01T00:16:08Z,leak,NORMAL,8479.1,39.58,89.59,80.44,15.01,15.0,25.18,49.92,0,0,0,0,0
2026-01-01T00:16:09Z,leak,NORMAL,8491.4,39.92,89.93,80.38,14.73,15.14,25.11,50.03,0,0,0,0,0
2026-01-01T00:16:10Z,leak,NORMAL,8478.2,39.88,90.56,79.55,15.03,14.95,25.19,50.04,0,0,0,0,0
2026-01-01T00:16:11Z,leak,NORMAL,8487.6,40.11,89.59,80.02,15.03,15.12,25.18,49.99,0,0,0,0,0
2026-01-01T00:16:12Z,leak,NORMAL,8481.8,40.18,90.11,80.58,14.96,15.09,25.09,50.0,0,0,0,0,0
2026-01-01T00:16:13Z,leak,NORMAL,8484.5,39.73,89.74,80.26,15.02,15.08,24.89,49.92,0,0,0,0,0
2026-01-01T00:16:14Z,leak,NORMAL,8487.7,40.15,90.83,80.05,15.12,15.22,24.88,49.92,0,0,0,0,0
2026-01-01T00:16:15Z,leak,NORMAL,8471.8,39.72,90.61,79.97,14.93,15.12,25.17,49.97,0,0,0,0,0
2026-01-01T00:16:16Z,leak,NORMAL,8482.6,39.82,89.49,80.68,14.92,14.95,25.05,49.97,0,0,0,0,0
2026-01-01T00:16:17Z,leak,NORMAL,8449.4,39.69,89.9,80.77,15.07,14.95,25.08,49.92,0,0,0,0,0
2026-01-01T00:16:18Z,leak,NORMAL,8471.3,39.95,89.52,80.37,15.04,15.06,25.31,50.03,0,0,0,0,0
2026-01-01T00:16:19Z,leak,NORMAL,8453.2,39.72,89.78,79.62,14.97,15.14,25.09,49.94,0,0,0,0,0
2026-01-01T00:16:20Z,leak,NORMAL,8486.3,39.96,89.77,80.16,15.05,14.93,25.08,50.06,0,0,0,0,0
2026-01-01T00:16:21Z,leak,NORMAL,8483.3,39.84,89.79,80.8,14.97,14.87,25.0,50.03,0,0,0,0,0
2026-01-01T00:16:22Z,leak,NORMAL,8469.0,40.01,89.91,79.89,15.05,15.13,25.1,50.03,0,0,0,0,0
2026-01-01T00:16:23Z,leak,NORMAL,8480.3,40.15,90.33,79.01,15.0,15.04,25.04,49.96,0,0,0,0,0
2026-01-01T00:16:24Z,leak,NORMAL,8466.8,39.85,89.92,80.35,14.98,15.11,24.99,49.97,0,0,0,0,0
2026-01-01T00:16:25Z,leak,NORMAL,8468.0,39.92,90.24,79.91,15.05,15.09,24.88,50.0,0,0,0,0,0
2026-01-01T00:16:26Z,leak,NORMAL,8467.5,39.63,89.76,79.89,14.86,15.13,25.05,49.89,0,0,0,0,0
2026-01-01T00:16:27Z,leak,NORMAL,8460.6,39.94,89.67,79.6,14.89,15.02,24.93,50.05,0,0,0,0,0
2026-01-01T00:16:28Z,leak,NORMAL,8469.3,40.05,89.43,80.02,15.01,15.01,24.86,50.0,0,0,0,0,0
2026-01-01T00:16:29Z,leak,NORMAL,8440.7,40.02,90.94,79.47,14.92,15.08,24.93,49.95,0,0,0,0,0
2026-01-01T00:16:30Z,leak,NORMAL,8460.2,40.03,90.13,79.72,14.94,14.97,24.94,50.01,0,0,0,0,0
2026-01-01T00:16:31Z,leak,NORMAL,8475.3,39.83,89.11,79.9,14.94,14.86,24.87,49.91,0,0,0,0,0
2026-01-01T00:16:32Z,leak,NORMAL,8460.1,39.85,90.57,80.13,14.9,14.89,24.95,49.93,0,0,0,0,0
2026-01-01T00:16:33Z,leak,NORMAL,8459.0,40.22,89.5,79.57,14.8,14.85,25.0,49.99,0,0,0,0,0
2026-01-01T00:16:34Z,leak,NORMAL,8460.8,39.71,90.09,79.66,14.82,14.89,24.92,50.0,0,0,0,0,0
2026-01-01T00:16:35Z,leak,NORMAL,8441.3,40.18,89.64,80.32,15.14,14.97,24.91,50.03,0,0,0,0,0
2026-01-01T00:16:36Z,leak,NORMAL,8439.7,40.22,89.6,79.67,14.89,14.87,24.94,50.02,0,0,0,0,0
2026-01-01T00:16:37Z,leak,NORMAL,8456.0,39.54,89.28,80.13,15.18,14.99,25.0,50.0,0,0,0,0,0
2026-01-01T00:16:38Z,leak,NORMAL,8451.3,39.77,89.16,79.2,15.05,15.09,24.94,49.97,0,0,0,0,0
2026-01-01T00:16:39Z,leak,NORMAL,8464.5,40.44,88.73,80.14,15.01,15.03,25.02,50.08,0,0,0,0,0
2026-01-01T00:16:40Z,leak,NORMAL,8452.3,40.43,89.01,80.23,14.86,14.86,24.98,50.04,0,0,0,0,0
2026-01-01T00:16:41Z,leak,NORMAL,8446.9,40.11,89.22,80.39,14.85,15.02,24.96,50.01,0,0,0,0,0
2026-01-01T00:16:42Z,leak,NORMAL,8451.8,39.98,88.29,79.09,15.1,15.07,25.06,50.0,0,0,0,0,0
2026-01-01T00:16:43Z,leak,NORMAL,8467.8,39.97,90.08,79.58,14.94,15.09,24.78,50.08,0,0,0,0,0
2026-01-01T00:16:44Z,leak,NORMAL,8468.5,40.0,90.25,79.54,14.98,15.02,24.86,50.04,0,0,0,0,0
2026-01-01T00:16:45Z,leak,NORMAL,8458.1,40.13,89.29,79.04,15.04,14.96,24.75,49.94,0,0,0,0,0
2026-01-01T00:16:46Z,leak,NORMAL,8445.5,40.3,89.73,79.35,14.89,14.9,24.8,50.01,0,0,0,0,0
2026-01-01T00:16:47Z,leak,NORMAL,8458.6,40.54,90.41,79.54,15.09,15.01,25.07,50.03,0,0,0,0,0
2026-01-01T00:16:48Z,leak,NORMAL,8441.7,40.19,89.12,79.45,14.97,14.97,24.68,50.05,0,0,0,0,0
2026-01-01T00:16:49Z,leak,NORMAL,8472.5,39.75,90.19,78.91,14.99,14.92,24.9,50.03,0,0,0,0,0
2026-01-01T00:16:50Z,leak,NORMAL,8432.1,39.97,89.87,79.28,15.12,15.13,24.83,50.07,0,0,0,0,0
2026-01-01T00:16:51Z,leak,NORMAL,8424.7,39.88,89.76,80.21,15.11,15.1,24.87,50.03,0,0,0,0,0
2026-01-01T00:16:52Z,leak,NORMAL,8443.6,39.71,89.93,80.01,14.99,14.94,25.06,49.95,0,0,0,0,0
2026-01-01T00:16:53Z,leak,NORMAL,8443.2,39.86,89.45,80.29,15.04,14.97,24.94,50.05,0,0,0,0,0
2026-01-01T00:16:54Z,leak,NORMAL,8441.0,39.91,89.1,78.76,15.16,14.93,24.73,49.96,0,0,0,0,0
2026-01-01T00:16:55Z,leak,NORMAL,8429.5,40.22,89.41,79.21,14.92,14.9,24.95,49.93,0,0,0,0,0
2026-01-01T00:16:56Z,leak,NORMAL,8440.9,40.1,89.63,79.8,14.99,14.77,24.83,49.98,0,0,0,0,0
2026-01-01T00:16:57Z,leak,NORMAL,8426.1,40.29,90.07,79.49,15.04,15.0,24.64,49.98,0,0,0,0,0
2026-01-01T00:16:58Z,leak,NORMAL,8447.2,39.98,88.93,80.23,15.03,14.88,24.77,49.98,0,0,0,0,0
2026-01-01T00:16:59Z,leak,NORMAL,8427.9,40.15,89.15,79.73,15.18,14.93,24.71,50.0,0,0,0,0,0
2026-01-01T00:17:00Z,leak,NORMAL,8432.5,39.93,88.96,78.88,14.96,14.87,24.7,50.14,0,0,0,0,0
2026-01-01T00:17:01Z,leak,NORMAL,8460.4,40.48,89.25,79.09,15.06,14.9,24.78,49.95,0,0,0,0,0
2026-01-01T00:17:02Z,leak,NORMAL,8444.4,39.98,89.56,79.33,14.98,14.82,24.79,49.98,0,0,0,0,0
2026-01-01T00:17:03Z,leak,NORMAL,8438.9,39.91,88.89,79.66,15.15,14.99,24.97,49.87,0,0,0,0,0
2026-01-01T00:17:04Z,leak,NORMAL,8425.3,39.95,88.71,78.24,15.0,14.9,24.7,49.99,0,0,0,0,0
2026-01-01T00:17:05Z,leak,NORMAL,8431.0,39.88,89.68,79.21,15.11,15.12,24.62,49.96,0,0,0,0,0
2026-01-01T00:17:06Z,leak,NORMAL,8441.7,39.75,89.07,79.67,15.1,15.12,24.76,50.03,0,0,0,0,0
2026-01-01T00:17:07Z,leak,NORMAL,8435.0,40.33,89.35,79.52,14.98,14.87,24.63,49.87,0,0,0,0,0
2026-01-01T00:17:08Z,leak,NORMAL,8445.7,40.39,88.48,80.0,15.04,14.98,24.82,49.99,0,0,0,0,0
2026-01-01T00:17:09Z,leak,NORMAL,8456.8,40.18,88.94,79.02,15.14,14.97,24.73,50.01,0,0,0,0,0
2026-01-01T00:17:10Z,leak,NORMAL,8430.3,40.23,88.86,78.41,14.94,14.92,24.68,49.92,0,0,0,0,0
2026-01-01T00:17:11Z,leak,NORMAL,8419.5,39.71,89.8,79.0,14.98,15.14,24.7,50.02,0,0,0,0,0
2026-01-01T00:17:12Z,leak,NORMAL,8438.3,40.12,89.02,79.02,15.13,15.02,24.66,49.98,0,0,0,0,0
2026-01-01T00:17:13Z,leak,NORMAL,8427.0,39.64,89.54,80.05,14.93,14.92,24.68,49.99,0,0,0,0,0
2026-01-01T00:17:14Z,leak,NORMAL,8447.0,40.17,89.39,79.21,15.01,14.98,24.6,49.98,0,0,0,0,0
2026-01-01T00:17:15Z,leak,NORMAL,8430.6,39.79,88.63,79.43,14.96,14.83,24.83,50.06,0,0,0,0,0
2026-01-01T00:17:16Z,leak,NORMAL,8446.4,39.91,89.57,80.11,15.05,15.12,24.72,49.98,0,0,0,0,0
2026-01-01T00:17:17Z,leak,NORMAL,8429.5,40.1,89.61,80.04,15.02,14.98,24.82,49.99,0,0,0,0,0
2026-01-01T00:17:18Z,leak,NORMAL,8416.0,40.19,88.2,80.04,15.08,15.0,24.81,49.98,0,0,0,0,0
2026-01-01T00:17:19Z,leak,NORMAL,8426.6,39.71,88.64,79.7,14.96,14.89,24.78,50.0,0,0,0,0,0
2026-01-01T00:17:20Z,leak,NORMAL,8416.3,39.97,90.0,80.01,15.01,15.06,24.62,50.09,0,0,0,0,0
2026-01-01T00:17:21Z,leak,NORMAL,8435.4,39.93,89.34,79.92,15.1,15.1,24.74,50.02,0,0,0,0,0
2026-01-01T00:17:22Z,leak,NORMAL,8405.7,40.29,89.07,79.57,15.0,15.11,24.62,49.94,0,0,0,0,0
2026-01-01T00:17:23Z,leak,NORMAL,8435.7,40.14,90.0,79.42,15.03,15.09,24.56,49.92,0,0,0,0,0
2026-01-01T00:17:24Z,leak,NORMAL,8412.2,39.87,90.11,80.72,14.98,15.01,24.62,49.99,0,0,0,0,0
2026-01-01T00:17:25Z,leak,NORMAL,8423.3,40.07,89.04,79.37,14.94,14.93,24.61,50.03,0,0,0,0,0
2026-01-01T00:17:26Z,leak,NORMAL,8424.1,39.9,89.69,79.45,15.1,14.98,24.82,50.07,0,0,0,0,0
2026-01-01T00:17:27Z,leak,NORMAL,8426.0,40.29,88.88,80.28,14.88,15.01,24.57,49.9,0,0,0,0,0
2026-01-01T00:17:28Z,leak,NORMAL,8405.2,39.91,89.44,79.21,15.09,14.97,24.53,50.07,0,0,0,0,0
2026-01-01T00:17:29Z,leak,NORMAL,8429.6,39.95,88.38,78.85,14.95,15.01,24.74,50.0,0,0,0,0,0
2026-01-01T00:17:30Z,leak,NORMAL,8419.9,40.09,88.59,79.95,15.15,15.05,24.77,49.99,0,0,0,0,0
2026-01-01T00:17:31Z,leak,NORMAL,8416.5,40.27,89.09,79.07,15.18,14.98,24.53,50.0,0,0,0,0,0
2026-01-01T00:17:32Z,leak,NORMAL,8394.5,40.21,89.84,78.74,14.93,15.19,24.7,49.98,0,0,0,0,0
2026-01-01T00:17:33Z,leak,NORMAL,8413.7,40.08,89.87,79.75,15.06,14.98,24.75,50.03,0,0,0,0,0
2026-01-01T00:17:34Z,leak,NORMAL,8403.9,39.92,90.06,78.44,14.89,15.05,24.58,49.94,0,0,0,0,0
2026-01-01T00:17:35Z,leak,NORMAL,8379.3,39.93,89.74,78.84,14.89,15.08,24.72,49.96,0,0,0,0,0
2026-01-01T00:17:36Z,leak,NORMAL,8410.4,39.7,89.14,78.96,14.98,14.76,24.67,49.91,0,0,0,0,0
2026-01-01T00:17:37Z,leak,NORMAL,8399.9,39.95,88.13,78.52,14.91,14.82,24.5,49.99,0,0,0,0,0
2026-01-01T00:17:38Z,leak,NORMAL,8429.9,40.17,87.9,79.21,14.91,15.05,24.53,50.02,0,0,0,0,0
2026-01-01T00:17:39Z,leak,NORMAL,8418.9,39.92,88.3,79.1,15.06,15.06,24.54,50.03,0,0,0,0,0
2026-01-01T00:17:40Z,leak,NORMAL,8411.0,39.74,89.21,79.72,15.13,14.94,24.56,49.99,0,0,0,0,0
2026-01-01T00:17:41Z,leak,NORMAL,8398.0,40.06,88.65,79.33,14.93,14.94,24.54,50.0,0,0,0,0,0
2026-01-01T00:17:42Z,leak,NORMAL,8416.0,39.92,88.97,79.47,14.96,15.0,24.48,50.0,0,0,0,0,0
2026-01-01T00:17:43Z,leak,NORMAL,8418.8,40.16,89.51,79.89,15.02,15.1,24.5,50.05,0,0,0,0,0
2026-01-01T00:17:44Z,leak,NORMAL,8417.7,40.33,89.51,79.61,15.03,14.95,24.46,50.04,0,0,0,0,0
2026-01-01T00:17:45Z,leak,NORMAL,8396.9,40.31,89.2,79.58,15.1,15.03,24.51,49.89,0,0,0,0,0
2026-01-01T00:17:46Z,leak,NORMAL,8412.9,40.11,88.35,79.36,14.99,15.1,24.34,49.97,0,0,0,0,0
2026-01-01T00:17:47Z,leak,NORMAL,8406.9,39.83,89.17,78.23,14.77,15.0,24.56,49.96,0,0,0,0,0
2026-01-01T00:17:48Z,leak,NORMAL,8412.2,40.06,89.36,79.29,14.83,15.0,24.51,50.08,0,0,0,0,0
2026-01-01T00:17:49Z,leak,NORMAL,8393.1,40.46,89.03,78.71,14.97,15.11,24.5,49.96,0,0,0,0,0
2026-01-01T00:17:50Z,leak,NORMAL,8414.6,40.2,89.07,80.09,15.21,14.76,24.49,50.09,0,0,0,0,0
2026-01-01T00:17:51Z,leak,NORMAL,8412.4,40.3,89.35,78.5,14.94,15.0,24.61,50.0,0,0,0,0,0
2026-01-01T00:17:52Z,leak,NORMAL,8402.2,39.89,89.15,79.32,15.23,14.99,24.35,50.03,0,0,0,0,0
2026-01-01T00:17:53Z,leak,NORMAL,8409.4,40.03,88.7,79.45,14.95,14.95,24.41,50.05,0,0,0,0,0
2026-01-01T00:17:54Z,leak,NORMAL,8392.0,39.98,88.92,79.58,14.98,15.09,24.38,50.02,0,0,0,0,0
2026-01-01T00:17:55Z,leak,NORMAL,8408.8,40.02,89.83,79.47,15.03,15.11,24.49,49.99,0,0,0,0,0
2026-01-01T00:17:56Z,leak,NORMAL,8415.4,40.45,88.76,79.52,15.01,15.01,24.26,49.97,0,0,0,0,0
2026-01-01T00:17:57Z,leak,NORMAL,8397.3,40.29,88.48,79.85,14.91,14.98,24.4,49.97,0,0,0,0,0
2026-01-01T00:17:58Z,leak,NORMAL,8389.5,40.28,89.59,79.78,15.1,15.09,24.56,49.96,0,0,0,0,0
2026-01-01T00:17:59Z,leak,NORMAL,8410.5,40.29,89.2,79.09,14.91,14.97,24.38,49.85,0,0,0,0,0
2026-01-01T00:18:00Z,leak,NORMAL,8409.2,40.31,89.34,79.26,14.93,14.98,24.56,49.93,0,0,0,0,0
2026-01-01T00:18:01Z,leak,NORMAL,8426.8,39.7,89.45,78.83,14.96,14.78,24.51,50.02,0,0,0,0,0
2026-01-01T00:18:02Z,leak,NORMAL,8414.7,39.9,89.69,79.25,14.98,14.95,24.53,50.02,0,0,0,0,0
2026-01-01T00:18:03Z,leak,NORMAL,8407.9,39.7,88.98,78.65,14.92,14.81,24.46,49.99,0,0,0,0,0
2026-01-01T00:18:04Z,leak,NORMAL,8403.5,39.8,89.1,78.65,14.99,15.06,24.44,50.03,0,0,0,0,0
2026-01-01T00:18:05Z,leak,NORMAL,8396.4,39.61,89.14,78.61,14.97,14.88,24.37,50.03,0,0,0,0,0
2026-01-01T00:18:06Z,leak,NORMAL,8399.7,39.76,89.07,79.27,15.0,15.03,24.51,50.08,0,0,0,0,0
2026-01-01T00:18:07Z,leak,NORMAL,8409.9,39.93,89.18,78.44,15.0,15.19,24.37,50.0,0,0,0,0,0
2026-01-01T00:18:08Z,leak,NORMAL,8394.7,40.22,88.85,79.28,14.97,14.88,24.36,49.95,0,0,0,0,0
2026-01-01T00:18:09Z,leak,NORMAL,8395.6,39.89,89.85,79.44,15.03,14.94,24.43,49.99,0,0,0,0,0
2026-01-01T00:18:10Z,leak,NORMAL,8414.4,39.96,89.85,79.0,15.01,14.95,24.36,49.95,0,0,0,0,0
2026-01-01T00:18:11Z,leak,NORMAL,8390.5,39.67,88.57,78.64,15.03,14.94,24.34,50.07,0,0,0,0,0
2026-01-01T00:18:12Z,leak,NORMAL,8407.7,39.69,89.19,79.41,14.99,14.91,24.38,49.99,0,0,0,0,0
2026-01-01T00:18:13Z,leak,NORMAL,8404.3,40.12,89.19,78.85,14.84,15.01,24.33,49.99,0,0,0,0,0
2026-01-01T00:18:14Z,leak,NORMAL,8404.8,40.11,88.44,79.52,15.04,15.02,24.34,50.11,0,0,0,0,0
2026-01-01T00:18:15Z,leak,NORMAL,8405.9,39.98,88.18,78.96,15.05,14.87,24.32,50.01,0,0,0,0,0
2026-01-01T00:18:16Z,leak,NORMAL,8409.1,39.7,88.88,78.97,15.0,15.04,24.41,50.05,0,0,0,0,0
2026-01-01T00:18:17Z,leak,NORMAL,8427.1,40.04,89.2,79.02,14.99,14.91,24.3,49.97,0,0,0,0,0
2026-01-01T00:18:18Z,leak,NORMAL,8388.2,40.03,88.69,79.18,14.97,15.05,24.46,50.03,0,0,0,0,0
2026-01-01T00:18:19Z,leak,NORMAL,8397.3,39.93,89.07,78.87,14.97,15.11,24.33,49.98,0,0,0,0,0
2026-01-01T00:18:20Z,leak,NORMAL,8402.7,39.98,88.71,79.19,14.96,14.94,24.37,49.97,0,0,0,0,0
2026-01-01T00:18:21Z,leak,NORMAL,8414.6,39.75,89.2,79.26,15.04,15.03,24.38,49.99,0,0,0,0,0
2026-01-01T00:18:22Z,leak,NORMAL,8396.9,39.93,89.96,78.54,15.11,14.92,24.34,50.06,0,0,0,0,0
2026-01-01T00:18:23Z,leak,NORMAL,8388.4,39.82,89.4,79.66,14.94,15.17,24.25,50.02,0,0,0,0,0
2026-01-01T00:18:24Z,leak,NORMAL,8413.3,39.85,89.79,78.68,14.99,14.96,24.51,50.0,0,0,0,0,0
2026-01-01T00:18:25Z,leak,NORMAL,8409.2,40.23,88.75,79.5,14.97,14.83,24.23,50.0,0,0,0,0,0
2026-01-01T00:18:26Z,leak,NORMAL,8378.1,39.76,88.92,79.26,15.06,15.0,24.2,50.03,0,0,0,0,0
2026-01-01T00:18:27Z,leak,NORMAL,8386.8,40.14,88.19,79.5,14.91,15.16,24.21,49.97,0,0,0,0,0
2026-01-01T00:18:28Z,leak,NORMAL,8390.2,40.11,88.35,78.91,15.04,14.91,24.16,49.97,0,0,0,0,0
2026-01-01T00:18:29Z,leak,NORMAL,8386.9,39.86,88.95,78.26,15.0,15.01,24.26,50.0,0,0,0,0,0
2026-01-01T00:18:30Z,leak,NORMAL,8377.0,39.82,89.11,78.95,14.89,15.16,24.36,49.93,0,0,0,0,0
2026-01-01T00:18:31Z,leak,NORMAL,8398.9,40.11,89.76,77.97,15.06,14.96,24.25,49.99,0,0,0,0,0
2026-01-01T00:18:32Z,leak,NORMAL,8417.1,40.39,88.81,78.56,15.26,15.04,24.12,50.06,0,0,0,0,0
2026-01-01T00:18:33Z,leak,NORMAL,8398.5,39.93,89.48,78.16,15.09,15.02,24.25,50.01,0,0,0,0,0
2026-01-01T00:18:34Z,leak,NORMAL,8384.0,39.85,89.14,79.28,14.99,14.83,24.19,49.96,0,0,0,0,0
2026-01-01T00:18:35Z,leak,NORMAL,8392.9,40.1,89.1,78.26,14.99,15.06,24.23,49.99,0,0,0,0,0
2026-01-01T00:18:36Z,leak,NORMAL,8400.8,39.76,89.89,79.08,14.91,14.82,24.02,49.97,0,0,0,0,0
2026-01-01T00:18:37Z,leak,NORMAL,8411.1,39.89,88.82,78.5,15.15,15.22,23.92,49.98,0,0,0,0,0
2026-01-01T00:18:38Z,leak,NORMAL,8405.8,40.1,88.69,78.77,15.07,15.15,24.01,49.97,0,0,0,0,0
2026-01-01T00:18:39Z,leak,NORMAL,8405.6,39.79,88.67,79.67,15.03,14.95,24.23,49.93,0,0,0,0,0
2026-01-01T00:18:40Z,leak,NORMAL,8402.7,40.09,89.55,79.32,15.01,14.98,24.15,50.06,0,0,0,0,0
2026-01-01T00:18:41Z,leak,NORMAL,8413.6,40.11,88.97,78.57,14.86,14.95,24.25,50.01,0,0,0,0,0
2026-01-01T00:18:42Z,leak,NORMAL,8414.1,39.96,88.14,78.66,15.08,15.02,24.18,50.0,0,0,0,0,0
2026-01-01T00:18:43Z,leak,NORMAL,8396.4,40.13,88.69,79.2,15.0,14.84,24.31,49.99,0,0,0,0,0
2026-01-01T00:18:44Z,leak,NORMAL,8410.0,40.12,88.94,78.77,15.02,14.95,24.07,49.97,0,0,0,0,0
2026-01-01T00:18:45Z,leak,NORMAL,8385.1,39.8,88.88,79.27,14.8,15.05,24.28,50.04,0,0,0,0,0
2026-01-01T00:18:46Z,leak,NORMAL,8415.5,39.76,88.47,78.29,15.14,15.22,23.98,49.99,0,0,0,0,0
2026-01-01T00:18:47Z,leak,NORMAL,8388.7,39.62,88.48,79.73,14.95,15.08,24.2,49.96,0,0,0,0,0
2026-01-01T00:18:48Z,leak,NORMAL,8415.7,39.78,88.7,79.21,14.97,14.97,24.21,50.06,0,0,0,0,0
2026-01-01T00:18:49Z,leak,NORMAL,8384.5,40.01,89.59,79.78,14.75,14.92,24.13,49.98,0,0,0,0,0
2026-01-01T00:18:50Z,leak,NORMAL,8409.9,40.1,89.23,78.87,14.98,15.09,24.17,50.02,0,0,0,0,0
2026-01-01T00:18:51Z,leak,NORMAL,8404.0,39.85,88.58,79.05,15.1,14.9,24.15,50.02,0,0,0,0,0
2026-01-01T00:18:52Z,leak,NORMAL,8400.6,39.98,89.28,78.59,15.14,14.83,24.17,50.03,0,0,0,0,0
2026-01-01T00:18:53Z,leak,NORMAL,8417.2,39.59,88.43,79.52,14.92,15.0,24.21,49.95,0,0,0,0,0
2026-01-01T00:18:54Z,leak,NORMAL,8393.2,39.8,88.94,78.61,15.01,14.99,24.14,49.97,0,0,0,0,0
2026-01-01T00:18:55Z,leak,NORMAL,8409.4,40.17,89.41,79.2,14.96,15.01,23.95,50.02,0,0,0,0,0
2026-01-01T00:18:56Z,leak,NORMAL,8413.2,39.87,89.66,79.4,15.2,14.89,24.09,49.97,0,0,0,0,0
2026-01-01T00:18:57Z,leak,NORMAL,8400.3,40.15,89.55,78.97,14.97,14.89,24.07,50.01,0,0,0,0,0
2026-01-01T00:18:58Z,leak,NORMAL,8411.0,40.19,88.69,78.64,15.13,15.03,23.9,50.08,0,0,0,0,0
2026-01-01T00:18:59Z,leak,NORMAL,8398.2,40.16,88.81,79.01,15.17,14.82,24.03,49.96,0,0,0,0,0
2026-01-01T00:19:00Z,leak,NORMAL,8402.6,39.94,89.44,79.2,14.95,15.15,24.14,49.96,0,0,0,0,0
2026-01-01T00:19:01Z,leak,NORMAL,8401.9,39.86,89.09,78.79,15.07,14.95,24.06,49.97,0,0,0,0,0
2026-01-01T00:19:02Z,leak,NORMAL,8399.9,40.17,88.23,79.1,15.08,15.13,23.95,50.06,0,0,0,0,0
2026-01-01T00:19:03Z,leak,NORMAL,8405.2,40.02,89.12,78.32,15.13,15.07,23.98,49.97,0,0,0,0,0
2026-01-01T00:19:04Z,leak,NORMAL,8430.2,39.96,88.95,78.16,14.98,15.05,23.98,50.01,0,0,0,0,0
2026-01-01T00:19:05Z,leak,NORMAL,8410.2,39.93,89.49,78.89,14.99,15.0,23.85,50.03,0,0,0,0,0
2026-01-01T00:19:06Z,leak,NORMAL,8415.0,40.16,89.22,78.94,15.05,15.27,23.92,50.03,0,0,0,0,0
2026-01-01T00:19:07Z,leak,NORMAL,8412.6,40.17,88.28,79.99,15.13,14.98,24.2,50.01,0,0,0,0,0
2026-01-01T00:19:08Z,leak,NORMAL,8429.3,40.04,87.99,78.97,14.95,14.86,23.92,50.01,0,0,0,0,0
2026-01-01T00:19:09Z,leak,NORMAL,8401.0,40.2,88.16,78.86,15.05,15.04,23.95,50.01,0,0,0,0,0
2026-01-01T00:19:10Z,leak,NORMAL,8398.5,39.86,88.3,79.64,14.96,14.9,23.97,50.07,0,0,0,0,0
2026-01-01T00:19:11Z,leak,NORMAL,8426.9,39.82,89.91,78.96,15.12,15.09,23.92,49.97,0,0,0,0,0
2026-01-01T00:19:12Z,leak,NORMAL,8393.0,40.01,89.22,78.88,14.88,15.05,24.07,50.01,0,0,0,0,0
2026-01-01T00:19:13Z,leak,NORMAL,8403.9,40.07,88.55,79.12,15.04,15.11,24.17,50.09,0,0,0,0,0
2026-01-01T00:19:14Z,leak,NORMAL,8419.4,39.89,89.35,78.28,15.0,14.99,23.93,50.03,0,0,0,0,0
2026-01-01T00:19:15Z,leak,NORMAL,8406.7,40.4,88.94,79.94,15.03,14.9,23.99,50.11,0,0,0,0,0
2026-01-01T00:19:16Z,leak,NORMAL,8409.9,40.02,89.3,79.39,15.08,14.83,23.9,49.97,0,0,0,0,0
2026-01-01T00:19:17Z,leak,NORMAL,8442.3,39.84,89.1,80.34,15.05,15.13,24.05,49.92,0,0,0,0,0
2026-01-01T00:19:18Z,leak,NORMAL,8407.7,39.95,88.13,77.95,15.1,15.19,23.85,49.99,0,0,0,0,0
2026-01-01T00:19:19Z,leak,NORMAL,8427.4,40.21,88.33,78.98,15.04,14.81,23.9,49.97,0,0,0,0,0
2026-01-01T00:19:20Z,leak,NORMAL,8390.3,39.84,89.11,79.21,14.87,15.05,23.93,49.99,0,0,0,0,0
2026-01-01T00:19:21Z,leak,NORMAL,8407.9,39.57,89.48,79.23,15.0,14.95,23.81,50.02,0,0,0,0,0
2026-01-01T00:19:22Z,leak,NORMAL,8409.7,40.12,89.39,78.75,14.93,14.98,23.97,49.91,0,0,0,0,0
2026-01-01T00:19:23Z,leak,NORMAL,8416.7,39.71,88.87,80.16,14.9,14.9,23.89,49.99,0,0,0,0,0
2026-01-01T00:19:24Z,leak,NORMAL,8402.4,40.07,89.38,79.26,15.03,14.97,23.83,50.0,0,0,0,0,0
2026-01-01T00:19:25Z,leak,NORMAL,8421.1,39.83,88.96,79.01,15.23,15.11,24.05,50.04,0,0,0,0,0
2026-01-01T00:19:26Z,leak,NORMAL,8410.3,40.12,89.83,78.51,15.01,15.01,23.97,50.06,0,0,0,0,0
2026-01-01T00:19:27Z,leak,NORMAL,8415.0,39.97,90.65,78.77,14.86,15.01,23.85,49.99,0,0,0,0,0
2026-01-01T00:19:28Z,leak,NORMAL,8416.3,39.54,89.12,79.13,15.12,15.02,24.02,50.08,0,0,0,0,0
2026-01-01T00:19:29Z,leak,NORMAL,8423.4,40.09,88.92,79.33,14.97,14.77,23.88,50.06,0,0,0,0,0
2026-01-01T00:19:30Z,leak,NORMAL,8427.5,39.95,88.7,78.89,15.0,14.88,23.79,50.0,0,0,0,0,0
2026-01-01T00:19:31Z,leak,NORMAL,8421.4,40.12,88.69,78.06,14.98,15.1,23.74,49.96,0,0,0,0,0
2026-01-01T00:19:32Z,leak,NORMAL,8413.1,40.33,89.66,78.86,15.08,14.93,23.88,49.91,0,0,0,0,0
2026-01-01T00:19:33Z,leak,NORMAL,8410.6,39.81,88.52,79.31,14.9,15.1,23.93,50.01,0,0,0,0,0
2026-01-01T00:19:34Z,leak,NORMAL,8432.7,40.05,88.76,78.82,15.07,14.87,23.96,49.99,0,0,0,0,0
2026-01-01T00:19:35Z,leak,NORMAL,8427.8,40.02,88.73,79.83,14.98,15.03,23.81,49.96,0,0,0,0,0
2026-01-01T00:19:36Z,leak,NORMAL,8423.2,39.9,89.09,79.11,14.95,15.1,23.92,49.9,0,0,0,0,0
2026-01-01T00:19:37Z,leak,NORMAL,8413.7,39.93,88.64,78.68,15.06,15.05,23.69,49.93,0,0,0,0,0
2026-01-01T00:19:38Z,leak,NORMAL,8426.0,39.94,89.55,78.72,15.0,14.91,23.82,50.03,0,0,0,0,0
2026-01-01T00:19:39Z,leak,NORMAL,8428.0,39.78,89.66,79.02,15.04,15.04,23.8,50.04,0,0,0,0,0
2026-01-01T00:19:40Z,leak,NORMAL,8417.5,39.92,88.54,78.28,15.22,14.98,23.8,50.09,0,0,0,0,0
2026-01-01T00:19:41Z,leak,NORMAL,8408.0,40.24,89.28,78.99,14.98,14.97,23.98,50.05,0,0,0,0,0
2026-01-01T00:19:42Z,leak,NORMAL,8424.8,39.84,89.17,78.56,14.92,14.97,23.75,49.97,0,0,0,0,0
2026-01-01T00:19:43Z,leak,NORMAL,8423.2,39.79,89.93,78.0,15.07,15.07,23.8,49.99,0,0,0,0,0
2026-01-01T00:19:44Z,leak,NORMAL,8428.9,40.01,89.52,79.34,14.96,14.9,23.85,50.03,0,0,0,0,0
2026-01-01T00:19:45Z,leak,NORMAL,8436.0,39.89,90.42,78.21,15.18,14.92,23.8,50.09,0,0,0,0,0
2026-01-01T00:19:46Z,leak,NORMAL,8447.5,40.31,89.59,79.28,14.86,14.88,23.8,50.03,0,0,0,0,0
2026-01-01T00:19:47Z,leak,NORMAL,8436.8,40.17,89.89,79.79,15.0,14.79,23.9,49.99,0,0,0,0,0
2026-01-01T00:19:48Z,leak,NORMAL,8425.4,40.03,88.55,78.97,14.86,14.77,23.72,50.07,0,0,0,0,0
2026-01-01T00:19:49Z,leak,NORMAL,8432.2,40.15,89.15,79.29,14.81,14.93,23.7,49.93,0,0,0,0,0
2026-01-01T00:19:50Z,leak,NORMAL,8432.8,40.08,89.39,79.06,15.07,15.01,23.81,49.97,0,0,0,0,0
2026-01-01T00:19:51Z,leak,NORMAL,8437.8,40.08,88.71,78.77,15.11,14.87,23.74,50.05,0,0,0,0,0
2026-01-01T00:19:52Z,leak,NORMAL,8439.9,40.2,89.53,78.92,14.82,15.21,23.86,49.96,0,0,0,0,0
2026-01-01T00:19:53Z,leak,NORMAL,8435.1,39.87,89.18,79.41,14.93,15.19,23.74,49.98,0,0,0,0,0
2026-01-01T00:19:54Z,leak,NORMAL,8446.4,39.77,89.31,80.17,15.01,15.02,23.71,49.95,0,0,0,0,0
2026-01-01T00:19:55Z,leak,NORMAL,8433.2,40.46,89.71,79.39,15.07,15.1,23.73,50.0,0,0,0,0,0
2026-01-01T00:19:56Z,leak,NORMAL,8435.5,40.09,88.78,78.47,14.93,15.04,23.64,50.04,0,0,0,0,0
2026-01-01T00:19:57Z,leak,NORMAL,8425.5,39.96,88.57,79.44,14.85,14.8,23.76,50.02,0,0,0,0,0
2026-01-01T00:19:58Z,leak,NORMAL,8445.4,40.03,89.48,79.23,15.02,15.14,23.72,49.95,0,0,0,0,0
2026-01-01T00:19:59Z,leak,NORMAL,8451.6,40.19,89.57,78.87,15.05,15.17,23.69,50.03,0,0,0,0,0
2026-01-01T00:20:00Z,leak,NORMAL,8425.9,39.81,89.78,79.48,14.97,14.89,23.66,50.1,0,0,0,0,0
2026-01-01T00:20:01Z,leak,NORMAL,8440.7,40.17,89.59,79.29,15.04,14.97,23.84,50.0,0,0,0,0,0
2026-01-01T00:20:02Z,leak,NORMAL,8437.7,40.11,89.29,79.36,14.92,14.82,23.5,49.93,0,0,0,0,0
2026-01-01T00:20:03Z,leak,NORMAL,8431.6,39.88,89.32,79.41,15.05,14.88,23.91,49.99,0,0,0,0,0
2026-01-01T00:20:04Z,leak,NORMAL,8436.5,39.98,89.45,79.35,14.95,15.15,23.56,50.02,0,0,0,0,0
2026-01-01T00:20:05Z,leak,NORMAL,8451.0,39.99,88.85,79.22,15.09,15.01,23.66,49.9,0,0,0,0,0
2026-01-01T00:20:06Z,leak,NORMAL,8447.1,39.61,89.89,78.79,15.12,15.1,23.7,49.99,0,0,0,0,0
2026-01-01T00:20:07Z,leak,NORMAL,8464.5,39.95,89.19,78.96,14.93,15.0,23.68,49.87,0,0,0,0,0
2026-01-01T00:20:08Z,leak,NORMAL,8435.3,40.26,89.78,80.36,14.83,14.8,23.8,49.95,0,0,0,0,0
2026-01-01T00:20:09Z,leak,NORMAL,8455.4,39.87,89.95,79.04,14.99,15.15,23.77,49.97,0,0,0,0,0
2026-01-01T00:20:10Z,leak,NORMAL,8419.7,40.32,89.32,79.34,14.91,14.99,23.6,49.97,0,0,0,0,0
2026-01-01T00:20:11Z,leak,NORMAL,8423.1,40.15,89.49,78.82,15.12,14.98,23.64,49.95,0,0,0,0,0
2026-01-01T00:20:12Z,leak,NORMAL,8464.5,40.42,88.86,78.7,14.97,15.08,23.68,49.99,0,0,0,0,0
2026-01-01T00:20:13Z,leak,NORMAL,8457.9,40.04,89.26,79.14,14.96,15.1,23.67,50.0,0,0,0,0,0
2026-01-01T00:20:14Z,leak,NORMAL,8450.8,40.19,89.2,80.2,14.91,14.85,23.69,50.02,0,0,0,0,0
2026-01-01T00:20:15Z,leak,NORMAL,8447.4,40.66,89.63,79.87,15.06,15.03,23.57,50.01,0,0,0,0,0
2026-01-01T00:20:16Z,leak,NORMAL,8458.0,39.74,88.27,79.86,15.06,15.05,23.63,50.04,0,0,0,0,0
2026-01-01T00:20:17Z,leak,NORMAL,8439.6,39.88,89.14,79.84,14.97,14.94,23.73,50.05,0,0,0,0,0
2026-01-01T00:20:18Z,leak,NORMAL,8453.0,40.08,88.79,78.97,14.91,14.97,23.72,49.96,0,0,0,0,0
2026-01-01T00:20:19Z,leak,NORMAL,8462.2,40.17,88.99,80.35,14.97,14.89,23.55,50.02,0,0,0,0,0
2026-01-01T00:20:20Z,leak,NORMAL,8454.2,40.03,88.28,78.82,14.85,15.08,23.57,49.97,0,0,0,0,0
2026-01-01T00:20:21Z,leak,NORMAL,8457.6,40.24,89.9,79.73,14.92,14.97,23.63,49.95,0,0,0,0,0
2026-01-01T00:20:22Z,leak,NORMAL,8457.1,40.01,89.83,78.34,14.97,15.01,23.8,50.03,0,0,0,0,0
2026-01-01T00:20:23Z,leak,NORMAL,8453.6,39.85,89.82,79.54,14.91,15.01,23.77,50.03,0,0,0,0,0
2026-01-01T00:20:24Z,leak,NORMAL,8452.3,39.71,89.81,79.42,15.1,15.13,23.55,50.0,0,0,0,0,0
2026-01-01T00:20:25Z,leak,NORMAL,8451.9,39.65,89.37,79.72,15.01,15.0,23.46,50.01,0,0,0,0,0
2026-01-01T00:20:26Z,leak,NORMAL,8461.7,40.0,89.31,79.17,15.06,15.04,23.42,50.02,0,0,0,0,0
2026-01-01T00:20:27Z,leak,NORMAL,8459.3,40.02,89.89,79.68,15.18,14.98,23.67,49.95,0,0,0,0,0
2026-01-01T00:20:28Z,leak,NORMAL,8470.0,39.73,89.97,78.8,14.87,15.06,23.67,50.08,0,0,0,0,0
2026-01-01T00:20:29Z,leak,NORMAL,8461.0,39.9,89.51,78.71,14.92,15.01,23.47,49.89,0,0,0,0,0
2026-01-01T00:20:30Z,leak,NORMAL,8450.5,40.01,88.95,79.84,15.08,15.06,23.57,50.01,0,0,0,0,0
2026-01-01T00:20:31Z,leak,NORMAL,8453.8,40.07,89.98,79.39,14.87,14.83,23.56,49.99,0,0,0,0,0
2026-01-01T00:20:32Z,leak,NORMAL,8488.6,39.72,88.78,79.53,14.95,15.28,23.46,50.08,0,0,0,0,0
2026-01-01T00:20:33Z,leak,NORMAL,8458.8,40.0,89.44,78.9,15.13,15.06,23.48,50.06,0,0,0,0,0
2026-01-01T00:20:34Z,leak,NORMAL,8460.6,40.27,89.68,78.99,15.01,14.92,23.4,50.07,0,0,0,0,0
2026-01-01T00:20:35Z,leak,NORMAL,8464.1,39.85,88.87,79.52,14.8,14.89,23.59,49.94,0,0,0,0,0
2026-01-01T00:20:36Z,leak,NORMAL,8477.0,40.13,90.05,79.27,14.92,14.93,23.75,50.03,0,0,0,0,0
2026-01-01T00:20:37Z,leak,NORMAL,8474.3,40.08,90.53,80.13,14.83,15.02,23.74,49.99,0,0,0,0,0
2026-01-01T00:20:38Z,leak,NORMAL,8472.1,39.85,89.87,79.23,15.13,14.89,23.52,50.01,0,0,0,0,0
2026-01-01T00:20:39Z,leak,NORMAL,8470.1,39.94,89.75,79.26,15.01,14.86,23.67,49.9,0,0,0,0,0
2026-01-01T00:20:40Z,leak,NORMAL,8468.1,40.28,88.57,80.47,14.94,14.97,23.54,50.05,0,0,0,0,0
2026-01-01T00:20:41Z,leak,NORMAL,8474.2,40.13,90.14,80.22,15.02,14.94,23.42,49.97,0,0,0,0,0
2026-01-01T00:20:42Z,leak,NORMAL,8473.4,39.88,90.05,78.47,14.93,15.08,23.5,49.99,0,0,0,0,0
2026-01-01T00:20:43Z,leak,NORMAL,8484.1,40.3,90.28,79.08,14.81,15.0,23.43,49.98,0,0,0,0,0
2026-01-01T00:20:44Z,leak,NORMAL,8470.3,40.22,89.43,79.37,15.1,15.04,23.5,50.01,0,0,0,0,0
2026-01-01T00:20:45Z,leak,NORMAL,8495.0,40.16,89.62,79.71,15.02,15.13,23.49,50.03,0,0,0,0,0
2026-01-01T00:20:46Z,leak,NORMAL,8501.7,39.84,89.7,80.26,15.18,15.08,23.56,50.0,0,0,0,0,0
2026-01-01T00:20:47Z,leak,NORMAL,8464.1,39.82,90.25,79.25,14.97,15.02,23.5,49.98,0,0,0,0,0
2026-01-01T00:20:48Z,leak,NORMAL,8460.6,40.08,89.71,79.62,14.96,15.07,23.42,50.07,0,0,0,0,0
2026-01-01T00:20:49Z,leak,NORMAL,8491.6,40.19,89.62,78.38,14.89,14.82,23.51,50.02,0,0,0,0,0
2026-01-01T00:20:50Z,leak,NORMAL,8505.0,39.86,89.5,78.7,15.27,15.06,23.63,49.98,0,0,0,0,0
2026-01-01T00:20:51Z,leak,NORMAL,8482.4,39.95,88.61,79.14,15.0,15.03,23.61,50.01,0,0,0,0,0
2026-01-01T00:20:52Z,leak,NORMAL,8480.3,39.83,89.44,80.46,15.02,15.0,23.65,50.03,0,0,0,0,0
2026-01-01T00:20:53Z,leak,NORMAL,8492.1,39.77,90.26,78.96,14.99,14.87,23.65,50.03,0,0,0,0,0
2026-01-01T00:20:54Z,leak,NORMAL,8484.9,39.8,89.54,79.68,14.8,15.08,23.58,49.99,0,0,0,0,0
2026-01-01T00:20:55Z,leak,NORMAL,8493.2,40.2,90.14,79.69,14.94,14.96,23.48,49.9,0,0,0,0,0
2026-01-01T00:20:56Z,leak,NORMAL,8493.9,39.75,89.89,79.57,14.97,14.82,23.52,50.01,0,0,0,0,0
2026-01-01T00:20:57Z,leak,NORMAL,8492.7,40.05,89.39,80.17,15.0,15.08,23.38,49.96,0,0,0,0,0
2026-01-01T00:20:58Z,leak,NORMAL,8495.3,40.06,89.83,80.22,14.84,15.01,23.33,50.09,0,0,0,0,0
2026-01-01T00:20:59Z,leak,NORMAL,8496.4,40.31,90.65,79.29,14.96,15.14,23.38,49.99,0,0,0,0,0
2026-01-01T00:21:00Z,leak,NORMAL,8490.6,39.78,90.86,79.97,14.96,14.87,23.45,50.03,0,0,0,0,0
2026-01-01T00:21:01Z,leak,NORMAL,8513.2,40.41,89.96,80.44,15.02,15.09,23.48,49.97,0,0,0,0,0
2026-01-01T00:21:02Z,leak,NORMAL,8511.7,39.96,89.54,79.19,15.09,15.08,23.53,50.01,0,0,0,0,0
2026-01-01T00:21:03Z,leak,NORMAL,8483.4,40.25,90.23,79.84,14.91,14.93,23.51,49.96,0,0,0,0,0
2026-01-01T00:21:04Z,leak,NORMAL,8504.9,40.04,90.1,80.14,15.08,15.03,23.35,49.99,0,0,0,0,0
2026-01-01T00:21:05Z,leak,NORMAL,8512.9,40.04,90.79,78.96,15.15,14.9,23.3,49.95,0,0,0,0,0
2026-01-01T00:21:06Z,leak,NORMAL,8490.2,40.32,89.43,79.88,14.98,14.84,23.48,50.01,0,0,0,0,0
2026-01-01T00:21:07Z,leak,NORMAL,8489.2,40.21,89.49,78.79,15.1,14.96,23.31,49.97,0,0,0,0,0
2026-01-01T00:21:08Z,leak,NORMAL,8496.5,39.99,89.32,80.25,15.05,14.98,23.6,50.01,0,0,0,0,0
2026-01-01T00:21:09Z,leak,NORMAL,8507.4,39.97,89.94,80.32,14.95,15.09,23.35,49.97,0,0,0,0,0
2026-01-01T00:21:10Z,leak,NORMAL,8494.9,39.71,90.2,79.07,15.09,15.09,23.38,50.04,0,0,0,0,0
2026-01-01T00:21:11Z,leak,NORMAL,8510.2,40.2,89.44,79.92,15.11,14.98,23.45,49.97,0,0,0,0,0
2026-01-01T00:21:12Z,leak,NORMAL,8528.4,40.17,89.86,80.4,14.99,15.03,23.48,50.08,0,0,0,0,0
2026-01-01T00:21:13Z,leak,NORMAL,8504.1,40.4,90.48,80.24,15.08,15.11,23.45,50.01,0,0,0,0,0
2026-01-01T00:21:14Z,leak,NORMAL,8523.1,40.07,90.42,79.24,15.15,15.04,23.55,50.03,0,0,0,0,0
2026-01-01T00:21:15Z,leak,NORMAL,8508.9,40.15,89.58,78.87,14.9,15.13,23.32,49.97,0,0,0,0,0
2026-01-01T00:21:16Z,leak,NORMAL,8519.9,40.1,89.65,79.74,14.96,15.09,23.44,49.95,0,0,0,0,0
2026-01-01T00:21:17Z,leak,NORMAL,8498.5,39.68,90.3,80.12,15.02,14.91,23.27,50.04,0,0,0,0,0
2026-01-01T00:21:18Z,leak,NORMAL,8485.8,40.1,89.82,79.58,15.22,15.06,23.41,49.99,0,0,0,0,0
2026-01-01T00:21:19Z,leak,NORMAL,8499.2,39.77,89.18,79.74,14.87,14.99,23.34,50.03,0,0,0,0,0
2026-01-01T00:21:20Z,leak,NORMAL,8515.5,39.95,89.98,79.32,15.04,15.0,23.59,50.05,0,0,0,0,0
2026-01-01T00:21:21Z,leak,NORMAL,8517.1,40.23,89.5,79.53,14.86,15.08,23.45,49.95,0,0,0,0,0
2026-01-01T00:21:22Z,leak,NORMAL,8527.0,40.07,89.54,79.74,14.98,15.19,23.35,50.04,0,0,0,0,0
2026-01-01T00:21:23Z,leak,NORMAL,8518.0,40.34,89.73,80.26,15.0,14.95,23.38,50.08,0,0,0,0,0
2026-01-01T00:21:24Z,leak,NORMAL,8525.1,39.87,89.74,80.32,15.13,14.93,23.28,49.97,0,0,0,0,0
2026-01-01T00:21:25Z,leak,NORMAL,8507.9,40.13,90.23,79.63,14.83,14.96,23.25,50.04,0,0,0,0,0
2026-01-01T00:21:26Z,leak,NORMAL,8525.2,40.12,90.02,80.29,15.09,15.05,23.49,49.99,0,0,0,0,0
2026-01-01T00:21:27Z,leak,NORMAL,8509.6,39.75,90.96,79.28,15.05,15.0,23.34,50.06,0,0,0,0,0
2026-01-01T00:21:28Z,leak,NORMAL,8537.0,39.86,90.23,79.98,14.86,15.06,23.4,50.0,0,0,0,0,0
2026-01-01T00:21:29Z,leak,NORMAL,8538.1,39.67,90.54,79.63,14.9,15.07,23.33,49.98,0,0,0,0,0
2026-01-01T00:21:30Z,leak,NORMAL,8541.1,39.74,89.58,79.53,15.03,15.0,23.34,49.95,0,0,0,0,0
2026-01-01T00:21:31Z,leak,NORMAL,8515.3,40.06,89.27,80.21,14.97,15.11,23.38,50.02,0,0,0,0,0
2026-01-01T00:21:32Z,leak,NORMAL,8528.2,39.56,90.37,79.85,15.11,14.92,23.24,50.05,0,0,0,0,0
2026-01-01T00:21:33Z,leak,NORMAL,8519.1,40.15,89.53,79.9,15.04,14.98,23.31,50.04,0,0,0,0,0
2026-01-01T00:21:34Z,leak,NORMAL,8508.3,39.83,89.36,79.48,14.92,15.04,23.3,50.03,0,0,0,0,0
2026-01-01T00:21:35Z,leak,NORMAL,8540.2,40.29,90.07,78.46,15.03,15.12,23.2,49.97,0,0,0,0,0
2026-01-01T00:21:36Z,leak,NORMAL,8536.4,40.1,90.52,80.24,14.81,15.08,23.27,50.11,0,0,0,0,0
2026-01-01T00:21:37Z,leak,NORMAL,8547.4,39.98,90.89,79.64,15.04,15.05,23.41,49.93,0,0,0,0,0
2026-01-01T00:21:38Z,leak,NORMAL,8552.9,40.07,90.85,79.83,15.0,14.99,23.33,49.99,0,0,0,0,0
2026-01-01T00:21:39Z,leak,NORMAL,8539.5,40.46,89.52,79.65,14.81,14.98,23.3,50.02,0,0,0,0,0
2026-01-01T00:21:40Z,leak,NORMAL,8528.3,39.63,89.76,80.19,14.98,15.2,23.47,50.0,0,0,0,0,0
2026-01-01T00:21:41Z,leak,NORMAL,8541.5,40.12,91.05,80.44,14.99,14.91,23.22,50.0,0,0,0,0,0
2026-01-01T00:21:42Z,leak,NORMAL,8527.3,39.82,90.42,79.26,14.91,15.21,23.09,50.05,0,0,0,0,0
2026-01-01T00:21:43Z,leak,NORMAL,8538.8,39.83,90.69,79.42,15.02,14.98,23.29,50.0,0,0,0,0,0
2026-01-01T00:21:44Z,leak,NORMAL,8543.6,40.15,91.01,79.79,14.99,15.06,23.36,49.93,0,0,0,0,0
2026-01-01T00:21:45Z,leak,NORMAL,8536.9,40.13,91.19,79.2,15.1,14.87,23.33,50.0,0,0,0,0,0
2026-01-01T00:21:46Z,leak,NORMAL,8532.7,39.95,90.55,80.54,14.99,15.1,23.17,49.96,0,0,0,0,0
2026-01-01T00:21:47Z,leak,NORMAL,8525.5,40.03,90.51,80.46,15.01,15.08,23.11,50.01,0,0,0,0,0
2026-01-01T00:21:48Z,leak,NORMAL,8533.6,40.12,90.12,80.12,15.16,15.13,23.28,49.96,0,0,0,0,0
2026-01-01T00:21:49Z,leak,NORMAL,8550.6,39.97,90.22,79.89,14.91,15.02,23.4,50.05,0,0,0,0,0
2026-01-01T00:21:50Z,leak,NORMAL,8537.9,39.67,89.46,80.2,14.9,15.01,23.28,50.04,0,0,0,0,0
2026-01-01T00:21:51Z,leak,NORMAL,8522.7,39.98,90.41,79.95,15.01,14.92,23.23,50.05,0,0,0,0,0
2026-01-01T00:21:52Z,leak,NORMAL,8535.1,40.07,90.72,79.92,14.99,14.91,23.3,49.96,0,0,0,0,0
2026-01-01T00:21:53Z,leak,NORMAL,8534.4,40.14,90.56,80.44,14.83,14.83,23.2,49.97,0,0,0,0,0
2026-01-01T00:21:54Z,leak,NORMAL,8544.7,39.98,90.25,79.26,15.13,15.08,23.41,49.96,0,0,0,0,0
2026-01-01T00:21:55Z,leak,NORMAL,8533.4,39.9,89.94,80.11,15.02,15.06,23.07,49.98,0,0,0,0,0
2026-01-01T00:21:56Z,leak,NORMAL,8550.4,40.36,90.8,79.93,15.03,15.16,23.28,50.0,0,0,0,0,0
2026-01-01T00:21:57Z,leak,NORMAL,8572.5,40.06,90.83,80.48,14.94,15.01,23.23,50.03,0,0,0,0,0
2026-01-01T00:21:58Z,leak,NORMAL,8550.9,39.85,90.41,80.45,15.03,14.86,23.36,50.06,0,0,0,0,0
2026-01-01T00:21:59Z,leak,NORMAL,8550.1,40.08,91.17,80.56,15.01,14.9,23.44,50.01,0,0,0,0,0
2026-01-01T00:22:00Z,leak,NORMAL,8547.0,39.93,90.38,79.33,15.05,15.13,23.21,50.04,0,0,0,0,0
2026-01-01T00:22:01Z,leak,NORMAL,8550.2,40.0,90.42,80.55,14.99,15.15,23.16,50.01,0,0,0,0,0
2026-01-01T00:22:02Z,leak,NORMAL,8575.0,40.29,89.95,80.02,15.1,14.93,23.24,50.01,0,0,0,0,0
2026-01-01T00:22:03Z,leak,NORMAL,8544.0,40.0,90.05,80.69,15.06,15.04,23.33,49.99,0,0,0,0,0
2026-01-01T00:22:04Z,leak,NORMAL,8556.0,40.19,89.84,79.97,14.91,15.16,23.28,50.0,0,0,0,0,0
2026-01-01T00:22:05Z,leak,NORMAL,8565.4,40.35,90.13,80.29,15.09,15.11,23.07,50.01,0,0,0,0,0
2026-01-01T00:22:06Z,leak,NORMAL,8549.9,39.94,90.56,79.89,14.97,15.08,23.28,50.04,0,0,0,0,0
2026-01-01T00:22:07Z,leak,NORMAL,8548.0,39.92,91.29,80.31,15.01,14.82,23.14,49.99,0,0,0,0,0
2026-01-01T00:22:08Z,leak,NORMAL,8553.1,39.86,90.38,79.71,15.2,14.76,23.26,50.01,0,0,0,0,0
2026-01-01T00:22:09Z,leak,NORMAL,8555.9,39.82,90.56,80.0,15.0,14.94,22.97,50.05,0,0,0,0,0
2026-01-01T00:22:10Z,leak,NORMAL,8570.0,40.05,90.98,81.1,14.83,15.01,23.12,49.99,0,0,0,0,0
2026-01-01T00:22:11Z,leak,NORMAL,8557.5,40.2,90.25,81.41,14.95,14.89,23.14,49.97,0,0,0,0,0
2026-01-01T00:22:12Z,leak,NORMAL,8558.1,39.91,90.24,80.28,14.88,14.9,23.13,50.0,0,0,0,0,0
2026-01-01T00:22:13Z,leak,NORMAL,8539.3,40.11,91.29,79.99,15.03,14.96,23.02,49.99,0,0,0,0,0
2026-01-01T00:22:14Z,leak,NORMAL,8573.3,40.01,90.7,80.5,15.09,14.99,23.26,50.07,0,0,0,0,0
2026-01-01T00:22:15Z,leak,NORMAL,8555.0,39.96,91.12,80.57,15.05,15.08,23.13,49.99,0,0,0,0,0
2026-01-01T00:22:16Z,leak,NORMAL,8548.6,39.67,90.46,81.28,15.09,14.9,23.15,50.07,0,0,0,0,0
2026-01-01T00:22:17Z,leak,NORMAL,8558.9,40.09,89.9,80.19,15.05,15.03,23.19,49.96,0,0,0,0,0
2026-01-01T00:22:18Z,leak,NORMAL,8565.6,40.09,90.81,79.75,15.01,14.91,23.21,49.93,0,0,0,0,0
2026-01-01T00:22:19Z,leak,NORMAL,8563.6,40.36,91.14,79.86,14.94,15.01,23.25,49.85,0,0,0,0,0
2026-01-01T00:22:20Z,leak,NORMAL,8582.6,40.2,90.82,80.64,15.06,14.94,23.21,49.99,0,0,0,0,0
2026-01-01T00:22:21Z,leak,NORMAL,8557.4,39.98,90.42,80.03,14.95,15.0,23.1,49.98,0,0,0,0,0
2026-01-01T00:22:22Z,leak,NORMAL,8560.3,40.15,90.43,80.99,14.8,14.96,23.32,49.9,0,0,0,0,0
2026-01-01T00:22:23Z,leak,NORMAL,8587.4,39.87,90.43,79.5,14.89,14.96,23.22,49.93,0,0,0,0,0
2026-01-01T00:22:24Z,leak,NORMAL,8560.3,39.92,90.61,80.53,14.93,15.08,23.1,49.93,0,0,0,0,0
2026-01-01T00:22:25Z,leak,NORMAL,8573.9,40.25,91.86,80.44,14.95,15.04,23.18,49.99,0,0,0,0,0
2026-01-01T00:22:26Z,leak,NORMAL,8560.3,40.09,91.12,80.48,15.08,15.05,23.17,50.11,0,0,0,0,0
2026-01-01T00:22:27Z,leak,NORMAL,8570.3,39.97,90.61,81.03,15.15,15.04,23.17,50.07,0,0,0,0,0
2026-01-01T00:22:28Z,leak,NORMAL,8591.4,39.93,91.45,79.61,15.14,15.0,23.06,50.0,0,0,0,0,0
2026-01-01T00:22:29Z,leak,NORMAL,8585.5,39.76,90.76,80.36,15.21,15.04,23.26,50.07,0,0,0,0,0
2026-01-01T00:22:30Z,leak,NORMAL,8578.1,39.92,89.87,80.96,15.13,15.05,23.21,50.01,0,0,0,0,0
2026-01-01T00:22:31Z,leak,NORMAL,8547.5,39.84,90.96,81.15,15.19,15.02,23.21,49.96,0,0,0,0,0
2026-01-01T00:22:32Z,leak,NORMAL,8570.2,39.58,89.71,79.89,14.76,14.98,23.0,50.05,0,0,0,0,0
2026-01-01T00:22:33Z,leak,NORMAL,8574.6,39.94,91.01,80.0,14.99,14.96,23.08,50.01,0,0,0,0,0
2026-01-01T00:22:34Z,leak,NORMAL,8580.7,40.23,91.13,81.27,15.0,14.99,23.14,50.05,0,0,0,0,0
2026-01-01T00:22:35Z,leak,NORMAL,8570.6,40.22,90.54,79.93,14.95,15.01,23.29,50.04,0,0,0,0,0
2026-01-01T00:22:36Z,leak,NORMAL,8583.5,40.25,91.6,80.37,15.02,14.93,23.12,50.01,0,0,0,0,0
2026-01-01T00:22:37Z,leak,NORMAL,8577.6,39.85,91.14,79.95,15.05,14.96,23.15,49.97,0,0,0,0,0
2026-01-01T00:22:38Z,leak,NORMAL,8594.2,40.1,90.9,80.81,14.97,15.07,23.22,50.1,0,0,0,0,0
2026-01-01T00:22:39Z,leak,NORMAL,8583.7,40.15,90.66,80.2,14.87,15.01,23.06,50.06,0,0,0,0,0
2026-01-01T00:22:40Z,leak,NORMAL,8567.2,40.09,90.86,80.46,15.05,14.91,23.07,49.99,0,0,0,0,0
2026-01-01T00:22:41Z,leak,NORMAL,8578.5,39.82,91.13,79.76,15.04,15.15,22.95,50.0,0,0,0,0,0
2026-01-01T00:22:42Z,leak,NORMAL,8583.0,39.92,90.86,80.22,14.98,15.01,23.25,50.05,0,0,0,0,0
2026-01-01T00:22:43Z,leak,NORMAL,8584.5,40.1,90.4,80.36,14.9,15.09,23.29,50.02,0,0,0,0,0
2026-01-01T00:22:44Z,leak,NORMAL,8569.0,39.71,91.34,80.64,14.93,15.12,23.31,50.07,0,0,0,0,0
2026-01-01T00:22:45Z,leak,NORMAL,8579.6,40.21,90.87,80.72,15.04,14.9,23.03,49.98,0,0,0,0,0
2026-01-01T00:22:46Z,leak,NORMAL,8568.7,40.22,90.82,81.12,14.92,15.13,23.05,50.13,0,0,0,0,0
2026-01-01T00:22:47Z,leak,NORMAL,8596.7,39.76,91.32,80.29,14.85,15.08,23.22,49.99,0,0,0,0,0
2026-01-01T00:22:48Z,leak,NORMAL,8596.8,40.04,91.77,80.16,15.23,14.95,23.21,50.13,0,0,0,0,0
2026-01-01T00:22:49Z,leak,NORMAL,8585.6,39.89,90.22,81.75,15.08,14.98,23.14,49.91,0,0,0,0,0
2026-01-01T00:22:50Z,leak,NORMAL,8580.2,40.03,91.14,80.67,15.06,14.94,23.18,50.02,0,0,0,0,0
2026-01-01T00:22:51Z,leak,NORMAL,8587.8,40.08,90.89,81.43,15.05,14.92,23.03,50.01,0,0,0,0,0
2026-01-01T00:22:52Z,leak,NORMAL,8572.1,40.06,90.52,79.63,14.91,14.84,23.07,49.92,0,0,0,0,0
2026-01-01T00:22:53Z,leak,NORMAL,8591.8,40.06,90.9,80.42,15.03,14.79,23.18,49.93,0,0,0,0,0
2026-01-01T00:22:54Z,leak,NORMAL,8579.1,40.09,91.4,80.95,14.99,14.87,23.14,50.07,0,0,0,0,0
2026-01-01T00:22:55Z,leak,NORMAL,8589.5,39.81,90.39,81.49,14.87,14.89,23.23,49.96,0,0,0,0,0
2026-01-01T00:22:56Z,leak,NORMAL,8593.1,40.1,91.02,81.23,14.92,15.12,23.03,50.02,0,0,0,0,0
2026-01-01T00:22:57Z,leak,NORMAL,8575.3,40.24,92.13,80.99,14.95,15.03,23.03,49.91,0,0,0,0,0
2026-01-01T00:22:58Z,leak,NORMAL,8585.7,40.02,90.81,80.51,15.12,14.86,23.19,50.0,0,0,0,0,0
2026-01-01T00:22:59Z,leak,NORMAL,8581.4,39.91,90.35,80.89,15.1,14.97,23.11,49.96,0,0,0,0,0
2026-01-01T00:23:00Z,leak,NORMAL,8589.8,40.28,90.2,80.19,14.91,15.03,23.01,50.01,0,0,0,0,0
2026-01-01T00:23:01Z,leak,NORMAL,8581.7,39.96,91.23,79.37,14.9,14.98,23.07,49.97,0,0,0,0,0
2026-01-01T00:23:02Z,leak,NORMAL,8579.3,40.4,90.64,80.57,15.06,14.85,23.07,50.0,0,0,0,0,0
2026-01-01T00:23:03Z,leak,NORMAL,8590.8,40.1,90.45,80.79,15.12,14.9,23.09,50.05,0,0,0,0,0
2026-01-01T00:23:04Z,leak,NORMAL,8586.9,40.35,90.63,80.68,14.99,15.01,23.03,50.06,0,0,0,0,0
2026-01-01T00:23:05Z,leak,NORMAL,8584.8,39.89,91.73,80.96,15.0,15.04,23.23,50.05,0,0,0,0,0
2026-01-01T00:23:06Z,leak,NORMAL,8585.8,39.84,90.74,82.1,14.97,14.93,23.18,49.92,0,0,0,0,0
2026-01-01T00:23:07Z,leak,NORMAL,8592.0,39.76,90.75,80.84,14.96,15.04,23.23,49.99,0,0,0,0,0
2026-01-01T00:23:08Z,leak,NORMAL,8600.9,39.87,91.15,80.77,15.15,14.93,23.07,50.0,0,0,0,0,0
2026-01-01T00:23:09Z,leak,NORMAL,8601.3,39.95,90.36,79.95,15.06,14.91,23.13,50.02,0,0,0,0,0
2026-01-01T00:23:10Z,leak,NORMAL,8593.7,40.17,89.98,80.72,15.01,15.18,23.0,50.04,0,0,0,0,0
2026-01-01T00:23:11Z,leak,NORMAL,8595.3,39.79,90.95,79.94,14.97,15.15,22.91,49.93,0,0,0,0,0
2026-01-01T00:23:12Z,leak,NORMAL,8591.4,39.86,90.89,80.87,14.95,15.03,23.07,50.07,0,0,0,0,0
2026-01-01T00:23:13Z,leak,NORMAL,8603.8,39.97,90.99,80.92,14.98,15.03,23.04,50.08,0,0,0,0,0
2026-01-01T00:23:14Z,leak,NORMAL,8601.7,39.76,90.68,80.49,14.82,15.15,23.17,50.0,0,0,0,0,0
2026-01-01T00:23:15Z,leak,NORMAL,8589.6,40.18,90.18,81.03,15.04,15.15,23.04,49.97,0,0,0,0,0
2026-01-01T00:23:16Z,leak,NORMAL,8615.2,40.08,91.68,80.7,14.91,14.97,23.15,50.14,0,0,0,0,0
2026-01-01T00:23:17Z,leak,NORMAL,8590.6,40.12,90.69,81.53,15.14,15.03,23.12,50.04,0,0,0,0,0
2026-01-01T00:23:18Z,leak,NORMAL,8566.4,40.28,92.32,81.05,14.89,14.96,23.09,50.11,0,0,0,0,0
2026-01-01T00:23:19Z,leak,NORMAL,8606.0,40.2,91.13,80.67,15.06,15.31,23.01,49.99,0,0,0,0,0
2026-01-01T00:23:20Z,leak,NORMAL,8606.4,40.29,90.95,80.36,14.86,15.09,22.95,50.03,0,0,0,0,0
2026-01-01T00:23:21Z,leak,NORMAL,8593.2,40.17,91.82,81.51,15.16,14.96,23.02,50.06,0,0,0,0,0
2026-01-01T00:23:22Z,leak,NORMAL,8582.0,40.25,90.45,80.89,15.05,14.9,23.12,49.99,0,0,0,0,0
2026-01-01T00:23:23Z,leak,NORMAL,8594.7,40.24,90.73,81.36,15.1,15.19,22.96,50.05,0,0,0,0,0
2026-01-01T00:23:24Z,leak,NORMAL,8608.0,39.97,90.55,80.36,15.09,15.11,23.2,50.0,0,0,0,0,0
2026-01-01T00:23:25Z,leak,NORMAL,8595.3,39.52,90.84,81.23,14.9,14.95,23.14,50.03,0,0,0,0,0
2026-01-01T00:23:26Z,leak,NORMAL,8597.3,39.59,90.66,80.37,15.13,14.85,23.11,50.04,0,0,0,0,0
2026-01-01T00:23:27Z,leak,NORMAL,8602.7,39.91,92.06,80.46,14.96,15.07,23.11,49.98,0,0,0,0,0
2026-01-01T00:23:28Z,leak,NORMAL,8591.2,40.04,89.81,79.99,15.08,14.74,23.01,50.0,0,0,0,0,0
2026-01-01T00:23:29Z,leak,NORMAL,8591.5,39.89,91.28,80.77,14.75,15.06,23.08,50.0,0,0,0,0,0
2026-01-01T00:23:30Z,leak,NORMAL,8589.8,39.64,92.02,80.88,15.09,15.04,23.05,50.08,0,0,0,0,0
2026-01-01T00:23:31Z,leak,NORMAL,8611.4,40.24,90.65,80.42,15.11,15.02,23.04,49.96,0,0,0,0,0
2026-01-01T00:23:32Z,leak,NORMAL,8584.1,40.22,91.09,80.45,14.98,14.88,22.99,49.96,0,0,0,0,0
2026-01-01T00:23:33Z,leak,NORMAL,8603.1,40.08,90.96,81.86,15.0,14.95,23.1,50.05,0,0,0,0,0
2026-01-01T00:23:34Z,leak,NORMAL,8587.4,40.37,91.13,80.6,15.12,15.08,23.24,50.05,0,0,0,0,0
2026-01-01T00:23:35Z,leak,NORMAL,8591.8,40.01,91.01,81.35,14.83,15.06,23.01,49.94,0,0,0,0,0
2026-01-01T00:23:36Z,leak,NORMAL,8585.3,39.81,91.28,81.27,15.02,15.09,23.0,50.03,0,0,0,0,0
2026-01-01T00:23:37Z,leak,NORMAL,8604.9,39.96,90.66,80.52,14.92,15.03,23.04,49.92,0,0,0,0,0
2026-01-01T00:23:38Z,leak,NORMAL,8604.5,40.13,90.51,81.42,15.07,15.01,23.0,50.06,0,0,0,0,0
2026-01-01T00:23:39Z,leak,NORMAL,8598.5,40.32,90.99,79.28,14.88,15.08,23.09,50.04,0,0,0,0,0
2026-01-01T00:23:40Z,leak,NORMAL,8610.4,40.32,90.85,81.4,15.08,14.91,23.11,50.05,0,0,0,0,0
2026-01-01T00:23:41Z,leak,NORMAL,8609.2,40.38,92.25,81.07,14.95,15.07,23.06,50.04,0,0,0,0,0
2026-01-01T00:23:42Z,leak,NORMAL,8602.6,39.65,90.77,80.58,14.79,15.06,23.2,49.95,0,0,0,0,0
2026-01-01T00:23:43Z,leak,NORMAL,8609.4,39.71,90.69,80.91,15.04,15.14,23.01,50.01,0,0,0,0,0
2026-01-01T00:23:44Z,leak,NORMAL,8597.8,40.07,90.46,80.76,14.99,14.8,23.08,50.0,0,0,0,0,0
2026-01-01T00:23:45Z,leak,NORMAL,8592.6,39.94,91.02,81.79,14.95,14.87,23.05,50.08,0,0,0,0,0
2026-01-01T00:23:46Z,leak,NORMAL,8596.7,40.02,90.56,80.57,15.05,15.04,23.06,49.98,0,0,0,0,0
2026-01-01T00:23:47Z,leak,NORMAL,8609.4,39.86,91.38,81.11,14.89,14.93,22.92,50.01,0,0,0,0,0
2026-01-01T00:23:48Z,leak,NORMAL,8601.1,39.83,90.83,80.73,15.03,15.03,23.08,50.06,0,0,0,0,0
2026-01-01T00:23:49Z,leak,NORMAL,8601.9,40.23,90.45,80.7,15.03,14.96,23.17,49.94,0,0,0,0,0
2026-01-01T00:23:50Z,leak,NORMAL,8605.4,40.34,90.63,80.62,15.17,15.0,22.94,49.97,0,0,0,0,0
2026-01-01T00:23:51Z,leak,NORMAL,8604.5,40.21,89.82,80.88,14.94,15.19,23.04,50.04,0,0,0,0,0
2026-01-01T00:23:52Z,leak,NORMAL,8591.2,39.94,89.77,81.5,15.11,14.96,22.92,50.12,0,0,0,0,0
2026-01-01T00:23:53Z,leak,NORMAL,8593.2,40.02,91.54,81.2,14.92,15.21,22.9,50.02,0,0,0,0,0
2026-01-01T00:23:54Z,leak,NORMAL,8592.8,39.97,91.2,80.16,15.03,15.11,22.98,50.06,0,0,0,0,0
2026-01-01T00:23:55Z,leak,NORMAL,8605.5,40.1,90.55,80.58,15.03,15.05,23.05,49.91,0,0,0,0,0
2026-01-01T00:23:56Z,leak,NORMAL,8606.9,39.78,91.74,82.04,15.14,14.98,23.08,49.92,0,0,0,0,0
2026-01-01T00:23:57Z,leak,NORMAL,8595.7,40.46,90.08,81.17,14.98,15.05,22.99,50.04,0,0,0,0,0
2026-01-01T00:23:58Z,leak,NORMAL,8598.1,39.78,90.6,81.23,14.85,15.08,22.82,50.07,0,0,0,0,0
2026-01-01T00:23:59Z,leak,NORMAL,8587.3,40.29,91.89,80.87,15.15,15.02,23.07,50.08,0,0,0,0,0
2026-01-01T00:24:00Z,leak,NORMAL,8595.4,40.19,90.66,81.8,14.94,15.11,23.05,50.03,0,0,0,0,0
2026-01-01T00:24:01Z,leak,NORMAL,8578.2,39.99,91.34,81.24,14.95,15.1,23.01,49.94,0,0,0,0,0
2026-01-01T00:24:02Z,leak,NORMAL,8600.7,39.99,90.63,80.37,15.1,14.94,23.01,50.07,0,0,0,0,0
2026-01-01T00:24:03Z,leak,NORMAL,8594.2,40.07,90.79,80.7,14.85,15.17,23.07,50.02,0,0,0,0,0
2026-01-01T00:24:04Z,leak,NORMAL,8597.3,39.82,91.12,80.5,15.03,15.05,23.01,50.03,0,0,0,0,0
2026-01-01T00:24:05Z,leak,NORMAL,8603.5,40.08,90.28,80.64,14.99,15.12,23.02,50.01,0,0,0,0,0
2026-01-01T00:24:06Z,leak,NORMAL,8597.4,39.93,91.21,80.25,14.92,15.18,23.12,49.97,0,0,0,0,0
2026-01-01T00:24:07Z,leak,NORMAL,8601.4,39.92,90.49,81.12,14.93,15.13,23.01,49.96,0,0,0,0,0
2026-01-01T00:24:08Z,leak,NORMAL,8596.3,39.96,91.41,81.37,14.91,15.07,23.15,50.02,0,0,0,0,0
2026-01-01T00:24:09Z,leak,NORMAL,8606.4,39.88,91.57,81.07,15.12,15.02,23.08,49.92,0,0,0,0,0
2026-01-01T00:24:10Z,leak,NORMAL,8582.8,40.01,90.49,80.41,14.75,14.89,23.05,49.94,0,0,0,0,0
2026-01-01T00:24:11Z,leak,NORMAL,8601.4,39.63,91.99,81.61,14.76,14.8,23.03,49.91,0,0,0,0,0
2026-01-01T00:24:12Z,leak,NORMAL,8588.0,40.07,90.04,81.33,14.99,14.86,23.16,50.03,0,0,0,0,0
2026-01-01T00:24:13Z,leak,NORMAL,8588.5,40.21,90.7,80.15,14.98,15.01,23.02,50.0,0,0,0,0,0
2026-01-01T00:24:14Z,leak,NORMAL,8595.6,39.97,91.11,81.54,15.0,15.07,22.99,49.96,0,0,0,0,0
2026-01-01T00:24:15Z,leak,NORMAL,8580.1,40.08,91.1,80.37,14.87,15.16,23.07,49.98,0,0,0,0,0
2026-01-01T00:24:16Z,leak,NORMAL,8595.1,39.87,91.07,81.12,14.85,14.88,23.05,49.94,0,0,0,0,0
2026-01-01T00:24:17Z,leak,NORMAL,8602.3,39.95,90.87,81.35,15.02,15.08,22.96,50.02,0,0,0,0,0
2026-01-01T00:24:18Z,leak,NORMAL,8599.9,39.95,90.85,81.23,15.09,14.94,23.08,49.96,0,0,0,0,0
2026-01-01T00:24:19Z,leak,NORMAL,8577.6,40.11,90.98,80.53,14.9,15.03,23.05,50.05,0,0,0,0,0
2026-01-01T00:24:20Z,leak,NORMAL,8594.4,39.92,91.51,82.0,14.99,14.95,23.03,49.97,0,0,0,0,0
2026-01-01T00:24:21Z,leak,NORMAL,8578.7,40.02,91.0,80.58,15.11,15.27,23.06,49.96,0,0,0,0,0
2026-01-01T00:24:22Z,leak,NORMAL,8591.8,40.1,90.94,81.03,15.03,14.9,23.09,49.96,0,0,0,0,0
2026-01-01T00:24:23Z,leak,NORMAL,8609.5,39.87,90.11,81.41,14.87,15.38,23.15,50.04,0,0,0,0,0
2026-01-01T00:24:24Z,leak,NORMAL,8582.5,40.14,91.38,80.9,14.95,14.93,23.07,50.03,0,0,0,0,0
2026-01-01T00:24:25Z,leak,NORMAL,8586.0,39.96,91.42,81.65,15.0,14.96,23.09,49.91,0,0,0,0,0
2026-01-01T00:24:26Z,leak,NORMAL,8585.2,39.84,90.74,81.16,15.11,15.21,23.19,49.98,0,0,0,0,0
2026-01-01T00:24:27Z,leak,NORMAL,8592.3,39.88,91.16,80.85,15.06,15.1,22.98,50.07,0,0,0,0,0
2026-01-01T00:24:28Z,leak,NORMAL,8596.1,39.92,90.6,81.8,14.9,15.18,23.23,50.02,0,0,0,0,0
2026-01-01T00:24:29Z,leak,NORMAL,8591.7,39.97,90.49,81.48,14.94,14.99,23.24,50.01,0,0,0,0,0
2026-01-01T00:24:30Z,leak,NORMAL,8613.6,40.33,91.41,81.38,15.2,14.98,22.98,49.99,0,0,0,0,0
2026-01-01T00:24:31Z,leak,NORMAL,8576.8,39.83,90.76,81.53,15.04,14.97,22.97,49.96,0,0,0,0,0
2026-01-01T00:24:32Z,leak,NORMAL,8575.7,39.79,90.14,81.12,15.04,14.95,23.04,50.03,0,0,0,0,0
2026-01-01T00:24:33Z,leak,NORMAL,8593.9,39.95,91.16,81.12,14.83,15.12,23.08,50.02,0,0,0,0,0
2026-01-01T00:24:34Z,leak,NORMAL,8592.6,40.27,90.32,82.19,14.94,14.89,22.84,49.95,0,0,0,0,0
2026-01-01T00:24:35Z,leak,NORMAL,8586.6,39.89,90.3,81.35,14.79,14.89,23.24,50.02,0,0,0,0,0
2026-01-01T00:24:36Z,leak,NORMAL,8583.4,40.04,91.05,81.3,15.02,15.02,23.05,49.97,0,0,0,0,0
2026-01-01T00:24:37Z,leak,NORMAL,8579.5,40.23,90.49,81.04,14.87,14.87,22.93,49.97,0,0,0,0,0
2026-01-01T00:24:38Z,leak,NORMAL,8587.8,40.27,90.7,80.92,14.97,15.17,23.11,49.98,0,0,0,0,0
2026-01-01T00:24:39Z,leak,NORMAL,8590.2,39.9,91.14,80.45,14.86,14.96,22.98,49.96,0,0,0,0,0
2026-01-01T00:24:40Z,leak,NORMAL,8580.1,39.99,90.45,81.53,15.05,14.99,23.05,50.05,0,0,0,0,0
2026-01-01T00:24:41Z,leak,NORMAL,8592.8,40.16,90.64,81.96,14.96,15.1,23.07,50.0,0,0,0,0,0
2026-01-01T00:24:42Z,leak,NORMAL,8590.5,39.82,89.97,81.7,15.07,15.0,23.07,49.97,0,0,0,0,0
2026-01-01T00:24:43Z,leak,NORMAL,8598.2,40.03,90.5,81.52,15.11,15.16,22.85,49.99,0,0,0,0,0
2026-01-01T00:24:44Z,leak,NORMAL,8576.7,40.11,91.49,80.78,14.97,15.03,23.1,50.06,0,0,0,0,0
2026-01-01T00:24:45Z,leak,NORMAL,8566.7,39.74,90.91,80.69,15.13,14.95,23.08,49.97,0,0,0,0,0
2026-01-01T00:24:46Z,leak,NORMAL,8603.8,39.88,90.59,82.0,15.21,14.96,22.98,50.01,0,0,0,0,0
2026-01-01T00:24:47Z,leak,NORMAL,8579.9,40.0,90.89,81.61,14.91,15.21,22.84,49.92,0,0,0,0,0
2026-01-01T00:24:48Z,leak,NORMAL,8588.6,40.07,91.46,81.7,15.02,14.82,23.1,49.99,0,0,0,0,0
2026-01-01T00:24:49Z,leak,NORMAL,8581.7,39.72,90.63,81.17,15.02,14.97,23.11,49.99,0,0,0,0,0
2026-01-01T00:24:50Z,leak,NORMAL,8581.8,39.94,90.8,79.76,15.06,15.09,22.96,49.93,0,0,0,0,0
2026-01-01T00:24:51Z,leak,NORMAL,8582.2,40.01,90.78,81.17,14.92,14.92,22.99,49.96,0,0,0,0,0
2026-01-01T00:24:52Z,leak,NORMAL,8588.2,40.23,90.68,81.01,15.22,14.97,22.99,50.03,0,0,0,0,0
2026-01-01T00:24:53Z,leak,NORMAL,8585.7,39.99,91.05,80.8,14.87,15.03,23.15,49.95,0,0,0,0,0
2026-01-01T00:24:54Z,leak,NORMAL,8579.9,39.68,90.89,81.18,15.14,15.0,22.96,49.97,0,0,0,0,0
2026-01-01T00:24:55Z,leak,NORMAL,8584.7,39.78,91.51,79.84,14.87,15.07,23.09,49.97,0,0,0,0,0
2026-01-01T00:24:56Z,leak,NORMAL,8572.7,39.84,90.83,81.53,14.83,15.09,23.08,50.0,0,0,0,0,0
2026-01-01T00:24:57Z,leak,NORMAL,8587.9,40.21,90.86,81.52,14.88,14.92,23.18,50.05,0,0,0,0,0
2026-01-01T00:24:58Z,leak,NORMAL,8569.3,39.75,91.08,80.52,14.77,14.97,22.94,50.05,0,0,0,0,0
2026-01-01T00:24:59Z,leak,NORMAL,8557.0,39.81,91.45,80.74,15.13,15.11,22.95,50.06,0,0,0,0,0
2026-01-01T00:25:00Z,leak,NORMAL,8579.9,39.88,90.17,81.43,14.9,15.14,23.12,49.95,0,0,0,0,0
2026-01-01T00:25:01Z,leak,NORMAL,8547.1,39.93,91.08,80.27,15.03,14.85,23.17,50.01,0,0,0,0,0
2026-01-01T00:25:02Z,leak,NORMAL,8593.7,40.07,91.72,81.57,15.05,14.85,23.09,49.97,0,0,0,0,0
2026-01-01T00:25:03Z,leak,NORMAL,8573.0,39.83,91.17,80.85,14.97,15.01,22.75,50.04,0,0,0,0,0
2026-01-01T00:25:04Z,leak,NORMAL,8566.9,40.35,91.0,81.74,14.92,14.97,22.97,50.03,0,0,0,0,0
2026-01-01T00:25:05Z,leak,NORMAL,8575.4,39.65,91.06,80.55,14.88,14.89,23.08,49.97,0,0,0,0,0
2026-01-01T00:25:06Z,leak,NORMAL,8569.1,39.92,90.65,80.19,14.95,15.11,23.09,50.05,0,0,0,0,0
2026-01-01T00:25:07Z,leak,NORMAL,8564.8,40.31,90.23,81.62,15.13,14.9,23.13,49.99,0,0,0,0,0
2026-01-01T00:25:08Z,leak,NORMAL,8575.6,40.17,91.41,80.46,14.84,14.94,22.95,49.99,0,0,0,0,0
2026-01-01T00:25:09Z,leak,NORMAL,8562.5,39.87,91.32,81.24,15.07,14.93,23.04,50.08,0,0,0,0,0
2026-01-01T00:25:10Z,leak,NORMAL,8554.1,39.96,90.95,80.76,15.18,14.95,23.12,49.97,0,0,0,0,0
2026-01-01T00:25:11Z,leak,NORMAL,8559.4,39.96,91.28,80.87,15.12,15.03,23.01,49.97,0,0,0,0,0
2026-01-01T00:25:12Z,leak,NORMAL,8543.5,40.01,91.1,80.83,15.02,15.14,23.06,50.01,0,0,0,0,0
2026-01-01T00:25:13Z,leak,NORMAL,8561.7,40.04,89.99,80.24,14.89,15.06,22.96,49.98,0,0,0,0,0
2026-01-01T00:25:14Z,leak,NORMAL,8568.5,39.78,89.98,80.1,15.16,14.98,22.98,49.86,0,0,0,0,0
2026-01-01T00:25:15Z,leak,NORMAL,8562.6,39.85,89.97,81.63,15.08,14.97,22.9,50.1,0,0,0,0,0
2026-01-01T00:25:16Z,leak,NORMAL,8572.4,40.3,91.07,80.81,14.95,14.99,23.23,49.99,0,0,0,0,0
2026-01-01T00:25:17Z,leak,NORMAL,8547.1,39.99,90.34,81.67,14.87,14.9,23.03,49.93,0,0,0,0,0
2026-01-01T00:25:18Z,leak,NORMAL,8530.3,39.81,90.04,80.97,15.13,15.05,22.95,50.0,0,0,0,0,0
2026-01-01T00:25:19Z,leak,NORMAL,8562.7,39.96,90.08,80.59,15.09,15.03,23.1,49.98,0,0,0,0,0
2026-01-01T00:25:20Z,leak,NORMAL,8554.5,39.93,90.54,80.18,15.15,14.95,23.04,49.94,0,0,0,0,0
2026-01-01T00:25:21Z,leak,NORMAL,8548.4,39.54,91.0,80.78,14.88,15.04,23.02,49.96,0,0,0,0,0
2026-01-01T00:25:22Z,leak,NORMAL,8535.9,39.83,90.91,80.71,14.85,14.96,23.06,50.01,0,0,0,0,0
2026-01-01T00:25:23Z,leak,NORMAL,8541.3,39.8,90.48,81.0,15.14,14.98,22.91,49.98,0,0,0,0,0
2026-01-01T00:25:24Z,leak,NORMAL,8551.9,39.85,89.96,80.29,15.03,15.06,23.0,49.95,0,0,0,0,0
2026-01-01T00:25:25Z,leak,NORMAL,8555.0,40.06,91.24,80.57,15.09,14.97,22.94,50.04,0,0,0,0,0
2026-01-01T00:25:26Z,leak,NORMAL,8556.9,40.14,91.0,81.05,14.95,14.8,23.01,50.0,0,0,0,0,0
2026-01-01T00:25:27Z,leak,NORMAL,8544.3,40.08,91.31,80.71,14.91,15.14,23.05,50.0,0,0,0,0,0
2026-01-01T00:25:28Z,leak,NORMAL,8527.0,39.65,91.05,80.94,15.13,15.22,23.06,50.0,0,0,0,0,0
2026-01-01T00:25:29Z,leak,NORMAL,8546.6,40.03,91.12,80.4,15.16,14.81,23.13,50.06,0,0,0,0,0
2026-01-01T00:25:30Z,leak,NORMAL,8550.4,40.13,90.01,81.59,15.12,14.93,22.89,49.95,0,0,0,0,0
2026-01-01T00:25:31Z,leak,NORMAL,8541.1,39.6,90.7,81.0,15.01,14.98,23.2,50.01,0,0,0,0,0
2026-01-01T00:25:32Z,leak,NORMAL,8568.7,39.88,90.72,80.34,14.98,15.09,23.13,50.05,0,0,0,0,0
2026-01-01T00:25:33Z,leak,NORMAL,8554.4,39.86,89.18,79.69,15.21,14.89,23.19,49.97,0,0,0,0,0
2026-01-01T00:25:34Z,leak,NORMAL,8535.6,40.14,91.02,81.15,14.95,15.08,23.1,50.09,0,0,0,0,0
2026-01-01T00:25:35Z,leak,NORMAL,8546.9,40.19,89.84,81.58,15.16,14.91,23.22,49.96,0,0,0,0,0
2026-01-01T00:25:36Z,leak,NORMAL,8544.6,39.92,89.8,80.62,14.95,15.11,22.98,49.97,0,0,0,0,0
2026-01-01T00:25:37Z,leak,NORMAL,8531.4,40.16,90.65,81.12,14.94,15.02,23.19,49.98,0,0,0,0,0
2026-01-01T00:25:38Z,leak,NORMAL,8536.6,40.03,90.74,80.73,14.87,14.95,22.98,50.15,0,0,0,0,0
2026-01-01T00:25:39Z,leak,NORMAL,8541.7,39.66,90.31,80.11,15.23,15.06,23.04,50.06,0,0,0,0,0
2026-01-01T00:25:40Z,leak,NORMAL,8548.7,39.85,89.97,80.05,14.97,14.99,23.07,50.03,0,0,0,0,0
2026-01-01T00:25:41Z,leak,NORMAL,8540.8,39.99,90.95,79.77,14.99,14.88,23.14,50.04,0,0,0,0,0
2026-01-01T00:25:42Z,leak,NORMAL,8529.8,39.58,91.47,81.38,15.12,14.9,23.16,50.01,0,0,0,0,0
2026-01-01T00:25:43Z,leak,NORMAL,8539.6,40.28,91.59,80.77,15.04,15.15,23.11,50.0,0,0,0,0,0
2026-01-01T00:25:44Z,leak,NORMAL,8536.0,40.37,91.16,79.39,15.19,14.98,22.97,50.07,0,0,0,0,0
2026-01-01T00:25:45Z,leak,NORMAL,8539.2,40.03,90.46,81.39,15.08,14.93,22.92,49.96,0,0,0,0,0
2026-01-01T00:25:46Z,leak,NORMAL,8528.2,39.9,91.03,80.07,14.98,15.15,23.01,50.03,0,0,0,0,0
2026-01-01T00:25:47Z,leak,NORMAL,8528.3,40.42,90.66,80.1,14.89,14.92,22.98,50.05,0,0,0,0,0
2026-01-01T00:25:48Z,leak,NORMAL,8517.1,40.09,90.54,81.32,15.16,15.14,23.04,50.0,0,0,0,0,0
2026-01-01T00:25:49Z,leak,NORMAL,8518.9,40.42,90.38,81.37,15.09,14.96,23.03,49.99,0,0,0,0,0
2026-01-01T00:25:50Z,leak,NORMAL,8524.9,39.96,91.08,81.24,15.18,14.84,23.0,49.98,0,0,0,0,0
2026-01-01T00:25:51Z,leak,NORMAL,8551.2,40.47,90.15,80.64,15.03,15.19,23.18,50.08,0,0,0,0,0
2026-01-01T00:25:52Z,leak,NORMAL,8529.9,39.86,89.97,80.23,15.08,15.11,23.34,50.03,0,0,0,0,0
2026-01-01T00:25:53Z,leak,NORMAL,8527.0,39.87,90.47,81.0,14.78,14.9,22.98,50.1,0,0,0,0,0
2026-01-01T00:25:54Z,leak,NORMAL,8533.6,39.91,90.58,81.25,14.96,15.04,23.11,50.02,0,0,0,0,0
2026-01-01T00:25:55Z,leak,NORMAL,8527.1,40.12,90.05,80.11,15.03,14.97,23.12,50.06,0,0,0,0,0
2026-01-01T00:25:56Z,leak,NORMAL,8518.2,39.96,90.5,80.51,14.96,14.91,22.99,49.99,0,0,0,0,0
2026-01-01T00:25:57Z,leak,NORMAL,8533.7,40.41,90.14,80.75,15.06,15.04,23.03,50.04,0,0,0,0,0
2026-01-01T00:25:58Z,leak,NORMAL,8528.2,39.68,90.58,80.78,14.91,14.91,23.26,50.03,0,0,0,0,0
2026-01-01T00:25:59Z,leak,NORMAL,8540.5,39.75,90.06,80.2,14.92,14.93,23.13,49.92,0,0,0,0,0
2026-01-01T00:26:00Z,leak,NORMAL,8512.6,39.88,90.85,80.48,15.05,14.97,23.04,49.99,0,0,0,0,0
2026-01-01T00:26:01Z,leak,NORMAL,8527.3,40.22,90.89,81.67,15.21,15.0,23.12,50.01,0,0,0,0,0
2026-01-01T00:26:02Z,leak,NORMAL,8519.5,39.9,89.51,80.7,14.93,14.98,22.98,50.06,0,0,0,0,0
2026-01-01T00:26:03Z,leak,NORMAL,8502.2,40.38,89.81,80.74,14.99,14.89,23.06,50.03,0,0,0,0,0
2026-01-01T00:26:04Z,leak,NORMAL,8511.0,40.18,90.2,80.15,15.01,15.06,23.21,50.1,0,0,0,0,0
2026-01-01T00:26:05Z,leak,NORMAL,8507.2,39.77,90.76,80.1,15.01,14.9,23.1,49.97,0,0,0,0,0
2026-01-01T00:26:06Z,leak,NORMAL,8516.7,40.07,89.99,80.12,15.09,14.85,23.12,49.99,0,0,0,0,0
2026-01-01T00:26:07Z,leak,NORMAL,8515.3,40.25,90.5,80.87,14.94,14.99,23.0,50.03,0,0,0,0,0
2026-01-01T00:26:08Z,leak,NORMAL,8500.5,40.19,90.1,81.26,14.95,14.98,23.01,50.05,0,0,0,0,0
2026-01-01T00:26:09Z,leak,NORMAL,8514.0,40.19,89.22,80.63,15.16,15.17,23.06,50.11,0,0,0,0,0
2026-01-01T00:26:10Z,leak,NORMAL,8497.3,39.79,90.73,79.9,15.01,14.96,23.35,50.01,0,0,0,0,0
2026-01-01T00:26:11Z,leak,NORMAL,8527.2,40.13,89.77,81.41,15.02,15.05,23.2,50.09,0,0,0,0,0
2026-01-01T00:26:12Z,leak,NORMAL,8493.5,40.33,89.36,79.94,14.85,15.02,23.15,50.02,0,0,0,0,0
2026-01-01T00:26:13Z,leak,NORMAL,8486.8,39.84,90.46,80.82,14.86,14.97,23.23,50.05,0,0,0,0,0
2026-01-01T00:26:14Z,leak,NORMAL,8477.7,40.11,89.76,79.38,15.15,14.98,23.23,50.04,0,0,0,0,0
2026-01-01T00:26:15Z,leak,NORMAL,8504.9,39.89,89.79,80.71,15.01,15.02,23.09,49.91,0,0,0,0,0
2026-01-01T00:26:16Z,leak,NORMAL,8515.8,39.89,90.57,81.33,15.24,14.96,22.98,49.96,0,0,0,0,0
2026-01-01T00:26:17Z,leak,NORMAL,8523.6,39.97,90.37,80.47,14.97,15.1,23.35,50.13,0,0,0,0,0
2026-01-01T00:26:18Z,leak,NORMAL,8505.5,39.71,90.54,80.25,14.94,14.76,23.29,50.03,0,0,0,0,0
2026-01-01T00:26:19Z,leak,NORMAL,8501.3,39.97,90.5,80.01,15.1,15.17,23.2,50.04,0,0,0,0,0
2026-01-01T00:26:20Z,leak,NORMAL,8477.7,39.94,89.01,80.4,15.07,15.02,23.14,50.05,0,0,0,0,0
2026-01-01T00:26:21Z,leak,NORMAL,8496.2,40.02,90.08,79.48,14.96,15.01,23.13,49.99,0,0,0,0,0
2026-01-01T00:26:22Z,leak,NORMAL,8511.6,39.96,90.06,80.22,14.84,15.15,23.16,50.01,0,0,0,0,0
2026-01-01T00:26:23Z,leak,NORMAL,8489.5,39.73,89.6,81.08,15.11,14.86,23.11,50.03,0,0,0,0,0
2026-01-01T00:26:24Z,leak,NORMAL,8510.7,39.89,89.5,80.11,14.98,15.22,23.22,49.99,0,0,0,0,0
2026-01-01T00:26:25Z,leak,NORMAL,8490.4,39.85,89.79,80.27,15.07,14.83,23.22,50.01,0,0,0,0,0
2026-01-01T00:26:26Z,leak,NORMAL,8489.8,40.08,90.3,79.45,15.01,14.99,23.37,50.01,0,0,0,0,0
2026-01-01T00:26:27Z,leak,NORMAL,8502.3,39.8,90.41,80.85,15.08,14.92,23.32,49.94,0,0,0,0,0
2026-01-01T00:26:28Z,leak,NORMAL,8495.8,40.06,89.91,79.93,15.0,14.96,23.4,50.07,0,0,0,0,0
2026-01-01T00:26:29Z,leak,NORMAL,8508.5,40.01,90.01,80.4,15.08,15.04,23.09,49.99,0,0,0,0,0
2026-01-01T00:26:30Z,leak,NORMAL,8499.5,40.56,89.73,80.04,14.96,15.15,23.23,49.99,0,0,0,0,0
2026-01-01T00:26:31Z,leak,NORMAL,8489.3,40.02,90.13,80.52,15.08,15.1,23.36,49.99,0,0,0,0,0
2026-01-01T00:26:32Z,leak,NORMAL,8486.7,39.92,90.14,80.62,15.06,15.0,23.12,49.95,0,0,0,0,0
2026-01-01T00:26:33Z,leak,NORMAL,8477.3,39.86,89.84,80.72,15.07,14.85,23.07,49.99,0,0,0,0,0
2026-01-01T00:26:34Z,leak,NORMAL,8493.3,39.97,89.95,80.01,15.08,15.04,23.2,49.93,0,0,0,0,0
2026-01-01T00:26:35Z,leak,NORMAL,8486.6,39.93,90.01,79.39,15.16,15.01,23.33,50.04,0,0,0,0,0
2026-01-01T00:26:36Z,leak,NORMAL,8492.1,39.9,89.61,79.49,15.07,15.03,23.28,49.95,0,0,0,0,0
2026-01-01T00:26:37Z,leak,NORMAL,8482.4,39.77,89.06,80.17,14.85,15.35,23.27,50.06,0,0,0,0,0
2026-01-01T00:26:38Z,leak,NORMAL,8490.9,40.05,89.36,80.28,15.17,14.91,23.34,49.99,0,0,0,0,0
2026-01-01T00:26:39Z,leak,NORMAL,8489.8,39.87,90.42,80.79,14.98,15.01,23.28,50.03,0,0,0,0,0
2026-01-01T00:26:40Z,leak,NORMAL,8494.1,39.98,89.81,80.18,15.04,14.86,23.29,50.06,0,0,0,0,0
2026-01-01T00:26:41Z,leak,NORMAL,8480.8,40.08,89.65,80.3,14.99,15.02,23.17,50.03,0,0,0,0,0
2026-01-01T00:26:42Z,leak,NORMAL,8490.2,39.93,89.94,80.69,14.98,14.89,23.29,49.99,0,0,0,0,0
2026-01-01T00:26:43Z,leak,NORMAL,8480.5,39.99,90.03,80.06,14.95,15.1,23.22,50.04,0,0,0,0,0
2026-01-01T00:26:44Z,leak,NORMAL,8493.0,39.87,89.77,80.13,14.98,15.05,23.14,49.94,0,0,0,0,0
2026-01-01T00:26:45Z,leak,NORMAL,8470.5,40.04,90.11,80.38,14.97,14.82,23.31,49.96,0,0,0,0,0
2026-01-01T00:26:46Z,leak,NORMAL,8477.7,39.99,89.33,80.24,15.02,15.09,23.27,50.1,0,0,0,0,0
2026-01-01T00:26:47Z,leak,NORMAL,8464.7,40.41,90.68,79.91,14.88,14.96,23.22,50.03,0,0,0,0,0
2026-01-01T00:26:48Z,leak,NORMAL,8478.4,40.13,88.9,79.07,15.02,15.13,23.27,50.09,0,0,0,0,0
2026-01-01T00:26:49Z,leak,NORMAL,8460.1,40.02,90.38,80.12,15.14,15.09,23.23,49.99,0,0,0,0,0
2026-01-01T00:26:50Z,leak,NORMAL,8456.8,40.02,90.75,79.24,14.99,15.11,23.29,49.91,0,0,0,0,0
2026-01-01T00:26:51Z,leak,NORMAL,8468.5,40.11,89.87,79.88,15.0,15.14,23.18,50.08,0,0,0,0,0
2026-01-01T00:26:52Z,leak,NORMAL,8462.9,40.01,89.7,80.45,15.14,14.99,23.09,49.98,0,0,0,0,0
2026-01-01T00:26:53Z,leak,NORMAL,8452.2,39.6,89.54,79.86,14.98,14.84,23.33,50.08,0,0,0,0,0
2026-01-01T00:26:54Z,leak,NORMAL,8463.0,40.35,88.92,80.42,15.08,15.01,23.29,50.01,0,0,0,0,0
2026-01-01T00:26:55Z,leak,NORMAL,8455.8,39.72,90.22,80.25,15.05,14.97,23.19,49.95,0,0,0,0,0
2026-01-01T00:26:56Z,leak,NORMAL,8450.7,39.81,90.03,80.22,14.97,15.15,23.22,50.01,0,0,0,0,0
2026-01-01T00:26:57Z,leak,NORMAL,8481.1,40.36,90.42,80.67,14.91,14.97,23.22,50.07,0,0,0,0,0
2026-01-01T00:26:58Z,leak,NORMAL,8449.5,39.91,89.39,79.55,14.91,15.17,23.37,50.01,0,0,0,0,0
2026-01-01T00:26:59Z,leak,NORMAL,8450.1,39.9,89.81,79.83,14.99,14.95,23.32,50.01,0,0,0,0,0
2026-01-01T00:27:00Z,leak,NORMAL,8468.1,40.2,90.02,79.8,15.01,14.73,23.24,50.04,0,0,0,0,0
2026-01-01T00:27:01Z,leak,NORMAL,8460.2,39.77,89.08,79.75,14.94,14.92,23.4,50.08,0,0,0,0,0
2026-01-01T00:27:02Z,leak,NORMAL,8463.5,39.8,90.48,80.64,15.0,15.07,23.22,49.95,0,0,0,0,0
2026-01-01T00:27:03Z,leak,NORMAL,8476.5,40.12,89.67,80.05,15.01,15.07,23.42,50.08,0,0,0,0,0
2026-01-01T00:27:04Z,leak,NORMAL,8448.6,40.0,89.67,79.15,15.17,15.02,23.16,50.0,0,0,0,0,0
2026-01-01T00:27:05Z,leak,NORMAL,8452.4,39.76,90.27,80.05,15.03,15.13,23.47,50.0,0,0,0,0,0
2026-01-01T00:27:06Z,leak,NORMAL,8447.2,39.91,89.86,79.69,15.03,15.12,23.46,49.96,0,0,0,0,0
2026-01-01T00:27:07Z,leak,NORMAL,8452.2,40.25,89.31,79.84,15.04,15.13,23.27,50.04,0,0,0,0,0
2026-01-01T00:27:08Z,leak,NORMAL,8453.5,40.1,89.57,79.97,14.88,14.91,23.22,50.0,0,0,0,0,0
2026-01-01T00:27:09Z,leak,NORMAL,8454.1,40.05,89.87,79.06,15.05,14.95,23.17,49.96,0,0,0,0,0
2026-01-01T00:27:10Z,leak,NORMAL,8459.5,39.74,90.28,79.23,14.98,15.03,23.24,49.95,0,0,0,0,0
2026-01-01T00:27:11Z,leak,NORMAL,8456.9,39.9,89.14,79.79,15.01,15.06,23.27,50.05,0,0,0,0,0
2026-01-01T00:27:12Z,leak,NORMAL,8447.3,39.69,89.08,79.94,15.01,14.77,23.2,50.01,0,0,0,0,0
2026-01-01T00:27:13Z,leak,NORMAL,8453.6,39.72,89.74,79.72,15.0,15.0,23.37,50.0,0,0,0,0,0
2026-01-01T00:27:14Z,leak,NORMAL,8456.6,40.01,90.08,79.79,14.97,14.75,23.42,50.03,0,0,0,0,0
2026-01-01T00:27:15Z,leak,NORMAL,8431.6,39.58,89.51,79.3,14.97,15.14,23.34,50.01,0,0,0,0,0
2026-01-01T00:27:16Z,leak,NORMAL,8451.0,40.08,88.4,80.08,15.22,14.98,23.45,50.05,0,0,0,0,0
2026-01-01T00:27:17Z,leak,NORMAL,8463.0,39.9,90.36,78.97,15.02,15.04,23.33,49.95,0,0,0,0,0
2026-01-01T00:27:18Z,leak,NORMAL,8456.9,39.8,89.49,79.86,14.97,14.99,23.33,49.97,0,0,0,0,0
2026-01-01T00:27:19Z,leak,NORMAL,8436.6,40.12,90.01,79.86,14.94,15.01,23.57,50.01,0,0,0,0,0
2026-01-01T00:27:20Z,leak,NORMAL,8429.6,39.58,90.05,79.18,14.99,14.93,23.35,50.07,0,0,0,0,0
2026-01-01T00:27:21Z,leak,NORMAL,8449.1,39.97,89.14,78.87,15.03,15.0,23.18,49.96,0,0,0,0,0
2026-01-01T00:27:22Z,leak,NORMAL,8427.4,39.89,89.67,78.95,15.0,14.92,23.45,50.03,0,0,0,0,0
2026-01-01T00:27:23Z,leak,NORMAL,8446.6,39.77,88.7,80.47,14.98,14.88,23.31,50.06,0,0,0,0,0
2026-01-01T00:27:24Z,leak,NORMAL,8429.4,40.15,88.45,80.72,15.01,14.94,23.28,49.91,0,0,0,0,0
2026-01-01T00:27:25Z,leak,NORMAL,8435.0,39.82,89.65,79.63,15.0,15.05,23.51,49.97,0,0,0,0,0
2026-01-01T00:27:26Z,leak,NORMAL,8426.9,40.08,88.99,78.72,14.88,15.19,23.44,50.0,0,0,0,0,0
2026-01-01T00:27:27Z,leak,NORMAL,8430.3,40.24,89.39,78.69,14.75,14.88,23.44,49.91,0,0,0,0,0
2026-01-01T00:27:28Z,leak,NORMAL,8422.4,40.23,90.53,78.61,14.88,14.97,23.32,49.98,0,0,0,0,0
2026-01-01T00:27:29Z,leak,NORMAL,8413.8,39.85,89.36,78.89,15.03,14.89,23.31,50.08,0,0,0,0,0
2026-01-01T00:27:30Z,leak,NORMAL,8419.2,40.34,88.48,79.5,15.02,15.09,23.26,50.05,0,0,0,0,0
2026-01-01T00:27:31Z,leak,NORMAL,8446.2,40.18,88.48,79.9,15.05,14.96,23.58,50.0,0,0,0,0,0
2026-01-01T00:27:32Z,leak,NORMAL,8429.4,40.0,89.5,79.77,15.07,14.98,23.25,50.05,0,0,0,0,0
2026-01-01T00:27:33Z,leak,NORMAL,8429.1,39.98,89.41,79.51,15.05,15.01,23.48,50.08,0,0,0,0,0
2026-01-01T00:27:34Z,leak,NORMAL,8439.6,40.07,89.86,79.44,14.94,15.08,23.39,49.96,0,0,0,0,0
2026-01-01T00:27:35Z,leak,NORMAL,8426.8,40.09,88.75,79.88,14.86,15.02,23.53,50.02,0,0,0,0,0
2026-01-01T00:27:36Z,leak,NORMAL,8439.9,40.03,90.11,79.73,15.06,14.92,23.38,49.99,0,0,0,0,0
2026-01-01T00:27:37Z,leak,NORMAL,8425.3,39.74,88.55,80.64,14.98,15.0,23.54,50.01,0,0,0,0,0
2026-01-01T00:27:38Z,leak,NORMAL,8439.2,39.87,89.13,79.5,14.97,14.84,23.53,49.97,0,0,0,0,0
2026-01-01T00:27:39Z,leak,NORMAL,8429.1,39.85,89.45,79.54,14.94,15.16,23.48,49.97,0,0,0,0,0
2026-01-01T00:27:40Z,leak,NORMAL,8427.2,40.02,90.0,80.26,15.05,14.77,23.33,50.02,0,0,0,0,0
2026-01-01T00:27:41Z,leak,NORMAL,8412.7,40.07,88.44,80.27,14.98,14.97,23.31,49.96,0,0,0,0,0
2026-01-01T00:27:42Z,leak,NORMAL,8405.5,40.02,89.22,79.81,14.98,15.09,23.49,50.02,0,0,0,0,0
2026-01-01T00:27:43Z,leak,NORMAL,8429.9,39.89,89.24,79.52,15.03,14.82,23.59,49.95,0,0,0,0,0
2026-01-01T00:27:44Z,leak,NORMAL,8431.8,40.03,88.88,80.14,15.04,14.94,23.31,50.03,0,0,0,0,0
2026-01-01T00:27:45Z,leak,NORMAL,8429.0,39.95,89.8,80.13,15.12,14.96,23.37,50.02,0,0,0,0,0
2026-01-01T00:27:46Z,leak,NORMAL,8423.8,39.96,88.51,79.37,14.97,14.96,23.38,50.01,0,0,0,0,0
2026-01-01T00:27:47Z,leak,NORMAL,8414.0,39.93,89.62,79.63,15.09,14.97,23.29,50.07,0,0,0,0,0
2026-01-01T00:27:48Z,leak,NORMAL,8440.1,39.77,89.47,79.67,14.87,14.94,23.16,50.06,0,0,0,0,0
2026-01-01T00:27:49Z,leak,NORMAL,8417.0,40.11,90.05,79.82,15.04,15.09,23.41,49.99,0,0,0,0,0
2026-01-01T00:27:50Z,leak,NORMAL,8425.1,40.09,89.22,79.38,15.16,15.06,23.59,50.05,0,0,0,0,0
2026-01-01T00:27:51Z,leak,NORMAL,8420.1,39.99,89.43,79.26,15.17,14.91,23.51,49.97,0,0,0,0,0
2026-01-01T00:27:52Z,leak,NORMAL,8409.4,40.04,89.63,79.72,14.92,14.91,23.51,49.97,0,0,0,0,0
2026-01-01T00:27:53Z,leak,NORMAL,8428.4,40.17,89.34,79.28,14.71,14.98,23.42,49.98,0,0,0,0,0
2026-01-01T00:27:54Z,leak,NORMAL,8419.9,39.62,88.98,79.69,15.0,15.03,23.31,50.04,0,0,0,0,0
2026-01-01T00:27:55Z,leak,NORMAL,8419.3,39.95,88.66,78.39,14.89,15.09,23.61,49.94,0,0,0,0,0
2026-01-01T00:27:56Z,leak,NORMAL,8427.9,40.2,89.46,78.39,14.9,14.87,23.58,50.06,0,0,0,0,0
2026-01-01T00:27:57Z,leak,NORMAL,8413.7,40.33,89.08,79.44,15.04,15.02,23.55,49.98,0,0,0,0,0
2026-01-01T00:27:58Z,leak,NORMAL,8411.1,39.85,88.75,79.73,15.08,14.79,23.47,50.06,0,0,0,0,0
2026-01-01T00:27:59Z,leak,NORMAL,8412.6,40.15,89.74,79.19,14.85,15.13,23.46,49.93,0,0,0,0,0
2026-01-01T00:28:00Z,leak,NORMAL,8428.2,39.87,88.82,78.82,14.96,15.01,23.43,50.0,0,0,0,0,0
2026-01-01T00:28:01Z,leak,NORMAL,8401.5,39.97,89.16,79.76,14.99,15.08,23.44,50.0,0,0,0,0,0
2026-01-01T00:28:02Z,leak,NORMAL,8433.1,39.76,88.73,79.17,14.94,15.18,23.43,49.99,0,0,0,0,0
2026-01-01T00:28:03Z,leak,NORMAL,8413.6,40.21,88.69,78.63,15.04,14.97,23.55,49.96,0,0,0,0,0
2026-01-01T00:28:04Z,leak,NORMAL,8410.4,39.83,88.72,79.22,15.04,14.87,23.62,50.07,0,0,0,0,0
2026-01-01T00:28:05Z,leak,NORMAL,8423.7,39.8,89.38,80.18,15.03,14.94,23.48,49.95,0,0,0,0,0
2026-01-01T00:28:06Z,leak,NORMAL,8413.4,40.23,89.05,79.96,14.95,14.99,23.49,49.98,0,0,0,0,0
2026-01-01T00:28:07Z,leak,NORMAL,8430.5,39.92,89.17,79.31,15.09,15.22,23.65,49.98,0,0,0,0,0
2026-01-01T00:28:08Z,leak,NORMAL,8425.3,39.98,89.01,79.95,15.01,15.03,23.31,50.06,0,0,0,0,0
2026-01-01T00:28:09Z,leak,NORMAL,8402.2,39.87,88.92,79.46,15.04,15.09,23.57,49.98,0,0,0,0,0
2026-01-01T00:28:10Z,leak,NORMAL,8415.8,39.87,88.73,79.17,15.05,14.78,23.54,49.97,0,0,0,0,0
2026-01-01T00:28:11Z,leak,NORMAL,8420.8,39.84,89.56,79.31,14.94,14.94,23.51,50.02,0,0,0,0,0
2026-01-01T00:28:12Z,leak,NORMAL,8400.7,39.82,89.03,79.91,15.03,14.95,23.5,49.99,0,0,0,0,0
2026-01-01T00:28:13Z,leak,NORMAL,8413.3,40.36,89.25,78.97,14.81,14.83,23.72,50.04,0,0,0,0,0
2026-01-01T00:28:14Z,leak,NORMAL,8417.3,39.98,88.86,79.28,15.04,14.94,23.53,50.01,0,0,0,0,0
2026-01-01T00:28:15Z,leak,NORMAL,8412.3,40.13,89.37,79.49,14.95,15.12,23.51,49.97,0,0,0,0,0
2026-01-01T00:28:16Z,leak,NORMAL,8409.7,40.09,89.77,79.64,14.85,15.06,23.49,50.05,0,0,0,0,0
2026-01-01T00:28:17Z,leak,NORMAL,8399.1,40.17,88.93,80.27,14.82,15.01,23.51,49.99,0,0,0,0,0
2026-01-01T00:28:18Z,leak,NORMAL,8394.0,40.0,89.43,78.66,14.89,15.11,23.48,49.95,0,0,0,0,0
2026-01-01T00:28:19Z,leak,NORMAL,8394.8,40.24,89.18,79.65,14.94,15.04,23.59,50.04,0,0,0,0,0
2026-01-01T00:28:20Z,leak,NORMAL,8398.0,39.87,90.22,79.4,15.01,15.15,23.44,50.03,0,0,0,0,0
2026-01-01T00:28:21Z,leak,NORMAL,8399.7,40.12,88.63,79.61,14.96,14.78,23.68,50.02,0,0,0,0,0
2026-01-01T00:28:22Z,leak,NORMAL,8407.7,40.19,89.62,79.2,15.1,15.17,23.54,49.95,0,0,0,0,0
2026-01-01T00:28:23Z,leak,NORMAL,8413.2,39.64,89.52,79.14,15.0,14.96,23.67,49.99,0,0,0,0,0
2026-01-01T00:28:24Z,leak,NORMAL,8404.7,39.94,90.06,79.75,14.92,15.02,23.68,49.97,0,0,0,0,0
2026-01-01T00:28:25Z,leak,NORMAL,8411.7,39.93,88.81,79.75,15.01,15.04,23.78,50.02,0,0,0,0,0
2026-01-01T00:28:26Z,leak,NORMAL,8410.4,39.52,89.32,79.07,14.77,14.93,23.7,49.98,0,0,0,0,0
2026-01-01T00:28:27Z,leak,NORMAL,8407.2,39.88,88.99,79.0,15.15,15.11,23.67,50.02,0,0,0,0,0
2026-01-01T00:28:28Z,leak,NORMAL,8388.1,40.08,88.98,78.89,15.07,14.97,23.85,50.01,0,0,0,0,0
2026-01-01T00:28:29Z,leak,NORMAL,8405.5,39.76,89.61,79.24,15.05,15.02,23.71,50.01,0,0,0,0,0
2026-01-01T00:28:30Z,leak,NORMAL,8417.4,40.29,89.35,78.6,14.99,15.07,23.68,50.02,0,0,0,0,0
2026-01-01T00:28:31Z,leak,NORMAL,8403.9,40.29,89.02,78.97,15.0,15.0,23.49,50.02,0,0,0,0,0
2026-01-01T00:28:32Z,leak,NORMAL,8399.1,39.82,88.52,79.02,14.75,14.96,23.76,49.98,0,0,0,0,0
2026-01-01T00:28:33Z,leak,NORMAL,8390.7,39.8,89.0,78.31,14.9,14.98,23.56,50.0,0,0,0,0,0
2026-01-01T00:28:34Z,leak,NORMAL,8405.3,39.87,88.62,78.86,14.96,15.13,23.6,50.03,0,0,0,0,0
2026-01-01T00:28:35Z,leak,NORMAL,8396.7,40.12,89.03,79.22,14.87,15.06,23.81,50.08,0,0,0,0,0
2026-01-01T00:28:36Z,leak,NORMAL,8406.8,39.68,88.75,78.79,15.0,15.02,23.71,50.05,0,0,0,0,0
2026-01-01T00:28:37Z,leak,NORMAL,8391.2,40.02,87.98,79.35,14.9,15.02,23.93,50.04,0,0,0,0,0
2026-01-01T00:28:38Z,leak,NORMAL,8420.3,39.73,88.94,79.28,14.9,15.02,23.64,49.96,0,0,0,0,0
2026-01-01T00:28:39Z,leak,NORMAL,8394.4,39.89,88.42,79.07,15.18,14.92,23.61,50.01,0,0,0,0,0
2026-01-01T00:28:40Z,leak,NORMAL,8409.7,40.42,89.77,80.45,15.1,15.13,23.71,50.01,0,0,0,0,0
2026-01-01T00:28:41Z,leak,NORMAL,8404.1,40.24,89.49,79.18,15.03,14.89,23.66,49.97,0,0,0,0,0
2026-01-01T00:28:42Z,leak,NORMAL,8413.0,40.08,89.36,79.47,14.83,15.01,23.89,50.02,0,0,0,0,0
2026-01-01T00:28:43Z,leak,NORMAL,8399.7,39.74,90.17,79.63,15.09,14.96,23.67,49.95,0,0,0,0,0
2026-01-01T00:28:44Z,leak,NORMAL,8399.9,39.84,89.67,79.95,15.08,15.05,23.71,50.01,0,0,0,0,0
2026-01-01T00:28:45Z,leak,NORMAL,8393.1,40.47,89.2,79.69,14.84,15.09,23.81,50.05,0,0,0,0,0
2026-01-01T00:28:46Z,leak,NORMAL,8400.3,40.44,89.16,79.08,15.05,14.94,23.7,50.0,0,0,0,0,0
2026-01-01T00:28:47Z,leak,NORMAL,8373.3,40.11,89.49,78.81,15.1,15.05,23.86,49.96,0,0,0,0,0
2026-01-01T00:28:48Z,leak,NORMAL,8420.2,39.95,89.34,78.96,14.8,14.92,23.79,49.96,0,0,0,0,0
2026-01-01T00:28:49Z,leak,NORMAL,8394.5,39.79,88.5,78.24,14.87,14.92,23.82,49.92,0,0,0,0,0
2026-01-01T00:28:50Z,leak,NORMAL,8401.2,40.37,88.6,79.22,15.08,14.97,24.07,49.97,0,0,0,0,0
2026-01-01T00:28:51Z,leak,NORMAL,8413.3,40.08,89.09,78.69,15.06,14.89,23.81,49.97,0,0,0,0,0
2026-01-01T00:28:52Z,leak,NORMAL,8411.3,39.94,89.09,79.24,14.91,14.98,23.77,49.95,0,0,0,0,0
2026-01-01T00:28:53Z,leak,NORMAL,8398.5,40.07,89.26,79.54,15.03,14.98,23.7,50.1,0,0,0,0,0
2026-01-01T00:28:54Z,leak,NORMAL,8383.6,40.14,89.28,79.51,15.23,15.05,23.84,50.02,0,0,0,0,0
2026-01-01T00:28:55Z,leak,NORMAL,8408.9,39.84,89.6,78.87,14.84,15.11,23.76,50.07,0,0,0,0,0
2026-01-01T00:28:56Z,leak,NORMAL,8403.5,40.1,88.73,79.47,15.04,15.02,23.8,49.99,0,0,0,0,0
2026-01-01T00:28:57Z,leak,NORMAL,8389.2,39.94,90.06,79.76,15.05,14.87,23.8,50.0,0,0,0,0,0
2026-01-01T00:28:58Z,leak,NORMAL,8402.8,40.1,89.43,78.98,14.93,14.83,23.72,50.05,0,0,0,0,0
2026-01-01T00:28:59Z,leak,NORMAL,8420.9,40.11,88.89,79.15,14.74,14.85,23.67,49.94,0,0,0,0,0
2026-01-01T00:29:00Z,leak,NORMAL,8402.7,40.11,87.72,80.03,15.1,15.08,23.72,49.96,0,0,0,0,0
2026-01-01T00:29:01Z,leak,NORMAL,8404.6,39.86,89.58,79.3,14.99,15.14,23.8,49.98,0,0,0,0,0
2026-01-01T00:29:02Z,leak,NORMAL,8388.6,39.81,89.91,79.22,14.92,14.87,23.86,49.96,0,0,0,0,0
2026-01-01T00:29:03Z,leak,NORMAL,8392.3,39.99,88.81,78.53,15.03,14.93,23.92,50.0,0,0,0,0,0
2026-01-01T00:29:04Z,leak,NORMAL,8397.3,40.13,89.12,79.25,15.12,15.06,23.87,50.02,0,0,0,0,0
2026-01-01T00:29:05Z,leak,NORMAL,8395.4,40.04,89.72,79.4,14.95,14.88,23.82,49.95,0,0,0,0,0
2026-01-01T00:29:06Z,leak,NORMAL,8411.2,40.2,89.54,78.79,14.8,14.88,23.87,50.05,0,0,0,0,0
2026-01-01T00:29:07Z,leak,NORMAL,8406.7,40.02,89.02,79.18,15.19,15.04,23.85,50.03,0,0,0,0,0
2026-01-01T00:29:08Z,leak,NORMAL,8386.4,40.0,88.32,79.48,14.98,15.05,23.73,50.12,0,0,0,0,0
2026-01-01T00:29:09Z,leak,NORMAL,8393.5,40.08,89.51,78.68,15.0,14.99,23.91,49.88,0,0,0,0,0
2026-01-01T00:29:10Z,leak,NORMAL,8391.3,40.12,89.23,78.98,15.06,14.95,23.67,49.92,0,0,0,0,0
2026-01-01T00:29:11Z,leak,NORMAL,8414.8,39.82,88.21,79.42,14.89,14.88,23.9,49.95,0,0,0,0,0
2026-01-01T00:29:12Z,leak,NORMAL,8413.1,40.0,89.22,78.47,15.02,15.09,23.79,49.93,0,0,0,0,0
2026-01-01T00:29:13Z,leak,NORMAL,8389.4,39.99,90.18,77.98,14.9,14.91,23.66,50.05,0,0,0,0,0
2026-01-01T00:29:14Z,leak,NORMAL,8405.3,39.79,88.83,78.38,14.84,14.96,23.97,50.01,0,0,0,0,0
2026-01-01T00:29:15Z,leak,NORMAL,8390.4,40.15,89.1,78.45,15.17,14.84,24.01,49.96,0,0,0,0,0
2026-01-01T00:29:16Z,leak,NORMAL,8403.3,40.17,88.5,78.7,14.95,15.14,23.97,50.01,0,0,0,0,0
2026-01-01T00:29:17Z,leak,NORMAL,8408.8,39.91,88.9,79.6,15.24,15.06,23.81,50.02,0,0,0,0,0
2026-01-01T00:29:18Z,leak,NORMAL,8379.8,40.21,89.09,78.61,15.05,14.88,23.81,50.03,0,0,0,0,0
2026-01-01T00:29:19Z,leak,NORMAL,8419.9,39.9,88.69,78.66,14.97,14.98,23.98,50.0,0,0,0,0,0
2026-01-01T00:29:20Z,leak,NORMAL,8398.7,39.86,89.23,79.23,15.13,14.99,23.86,50.06,0,0,0,0,0
2026-01-01T00:29:21Z,leak,NORMAL,8408.0,40.29,89.6,79.33,15.02,14.99,24.04,50.06,0,0,0,0,0
2026-01-01T00:29:22Z,leak,NORMAL,8402.8,40.29,88.72,78.53,15.06,14.96,23.96,50.02,0,0,0,0,0
2026-01-01T00:29:23Z,leak,NORMAL,8411.7,39.93,88.36,78.82,15.26,15.12,24.07,49.93,0,0,0,0,0
2026-01-01T00:29:24Z,leak,NORMAL,8411.5,40.0,89.13,78.11,15.24,14.91,24.03,50.04,0,0,0,0,0
2026-01-01T00:29:25Z,leak,NORMAL,8416.7,40.24,89.07,78.43,15.11,15.1,23.94,50.02,0,0,0,0,0
2026-01-01T00:29:26Z,leak,NORMAL,8406.9,39.82,88.73,79.19,15.15,14.95,24.07,49.96,0,0,0,0,0
2026-01-01T00:29:27Z,leak,NORMAL,8421.7,39.93,89.27,78.97,14.93,15.1,23.94,49.97,0,0,0,0,0
2026-01-01T00:29:28Z,leak,NORMAL,8422.0,39.98,88.71,79.35,14.87,15.11,24.06,50.04,0,0,0,0,0
2026-01-01T00:29:29Z,leak,NORMAL,8408.2,39.87,89.24,79.64,15.02,14.84,24.26,50.06,0,0,0,0,0
2026-01-01T00:29:30Z,leak,NORMAL,8408.0,40.29,89.48,78.68,15.01,14.9,23.94,49.97,0,0,0,0,0
2026-01-01T00:29:31Z,leak,NORMAL,8416.8,40.06,89.45,78.99,15.23,14.98,23.92,49.96,0,0,0,0,0
2026-01-01T00:29:32Z,leak,NORMAL,8420.3,39.55,89.12,78.82,15.07,14.89,23.94,49.99,0,0,0,0,0
2026-01-01T00:29:33Z,leak,NORMAL,8414.6,40.18,89.79,78.96,14.92,15.12,24.18,50.02,0,0,0,0,0
2026-01-01T00:29:34Z,leak,NORMAL,8403.7,40.16,89.17,78.61,15.02,14.97,23.92,50.12,0,0,0,0,0
2026-01-01T00:29:35Z,leak,NORMAL,8412.6,40.12,88.79,79.18,14.94,15.09,24.12,50.03,0,0,0,0,0
2026-01-01T00:29:36Z,leak,NORMAL,8415.6,40.08,88.97,79.08,15.09,14.99,23.96,49.9,0,0,0,0,0
2026-01-01T00:29:37Z,leak,NORMAL,8420.7,39.89,89.28,78.6,15.06,15.04,23.91,50.09,0,0,0,0,0
2026-01-01T00:29:38Z,leak,NORMAL,8411.6,40.13,89.12,78.64,14.97,15.19,23.9,49.98,0,0,0,0,0
2026-01-01T00:29:39Z,leak,NORMAL,8420.7,39.72,88.38,78.79,14.97,14.92,23.95,49.99,0,0,0,0,0
2026-01-01T00:29:40Z,leak,NORMAL,8422.8,39.8,90.1,79.27,14.87,15.07,24.03,50.02,0,0,0,0,0
2026-01-01T00:29:41Z,leak,NORMAL,8432.1,40.2,88.81,78.86,14.89,15.02,23.96,50.05,0,0,0,0,0
2026-01-01T00:29:42Z,leak,NORMAL,8409.2,40.27,88.19,78.65,15.05,15.03,23.97,49.95,0,0,0,0,0
2026-01-01T00:29:43Z,leak,NORMAL,8420.3,39.79,89.37,79.03,14.98,14.94,24.24,49.97,0,0,0,0,0
2026-01-01T00:29:44Z,leak,NORMAL,8381.1,39.96,89.63,79.01,14.97,15.18,24.07,49.97,0,0,0,0,0
2026-01-01T00:29:45Z,leak,NORMAL,8408.4,39.98,89.21,79.71,15.04,15.11,24.01,50.04,0,0,0,0,0
2026-01-01T00:29:46Z,leak,NORMAL,8393.7,39.76,88.95,79.36,15.03,14.96,23.94,50.03,0,0,0,0,0
2026-01-01T00:29:47Z,leak,NORMAL,8385.1,40.01,88.77,79.18,15.0,15.05,24.13,50.07,0,0,0,0,0
2026-01-01T00:29:48Z,leak,NORMAL,8424.1,40.2,89.14,79.1,15.17,15.0,24.06,49.92,0,0,0,0,0
2026-01-01T00:29:49Z,leak,NORMAL,8418.4,40.1,89.68,78.83,14.91,14.87,24.09,49.99,0,0,0,0,0
2026-01-01T00:29:50Z,leak,NORMAL,8419.5,40.08,89.55,79.63,15.04,14.8,24.04,50.05,0,0,0,0,0
2026-01-01T00:29:51Z,leak,NORMAL,8406.6,39.75,88.74,79.12,14.96,14.95,23.98,50.08,0,0,0,0,0
2026-01-01T00:29:52Z,leak,NORMAL,8424.5,39.77,87.84,79.08,14.93,15.03,24.05,50.01,0,0,0,0,0
2026-01-01T00:29:53Z,leak,NORMAL,8419.4,39.63,89.06,78.4,15.01,15.05,24.09,50.04,0,0,0,0,0
2026-01-01T00:29:54Z,leak,NORMAL,8423.8,40.31,88.23,79.15,15.1,15.04,24.09,50.03,0,0,0,0,0
2026-01-01T00:29:55Z,leak,NORMAL,8422.9,40.38,89.76,77.92,14.99,15.11,24.07,50.01,0,0,0,0,0
2026-01-01T00:29:56Z,leak,NORMAL,8420.1,39.72,87.98,79.99,14.86,14.95,24.18,50.03,0,0,0,0,0
2026-01-01T00:29:57Z,leak,NORMAL,8412.6,40.11,89.89,79.6,14.91,14.99,24.1,50.01,0,0,0,0,0
2026-01-01T00:29:58Z,leak,NORMAL,8423.1,39.97,89.4,78.79,15.01,15.25,24.32,49.96,0,0,0,0,0
2026-01-01T00:29:59Z,leak,NORMAL,8398.8,39.8,89.72,78.69,15.01,15.0,24.23,49.99,0,0,0,0,0
2026-01-01T00:30:00Z,leak,NORMAL,8414.9,39.76,89.08,79.01,15.02,15.04,24.09,50.08,0,0,0,0,0
2026-01-01T00:30:01Z,leak,NORMAL,8420.1,40.36,88.5,78.67,14.88,14.78,24.07,49.98,0,0,0,0,0
2026-01-01T00:30:02Z,leak,NORMAL,8410.6,40.19,89.45,78.75,15.06,14.93,24.17,49.94,0,0,0,0,0
2026-01-01T00:30:03Z,leak,NORMAL,8410.8,40.01,88.41,78.74,15.17,15.13,24.19,50.1,0,0,0,0,0
2026-01-01T00:30:04Z,leak,NORMAL,8424.9,40.2,89.32,79.03,14.89,14.75,24.12,50.01,0,0,0,0,0
2026-01-01T00:30:05Z,leak,NORMAL,8422.2,39.86,89.44,79.26,15.09,14.95,24.32,50.0,0,0,0,0,0
2026-01-01T00:30:06Z,leak,NORMAL,8439.6,39.73,90.08,79.67,14.97,14.97,24.19,50.07,0,0,0,0,0
2026-01-01T00:30:07Z,leak,NORMAL,8423.4,39.53,89.17,79.62,14.99,15.06,24.2,49.92,0,0,0,0,0
2026-01-01T00:30:08Z,leak,NORMAL,8435.0,39.9,90.04,79.01,15.03,14.97,24.13,50.0,0,0,0,0,0
2026-01-01T00:30:09Z,leak,NORMAL,8425.1,40.0,88.77,77.95,15.0,14.87,24.29,50.07,0,0,0,0,0
2026-01-01T00:30:10Z,leak,NORMAL,8438.8,39.97,89.0,78.78,15.03,14.93,24.27,50.01,0,0,0,0,0
2026-01-01T00:30:11Z,leak,NORMAL,8429.7,39.88,89.12,79.23,14.87,15.04,24.37,50.02,0,0,0,0,0
2026-01-01T00:30:12Z,leak,NORMAL,8425.7,39.81,89.21,78.22,15.05,14.91,24.15,49.91,0,0,0,0,0
2026-01-01T00:30:13Z,leak,NORMAL,8433.2,40.16,89.24,79.19,15.09,15.17,24.19,50.01,0,0,0,0,0
2026-01-01T00:30:14Z,leak,NORMAL,8430.8,40.07,88.73,79.35,14.98,14.94,24.2,49.92,0,0,0,0,0
2026-01-01T00:30:15Z,leak,NORMAL,8438.5,39.84,89.74,78.69,15.13,14.97,24.19,50.05,0,0,0,0,0
2026-01-01T00:30:16Z,leak,NORMAL,8436.4,39.76,89.01,78.79,14.94,15.02,24.3,49.95,0,0,0,0,0
2026-01-01T00:30:17Z,leak,NORMAL,8425.3,40.25,90.01,78.69,15.03,14.94,24.2,50.08,0,0,0,0,0
2026-01-01T00:30:18Z,leak,NORMAL,8427.2,40.02,88.43,78.66,15.02,15.02,24.25,49.94,0,0,0,0,0
2026-01-01T00:30:19Z,leak,NORMAL,8440.2,39.8,88.65,79.54,14.96,14.82,24.32,50.01,0,0,0,0,0
2026-01-01T00:30:20Z,leak,NORMAL,8445.7,39.75,89.24,79.26,15.08,14.9,24.38,50.03,0,0,0,0,0
2026-01-01T00:30:21Z,leak,NORMAL,8444.2,40.12,89.56,79.32,14.82,14.94,24.39,50.02,0,0,0,0,0
2026-01-01T00:30:22Z,leak,NORMAL,8437.3,39.91,89.43,78.36,15.05,15.03,24.19,50.02,0,0,0,0,0
2026-01-01T00:30:23Z,leak,NORMAL,8432.4,39.94,89.28,78.56,14.87,14.71,24.28,50.01,0,0,0,0,0
2026-01-01T00:30:24Z,leak,NORMAL,8438.3,40.0,89.2,79.03,15.01,14.98,24.22,50.08,0,0,0,0,0
2026-01-01T00:30:25Z,leak,NORMAL,8441.4,39.75,89.54,79.29,15.04,14.99,24.33,49.94,0,0,0,0,0
2026-01-01T00:30:26Z,leak,NORMAL,8425.3,40.25,89.26,78.45,14.94,14.71,24.25,50.07,0,0,0,0,0
2026-01-01T00:30:27Z,leak,NORMAL,8441.5,39.77,89.17,79.54,15.07,15.11,24.4,50.06,0,0,0,0,0
2026-01-01T00:30:28Z,leak,NORMAL,8431.0,39.96,88.44,79.03,15.11,15.15,24.29,50.07,0,0,0,0,0
2026-01-01T00:30:29Z,leak,NORMAL,8449.2,40.05,89.81,79.29,15.13,15.02,24.4,50.0,0,0,0,0,0
2026-01-01T00:30:30Z,leak,NORMAL,8440.9,40.18,89.04,79.55,14.88,14.99,24.23,50.04,0,0,0,0,0
2026-01-01T00:30:31Z,leak,NORMAL,8441.9,40.11,89.27,79.52,14.94,15.13,24.21,50.07,0,0,0,0,0
2026-01-01T00:30:32Z,leak,NORMAL,8444.3,39.81,90.08,79.37,14.98,14.98,24.37,50.05,0,0,0,0,0
2026-01-01T00:30:33Z,leak,NORMAL,8450.9,39.8,88.68,78.58,15.14,15.01,24.2,49.91,0,0,0,0,0
2026-01-01T00:30:34Z,leak,NORMAL,8449.5,39.94,89.7,79.34,15.05,15.01,24.21,50.06,0,0,0,0,0
2026-01-01T00:30:35Z,leak,NORMAL,8453.7,40.18,89.29,79.18,14.95,14.95,24.4,49.98,0,0,0,0,0
2026-01-01T00:30:36Z,leak,NORMAL,8456.6,39.93,89.9,78.94,14.88,15.12,24.33,50.0,0,0,0,0,0
2026-01-01T00:30:37Z,leak,NORMAL,8445.7,40.12,90.07,79.51,14.94,14.94,24.44,50.06,0,0,0,0,0
2026-01-01T00:30:38Z,leak,NORMAL,8439.3,39.72,89.12,79.37,15.0,15.1,24.36,49.95,0,0,0,0,0
2026-01-01T00:30:39Z,leak,NORMAL,8446.1,39.76,89.47,79.63,15.01,14.96,24.52,49.93,0,0,0,0,0
2026-01-01T00:30:40Z,leak,NORMAL,8441.5,40.55,89.02,79.52,15.0,14.83,24.41,49.99,0,0,0,0,0
2026-01-01T00:30:41Z,leak,NORMAL,8443.8,40.08,89.19,78.82,14.97,14.92,24.61,49.97,0,0,0,0,0
2026-01-01T00:30:42Z,leak,NORMAL,8454.8,40.01,89.03,79.59,14.98,15.08,24.24,49.96,0,0,0,0,0
2026-01-01T00:30:43Z,leak,NORMAL,8429.1,39.99,89.52,78.44,14.91,15.09,24.35,50.0,0,0,0,0,0
2026-01-01T00:30:44Z,leak,NORMAL,8461.3,39.98,89.97,79.15,15.02,14.97,24.41,49.99,0,0,0,0,0
2026-01-01T00:30:45Z,leak,NORMAL,8451.9,39.94,89.65,78.96,15.06,14.97,24.44,49.95,0,0,0,0,0
2026-01-01T00:30:46Z,leak,NORMAL,8457.7,39.86,89.12,79.98,14.94,15.04,24.46,50.02,0,0,0,0,0
2026-01-01T00:30:47Z,leak,NORMAL,8466.2,40.15,88.66,79.13,15.03,14.88,24.39,49.98,0,0,0,0,0
2026-01-01T00:30:48Z,leak,NORMAL,8444.1,39.84,89.56,79.6,14.93,15.05,24.48,50.1,0,0,0,0,0
2026-01-01T00:30:49Z,leak,NORMAL,8466.6,39.75,90.54,78.98,14.91,14.92,24.46,49.96,0,0,0,0,0
2026-01-01T00:30:50Z,leak,NORMAL,8449.1,40.14,88.96,79.29,14.81,14.94,24.47,50.0,0,0,0,0,0
2026-01-01T00:30:51Z,leak,NORMAL,8465.9,40.34,89.6,79.29,15.14,15.11,24.5,50.02,0,0,0,0,0
2026-01-01T00:30:52Z,leak,NORMAL,8440.9,39.74,89.51,79.79,14.85,15.03,24.46,50.04,0,0,0,0,0
2026-01-01T00:30:53Z,leak,NORMAL,8465.4,39.99,89.42,78.8,15.14,15.0,24.5,50.05,0,0,0,0,0
2026-01-01T00:30:54Z,leak,NORMAL,8462.7,39.9,89.91,79.47,15.05,15.02,24.31,49.99,0,0,0,0,0
2026-01-01T00:30:55Z,leak,NORMAL,8459.4,40.24,89.59,79.82,14.81,15.03,24.35,49.96,0,0,0,0,0
2026-01-01T00:30:56Z,leak,NORMAL,8458.0,40.07,89.32,78.16,14.91,14.93,24.59,50.02,0,0,0,0,0
2026-01-01T00:30:57Z,leak,NORMAL,8458.8,40.18,90.51,79.98,14.93,14.81,24.47,50.06,0,0,0,0,0
2026-01-01T00:30:58Z,leak,NORMAL,8451.2,40.18,89.88,78.73,15.02,14.91,24.41,50.0,0,0,0,0,0
2026-01-01T00:30:59Z,leak,NORMAL,8449.7,40.14,90.29,79.58,15.04,15.04,24.52,49.99,0,0,0,0,0
2026-01-01T00:31:00Z,leak,NORMAL,8473.2,40.03,90.17,79.33,15.03,15.1,24.55,49.99,0,0,0,0,0
2026-01-01T00:31:01Z,leak,NORMAL,8469.4,39.97,89.89,79.83,14.93,15.15,24.58,50.02,0,0,0,0,0
2026-01-01T00:31:02Z,leak,NORMAL,8472.9,40.42,89.01,80.11,14.94,15.0,24.43,49.97,0,0,0,0,0
2026-01-01T00:31:03Z,leak,NORMAL,8475.7,39.83,88.59,78.98,14.79,14.8,24.58,49.96,0,0,0,0,0
2026-01-01T00:31:04Z,leak,NORMAL,8475.5,39.98,89.39,80.0,15.08,14.72,24.56,49.96,0,0,0,0,0
2026-01-01T00:31:05Z,leak,NORMAL,8473.2,40.4,90.31,78.98,14.9,14.98,24.59,50.07,0,0,0,0,0
2026-01-01T00:31:06Z,leak,NORMAL,8468.7,39.93,90.01,79.7,14.99,14.98,24.61,49.95,0,0,0,0,0
2026-01-01T00:31:07Z,leak,NORMAL,8486.7,39.99,90.01,79.58,14.79,14.9,24.54,49.95,0,0,0,0,0
2026-01-01T00:31:08Z,leak,NORMAL,8473.9,40.36,89.09,79.82,14.79,14.89,24.45,50.03,0,0,0,0,0
2026-01-01T00:31:09Z,leak,NORMAL,8482.6,39.62,89.13,78.65,14.89,14.87,24.58,49.92,0,0,0,0,0
2026-01-01T00:31:10Z,leak,NORMAL,8477.8,39.61,90.17,79.77,15.11,15.14,24.46,49.97,0,0,0,0,0
2026-01-01T00:31:11Z,leak,NORMAL,8472.3,39.95,89.29,79.29,15.03,14.79,24.43,49.96,0,0,0,0,0
2026-01-01T00:31:12Z,leak,NORMAL,8493.7,39.61,89.87,79.31,15.1,14.85,24.63,50.09,0,0,0,0,0
2026-01-01T00:31:13Z,leak,NORMAL,8481.1,39.79,88.52,78.98,15.13,15.05,24.73,50.01,0,0,0,0,0
2026-01-01T00:31:14Z,leak,NORMAL,8488.3,40.24,89.2,79.62,15.11,14.91,24.64,50.03,0,0,0,0,0
2026-01-01T00:31:15Z,leak,NORMAL,8451.3,39.76,89.8,80.17,14.93,15.13,24.74,49.96,0,0,0,0,0
2026-01-01T00:31:16Z,leak,NORMAL,8492.0,39.86,89.37,78.96,15.18,15.02,24.62,50.0,0,0,0,0,0
2026-01-01T00:31:17Z,leak,NORMAL,8477.5,40.17,89.0,78.3,15.11,14.93,24.61,50.0,0,0,0,0,0
2026-01-01T00:31:18Z,leak,NORMAL,8490.1,39.67,89.04,79.99,14.95,14.98,24.61,49.98,0,0,0,0,0
2026-01-01T00:31:19Z,leak,NORMAL,8472.8,39.92,89.36,80.11,15.06,14.97,24.48,49.97,0,0,0,0,0
2026-01-01T00:31:20Z,leak,NORMAL,8501.5,40.22,90.39,78.96,15.03,14.92,24.53,50.1,0,0,0,0,0
2026-01-01T00:31:21Z,leak,NORMAL,8501.2,40.26,89.86,79.05,15.08,15.11,24.68,49.9,0,0,0,0,0
2026-01-01T00:31:22Z,leak,NORMAL,8485.2,40.42,90.36,78.8,15.09,15.14,24.81,50.0,0,0,0,0,0
2026-01-01T00:31:23Z,leak,NORMAL,8475.7,39.98,90.21,79.29,15.05,15.0,24.77,49.99,0,0,0,0,0
2026-01-01T00:31:24Z,leak,NORMAL,8491.4,40.08,90.04,80.22,15.08,14.83,24.91,50.02,0,0,0,0,0
2026-01-01T00:31:25Z,leak,NORMAL,8488.7,40.05,89.69,79.42,14.97,14.97,24.68,49.98,0,0,0,0,0
2026-01-01T00:31:26Z,leak,NORMAL,8486.9,40.07,89.6,79.35,14.91,14.95,24.64,50.01,0,0,0,0,0
2026-01-01T00:31:27Z,leak,NORMAL,8492.2,39.86,89.82,79.69,14.89,15.0,24.68,50.03,0,0,0,0,0
2026-01-01T00:31:28Z,leak,NORMAL,8491.7,39.79,90.17,80.0,15.1,14.89,24.63,49.97,0,0,0,0,0
2026-01-01T00:31:29Z,leak,NORMAL,8491.0,39.97,90.41,79.04,15.1,14.8,24.96,49.93,0,0,0,0,0
2026-01-01T00:31:30Z,leak,NORMAL,8474.8,39.81,90.66,79.98,15.23,15.03,24.68,49.97,0,0,0,0,0
2026-01-01T00:31:31Z,leak,NORMAL,8503.6,39.98,89.67,79.7,15.16,15.17,24.58,50.09,0,0,0,0,0
2026-01-01T00:31:32Z,leak,NORMAL,8504.6,40.43,89.43,79.97,15.1,14.95,24.82,50.16,0,0,0,0,0
2026-01-01T00:31:33Z,leak,NORMAL,8511.7,39.83,90.16,79.8,14.95,15.05,24.57,50.04,0,0,0,0,0
2026-01-01T00:31:34Z,leak,NORMAL,8508.7,39.98,89.29,79.79,15.1,14.99,24.78,50.05,0,0,0,0,0
2026-01-01T00:31:35Z,leak,NORMAL,8510.8,39.84,89.68,80.3,14.99,14.94,24.72,49.99,0,0,0,0,0
2026-01-01T00:31:36Z,leak,NORMAL,8507.5,39.87,90.82,79.93,14.93,15.03,24.86,50.02,0,0,0,0,0
2026-01-01T00:31:37Z,leak,NORMAL,8495.2,39.66,89.44,80.06,15.19,14.9,24.75,49.94,0,0,0,0,0
2026-01-01T00:31:38Z,leak,NORMAL,8481.9,39.96,90.79,80.14,14.87,14.84,24.87,49.96,0,0,0,0,0
2026-01-01T00:31:39Z,leak,NORMAL,8507.2,39.92,90.17,80.28,15.06,14.99,24.62,49.98,0,0,0,0,0
2026-01-01T00:31:40Z,leak,NORMAL,8489.9,40.02,89.68,79.5,14.83,15.08,24.87,49.96,0,0,0,0,0
2026-01-01T00:31:41Z,leak,NORMAL,8520.9,39.73,90.31,80.41,14.99,15.02,24.81,50.08,0,0,0,0,0
2026-01-01T00:31:42Z,leak,NORMAL,8510.1,39.99,90.14,79.09,14.98,14.9,24.66,49.85,0,0,0,0,0
2026-01-01T00:31:43Z,leak,NORMAL,8494.2,40.09,89.04,80.43,15.01,15.1,24.81,49.97,0,0,0,0,0
2026-01-01T00:31:44Z,leak,NORMAL,8512.5,39.82,90.64,79.77,15.17,15.1,24.87,50.06,0,0,0,0,0
2026-01-01T00:31:45Z,leak,NORMAL,8508.2,40.1,90.77,79.74,14.99,14.99,24.66,50.13,0,0,0,0,0
2026-01-01T00:31:46Z,leak,NORMAL,8526.1,39.88,89.8,79.94,15.13,15.06,24.86,49.99,0,0,0,0,0
2026-01-01T00:31:47Z,leak,NORMAL,8504.9,39.92,89.6,80.12,14.98,14.98,24.68,49.95,0,0,0,0,0
2026-01-01T00:31:48Z,leak,NORMAL,8512.7,40.21,89.73,79.54,14.98,14.99,24.95,50.09,0,0,0,0,0
2026-01-01T00:31:49Z,leak,NORMAL,8523.7,40.04,90.73,79.96,14.98,14.85,24.58,49.96,0,0,0,0,0
2026-01-01T00:31:50Z,leak,NORMAL,8503.4,39.82,89.66,79.8,15.14,15.15,24.76,50.07,0,0,0,0,0
2026-01-01T00:31:51Z,leak,NORMAL,8502.9,39.98,89.84,79.51,14.88,15.04,24.68,50.02,0,0,0,0,0
2026-01-01T00:31:52Z,leak,NORMAL,8531.1,39.84,89.66,80.01,15.09,15.19,24.78,50.03,0,0,0,0,0
2026-01-01T00:31:53Z,leak,NORMAL,8524.6,40.32,90.04,79.76,14.94,14.95,24.91,49.87,0,0,0,0,0
2026-01-01T00:31:54Z,leak,NORMAL,8532.8,40.11,90.69,79.77,14.9,14.98,24.95,50.06,0,0,0,0,0
2026-01-01T00:31:55Z,leak,NORMAL,8531.1,39.88,90.07,79.59,15.04,14.92,24.77,49.97,0,0,0,0,0
2026-01-01T00:31:56Z,leak,NORMAL,8521.8,39.65,89.4,79.73,15.14,15.0,24.81,49.92,0,0,0,0,0
2026-01-01T00:31:57Z,leak,NORMAL,8512.3,40.23,90.69,79.4,15.11,14.88,24.77,50.05,0,0,0,0,0
2026-01-01T00:31:58Z,leak,NORMAL,8518.3,40.19,90.88,80.08,15.11,15.19,24.97,50.07,0,0,0,0,0
2026-01-01T00:31:59Z,leak,NORMAL,8529.4,39.87,90.42,80.47,14.9,15.02,25.02,50.07,0,0,0,0,0
2026-01-01T00:32:00Z,leak,NORMAL,8520.8,39.92,90.2,81.15,14.93,14.85,25.01,49.93,0,0,0,0,0
2026-01-01T00:32:01Z,leak,NORMAL,8530.1,39.88,90.77,79.71,15.11,14.92,25.0,50.03,0,0,0,0,0
2026-01-01T00:32:02Z,leak,NORMAL,8526.6,40.3,90.48,79.78,15.01,14.84,24.98,49.99,0,0,0,0,0
2026-01-01T00:32:03Z,leak,NORMAL,8537.9,39.93,90.51,79.89,15.07,14.98,24.9,49.96,0,0,0,0,0
2026-01-01T00:32:04Z,leak,NORMAL,8517.6,39.81,91.01,80.56,15.04,14.98,24.91,49.95,0,0,0,0,0
2026-01-01T00:32:05Z,leak,NORMAL,8544.7,40.05,88.99,79.83,15.12,14.96,25.03,50.0,0,0,0,0,0
2026-01-01T00:32:06Z,leak,NORMAL,8516.3,40.02,90.4,79.67,15.05,15.13,25.06,50.05,0,0,0,0,0
2026-01-01T00:32:07Z,leak,NORMAL,8519.3,39.98,90.47,79.89,14.89,15.01,25.07,50.02,0,0,0,0,0
2026-01-01T00:32:08Z,leak,NORMAL,8529.6,39.75,90.24,80.14,15.04,14.94,24.93,50.04,0,0,0,0,0
2026-01-01T00:32:09Z,leak,NORMAL,8525.7,40.05,90.16,80.23,14.99,14.91,25.11,49.94,0,0,0,0,0
2026-01-01T00:32:10Z,leak,NORMAL,8516.0,40.06,89.92,79.97,14.83,15.09,25.22,50.04,0,0,0,0,0
2026-01-01T00:32:11Z,leak,NORMAL,8534.2,40.39,90.06,79.36,15.19,15.16,24.99,49.99,0,0,0,0,0
2026-01-01T00:32:12Z,leak,NORMAL,8530.3,40.18,89.39,79.24,15.1,15.09,24.96,50.0,0,0,0,0,0
2026-01-01T00:32:13Z,leak,NORMAL,8537.3,39.89,89.92,80.11,15.13,15.14,24.8,49.98,0,0,0,0,0
2026-01-01T00:32:14Z,leak,NORMAL,8535.4,40.1,90.61,80.41,15.07,14.83,24.97,50.01,0,0,0,0,0
2026-01-01T00:32:15Z,leak,NORMAL,8532.0,40.31,89.45,80.04,14.9,15.03,24.99,50.03,0,0,0,0,0
2026-01-01T00:32:16Z,leak,NORMAL,8531.6,40.01,89.91,80.79,14.94,14.89,24.95,50.06,0,0,0,0,0
2026-01-01T00:32:17Z,leak,NORMAL,8559.0,39.92,90.03,80.82,14.95,14.96,25.2,50.09,0,0,0,0,0
2026-01-01T00:32:18Z,leak,NORMAL,8564.6,39.72,90.56,79.62,14.97,15.05,25.15,49.92,0,0,0,0,0
2026-01-01T00:32:19Z,leak,NORMAL,8560.7,40.1,90.12,80.38,14.96,14.94,25.09,49.99,0,0,0,0,0
2026-01-01T00:32:20Z,leak,NORMAL,8559.1,39.71,90.8,79.33,15.03,14.97,25.13,50.0,0,0,0,0,0
2026-01-01T00:32:21Z,leak,NORMAL,8551.8,40.03,89.96,79.67,15.02,15.04,24.99,50.09,0,0,0,0,0
2026-01-01T00:32:22Z,leak,NORMAL,8536.3,39.97,89.0,79.31,14.88,15.01,25.24,49.88,0,0,0,0,0
2026-01-01T00:32:23Z,leak,NORMAL,8548.8,40.22,90.06,79.75,15.14,14.96,25.07,50.0,0,0,0,0,0
2026-01-01T00:32:24Z,leak,NORMAL,8539.8,40.18,90.4,79.87,14.95,15.05,25.19,49.98,0,0,0,0,0
2026-01-01T00:32:25Z,leak,NORMAL,8550.8,39.88,89.54,79.93,14.99,14.94,25.14,50.01,0,0,0,0,0
2026-01-01T00:32:26Z,leak,NORMAL,8561.5,40.3,90.86,80.21,15.08,15.05,25.13,50.0,0,0,0,0,0
2026-01-01T00:32:27Z,leak,NORMAL,8550.6,40.16,90.87,80.87,14.98,15.01,25.15,50.05,0,0,0,0,0
2026-01-01T00:32:28Z,leak,NORMAL,8547.0,39.99,89.61,80.45,15.09,14.93,25.02,50.07,0,0,0,0,0
2026-01-01T00:32:29Z,leak,NORMAL,8542.9,40.21,89.98,80.27,15.16,14.82,25.04,50.06,0,0,0,0,0
2026-01-01T00:32:30Z,leak,NORMAL,8535.7,39.98,90.21,79.75,15.1,14.93,25.1,49.95,0,0,0,0,0
2026-01-01T00:32:31Z,leak,NORMAL,8547.8,39.96,90.25,80.33,14.96,15.01,25.09,49.97,0,0,0,0,0
2026-01-01T00:32:32Z,leak,NORMAL,8558.4,39.69,91.15,79.92,15.25,14.95,25.2,49.98,0,0,0,0,0
2026-01-01T00:32:33Z,leak,NORMAL,8561.6,40.23,89.87,79.98,14.99,14.79,25.28,49.98,0,0,0,0,0
2026-01-01T00:32:34Z,leak,NORMAL,8560.7,39.72,89.9,79.9,15.01,15.13,25.14,50.03,0,0,0,0,0
2026-01-01T00:32:35Z,leak,NORMAL,8548.2,39.74,90.54,80.93,15.05,14.96,25.06,49.99,0,0,0,0,0
2026-01-01T00:32:36Z,leak,NORMAL,8547.8,40.11,90.03,79.64,15.05,14.95,25.18,49.96,0,0,0,0,0
2026-01-01T00:32:37Z,leak,NORMAL,8570.9,39.91,90.51,80.68,15.06,14.84,25.03,49.95,0,0,0,0,0
2026-01-01T00:32:38Z,leak,NORMAL,8564.1,40.2,91.0,79.42,14.94,15.02,25.18,50.02,0,0,0,0,0
2026-01-01T00:32:39Z,leak,NORMAL,8567.4,40.05,91.02,79.99,14.88,14.98,25.26,50.04,0,0,0,0,0
2026-01-01T00:32:40Z,leak,NORMAL,8568.1,39.89,90.01,80.02,15.06,14.96,25.28,50.07,0,0,0,0,0
2026-01-01T00:32:41Z,leak,NORMAL,8562.0,39.91,90.71,79.85,15.05,14.81,25.12,49.99,0,0,0,0,0
2026-01-01T00:32:42Z,leak,NORMAL,8568.5,39.89,89.94,80.12,15.19,14.92,25.07,49.99,0,0,0,0,0
2026-01-01T00:32:43Z,leak,NORMAL,8555.0,39.92,90.79,81.15,14.97,14.91,25.13,50.0,0,0,0,0,0
2026-01-01T00:32:44Z,leak,NORMAL,8557.7,39.85,91.49,80.72,15.0,14.65,25.21,49.97,0,0,0,0,0
2026-01-01T00:32:45Z,leak,NORMAL,8563.5,40.17,91.25,80.04,15.08,14.82,25.16,49.99,0,0,0,0,0
2026-01-01T00:32:46Z,leak,NORMAL,8583.1,40.15,90.8,80.68,14.97,14.79,25.23,49.99,0,0,0,0,0
2026-01-01T00:32:47Z,leak,NORMAL,8574.2,40.21,90.78,79.6,14.92,14.95,25.3,50.01,0,0,0,0,0
2026-01-01T00:32:48Z,leak,NORMAL,8552.8,40.04,90.6,80.08,14.95,14.96,25.33,50.0,0,0,0,0,0
2026-01-01T00:32:49Z,leak,NORMAL,8561.2,40.03,90.46,80.29,15.05,14.99,25.29,50.01,0,0,0,0,0
2026-01-01T00:32:50Z,leak,NORMAL,8572.6,40.11,91.21,80.94,14.97,14.89,25.1,50.02,0,0,0,0,0
2026-01-01T00:32:51Z,leak,NORMAL,8582.2,40.09,90.66,80.21,15.08,15.07,25.29,50.02,0,0,0,0,0
2026-01-01T00:32:52Z,leak,NORMAL,8581.7,40.22,89.91,80.7,14.88,14.81,25.27,49.88,0,0,0,0,0
2026-01-01T00:32:53Z,leak,NORMAL,8575.3,40.26,90.66,80.31,14.9,14.95,25.19,50.05,0,0,0,0,0
2026-01-01T00:32:54Z,leak,NORMAL,8565.6,39.81,91.34,79.82,15.01,14.95,25.27,49.96,0,0,0,0,0
2026-01-01T00:32:55Z,leak,NORMAL,8578.8,40.1,90.88,79.73,14.96,14.96,25.27,50.01,0,0,0,0,0
2026-01-01T00:32:56Z,leak,NORMAL,8558.4,39.51,90.94,80.81,15.13,15.14,25.15,49.96,0,0,0,0,0
2026-01-01T00:32:57Z,leak,NORMAL,8556.0,40.39,90.54,79.54,15.15,15.07,25.18,49.93,0,0,0,0,0
2026-01-01T00:32:58Z,leak,NORMAL,8577.4,40.29,90.5,80.34,14.96,14.89,25.34,50.0,0,0,0,0,0
2026-01-01T00:32:59Z,leak,NORMAL,8579.8,39.98,90.64,81.02,14.94,15.07,25.24,50.03,0,0,0,0,0
2026-01-01T00:33:00Z,leak,NORMAL,8581.6,39.94,91.91,80.71,15.13,14.89,25.6,50.02,0,0,0,0,0
2026-01-01T00:33:01Z,leak,NORMAL,8585.6,39.91,90.55,80.75,15.01,15.12,25.44,50.03,0,0,0,0,0
2026-01-01T00:33:02Z,leak,NORMAL,8591.5,40.12,91.26,80.41,15.01,14.98,25.32,50.03,0,0,0,0,0
2026-01-01T00:33:03Z,leak,NORMAL,8574.6,40.28,91.13,80.27,14.99,15.2,25.4,49.93,0,0,0,0,0
2026-01-01T00:33:04Z,leak,NORMAL,8573.6,39.89,90.66,80.15,15.0,15.05,25.17,49.93,0,0,0,0,0
2026-01-01T00:33:05Z,leak,NORMAL,8568.9,40.13,91.38,80.19,14.86,15.16,25.32,50.02,0,0,0,0,0
2026-01-01T00:33:06Z,leak,NORMAL,8565.2,40.11,91.26,80.56,14.95,15.03,25.35,50.06,0,0,0,0,0
2026-01-01T00:33:07Z,leak,NORMAL,8594.8,40.24,90.78,81.11,15.1,15.08,25.37,49.91,0,0,0,0,0
2026-01-01T00:33:08Z,leak,NORMAL,8577.6,39.99,91.87,80.76,15.03,14.88,25.44,50.03,0,0,0,0,0
2026-01-01T00:33:09Z,leak,NORMAL,8581.4,39.91,91.11,81.1,14.88,14.97,25.42,49.93,0,0,0,0,0
2026-01-01T00:33:10Z,leak,NORMAL,8576.2,40.04,91.59,80.75,15.15,14.97,25.31,50.01,0,0,0,0,0
2026-01-01T00:33:11Z,leak,NORMAL,8592.8,40.06,90.82,81.16,15.01,15.04,25.57,50.03,0,0,0,0,0
2026-01-01T00:33:12Z,leak,NORMAL,8574.8,40.19,90.75,81.03,15.02,14.94,25.38,49.99,0,0,0,0,0
2026-01-01T00:33:13Z,leak,NORMAL,8577.5,39.95,90.22,80.5,14.94,15.08,25.32,50.02,0,0,0,0,0
2026-01-01T00:33:14Z,leak,NORMAL,8588.8,40.02,91.16,80.64,14.9,14.82,25.43,50.05,0,0,0,0,0
2026-01-01T00:33:15Z,leak,NORMAL,8594.2,39.6,90.48,80.78,14.91,15.04,25.42,49.98,0,0,0,0,0
2026-01-01T00:33:16Z,leak,NORMAL,8574.4,39.88,91.22,79.97,14.97,15.0,25.51,49.99,0,0,0,0,0
2026-01-01T00:33:17Z,leak,NORMAL,8577.7,40.08,90.53,81.24,15.01,14.82,25.54,50.02,0,0,0,0,0
2026-01-01T00:33:18Z,leak,NORMAL,8583.3,39.91,90.85,80.76,14.93,14.89,25.19,49.97,0,0,0,0,0
2026-01-01T00:33:19Z,leak,NORMAL,8600.8,40.13,90.91,79.68,14.95,14.94,25.5,50.0,0,0,0,0,0
2026-01-01T00:33:20Z,leak,NORMAL,8590.6,40.0,90.9,80.53,14.91,14.92,25.46,49.96,0,0,0,0,0
2026-01-01T00:33:21Z,leak,NORMAL,8596.3,39.67,91.32,80.47,14.76,14.81,25.35,49.94,0,0,0,0,0
2026-01-01T00:33:22Z,leak,NORMAL,8592.1,40.25,90.51,79.85,14.91,15.09,25.42,50.05,0,0,0,0,0
2026-01-01T00:33:23Z,leak,NORMAL,8584.9,40.06,90.97,81.1,15.11,15.03,25.45,50.04,0,0,0,0,0
2026-01-01T00:33:24Z,leak,NORMAL,8592.8,40.16,91.22,81.45,15.15,14.97,25.35,49.96,0,0,0,0,0
2026-01-01T00:33:25Z,leak,NORMAL,8617.3,39.65,90.81,80.74,14.95,14.79,25.52,50.05,0,0,0,0,0
2026-01-01T00:33:26Z,leak,NORMAL,8604.3,39.98,91.45,80.81,14.82,14.98,25.41,49.99,0,0,0,0,0
2026-01-01T00:33:27Z,leak,NORMAL,8592.9,40.04,91.31,81.35,15.18,15.03,25.45,49.98,0,0,0,0,0
2026-01-01T00:33:28Z,leak,NORMAL,8611.8,39.8,91.75,80.42,15.01,15.15,25.49,49.93,0,0,0,0,0
2026-01-01T00:33:29Z,leak,NORMAL,8573.7,39.77,91.02,80.21,15.03,15.04,25.74,49.98,0,0,0,0,0
2026-01-01T00:33:30Z,leak,NORMAL,8589.8,39.75,90.01,79.83,15.11,14.95,25.58,49.91,0,0,0,0,0
2026-01-01T00:33:31Z,leak,NORMAL,8614.2,39.92,91.26,80.49,15.11,15.13,25.31,50.03,0,0,0,0,0
2026-01-01T00:33:32Z,leak,NORMAL,8584.7,40.19,91.51,80.48,14.89,15.04,25.5,50.0,0,0,0,0,0
2026-01-01T00:33:33Z,leak,NORMAL,8601.0,40.32,90.93,80.92,14.89,15.02,25.68,50.05,0,0,0,0,0
2026-01-01T00:33:34Z,leak,NORMAL,8598.2,39.84,91.52,81.12,15.12,15.08,25.57,50.01,0,0,0,0,0
2026-01-01T00:33:35Z,leak,NORMAL,8604.8,39.81,90.2,80.31,14.92,14.94,25.58,49.98,0,0,0,0,0
2026-01-01T00:33:36Z,leak,NORMAL,8592.0,39.8,91.65,80.53,15.09,14.88,25.56,50.0,0,0,0,0,0
2026-01-01T00:33:37Z,leak,NORMAL,8584.2,40.25,90.91,81.68,15.03,14.9,25.52,50.01,0,0,0,0,0
2026-01-01T00:33:38Z,leak,NORMAL,8605.8,39.83,91.14,81.17,15.12,14.91,25.46,49.98,0,0,0,0,0
2026-01-01T00:33:39Z,leak,NORMAL,8591.1,40.07,91.56,80.53,15.09,14.89,25.51,49.98,0,0,0,0,0
2026-01-01T00:33:40Z,leak,NORMAL,8581.6,39.68,91.66,80.47,14.97,15.13,25.5,50.03,0,0,0,0,0
2026-01-01T00:33:41Z,leak,NORMAL,8593.8,40.27,91.51,80.91,14.99,15.03,25.7,50.0,0,0,0,0,0
2026-01-01T00:33:42Z,leak,NORMAL,8599.8,40.07,91.44,80.77,15.01,14.81,25.47,50.03,0,0,0,0,0
2026-01-01T00:33:43Z,leak,NORMAL,8604.0,40.17,90.19,80.44,15.02,15.12,25.46,49.99,0,0,0,0,0
2026-01-01T00:33:44Z,leak,NORMAL,8580.4,39.73,91.23,81.13,14.7,15.04,25.59,49.95,0,0,0,0,0
2026-01-01T00:33:45Z,leak,NORMAL,8586.9,39.9,90.86,80.72,14.98,15.07,25.66,49.94,0,0,0,0,0
2026-01-01T00:33:46Z,leak,NORMAL,8597.1,39.68,90.46,81.5,14.85,14.89,25.8,50.0,0,0,0,0,0
2026-01-01T00:33:47Z,leak,NORMAL,8595.6,39.91,91.17,81.63,15.07,14.94,25.63,50.0,0,0,0,0,0
2026-01-01T00:33:48Z,leak,NORMAL,8596.6,40.25,91.37,81.11,15.01,14.98,25.72,50.09,0,0,0,0,0
2026-01-01T00:33:49Z,leak,NORMAL,8595.6,40.17,91.16,81.07,15.07,15.05,25.68,50.01,0,0,0,0,0
2026-01-01T00:33:50Z,leak,NORMAL,8596.8,40.05,90.54,80.66,15.15,15.06,25.4,50.01,0,0,0,0,0
2026-01-01T00:33:51Z,leak,NORMAL,8597.3,39.66,91.28,81.15,14.84,14.96,25.54,49.95,0,0,0,0,0
2026-01-01T00:33:52Z,leak,NORMAL,8613.3,39.91,91.38,80.47,14.96,14.99,25.71,50.02,0,0,0,0,0
2026-01-01T00:33:53Z,leak,NORMAL,8565.4,39.93,91.23,79.96,14.84,14.84,25.47,49.91,0,0,0,0,0
2026-01-01T00:33:54Z,leak,NORMAL,8584.8,39.92,90.14,80.68,15.0,15.27,25.54,50.04,0,0,0,0,0
2026-01-01T00:33:55Z,leak,NORMAL,8576.8,40.17,90.7,81.19,15.03,14.97,25.61,50.03,0,0,0,0,0
2026-01-01T00:33:56Z,leak,NORMAL,8592.7,40.27,91.55,81.34,14.97,14.85,25.8,50.03,0,0,0,0,0
2026-01-01T00:33:57Z,leak,NORMAL,8589.2,40.03,90.86,80.44,14.97,14.91,25.7,50.01,0,0,0,0,0
2026-01-01T00:33:58Z,leak,NORMAL,8597.2,39.93,91.33,80.37,15.02,14.82,25.7,50.04,0,0,0,0,0
2026-01-01T00:33:59Z,leak,NORMAL,8585.5,40.17,91.45,81.34,14.99,15.1,25.79,50.02,0,0,0,0,0
2026-01-01T00:34:00Z,leak,NORMAL,8611.7,40.08,90.78,80.58,15.08,15.09,25.63,49.98,0,0,0,0,0
2026-01-01T00:34:01Z,leak,NORMAL,8596.4,40.19,90.32,81.63,15.04,14.84,25.59,49.98,0,0,0,0,0
2026-01-01T00:34:02Z,leak,NORMAL,8595.9,40.0,91.13,80.55,15.18,15.02,25.66,50.05,0,0,0,0,0
2026-01-01T00:34:03Z,leak,NORMAL,8588.2,40.25,90.47,81.82,14.84,14.92,25.67,50.04,0,0,0,0,0
2026-01-01T00:34:04Z,leak,NORMAL,8602.5,40.34,91.08,80.82,15.13,15.14,25.59,50.07,0,0,0,0,0
2026-01-01T00:34:05Z,leak,NORMAL,8611.8,39.75,91.23,80.69,14.86,15.08,25.81,50.02,0,0,0,0,0
2026-01-01T00:34:06Z,leak,NORMAL,8592.5,40.24,91.06,81.11,14.95,14.86,25.76,50.03,0,0,0,0,0
2026-01-01T00:34:07Z,leak,NORMAL,8603.3,40.15,91.91,80.74,14.81,15.09,25.69,49.95,0,0,0,0,0
2026-01-01T00:34:08Z,leak,NORMAL,8585.7,40.2,90.67,80.63,15.05,15.04,25.72,49.98,0,0,0,0,0
2026-01-01T00:34:09Z,leak,NORMAL,8580.9,40.38,89.79,80.93,14.88,14.97,25.71,50.01,0,0,0,0,0
2026-01-01T00:34:10Z,leak,NORMAL,8601.4,39.44,91.61,81.01,14.9,14.99,25.67,49.85,0,0,0,0,0
2026-01-01T00:34:11Z,leak,NORMAL,8613.7,40.29,91.36,81.56,15.1,14.96,25.76,49.99,0,0,0,0,0
2026-01-01T00:34:12Z,leak,NORMAL,8603.0,39.79,91.56,80.95,15.0,15.06,25.77,49.98,0,0,0,0,0
2026-01-01T00:34:13Z,leak,NORMAL,8596.8,39.55,91.63,81.17,15.02,15.17,25.69,50.0,0,0,0,0,0
2026-01-01T00:34:14Z,leak,NORMAL,8592.0,40.22,90.42,81.52,15.12,15.04,25.91,49.99,0,0,0,0,0
2026-01-01T00:34:15Z,leak,NORMAL,8594.2,40.12,90.62,80.94,15.09,15.09,25.78,49.94,0,0,0,0,0
2026-01-01T00:34:16Z,leak,NORMAL,8606.3,39.87,91.07,79.75,15.14,15.04,25.71,50.02,0,0,0,0,0
2026-01-01T00:34:17Z,leak,NORMAL,8589.6,40.22,90.9,81.22,15.07,15.19,25.97,50.08,0,0,0,0,0
2026-01-01T00:34:18Z,leak,NORMAL,8608.3,40.26,90.24,81.26,14.88,14.89,25.95,49.99,0,0,0,0,0
2026-01-01T00:34:19Z,leak,NORMAL,8585.9,39.75,91.51,81.26,15.03,14.83,25.81,50.04,0,0,0,0,0
2026-01-01T00:34:20Z,leak,NORMAL,8588.8,39.74,90.92,81.0,15.09,14.91,25.76,50.02,0,0,0,0,0
2026-01-01T00:34:21Z,leak,NORMAL,8609.2,40.1,90.89,80.28,15.18,15.07,25.74,49.97,0,0,0,0,0
2026-01-01T00:34:22Z,leak,NORMAL,8599.0,40.06,90.71,81.62,15.13,15.03,25.84,49.97,0,0,0,0,0
2026-01-01T00:34:23Z,leak,NORMAL,8596.6,39.77,91.48,81.55,15.02,15.19,25.84,49.99,0,0,0,0,0
2026-01-01T00:34:24Z,leak,NORMAL,8611.2,39.69,91.24,80.2,14.84,14.99,25.74,50.03,0,0,0,0,0
2026-01-01T00:34:25Z,leak,NORMAL,8593.6,40.42,91.3,80.62,15.04,15.07,26.05,49.94,0,0,0,0,0
2026-01-01T00:34:26Z,leak,NORMAL,8597.7,40.21,91.21,80.7,14.91,14.98,25.97,50.03,0,0,0,0,0
2026-01-01T00:34:27Z,leak,NORMAL,8601.5,40.31,90.96,80.97,14.93,14.85,25.9,49.93,0,0,0,0,0
2026-01-01T00:34:28Z,leak,NORMAL,8598.9,40.27,91.38,81.45,14.85,15.0,25.97,49.94,0,0,0,0,0
2026-01-01T00:34:29Z,leak,NORMAL,8602.3,39.76,90.45,81.31,14.94,14.99,25.98,49.95,0,0,0,0,0
2026-01-01T00:34:30Z,leak,NORMAL,8627.1,40.24,90.78,81.61,15.08,15.08,25.85,50.05,0,0,0,0,0
2026-01-01T00:34:31Z,leak,NORMAL,8603.9,40.15,91.25,81.06,14.98,14.87,25.87,49.95,0,0,0,0,0
2026-01-01T00:34:32Z,leak,NORMAL,8597.2,40.16,91.82,80.48,14.92,14.89,25.92,50.03,0,0,0,0,0
2026-01-01T00:34:33Z,leak,NORMAL,8592.9,39.96,92.48,80.79,14.94,14.9,25.74,50.06,0,0,0,0,0
2026-01-01T00:34:34Z,leak,NORMAL,8609.1,39.91,91.64,80.95,14.97,15.0,25.69,49.95,0,0,0,0,0
2026-01-01T00:34:35Z,leak,NORMAL,8599.2,40.09,91.07,80.94,15.03,15.21,26.05,50.01,0,0,0,0,0
2026-01-01T00:34:36Z,leak,NORMAL,8588.4,40.14,91.86,81.74,14.86,14.99,25.84,49.94,0,0,0,0,0
2026-01-01T00:34:37Z,leak,NORMAL,8599.9,39.78,90.98,81.07,15.07,15.04,25.78,50.06,0,0,0,0,0
2026-01-01T00:34:38Z,leak,NORMAL,8590.6,40.43,91.09,81.65,15.13,14.94,25.89,49.98,0,0,0,0,0
2026-01-01T00:34:39Z,leak,NORMAL,8592.6,40.0,90.51,81.07,15.0,14.8,25.88,49.97,0,0,0,0,0
2026-01-01T00:34:40Z,leak,NORMAL,8588.1,40.37,90.23,80.52,15.01,14.97,25.98,50.08,0,0,0,0,0
2026-01-01T00:34:41Z,leak,NORMAL,8614.0,40.04,90.76,81.2,14.87,15.13,26.16,49.96,0,0,0,0,0
2026-01-01T00:34:42Z,leak,NORMAL,8585.7,39.89,91.11,81.06,14.96,14.9,26.08,49.99,0,0,0,0,0
2026-01-01T00:34:43Z,leak,NORMAL,8590.6,40.04,91.74,81.08,15.07,14.96,25.98,50.01,0,0,0,0,0
2026-01-01T00:34:44Z,leak,NORMAL,8611.2,39.47,91.08,81.42,15.04,14.88,26.06,50.04,0,0,0,0,0
2026-01-01T00:34:45Z,leak,NORMAL,8605.7,39.87,91.1,80.46,14.98,15.0,25.98,49.92,0,0,0,0,0
2026-01-01T00:34:46Z,leak,NORMAL,8582.1,40.11,90.94,81.28,14.87,14.97,25.92,49.98,0,0,0,0,0
2026-01-01T00:34:47Z,leak,NORMAL,8579.5,39.78,90.4,80.91,14.89,14.96,25.93,49.98,0,0,0,0,0
2026-01-01T00:34:48Z,leak,NORMAL,8577.9,39.94,90.46,80.34,15.02,15.01,26.01,49.95,0,0,0,0,0
2026-01-01T00:34:49Z,leak,NORMAL,8579.9,40.29,90.04,80.57,15.13,15.02,26.15,50.09,0,0,0,0,0
2026-01-01T00:34:50Z,leak,NORMAL,8606.0,40.31,91.04,80.55,15.08,14.89,25.82,49.96,0,0,0,0,0
2026-01-01T00:34:51Z,leak,NORMAL,8592.4,40.03,91.63,80.93,15.24,15.01,26.07,49.97,0,0,0,0,0
2026-01-01T00:34:52Z,leak,NORMAL,8593.8,40.06,90.56,81.13,14.9,15.23,25.89,50.01,0,0,0,0,0
2026-01-01T00:34:53Z,leak,NORMAL,8586.8,39.71,91.26,81.34,14.86,14.9,26.12,50.04,0,0,0,0,0
2026-01-01T00:34:54Z,leak,NORMAL,8596.9,39.78,90.86,81.69,14.8,14.87,25.95,50.01,0,0,0,0,0
2026-01-01T00:34:55Z,leak,NORMAL,8605.2,40.37,90.65,81.59,14.83,15.06,26.17,49.93,0,0,0,0,0
2026-01-01T00:34:56Z,leak,NORMAL,8588.2,40.32,90.95,81.28,15.04,14.92,25.99,50.06,0,0,0,0,0
2026-01-01T00:34:57Z,leak,NORMAL,8593.7,39.85,91.03,80.76,15.03,14.95,26.08,49.96,0,0,0,0,0
2026-01-01T00:34:58Z,leak,NORMAL,8596.4,39.72,91.78,81.1,15.09,15.04,26.22,49.95,0,0,0,0,0
2026-01-01T00:34:59Z,leak,NORMAL,8567.6,40.26,90.64,81.1,15.13,15.15,25.97,50.01,0,0,0,0,0
2026-01-01T00:35:00Z,leak,NORMAL,8594.5,40.22,90.59,81.71,15.0,14.99,26.14,50.03,0,0,0,0,0
2026-01-01T00:35:01Z,leak,NORMAL,8604.7,39.88,91.28,81.7,14.98,14.93,26.11,50.04,0,0,0,0,0
2026-01-01T00:35:02Z,leak,NORMAL,8569.0,40.3,91.75,80.6,14.92,15.08,26.14,50.02,0,0,0,0,0
2026-01-01T00:35:03Z,leak,NORMAL,8572.1,39.88,91.16,80.93,14.76,14.88,25.91,49.94,0,0,0,0,0
2026-01-01T00:35:04Z,leak,NORMAL,8589.5,39.94,91.04,80.81,15.02,15.04,26.18,49.94,0,0,0,0,0
2026-01-01T00:35:05Z,leak,NORMAL,8588.0,40.36,90.99,80.84,14.94,14.97,26.11,50.0,0,0,0,0,0
2026-01-01T00:35:06Z,leak,NORMAL,8577.0,40.07,92.19,81.11,14.99,15.16,26.12,50.0,0,0,0,0,0
2026-01-01T00:35:07Z,leak,NORMAL,8566.8,39.99,90.52,80.83,14.95,15.18,26.16,50.05,0,0,0,0,0
2026-01-01T00:35:08Z,leak,NORMAL,8570.7,40.05,90.03,80.55,14.95,15.03,26.07,50.13,0,0,0,0,0
2026-01-01T00:35:09Z,leak,NORMAL,8584.3,39.79,90.79,79.73,15.03,14.88,26.16,50.04,0,0,0,0,0
2026-01-01T00:35:10Z,leak,NORMAL,8588.9,39.66,91.86,81.52,14.99,14.96,26.09,50.02,0,0,0,0,0
2026-01-01T00:35:11Z,leak,NORMAL,8574.5,40.21,90.64,80.76,15.05,15.1,26.02,50.13,0,0,0,0,0
2026-01-01T00:35:12Z,leak,NORMAL,8585.0,39.68,90.35,81.21,15.05,14.95,26.15,49.98,0,0,0,0,0
2026-01-01T00:35:13Z,leak,NORMAL,8571.0,39.96,90.81,81.6,15.1,15.03,26.16,50.06,0,0,0,0,0
2026-01-01T00:35:14Z,leak,NORMAL,8614.0,39.96,91.8,80.24,14.87,15.0,26.2,49.99,0,0,0,0,0
2026-01-01T00:35:15Z,leak,NORMAL,8583.0,40.45,91.1,80.3,15.06,14.92,26.14,50.01,0,0,0,0,0
2026-01-01T00:35:16Z,leak,NORMAL,8573.8,40.19,90.51,81.11,15.09,15.03,26.06,49.97,0,0,0,0,0
2026-01-01T00:35:17Z,leak,NORMAL,8572.0,40.15,90.97,81.27,15.06,14.88,26.05,49.99,0,0,0,0,0
2026-01-01T00:35:18Z,leak,NORMAL,8578.5,39.91,90.1,80.99,14.98,14.85,25.97,49.94,0,0,0,0,0
2026-01-01T00:35:19Z,leak,NORMAL,8580.8,40.05,91.57,81.47,15.04,14.98,26.16,50.0,0,0,0,0,0
2026-01-01T00:35:20Z,leak,NORMAL,8572.8,40.15,91.57,80.69,15.15,15.05,26.16,50.01,0,0,0,0,0
2026-01-01T00:35:21Z,leak,NORMAL,8574.2,39.81,90.95,81.87,15.14,14.94,26.21,50.02,0,0,0,0,0
2026-01-01T00:35:22Z,leak,NORMAL,8579.7,40.0,91.21,81.35,14.93,15.16,25.97,49.96,0,0,0,0,0
2026-01-01T00:35:23Z,leak,NORMAL,8580.3,40.04,90.05,81.4,15.04,14.98,26.22,50.02,0,0,0,0,0
2026-01-01T00:35:24Z,leak,NORMAL,8573.0,39.88,91.78,80.04,14.91,14.87,26.16,50.07,0,0,0,0,0
2026-01-01T00:35:25Z,leak,NORMAL,8571.6,39.97,90.58,82.16,14.83,15.01,26.12,49.91,0,0,0,0,0
2026-01-01T00:35:26Z,leak,NORMAL,8560.5,40.06,91.54,80.6,14.92,14.95,26.25,50.01,0,0,0,0,0
2026-01-01T00:35:27Z,leak,NORMAL,8572.2,39.93,91.32,80.96,15.13,14.96,26.36,49.98,0,0,0,0,0
2026-01-01T00:35:28Z,leak,NORMAL,8586.7,40.02,90.78,80.91,14.86,15.19,26.27,49.96,0,0,0,0,0
2026-01-01T00:35:29Z,leak,NORMAL,8555.3,39.99,90.82,80.74,14.86,14.96,26.41,49.93,0,0,0,0,0
2026-01-01T00:35:30Z,leak,NORMAL,8579.1,39.99,90.01,80.22,15.09,14.98,26.21,49.96,0,0,0,0,0
2026-01-01T00:35:31Z,leak,NORMAL,8560.3,40.18,91.08,81.29,15.03,15.02,26.33,49.99,0,0,0,0,0
2026-01-01T00:35:32Z,leak,NORMAL,8555.9,39.87,90.37,81.22,15.16,14.9,26.33,50.02,0,0,0,0,0
2026-01-01T00:35:33Z,leak,NORMAL,8565.6,39.78,91.52,81.11,15.01,15.11,26.2,50.08,0,0,0,0,0
2026-01-01T00:35:34Z,leak,NORMAL,8562.0,39.51,90.43,80.34,14.97,15.13,26.32,49.99,0,0,0,0,0
2026-01-01T00:35:35Z,leak,NORMAL,8566.6,40.01,90.28,80.92,15.03,14.95,26.19,50.03,0,0,0,0,0
2026-01-01T00:35:36Z,leak,NORMAL,8553.1,39.72,91.07,81.04,14.94,15.05,26.28,49.98,0,0,0,0,0
2026-01-01T00:35:37Z,leak,NORMAL,8574.7,40.15,90.83,81.04,15.09,15.22,26.22,49.97,0,0,0,0,0
2026-01-01T00:35:38Z,leak,NORMAL,8566.3,39.83,90.86,80.73,15.0,14.97,26.45,50.03,0,0,0,0,0
2026-01-01T00:35:39Z,leak,NORMAL,8550.2,40.14,90.71,80.91,15.01,14.88,26.35,49.97,0,0,0,0,0
2026-01-01T00:35:40Z,leak,NORMAL,8562.9,40.11,90.91,80.74,14.94,15.04,26.4,50.09,0,0,0,0,0
2026-01-01T00:35:41Z,leak,NORMAL,8558.9,40.3,91.82,80.56,14.84,15.05,26.39,50.0,0,0,0,0,0
2026-01-01T00:35:42Z,leak,NORMAL,8572.0,39.98,91.34,80.08,15.11,15.07,26.18,49.97,0,0,0,0,0
2026-01-01T00:35:43Z,leak,NORMAL,8561.8,40.05,91.06,80.74,14.9,14.82,26.33,49.9,0,0,0,0,0
2026-01-01T00:35:44Z,leak,NORMAL,8565.6,40.15,90.5,80.82,14.89,15.03,26.41,50.01,0,0,0,0,0
2026-01-01T00:35:45Z,leak,NORMAL,8569.6,40.0,91.08,81.09,15.08,15.13,26.22,49.99,0,0,0,0,0
2026-01-01T00:35:46Z,leak,NORMAL,8535.1,40.21,91.41,81.35,14.99,14.94,26.15,50.09,0,0,0,0,0
2026-01-01T00:35:47Z,leak,NORMAL,8559.8,39.76,91.35,80.4,14.95,14.88,26.13,50.03,0,0,0,0,0
2026-01-01T00:35:48Z,leak,NORMAL,8549.4,40.0,90.23,81.28,15.12,15.07,26.23,50.08,0,0,0,0,0
2026-01-01T00:35:49Z,leak,NORMAL,8551.3,39.79,90.6,80.6,14.97,14.99,26.6,50.05,0,0,0,0,0
2026-01-01T00:35:50Z,leak,NORMAL,8550.7,40.12,89.77,80.61,14.94,14.96,26.21,49.99,0,0,0,0,0
2026-01-01T00:35:51Z,leak,NORMAL,8564.9,39.92,89.71,80.27,15.03,14.92,26.39,49.99,0,0,0,0,0
2026-01-01T00:35:52Z,leak,NORMAL,8557.2,40.03,90.33,80.77,15.0,14.94,26.43,50.02,0,0,0,0,0
2026-01-01T00:35:53Z,leak,NORMAL,8542.8,39.84,89.95,80.11,15.02,15.15,26.36,50.03,0,0,0,0,0
2026-01-01T00:35:54Z,leak,NORMAL,8549.3,40.23,90.56,81.12,15.11,15.12,26.28,50.0,0,0,0,0,0
2026-01-01T00:35:55Z,leak,NORMAL,8528.6,40.23,90.18,81.3,15.0,15.01,26.43,50.05,0,0,0,0,0
2026-01-01T00:35:56Z,leak,NORMAL,8552.2,40.0,90.64,80.93,15.14,14.94,26.34,50.03,0,0,0,0,0
2026-01-01T00:35:57Z,leak,NORMAL,8546.3,39.77,90.75,80.55,15.05,14.95,26.33,49.99,0,0,0,0,0
2026-01-01T00:35:58Z,leak,NORMAL,8548.7,39.9,90.96,81.01,15.07,15.02,26.39,50.07,0,0,0,0,0
2026-01-01T00:35:59Z,leak,NORMAL,8551.1,39.84,90.67,80.4,15.05,14.9,26.21,50.09,0,0,0,0,0
2026-01-01T00:36:00Z,leak,NORMAL,8556.3,40.14,90.7,80.88,15.06,15.01,26.27,49.97,0,0,0,0,0
2026-01-01T00:36:01Z,leak,NORMAL,8556.5,39.8,90.53,80.17,14.9,15.09,26.39,49.98,0,0,0,0,0
2026-01-01T00:36:02Z,leak,NORMAL,8544.2,39.75,91.19,81.33,14.98,15.19,26.35,49.91,0,0,0,0,0
2026-01-01T00:36:03Z,leak,NORMAL,8552.4,40.08,90.88,81.27,15.02,14.94,26.45,50.04,0,0,0,0,0
2026-01-01T00:36:04Z,leak,NORMAL,8532.9,40.0,90.08,80.55,15.1,14.84,26.46,49.97,0,0,0,0,0
2026-01-01T00:36:05Z,leak,NORMAL,8542.0,39.58,89.95,81.23,15.04,14.98,26.28,50.0,0,0,0,0,0
2026-01-01T00:36:06Z,leak,NORMAL,8535.2,40.13,90.32,81.52,15.0,15.15,26.28,50.02,0,0,0,0,0
2026-01-01T00:36:07Z,leak,NORMAL,8554.8,39.96,90.25,80.49,15.02,15.1,26.53,50.0,0,0,0,0,0
2026-01-01T00:36:08Z,leak,NORMAL,8531.0,40.15,90.7,80.91,15.14,15.15,26.45,50.03,0,0,0,0,0
2026-01-01T00:36:09Z,leak,NORMAL,8542.1,40.11,90.25,80.82,15.04,14.92,26.31,49.94,0,0,0,0,0
2026-01-01T00:36:10Z,leak,NORMAL,8536.4,40.11,90.06,79.79,14.84,14.81,26.29,49.99,0,0,0,0,0
2026-01-01T00:36:11Z,leak,NORMAL,8560.5,39.96,89.86,80.11,15.05,14.98,26.41,50.04,0,0,0,0,0
2026-01-01T00:36:12Z,leak,NORMAL,8537.0,39.92,89.85,80.21,14.99,15.07,26.37,50.03,0,0,0,0,0
2026-01-01T00:36:13Z,leak,NORMAL,8551.5,40.39,91.66,80.56,15.06,14.99,26.39,50.01,0,0,0,0,0
2026-01-01T00:36:14Z,leak,NORMAL,8526.3,39.97,90.42,80.97,15.07,14.83,26.42,50.02,0,0,0,0,0
2026-01-01T00:36:15Z,leak,NORMAL,8542.2,39.66,89.93,80.54,14.89,15.11,26.35,50.04,0,0,0,0,0
2026-01-01T00:36:16Z,leak,NORMAL,8528.3,39.56,90.05,80.47,14.95,15.1,26.25,49.94,0,0,0,0,0
2026-01-01T00:36:17Z,leak,NORMAL,8532.8,39.85,90.56,79.55,14.84,14.82,26.38,50.03,0,0,0,0,0
2026-01-01T00:36:18Z,leak,NORMAL,8521.7,40.16,90.71,80.21,15.12,14.94,26.18,50.0,0,0,0,0,0
2026-01-01T00:36:19Z,leak,NORMAL,8534.9,40.05,90.35,80.8,14.95,15.08,26.23,49.98,0,0,0,0,0
2026-01-01T00:36:20Z,leak,NORMAL,8507.2,39.8,91.41,80.16,14.99,15.04,26.35,50.07,0,0,0,0,0
2026-01-01T00:36:21Z,leak,NORMAL,8519.4,39.9,90.98,80.34,14.85,15.12,26.53,50.09,0,0,0,0,0
2026-01-01T00:36:22Z,leak,NORMAL,8526.4,40.22,90.63,80.54,14.89,15.12,26.53,50.0,0,0,0,0,0
2026-01-01T00:36:23Z,leak,NORMAL,8507.3,40.31,89.96,82.26,15.14,14.96,26.39,49.98,0,0,0,0,0
2026-01-01T00:36:24Z,leak,NORMAL,8542.7,39.71,90.51,80.17,14.96,15.08,26.46,49.98,0,0,0,0,0
2026-01-01T00:36:25Z,leak,NORMAL,8516.3,39.94,90.38,80.19,15.15,14.96,26.59,50.01,0,0,0,0,0
2026-01-01T00:36:26Z,leak,NORMAL,8519.8,39.91,91.18,80.2,15.05,14.97,26.54,50.03,0,0,0,0,0
2026-01-01T00:36:27Z,leak,NORMAL,8516.6,39.97,90.68,80.36,15.05,15.08,26.56,49.99,0,0,0,0,0
2026-01-01T00:36:28Z,leak,NORMAL,8528.3,39.87,91.04,80.02,14.99,15.19,26.39,49.94,0,0,0,0,0
2026-01-01T00:36:29Z,leak,NORMAL,8530.1,40.07,90.1,80.28,14.89,14.85,26.61,50.01,0,0,0,0,0
2026-01-01T00:36:30Z,leak,NORMAL,8523.8,39.61,90.43,80.18,14.9,15.04,26.4,49.98,0,0,0,0,0
2026-01-01T00:36:31Z,leak,NORMAL,8514.0,40.12,90.03,80.54,15.12,14.92,26.66,50.02,0,0,0,0,0
2026-01-01T00:36:32Z,leak,NORMAL,8510.3,39.65,90.71,79.42,15.21,15.09,26.4,50.05,0,0,0,0,0
2026-01-01T00:36:33Z,leak,NORMAL,8513.3,39.95,90.53,80.52,15.04,14.95,26.56,50.03,0,0,0,0,0
2026-01-01T00:36:34Z,leak,NORMAL,8507.7,40.27,90.48,80.38,15.08,15.01,26.66,49.98,0,0,0,0,0
2026-01-01T00:36:35Z,leak,NORMAL,8529.0,40.31,90.28,79.85,14.97,14.97,26.73,50.0,0,0,0,0,0
2026-01-01T00:36:36Z,leak,NORMAL,8514.1,40.13,89.89,80.13,15.1,15.14,26.59,50.07,0,0,0,0,0
2026-01-01T00:36:37Z,leak,NORMAL,8505.8,39.92,90.06,79.47,15.02,14.91,26.47,49.87,0,0,0,0,0
2026-01-01T00:36:38Z,leak,NORMAL,8497.4,40.34,90.01,80.14,15.01,15.06,26.41,49.93,0,0,0,0,0
2026-01-01T00:36:39Z,leak,NORMAL,8494.5,40.11,90.41,80.99,15.0,15.0,26.45,50.04,0,0,0,0,0
2026-01-01T00:36:40Z,leak,NORMAL,8500.7,39.6,90.61,79.65,15.01,15.07,26.42,50.03,0,0,0,0,0
2026-01-01T00:36:41Z,leak,NORMAL,8518.1,39.96,90.3,80.49,15.03,15.0,26.59,50.06,0,0,0,0,0
2026-01-01T00:36:42Z,leak,NORMAL,8507.3,39.9,89.86,80.38,15.06,14.92,26.63,50.03,0,0,0,0,0
2026-01-01T00:36:43Z,leak,NORMAL,8507.6,40.08,89.39,79.41,15.07,14.99,26.69,49.98,0,0,0,0,0
2026-01-01T00:36:44Z,leak,NORMAL,8499.8,39.91,90.97,80.9,14.9,14.83,26.4,50.03,0,0,0,0,0
2026-01-01T00:36:45Z,leak,NORMAL,8501.6,40.4,90.23,79.8,14.92,15.15,26.6,50.03,0,0,0,0,0
2026-01-01T00:36:46Z,leak,NORMAL,8508.9,39.97,90.01,80.09,15.21,14.93,26.41,50.0,0,0,0,0,0
2026-01-01T00:36:47Z,leak,NORMAL,8501.3,39.83,90.57,80.34,15.2,14.99,26.41,49.97,0,0,0,0,0
2026-01-01T00:36:48Z,leak,NORMAL,8492.3,39.74,90.3,80.09,15.1,14.97,26.43,50.06,0,0,0,0,0
2026-01-01T00:36:49Z,leak,NORMAL,8475.8,39.57,90.26,81.04,15.06,14.96,26.71,49.95,0,0,0,0,0
2026-01-01T00:36:50Z,leak,NORMAL,8480.3,40.05,90.73,80.61,14.92,14.98,26.52,49.95,0,0,0,0,0
2026-01-01T00:36:51Z,leak,NORMAL,8502.9,40.09,89.63,80.35,15.15,14.81,26.6,49.93,0,0,0,0,0
2026-01-01T00:36:52Z,leak,NORMAL,8495.4,40.03,89.86,80.0,14.92,15.07,26.74,50.03,0,0,0,0,0
2026-01-01T00:36:53Z,leak,NORMAL,8491.4,39.88,90.31,79.79,14.98,15.03,26.56,49.91,0,0,0,0,0
2026-01-01T00:36:54Z,leak,NORMAL,8502.5,40.05,89.22,79.9,15.14,14.94,26.52,50.04,0,0,0,0,0
2026-01-01T00:36:55Z,leak,NORMAL,8492.4,39.92,89.0,79.82,14.94,15.09,26.82,50.01,0,0,0,0,0
2026-01-01T00:36:56Z,leak,NORMAL,8505.5,40.17,89.72,80.07,14.95,15.11,26.56,50.02,0,0,0,0,0
2026-01-01T00:36:57Z,leak,NORMAL,8490.8,40.0,90.25,80.54,14.95,15.02,26.74,50.01,0,0,0,0,0
2026-01-01T00:36:58Z,leak,NORMAL,8487.6,39.93,89.96,80.02,14.92,15.22,26.45,49.96,0,0,0,0,0
2026-01-01T00:36:59Z,leak,NORMAL,8467.3,40.21,89.47,80.58,14.94,14.92,26.5,49.98,0,0,0,0,0
2026-01-01T00:37:00Z,leak,NORMAL,8489.5,40.12,89.4,80.25,15.12,15.07,26.62,49.97,0,0,0,0,0
2026-01-01T00:37:01Z,leak,NORMAL,8478.5,39.76,91.2,80.43,14.91,14.76,26.5,49.99,0,0,0,0,0
2026-01-01T00:37:02Z,leak,NORMAL,8477.2,39.95,90.58,79.21,15.14,14.94,26.74,49.95,0,0,0,0,0
2026-01-01T00:37:03Z,leak,NORMAL,8483.4,40.09,90.66,80.66,14.97,15.06,26.77,49.98,0,0,0,0,0
2026-01-01T00:37:04Z,leak,NORMAL,8487.4,39.72,90.03,80.41,15.05,15.01,26.8,50.04,0,0,0,0,0
2026-01-01T00:37:05Z,leak,NORMAL,8485.0,39.77,88.78,81.26,14.9,14.96,26.73,49.97,0,0,0,0,0
2026-01-01T00:37:06Z,leak,NORMAL,8482.1,39.99,89.34,80.46,14.93,15.05,26.58,49.95,0,0,0,0,0
2026-01-01T00:37:07Z,leak,NORMAL,8470.7,40.15,88.95,79.52,15.03,14.97,26.68,49.95,0,0,0,0,0
2026-01-01T00:37:08Z,leak,NORMAL,8471.5,40.25,90.85,80.35,15.1,15.02,26.55,50.06,0,0,0,0,0
2026-01-01T00:37:09Z,leak,NORMAL,8476.6,40.01,89.78,78.77,14.87,14.94,26.75,49.99,0,0,0,0,0
2026-01-01T00:37:10Z,leak,NORMAL,8489.3,40.18,89.7,79.9,14.98,14.93,26.69,50.07,0,0,0,0,0
2026-01-01T00:37:11Z,leak,NORMAL,8464.1,39.82,90.05,80.53,15.03,15.05,26.59,50.02,0,0,0,0,0
2026-01-01T00:37:12Z,leak,NORMAL,8467.3,40.56,90.26,79.55,15.12,14.93,26.53,49.98,0,0,0,0,0
2026-01-01T00:37:13Z,leak,NORMAL,8470.3,40.17,90.29,79.85,14.92,15.03,26.62,50.03,0,0,0,0,0
2026-01-01T00:37:14Z,leak,NORMAL,8492.9,39.74,89.81,79.65,15.0,15.04,26.77,49.96,0,0,0,0,0
2026-01-01T00:37:15Z,leak,NORMAL,8455.4,40.28,89.1,79.62,15.01,15.16,26.72,49.97,0,0,0,0,0
2026-01-01T00:37:16Z,leak,NORMAL,8465.7,40.04,90.55,79.36,14.99,15.12,26.6,49.93,0,0,0,0,0
2026-01-01T00:37:17Z,leak,NORMAL,8466.4,39.96,90.22,80.18,14.88,15.07,26.44,50.02,0,0,0,0,0
2026-01-01T00:37:18Z,leak,NORMAL,8485.5,39.98,88.94,79.86,14.8,14.97,26.67,50.04,0,0,0,0,0
2026-01-01T00:37:19Z,leak,NORMAL,8470.7,40.02,90.28,79.63,15.11,15.11,26.77,50.04,0,0,0,0,0
2026-01-01T00:37:20Z,leak,NORMAL,8477.3,40.05,90.25,79.66,15.05,15.13,26.7,49.95,0,0,0,0,0
2026-01-01T00:37:21Z,leak,NORMAL,8454.7,40.05,89.92,79.81,15.0,15.03,26.67,50.05,0,0,0,0,0
2026-01-01T00:37:22Z,leak,NORMAL,8459.2,40.43,90.15,80.55,14.83,14.92,26.79,50.06,0,0,0,0,0
2026-01-01T00:37:23Z,leak,NORMAL,8462.6,40.09,90.34,80.52,14.81,15.05,26.77,49.95,0,0,0,0,0
2026-01-01T00:37:24Z,leak,NORMAL,8459.6,39.93,89.11,79.63,15.14,14.78,26.6,49.98,0,0,0,0,0
2026-01-01T00:37:25Z,leak,NORMAL,8471.9,39.58,88.78,79.2,14.99,15.09,26.68,50.04,0,0,0,0,0
2026-01-01T00:37:26Z,leak,NORMAL,8458.5,40.18,90.01,80.14,14.91,14.97,26.77,49.97,0,0,0,0,0
2026-01-01T00:37:27Z,leak,NORMAL,8469.8,40.34,90.1,80.57,15.13,15.15,26.74,50.05,0,0,0,0,0
2026-01-01T00:37:28Z,leak,NORMAL,8465.5,40.19,89.63,79.85,15.01,15.11,26.61,49.97,0,0,0,0,0
2026-01-01T00:37:29Z,leak,NORMAL,8454.1,39.66,88.93,80.49,15.01,14.98,26.79,49.86,0,0,0,0,0
2026-01-01T00:37:30Z,leak,NORMAL,8450.3,39.74,90.18,79.52,14.97,15.16,26.77,49.99,0,0,0,0,0
2026-01-01T00:37:31Z,leak,NORMAL,8460.0,39.92,89.35,79.41,15.03,14.98,26.69,50.16,0,0,0,0,0
2026-01-01T00:37:32Z,leak,NORMAL,8451.5,40.36,89.98,80.02,15.05,14.82,26.78,49.99,0,0,0,0,0
2026-01-01T00:37:33Z,leak,NORMAL,8462.2,39.75,89.54,80.37,15.07,15.15,26.71,49.92,0,0,0,0,0
2026-01-01T00:37:34Z,leak,NORMAL,8456.2,39.87,90.69,81.06,14.95,14.95,26.76,50.02,0,0,0,0,0
2026-01-01T00:37:35Z,leak,NORMAL,8429.9,40.36,89.83,80.86,15.01,15.07,26.73,50.06,0,0,0,0,0
2026-01-01T00:37:36Z,leak,NORMAL,8468.1,40.13,89.35,79.39,14.78,15.06,26.93,50.01,0,0,0,0,0
2026-01-01T00:37:37Z,leak,NORMAL,8460.4,40.18,88.95,79.31,14.91,15.2,26.81,50.01,0,0,0,0,0
2026-01-01T00:37:38Z,leak,NORMAL,8450.0,40.05,89.87,79.72,15.02,15.13,26.76,49.91,0,0,0,0,0
2026-01-01T00:37:39Z,leak,NORMAL,8452.6,40.04,89.43,80.93,15.01,14.97,26.64,49.99,0,0,0,0,0
2026-01-01T00:37:40Z,leak,NORMAL,8467.5,39.88,89.89,78.98,15.02,14.99,26.69,50.01,0,0,0,0,0
2026-01-01T00:37:41Z,leak,NORMAL,8459.0,40.31,89.28,80.8,15.17,15.07,26.71,49.89,0,0,0,0,0
2026-01-01T00:37:42Z,leak,NORMAL,8447.7,40.41,88.7,79.99,15.18,15.13,26.66,49.94,0,0,0,0,0
2026-01-01T00:37:43Z,leak,NORMAL,8444.7,40.14,90.23,80.33,14.84,14.88,26.79,49.99,0,0,0,0,0
2026-01-01T00:37:44Z,leak,NORMAL,8439.2,40.19,88.43,79.52,15.09,15.12,26.7,49.97,0,0,0,0,0
2026-01-01T00:37:45Z,leak,NORMAL,8448.9,39.95,89.89,80.32,15.04,14.87,26.73,49.95,0,0,0,0,0
2026-01-01T00:37:46Z,leak,NORMAL,8445.9,39.84,89.49,80.35,14.98,14.76,26.63,50.01,0,0,0,0,0
2026-01-01T00:37:47Z,leak,NORMAL,8428.3,40.1,89.78,79.89,15.03,15.03,26.89,50.02,0,0,0,0,0
2026-01-01T00:37:48Z,leak,NORMAL,8446.7,39.99,89.02,78.39,14.83,14.94,26.77,49.98,0,0,0,0,0
2026-01-01T00:37:49Z,leak,NORMAL,8466.7,39.73,90.36,80.16,15.08,14.91,26.71,49.92,0,0,0,0,0
2026-01-01T00:37:50Z,leak,NORMAL,8454.5,39.89,89.07,80.25,14.94,14.95,26.69,50.05,0,0,0,0,0
2026-01-01T00:37:51Z,leak,NORMAL,8439.4,39.58,89.64,79.85,15.1,15.19,26.94,49.97,0,0,0,0,0
2026-01-01T00:37:52Z,leak,NORMAL,8440.6,40.26,89.5,79.79,15.04,14.96,26.83,50.02,0,0,0,0,0
2026-01-01T00:37:53Z,leak,NORMAL,8433.3,39.73,89.37,80.71,14.81,15.17,26.92,49.96,0,0,0,0,0
2026-01-01T00:37:54Z,leak,NORMAL,8451.5,40.0,89.89,80.96,14.97,15.1,26.8,49.99,0,0,0,0,0
2026-01-01T00:37:55Z,leak,NORMAL,8426.2,40.0,88.77,79.63,14.96,15.07,26.85,50.0,0,0,0,0,0
2026-01-01T00:37:56Z,leak,NORMAL,8446.3,39.79,88.99,80.07,14.92,15.11,26.84,49.98,0,0,0,0,0
2026-01-01T00:37:57Z,leak,NORMAL,8431.8,39.79,88.64,78.89,14.89,15.09,26.86,50.12,0,0,0,0,0
2026-01-01T00:37:58Z,leak,NORMAL,8428.8,39.9,89.43,79.96,15.1,14.95,26.82,49.97,0,0,0,0,0
2026-01-01T00:37:59Z,leak,NORMAL,8431.5,40.09,88.48,80.14,14.98,15.03,26.82,49.98,0,0,0,0,0
2026-01-01T00:38:00Z,leak,NORMAL,8427.0,39.79,89.64,79.49,14.99,15.04,27.03,49.94,0,0,0,0,0
2026-01-01T00:38:01Z,leak,NORMAL,8434.5,39.86,89.63,79.96,15.01,14.84,26.72,50.03,0,0,0,0,0
2026-01-01T00:38:02Z,leak,NORMAL,8417.4,40.07,89.66,80.02,15.07,14.86,26.68,49.89,0,0,0,0,0
2026-01-01T00:38:03Z,leak,NORMAL,8441.6,40.05,89.16,79.92,14.86,14.99,26.77,49.99,0,0,0,0,0
2026-01-01T00:38:04Z,leak,NORMAL,8432.8,40.09,88.87,78.88,15.08,15.02,26.63,49.98,0,0,0,0,0
2026-01-01T00:38:05Z,leak,NORMAL,8429.1,39.89,89.43,79.38,15.03,14.96,26.9,49.92,0,0,0,0,0
2026-01-01T00:38:06Z,leak,NORMAL,8424.2,40.12,88.79,78.68,14.97,14.88,26.91,49.95,0,0,0,0,0
2026-01-01T00:38:07Z,leak,NORMAL,8399.3,39.86,89.31,79.62,15.0,14.95,26.76,50.06,0,0,0,0,0
2026-01-01T00:38:08Z,leak,NORMAL,8436.7,40.06,89.22,79.8,15.0,15.0,26.84,49.97,0,0,0,0,0
2026-01-01T00:38:09Z,leak,NORMAL,8448.0,39.81,88.6,79.54,14.81,15.02,26.66,49.99,0,0,0,0,0
2026-01-01T00:38:10Z,leak,NORMAL,8441.1,39.93,89.1,80.52,15.0,14.83,26.91,50.04,0,0,0,0,0
2026-01-01T00:38:11Z,leak,NORMAL,8432.4,40.12,89.58,80.14,14.98,14.9,26.86,50.02,0,0,0,0,0
2026-01-01T00:38:12Z,leak,NORMAL,8429.4,40.16,89.66,79.67,14.91,14.92,26.85,49.98,0,0,0,0,0
2026-01-01T00:38:13Z,leak,NORMAL,8422.7,39.53,89.84,79.18,15.13,14.85,27.01,50.05,0,0,0,0,0
2026-01-01T00:38:14Z,leak,NORMAL,8407.0,40.12,88.7,79.87,15.08,14.99,26.82,49.98,0,0,0,0,0
2026-01-01T00:38:15Z,leak,NORMAL,8432.2,40.26,89.75,79.89,15.19,15.07,26.82,50.0,0,0,0,0,0
2026-01-01T00:38:16Z,leak,NORMAL,8421.0,39.89,89.31,79.47,15.15,14.94,26.78,49.99,0,0,0,0,0
2026-01-01T00:38:17Z,leak,NORMAL,8406.6,40.25,89.95,79.48,14.97,15.06,26.85,50.06,0,0,0,0,0
2026-01-01T00:38:18Z,leak,NORMAL,8423.6,40.31,89.82,79.2,15.05,15.09,26.87,49.97,0,0,0,0,0
2026-01-01T00:38:19Z,leak,NORMAL,8424.5,39.66,89.74,79.66,14.9,14.98,26.93,49.92,0,0,0,0,0
2026-01-01T00:38:20Z,leak,NORMAL,8438.9,39.84,89.51,80.01,15.16,14.87,26.64,50.0,0,0,0,0,0
2026-01-01T00:38:21Z,leak,NORMAL,8410.6,39.63,89.48,80.31,14.86,15.09,26.71,50.0,0,0,0,0,0
2026-01-01T00:38:22Z,leak,NORMAL,8438.8,39.66,89.92,78.99,15.01,14.94,26.79,50.01,0,0,0,0,0
2026-01-01T00:38:23Z,leak,NORMAL,8394.5,39.83,90.25,80.26,15.05,15.14,26.88,49.97,0,0,0,0,0
2026-01-01T00:38:24Z,leak,NORMAL,8420.6,40.27,89.7,79.77,14.73,14.99,26.83,50.03,0,0,0,0,0
2026-01-01T00:38:25Z,leak,NORMAL,8416.6,39.68,89.72,79.62,14.96,14.84,26.88,50.0,0,0,0,0,0
2026-01-01T00:38:26Z,leak,NORMAL,8428.3,39.93,88.64,79.87,14.88,15.07,26.78,50.05,0,0,0,0,0
2026-01-01T00:38:27Z,leak,NORMAL,8438.2,40.02,88.95,79.33,14.96,14.94,26.89,49.93,0,0,0,0,0
2026-01-01T00:38:28Z,leak,NORMAL,8405.7,40.04,88.7,79.67,14.95,15.0,26.97,49.99,0,0,0,0,0
2026-01-01T00:38:29Z,leak,NORMAL,8424.4,39.77,88.76,79.26,14.97,14.95,26.74,49.86,0,0,0,0,0
2026-01-01T00:38:30Z,leak,NORMAL,8417.7,39.9,88.79,79.66,15.1,14.97,26.83,50.02,0,0,0,0,0
2026-01-01T00:38:31Z,leak,NORMAL,8423.6,39.81,89.52,79.59,15.04,15.13,26.7,49.94,0,0,0,0,0
2026-01-01T00:38:32Z,leak,NORMAL,8418.8,40.15,88.55,78.89,14.99,14.99,26.8,50.01,0,0,0,0,0
2026-01-01T00:38:33Z,leak,NORMAL,8426.7,40.3,89.53,79.39,14.83,15.03,26.77,50.04,0,0,0,0,0
2026-01-01T00:38:34Z,leak,NORMAL,8416.8,40.0,88.49,79.59,14.87,15.01,26.76,49.98,0,0,0,0,0
2026-01-01T00:38:35Z,leak,NORMAL,8407.4,40.28,89.11,79.78,14.9,14.91,26.85,50.01,0,0,0,0,0
2026-01-01T00:38:36Z,leak,NORMAL,8394.3,39.98,89.43,78.39,15.08,15.07,26.86,50.05,0,0,0,0,0
2026-01-01T00:38:37Z,leak,NORMAL,8420.4,39.94,88.59,79.69,15.02,14.96,26.76,50.06,0,0,0,0,0
2026-01-01T00:38:38Z,leak,NORMAL,8403.6,39.97,88.75,80.11,15.07,15.12,26.96,49.9,0,0,0,0,0
2026-01-01T00:38:39Z,leak,NORMAL,8408.0,40.11,89.86,78.03,15.03,15.05,26.8,50.01,0,0,0,0,0
2026-01-01T00:38:40Z,leak,NORMAL,8407.1,40.26,89.99,79.64,15.05,15.11,26.89,50.06,0,0,0,0,0
2026-01-01T00:38:41Z,leak,NORMAL,8410.0,39.99,89.56,78.82,15.05,15.14,27.01,50.01,0,0,0,0,0
2026-01-01T00:38:42Z,leak,NORMAL,8403.3,39.78,89.15,79.94,14.81,15.03,26.9,49.98,0,0,0,0,0
2026-01-01T00:38:43Z,leak,NORMAL,8392.6,40.47,89.11,79.54,15.17,14.96,26.93,49.99,0,0,0,0,0
2026-01-01T00:38:44Z,leak,NORMAL,8412.3,40.29,88.92,78.42,14.89,15.08,26.99,49.95,0,0,0,0,0
2026-01-01T00:38:45Z,leak,NORMAL,8407.2,39.97,89.54,79.15,14.97,15.12,26.91,49.97,0,0,0,0,0
2026-01-01T00:38:46Z,leak,NORMAL,8396.4,40.09,89.93,77.97,14.88,15.05,26.79,50.0,0,0,0,0,0
2026-01-01T00:38:47Z,leak,NORMAL,8407.3,39.96,89.48,79.61,14.88,15.07,26.96,50.01,0,0,0,0,0
2026-01-01T00:38:48Z,leak,NORMAL,8407.3,39.79,89.26,79.06,15.03,15.22,26.82,50.12,0,0,0,0,0
2026-01-01T00:38:49Z,leak,NORMAL,8416.0,40.2,89.61,79.37,14.87,14.79,26.7,49.96,0,0,0,0,0
2026-01-01T00:38:50Z,leak,NORMAL,8410.6,39.82,89.01,79.34,15.11,15.13,27.08,50.07,0,0,0,0,0
2026-01-01T00:38:51Z,leak,NORMAL,8398.0,39.86,88.62,79.27,14.94,15.03,26.97,49.99,0,0,0,0,0
2026-01-01T00:38:52Z,leak,NORMAL,8398.9,39.89,89.2,79.89,14.94,14.91,27.03,50.01,0,0,0,0,0
2026-01-01T00:38:53Z,leak,NORMAL,8395.7,40.02,88.3,79.0,14.94,15.12,26.85,49.97,0,0,0,0,0
2026-01-01T00:38:54Z,leak,NORMAL,8420.6,40.21,89.07,79.54,15.19,15.01,27.0,49.99,0,0,0,0,0
2026-01-01T00:38:55Z,leak,NORMAL,8404.0,39.86,89.5,79.99,15.03,14.98,26.91,49.95,0,0,0,0,0
2026-01-01T00:38:56Z,leak,NORMAL,8391.5,39.59,89.2,79.1,14.98,14.89,27.05,49.97,0,0,0,0,0
2026-01-01T00:38:57Z,leak,NORMAL,8396.9,39.83,89.5,79.89,14.88,14.97,26.93,50.05,0,0,0,0,0
2026-01-01T00:38:58Z,leak,NORMAL,8397.6,40.27,88.73,79.06,14.93,14.96,26.89,49.96,0,0,0,0,0
2026-01-01T00:38:59Z,leak,NORMAL,8401.8,39.83,87.87,79.92,14.96,15.08,26.96,50.01,0,0,0,0,0
2026-01-01T00:39:00Z,leak,NORMAL,8401.9,40.06,89.1,79.03,14.98,15.04,26.85,50.01,0,0,0,0,0
2026-01-01T00:39:01Z,leak,NORMAL,8386.6,40.06,88.71,78.79,15.07,15.08,26.77,49.99,0,0,0,0,0
2026-01-01T00:39:02Z,leak,NORMAL,8402.6,39.9,89.14,78.6,14.95,15.07,26.97,49.94,0,0,0,0,0
2026-01-01T00:39:03Z,leak,NORMAL,8405.5,40.16,89.28,78.94,14.94,15.1,26.86,49.99,0,0,0,0,0
2026-01-01T00:39:04Z,leak,NORMAL,8407.6,40.1,89.76,79.57,14.97,14.93,26.8,49.91,0,0,0,0,0
2026-01-01T00:39:05Z,leak,NORMAL,8412.9,39.97,89.55,79.26,14.94,14.99,26.97,49.99,0,0,0,0,0
2026-01-01T00:39:06Z,leak,NORMAL,8405.4,39.78,88.92,79.13,15.05,14.91,26.92,50.02,0,0,0,0,0
2026-01-01T00:39:07Z,leak,NORMAL,8406.6,40.2,88.84,79.53,14.88,14.81,26.92,49.94,0,0,0,0,0
2026-01-01T00:39:08Z,leak,NORMAL,8406.0,39.78,89.5,79.49,15.08,15.07,26.86,50.01,0,0,0,0,0
2026-01-01T00:39:09Z,leak,NORMAL,8409.7,39.83,88.93,78.57,14.96,15.04,26.99,49.94,0,0,0,0,0
2026-01-01T00:39:10Z,leak,NORMAL,8409.5,40.07,89.11,79.59,14.89,14.93,27.05,49.95,0,0,0,0,0
2026-01-01T00:39:11Z,leak,NORMAL,8377.3,40.23,88.61,79.67,14.84,14.92,26.92,49.98,0,0,0,0,0
2026-01-01T00:39:12Z,leak,NORMAL,8388.9,39.95,88.33,79.17,14.93,14.99,27.09,49.97,0,0,0,0,0
2026-01-01T00:39:13Z,leak,NORMAL,8409.2,40.27,88.48,78.96,14.79,14.97,26.98,50.04,0,0,0,0,0
2026-01-01T00:39:14Z,leak,NORMAL,8397.1,40.46,89.04,78.67,15.0,14.78,26.87,49.93,0,0,0,0,0
2026-01-01T00:39:15Z,leak,NORMAL,8391.6,39.89,88.02,78.69,15.09,14.81,26.87,50.07,0,0,0,0,0
2026-01-01T00:39:16Z,leak,NORMAL,8393.8,40.2,89.74,78.8,15.02,14.97,27.01,50.04,0,0,0,0,0
2026-01-01T00:39:17Z,leak,NORMAL,8386.8,39.84,88.14,78.39,15.11,14.84,26.98,49.96,0,0,0,0,0
2026-01-01T00:39:18Z,leak,NORMAL,8386.9,39.93,89.42,78.76,15.01,15.01,26.89,50.06,0,0,0,0,0
2026-01-01T00:39:19Z,leak,NORMAL,8392.7,40.49,89.78,78.65,15.04,14.83,26.98,50.06,0,0,0,0,0
2026-01-01T00:39:20Z,leak,NORMAL,8409.1,39.83,88.49,79.44,15.14,15.08,26.91,49.97,0,0,0,0,0
2026-01-01T00:39:21Z,leak,NORMAL,8383.8,39.99,89.1,78.85,15.07,15.04,27.07,49.99,0,0,0,0,0
2026-01-01T00:39:22Z,leak,NORMAL,8392.7,39.96,89.53,78.72,15.02,14.99,26.99,49.93,0,0,0,0,0
2026-01-01T00:39:23Z,leak,NORMAL,8413.3,39.71,88.09,78.62,15.05,14.91,26.87,49.98,0,0,0,0,0
2026-01-01T00:39:24Z,leak,NORMAL,8412.4,40.32,89.55,78.74,15.03,15.17,27.11,50.05,0,0,0,0,0
2026-01-01T00:39:25Z,leak,NORMAL,8395.9,40.22,88.96,78.2,14.84,15.04,26.97,49.93,0,0,0,0,0
2026-01-01T00:39:26Z,leak,NORMAL,8405.5,40.28,89.77,79.14,15.05,15.05,26.94,50.0,0,0,0,0,0
2026-01-01T00:39:27Z,leak,NORMAL,8412.4,39.94,89.82,77.88,14.95,15.13,26.94,50.02,0,0,0,0,0
2026-01-01T00:39:28Z,leak,NORMAL,8400.0,39.94,89.53,79.25,15.08,14.84,27.06,49.94,0,0,0,0,0
2026-01-01T00:39:29Z,leak,NORMAL,8409.1,40.05,89.26,78.74,14.99,14.93,27.04,50.02,0,0,0,0,0
2026-01-01T00:39:30Z,leak,NORMAL,8394.8,39.67,88.46,79.03,14.82,15.13,27.09,50.04,0,0,0,0,0
2026-01-01T00:39:31Z,leak,NORMAL,8387.1,39.98,88.64,78.88,15.01,15.14,26.92,49.93,0,0,0,0,0
2026-01-01T00:39:32Z,leak,NORMAL,8374.5,39.85,89.9,78.88,14.91,15.04,27.07,49.98,0,0,0,0,0
2026-01-01T00:39:33Z,leak,NORMAL,8401.1,40.29,89.54,78.3,15.01,15.12,27.0,50.04,0,0,0,0,0
2026-01-01T00:39:34Z,leak,NORMAL,8404.1,39.94,88.83,79.5,14.99,14.97,27.04,50.04,0,0,0,0,0
2026-01-01T00:39:35Z,leak,NORMAL,8401.7,40.23,88.0,79.27,14.9,14.97,26.97,49.95,0,0,0,0,0
2026-01-01T00:39:36Z,leak,NORMAL,8423.2,40.01,88.78,79.59,14.94,15.05,27.11,50.03,0,0,0,0,0
2026-01-01T00:39:37Z,leak,NORMAL,8398.9,40.03,90.44,80.16,14.76,15.06,26.92,49.97,0,0,0,0,0
2026-01-01T00:39:38Z,leak,NORMAL,8383.3,39.92,89.4,78.75,14.97,15.27,26.99,50.0,0,0,0,0,0
2026-01-01T00:39:39Z,leak,NORMAL,8395.3,39.78,89.88,80.05,15.06,15.0,26.87,50.03,0,0,0,0,0
2026-01-01T00:39:40Z,leak,NORMAL,8412.4,39.9,89.52,79.42,14.95,14.9,26.84,49.99,0,0,0,0,0
2026-01-01T00:39:41Z,leak,NORMAL,8386.8,39.81,89.54,78.71,14.97,14.99,26.89,50.0,0,0,0,0,0
2026-01-01T00:39:42Z,leak,NORMAL,8402.7,39.55,89.4,78.45,15.0,14.99,27.02,50.05,0,0,0,0,0
2026-01-01T00:39:43Z,leak,NORMAL,8402.7,39.84,88.54,78.63,14.99,15.09,27.02,49.99,0,0,0,0,0
2026-01-01T00:39:44Z,leak,NORMAL,8397.2,39.64,89.02,78.37,15.04,14.97,26.86,50.0,0,0,0,0,0
2026-01-01T00:39:45Z,leak,NORMAL,8404.0,39.97,89.84,78.81,15.28,14.93,27.01,49.92,0,0,0,0,0
2026-01-01T00:39:46Z,leak,NORMAL,8412.5,39.69,89.09,78.15,15.08,15.02,27.0,50.06,0,0,0,0,0
2026-01-01T00:39:47Z,leak,NORMAL,8399.2,39.99,88.33,79.01,14.84,15.06,27.04,49.99,0,0,0,0,0
2026-01-01T00:39:48Z,leak,NORMAL,8404.1,40.2,89.0,78.44,15.02,14.96,26.94,49.93,0,0,0,0,0
2026-01-01T00:39:49Z,leak,NORMAL,8399.8,39.93,89.27,78.89,15.09,14.82,27.03,49.99,0,0,0,0,0
2026-01-01T00:39:50Z,leak,NORMAL,8407.2,40.08,88.94,79.29,15.08,15.02,26.94,49.97,0,0,0,0,0
2026-01-01T00:39:51Z,leak,NORMAL,8418.3,39.69,88.35,78.47,14.93,15.09,27.14,50.0,0,0,0,0,0
2026-01-01T00:39:52Z,leak,NORMAL,8407.1,40.03,88.69,78.27,15.04,14.93,26.92,49.99,0,0,0,0,0
2026-01-01T00:39:53Z,leak,NORMAL,8392.3,40.25,89.35,78.38,15.11,15.04,26.94,49.98,0,0,0,0,0
2026-01-01T00:39:54Z,leak,NORMAL,8400.8,39.92,88.97,78.36,14.87,15.03,26.96,49.94,0,0,0,0,0
2026-01-01T00:39:55Z,leak,NORMAL,8403.8,39.43,89.41,78.49,15.02,15.06,27.08,50.03,0,0,0,0,0
2026-01-01T00:39:56Z,leak,NORMAL,8403.5,40.11,88.88,79.36,15.11,14.91,27.0,50.05,0,0,0,0,0
2026-01-01T00:39:57Z,leak,NORMAL,8420.1,40.24,89.29,79.09,14.92,15.07,26.95,49.97,0,0,0,0,0
2026-01-01T00:39:58Z,leak,NORMAL,8400.1,40.02,88.36,79.44,15.11,15.2,26.99,50.01,0,0,0,0,0
2026-01-01T00:39:59Z,leak,NORMAL,8391.7,39.81,89.07,80.03,14.95,15.03,26.91,49.99,0,0,0,0,0
2026-01-01T00:40:00Z,leak,NORMAL,8419.2,39.93,89.54,79.02,14.98,14.98,27.03,50.02,0,0,0,0,0
2026-01-01T00:40:01Z,leak,NORMAL,8397.8,40.31,89.1,78.96,14.87,15.03,27.11,50.04,0,0,0,0,0
2026-01-01T00:40:02Z,leak,NORMAL,8417.8,40.05,89.12,79.18,14.91,14.98,27.09,50.02,0,0,0,0,0
2026-01-01T00:40:03Z,leak,NORMAL,8418.4,39.81,88.67,78.99,15.18,15.03,26.88,50.1,0,0,0,0,0
2026-01-01T00:40:04Z,leak,NORMAL,8410.3,39.67,89.48,77.21,15.05,15.04,27.06,49.88,0,0,0,0,0
2026-01-01T00:40:05Z,leak,NORMAL,8407.1,40.0,88.98,79.36,15.26,15.09,27.05,49.92,0,0,0,0,0
2026-01-01T00:40:06Z,leak,NORMAL,8403.9,40.34,89.26,78.8,15.09,15.11,27.06,50.0,0,0,0,0,0
2026-01-01T00:40:07Z,leak,NORMAL,8412.0,40.26,89.02,78.71,14.97,14.77,26.96,49.93,0,0,0,0,0
2026-01-01T00:40:08Z,leak,NORMAL,8403.1,40.35,89.18,78.44,15.06,15.13,26.99,50.03,0,0,0,0,0
2026-01-01T00:40:09Z,leak,NORMAL,8404.0,39.86,89.95,79.62,14.96,15.01,26.79,50.02,0,0,0,0,0
2026-01-01T00:40:10Z,leak,NORMAL,8409.9,39.96,89.28,78.94,15.18,14.94,26.89,50.05,0,0,0,0,0
2026-01-01T00:40:11Z,leak,NORMAL,8412.8,40.04,89.54,79.39,15.19,15.16,26.75,49.97,0,0,0,0,0
2026-01-01T00:40:12Z,leak,NORMAL,8426.4,40.2,88.53,78.86,15.0,14.92,26.88,49.96,0,0,0,0,0
2026-01-01T00:40:13Z,leak,NORMAL,8401.8,40.12,88.11,79.44,15.15,14.98,27.05,50.04,0,0,0,0,0
2026-01-01T00:40:14Z,leak,NORMAL,8433.9,40.0,88.64,78.99,14.98,15.01,26.97,49.95,0,0,0,0,0
2026-01-01T00:40:15Z,leak,NORMAL,8397.5,39.54,89.28,78.96,15.08,15.02,27.0,49.98,0,0,0,0,0
2026-01-01T00:40:16Z,leak,NORMAL,8410.3,40.02,88.37,79.46,15.02,14.77,27.0,49.88,0,0,0,0,0
2026-01-01T00:40:17Z,leak,NORMAL,8417.6,40.26,89.01,78.74,15.03,15.08,26.99,50.06,0,0,0,0,0
2026-01-01T00:40:18Z,leak,NORMAL,8406.1,39.99,89.18,78.95,15.04,15.06,27.07,49.99,0,0,0,0,0
2026-01-01T00:40:19Z,leak,NORMAL,8413.5,40.13,89.04,78.93,15.06,15.02,26.97,49.94,0,0,0,0,0
2026-01-01T00:40:20Z,leak,NORMAL,8420.3,39.96,90.13,79.1,15.07,15.0,26.98,50.02,0,0,0,0,0
2026-01-01T00:40:21Z,leak,NORMAL,8427.6,40.03,89.07,79.42,14.98,14.9,26.97,50.02,0,0,0,0,0
2026-01-01T00:40:22Z,leak,NORMAL,8428.1,40.01,88.29,78.63,15.05,15.0,27.1,50.06,0,0,0,0,0
2026-01-01T00:40:23Z,leak,NORMAL,8441.3,40.07,89.36,78.61,15.0,14.86,26.99,49.98,0,0,0,0,0
2026-01-01T00:40:24Z,leak,NORMAL,8393.9,40.02,89.05,78.35,14.83,14.97,26.95,49.92,0,0,0,0,0
2026-01-01T00:40:25Z,leak,NORMAL,8410.4,39.87,88.3,78.81,14.91,15.29,27.2,49.96,0,0,0,0,0
2026-01-01T00:40:26Z,leak,NORMAL,8426.7,39.81,88.71,79.07,15.0,15.03,27.13,49.96,0,0,0,0,0
2026-01-01T00:40:27Z,leak,NORMAL,8430.7,39.96,88.94,78.67,15.03,15.03,27.09,49.89,0,0,0,0,0
2026-01-01T00:40:28Z,leak,NORMAL,8423.4,40.04,89.42,78.73,14.93,14.89,26.91,50.03,0,0,0,0,0
2026-01-01T00:40:29Z,leak,NORMAL,8403.2,40.0,89.52,78.93,15.06,14.99,26.95,50.1,0,0,0,0,0
2026-01-01T00:40:30Z,leak,NORMAL,8430.1,40.01,88.94,79.36,14.98,15.01,26.86,50.11,0,0,0,0,0
2026-01-01T00:40:31Z,leak,NORMAL,8415.3,39.91,88.44,78.65,15.07,14.92,26.99,50.01,0,0,0,0,0
2026-01-01T00:40:32Z,leak,NORMAL,8426.9,40.04,89.71,78.49,15.06,14.85,26.92,49.99,0,0,0,0,0
2026-01-01T00:40:33Z,leak,NORMAL,8400.0,39.98,88.78,78.55,14.86,14.9,27.02,49.99,0,0,0,0,0
2026-01-01T00:40:34Z,leak,NORMAL,8427.4,39.93,88.55,78.93,15.07,15.03,26.94,50.02,0,0,0,0,0
2026-01-01T00:40:35Z,leak,NORMAL,8426.9,40.44,88.93,78.8,14.91,15.23,27.02,50.16,0,0,0,0,0
2026-01-01T00:40:36Z,leak,NORMAL,8432.7,40.02,89.27,79.24,15.03,14.76,26.88,49.99,0,0,0,0,0
2026-01-01T00:40:37Z,leak,NORMAL,8410.5,39.91,89.8,78.79,15.06,14.74,26.95,50.01,0,0,0,0,0
2026-01-01T00:40:38Z,leak,NORMAL,8415.0,39.64,89.25,79.14,14.94,15.01,27.06,50.02,0,0,0,0,0
2026-01-01T00:40:39Z,leak,NORMAL,8430.5,40.01,88.6,78.83,14.98,15.01,26.93,49.92,0,0,0,0,0
2026-01-01T00:40:40Z,leak,NORMAL,8439.9,40.51,89.74,79.65,15.09,14.95,26.93,50.02,0,0,0,0,0
2026-01-01T00:40:41Z,leak,NORMAL,8423.3,39.87,88.7,78.97,14.89,15.0,26.96,49.96,0,0,0,0,0
2026-01-01T00:40:42Z,leak,NORMAL,8436.8,39.61,89.9,78.64,14.94,15.15,27.04,49.99,0,0,0,0,0
2026-01-01T00:40:43Z,leak,NORMAL,8431.6,40.1,87.81,79.63,15.05,14.93,26.97,49.99,0,0,0,0,0
2026-01-01T00:40:44Z,leak,NORMAL,8423.3,39.88,89.78,79.11,14.99,14.86,27.0,50.08,0,0,0,0,0
2026-01-01T00:40:45Z,leak,NORMAL,8424.9,40.01,89.26,79.72,14.9,15.05,26.9,50.02,0,0,0,0,0
2026-01-01T00:40:46Z,leak,NORMAL,8446.9,39.88,89.21,78.83,14.76,15.06,26.72,50.09,0,0,0,0,0
2026-01-01T00:40:47Z,leak,NORMAL,8412.6,39.98,89.07,78.62,14.91,15.12,26.91,50.02,0,0,0,0,0
2026-01-01T00:40:48Z,leak,NORMAL,8452.3,40.42,89.89,78.91,14.67,15.12,27.02,49.96,0,0,0,0,0
2026-01-01T00:40:49Z,leak,NORMAL,8438.3,39.88,88.83,78.71,15.07,14.87,26.83,49.97,0,0,0,0,0
2026-01-01T00:40:50Z,leak,NORMAL,8432.4,40.04,89.48,79.07,14.88,14.99,26.87,50.0,0,0,0,0,0
2026-01-01T00:40:51Z,leak,NORMAL,8439.4,40.12,89.85,78.43,14.97,15.08,26.81,50.04,0,0,0,0,0
2026-01-01T00:40:52Z,leak,NORMAL,8431.5,40.08,89.42,79.26,15.03,14.9,26.95,50.08,0,0,0,0,0
2026-01-01T00:40:53Z,leak,NORMAL,8430.6,40.15,88.99,78.99,15.14,14.97,26.93,50.04,0,0,0,0,0
2026-01-01T00:40:54Z,leak,NORMAL,8444.3,39.69,89.9,79.6,14.93,15.0,26.83,49.98,0,0,0,0,0
2026-01-01T00:40:55Z,leak,NORMAL,8437.3,40.0,89.1,78.82,15.02,15.15,26.97,49.94,0,0,0,0,0
2026-01-01T00:40:56Z,leak,NORMAL,8450.7,39.73,89.18,78.54,14.97,15.18,26.64,49.96,0,0,0,0,0
2026-01-01T00:40:57Z,leak,NORMAL,8423.0,40.23,90.25,79.26,15.13,14.71,26.97,50.03,0,0,0,0,0
2026-01-01T00:40:58Z,leak,NORMAL,8446.6,39.88,89.07,78.82,15.02,14.94,26.98,49.98,0,0,0,0,0
2026-01-01T00:40:59Z,leak,NORMAL,8434.1,40.1,89.28,78.55,15.24,15.01,26.9,50.0,0,0,0,0,0
2026-01-01T00:41:00Z,leak,NORMAL,8439.4,39.6,88.2,80.14,15.01,15.03,26.93,49.98,0,0,0,0,0
2026-01-01T00:41:01Z,leak,NORMAL,8425.0,40.12,88.53,78.4,15.04,15.01,26.9,50.12,0,0,0,0,0
2026-01-01T00:41:02Z,leak,NORMAL,8449.2,40.43,89.08,79.22,15.12,15.1,26.94,49.93,0,0,0,0,0
2026-01-01T00:41:03Z,leak,NORMAL,8430.2,40.06,88.59,79.63,15.11,15.09,26.76,50.07,0,0,0,0,0
2026-01-01T00:41:04Z,leak,NORMAL,8446.8,39.53,89.07,78.56,15.0,14.97,26.89,50.0,0,0,0,0,0
2026-01-01T00:41:05Z,leak,NORMAL,8434.5,39.69,88.75,78.5,14.95,15.08,26.98,50.0,0,0,0,0,0
2026-01-01T00:41:06Z,leak,NORMAL,8449.8,40.21,89.47,79.81,14.99,14.98,27.05,49.97,0,0,0,0,0
2026-01-01T00:41:07Z,leak,NORMAL,8439.2,39.66,89.33,79.2,15.07,15.09,26.94,49.92,0,0,0,0,0
2026-01-01T00:41:08Z,leak,NORMAL,8425.0,40.1,89.47,79.29,14.98,14.95,26.73,49.91,0,0,0,0,0
2026-01-01T00:41:09Z,leak,NORMAL,8461.4,40.35,88.93,78.3,14.75,14.84,26.93,50.06,0,0,0,0,0
2026-01-01T00:41:10Z,leak,NORMAL,8455.1,40.09,89.21,79.53,14.9,15.03,27.07,49.92,0,0,0,0,0
2026-01-01T00:41:11Z,leak,NORMAL,8469.1,40.02,88.69,79.02,14.98,14.91,26.81,50.08,0,0,0,0,0
2026-01-01T00:41:12Z,leak,NORMAL,8450.3,40.0,88.98,78.64,14.95,15.17,27.06,50.08,0,0,0,0,0
2026-01-01T00:41:13Z,leak,NORMAL,8458.7,39.97,89.65,78.81,15.31,15.07,26.79,49.95,0,0,0,0,0
2026-01-01T00:41:14Z,leak,NORMAL,8435.4,39.88,89.39,80.0,15.18,15.02,26.88,49.96,0,0,0,0,0
2026-01-01T00:41:15Z,leak,NORMAL,8440.6,40.12,89.47,80.24,15.08,14.95,26.92,49.9,0,0,0,0,0
2026-01-01T00:41:16Z,leak,NORMAL,8461.1,40.14,89.36,78.32,15.15,14.89,26.91,50.0,0,0,0,0,0
2026-01-01T00:41:17Z,leak,NORMAL,8462.8,39.94,88.54,80.33,15.14,14.96,26.94,49.89,0,0,0,0,0
2026-01-01T00:41:18Z,leak,NORMAL,8468.1,40.32,89.24,78.55,14.85,14.86,26.84,49.98,0,0,0,0,0
2026-01-01T00:41:19Z,leak,NORMAL,8465.5,39.81,89.49,79.36,15.14,14.91,26.77,49.95,0,0,0,0,0
2026-01-01T00:41:20Z,leak,NORMAL,8462.6,39.84,89.52,79.58,14.97,15.03,26.82,50.01,0,0,0,0,0
2026-01-01T00:41:21Z,leak,NORMAL,8464.6,39.76,89.18,79.58,14.98,14.93,26.79,49.9,0,0,0,0,0
2026-01-01T00:41:22Z,leak,NORMAL,8465.7,39.89,89.29,79.25,14.92,15.16,26.97,49.97,0,0,0,0,0
2026-01-01T00:41:23Z,leak,NORMAL,8454.2,40.0,90.09,79.3,15.06,14.88,26.68,50.06,0,0,0,0,0
2026-01-01T00:41:24Z,leak,NORMAL,8459.6,40.14,89.09,80.04,15.04,14.98,26.87,49.99,0,0,0,0,0
2026-01-01T00:41:25Z,leak,NORMAL,8452.7,40.07,89.63,79.09,14.86,14.91,26.86,50.0,0,0,0,0,0
2026-01-01T00:41:26Z,leak,NORMAL,8460.9,40.09,89.98,78.78,15.01,14.82,26.83,50.01,0,0,0,0,0
2026-01-01T00:41:27Z,leak,NORMAL,8461.3,40.08,89.67,78.83,14.98,14.69,26.91,49.95,0,0,0,0,0
2026-01-01T00:41:28Z,leak,NORMAL,8461.2,40.03,89.22,79.78,15.07,15.01,26.95,49.95,0,0,0,0,0
2026-01-01T00:41:29Z,leak,NORMAL,8455.8,40.28,89.59,78.8,15.17,14.99,26.74,50.01,0,0,0,0,0
2026-01-01T00:41:30Z,leak,NORMAL,8470.9,40.23,89.45,79.71,15.06,15.01,26.72,50.03,0,0,0,0,0
2026-01-01T00:41:31Z,leak,NORMAL,8475.8,39.8,89.34,79.88,15.01,15.03,26.81,49.98,0,0,0,0,0
2026-01-01T00:41:32Z,leak,NORMAL,8471.6,39.8,88.21,79.15,15.05,14.96,26.81,50.0,0,0,0,0,0
2026-01-01T00:41:33Z,leak,NORMAL,8481.3,40.06,89.61,79.47,14.94,14.92,26.92,50.05,0,0,0,0,0
2026-01-01T00:41:34Z,leak,NORMAL,8489.5,40.16,89.74,79.85,14.96,14.74,26.8,50.03,0,0,0,0,0
2026-01-01T00:41:35Z,leak,NORMAL,8482.0,40.21,89.75,80.02,14.97,14.81,26.8,49.97,0,0,0,0,0
2026-01-01T00:41:36Z,leak,NORMAL,8473.0,39.96,89.54,80.54,14.9,14.99,26.86,49.97,0,0,0,0,0
2026-01-01T00:41:37Z,leak,NORMAL,8469.1,39.67,89.71,79.05,14.99,15.02,26.69,49.99,0,0,0,0,0
2026-01-01T00:41:38Z,leak,NORMAL,8477.7,39.78,88.93,79.06,15.09,14.98,26.94,49.96,0,0,0,0,0
2026-01-01T00:41:39Z,leak,NORMAL,8477.0,40.03,89.93,80.13,14.95,15.1,26.87,49.94,0,0,0,0,0
2026-01-01T00:41:40Z,leak,NORMAL,8486.7,39.84,89.47,79.79,14.96,15.02,26.87,49.99,0,0,0,0,0
2026-01-01T00:41:41Z,leak,NORMAL,8485.0,39.79,89.88,79.72,15.03,15.1,26.93,49.95,0,0,0,0,0
2026-01-01T00:41:42Z,leak,NORMAL,8480.9,40.07,90.24,80.55,15.03,15.04,26.88,49.91,0,0,0,0,0
2026-01-01T00:41:43Z,leak,NORMAL,8488.0,39.75,89.03,79.53,15.05,14.99,26.96,50.07,0,0,0,0,0
2026-01-01T00:41:44Z,leak,NORMAL,8493.3,40.35,89.43,79.79,15.05,14.91,26.84,50.0,0,0,0,0,0
2026-01-01T00:41:45Z,leak,NORMAL,8485.0,40.08,89.14,79.8,15.05,15.19,26.87,50.01,0,0,0,0,0
2026-01-01T00:41:46Z,leak,NORMAL,8488.3,40.19,90.37,79.36,14.96,14.99,26.94,49.99,0,0,0,0,0
2026-01-01T00:41:47Z,leak,NORMAL,8481.5,39.86,89.83,79.37,14.81,14.94,26.66,50.03,0,0,0,0,0
2026-01-01T00:41:48Z,leak,NORMAL,8487.2,39.55,89.83,79.34,15.1,14.95,26.89,49.9,0,0,0,0,0
2026-01-01T00:41:49Z,leak,NORMAL,8477.4,39.56,89.68,79.86,15.08,15.17,26.95,50.1,0,0,0,0,0
2026-01-01T00:41:50Z,leak,NORMAL,8482.8,40.1,90.47,80.14,15.04,15.07,26.59,50.05,0,0,0,0,0
2026-01-01T00:41:51Z,leak,NORMAL,8489.7,39.99,89.9,80.19,14.99,14.83,26.83,50.02,0,0,0,0,0
2026-01-01T00:41:52Z,leak,NORMAL,8500.0,39.81,88.68,78.61,14.93,15.14,26.87,50.07,0,0,0,0,0
2026-01-01T00:41:53Z,leak,NORMAL,8501.6,40.22,90.39,79.55,14.96,14.99,26.89,49.98,0,0,0,0,0
2026-01-01T00:41:54Z,leak,NORMAL,8484.8,40.12,91.12,79.99,14.9,14.96,26.92,50.04,0,0,0,0,0
2026-01-01T00:41:55Z,leak,NORMAL,8484.0,40.1,89.68,79.86,15.08,14.9,26.75,50.13,0,0,0,0,0
2026-01-01T00:41:56Z,leak,NORMAL,8487.1,39.92,89.84,78.94,15.16,15.02,26.71,50.0,0,0,0,0,0
2026-01-01T00:41:57Z,leak,NORMAL,8494.5,40.01,89.83,78.02,15.0,14.81,26.87,50.0,0,0,0,0,0
2026-01-01T00:41:58Z,leak,NORMAL,8511.6,40.02,90.87,80.39,15.08,14.89,26.92,50.07,0,0,0,0,0
2026-01-01T00:41:59Z,leak,NORMAL,8511.0,39.8,90.84,79.28,15.0,15.03,26.82,50.07,0,0,0,0,0
2026-01-01T00:42:00Z,leak,NORMAL,8504.7,40.03,90.25,79.37,15.02,15.06,26.89,50.0,0,0,0,0,0
2026-01-01T00:42:01Z,leak,NORMAL,8497.0,40.05,90.29,78.64,15.03,14.91,26.88,50.0,0,0,0,0,0
2026-01-01T00:42:02Z,leak,NORMAL,8505.1,39.91,89.67,80.04,14.96,14.79,26.84,50.05,0,0,0,0,0
2026-01-01T00:42:03Z,leak,NORMAL,8488.0,39.99,89.2,79.39,15.02,15.06,26.83,49.97,0,0,0,0,0
2026-01-01T00:42:04Z,leak,NORMAL,8512.0,40.33,89.69,79.87,14.99,15.01,26.73,49.99,0,0,0,0,0
2026-01-01T00:42:05Z,leak,NORMAL,8502.5,39.75,89.78,79.49,15.09,14.85,26.82,49.98,0,0,0,0,0
2026-01-01T00:42:06Z,leak,NORMAL,8506.2,39.95,90.1,78.88,14.83,15.14,26.71,49.96,0,0,0,0,0
2026-01-01T00:42:07Z,leak,NORMAL,8509.5,39.97,89.98,80.3,15.04,15.11,26.78,50.04,0,0,0,0,0
2026-01-01T00:42:08Z,leak,NORMAL,8517.4,40.37,89.46,80.17,15.1,14.89,26.61,49.96,0,0,0,0,0
2026-01-01T00:42:09Z,leak,NORMAL,8490.8,40.49,90.19,79.88,14.97,15.02,26.82,50.06,0,0,0,0,0
2026-01-01T00:42:10Z,leak,NORMAL,8508.8,40.2,90.91,79.4,14.99,15.09,26.74,49.95,0,0,0,0,0
2026-01-01T00:42:11Z,leak,NORMAL,8515.3,39.92,90.87,80.4,14.94,14.8,26.7,50.02,0,0,0,0,0
2026-01-01T00:42:12Z,leak,NORMAL,8509.9,39.95,89.74,79.63,14.99,14.88,26.77,50.1,0,0,0,0,0
2026-01-01T00:42:13Z,leak,NORMAL,8509.8,40.13,89.97,79.6,14.93,14.82,26.74,50.03,0,0,0,0,0
2026-01-01T00:42:14Z,leak,NORMAL,8509.6,40.32,90.45,80.29,15.06,15.05,26.86,49.95,0,0,0,0,0
2026-01-01T00:42:15Z,leak,NORMAL,8491.8,40.16,89.77,79.86,14.74,15.06,26.67,50.06,0,0,0,0,0
2026-01-01T00:42:16Z,leak,NORMAL,8517.3,39.91,90.57,80.15,14.98,14.93,26.81,49.96,0,0,0,0,0
2026-01-01T00:42:17Z,leak,NORMAL,8530.7,39.85,89.37,79.37,15.08,14.98,26.67,49.98,0,0,0,0,0
2026-01-01T00:42:18Z,leak,NORMAL,8502.7,40.12,90.23,79.53,15.02,15.07,26.85,50.06,0,0,0,0,0
2026-01-01T00:42:19Z,leak,NORMAL,8507.9,39.93,89.65,80.37,15.09,15.03,26.75,49.93,0,0,0,0,0
2026-01-01T00:42:20Z,leak,NORMAL,8525.3,39.96,90.43,79.54,14.82,15.0,26.76,49.94,0,0,0,0,0
2026-01-01T00:42:21Z,leak,NORMAL,8524.5,39.78,90.54,79.78,14.84,15.07,26.89,50.07,0,0,0,0,0
2026-01-01T00:42:22Z,leak,NORMAL,8531.4,40.03,89.91,80.02,14.95,14.97,26.75,50.03,0,0,0,0,0
2026-01-01T00:42:23Z,leak,NORMAL,8524.4,39.6,90.11,79.67,14.95,14.97,26.8,50.03,0,0,0,0,0
2026-01-01T00:42:24Z,leak,NORMAL,8511.6,40.27,89.68,79.78,15.07,14.78,26.62,50.05,0,0,0,0,0
2026-01-01T00:42:25Z,leak,NORMAL,8533.3,39.98,89.84,79.79,15.01,14.79,26.74,49.98,0,0,0,0,0
2026-01-01T00:42:26Z,leak,NORMAL,8540.2,39.88,90.17,80.3,14.97,15.13,26.61,49.95,0,0,0,0,0
2026-01-01T00:42:27Z,leak,NORMAL,8512.9,39.82,89.42,80.49,14.95,15.02,26.69,50.02,0,0,0,0,0
2026-01-01T00:42:28Z,leak,NORMAL,8529.8,39.84,90.86,78.83,14.96,15.05,26.93,50.04,0,0,0,0,0
2026-01-01T00:42:29Z,leak,NORMAL,8525.1,39.97,90.21,80.13,15.0,14.96,26.77,50.05,0,0,0,0,0
2026-01-01T00:42:30Z,leak,NORMAL,8531.5,40.26,90.48,80.26,14.96,15.01,26.66,49.97,0,0,0,0,0
2026-01-01T00:42:31Z,leak,NORMAL,8531.3,40.0,91.34,79.7,15.07,15.09,26.84,50.01,0,0,0,0,0
2026-01-01T00:42:32Z,leak,NORMAL,8510.8,40.27,90.21,79.02,15.26,15.09,26.81,49.96,0,0,0,0,0
2026-01-01T00:42:33Z,leak,NORMAL,8532.5,40.24,90.29,79.95,14.94,14.97,26.77,50.04,0,0,0,0,0
2026-01-01T00:42:34Z,leak,NORMAL,8546.9,40.2,89.7,79.15,14.97,14.94,26.78,49.98,0,0,0,0,0
2026-01-01T00:42:35Z,leak,NORMAL,8530.7,40.02,90.89,79.72,14.99,15.04,26.68,50.01,0,0,0,0,0
2026-01-01T00:42:36Z,leak,NORMAL,8534.4,40.09,89.63,80.87,14.95,15.22,26.75,50.03,0,0,0,0,0
2026-01-01T00:42:37Z,leak,NORMAL,8513.1,40.08,89.7,79.93,14.8,15.11,26.92,50.02,0,0,0,0,0
2026-01-01T00:42:38Z,leak,NORMAL,8536.8,40.15,90.09,80.7,15.08,15.02,26.69,50.01,0,0,0,0,0
2026-01-01T00:42:39Z,leak,NORMAL,8531.5,40.16,89.75,79.99,15.19,15.0,26.58,50.0,0,0,0,0,0
2026-01-01T00:42:40Z,leak,NORMAL,8539.9,40.16,90.72,80.99,14.98,15.07,26.65,50.08,0,0,0,0,0
2026-01-01T00:42:41Z,leak,NORMAL,8548.0,40.11,90.4,80.51,15.03,14.83,26.61,50.0,0,0,0,0,0
2026-01-01T00:42:42Z,leak,NORMAL,8538.1,40.26,90.62,80.06,15.12,14.88,26.66,50.03,0,0,0,0,0
2026-01-01T00:42:43Z,leak,NORMAL,8542.4,39.91,90.19,80.02,14.98,14.94,26.54,49.99,0,0,0,0,0
2026-01-01T00:42:44Z,leak,NORMAL,8538.9,40.29,90.38,80.08,14.94,15.1,26.59,50.09,0,0,0,0,0
2026-01-01T00:42:45Z,leak,NORMAL,8517.5,40.05,90.58,80.54,14.98,15.09,26.68,50.0,0,0,0,0,0
2026-01-01T00:42:46Z,leak,NORMAL,8546.1,39.75,90.47,80.71,14.99,15.11,26.63,50.09,0,0,0,0,0
2026-01-01T00:42:47Z,leak,NORMAL,8532.3,39.75,90.22,80.65,15.12,14.97,26.67,50.05,0,0,0,0,0
2026-01-01T00:42:48Z,leak,NORMAL,8536.3,40.12,89.85,79.98,14.89,14.84,26.74,49.97,0,0,0,0,0
2026-01-01T00:42:49Z,leak,NORMAL,8535.2,40.12,90.17,79.69,15.01,15.13,26.78,49.88,0,0,0,0,0
2026-01-01T00:42:50Z,leak,NORMAL,8559.1,40.12,90.55,80.0,14.92,15.09,26.66,49.99,0,0,0,0,0
2026-01-01T00:42:51Z,leak,NORMAL,8556.9,40.08,90.68,80.02,15.01,14.99,26.59,50.0,0,0,0,0,0
2026-01-01T00:42:52Z,leak,NORMAL,8542.8,39.73,90.67,79.74,14.98,15.07,26.5,50.05,0,0,0,0,0
2026-01-01T00:42:53Z,leak,NORMAL,8569.4,40.09,90.48,80.55,14.99,15.1,26.6,50.0,0,0,0,0,0
2026-01-01T00:42:54Z,leak,NORMAL,8537.8,40.17,90.38,80.09,14.87,15.09,26.71,49.98,0,0,0,0,0
2026-01-01T00:42:55Z,leak,NORMAL,8555.9,39.95,90.65,80.66,15.14,14.83,26.56,49.93,0,0,0,0,0
2026-01-01T00:42:56Z,leak,NORMAL,8538.0,39.77,89.77,80.42,14.94,15.03,26.67,49.93,0,0,0,0,0
2026-01-01T00:42:57Z,leak,NORMAL,8552.9,39.94,90.13,80.28,14.93,15.04,26.72,49.93,0,0,0,0,0
2026-01-01T00:42:58Z,leak,NORMAL,8545.7,39.62,89.9,80.21,14.87,15.1,26.53,50.15,0,0,0,0,0
2026-01-01T00:42:59Z,leak,NORMAL,8552.6,40.04,90.28,79.86,15.12,15.14,26.64,49.98,0,0,0,0,0
2026-01-01T00:43:00Z,leak,NORMAL,8546.7,39.79,90.57,79.4,14.9,14.97,26.64,49.99,0,0,0,0,0
2026-01-01T00:43:01Z,leak,NORMAL,8550.2,40.08,90.68,80.33,15.01,14.87,26.85,49.97,0,0,0,0,0
2026-01-01T00:43:02Z,leak,NORMAL,8562.5,40.01,90.75,79.65,15.01,14.88,26.53,49.95,0,0,0,0,0
2026-01-01T00:43:03Z,leak,NORMAL,8545.5,39.9,90.66,80.49,15.09,15.13,26.8,49.98,0,0,0,0,0
2026-01-01T00:43:04Z,leak,NORMAL,8558.7,39.86,91.22,80.72,15.11,14.94,26.67,49.96,0,0,0,0,0
2026-01-01T00:43:05Z,leak,NORMAL,8557.7,40.2,90.51,80.41,14.97,14.87,26.57,49.93,0,0,0,0,0
2026-01-01T00:43:06Z,leak,NORMAL,8563.5,39.99,90.71,79.06,14.9,15.29,26.61,49.99,0,0,0,0,0
2026-01-01T00:43:07Z,leak,NORMAL,8556.6,40.34,90.16,79.98,15.1,15.02,26.68,50.06,0,0,0,0,0
2026-01-01T00:43:08Z,leak,NORMAL,8565.4,39.81,90.95,80.33,14.95,14.96,26.69,50.0,0,0,0,0,0
2026-01-01T00:43:09Z,leak,NORMAL,8575.7,39.83,90.42,81.2,15.06,14.86,26.64,49.92,0,0,0,0,0
2026-01-01T00:43:10Z,leak,NORMAL,8564.1,39.93,90.54,80.1,14.8,15.04,26.75,50.0,0,0,0,0,0
2026-01-01T00:43:11Z,leak,NORMAL,8570.8,39.95,90.63,80.59,15.09,14.92,26.72,49.94,0,0,0,0,0
2026-01-01T00:43:12Z,leak,NORMAL,8568.0,39.96,90.38,80.05,15.03,14.78,26.48,49.91,0,0,0,0,0
2026-01-01T00:43:13Z,leak,NORMAL,8562.2,39.93,91.79,80.38,15.01,14.95,26.72,50.02,0,0,0,0,0
2026-01-01T00:43:14Z,leak,NORMAL,8573.3,40.23,91.61,80.65,15.03,15.11,26.48,49.99,0,0,0,0,0
2026-01-01T00:43:15Z,leak,NORMAL,8586.6,39.7,90.89,80.51,15.04,15.05,26.71,49.98,0,0,0,0,0
2026-01-01T00:43:16Z,leak,NORMAL,8557.0,39.72,91.11,79.57,14.89,15.21,26.58,49.99,0,0,0,0,0
2026-01-01T00:43:17Z,leak,NORMAL,8574.8,40.19,90.24,80.19,14.87,14.94,26.5,50.01,0,0,0,0,0
2026-01-01T00:43:18Z,leak,NORMAL,8579.5,40.11,90.06,80.73,15.1,15.09,26.73,49.94,0,0,0,0,0
2026-01-01T00:43:19Z,leak,NORMAL,8574.5,40.2,90.59,80.48,15.05,15.01,26.71,50.01,0,0,0,0,0
2026-01-01T00:43:20Z,leak,NORMAL,8556.2,40.08,91.21,78.92,14.87,15.07,26.63,49.97,0,0,0,0,0
2026-01-01T00:43:21Z,leak,NORMAL,8574.1,40.35,90.14,80.94,14.94,14.93,26.38,49.99,0,0,0,0,0
2026-01-01T00:43:22Z,leak,NORMAL,8570.2,40.0,91.04,81.19,14.96,15.14,26.52,49.96,0,0,0,0,0
2026-01-01T00:43:23Z,leak,NORMAL,8566.6,39.84,90.61,80.52,15.19,15.12,26.66,49.99,0,0,0,0,0
2026-01-01T00:43:24Z,leak,NORMAL,8572.7,40.13,91.25,80.12,14.85,15.1,26.53,49.96,0,0,0,0,0
2026-01-01T00:43:25Z,leak,NORMAL,8561.2,40.24,91.82,80.49,14.97,15.09,26.66,50.06,0,0,0,0,0
2026-01-01T00:43:26Z,leak,NORMAL,8572.9,39.95,90.24,81.1,14.89,15.05,26.65,50.03,0,0,0,0,0
2026-01-01T00:43:27Z,leak,NORMAL,8565.7,40.07,91.43,80.23,15.2,14.96,26.58,49.96,0,0,0,0,0
2026-01-01T00:43:28Z,leak,NORMAL,8583.8,39.83,91.01,80.88,14.98,14.89,26.42,50.0,0,0,0,0,0
2026-01-01T00:43:29Z,leak,NORMAL,8573.3,40.31,89.15,81.51,15.07,14.98,26.63,50.01,0,0,0,0,0
2026-01-01T00:43:30Z,leak,NORMAL,8559.7,40.08,91.25,80.43,14.95,14.97,26.42,49.97,0,0,0,0,0
2026-01-01T00:43:31Z,leak,NORMAL,8555.3,40.04,91.58,79.83,15.02,15.02,26.52,50.07,0,0,0,0,0
2026-01-01T00:43:32Z,leak,NORMAL,8573.3,40.08,90.17,80.91,15.1,15.01,26.62,50.02,0,0,0,0,0
2026-01-01T00:43:33Z,leak,NORMAL,8590.5,39.89,91.23,81.5,14.79,15.2,26.72,49.93,0,0,0,0,0
2026-01-01T00:43:34Z,leak,NORMAL,8575.9,39.9,91.36,80.21,15.12,14.96,26.55,50.08,0,0,0,0,0
2026-01-01T00:43:35Z,leak,NORMAL,8577.7,39.6,90.29,80.92,14.97,14.89,26.59,50.1,0,0,0,0,0
2026-01-01T00:43:36Z,leak,NORMAL,8572.5,40.07,90.8,81.19,15.23,15.07,26.58,49.9,0,0,0,0,0
2026-01-01T00:43:37Z,leak,NORMAL,8582.6,39.92,90.98,81.17,15.06,15.16,26.76,50.08,0,0,0,0,0
2026-01-01T00:43:38Z,leak,NORMAL,8579.4,40.03,91.13,80.34,15.26,15.09,26.42,49.89,0,0,0,0,0
2026-01-01T00:43:39Z,leak,NORMAL,8590.3,40.22,90.8,80.42,15.04,14.84,26.39,49.92,0,0,0,0,0
2026-01-01T00:43:40Z,leak,NORMAL,8593.7,39.76,90.49,80.47,15.05,15.05,26.53,49.95,0,0,0,0,0
2026-01-01T00:43:41Z,leak,NORMAL,8591.3,40.23,90.56,80.55,14.9,14.93,26.37,49.93,0,0,0,0,0
2026-01-01T00:43:42Z,leak,NORMAL,8579.2,40.08,91.09,79.47,15.14,15.16,26.35,50.12,0,0,0,0,0
2026-01-01T00:43:43Z,leak,NORMAL,8582.2,39.95,91.02,81.05,15.01,15.13,26.37,50.01,0,0,0,0,0
2026-01-01T00:43:44Z,leak,NORMAL,8570.8,39.77,90.56,80.37,15.08,14.94,26.58,49.97,0,0,0,0,0
2026-01-01T00:43:45Z,leak,NORMAL,8602.4,39.95,92.07,79.99,15.29,15.06,26.38,50.05,0,0,0,0,0
2026-01-01T00:43:46Z,leak,NORMAL,8588.8,39.94,90.65,80.34,15.1,14.96,26.42,50.01,0,0,0,0,0
2026-01-01T00:43:47Z,leak,NORMAL,8573.4,39.96,91.14,80.63,15.02,14.78,26.35,49.93,0,0,0,0,0
2026-01-01T00:43:48Z,leak,NORMAL,8587.4,39.98,90.88,81.86,14.95,15.0,26.49,50.03,0,0,0,0,0
2026-01-01T00:43:49Z,leak,NORMAL,8593.1,40.06,90.64,80.31,14.99,15.01,26.33,50.0,0,0,0,0,0
2026-01-01T00:43:50Z,leak,NORMAL,8585.2,39.94,91.34,80.66,15.01,15.04,26.31,49.97,0,0,0,0,0
2026-01-01T00:43:51Z,leak,NORMAL,8593.7,39.98,90.53,81.3,15.07,14.88,26.5,50.01,0,0,0,0,0
2026-01-01T00:43:52Z,leak,NORMAL,8581.8,40.01,91.29,80.81,15.03,15.08,26.51,50.0,0,0,0,0,0
2026-01-01T00:43:53Z,leak,NORMAL,8577.1,40.08,91.29,80.71,14.9,15.05,26.53,49.99,0,0,0,0,0
2026-01-01T00:43:54Z,leak,NORMAL,8594.4,40.1,92.03,80.62,15.11,14.9,26.34,50.01,0,0,0,0,0
2026-01-01T00:43:55Z,leak,NORMAL,8592.3,39.73,91.06,80.04,15.15,14.98,26.58,49.89,0,0,0,0,0
2026-01-01T00:43:56Z,leak,NORMAL,8603.4,40.16,91.2,80.66,14.91,14.98,26.4,50.05,0,0,0,0,0
2026-01-01T00:43:57Z,leak,NORMAL,8593.5,39.99,91.16,80.15,15.0,15.0,26.32,50.07,0,0,0,0,0
2026-01-01T00:43:58Z,leak,NORMAL,8588.8,39.64,90.51,81.6,14.99,15.16,26.3,49.95,0,0,0,0,0
2026-01-01T00:43:59Z,leak,NORMAL,8591.7,40.3,91.06,80.68,14.89,15.01,26.42,50.0,0,0,0,0,0
2026-01-01T00:44:00Z,leak,NORMAL,8592.4,40.38,91.36,80.79,15.04,14.97,26.39,50.01,0,0,0,0,0
2026-01-01T00:44:01Z,leak,NORMAL,8593.3,39.73,91.08,80.16,15.08,15.16,26.46,50.01,0,0,0,0,0
2026-01-01T00:44:02Z,leak,NORMAL,8580.0,40.23,91.03,79.96,15.12,15.03,26.5,49.97,0,0,0,0,0
2026-01-01T00:44:03Z,leak,NORMAL,8573.4,40.29,90.41,80.23,15.11,15.01,26.33,49.99,0,0,0,0,0
2026-01-01T00:44:04Z,leak,NORMAL,8587.4,40.25,90.25,81.92,14.89,15.1,26.36,49.97,0,0,0,0,0
2026-01-01T00:44:05Z,leak,NORMAL,8595.9,40.14,90.9,80.53,15.06,15.02,26.46,50.0,0,0,0,0,0
2026-01-01T00:44:06Z,leak,NORMAL,8601.0,39.81,90.79,80.79,15.01,14.89,26.52,50.02,0,0,0,0,0
2026-01-01T00:44:07Z,leak,NORMAL,8585.3,39.86,91.62,80.68,15.15,15.04,26.48,50.05,0,0,0,0,0
2026-01-01T00:44:08Z,leak,NORMAL,8610.7,40.21,91.27,80.18,15.2,14.97,26.42,50.02,0,0,0,0,0
2026-01-01T00:44:09Z,leak,NORMAL,8598.5,39.91,90.79,80.97,14.96,15.07,26.34,50.01,0,0,0,0,0
2026-01-01T00:44:10Z,leak,NORMAL,8600.6,40.17,91.07,81.06,14.92,14.94,26.32,50.05,0,0,0,0,0
2026-01-01T00:44:11Z,leak,NORMAL,8583.6,39.46,91.24,81.18,14.91,14.93,26.46,50.0,0,0,0,0,0
2026-01-01T00:44:12Z,leak,NORMAL,8593.6,40.31,90.75,81.61,15.03,14.99,26.13,49.98,0,0,0,0,0
2026-01-01T00:44:13Z,leak,NORMAL,8599.3,39.56,91.15,80.72,15.0,14.92,26.33,49.91,0,0,0,0,0
2026-01-01T00:44:14Z,leak,NORMAL,8581.9,39.86,90.52,80.61,15.05,14.83,26.38,50.0,0,0,0,0,0
2026-01-01T00:44:15Z,leak,NORMAL,8590.3,40.08,90.8,80.23,15.08,14.96,26.38,50.0,0,0,0,0,0
2026-01-01T00:44:16Z,leak,NORMAL,8584.6,40.22,90.91,81.11,14.87,15.01,26.25,50.01,0,0,0,0,0
2026-01-01T00:44:17Z,leak,NORMAL,8589.3,40.13,90.55,81.66,14.98,15.02,26.23,50.03,0,0,0,0,0
2026-01-01T00:44:18Z,leak,NORMAL,8600.3,40.0,90.88,79.83,15.12,15.07,26.31,50.01,0,0,0,0,0
2026-01-01T00:44:19Z,leak,NORMAL,8592.6,39.97,91.43,80.36,14.75,14.84,26.46,50.03,0,0,0,0,0
2026-01-01T00:44:20Z,leak,NORMAL,8594.1,39.91,91.46,81.39,14.92,15.13,26.31,49.94,0,0,0,0,0
2026-01-01T00:44:21Z,leak,NORMAL,8590.1,40.16,90.71,80.68,15.11,15.09,26.33,50.05,0,0,0,0,0
2026-01-01T00:44:22Z,leak,NORMAL,8613.2,40.1,90.77,81.0,15.09,14.98,26.34,49.95,0,0,0,0,0
2026-01-01T00:44:23Z,leak,NORMAL,8595.8,40.17,91.55,79.59,14.95,14.97,26.22,50.08,0,0,0,0,0
2026-01-01T00:44:24Z,leak,NORMAL,8606.3,39.96,90.92,81.34,14.95,15.0,26.41,50.01,0,0,0,0,0
2026-01-01T00:44:25Z,leak,NORMAL,8595.9,39.74,90.75,81.28,15.05,15.2,26.37,49.93,0,0,0,0,0
2026-01-01T00:44:26Z,leak,NORMAL,8590.5,40.12,91.48,80.41,14.98,14.95,26.15,50.0,0,0,0,0,0
2026-01-01T00:44:27Z,leak,NORMAL,8594.7,40.19,92.34,81.01,14.85,15.1,26.31,49.96,0,0,0,0,0
2026-01-01T00:44:28Z,leak,NORMAL,8589.3,40.1,90.74,81.87,15.06,15.09,26.28,50.0,0,0,0,0,0
2026-01-01T00:44:29Z,leak,NORMAL,8604.9,40.34,91.58,81.15,15.1,15.02,26.26,50.0,0,0,0,0,0
2026-01-01T00:44:30Z,leak,NORMAL,8585.1,40.11,90.89,80.76,14.96,15.0,26.17,50.02,0,0,0,0,0
2026-01-01T00:44:31Z,leak,NORMAL,8595.9,40.03,91.3,81.21,15.07,15.03,26.2,50.05,0,0,0,0,0
2026-01-01T00:44:32Z,leak,NORMAL,8597.8,40.31,91.83,80.78,14.97,15.03,26.3,49.93,0,0,0,0,0
2026-01-01T00:44:33Z,leak,NORMAL,8610.5,39.98,91.79,81.21,15.17,15.16,26.36,50.03,0,0,0,0,0
2026-01-01T00:44:34Z,leak,NORMAL,8586.5,39.96,90.0,81.72,15.18,14.92,26.17,50.02,0,0,0,0,0
2026-01-01T00:44:35Z,leak,NORMAL,8589.4,40.36,90.73,80.84,14.94,15.12,26.21,50.07,0,0,0,0,0
2026-01-01T00:44:36Z,leak,NORMAL,8587.3,40.06,91.8,80.98,15.06,15.02,26.23,50.08,0,0,0,0,0
2026-01-01T00:44:37Z,leak,NORMAL,8588.3,40.03,90.97,80.33,15.0,15.01,26.13,49.95,0,0,0,0,0
2026-01-01T00:44:38Z,leak,NORMAL,8606.5,40.23,90.7,81.11,15.07,15.17,26.16,49.94,0,0,0,0,0
2026-01-01T00:44:39Z,leak,NORMAL,8582.1,40.05,91.48,81.44,15.05,14.94,26.4,50.03,0,0,0,0,0
2026-01-01T00:44:40Z,leak,NORMAL,8607.3,39.92,91.12,80.05,15.2,14.92,26.07,50.02,0,0,0,0,0
2026-01-01T00:44:41Z,leak,NORMAL,8594.2,39.93,91.33,81.46,15.02,15.23,26.28,50.07,0,0,0,0,0
2026-01-01T00:44:42Z,leak,NORMAL,8609.3,39.79,91.4,81.08,15.05,15.12,26.19,50.15,0,0,0,0,0
2026-01-01T00:44:43Z,leak,NORMAL,8612.2,40.11,91.17,81.86,14.92,14.99,26.2,50.04,0,0,0,0,0
2026-01-01T00:44:44Z,leak,NORMAL,8592.1,39.77,90.01,80.81,15.15,15.01,26.14,50.04,0,0,0,0,0
2026-01-01T00:44:45Z,leak,NORMAL,8616.0,40.19,90.95,80.74,14.83,15.14,26.07,50.02,0,0,0,0,0
2026-01-01T00:44:46Z,leak,NORMAL,8594.2,39.74,91.43,82.19,15.01,15.01,26.26,49.92,0,0,0,0,0
2026-01-01T00:44:47Z,leak,NORMAL,8606.2,39.99,91.53,81.7,14.87,15.06,26.2,49.89,0,0,0,0,0
2026-01-01T00:44:48Z,leak,NORMAL,8588.0,40.01,91.28,82.15,14.86,15.08,26.15,49.99,0,0,0,0,0
2026-01-01T00:44:49Z,leak,NORMAL,8580.6,40.27,91.03,80.87,15.0,14.99,26.12,49.99,0,0,0,0,0
2026-01-01T00:44:50Z,leak,NORMAL,8597.1,40.04,90.82,80.79,14.91,15.0,26.12,49.98,0,0,0,0,0
2026-01-01T00:44:51Z,leak,NORMAL,8605.3,39.74,91.16,80.59,15.2,15.07,26.12,50.07,0,0,0,0,0
2026-01-01T00:44:52Z,leak,NORMAL,8606.4,39.83,91.08,80.4,14.91,15.05,25.98,50.08,0,0,0,0,0
2026-01-01T00:44:53Z,leak,NORMAL,8604.4,39.82,91.56,81.81,15.0,15.1,26.18,49.93,0,0,0,0,0
2026-01-01T00:44:54Z,leak,NORMAL,8586.4,40.3,91.23,80.53,15.07,14.98,26.09,50.01,0,0,0,0,0
2026-01-01T00:44:55Z,leak,NORMAL,8591.3,39.93,90.45,80.6,15.03,15.12,26.15,50.07,0,0,0,0,0
2026-01-01T00:44:56Z,leak,NORMAL,8600.1,39.7,91.04,80.05,14.95,14.81,26.08,49.99,0,0,0,0,0
2026-01-01T00:44:57Z,leak,NORMAL,8585.3,39.82,90.45,81.3,14.94,14.94,26.03,50.09,0,0,0,0,0
2026-01-01T00:44:58Z,leak,NORMAL,8583.1,39.79,91.29,81.91,15.02,14.89,26.11,50.03,0,0,0,0,0
2026-01-01T00:44:59Z,leak,NORMAL,8599.9,40.26,91.22,80.87,15.13,15.09,25.9,49.94,0,0,0,0,0
2026-01-01T00:45:00Z,leak,NORMAL,8583.2,39.94,90.46,80.08,14.96,15.07,26.16,49.99,0,0,0,0,0
2026-01-01T00:45:01Z,leak,NORMAL,8612.7,40.03,91.27,81.51,14.98,14.7,26.13,49.98,0,0,0,0,0
2026-01-01T00:45:02Z,leak,NORMAL,8601.7,40.25,89.95,80.8,15.08,14.97,26.19,49.9,0,0,0,0,0
2026-01-01T00:45:03Z,leak,NORMAL,8602.1,40.17,90.46,81.16,14.81,15.01,26.09,49.94,0,0,0,0,0
2026-01-01T00:45:04Z,leak,NORMAL,8601.0,39.94,90.35,81.24,14.98,14.97,25.92,49.89,0,0,0,0,0
2026-01-01T00:45:05Z,leak,NORMAL,8593.8,40.19,91.77,81.25,15.07,14.99,26.04,49.94,0,0,0,0,0
2026-01-01T00:45:06Z,leak,NORMAL,8590.2,40.12,91.02,80.36,14.8,14.95,26.06,50.01,0,0,0,0,0
2026-01-01T00:45:07Z,leak,NORMAL,8590.6,39.78,90.76,80.37,14.84,14.93,26.11,50.07,0,0,0,0,0
2026-01-01T00:45:08Z,leak,NORMAL,8595.5,40.02,90.22,80.25,15.06,15.08,26.19,50.07,0,0,0,0,0
2026-01-01T00:45:09Z,leak,NORMAL,8614.4,40.15,90.6,81.26,15.03,15.03,25.95,50.1,0,0,0,0,0
2026-01-01T00:45:10Z,leak,NORMAL,8593.2,39.7,90.69,81.24,14.77,15.0,26.12,49.99,0,0,0,0,0
2026-01-01T00:45:11Z,leak,NORMAL,8594.7,39.81,90.79,81.03,15.07,14.98,26.02,50.0,0,0,0,0,0
2026-01-01T00:45:12Z,leak,NORMAL,8605.8,40.08,90.56,81.77,14.89,15.06,26.13,50.06,0,0,0,0,0
2026-01-01T00:45:13Z,leak,NORMAL,8587.5,40.16,90.75,81.37,15.12,15.17,26.07,49.97,0,0,0,0,0
2026-01-01T00:45:14Z,leak,NORMAL,8595.3,39.74,90.6,81.09,15.12,15.15,26.05,50.06,0,0,0,0,0
2026-01-01T00:45:15Z,leak,NORMAL,8623.4,39.63,91.87,81.11,15.1,14.84,26.12,49.94,0,0,0,0,0
2026-01-01T00:45:16Z,leak,NORMAL,8568.8,40.15,90.88,81.1,14.87,14.87,25.98,50.11,0,0,0,0,0
2026-01-01T00:45:17Z,leak,NORMAL,8582.3,39.98,91.42,81.81,14.98,15.03,25.9,49.96,0,0,0,0,0
2026-01-01T00:45:18Z,leak,NORMAL,8605.7,40.05,91.58,80.42,15.03,15.14,26.16,50.01,0,0,0,0,0
2026-01-01T00:45:19Z,leak,NORMAL,8579.8,39.72,90.43,81.11,15.1,14.85,25.88,49.97,0,0,0,0,0
2026-01-01T00:45:20Z,leak,NORMAL,8596.3,39.85,91.22,81.34,15.02,15.1,25.98,50.01,0,0,0,0,0
2026-01-01T00:45:21Z,leak,NORMAL,8589.8,40.05,91.23,81.82,14.89,15.11,25.94,50.06,0,0,0,0,0
2026-01-01T00:45:22Z,leak,NORMAL,8603.6,39.97,90.28,81.02,15.01,15.07,26.06,50.01,0,0,0,0,0
2026-01-01T00:45:23Z,leak,NORMAL,8598.2,39.7,91.69,81.22,14.94,15.03,25.9,49.97,0,0,0,0,0
2026-01-01T00:45:24Z,leak,NORMAL,8579.2,39.7,91.33,81.11,15.19,15.12,25.82,49.95,0,0,0,0,0
2026-01-01T00:45:25Z,leak,NORMAL,8585.3,40.14,91.03,80.93,15.03,15.08,26.0,50.01,0,0,0,0,0
2026-01-01T00:45:26Z,leak,NORMAL,8588.4,39.7,90.37,81.12,14.87,15.03,25.99,49.99,0,0,0,0,0
2026-01-01T00:45:27Z,leak,NORMAL,8584.1,40.22,90.62,81.19,15.1,14.93,25.94,50.0,0,0,0,0,0
2026-01-01T00:45:28Z,leak,NORMAL,8572.1,39.96,91.2,80.64,14.87,14.84,25.87,49.91,0,0,0,0,0
2026-01-01T00:45:29Z,leak,NORMAL,8585.4,40.26,91.35,81.61,15.05,15.26,25.78,50.04,0,0,0,0,0
2026-01-01T00:45:30Z,leak,NORMAL,8579.0,40.19,90.78,80.18,15.05,15.09,25.7,50.01,0,0,0,0,0
2026-01-01T00:45:31Z,leak,NORMAL,8591.4,40.38,90.23,81.27,14.95,15.04,25.79,49.96,0,0,0,0,0
2026-01-01T00:45:32Z,leak,NORMAL,8576.6,39.76,89.97,82.02,14.79,14.96,25.92,49.94,0,0,0,0,0
2026-01-01T00:45:33Z,leak,NORMAL,8577.2,40.0,91.24,81.39,14.94,15.07,25.85,50.06,0,0,0,0,0
2026-01-01T00:45:34Z,leak,NORMAL,8583.2,39.98,90.69,81.13,15.11,15.12,25.92,50.06,0,0,0,0,0
2026-01-01T00:45:35Z,leak,NORMAL,8573.3,40.07,89.7,80.32,15.05,14.95,25.84,49.94,0,0,0,0,0
2026-01-01T00:45:36Z,leak,NORMAL,8601.8,40.08,90.98,80.46,15.09,14.82,25.86,49.93,0,0,0,0,0
2026-01-01T00:45:37Z,leak,NORMAL,8569.3,40.1,90.06,80.7,15.13,14.99,25.87,49.98,0,0,0,0,0
2026-01-01T00:45:38Z,leak,NORMAL,8585.6,39.8,90.79,81.3,14.7,14.95,25.97,49.96,0,0,0,0,0
2026-01-01T00:45:39Z,leak,NORMAL,8580.3,39.96,90.59,81.09,14.91,14.99,25.98,50.02,0,0,0,0,0
2026-01-01T00:45:40Z,leak,NORMAL,8594.1,40.09,89.9,82.06,15.01,14.86,25.96,50.08,0,0,0,0,0
2026-01-01T00:45:41Z,leak,NORMAL,8583.2,40.15,90.39,80.94,14.8,14.97,26.01,49.98,0,0,0,0,0
2026-01-01T00:45:42Z,leak,NORMAL,8576.0,40.07,90.27,80.56,15.1,15.21,25.88,49.93,0,0,0,0,0
2026-01-01T00:45:43Z,leak,NORMAL,8574.0,39.87,91.77,81.51,14.94,14.98,25.69,49.96,0,0,0,0,0
2026-01-01T00:45:44Z,leak,NORMAL,8569.7,39.97,90.42,80.27,14.95,15.0,25.89,49.93,0,0,0,0,0
2026-01-01T00:45:45Z,leak,NORMAL,8556.7,40.03,90.24,81.51,15.03,14.99,25.92,50.04,0,0,0,0,0
2026-01-01T00:45:46Z,leak,NORMAL,8586.0,40.17,91.26,81.47,14.9,15.09,25.84,50.04,0,0,0,0,0
2026-01-01T00:45:47Z,leak,NORMAL,8573.6,39.72,91.3,80.36,14.91,14.93,25.97,50.02,0,0,0,0,0
2026-01-01T00:45:48Z,leak,NORMAL,8588.2,40.06,90.2,81.13,15.11,14.87,26.04,49.87,0,0,0,0,0
2026-01-01T00:45:49Z,leak,NORMAL,8579.7,40.17,90.02,81.25,14.85,15.06,25.83,49.9,0,0,0,0,0
2026-01-01T00:45:50Z,leak,NORMAL,8564.5,39.65,91.22,81.21,14.9,14.89,25.82,49.95,0,0,0,0,0
2026-01-01T00:45:51Z,leak,NORMAL,8582.8,39.89,90.47,80.47,14.89,14.9,25.79,49.94,0,0,0,0,0
2026-01-01T00:45:52Z,leak,NORMAL,8572.4,39.84,91.3,81.07,14.93,15.0,25.88,49.99,0,0,0,0,0
2026-01-01T00:45:53Z,leak,NORMAL,8569.6,40.21,91.9,81.29,15.05,15.03,25.81,50.07,0,0,0,0,0
2026-01-01T00:45:54Z,leak,NORMAL,8571.7,40.06,89.59,81.83,15.11,15.09,25.6,50.07,0,0,0,0,0
2026-01-01T00:45:55Z,leak,NORMAL,8568.5,39.98,91.52,81.1,15.08,14.92,25.74,50.01,0,0,0,0,0
2026-01-01T00:45:56Z,leak,NORMAL,8577.1,39.9,91.71,80.78,14.93,14.93,25.69,50.0,0,0,0,0,0
2026-01-01T00:45:57Z,leak,NORMAL,8583.9,39.96,90.51,81.99,15.18,14.99,25.59,50.05,0,0,0,0,0
2026-01-01T00:45:58Z,leak,NORMAL,8587.9,39.89,91.13,81.06,15.06,15.07,25.78,50.06,0,0,0,0,0
2026-01-01T00:45:59Z,leak,NORMAL,8559.0,39.66,90.06,81.86,14.9,15.12,25.87,50.09,0,0,0,0,0
2026-01-01T00:46:00Z,leak,NORMAL,8561.7,39.74,90.85,81.5,15.17,14.96,25.75,50.01,0,0,0,0,0
2026-01-01T00:46:01Z,leak,NORMAL,8564.2,39.97,89.73,80.49,14.92,14.88,25.81,50.0,0,0,0,0,0
2026-01-01T00:46:02Z,leak,NORMAL,8569.4,40.08,91.28,80.25,15.08,15.04,25.72,49.94,0,0,0,0,0
2026-01-01T00:46:03Z,leak,NORMAL,8551.2,39.82,91.32,80.98,15.02,15.08,25.64,50.04,0,0,0,0,0
2026-01-01T00:46:04Z,leak,NORMAL,8565.8,40.12,91.36,81.46,14.89,14.94,25.59,49.91,0,0,0,0,0
2026-01-01T00:46:05Z,leak,NORMAL,8548.8,40.03,91.36,80.57,14.9,15.05,25.59,50.1,0,0,0,0,0
2026-01-01T00:46:06Z,leak,NORMAL,8567.6,39.95,90.49,80.44,14.86,14.95,25.9,49.96,0,0,0,0,0
2026-01-01T00:46:07Z,leak,NORMAL,8578.0,40.2,90.62,81.25,14.85,15.02,25.83,50.02,0,0,0,0,0
2026-01-01T00:46:08Z,leak,NORMAL,8565.7,39.88,90.19,80.91,15.33,15.05,25.56,49.96,0,0,0,0,0
2026-01-01T00:46:09Z,leak,NORMAL,8569.3,40.14,89.86,79.4,15.17,14.97,25.75,50.01,0,0,0,0,0
2026-01-01T00:46:10Z,leak,NORMAL,8575.1,39.93,91.53,80.7,14.87,14.93,25.54,50.06,0,0,0,0,0
2026-01-01T00:46:11Z,leak,NORMAL,8576.2,40.28,90.24,81.13,15.12,15.12,25.78,50.0,0,0,0,0,0
2026-01-01T00:46:12Z,leak,NORMAL,8560.3,40.0,91.53,80.83,15.07,14.96,25.76,49.9,0,0,0,0,0
2026-01-01T00:46:13Z,leak,NORMAL,8571.9,40.29,91.22,81.38,15.08,14.99,25.64,49.99,0,0,0,0,0
2026-01-01T00:46:14Z,leak,NORMAL,8563.7,39.92,90.2,81.03,15.02,15.1,25.55,50.06,0,0,0,0,0
2026-01-01T00:46:15Z,leak,NORMAL,8574.0,40.22,90.34,80.54,14.95,14.94,25.59,50.02,0,0,0,0,0
2026-01-01T00:46:16Z,leak,NORMAL,8562.4,40.02,90.7,81.81,15.08,15.03,25.57,50.03,0,0,0,0,0
2026-01-01T00:46:17Z,leak,NORMAL,8559.8,39.93,90.99,79.96,15.08,15.06,25.59,50.0,0,0,0,0,0
2026-01-01T00:46:18Z,leak,NORMAL,8557.5,40.25,90.75,80.35,15.08,14.94,25.56,49.97,0,0,0,0,0
2026-01-01T00:46:19Z,leak,NORMAL,8549.0,39.94,90.96,81.5,14.85,15.15,25.66,49.96,0,0,0,0,0
2026-01-01T00:46:20Z,leak,NORMAL,8559.9,40.04,91.2,80.11,15.03,14.92,25.78,49.99,0,0,0,0,0
2026-01-01T00:46:21Z,leak,NORMAL,8550.5,40.06,90.57,80.45,15.24,14.9,25.66,49.89,0,0,0,0,0
2026-01-01T00:46:22Z,leak,NORMAL,8551.1,40.25,90.31,80.82,15.06,14.96,25.72,50.0,0,0,0,0,0
2026-01-01T00:46:23Z,leak,NORMAL,8551.1,40.15,90.6,81.25,14.88,15.11,25.73,50.04,0,0,0,0,0
2026-01-01T00:46:24Z,leak,NORMAL,8544.9,40.36,90.74,80.95,14.99,15.17,25.48,50.02,0,0,0,0,0
2026-01-01T00:46:25Z,leak,NORMAL,8541.6,39.91,91.54,81.16,15.02,15.0,25.56,50.03,0,0,0,0,0
2026-01-01T00:46:26Z,leak,NORMAL,8537.4,40.01,90.86,80.94,14.94,14.83,25.55,50.0,0,0,0,0,0
2026-01-01T00:46:27Z,leak,NORMAL,8545.1,39.76,90.79,80.71,15.01,15.04,25.61,50.01,0,0,0,0,0
2026-01-01T00:46:28Z,leak,NORMAL,8547.8,40.23,89.97,81.11,15.02,14.99,25.58,49.98,0,0,0,0,0
2026-01-01T00:46:29Z,leak,NORMAL,8542.5,40.02,90.23,80.12,14.96,15.08,25.51,50.05,0,0,0,0,0
2026-01-01T00:46:30Z,leak,NORMAL,8558.1,40.09,90.53,80.7,15.12,14.86,25.52,49.97,0,0,0,0,0
2026-01-01T00:46:31Z,leak,NORMAL,8545.1,39.93,90.84,80.61,15.0,14.98,25.61,50.01,0,0,0,0,0
2026-01-01T00:46:32Z,leak,NORMAL,8566.6,40.17,90.12,80.9,14.86,14.81,25.56,49.99,0,0,0,0,0
2026-01-01T00:46:33Z,leak,NORMAL,8533.2,40.33,90.93,81.42,15.15,15.1,25.64,50.01,0,0,0,0,0
2026-01-01T00:46:34Z,leak,NORMAL,8549.4,40.04,90.48,81.52,14.98,14.99,25.63,49.99,0,0,0,0,0
2026-01-01T00:46:35Z,leak,NORMAL,8545.4,39.92,90.49,80.42,15.04,15.04,25.83,50.04,0,0,0,0,0
2026-01-01T00:46:36Z,leak,NORMAL,8542.2,40.55,91.0,81.23,15.09,15.03,25.49,49.98,0,0,0,0,0
2026-01-01T00:46:37Z,leak,NORMAL,8531.1,39.76,90.68,80.74,15.0,14.92,25.49,50.03,0,0,0,0,0
2026-01-01T00:46:38Z,leak,NORMAL,8543.1,40.09,90.62,80.95,14.81,15.19,25.52,49.97,0,0,0,0,0
2026-01-01T00:46:39Z,leak,NORMAL,8535.6,39.85,90.72,80.22,14.99,15.05,25.46,50.06,0,0,0,0,0
2026-01-01T00:46:40Z,leak,NORMAL,8530.0,40.34,90.05,80.32,15.08,15.0,25.39,50.0,0,0,0,0,0
2026-01-01T00:46:41Z,leak,NORMAL,8532.7,40.33,90.37,79.99,14.93,15.08,25.35,50.02,0,0,0,0,0
2026-01-01T00:46:42Z,leak,NORMAL,8519.4,39.72,90.48,81.38,14.87,14.96,25.53,50.05,0,0,0,0,0
2026-01-01T00:46:43Z,leak,NORMAL,8533.8,40.2,90.5,80.19,15.04,15.09,25.57,49.99,0,0,0,0,0
2026-01-01T00:46:44Z,leak,NORMAL,8522.1,40.34,90.33,81.47,14.95,15.04,25.52,49.9,0,0,0,0,0
2026-01-01T00:46:45Z,leak,NORMAL,8516.9,39.98,90.05,80.83,14.98,15.17,25.41,50.03,0,0,0,0,0
2026-01-01T00:46:46Z,leak,NORMAL,8538.8,39.75,90.96,81.47,15.04,14.76,25.55,49.98,0,0,0,0,0
2026-01-01T00:46:47Z,leak,NORMAL,8526.0,39.71,90.06,81.15,14.95,14.85,25.31,50.05,0,0,0,0,0
2026-01-01T00:46:48Z,leak,NORMAL,8537.5,39.82,91.02,80.06,15.04,15.06,25.59,49.96,0,0,0,0,0
2026-01-01T00:46:49Z,leak,NORMAL,8509.6,40.29,90.51,80.77,14.94,15.01,25.3,50.02,0,0,0,0,0
2026-01-01T00:46:50Z,leak,NORMAL,8548.5,39.8,90.34,79.95,15.01,15.08,25.51,49.98,0,0,0,0,0
2026-01-01T00:46:51Z,leak,NORMAL,8513.8,39.93,89.68,80.89,15.17,15.03,25.33,50.04,0,0,0,0,0
2026-01-01T00:46:52Z,leak,NORMAL,8520.8,40.22,89.9,80.03,15.0,14.83,25.43,49.98,0,0,0,0,0
2026-01-01T00:46:53Z,leak,NORMAL,8539.4,40.23,90.06,80.03,15.17,15.13,25.35,50.0,0,0,0,0,0
2026-01-01T00:46:54Z,leak,NORMAL,8519.8,40.01,91.22,80.67,14.9,15.02,25.35,50.01,0,0,0,0,0
2026-01-01T00:46:55Z,leak,NORMAL,8521.6,39.98,90.83,80.88,14.9,15.05,25.25,49.97,0,0,0,0,0
2026-01-01T00:46:56Z,leak,NORMAL,8515.0,39.96,90.23,79.87,15.21,15.19,25.49,49.99,0,0,0,0,0
2026-01-01T00:46:57Z,leak,NORMAL,8524.8,40.32,90.4,79.99,15.06,15.13,25.47,49.93,0,0,0,0,0
2026-01-01T00:46:58Z,leak,NORMAL,8532.4,39.98,89.69,81.01,14.94,15.08,25.44,49.98,0,0,0,0,0
2026-01-01T00:46:59Z,leak,NORMAL,8521.5,40.07,91.17,80.08,14.82,14.89,25.47,50.0,0,0,0,0,0
2026-01-01T00:47:00Z,leak,NORMAL,8505.6,39.9,89.46,79.12,15.11,15.09,25.34,49.95,0,0,0,0,0
2026-01-01T00:47:01Z,leak,NORMAL,8512.4,40.21,89.85,80.1,14.95,14.91,25.41,49.98,0,0,0,0,0
2026-01-01T00:47:02Z,leak,NORMAL,8507.9,40.24,91.47,80.73,15.07,15.06,25.36,49.99,0,0,0,0,0
2026-01-01T00:47:03Z,leak,NORMAL,8500.3,40.18,89.87,80.3,14.85,14.91,25.41,50.02,0,0,0,0,0
2026-01-01T00:47:04Z,leak,NORMAL,8511.2,40.16,89.49,80.56,15.07,14.87,25.38,50.07,0,0,0,0,0
2026-01-01T00:47:05Z,leak,NORMAL,8506.8,39.98,90.83,80.62,15.02,14.92,25.3,49.88,0,0,0,0,0
2026-01-01T00:47:06Z,leak,NORMAL,8518.1,39.82,90.24,80.62,15.0,15.13,25.34,50.0,0,0,0,0,0
2026-01-01T00:47:07Z,leak,NORMAL,8506.4,40.29,89.57,80.03,15.0,14.97,25.24,50.1,0,0,0,0,0
2026-01-01T00:47:08Z,leak,NORMAL,8520.0,40.37,90.56,80.94,15.14,14.87,25.41,49.98,0,0,0,0,0
2026-01-01T00:47:09Z,leak,NORMAL,8504.9,39.99,91.17,80.18,14.94,14.95,25.46,50.1,0,0,0,0,0
2026-01-01T00:47:10Z,leak,NORMAL,8507.3,39.85,91.08,79.68,14.97,15.07,25.32,50.01,0,0,0,0,0
2026-01-01T00:47:11Z,leak,NORMAL,8503.7,40.07,90.68,80.6,15.04,15.0,25.41,49.9,0,0,0,0,0
2026-01-01T00:47:12Z,leak,NORMAL,8522.6,40.26,89.99,80.51,15.01,14.96,25.28,49.98,0,0,0,0,0
2026-01-01T00:47:13Z,leak,NORMAL,8496.7,40.0,90.65,80.95,14.93,14.96,25.29,49.99,0,0,0,0,0
2026-01-01T00:47:14Z,leak,NORMAL,8516.7,40.33,90.1,80.32,15.12,14.98,25.29,49.98,0,0,0,0,0
2026-01-01T00:47:15Z,leak,NORMAL,8505.9,40.06,89.15,80.14,14.98,15.05,25.11,50.01,0,0,0,0,0
2026-01-01T00:47:16Z,leak,NORMAL,8502.3,39.73,90.66,80.23,14.88,14.99,25.23,50.05,0,0,0,0,0
2026-01-01T00:47:17Z,leak,NORMAL,8493.6,39.91,90.14,80.13,15.1,14.94,25.22,49.98,0,0,0,0,0
2026-01-01T00:47:18Z,leak,NORMAL,8503.5,39.99,89.71,80.13,15.0,15.06,25.13,50.08,0,0,0,0,0
2026-01-01T00:47:19Z,leak,NORMAL,8504.0,40.07,90.37,80.14,15.13,15.04,25.11,50.03,0,0,0,0,0
2026-01-01T00:47:20Z,leak,NORMAL,8488.6,40.13,90.05,80.76,15.04,15.08,25.24,49.94,0,0,0,0,0
2026-01-01T00:47:21Z,leak,NORMAL,8493.9,40.07,90.35,80.65,14.82,15.02,25.33,49.98,0,0,0,0,0
2026-01-01T00:47:22Z,leak,NORMAL,8479.4,39.92,89.94,80.88,15.09,14.94,25.13,49.96,0,0,0,0,0
2026-01-01T00:47:23Z,leak,NORMAL,8506.9,39.97,90.15,80.26,15.24,15.19,25.19,49.96,0,0,0,0,0
2026-01-01T00:47:24Z,leak,NORMAL,8469.9,40.14,90.31,80.09,14.92,15.09,25.36,49.94,0,0,0,0,0
2026-01-01T00:47:25Z,leak,NORMAL,8497.2,40.26,90.25,80.4,14.86,15.1,25.14,50.04,0,0,0,0,0
2026-01-01T00:47:26Z,leak,NORMAL,8489.3,40.41,89.26,80.35,15.17,15.1,25.15,49.97,0,0,0,0,0
2026-01-01T00:47:27Z,leak,NORMAL,8490.0,39.98,90.23,79.69,15.1,14.97,25.2,50.01,0,0,0,0,0
2026-01-01T00:47:28Z,leak,NORMAL,8485.2,39.79,90.34,79.27,15.14,15.0,25.22,49.95,0,0,0,0,0
2026-01-01T00:47:29Z,leak,NORMAL,8475.4,39.83,90.86,80.15,15.04,15.03,25.25,50.04,0,0,0,0,0
2026-01-01T00:47:30Z,leak,NORMAL,8492.3,40.21,90.31,80.5,15.02,14.94,25.19,50.06,0,0,0,0,0
2026-01-01T00:47:31Z,leak,NORMAL,8490.9,40.23,89.81,80.8,14.8,15.04,25.07,49.99,0,0,0,0,0
2026-01-01T00:47:32Z,leak,NORMAL,8474.0,39.83,90.32,80.26,15.16,15.04,25.14,50.07,0,0,0,0,0
2026-01-01T00:47:33Z,leak,NORMAL,8490.8,40.13,90.07,79.41,15.08,14.96,25.34,50.02,0,0,0,0,0
2026-01-01T00:47:34Z,leak,NORMAL,8483.6,39.87,91.08,79.92,15.05,14.97,25.06,49.95,0,0,0,0,0
2026-01-01T00:47:35Z,leak,NORMAL,8482.7,39.99,90.27,79.97,14.85,14.82,25.06,50.04,0,0,0,0,0
2026-01-01T00:47:36Z,leak,NORMAL,8494.0,39.97,89.53,80.22,15.09,15.09,25.14,49.99,0,0,0,0,0
2026-01-01T00:47:37Z,leak,NORMAL,8475.3,40.27,90.54,79.71,14.96,15.07,24.97,49.93,0,0,0,0,0
2026-01-01T00:47:38Z,leak,NORMAL,8490.6,40.24,89.88,79.9,14.95,14.93,24.95,49.97,0,0,0,0,0
2026-01-01T00:47:39Z,leak,NORMAL,8472.8,40.4,89.95,80.21,15.1,15.06,24.98,49.98,0,0,0,0,0
2026-01-01T00:47:40Z,leak,NORMAL,8483.7,40.02,89.06,81.27,14.85,14.94,25.43,50.03,0,0,0,0,0
2026-01-01T00:47:41Z,leak,NORMAL,8462.8,40.06,90.05,80.28,15.03,15.14,25.07,49.92,0,0,0,0,0
2026-01-01T00:47:42Z,leak,NORMAL,8474.7,40.45,89.88,80.88,14.99,14.99,25.14,49.94,0,0,0,0,0
2026-01-01T00:47:43Z,leak,NORMAL,8495.3,39.88,89.96,79.42,14.94,15.16,25.01,49.99,0,0,0,0,0
2026-01-01T00:47:44Z,leak,NORMAL,8458.4,39.85,90.15,79.47,14.87,15.06,25.04,49.96,0,0,0,0,0
2026-01-01T00:47:45Z,leak,NORMAL,8479.7,40.22,89.71,80.03,15.03,15.01,25.02,50.05,0,0,0,0,0
2026-01-01T00:47:46Z,leak,NORMAL,8472.7,40.33,89.05,80.81,15.08,15.04,25.02,50.01,0,0,0,0,0
2026-01-01T00:47:47Z,leak,NORMAL,8472.5,40.29,90.38,80.31,14.95,14.98,25.06,50.01,0,0,0,0,0
2026-01-01T00:47:48Z,leak,NORMAL,8466.9,40.22,89.21,80.43,14.88,14.85,25.03,50.04,0,0,0,0,0
2026-01-01T00:47:49Z,leak,NORMAL,8469.9,39.77,90.13,79.77,15.01,14.99,25.03,50.03,0,0,0,0,0
2026-01-01T00:47:50Z,leak,NORMAL,8466.4,39.57,89.94,80.38,15.03,15.0,25.18,50.04,0,0,0,0,0
2026-01-01T00:47:51Z,leak,NORMAL,8460.6,40.3,89.08,80.99,14.96,15.03,24.95,49.99,0,0,0,0,0
2026-01-01T00:47:52Z,leak,NORMAL,8460.3,40.49,90.17,79.76,15.06,14.89,24.98,50.02,0,0,0,0,0
2026-01-01T00:47:53Z,leak,NORMAL,8470.0,40.19,89.77,80.81,15.01,15.05,25.06,49.93,0,0,0,0,0
2026-01-01T00:47:54Z,leak,NORMAL,8461.8,40.12,89.74,80.16,14.86,14.83,25.08,50.04,0,0,0,0,0
2026-01-01T00:47:55Z,leak,NORMAL,8464.5,40.01,90.02,79.35,14.83,15.14,24.96,49.94,0,0,0,0,0
2026-01-01T00:47:56Z,leak,NORMAL,8457.3,40.03,89.6,80.22,15.03,15.04,24.97,50.05,0,0,0,0,0
2026-01-01T00:47:57Z,leak,NORMAL,8444.1,39.91,90.06,79.66,15.0,15.06,24.88,50.04,0,0,0,0,0
2026-01-01T00:47:58Z,leak,NORMAL,8429.6,40.1,90.02,79.93,15.07,15.07,25.05,50.01,0,0,0,0,0
2026-01-01T00:47:59Z,leak,NORMAL,8465.9,39.77,89.23,79.91,15.04,14.82,25.04,50.0,0,0,0,0,0
2026-01-01T00:48:00Z,leak,NORMAL,8445.0,40.15,90.27,80.09,14.96,14.95,24.89,49.96,0,0,0,0,0
2026-01-01T00:48:01Z,leak,NORMAL,8443.5,40.02,90.35,79.9,15.05,15.12,24.94,50.02,0,0,0,0,0
2026-01-01T00:48:02Z,leak,NORMAL,8467.8,40.31,89.06,80.43,14.98,15.11,24.86,50.0,0,0,0,0,0
2026-01-01T00:48:03Z,leak,NORMAL,8463.7,39.97,89.52,79.22,14.85,14.85,24.97,50.04,0,0,0,0,0
2026-01-01T00:48:04Z,leak,NORMAL,8457.4,39.68,89.87,79.82,15.03,15.25,24.88,49.95,0,0,0,0,0
2026-01-01T00:48:05Z,leak,NORMAL,8464.2,39.88,89.99,80.05,14.96,15.16,25.0,49.95,0,0,0,0,0
2026-01-01T00:48:06Z,leak,NORMAL,8453.6,39.9,89.35,80.64,15.05,15.13,25.13,49.94,0,0,0,0,0
2026-01-01T00:48:07Z,leak,NORMAL,8438.7,39.53,89.11,80.06,14.97,15.02,24.98,50.05,0,0,0,0,0
2026-01-01T00:48:08Z,leak,NORMAL,8459.2,39.87,90.18,80.44,15.02,15.04,24.89,49.96,0,0,0,0,0
2026-01-01T00:48:09Z,leak,NORMAL,8440.3,39.94,90.27,80.17,15.05,15.02,24.96,50.01,0,0,0,0,0
2026-01-01T00:48:10Z,leak,NORMAL,8436.7,40.03,89.65,79.75,14.92,14.92,24.83,50.02,0,0,0,0,0
2026-01-01T00:48:11Z,leak,NORMAL,8452.7,40.1,88.92,79.84,14.97,14.98,25.02,50.07,0,0,0,0,0
2026-01-01T00:48:12Z,leak,NORMAL,8439.3,39.98,89.01,79.74,15.04,14.98,24.88,50.03,0,0,0,0,0
2026-01-01T00:48:13Z,leak,NORMAL,8445.8,40.04,90.33,79.92,14.91,15.03,25.0,49.96,0,0,0,0,0
2026-01-01T00:48:14Z,leak,NORMAL,8424.6,39.9,89.73,80.06,14.98,14.94,24.88,50.05,0,0,0,0,0
2026-01-01T00:48:15Z,leak,NORMAL,8438.5,39.8,89.0,80.22,15.08,15.08,25.03,49.98,0,0,0,0,0
2026-01-01T00:48:16Z,leak,NORMAL,8455.8,40.18,89.72,80.46,14.89,15.07,24.94,49.97,0,0,0,0,0
2026-01-01T00:48:17Z,leak,NORMAL,8446.3,40.24,89.7,79.79,14.97,15.2,24.93,49.92,0,0,0,0,0
2026-01-01T00:48:18Z,leak,NORMAL,8447.9,40.18,89.33,80.23,15.14,14.85,24.92,49.97,0,0,0,0,0
2026-01-01T00:48:19Z,leak,NORMAL,8445.6,39.78,89.9,79.69,14.86,15.21,24.95,49.97,0,0,0,0,0
2026-01-01T00:48:20Z,leak,NORMAL,8448.4,39.74,89.13,80.47,14.79,14.82,24.84,50.05,0,0,0,0,0
2026-01-01T00:48:21Z,leak,NORMAL,8437.2,40.2,89.91,80.48,14.86,14.93,24.85,49.99,0,0,0,0,0
2026-01-01T00:48:22Z,leak,NORMAL,8434.7,40.06,89.95,79.7,15.09,15.09,24.77,50.05,0,0,0,0,0
2026-01-01T00:48:23Z,leak,NORMAL,8436.1,40.08,89.5,79.52,14.95,15.02,24.72,50.02,0,0,0,0,0
2026-01-01T00:48:24Z,leak,NORMAL,8424.2,40.01,89.47,80.09,15.11,15.01,24.83,49.96,0,0,0,0,0
2026-01-01T00:48:25Z,leak,NORMAL,8451.3,39.72,90.0,79.94,14.94,15.19,24.69,49.91,0,0,0,0,0
2026-01-01T00:48:26Z,leak,NORMAL,8443.1,40.32,89.25,80.2,14.81,14.94,24.95,49.97,0,0,0,0,0
2026-01-01T00:48:27Z,leak,NORMAL,8435.3,39.98,90.53,78.92,14.98,14.89,24.87,49.97,0,0,0,0,0
2026-01-01T00:48:28Z,leak,NORMAL,8440.1,39.87,89.07,79.16,15.04,15.14,24.75,50.0,0,0,0,0,0
2026-01-01T00:48:29Z,leak,NORMAL,8419.5,40.09,90.75,79.14,15.05,15.06,24.63,50.03,0,0,0,0,0
2026-01-01T00:48:30Z,leak,NORMAL,8435.1,40.06,88.66,79.28,14.94,15.15,24.7,50.03,0,0,0,0,0
2026-01-01T00:48:31Z,leak,NORMAL,8432.2,39.97,89.59,80.26,14.91,14.83,24.81,49.91,0,0,0,0,0
2026-01-01T00:48:32Z,leak,NORMAL,8430.9,40.01,89.6,79.7,15.02,14.94,24.85,49.91,0,0,0,0,0
2026-01-01T00:48:33Z,leak,NORMAL,8443.4,39.8,88.76,79.51,14.99,15.1,24.75,50.13,0,0,0,0,0
2026-01-01T00:48:34Z,leak,NORMAL,8423.8,39.96,89.34,79.04,14.88,15.04,24.93,50.01,0,0,0,0,0
2026-01-01T00:48:35Z,leak,NORMAL,8443.4,40.48,88.83,79.43,14.98,14.86,24.71,49.95,0,0,0,0,0
2026-01-01T00:48:36Z,leak,NORMAL,8437.4,39.77,89.3,80.66,15.16,14.87,24.72,49.99,0,0,0,0,0
2026-01-01T00:48:37Z,leak,NORMAL,8450.4,39.96,89.16,80.32,15.19,15.06,24.82,50.06,0,0,0,0,0
2026-01-01T00:48:38Z,leak,NORMAL,8427.9,39.91,88.98,79.39,15.14,15.04,24.73,50.0,0,0,0,0,0
2026-01-01T00:48:39Z,leak,NORMAL,8433.8,40.11,88.85,79.88,15.03,14.88,24.66,49.93,0,0,0,0,0
2026-01-01T00:48:40Z,leak,NORMAL,8445.2,40.15,89.41,80.11,14.86,14.99,24.71,49.99,0,0,0,0,0
2026-01-01T00:48:41Z,leak,NORMAL,8425.3,40.08,89.2,79.89,15.09,15.04,24.78,49.97,0,0,0,0,0
2026-01-01T00:48:42Z,leak,NORMAL,8417.5,39.65,89.53,80.15,15.1,15.07,24.72,50.04,0,0,0,0,0
2026-01-01T00:48:43Z,leak,NORMAL,8419.1,40.21,89.49,80.15,15.23,15.02,24.61,50.0,0,0,0,0,0
2026-01-01T00:48:44Z,leak,NORMAL,8422.6,40.09,89.55,79.01,15.0,15.04,24.71,49.99,0,0,0,0,0
2026-01-01T00:48:45Z,leak,NORMAL,8436.4,39.77,88.97,79.04,14.88,14.9,24.64,49.97,0,0,0,0,0
2026-01-01T00:48:46Z,leak,NORMAL,8419.1,39.8,89.71,79.83,14.78,15.18,24.57,49.99,0,0,0,0,0
2026-01-01T00:48:47Z,leak,NORMAL,8432.8,40.13,89.46,79.01,14.9,15.13,24.52,49.99,0,0,0,0,0
2026-01-01T00:48:48Z,leak,NORMAL,8423.0,40.06,89.77,78.86,15.06,14.93,24.73,50.0,0,0,0,0,0
2026-01-01T00:48:49Z,leak,NORMAL,8423.9,40.17,88.58,79.27,14.91,15.05,24.71,50.04,0,0,0,0,0
2026-01-01T00:48:50Z,leak,NORMAL,8415.0,40.11,89.23,80.15,15.02,14.88,24.63,50.05,0,0,0,0,0
2026-01-01T00:48:51Z,leak,NORMAL,8416.9,39.93,89.85,78.98,14.98,15.03,24.59,49.94,0,0,0,0,0
2026-01-01T00:48:52Z,leak,NORMAL,8417.5,40.21,88.55,79.2,15.05,15.18,24.64,49.99,0,0,0,0,0
2026-01-01T00:48:53Z,leak,NORMAL,8420.3,39.82,89.71,80.18,15.07,15.15,24.51,50.03,0,0,0,0,0
2026-01-01T00:48:54Z,leak,NORMAL,8412.9,39.88,89.62,79.59,15.0,14.96,24.53,50.09,0,0,0,0,0
2026-01-01T00:48:55Z,leak,NORMAL,8411.2,40.12,89.47,79.61,15.04,14.89,24.7,50.1,0,0,0,0,0
2026-01-01T00:48:56Z,leak,NORMAL,8403.9,39.94,88.15,79.56,15.08,14.88,24.61,49.96,0,0,0,0,0
2026-01-01T00:48:57Z,leak,NORMAL,8428.7,39.71,90.01,79.09,14.78,15.04,24.65,49.99,0,0,0,0,0
2026-01-01T00:48:58Z,leak,NORMAL,8423.9,39.84,89.33,79.56,14.98,14.86,24.65,49.98,0,0,0,0,0
2026-01-01T00:48:59Z,leak,NORMAL,8415.5,39.93,88.96,79.42,15.17,15.08,24.57,49.96,0,0,0,0,0
2026-01-01T00:49:00Z,leak,NORMAL,8419.6,40.28,88.1,79.42,15.09,14.98,24.48,49.92,0,0,0,0,0
2026-01-01T00:49:01Z,leak,NORMAL,8410.0,39.8,88.32,79.49,15.09,14.85,24.77,49.93,0,0,0,0,0
2026-01-01T00:49:02Z,leak,NORMAL,8407.6,39.76,88.66,79.4,14.97,14.9,24.58,49.95,0,0,0,0,0
2026-01-01T00:49:03Z,leak,NORMAL,8404.8,40.05,88.5,78.82,14.86,15.14,24.62,50.08,0,0,0,0,0
2026-01-01T00:49:04Z,leak,NORMAL,8426.1,40.03,88.93,79.53,15.04,14.93,24.65,50.06,0,0,0,0,0
2026-01-01T00:49:05Z,leak,NORMAL,8408.0,39.83,89.25,78.62,15.06,14.98,24.62,49.94,0,0,0,0,0
2026-01-01T00:49:06Z,leak,NORMAL,8411.9,39.85,89.06,79.24,15.15,15.02,24.47,50.01,0,0,0,0,0
2026-01-01T00:49:07Z,leak,NORMAL,8415.7,40.03,88.39,79.32,15.16,15.14,24.46,50.07,0,0,0,0,0
2026-01-01T00:49:08Z,leak,NORMAL,8413.7,40.04,88.82,78.22,14.98,15.01,24.63,50.01,0,0,0,0,0
2026-01-01T00:49:09Z,leak,NORMAL,8395.4,39.88,88.63,78.43,15.11,14.93,24.67,49.92,0,0,0,0,0
2026-01-01T00:49:10Z,leak,NORMAL,8412.2,40.17,88.3,79.23,14.87,15.16,24.48,49.99,0,0,0,0,0
2026-01-01T00:49:11Z,leak,NORMAL,8399.1,39.9,89.41,79.47,15.01,15.21,24.41,50.0,0,0,0,0,0
2026-01-01T00:49:12Z,leak,NORMAL,8395.8,39.71,88.92,78.92,15.11,15.17,24.78,50.09,0,0,0,0,0
2026-01-01T00:49:13Z,leak,NORMAL,8403.0,40.0,88.79,78.81,15.07,15.1,24.45,50.06,0,0,0,0,0
2026-01-01T00:49:14Z,leak,NORMAL,8406.3,40.42,90.29,78.37,14.95,15.0,24.68,50.0,0,0,0,0,0
2026-01-01T00:49:15Z,leak,NORMAL,8401.7,39.7,89.01,79.15,14.98,15.02,24.43,50.08,0,0,0,0,0
2026-01-01T00:49:16Z,leak,NORMAL,8409.5,39.83,88.52,78.89,14.96,15.06,24.61,50.08,0,0,0,0,0
2026-01-01T00:49:17Z,leak,NORMAL,8395.2,40.17,88.93,78.2,14.98,14.94,24.49,50.11,0,0,0,0,0
2026-01-01T00:49:18Z,leak,NORMAL,8419.0,39.64,88.47,79.75,15.03,14.94,24.68,50.01,0,0,0,0,0
2026-01-01T00:49:19Z,leak,NORMAL,8408.9,40.02,89.93,79.51,14.97,14.98,24.41,50.01,0,0,0,0,0
2026-01-01T00:49:20Z,leak,NORMAL,8429.7,40.01,89.42,78.71,15.12,15.03,24.53,50.0,0,0,0,0,0
2026-01-01T00:49:21Z,leak,NORMAL,8403.1,39.85,88.51,80.08,14.95,14.96,24.39,49.94,0,0,0,0,0
2026-01-01T00:49:22Z,leak,NORMAL,8408.2,40.45,88.84,78.51,14.96,15.02,24.45,49.95,0,0,0,0,0
2026-01-01T00:49:23Z,leak,NORMAL,8391.0,39.94,88.12,79.11,15.03,15.04,24.36,49.95,0,0,0,0,0
2026-01-01T00:49:24Z,leak,NORMAL,8388.0,40.47,89.06,78.75,14.85,15.04,24.42,50.06,0,0,0,0,0
2026-01-01T00:49:25Z,leak,NORMAL,8413.7,40.0,88.98,78.98,15.17,14.69,24.51,50.01,0,0,0,0,0
2026-01-01T00:49:26Z,leak,NORMAL,8397.6,39.96,89.09,78.8,15.07,14.92,24.54,49.97,0,0,0,0,0
2026-01-01T00:49:27Z,leak,NORMAL,8397.8,39.89,89.42,79.65,15.17,14.99,24.48,50.04,0,0,0,0,0
2026-01-01T00:49:28Z,leak,NORMAL,8407.6,40.72,88.96,78.69,15.16,15.03,24.31,50.03,0,0,0,0,0
2026-01-01T00:49:29Z,leak,NORMAL,8383.5,40.05,88.44,79.11,15.04,14.96,24.22,49.98,0,0,0,0,0
2026-01-01T00:49:30Z,leak,NORMAL,8407.9,40.45,88.45,79.39,14.95,14.92,24.52,50.04,0,0,0,0,0
2026-01-01T00:49:31Z,leak,NORMAL,8415.6,39.76,89.6,80.1,15.03,15.05,24.29,50.02,0,0,0,0,0
2026-01-01T00:49:32Z,leak,NORMAL,8387.5,39.97,89.77,79.19,15.05,15.14,24.47,50.03,0,0,0,0,0
2026-01-01T00:49:33Z,leak,NORMAL,8405.0,39.89,88.32,78.9,14.93,14.86,24.38,50.0,0,0,0,0,0
2026-01-01T00:49:34Z,leak,NORMAL,8398.9,40.26,89.22,78.52,15.07,15.05,24.28,49.96,0,0,0,0,0
2026-01-01T00:49:35Z,leak,NORMAL,8407.2,40.14,88.52,78.76,14.96,15.12,24.41,50.06,0,0,0,0,0
2026-01-01T00:49:36Z,leak,NORMAL,8413.9,39.94,88.52,80.15,15.21,14.88,24.31,50.08,0,0,0,0,0
2026-01-01T00:49:37Z,leak,NORMAL,8420.5,40.31,88.55,79.48,14.89,14.94,24.4,49.99,0,0,0,0,0
2026-01-01T00:49:38Z,leak,NORMAL,8420.9,39.89,89.29,78.76,15.1,15.07,24.38,50.01,0,0,0,0,0
2026-01-01T00:49:39Z,leak,NORMAL,8413.6,39.96,89.96,79.34,14.98,15.02,24.32,49.97,0,0,0,0,0
2026-01-01T00:49:40Z,leak,NORMAL,8399.4,40.31,89.49,80.19,14.81,14.92,24.26,50.05,0,0,0,0,0
2026-01-01T00:49:41Z,leak,NORMAL,8408.2,40.04,89.25,79.12,15.02,15.05,24.32,49.97,0,0,0,0,0
2026-01-01T00:49:42Z,leak,NORMAL,8398.7,39.95,88.02,79.04,15.08,15.02,24.08,49.94,0,0,0,0,0
2026-01-01T00:49:43Z,leak,NORMAL,8389.3,40.17,88.05,80.44,15.1,15.17,24.25,50.02,0,0,0,0,0
2026-01-01T00:49:44Z,leak,NORMAL,8410.3,40.17,88.19,79.77,15.25,15.02,24.29,49.99,0,0,0,0,0
2026-01-01T00:49:45Z,leak,NORMAL,8405.9,40.12,89.2,79.51,14.99,14.95,24.26,49.94,0,0,0,0,0
2026-01-01T00:49:46Z,leak,NORMAL,8393.4,40.17,89.15,78.38,15.15,14.99,24.2,50.09,0,0,0,0,0
2026-01-01T00:49:47Z,leak,NORMAL,8394.0,39.66,89.0,78.64,15.24,14.92,24.22,50.04,0,0,0,0,0
2026-01-01T00:49:48Z,leak,NORMAL,8402.6,39.77,89.43,79.21,15.14,14.9,24.23,50.03,0,0,0,0,0
2026-01-01T00:49:49Z,leak,NORMAL,8407.1,39.95,88.87,79.21,14.92,15.07,24.16,49.98,0,0,0,0,0
2026-01-01T00:49:50Z,leak,NORMAL,8404.6,39.83,89.19,78.81,15.0,14.92,24.29,50.04,0,0,0,0,0
2026-01-01T00:49:51Z,leak,NORMAL,8400.1,39.86,89.39,78.87,14.9,14.97,24.32,50.04,0,0,0,0,0
2026-01-01T00:49:52Z,leak,NORMAL,8389.8,40.01,88.63,79.31,14.98,15.05,24.37,49.93,0,0,0,0,0
2026-01-01T00:49:53Z,leak,NORMAL,8388.4,40.04,89.55,79.06,14.94,14.95,24.27,49.93,0,0,0,0,0
2026-01-01T00:49:54Z,leak,NORMAL,8402.3,39.73,89.14,79.96,15.0,15.07,24.35,49.99,0,0,0,0,0
2026-01-01T00:49:55Z,leak,NORMAL,8393.0,39.9,88.5,78.93,15.01,14.82,24.22,50.02,0,0,0,0,0
2026-01-01T00:49:56Z,leak,NORMAL,8403.0,40.0,89.13,79.38,14.84,15.04,24.34,50.0,0,0,0,0,0
2026-01-01T00:49:57Z,leak,NORMAL,8396.3,40.44,89.0,78.18,14.86,14.94,24.02,50.04,0,0,0,0,0
2026-01-01T00:49:58Z,leak,NORMAL,8395.0,40.01,89.38,78.95,14.85,14.83,24.09,49.89,0,0,0,0,0
2026-01-01T00:49:59Z,leak,NORMAL,8413.4,40.01,89.47,79.11,14.84,15.27,24.23,50.01,0,0,0,0,0
2026-01-01T00:50:00Z,leak,NORMAL,8411.1,40.23,90.51,79.07,15.06,15.01,24.13,49.98,0,0,0,0,0
2026-01-01T00:50:01Z,leak,NORMAL,8389.2,40.35,89.31,79.44,14.99,15.15,24.17,49.97,0,0,0,0,0
2026-01-01T00:50:02Z,leak,NORMAL,8402.7,40.23,89.48,78.36,15.07,15.17,24.19,49.98,0,0,0,0,0
2026-01-01T00:50:03Z,leak,NORMAL,8410.1,40.23,88.59,78.83,15.07,14.93,24.23,50.05,0,0,0,0,0
2026-01-01T00:50:04Z,leak,NORMAL,8399.9,40.25,89.21,78.6,15.06,15.14,24.21,50.01,0,0,0,0,0
2026-01-01T00:50:05Z,leak,NORMAL,8396.5,40.11,89.23,79.75,14.95,15.07,24.25,49.99,0,0,0,0,0
2026-01-01T00:50:06Z,leak,NORMAL,8402.4,39.45,89.23,78.11,14.91,14.91,24.15,50.02,0,0,0,0,0
2026-01-01T00:50:07Z,leak,NORMAL,8389.9,39.61,88.69,79.39,15.0,14.93,24.14,50.0,0,0,0,0,0
2026-01-01T00:50:08Z,leak,NORMAL,8402.0,39.89,89.33,79.89,14.94,15.03,24.07,50.02,0,0,0,0,0
2026-01-01T00:50:09Z,leak,NORMAL,8407.1,40.0,89.33,79.22,14.75,15.04,24.12,49.92,0,0,0,0,0
2026-01-01T00:50:10Z,leak,NORMAL,8401.5,39.66,88.94,79.23,15.0,14.98,24.15,50.03,0,0,0,0,0
2026-01-01T00:50:11Z,leak,NORMAL,8416.4,39.96,88.89,79.05,14.97,14.98,24.1,49.99,0,0,0,0,0
2026-01-01T00:50:12Z,leak,NORMAL,8405.8,39.87,89.05,78.64,14.93,14.94,24.28,50.04,0,0,0,0,0
2026-01-01T00:50:13Z,leak,NORMAL,8410.4,39.94,89.39,79.08,14.9,14.91,24.25,50.07,0,0,0,0,0
2026-01-01T00:50:14Z,leak,NORMAL,8415.9,39.84,88.64,79.16,15.08,14.77,24.19,49.99,0,0,0,0,0
2026-01-01T00:50:15Z,leak,NORMAL,8406.4,39.63,88.33,78.86,15.08,14.98,23.99,50.1,0,0,0,0,0
2026-01-01T00:50:16Z,leak,NORMAL,8395.0,39.76,89.41,79.16,15.04,14.91,23.98,50.07,0,0,0,0,0
2026-01-01T00:50:17Z,leak,NORMAL,8407.0,40.1,88.92,78.75,15.0,15.11,24.12,49.95,0,0,0,0,0
2026-01-01T00:50:18Z,leak,NORMAL,8390.1,40.06,89.7,79.3,14.99,15.02,24.08,50.04,0,0,0,0,0
2026-01-01T00:50:19Z,leak,NORMAL,8413.3,39.85,88.77,78.29,15.0,15.21,23.94,50.08,0,0,0,0,0
2026-01-01T00:50:20Z,leak,NORMAL,8406.3,40.03,88.8,78.74,15.11,14.99,24.19,50.05,0,0,0,0,0
2026-01-01T00:50:21Z,leak,NORMAL,8399.8,40.18,88.87,78.76,14.95,14.9,24.23,50.08,0,0,0,0,0
2026-01-01T00:50:22Z,leak,NORMAL,8422.1,39.91,89.26,78.8,15.03,15.04,23.94,50.03,0,0,0,0,0
2026-01-01T00:50:23Z,leak,NORMAL,8407.6,40.03,88.61,78.97,14.96,14.96,24.01,49.98,0,0,0,0,0
2026-01-01T00:50:24Z,leak,NORMAL,8401.4,39.97,88.82,79.3,14.83,15.04,24.08,50.01,0,0,0,0,0
2026-01-01T00:50:25Z,leak,NORMAL,8413.2,40.18,88.96,78.99,14.94,14.93,23.94,49.96,0,0,0,0,0
2026-01-01T00:50:26Z,leak,NORMAL,8404.4,39.81,89.11,79.34,14.99,15.01,24.06,50.0,0,0,0,0,0
2026-01-01T00:50:27Z,leak,NORMAL,8407.6,39.81,89.11,78.63,14.86,15.0,24.17,49.95,0,0,0,0,0
2026-01-01T00:50:28Z,leak,NORMAL,8402.9,40.17,89.62,79.21,14.89,15.0,23.98,50.02,0,0,0,0,0
2026-01-01T00:50:29Z,leak,NORMAL,8408.1,39.84,88.36,78.49,15.03,15.1,23.98,49.93,0,0,0,0,0
2026-01-01T00:50:30Z,leak,NORMAL,8405.9,40.07,88.92,78.71,15.03,14.88,24.06,50.01,0,0,0,0,0
2026-01-01T00:50:31Z,leak,NORMAL,8407.9,40.25,89.2,79.21,15.16,15.05,24.09,50.02,0,0,0,0,0
2026-01-01T00:50:32Z,leak,NORMAL,8404.5,40.06,88.89,79.25,15.1,15.07,23.93,49.99,0,0,0,0,0
2026-01-01T00:50:33Z,leak,NORMAL,8408.3,40.05,88.68,78.88,14.98,14.79,23.96,49.95,0,0,0,0,0
2026-01-01T00:50:34Z,leak,NORMAL,8406.2,39.72,89.17,79.93,15.01,15.13,23.99,49.98,0,0,0,0,0
2026-01-01T00:50:35Z,leak,NORMAL,8419.5,39.91,89.02,79.47,15.17,15.01,23.93,49.98,0,0,0,0,0
2026-01-01T00:50:36Z,leak,NORMAL,8397.9,40.02,89.11,79.02,15.05,15.06,23.96,49.91,0,0,0,0,0
2026-01-01T00:50:37Z,leak,NORMAL,8431.4,39.91,88.5,79.13,14.99,15.09,24.04,49.91,0,0,0,0,0
2026-01-01T00:50:38Z,leak,NORMAL,8401.1,39.66,88.88,79.27,14.88,15.03,24.03,50.01,0,0,0,0,0
2026-01-01T00:50:39Z,leak,NORMAL,8413.8,39.67,88.38,78.37,14.97,15.07,23.89,50.05,0,0,0,0,0
2026-01-01T00:50:40Z,leak,NORMAL,8417.3,40.16,88.53,79.78,14.91,14.94,23.9,50.0,0,0,0,0,0
2026-01-01T00:50:41Z,leak,NORMAL,8397.1,40.1,89.65,79.55,14.9,15.0,24.03,50.04,0,0,0,0,0
2026-01-01T00:50:42Z,leak,NORMAL,8403.2,39.9,89.37,79.37,15.11,14.8,23.9,50.01,0,0,0,0,0
2026-01-01T00:50:43Z,leak,NORMAL,8421.8,40.03,89.1,79.21,14.81,14.95,23.88,50.01,0,0,0,0,0
2026-01-01T00:50:44Z,leak,NORMAL,8418.9,39.99,89.53,79.58,15.15,14.93,23.93,50.05,0,0,0,0,0
2026-01-01T00:50:45Z,leak,NORMAL,8421.0,40.07,88.66,79.31,14.93,15.0,23.96,50.04,0,0,0,0,0
2026-01-01T00:50:46Z,leak,NORMAL,8412.2,39.93,88.21,79.23,14.98,14.94,23.89,49.96,0,0,0,0,0
2026-01-01T00:50:47Z,leak,NORMAL,8412.3,40.14,87.83,78.1,14.99,14.93,24.0,49.98,0,0,0,0,0
2026-01-01T00:50:48Z,leak,NORMAL,8422.4,40.03,88.82,79.58,14.88,14.95,24.12,49.93,0,0,0,0,0
2026-01-01T00:50:49Z,leak,NORMAL,8418.0,40.25,89.13,78.65,15.12,15.02,23.79,50.01,0,0,0,0,0
2026-01-01T00:50:50Z,leak,NORMAL,8409.5,39.84,89.21,79.96,15.01,14.87,24.02,50.11,0,0,0,0,0
2026-01-01T00:50:51Z,leak,NORMAL,8419.3,39.69,89.3,78.93,14.93,14.91,24.0,50.02,0,0,0,0,0
2026-01-01T00:50:52Z,leak,NORMAL,8417.6,40.07,89.21,78.92,14.99,14.85,23.87,49.99,0,0,0,0,0
2026-01-01T00:50:53Z,leak,NORMAL,8412.6,40.03,89.4,79.49,14.98,15.0,23.8,49.99,0,0,0,0,0
2026-01-01T00:50:54Z,leak,NORMAL,8392.1,39.7,88.95,79.11,15.04,14.92,23.77,50.02,0,0,0,0,0
2026-01-01T00:50:55Z,leak,NORMAL,8422.7,39.69,88.57,78.23,14.92,15.01,23.79,49.95,0,0,0,0,0
2026-01-01T00:50:56Z,leak,NORMAL,8424.8,40.04,89.26,78.85,15.06,15.06,23.99,49.93,0,0,0,0,0
2026-01-01T00:50:57Z,leak,NORMAL,8429.2,39.99,89.05,78.39,14.95,14.99,24.12,49.95,0,0,0,0,0
2026-01-01T00:50:58Z,leak,NORMAL,8409.8,40.1,88.59,78.47,15.15,14.96,23.81,50.02,0,0,0,0,0
2026-01-01T00:50:59Z,leak,NORMAL,8427.7,39.99,89.67,79.41,15.09,14.99,23.76,50.07,0,0,0,0,0
2026-01-01T00:51:00Z,leak,NORMAL,8421.1,39.67,89.66,79.44,14.95,14.96,23.97,49.97,0,0,0,0,0
2026-01-01T00:51:01Z,leak,NORMAL,8438.5,40.2,89.36,79.99,14.96,14.86,23.88,49.99,0,0,0,0,0
2026-01-01T00:51:02Z,leak,NORMAL,8399.1,39.91,89.05,78.81,15.05,15.18,23.75,50.0,0,0,0,0,0
2026-01-01T00:51:03Z,leak,NORMAL,8417.1,40.01,89.01,78.77,14.86,15.12,23.81,49.95,0,0,0,0,0
2026-01-01T00:51:04Z,leak,NORMAL,8438.0,40.26,89.75,79.37,14.92,14.99,24.03,50.02,0,0,0,0,0
2026-01-01T00:51:05Z,leak,NORMAL,8419.8,40.25,89.68,79.25,15.05,15.08,23.8,50.06,0,0,0,0,0
2026-01-01T00:51:06Z,leak,NORMAL,8421.9,40.12,88.79,78.04,15.03,14.93,23.72,49.96,0,0,0,0,0
2026-01-01T00:51:07Z,leak,NORMAL,8426.4,39.9,88.76,79.11,14.99,14.86,23.95,50.09,0,0,0,0,0
2026-01-01T00:51:08Z,leak,NORMAL,8430.4,39.58,89.88,79.63,15.12,15.06,23.82,49.96,0,0,0,0,0
2026-01-01T00:51:09Z,leak,NORMAL,8430.2,39.95,89.08,77.66,15.07,14.98,23.71,50.0,0,0,0,0,0
2026-01-01T00:51:10Z,leak,NORMAL,8438.2,40.42,89.83,77.67,14.97,14.9,23.96,50.02,0,0,0,0,0
2026-01-01T00:51:11Z,leak,NORMAL,8418.6,40.16,89.16,79.46,15.07,14.86,23.72,49.99,0,0,0,0,0
2026-01-01T00:51:12Z,leak,NORMAL,8437.8,40.11,89.3,78.41,15.17,15.01,23.7,50.01,0,0,0,0,0
2026-01-01T00:51:13Z,leak,NORMAL,8425.5,39.85,89.35,79.05,14.87,14.92,23.72,50.1,0,0,0,0,0
2026-01-01T00:51:14Z,leak,NORMAL,8421.2,39.89,88.45,78.28,15.28,15.06,23.64,49.94,0,0,0,0,0
2026-01-01T00:51:15Z,leak,NORMAL,8428.5,39.79,88.52,78.3,14.89,15.21,23.88,49.98,0,0,0,0,0
2026-01-01T00:51:16Z,leak,NORMAL,8428.8,40.0,89.57,80.34,14.77,15.04,23.67,50.02,0,0,0,0,0
2026-01-01T00:51:17Z,leak,NORMAL,8440.7,40.17,89.29,79.52,15.22,15.02,23.72,50.07,0,0,0,0,0
2026-01-01T00:51:18Z,leak,NORMAL,8424.1,39.74,89.45,79.04,14.85,14.86,23.81,49.97,0,0,0,0,0
2026-01-01T00:51:19Z,leak,NORMAL,8438.4,39.81,89.52,78.95,15.01,15.09,23.8,49.99,0,0,0,0,0
2026-01-01T00:51:20Z,leak,NORMAL,8421.5,39.92,89.11,79.49,14.92,15.26,23.81,49.97,0,0,0,0,0
2026-01-01T00:51:21Z,leak,NORMAL,8429.0,39.74,89.48,79.46,15.06,14.84,23.89,50.0,0,0,0,0,0
2026-01-01T00:51:22Z,leak,NORMAL,8428.3,40.07,89.44,79.0,14.94,14.9,23.6,49.88,0,0,0,0,0
2026-01-01T00:51:23Z,leak,NORMAL,8430.8,40.08,88.78,78.71,15.09,15.07,23.79,50.06,0,0,0,0,0
2026-01-01T00:51:24Z,leak,NORMAL,8432.8,39.59,88.85,79.23,15.03,14.95,23.9,49.87,0,0,0,0,0
2026-01-01T00:51:25Z,leak,NORMAL,8433.7,39.74,88.36,79.1,14.97,15.03,23.88,49.95,0,0,0,0,0
2026-01-01T00:51:26Z,leak,NORMAL,8446.7,40.02,88.78,79.62,15.05,15.12,23.76,50.0,0,0,0,0,0
2026-01-01T00:51:27Z,leak,NORMAL,8448.1,39.96,88.94,79.49,14.8,14.88,23.67,50.01,0,0,0,0,0
2026-01-01T00:51:28Z,leak,NORMAL,8446.3,40.16,89.37,79.65,14.96,14.98,23.89,50.04,0,0,0,0,0
2026-01-01T00:51:29Z,leak,NORMAL,8443.8,39.87,88.9,78.32,15.05,14.83,23.69,50.04,0,0,0,0,0
2026-01-01T00:51:30Z,leak,NORMAL,8439.5,39.92,89.85,79.18,15.07,15.15,23.7,50.03,0,0,0,0,0
2026-01-01T00:51:31Z,leak,NORMAL,8449.3,39.72,88.98,79.1,15.01,15.07,23.54,50.09,0,0,0,0,0
2026-01-01T00:51:32Z,leak,NORMAL,8444.2,39.8,89.66,78.97,15.1,15.02,23.76,49.91,0,0,0,0,0
2026-01-01T00:51:33Z,leak,NORMAL,8449.2,40.14,88.9,79.01,14.96,14.96,23.68,50.01,0,0,0,0,0
2026-01-01T00:51:34Z,leak,NORMAL,8445.6,40.18,89.69,78.63,14.84,15.22,23.77,49.94,0,0,0,0,0
2026-01-01T00:51:35Z,leak,NORMAL,8464.2,39.86,90.05,79.16,15.16,14.84,23.8,49.92,0,0,0,0,0
2026-01-01T00:51:36Z,leak,NORMAL,8448.4,40.21,90.22,78.64,14.92,15.04,23.66,50.02,0,0,0,0,0
2026-01-01T00:51:37Z,leak,NORMAL,8455.8,39.84,89.92,79.37,15.04,14.88,23.84,50.0,0,0,0,0,0
2026-01-01T00:51:38Z,leak,NORMAL,8452.8,39.83,89.78,79.68,14.78,15.06,23.83,49.99,0,0,0,0,0
2026-01-01T00:51:39Z,leak,NORMAL,8443.1,39.87,88.48,80.13,14.88,15.06,23.61,49.98,0,0,0,0,0
2026-01-01T00:51:40Z,leak,NORMAL,8467.2,40.03,88.47,79.5,14.87,14.84,23.73,49.96,0,0,0,0,0
2026-01-01T00:51:41Z,leak,NORMAL,8471.0,40.12,88.63,78.49,15.22,15.13,23.68,50.06,0,0,0,0,0
2026-01-01T00:51:42Z,leak,NORMAL,8460.6,39.53,89.93,79.03,14.94,15.1,23.58,50.04,0,0,0,0,0
2026-01-01T00:51:43Z,leak,NORMAL,8447.7,40.26,90.15,79.63,14.98,15.01,23.74,50.03,0,0,0,0,0
2026-01-01T00:51:44Z,leak,NORMAL,8451.9,40.25,89.39,78.96,14.99,15.07,23.77,49.99,0,0,0,0,0
2026-01-01T00:51:45Z,leak,NORMAL,8449.4,39.84,89.36,79.27,15.23,14.97,23.54,50.1,0,0,0,0,0
2026-01-01T00:51:46Z,leak,NORMAL,8446.5,39.72,88.81,79.71,15.02,14.93,23.61,50.01,0,0,0,0,0
2026-01-01T00:51:47Z,leak,NORMAL,8465.5,39.7,89.45,79.6,14.96,14.99,23.69,49.95,0,0,0,0,0
2026-01-01T00:51:48Z,leak,NORMAL,8463.3,40.16,89.08,79.44,15.05,15.01,23.81,50.03,0,0,0,0,0
2026-01-01T00:51:49Z,leak,NORMAL,8467.7,39.81,90.77,77.96,14.94,15.03,23.48,50.07,0,0,0,0,0
2026-01-01T00:51:50Z,leak,NORMAL,8443.1,39.97,88.92,78.7,15.0,15.14,23.46,49.96,0,0,0,0,0
2026-01-01T00:51:51Z,leak,NORMAL,8450.9,40.14,89.98,79.48,14.96,15.08,23.8,50.01,0,0,0,0,0
2026-01-01T00:51:52Z,leak,NORMAL,8466.6,40.01,89.57,78.79,14.88,14.94,23.76,50.05,0,0,0,0,0
2026-01-01T00:51:53Z,leak,NORMAL,8463.1,39.99,89.22,80.42,15.04,14.96,23.7,49.94,0,0,0,0,0
2026-01-01T00:51:54Z,leak,NORMAL,8452.6,40.06,89.55,79.19,15.02,15.09,23.74,50.1,0,0,0,0,0
2026-01-01T00:51:55Z,leak,NORMAL,8465.2,39.86,89.41,79.73,14.95,14.94,23.45,50.0,0,0,0,0,0
2026-01-01T00:51:56Z,leak,NORMAL,8466.0,39.68,89.63,79.98,14.97,14.95,23.6,50.05,0,0,0,0,0
2026-01-01T00:51:57Z,leak,NORMAL,8457.2,40.11,90.16,78.46,14.93,15.02,23.66,50.04,0,0,0,0,0
2026-01-01T00:51:58Z,leak,NORMAL,8466.4,40.18,89.06,79.5,14.9,14.81,23.39,50.08,0,0,0,0,0
2026-01-01T00:51:59Z,leak,NORMAL,8460.9,40.06,90.25,79.56,15.19,14.88,23.43,49.94,0,0,0,0,0
2026-01-01T00:52:00Z,leak,NORMAL,8468.9,40.23,89.67,78.91,14.99,15.08,23.57,50.04,0,0,0,0,0
2026-01-01T00:52:01Z,leak,NORMAL,8462.0,40.0,88.78,78.89,14.9,15.04,23.56,50.09,0,0,0,0,0
2026-01-01T00:52:02Z,leak,NORMAL,8488.4,40.06,89.65,79.9,14.9,15.05,23.76,50.02,0,0,0,0,0
2026-01-01T00:52:03Z,leak,NORMAL,8492.8,40.06,89.21,79.64,14.96,15.1,23.57,50.02,0,0,0,0,0
2026-01-01T00:52:04Z,leak,NORMAL,8469.2,40.21,89.86,80.26,15.12,15.05,23.58,49.93,0,0,0,0,0
2026-01-01T00:52:05Z,leak,NORMAL,8493.5,40.11,89.58,78.54,14.93,15.07,23.47,50.0,0,0,0,0,0
2026-01-01T00:52:06Z,leak,NORMAL,8473.8,40.15,89.71,80.87,15.05,14.86,23.47,50.02,0,0,0,0,0
2026-01-01T00:52:07Z,leak,NORMAL,8498.0,39.87,89.84,79.25,14.76,15.15,23.38,49.92,0,0,0,0,0
2026-01-01T00:52:08Z,leak,NORMAL,8476.9,39.97,90.05,79.36,15.39,15.07,23.53,49.98,0,0,0,0,0
2026-01-01T00:52:09Z,leak,NORMAL,8477.0,39.63,88.96,79.04,14.93,15.08,23.66,50.04,0,0,0,0,0
2026-01-01T00:52:10Z,leak,NORMAL,8469.1,39.85,89.61,78.53,15.04,15.0,23.69,50.06,0,0,0,0,0
2026-01-01T00:52:11Z,leak,NORMAL,8464.0,40.0,88.62,79.85,14.97,15.02,23.5,49.94,0,0,0,0,0
2026-01-01T00:52:12Z,leak,NORMAL,8477.7,40.04,89.26,78.93,14.85,14.99,23.49,50.05,0,0,0,0,0
2026-01-01T00:52:13Z,leak,NORMAL,8473.9,39.9,89.22,78.79,14.85,15.14,23.5,49.99,0,0,0,0,0
2026-01-01T00:52:14Z,leak,NORMAL,8479.9,40.08,88.6,80.29,14.98,14.99,23.48,49.99,0,0,0,0,0
2026-01-01T00:52:15Z,leak,NORMAL,8481.5,39.7,89.73,79.48,15.07,15.14,23.28,50.0,0,0,0,0,0
2026-01-01T00:52:16Z,leak,NORMAL,8490.9,39.86,90.15,78.89,14.93,14.93,23.53,49.99,0,0,0,0,0
2026-01-01T00:52:17Z,leak,NORMAL,8490.0,40.03,90.2,79.1,14.94,15.06,23.42,50.09,0,0,0,0,0
2026-01-01T00:52:18Z,leak,NORMAL,8490.6,40.26,90.24,79.84,14.99,14.91,23.48,50.04,0,0,0,0,0
2026-01-01T00:52:19Z,leak,NORMAL,8486.8,40.1,90.05,80.19,15.0,15.02,23.65,49.94,0,0,0,0,0
2026-01-01T00:52:20Z,leak,NORMAL,8497.5,40.28,89.91,79.01,15.01,15.09,23.67,50.05,0,0,0,0,0
2026-01-01T00:52:21Z,leak,NORMAL,8483.5,39.69,89.45,79.81,15.08,14.91,23.45,50.03,0,0,0,0,0
2026-01-01T00:52:22Z,leak,NORMAL,8513.5,39.91,90.48,79.93,15.09,15.01,23.42,50.03,0,0,0,0,0
2026-01-01T00:52:23Z,leak,NORMAL,8502.3,39.93,89.45,80.43,14.86,15.2,23.63,49.97,0,0,0,0,0
2026-01-01T00:52:24Z,leak,NORMAL,8489.5,40.09,90.3,80.03,14.9,15.18,23.47,49.98,0,0,0,0,0
2026-01-01T00:52:25Z,leak,NORMAL,8486.9,39.92,90.52,79.03,15.05,15.03,23.74,50.0,0,0,0,0,0
2026-01-01T00:52:26Z,leak,NORMAL,8486.7,40.32,90.57,78.48,15.09,15.07,23.46,49.97,0,0,0,0,0
2026-01-01T00:52:27Z,leak,NORMAL,8473.2,39.89,90.16,79.83,14.76,14.95,23.63,50.06,0,0,0,0,0
2026-01-01T00:52:28Z,leak,NORMAL,8499.0,39.68,91.15,79.58,15.07,15.03,23.39,50.03,0,0,0,0,0
2026-01-01T00:52:29Z,leak,NORMAL,8490.3,39.46,90.41,80.63,15.11,15.08,23.37,50.04,0,0,0,0,0
2026-01-01T00:52:30Z,leak,NORMAL,8514.4,39.54,90.45,78.87,15.0,14.95,23.52,50.02,0,0,0,0,0
2026-01-01T00:52:31Z,leak,NORMAL,8494.0,40.02,90.09,79.78,14.99,14.96,23.43,50.04,0,0,0,0,0
2026-01-01T00:52:32Z,leak,NORMAL,8495.4,39.85,90.64,78.68,14.99,15.03,23.51,50.02,0,0,0,0,0
2026-01-01T00:52:33Z,leak,NORMAL,8513.2,40.01,90.6,80.1,15.11,14.91,23.5,49.97,0,0,0,0,0
2026-01-01T00:52:34Z,leak,NORMAL,8497.0,39.89,89.99,79.26,14.84,15.11,23.27,50.03,0,0,0,0,0
2026-01-01T00:52:35Z,leak,NORMAL,8494.3,40.56,89.66,80.53,15.0,14.94,23.37,49.99,0,0,0,0,0
2026-01-01T00:52:36Z,leak,NORMAL,8523.7,39.85,89.59,79.45,15.08,15.03,23.53,50.03,0,0,0,0,0
2026-01-01T00:52:37Z,leak,NORMAL,8505.9,39.91,89.77,79.84,14.97,14.91,23.31,49.94,0,0,0,0,0
2026-01-01T00:52:38Z,leak,NORMAL,8510.3,40.04,90.01,78.78,14.96,14.88,23.51,50.05,0,0,0,0,0
2026-01-01T00:52:39Z,leak,NORMAL,8519.3,40.24,89.77,79.9,15.1,14.8,23.43,50.02,0,0,0,0,0
2026-01-01T00:52:40Z,leak,NORMAL,8512.9,39.83,89.81,79.52,15.04,14.81,23.31,49.98,0,0,0,0,0
2026-01-01T00:52:41Z,leak,NORMAL,8517.8,40.19,89.62,79.34,15.05,14.85,23.39,49.99,0,0,0,0,0
2026-01-01T00:52:42Z,leak,NORMAL,8506.4,39.95,90.24,79.1,15.13,14.95,23.22,50.0,0,0,0,0,0
2026-01-01T00:52:43Z,leak,NORMAL,8501.9,39.93,89.95,79.51,15.25,15.05,23.27,49.91,0,0,0,0,0
2026-01-01T00:52:44Z,leak,NORMAL,8512.3,40.18,89.78,79.81,15.04,14.88,23.44,49.99,0,0,0,0,0
2026-01-01T00:52:45Z,leak,NORMAL,8509.4,40.14,90.37,80.54,15.14,15.04,23.15,49.99,0,0,0,0,0
2026-01-01T00:52:46Z,leak,NORMAL,8505.5,39.76,90.49,80.38,14.98,15.0,23.32,50.03,0,0,0,0,0
2026-01-01T00:52:47Z,leak,NORMAL,8533.7,40.06,90.27,79.49,14.92,15.05,23.34,50.05,0,0,0,0,0
2026-01-01T00:52:48Z,leak,NORMAL,8500.0,40.11,89.85,79.2,14.91,15.13,23.57,50.01,0,0,0,0,0
2026-01-01T00:52:49Z,leak,NORMAL,8500.5,39.6,89.71,79.62,14.88,15.1,23.38,50.02,0,0,0,0,0
2026-01-01T00:52:50Z,leak,NORMAL,8508.5,40.18,89.56,80.57,15.02,15.13,23.14,49.98,0,0,0,0,0
2026-01-01T00:52:51Z,leak,NORMAL,8500.9,40.14,89.68,80.5,15.12,14.93,23.38,49.98,0,0,0,0,0
2026-01-01T00:52:52Z,leak,NORMAL,8501.8,40.32,89.9,80.01,15.17,14.92,23.4,50.0,0,0,0,0,0
2026-01-01T00:52:53Z,leak,NORMAL,8535.3,40.19,90.31,80.35,15.1,14.95,23.22,49.96,0,0,0,0,0
2026-01-01T00:52:54Z,leak,NORMAL,8503.6,40.13,90.17,79.21,15.0,15.02,23.27,50.07,0,0,0,0,0
2026-01-01T00:52:55Z,leak,NORMAL,8521.6,39.61,89.28,79.79,15.02,14.84,23.11,49.95,0,0,0,0,0
2026-01-01T00:52:56Z,leak,NORMAL,8517.3,39.93,89.46,79.47,14.99,15.18,23.31,49.88,0,0,0,0,0
2026-01-01T00:52:57Z,leak,NORMAL,8527.1,40.21,89.56,79.68,15.19,14.83,23.28,50.02,0,0,0,0,0
2026-01-01T00:52:58Z,leak,NORMAL,8539.1,40.09,90.16,79.68,14.99,14.88,23.36,49.96,0,0,0,0,0
2026-01-01T00:52:59Z,leak,NORMAL,8515.9,39.98,90.45,79.39,15.02,14.81,23.25,50.07,0,0,0,0,0
2026-01-01T00:53:00Z,leak,NORMAL,8541.3,40.34,89.72,80.5,14.92,14.87,23.37,49.98,0,0,0,0,0
2026-01-01T00:53:01Z,leak,NORMAL,8543.0,39.82,90.91,79.48,15.05,15.05,23.32,50.03,0,0,0,0,0
2026-01-01T00:53:02Z,leak,NORMAL,8519.8,40.09,89.89,80.5,14.93,15.23,23.13,50.05,0,0,0,0,0
2026-01-01T00:53:03Z,leak,NORMAL,8524.1,39.82,89.86,79.67,14.94,15.11,23.24,50.01,0,0,0,0,0
2026-01-01T00:53:04Z,leak,NORMAL,8531.0,40.17,89.85,79.79,15.08,15.04,23.38,50.11,0,0,0,0,0
2026-01-01T00:53:05Z,leak,NORMAL,8529.6,40.17,90.37,79.57,14.84,14.84,23.27,49.94,0,0,0,0,0
2026-01-01T00:53:06Z,leak,NORMAL,8523.8,39.95,90.06,81.31,15.13,15.06,23.4,49.99,0,0,0,0,0
2026-01-01T00:53:07Z,leak,NORMAL,8552.9,39.7,89.89,80.22,15.12,15.11,23.4,50.05,0,0,0,0,0
2026-01-01T00:53:08Z,leak,NORMAL,8528.7,40.01,90.41,80.72,14.95,15.07,23.32,49.91,0,0,0,0,0
2026-01-01T00:53:09Z,leak,NORMAL,8518.1,40.16,89.89,79.7,14.94,14.96,23.26,49.89,0,0,0,0,0
2026-01-01T00:53:10Z,leak,NORMAL,8562.0,40.15,89.96,80.54,15.08,15.17,23.24,50.02,0,0,0,0,0
2026-01-01T00:53:11Z,leak,NORMAL,8555.6,40.08,90.06,80.57,14.96,14.95,23.28,50.03,0,0,0,0,0
2026-01-01T00:53:12Z,leak,NORMAL,8537.7,40.25,90.32,79.65,14.97,14.95,23.19,50.04,0,0,0,0,0
2026-01-01T00:53:13Z,leak,NORMAL,8530.0,39.9,90.33,80.82,15.04,15.01,23.2,49.96,0,0,0,0,0
2026-01-01T00:53:14Z,leak,NORMAL,8543.1,40.01,90.67,81.15,14.96,14.99,23.4,49.92,0,0,0,0,0
2026-01-01T00:53:15Z,leak,NORMAL,8535.9,40.06,90.53,79.52,14.87,15.1,23.35,50.03,0,0,0,0,0
2026-01-01T00:53:16Z,leak,NORMAL,8543.0,40.21,90.75,80.16,15.06,15.08,23.19,49.96,0,0,0,0,0
2026-01-01T00:53:17Z,leak,NORMAL,8558.9,39.64,90.61,79.68,14.96,14.89,23.35,50.01,0,0,0,0,0
2026-01-01T00:53:18Z,leak,NORMAL,8551.7,40.44,90.65,79.8,14.96,14.98,23.21,49.93,0,0,0,0,0
2026-01-01T00:53:19Z,leak,NORMAL,8550.4,39.83,89.74,80.39,14.93,14.84,23.24,50.01,0,0,0,0,0
2026-01-01T00:53:20Z,leak,NORMAL,8567.7,39.95,91.67,79.75,14.97,14.81,23.17,49.94,0,0,0,0,0
2026-01-01T00:53:21Z,leak,NORMAL,8529.5,39.86,90.17,79.68,15.09,14.91,23.31,50.02,0,0,0,0,0
2026-01-01T00:53:22Z,leak,NORMAL,8552.2,40.14,90.88,80.01,14.88,15.02,23.23,50.05,0,0,0,0,0
2026-01-01T00:53:23Z,leak,NORMAL,8536.9,40.09,90.91,79.37,15.02,14.96,23.28,49.94,0,0,0,0,0
2026-01-01T00:53:24Z,leak,NORMAL,8546.5,39.96,89.9,80.18,14.97,15.03,23.11,49.97,0,0,0,0,0
2026-01-01T00:53:25Z,leak,NORMAL,8546.2,40.34,90.22,80.03,15.01,15.04,23.37,49.97,0,0,0,0,0
2026-01-01T00:53:26Z,leak,NORMAL,8559.8,40.3,90.51,79.62,14.91,14.88,23.13,50.01,0,0,0,0,0
2026-01-01T00:53:27Z,leak,NORMAL,8544.3,40.08,90.03,81.2,14.91,15.01,23.19,50.07,0,0,0,0,0
2026-01-01T00:53:28Z,leak,NORMAL,8544.8,39.75,90.21,79.91,15.11,14.99,23.12,50.01,0,0,0,0,0
2026-01-01T00:53:29Z,leak,NORMAL,8549.6,40.18,89.37,79.77,14.97,14.81,23.22,50.07,0,0,0,0,0
2026-01-01T00:53:30Z,leak,NORMAL,8565.0,39.86,91.23,80.01,14.99,15.05,23.26,50.07,0,0,0,0,0
2026-01-01T00:53:31Z,leak,NORMAL,8525.2,40.13,90.39,80.06,15.14,14.96,23.03,50.02,0,0,0,0,0
2026-01-01T00:53:32Z,leak,NORMAL,8558.8,39.73,90.47,81.02,15.06,14.87,23.18,49.95,0,0,0,0,0
2026-01-01T00:53:33Z,leak,NORMAL,8569.3,40.42,89.96,80.41,14.96,15.03,23.14,50.06,0,0,0,0,0
2026-01-01T00:53:34Z,leak,NORMAL,8557.6,39.77,91.05,80.65,15.07,14.93,23.25,50.07,0,0,0,0,0
2026-01-01T00:53:35Z,leak,NORMAL,8571.3,40.32,89.28,80.01,14.99,15.02,23.24,49.92,0,0,0,0,0
2026-01-01T00:53:36Z,leak,NORMAL,8564.8,39.63,89.89,80.38,15.05,14.92,23.07,50.0,0,0,0,0,0
2026-01-01T00:53:37Z,leak,NORMAL,8556.6,40.07,91.06,79.96,15.12,14.92,23.26,50.02,0,0,0,0,0
2026-01-01T00:53:38Z,leak,NORMAL,8565.6,40.12,90.5,79.46,14.93,14.92,23.17,50.05,0,0,0,0,0
2026-01-01T00:53:39Z,leak,NORMAL,8562.8,40.36,91.13,80.34,14.98,14.93,23.35,49.99,0,0,0,0,0
2026-01-01T00:53:40Z,leak,NORMAL,8545.5,40.02,90.76,80.02,14.97,15.12,23.17,49.94,0,0,0,0,0
2026-01-01T00:53:41Z,leak,NORMAL,8576.5,39.99,90.85,81.52,14.88,15.12,23.31,50.01,0,0,0,0,0
2026-01-01T00:53:42Z,leak,NORMAL,8572.0,40.35,90.78,80.5,14.91,15.12,23.18,49.99,0,0,0,0,0
2026-01-01T00:53:43Z,leak,NORMAL,8579.1,40.2,91.14,80.18,15.02,14.92,23.32,50.01,0,0,0,0,0
2026-01-01T00:53:44Z,leak,NORMAL,8564.8,39.88,90.2,80.32,15.18,15.12,23.28,50.07,0,0,0,0,0
2026-01-01T00:53:45Z,leak,NORMAL,8555.4,40.27,90.69,81.03,15.03,14.87,23.05,50.03,0,0,0,0,0
2026-01-01T00:53:46Z,leak,NORMAL,8564.2,40.11,88.75,81.33,14.9,15.11,23.11,50.05,0,0,0,0,0
2026-01-01T00:53:47Z,leak,NORMAL,8559.2,40.13,90.4,80.5,14.92,14.98,23.24,50.02,0,0,0,0,0
2026-01-01T00:53:48Z,leak,NORMAL,8575.4,39.65,90.68,79.75,15.06,15.03,23.01,49.93,0,0,0,0,0
2026-01-01T00:53:49Z,leak,NORMAL,8566.0,40.22,90.42,81.09,14.82,15.08,23.25,49.98,0,0,0,0,0
2026-01-01T00:53:50Z,leak,NORMAL,8567.2,39.69,89.95,80.89,15.18,14.84,23.15,50.13,0,0,0,0,0
2026-01-01T00:53:51Z,leak,NORMAL,8577.4,40.32,91.42,80.34,14.89,14.81,23.14,49.97,0,0,0,0,0
2026-01-01T00:53:52Z,leak,NORMAL,8563.1,40.21,91.05,79.94,15.11,15.15,22.9,49.99,0,0,0,0,0
2026-01-01T00:53:53Z,leak,NORMAL,8559.7,40.41,90.52,80.16,14.98,14.82,23.32,49.97,0,0,0,0,0
2026-01-01T00:53:54Z,leak,NORMAL,8575.5,39.89,89.86,80.45,14.82,15.15,23.31,50.06,0,0,0,0,0
2026-01-01T00:53:55Z,leak,NORMAL,8562.6,39.56,90.81,80.21,14.99,15.15,23.14,50.03,0,0,0,0,0
2026-01-01T00:53:56Z,leak,NORMAL,8558.8,40.32,89.97,80.05,14.83,14.95,23.22,50.04,0,0,0,0,0
2026-01-01T00:53:57Z,leak,NORMAL,8569.4,39.88,91.57,80.39,14.93,15.02,23.09,49.96,0,0,0,0,0
2026-01-01T00:53:58Z,leak,NORMAL,8571.5,40.1,90.09,81.18,14.96,15.22,23.19,50.01,0,0,0,0,0
2026-01-01T00:53:59Z,leak,NORMAL,8578.7,39.76,91.39,79.65,14.96,15.06,23.21,49.98,0,0,0,0,0
2026-01-01T00:54:00Z,leak,NORMAL,8592.5,39.94,90.97,80.81,15.07,14.87,23.26,50.04,0,0,0,0,0
2026-01-01T00:54:01Z,leak,NORMAL,8555.1,40.17,90.38,80.73,15.14,15.1,23.13,50.06,0,0,0,0,0
2026-01-01T00:54:02Z,leak,NORMAL,8587.5,40.09,90.85,80.65,15.13,15.07,23.15,50.04,0,0,0,0,0
2026-01-01T00:54:03Z,leak,NORMAL,8579.1,40.07,91.04,80.75,15.03,15.06,23.09,50.02,0,0,0,0,0
2026-01-01T00:54:04Z,leak,NORMAL,8559.6,39.98,90.46,80.83,15.03,14.98,22.87,49.93,0,0,0,0,0
2026-01-01T00:54:05Z,leak,NORMAL,8574.6,39.8,91.28,80.98,15.02,14.9,23.13,49.95,0,0,0,0,0
2026-01-01T00:54:06Z,leak,NORMAL,8566.7,40.03,90.73,80.42,14.78,15.13,23.11,50.0,0,0,0,0,0
2026-01-01T00:54:07Z,leak,NORMAL,8563.3,39.89,90.68,80.7,14.96,15.11,23.16,49.97,0,0,0,0,0
2026-01-01T00:54:08Z,leak,NORMAL,8585.2,40.37,91.32,81.43,14.9,14.85,23.13,50.05,0,0,0,0,0
2026-01-01T00:54:09Z,leak,NORMAL,8578.9,40.25,90.94,80.68,14.97,14.85,23.15,50.08,0,0,0,0,0
2026-01-01T00:54:10Z,leak,NORMAL,8566.8,40.29,91.01,80.0,15.16,14.97,23.13,49.93,0,0,0,0,0
2026-01-01T00:54:11Z,leak,NORMAL,8584.7,40.1,91.53,79.01,14.96,14.87,23.11,49.98,0,0,0,0,0
2026-01-01T00:54:12Z,leak,NORMAL,8602.6,40.17,90.62,80.56,14.9,15.08,23.03,49.97,0,0,0,0,0
2026-01-01T00:54:13Z,leak,NORMAL,8593.1,40.01,91.18,80.95,15.0,15.14,23.06,49.96,0,0,0,0,0
2026-01-01T00:54:14Z,leak,NORMAL,8598.7,40.31,91.33,80.51,15.06,15.0,22.98,50.04,0,0,0,0,0
2026-01-01T00:54:15Z,leak,NORMAL,8586.6,39.75,90.38,80.63,15.0,15.01,23.27,49.91,0,0,0,0,0
2026-01-01T00:54:16Z,leak,NORMAL,8588.5,40.34,90.62,80.94,14.92,15.0,23.06,49.94,0,0,0,0,0
2026-01-01T00:54:17Z,leak,NORMAL,8595.9,40.1,89.88,81.01,14.98,15.04,23.03,50.1,0,0,0,0,0
2026-01-01T00:54:18Z,leak,NORMAL,8582.5,40.1,90.71,80.26,15.06,15.01,23.14,50.01,0,0,0,0,0
2026-01-01T00:54:19Z,leak,NORMAL,8589.5,39.92,91.2,80.5,15.08,15.05,22.97,49.99,0,0,0,0,0
2026-01-01T00:54:20Z,leak,NORMAL,8585.0,39.75,91.24,80.73,15.07,14.81,23.0,50.02,0,0,0,0,0
2026-01-01T00:54:21Z,leak,NORMAL,8569.2,40.02,90.79,80.4,14.93,15.1,23.28,49.94,0,0,0,0,0
2026-01-01T00:54:22Z,leak,NORMAL,8587.6,40.1,91.55,80.3,15.04,15.0,23.01,50.04,0,0,0,0,0
2026-01-01T00:54:23Z,leak,NORMAL,8591.4,40.28,90.49,80.57,15.01,15.1,23.09,50.08,0,0,0,0,0
2026-01-01T00:54:24Z,leak,NORMAL,8572.1,40.11,89.94,81.0,14.97,15.01,23.05,50.02,0,0,0,0,0
2026-01-01T00:54:25Z,leak,NORMAL,8579.4,40.44,91.55,79.77,15.03,14.9,22.97,49.93,0,0,0,0,0
2026-01-01T00:54:26Z,leak,NORMAL,8598.9,39.76,90.56,80.81,15.01,15.06,23.01,49.97,0,0,0,0,0
2026-01-01T00:54:27Z,leak,NORMAL,8599.1,39.72,90.5,81.48,14.72,15.0,23.19,50.0,0,0,0,0,0
2026-01-01T00:54:28Z,leak,NORMAL,8593.4,39.83,90.81,81.36,15.08,15.02,23.17,49.96,0,0,0,0,0
2026-01-01T00:54:29Z,leak,NORMAL,8598.4,39.64,89.45,80.37,14.85,15.13,23.13,49.98,0,0,0,0,0
2026-01-01T00:54:30Z,leak,NORMAL,8605.3,40.09,91.55,79.92,14.92,15.1,23.23,49.94,0,0,0,0,0
2026-01-01T00:54:31Z,leak,NORMAL,8588.7,40.05,91.39,81.14,15.11,15.0,23.05,50.05,0,0,0,0,0
2026-01-01T00:54:32Z,leak,NORMAL,8589.2,40.32,90.46,81.06,14.82,14.99,23.15,50.04,0,0,0,0,0
2026-01-01T00:54:33Z,leak,NORMAL,8586.2,39.92,90.32,81.81,14.93,14.85,22.97,49.97,0,0,0,0,0
2026-01-01T00:54:34Z,leak,NORMAL,8593.2,40.3,90.5,80.72,14.83,15.1,22.99,50.05,0,0,0,0,0
2026-01-01T00:54:35Z,leak,NORMAL,8575.8,39.74,91.72,80.58,14.94,15.04,23.15,50.04,0,0,0,0,0
2026-01-01T00:54:36Z,leak,NORMAL,8592.1,39.98,91.02,80.27,14.9,15.04,22.99,49.97,0,0,0,0,0
2026-01-01T00:54:37Z,leak,NORMAL,8595.2,39.86,90.11,80.45,15.04,15.06,23.02,50.01,0,0,0,0,0
2026-01-01T00:54:38Z,leak,NORMAL,8594.7,39.66,90.27,81.08,15.21,15.12,23.1,49.85,0,0,0,0,0
2026-01-01T00:54:39Z,leak,NORMAL,8604.6,40.18,90.69,80.98,15.03,14.9,23.22,49.98,0,0,0,0,0
2026-01-01T00:54:40Z,leak,NORMAL,8599.1,40.12,91.07,81.59,15.01,14.97,23.16,50.05,0,0,0,0,0
2026-01-01T00:54:41Z,leak,NORMAL,8602.9,39.93,90.35,81.45,15.08,14.81,23.2,49.89,0,0,0,0,0
2026-01-01T00:54:42Z,leak,NORMAL,8575.5,40.4,90.97,81.2,15.09,14.95,23.04,50.02,0,0,0,0,0
2026-01-01T00:54:43Z,leak,NORMAL,8589.8,40.21,90.32,81.4,14.96,14.97,23.0,50.0,0,0,0,0,0
2026-01-01T00:54:44Z,leak,NORMAL,8596.1,39.94,91.21,79.89,14.99,15.12,23.11,49.96,0,0,0,0,0
2026-01-01T00:54:45Z,leak,NORMAL,8580.0,39.93,90.87,81.06,15.14,14.97,23.08,49.94,0,0,0,0,0
2026-01-01T00:54:46Z,leak,NORMAL,8603.3,40.01,90.75,81.22,15.11,15.14,22.95,50.12,0,0,0,0,0
2026-01-01T00:54:47Z,leak,NORMAL,8570.7,40.34,91.47,80.79,15.04,14.89,23.22,49.91,0,0,0,0,0
2026-01-01T00:54:48Z,leak,NORMAL,8584.1,39.91,90.53,81.04,14.99,14.97,23.02,49.88,0,0,0,0,0
2026-01-01T00:54:49Z,leak,NORMAL,8601.5,40.13,91.52,81.14,15.04,14.97,23.28,49.98,0,0,0,0,0
2026-01-01T00:54:50Z,leak,NORMAL,8574.0,39.81,92.1,80.31,15.02,14.85,22.95,49.99,0,0,0,0,0
2026-01-01T00:54:51Z,leak,NORMAL,8586.8,39.96,91.54,80.6,15.05,15.17,23.22,50.04,0,0,0,0,0
2026-01-01T00:54:52Z,leak,NORMAL,8602.8,39.76,91.11,80.6,15.05,14.9,23.01,49.96,0,0,0,0,0
2026-01-01T00:54:53Z,leak,NORMAL,8595.2,40.2,91.1,81.74,14.89,14.97,23.04,50.0,0,0,0,0,0
2026-01-01T00:54:54Z,leak,NORMAL,8601.2,40.03,90.6,80.83,14.98,14.95,23.21,50.01,0,0,0,0,0
2026-01-01T00:54:55Z,leak,NORMAL,8597.0,39.71,91.83,80.93,14.92,15.01,23.09,49.99,0,0,0,0,0
2026-01-01T00:54:56Z,leak,NORMAL,8597.0,40.23,91.68,81.68,15.18,15.08,23.04,50.05,0,0,0,0,0
2026-01-01T00:54:57Z,leak,NORMAL,8605.2,39.88,90.97,80.05,14.94,15.08,23.01,49.95,0,0,0,0,0
2026-01-01T00:54:58Z,leak,NORMAL,8596.1,40.37,91.13,81.72,15.12,15.04,23.06,49.96,0,0,0,0,0
2026-01-01T00:54:59Z,leak,NORMAL,8576.4,39.87,91.06,81.01,15.12,14.98,22.84,50.0,0,0,0,0,0
2026-01-01T00:55:00Z,leak,NORMAL,8596.6,39.87,90.33,80.78,14.84,15.08,23.11,49.97,0,0,0,0,0
2026-01-01T00:55:01Z,leak,NORMAL,8605.1,39.98,91.42,81.37,14.98,15.15,22.96,50.07,0,0,0,0,0
2026-01-01T00:55:02Z,leak,NORMAL,8591.3,39.85,91.16,81.03,15.08,15.07,22.9,49.94,0,0,0,0,0
2026-01-01T00:55:03Z,leak,NORMAL,8594.1,40.01,90.7,80.63,14.97,14.99,23.08,49.98,0,0,0,0,0
2026-01-01T00:55:04Z,leak,NORMAL,8598.0,39.82,91.1,81.73,15.11,14.98,23.13,50.0,0,0,0,0,0
2026-01-01T00:55:05Z,leak,NORMAL,8595.5,39.89,90.59,81.02,15.12,15.19,22.9,50.11,0,0,0,0,0
2026-01-01T00:55:06Z,leak,NORMAL,8593.0,39.86,90.93,81.19,14.94,15.03,22.96,49.97,0,0,0,0,0
2026-01-01T00:55:07Z,leak,NORMAL,8598.3,40.12,91.92,81.07,14.88,15.2,22.98,50.09,0,0,0,0,0
2026-01-01T00:55:08Z,leak,NORMAL,8625.2,39.98,91.41,80.75,15.07,14.83,22.99,49.99,0,0,0,0,0
2026-01-01T00:55:09Z,leak,NORMAL,8608.8,40.2,90.42,80.9,14.98,14.94,22.9,49.9,0,0,0,0,0
2026-01-01T00:55:10Z,leak,NORMAL,8621.3,39.91,91.0,80.61,15.09,14.95,23.07,49.94,0,0,0,0,0
2026-01-01T00:55:11Z,leak,NORMAL,8605.2,39.9,91.2,81.37,14.94,14.93,22.97,50.1,0,0,0,0,0
2026-01-01T00:55:12Z,leak,NORMAL,8593.5,39.99,91.53,80.9,14.91,15.01,22.91,50.04,0,0,0,0,0
2026-01-01T00:55:13Z,leak,NORMAL,8591.9,40.4,91.53,80.44,15.07,14.88,22.89,49.96,0,0,0,0,0
2026-01-01T00:55:14Z,leak,NORMAL,8602.7,40.45,90.62,80.41,15.08,15.08,23.21,49.9,0,0,0,0,0
2026-01-01T00:55:15Z,leak,NORMAL,8588.1,39.77,90.99,80.96,15.14,15.06,22.92,50.01,0,0,0,0,0
2026-01-01T00:55:16Z,leak,NORMAL,8613.5,40.3,90.41,81.42,15.19,14.96,23.09,50.03,0,0,0,0,0
2026-01-01T00:55:17Z,leak,NORMAL,8600.6,40.04,90.47,81.34,15.16,15.06,23.02,49.96,0,0,0,0,0
2026-01-01T00:55:18Z,leak,NORMAL,8612.1,39.53,91.69,80.6,15.04,15.06,23.08,49.99,0,0,0,0,0
2026-01-01T00:55:19Z,leak,NORMAL,8581.0,40.09,90.17,81.66,14.99,15.25,22.97,50.06,0,0,0,0,0
2026-01-01T00:55:20Z,leak,NORMAL,8603.6,39.6,90.64,80.54,15.1,15.1,23.08,50.14,0,0,0,0,0
2026-01-01T00:55:21Z,leak,NORMAL,8576.4,39.63,90.92,81.89,15.07,15.11,22.91,49.93,0,0,0,0,0
2026-01-01T00:55:22Z,leak,NORMAL,8612.6,39.93,90.82,81.47,14.87,15.08,23.08,49.91,0,0,0,0,0
2026-01-01T00:55:23Z,leak,NORMAL,8606.5,40.09,91.11,80.93,15.05,15.09,23.17,49.96,0,0,0,0,0
2026-01-01T00:55:24Z,leak,NORMAL,8581.3,40.08,90.99,81.05,14.99,14.95,22.91,49.97,0,0,0,0,0
2026-01-01T00:55:25Z,leak,NORMAL,8593.9,39.73,90.17,81.4,14.83,15.11,22.98,49.97,0,0,0,0,0
2026-01-01T00:55:26Z,leak,NORMAL,8586.8,40.07,91.47,80.35,14.94,15.13,23.24,50.04,0,0,0,0,0
2026-01-01T00:55:27Z,leak,NORMAL,8601.1,40.14,90.57,81.35,15.1,15.12,23.13,50.02,0,0,0,0,0
2026-01-01T00:55:28Z,leak,NORMAL,8614.9,39.89,90.97,81.66,14.94,14.94,23.05,50.06,0,0,0,0,0
2026-01-01T00:55:29Z,leak,NORMAL,8590.4,39.92,91.54,80.36,14.91,14.82,23.07,49.93,0,0,0,0,0
2026-01-01T00:55:30Z,leak,NORMAL,8602.2,40.2,90.88,80.59,15.06,15.18,23.05,49.98,0,0,0,0,0
2026-01-01T00:55:31Z,leak,NORMAL,8597.2,40.04,90.64,81.06,15.0,15.21,23.02,49.99,0,0,0,0,0
2026-01-01T00:55:32Z,leak,NORMAL,8607.1,39.98,91.29,81.2,14.97,15.11,23.03,50.07,0,0,0,0,0
2026-01-01T00:55:33Z,leak,NORMAL,8590.1,39.97,91.16,80.75,15.0,15.09,23.01,50.02,0,0,0,0,0
2026-01-01T00:55:34Z,leak,NORMAL,8603.3,40.05,91.19,81.18,15.15,15.03,22.97,50.04,0,0,0,0,0
2026-01-01T00:55:35Z,leak,NORMAL,8584.4,39.95,91.45,79.84,14.96,15.35,23.08,50.01,0,0,0,0,0
2026-01-01T00:55:36Z,leak,NORMAL,8610.2,39.77,90.48,79.94,14.97,15.02,22.98,49.98,0,0,0,0,0
2026-01-01T00:55:37Z,leak,NORMAL,8602.9,39.64,91.27,81.29,15.01,14.97,22.91,50.01,0,0,0,0,0
2026-01-01T00:55:38Z,leak,NORMAL,8578.5,39.8,91.38,80.29,15.16,14.86,22.93,50.07,0,0,0,0,0
2026-01-01T00:55:39Z,leak,NORMAL,8593.6,39.83,92.15,80.74,15.14,14.98,23.06,49.98,0,0,0,0,0
2026-01-01T00:55:40Z,leak,NORMAL,8587.3,39.63,90.79,81.56,15.17,15.16,22.96,50.01,0,0,0,0,0
2026-01-01T00:55:41Z,leak,NORMAL,8607.7,39.93,91.29,81.32,15.0,15.19,22.88,50.03,0,0,0,0,0
2026-01-01T00:55:42Z,leak,NORMAL,8606.7,40.29,90.53,80.13,14.88,14.82,23.01,49.96,0,0,0,0,0
2026-01-01T00:55:43Z,leak,NORMAL,8607.2,40.3,91.55,81.02,15.03,15.01,23.08,50.04,0,0,0,0,0
2026-01-01T00:55:44Z,leak,NORMAL,8583.9,39.92,91.28,80.33,14.9,15.05,23.09,49.97,0,0,0,0,0
2026-01-01T00:55:45Z,leak,NORMAL,8586.7,39.72,90.03,81.54,14.83,14.99,22.99,49.99,0,0,0,0,0
2026-01-01T00:55:46Z,leak,NORMAL,8599.5,40.08,91.03,80.21,15.1,14.87,22.93,49.97,0,0,0,0,0
2026-01-01T00:55:47Z,leak,NORMAL,8580.2,39.98,91.55,81.41,15.17,15.04,23.14,49.96,0,0,0,0,0
2026-01-01T00:55:48Z,leak,NORMAL,8585.9,40.1,90.49,80.94,14.84,14.99,23.02,49.98,0,0,0,0,0
2026-01-01T00:55:49Z,leak,NORMAL,8595.0,39.83,90.4,81.34,15.14,14.99,22.97,49.96,0,0,0,0,0
2026-01-01T00:55:50Z,leak,NORMAL,8607.6,39.99,90.7,80.95,14.88,15.02,23.27,50.01,0,0,0,0,0
2026-01-01T00:55:51Z,leak,NORMAL,8589.1,39.89,91.7,81.02,14.86,14.95,23.1,49.99,0,0,0,0,0
2026-01-01T00:55:52Z,leak,NORMAL,8593.6,40.11,91.11,81.52,15.12,15.01,23.0,49.92,0,0,0,0,0
2026-01-01T00:55:53Z,leak,NORMAL,8601.6,40.04,91.46,81.17,14.81,15.07,23.04,49.93,0,0,0,0,0
2026-01-01T00:55:54Z,leak,NORMAL,8598.7,39.99,90.69,80.65,14.97,15.12,22.85,50.06,0,0,0,0,0
2026-01-01T00:55:55Z,leak,NORMAL,8587.9,40.23,89.87,80.54,14.91,15.08,22.94,50.02,0,0,0,0,0
2026-01-01T00:55:56Z,leak,NORMAL,8594.3,39.87,90.74,81.02,14.92,15.04,23.17,50.02,0,0,0,0,0
2026-01-01T00:55:57Z,leak,NORMAL,8592.9,39.64,91.08,81.42,15.04,14.98,23.16,50.02,0,0,0,0,0
2026-01-01T00:55:58Z,leak,NORMAL,8574.8,40.1,91.44,81.64,15.08,15.09,23.13,49.99,0,0,0,0,0
2026-01-01T00:55:59Z,leak,NORMAL,8587.1,39.86,91.06,80.23,14.93,15.01,23.01,49.98,0,0,0,0,0
2026-01-01T00:56:00Z,leak,NORMAL,8573.5,40.01,91.63,81.55,15.03,14.96,23.0,50.06,0,0,0,0,0
2026-01-01T00:56:01Z,leak,NORMAL,8596.8,40.32,91.41,81.58,15.06,15.07,23.07,49.96,0,0,0,0,0
2026-01-01T00:56:02Z,leak,NORMAL,8588.6,40.01,90.58,81.56,15.31,15.06,23.0,49.93,0,0,0,0,0
2026-01-01T00:56:03Z,leak,NORMAL,8573.8,39.87,91.19,81.93,14.91,15.06,22.92,49.99,0,0,0,0,0
2026-01-01T00:56:04Z,leak,NORMAL,8582.5,40.08,91.01,81.32,15.02,14.92,22.86,49.99,0,0,0,0,0
2026-01-01T00:56:05Z,leak,NORMAL,8585.9,40.02,91.24,81.16,15.05,15.07,23.3,49.94,0,0,0,0,0
2026-01-01T00:56:06Z,leak,NORMAL,8556.1,40.03,90.83,81.52,14.77,14.89,22.77,50.08,0,0,0,0,0
2026-01-01T00:56:07Z,leak,NORMAL,8574.1,40.1,90.33,80.94,15.02,15.04,22.95,49.97,0,0,0,0,0
2026-01-01T00:56:08Z,leak,NORMAL,8585.5,40.09,91.04,80.29,15.06,15.02,23.03,50.03,0,0,0,0,0
2026-01-01T00:56:09Z,leak,NORMAL,8587.9,39.9,90.34,81.57,14.81,15.06,23.09,49.99,0,0,0,0,0
2026-01-01T00:56:10Z,leak,NORMAL,8589.3,40.09,90.77,80.92,14.98,15.23,23.07,49.98,0,0,0,0,0
2026-01-01T00:56:11Z,leak,NORMAL,8593.6,39.68,91.09,80.99,14.98,15.02,22.99,49.99,0,0,0,0,0
2026-01-01T00:56:12Z,leak,NORMAL,8585.3,40.24,90.26,81.02,15.02,14.89,22.93,49.96,0,0,0,0,0
2026-01-01T00:56:13Z,leak,NORMAL,8574.2,40.09,91.13,81.1,14.93,15.06,22.86,49.97,0,0,0,0,0
2026-01-01T00:56:14Z,leak,NORMAL,8583.7,39.87,91.04,81.2,15.02,14.93,22.96,49.99,0,0,0,0,0
2026-01-01T00:56:15Z,leak,NORMAL,8568.2,39.95,90.82,80.59,14.89,15.03,23.03,50.01,0,0,0,0,0
2026-01-01T00:56:16Z,leak,NORMAL,8595.0,39.87,91.63,80.16,15.06,15.01,22.97,49.94,0,0,0,0,0
2026-01-01T00:56:17Z,leak,NORMAL,8585.1,39.58,91.02,80.29,15.0,15.13,23.08,50.0,0,0,0,0,0
2026-01-01T00:56:18Z,leak,NORMAL,8573.9,40.46,91.1,79.96,14.85,14.93,23.13,49.92,0,0,0,0,0
2026-01-01T00:56:19Z,leak,NORMAL,8579.9,39.74,90.75,79.98,14.89,15.1,22.87,49.94,0,0,0,0,0
2026-01-01T00:56:20Z,leak,NORMAL,8573.1,39.8,90.03,80.66,14.94,15.26,23.05,50.02,0,0,0,0,0
2026-01-01T00:56:21Z,leak,NORMAL,8587.9,40.19,90.6,80.92,15.12,14.85,22.98,49.97,0,0,0,0,0
2026-01-01T00:56:22Z,leak,NORMAL,8582.0,39.94,91.5,81.34,15.08,15.12,22.91,50.02,0,0,0,0,0
2026-01-01T00:56:23Z,leak,NORMAL,8581.2,40.0,91.29,81.04,15.17,15.0,23.09,49.91,0,0,0,0,0
2026-01-01T00:56:24Z,leak,NORMAL,8580.9,39.87,90.56,81.81,14.93,15.02,23.09,50.0,0,0,0,0,0
2026-01-01T00:56:25Z,leak,NORMAL,8574.6,39.83,91.15,80.71,14.76,15.04,23.09,50.04,0,0,0,0,0
2026-01-01T00:56:26Z,leak,NORMAL,8583.9,39.96,90.95,80.39,14.99,15.07,23.19,49.91,0,0,0,0,0
2026-01-01T00:56:27Z,leak,NORMAL,8568.5,40.28,89.81,80.37,14.99,15.0,23.11,49.99,0,0,0,0,0
2026-01-01T00:56:28Z,leak,NORMAL,8574.8,40.09,90.77,79.07,14.98,15.06,22.87,49.91,0,0,0,0,0
2026-01-01T00:56:29Z,leak,NORMAL,8585.5,40.16,91.09,80.94,15.01,14.89,23.05,50.02,0,0,0,0,0
2026-01-01T00:56:30Z,leak,NORMAL,8565.8,39.95,89.57,80.98,15.01,15.15,23.07,50.0,0,0,0,0,0
2026-01-01T00:56:31Z,leak,NORMAL,8556.9,39.96,90.52,81.34,15.07,15.05,22.97,50.03,0,0,0,0,0
2026-01-01T00:56:32Z,leak,NORMAL,8565.3,40.07,89.62,81.34,14.89,15.08,23.12,49.97,0,0,0,0,0
2026-01-01T00:56:33Z,leak,NORMAL,8556.7,39.8,90.36,80.84,15.0,15.04,23.19,50.01,0,0,0,0,0
2026-01-01T00:56:34Z,leak,NORMAL,8560.8,40.05,91.88,80.8,14.89,15.03,23.05,49.95,0,0,0,0,0
2026-01-01T00:56:35Z,leak,NORMAL,8580.1,39.89,90.84,81.44,14.92,14.96,23.07,50.03,0,0,0,0,0
2026-01-01T00:56:36Z,leak,NORMAL,8565.9,40.0,90.5,80.83,15.08,14.93,22.9,49.96,0,0,0,0,0
2026-01-01T00:56:37Z,leak,NORMAL,8577.9,39.45,90.71,80.97,15.07,14.96,22.99,50.12,0,0,0,0,0
2026-01-01T00:56:38Z,leak,NORMAL,8564.9,39.83,90.26,80.56,15.01,15.07,23.01,49.96,0,0,0,0,0
2026-01-01T00:56:39Z,leak,NORMAL,8551.4,39.92,90.58,80.42,15.07,14.97,23.17,49.99,0,0,0,0,0
2026-01-01T00:56:40Z,leak,NORMAL,8552.1,39.67,90.64,80.38,15.17,14.89,23.06,49.96,0,0,0,0,0
2026-01-01T00:56:41Z,leak,NORMAL,8554.7,39.75,91.0,81.48,15.07,14.99,23.02,50.02,0,0,0,0,0
2026-01-01T00:56:42Z,leak,NORMAL,8557.7,39.77,90.87,80.52,15.07,15.0,22.98,49.98,0,0,0,0,0
2026-01-01T00:56:43Z,leak,NORMAL,8537.8,40.19,90.6,81.41,14.96,14.77,23.12,50.08,0,0,0,0,0
2026-01-01T00:56:44Z,leak,NORMAL,8548.2,39.93,89.7,80.66,15.07,14.99,22.92,49.93,0,0,0,0,0
2026-01-01T00:56:45Z,leak,NORMAL,8550.6,39.83,90.45,80.88,14.91,14.71,23.14,49.99,0,0,0,0,0
2026-01-01T00:56:46Z,leak,NORMAL,8556.7,40.1,90.76,79.7,14.82,15.15,22.98,50.02,0,0,0,0,0
2026-01-01T00:56:47Z,leak,NORMAL,8550.0,39.97,91.3,80.14,14.95,15.01,23.1,49.98,0,0,0,0,0
2026-01-01T00:56:48Z,leak,NORMAL,8554.9,40.03,90.43,80.17,14.82,14.85,23.01,50.03,0,0,0,0,0
2026-01-01T00:56:49Z,leak,NORMAL,8550.4,40.13,89.99,80.37,14.96,15.01,22.99,50.13,0,0,0,0,0
2026-01-01T00:56:50Z,leak,NORMAL,8546.0,39.85,91.64,80.82,14.94,14.96,23.01,49.95,0,0,0,0,0
2026-01-01T00:56:51Z,leak,NORMAL,8553.4,39.92,90.13,80.65,15.13,14.96,23.12,50.04,0,0,0,0,0
2026-01-01T00:56:52Z,leak,NORMAL,8534.6,39.76,90.71,80.81,15.09,14.95,23.1,50.01,0,0,0,0,0
2026-01-01T00:56:53Z,leak,NORMAL,8571.3,40.24,90.91,80.09,15.0,14.96,23.06,50.02,0,0,0,0,0
2026-01-01T00:56:54Z,leak,NORMAL,8560.4,40.11,90.73,81.12,15.0,15.17,22.99,49.96,0,0,0,0,0
2026-01-01T00:56:55Z,leak,NORMAL,8550.2,40.07,90.6,80.91,14.99,14.88,23.04,49.97,0,0,0,0,0
2026-01-01T00:56:56Z,leak,NORMAL,8555.6,39.76,90.11,81.21,15.14,15.05,23.29,49.97,0,0,0,0,0
2026-01-01T00:56:57Z,leak,NORMAL,8554.1,39.65,90.24,80.79,15.04,14.98,23.07,50.04,0,0,0,0,0
2026-01-01T00:56:58Z,leak,NORMAL,8555.5,40.21,91.08,80.54,14.9,14.9,22.9,50.06,0,0,0,0,0
2026-01-01T00:56:59Z,leak,NORMAL,8538.3,40.13,89.95,81.06,15.03,15.03,23.21,50.0,0,0,0,0,0
2026-01-01T00:57:00Z,leak,NORMAL,8544.5,39.97,90.58,80.92,14.99,14.9,23.06,50.06,0,0,0,0,0
2026-01-01T00:57:01Z,leak,NORMAL,8555.2,40.11,90.88,80.65,15.06,15.01,23.08,50.02,0,0,0,0,0
2026-01-01T00:57:02Z,leak,NORMAL,8531.8,39.8,90.23,80.85,15.12,14.93,23.27,50.04,0,0,0,0,0
2026-01-01T00:57:03Z,leak,NORMAL,8538.8,40.01,90.52,81.05,14.97,14.98,23.02,49.98,0,0,0,0,0
2026-01-01T00:57:04Z,leak,NORMAL,8543.4,40.17,90.65,80.09,15.11,14.91,23.0,50.03,0,0,0,0,0
2026-01-01T00:57:05Z,leak,NORMAL,8546.4,40.12,90.05,80.35,14.99,15.19,22.92,49.96,0,0,0,0,0
2026-01-01T00:57:06Z,leak,NORMAL,8540.9,40.11,90.76,81.31,15.01,14.92,23.06,49.96,0,0,0,0,0
2026-01-01T00:57:07Z,leak,NORMAL,8554.1,39.91,90.46,80.14,14.96,14.88,22.89,50.0,0,0,0,0,0
2026-01-01T00:57:08Z,leak,NORMAL,8538.7,39.95,90.54,80.31,15.07,15.02,23.0,49.96,0,0,0,0,0
2026-01-01T00:57:09Z,leak,NORMAL,8529.8,40.21,90.84,80.88,14.96,14.87,23.02,49.94,0,0,0,0,0
2026-01-01T00:57:10Z,leak,NORMAL,8536.8,39.57,90.35,80.36,14.89,15.01,23.05,49.98,0,0,0,0,0
2026-01-01T00:57:11Z,leak,NORMAL,8530.1,40.07,90.89,81.28,14.99,15.1,23.11,50.03,0,0,0,0,0
2026-01-01T00:57:12Z,leak,NORMAL,8514.2,40.22,90.92,80.52,15.06,15.01,23.07,50.04,0,0,0,0,0
2026-01-01T00:57:13Z,leak,NORMAL,8529.9,39.99,90.09,80.3,14.91,14.91,22.94,50.01,0,0,0,0,0
2026-01-01T00:57:14Z,leak,NORMAL,8525.4,39.48,90.5,80.29,15.13,14.76,23.16,49.97,0,0,0,0,0
2026-01-01T00:57:15Z,leak,NORMAL,8521.8,40.21,90.22,80.38,14.99,14.92,23.14,50.01,0,0,0,0,0
2026-01-01T00:57:16Z,leak,NORMAL,8514.8,39.47,90.92,80.47,15.02,15.12,23.17,50.04,0,0,0,0,0
2026-01-01T00:57:17Z,leak,NORMAL,8538.0,39.94,90.16,80.68,14.92,15.1,23.11,49.97,0,0,0,0,0
2026-01-01T00:57:18Z,leak,NORMAL,8530.9,40.34,89.91,80.45,15.02,14.99,23.26,49.97,0,0,0,0,0
2026-01-01T00:57:19Z,leak,NORMAL,8520.0,39.94,90.34,81.28,15.07,15.09,23.3,49.98,0,0,0,0,0
2026-01-01T00:57:20Z,leak,NORMAL,8526.7,40.09,90.92,80.07,14.93,14.99,23.17,50.05,0,0,0,0,0
2026-01-01T00:57:21Z,leak,NORMAL,8517.5,39.45,90.37,80.14,14.96,15.05,23.11,50.0,0,0,0,0,0
2026-01-01T00:57:22Z,leak,NORMAL,8508.1,39.74,90.07,80.46,14.82,15.04,23.26,50.03,0,0,0,0,0
2026-01-01T00:57:23Z,leak,NORMAL,8528.8,40.23,89.37,80.98,14.94,14.94,23.22,50.07,0,0,0,0,0
2026-01-01T00:57:24Z,leak,NORMAL,8516.3,40.16,90.27,80.44,15.2,14.94,23.18,50.0,0,0,0,0,0
2026-01-01T00:57:25Z,leak,NORMAL,8515.4,40.23,90.29,80.78,14.94,15.03,23.12,49.99,0,0,0,0,0
2026-01-01T00:57:26Z,leak,NORMAL,8489.6,40.33,90.53,80.79,15.16,15.04,23.13,50.0,0,0,0,0,0
2026-01-01T00:57:27Z,leak,NORMAL,8529.8,39.83,89.86,79.57,14.96,14.95,22.96,50.02,0,0,0,0,0
2026-01-01T00:57:28Z,leak,NORMAL,8491.5,39.75,90.3,80.22,15.02,14.99,22.98,49.94,0,0,0,0,0
2026-01-01T00:57:29Z,leak,NORMAL,8513.8,39.86,89.31,80.99,14.91,15.04,22.99,49.97,0,0,0,0,0
2026-01-01T00:57:30Z,leak,NORMAL,8512.0,40.14,90.49,80.17,14.99,15.08,23.23,49.98,0,0,0,0,0
2026-01-01T00:57:31Z,leak,NORMAL,8506.4,40.06,90.11,80.49,14.92,14.98,23.13,49.94,0,0,0,0,0
2026-01-01T00:57:32Z,leak,NORMAL,8525.7,40.19,90.65,80.74,15.15,15.19,23.18,49.97,0,0,0,0,0
2026-01-01T00:57:33Z,leak,NORMAL,8516.9,40.0,90.6,80.71,14.99,15.02,23.01,49.94,0,0,0,0,0
2026-01-01T00:57:34Z,leak,NORMAL,8489.9,39.63,89.51,80.85,15.01,14.95,23.23,49.93,0,0,0,0,0
2026-01-01T00:57:35Z,leak,NORMAL,8498.9,40.22,90.11,80.17,15.03,14.88,23.27,50.02,0,0,0,0,0
2026-01-01T00:57:36Z,leak,NORMAL,8481.2,39.83,89.76,79.85,15.02,15.22,23.14,49.88,0,0,0,0,0
2026-01-01T00:57:37Z,leak,NORMAL,8512.7,39.86,90.48,80.4,14.89,15.17,23.19,50.05,0,0,0,0,0
2026-01-01T00:57:38Z,leak,NORMAL,8507.3,39.92,90.91,79.96,15.04,14.92,23.09,49.91,0,0,0,0,0
2026-01-01T00:57:39Z,leak,NORMAL,8490.5,40.07,89.86,80.29,15.04,15.01,23.05,50.02,0,0,0,0,0
2026-01-01T00:57:40Z,leak,NORMAL,8512.0,40.02,90.11,81.67,15.04,14.88,23.17,49.99,0,0,0,0,0
2026-01-01T00:57:41Z,leak,NORMAL,8504.4,39.77,90.41,79.92,15.06,14.81,23.09,50.1,0,0,0,0,0
2026-01-01T00:57:42Z,leak,NORMAL,8516.2,40.56,90.36,81.59,14.93,15.14,23.12,50.08,0,0,0,0,0
2026-01-01T00:57:43Z,leak,NORMAL,8496.5,39.93,89.7,81.14,14.9,14.96,23.04,50.02,0,0,0,0,0
2026-01-01T00:57:44Z,leak,NORMAL,8505.0,39.99,89.73,79.55,15.18,14.99,23.2,50.08,0,0,0,0,0
2026-01-01T00:57:45Z,leak,NORMAL,8500.3,39.78,90.62,80.24,15.0,15.17,23.16,49.98,0,0,0,0,0
2026-01-01T00:57:46Z,leak,NORMAL,8489.0,40.16,91.04,80.19,15.13,14.97,23.2,49.99,0,0,0,0,0
2026-01-01T00:57:47Z,leak,NORMAL,8498.6,39.59,89.37,79.23,15.07,15.16,23.23,50.07,0,0,0,0,0
2026-01-01T00:57:48Z,leak,NORMAL,8488.7,39.89,90.66,80.33,14.99,15.11,23.18,49.97,0,0,0,0,0
2026-01-01T00:57:49Z,leak,NORMAL,8482.6,39.99,89.36,80.22,15.02,15.15,23.26,49.98,0,0,0,0,0
2026-01-01T00:57:50Z,leak,NORMAL,8508.2,39.81,90.03,79.47,14.85,14.93,22.98,50.01,0,0,0,0,0
2026-01-01T00:57:51Z,leak,NORMAL,8496.7,39.91,90.89,80.94,14.95,15.09,23.36,50.03,0,0,0,0,0
2026-01-01T00:57:52Z,leak,NORMAL,8496.8,39.89,89.65,79.52,15.11,14.9,23.24,49.98,0,0,0,0,0
2026-01-01T00:57:53Z,leak,NORMAL,8482.2,40.21,90.94,79.91,14.88,14.99,23.33,50.05,0,0,0,0,0
2026-01-01T00:57:54Z,leak,NORMAL,8490.4,40.15,89.55,80.02,15.01,15.16,23.21,50.0,0,0,0,0,0
2026-01-01T00:57:55Z,leak,NORMAL,8497.1,40.0,89.4,79.87,15.19,14.98,23.34,49.97,0,0,0,0,0
2026-01-01T00:57:56Z,leak,NORMAL,8486.4,40.15,88.93,80.48,14.89,14.83,23.19,50.02,0,0,0,0,0
2026-01-01T00:57:57Z,leak,NORMAL,8498.5,39.95,89.15,79.75,15.0,14.95,23.06,49.91,0,0,0,0,0
2026-01-01T00:57:58Z,leak,NORMAL,8485.2,40.14,90.06,79.27,15.05,15.0,23.03,50.07,0,0,0,0,0
2026-01-01T00:57:59Z,leak,NORMAL,8485.1,39.85,88.96,79.66,15.03,15.13,23.15,50.06,0,0,0,0,0
2026-01-01T00:58:00Z,leak,NORMAL,8481.7,39.75,90.8,80.49,14.96,14.88,23.11,50.03,0,0,0,0,0
2026-01-01T00:58:01Z,leak,NORMAL,8479.2,40.22,90.05,80.91,14.93,15.13,23.23,49.98,0,0,0,0,0
2026-01-01T00:58:02Z,leak,NORMAL,8474.4,40.02,90.6,78.79,14.95,14.9,23.29,49.99,0,0,0,0,0
2026-01-01T00:58:03Z,leak,NORMAL,8496.4,39.99,90.52,80.59,14.75,15.05,23.41,50.06,0,0,0,0,0
2026-01-01T00:58:04Z,leak,NORMAL,8476.7,39.9,89.5,79.55,15.12,15.0,23.25,50.06,0,0,0,0,0
2026-01-01T00:58:05Z,leak,NORMAL,8483.9,40.11,89.78,79.71,15.22,15.02,23.12,50.04,0,0,0,0,0
2026-01-01T00:58:06Z,leak,NORMAL,8465.7,40.42,89.45,80.86,14.99,14.93,23.26,49.87,0,0,0,0,0
2026-01-01T00:58:07Z,leak,NORMAL,8491.7,39.87,89.6,80.32,14.92,15.02,23.19,49.96,0,0,0,0,0
2026-01-01T00:58:08Z,leak,NORMAL,8487.3,40.19,90.22,80.66,15.05,15.02,23.29,50.03,0,0,0,0,0
2026-01-01T00:58:09Z,leak,NORMAL,8467.8,40.01,89.96,79.66,15.07,15.02,23.18,50.04,0,0,0,0,0
2026-01-01T00:58:10Z,leak,NORMAL,8465.1,39.45,91.2,80.45,15.1,15.02,23.21,50.0,0,0,0,0,0
2026-01-01T00:58:11Z,leak,NORMAL,8466.7,40.08,90.64,79.73,14.83,14.93,23.26,49.98,0,0,0,0,0
2026-01-01T00:58:12Z,leak,NORMAL,8480.0,40.21,89.81,80.8,15.12,15.08,23.09,50.01,0,0,0,0,0
2026-01-01T00:58:13Z,leak,NORMAL,8476.5,39.62,89.56,80.53,14.82,15.12,23.28,50.02,0,0,0,0,0
2026-01-01T00:58:14Z,leak,NORMAL,8485.6,39.96,89.4,79.46,14.94,15.06,23.12,50.04,0,0,0,0,0
2026-01-01T00:58:15Z,leak,NORMAL,8470.3,40.02,89.76,80.51,15.03,14.92,23.24,50.02,0,0,0,0,0
2026-01-01T00:58:16Z,leak,NORMAL,8456.3,40.17,89.24,80.28,14.88,15.01,23.29,49.96,0,0,0,0,0
2026-01-01T00:58:17Z,leak,NORMAL,8470.4,39.86,90.09,80.4,15.13,14.99,23.2,49.98,0,0,0,0,0
2026-01-01T00:58:18Z,leak,NORMAL,8468.7,39.95,88.98,79.91,15.05,14.91,23.17,50.05,0,0,0,0,0
2026-01-01T00:58:19Z,leak,NORMAL,8468.9,39.9,90.75,79.73,14.94,14.98,23.25,49.97,0,0,0,0,0
2026-01-01T00:58:20Z,leak,NORMAL,8456.7,39.92,89.67,80.07,15.14,15.1,23.42,50.02,0,0,0,0,0
2026-01-01T00:58:21Z,leak,NORMAL,8466.6,39.98,89.49,78.74,14.97,14.94,23.4,50.02,0,0,0,0,0
2026-01-01T00:58:22Z,leak,NORMAL,8465.9,40.17,90.23,80.07,14.94,15.01,23.33,50.02,0,0,0,0,0
2026-01-01T00:58:23Z,leak,NORMAL,8475.8,40.13,89.37,79.18,15.06,14.88,23.16,49.93,0,0,0,0,0
2026-01-01T00:58:24Z,leak,NORMAL,8461.6,39.88,90.45,79.52,14.96,14.97,23.33,49.97,0,0,0,0,0
2026-01-01T00:58:25Z,leak,NORMAL,8455.1,40.01,89.81,79.86,15.12,15.04,23.38,49.96,0,0,0,0,0
2026-01-01T00:58:26Z,leak,NORMAL,8453.8,39.82,89.56,80.46,15.08,15.03,23.19,49.98,0,0,0,0,0
2026-01-01T00:58:27Z,leak,NORMAL,8438.9,39.89,89.91,78.89,15.03,14.99,23.32,50.03,0,0,0,0,0
2026-01-01T00:58:28Z,leak,NORMAL,8448.2,39.68,89.65,79.79,15.3,15.16,23.19,50.03,0,0,0,0,0
2026-01-01T00:58:29Z,leak,NORMAL,8465.2,40.05,89.19,80.15,14.91,15.0,23.3,49.96,0,0,0,0,0
2026-01-01T00:58:30Z,leak,NORMAL,8440.3,40.21,88.96,80.26,15.1,15.01,23.35,49.97,0,0,0,0,0
2026-01-01T00:58:31Z,leak,NORMAL,8463.4,40.23,91.27,78.92,15.05,15.1,23.21,50.02,0,0,0,0,0
2026-01-01T00:58:32Z,leak,NORMAL,8454.6,40.23,89.93,79.64,14.83,15.07,23.29,49.96,0,0,0,0,0
2026-01-01T00:58:33Z,leak,NORMAL,8449.1,40.2,89.62,79.69,14.95,15.02,23.23,49.96,0,0,0,0,0
2026-01-01T00:58:34Z,leak,NORMAL,8431.3,40.13,89.31,79.76,14.82,14.97,23.44,50.07,0,0,0,0,0
2026-01-01T00:58:35Z,leak,NORMAL,8458.2,40.16,89.43,79.06,15.0,14.92,23.32,50.0,0,0,0,0,0
2026-01-01T00:58:36Z,leak,NORMAL,8455.0,40.22,88.84,78.88,15.1,15.02,23.31,49.94,0,0,0,0,0
2026-01-01T00:58:37Z,leak,NORMAL,8457.0,40.01,89.09,78.61,14.93,15.05,23.14,50.02,0,0,0,0,0
2026-01-01T00:58:38Z,leak,NORMAL,8456.9,39.76,89.96,80.32,15.02,15.05,23.42,50.08,0,0,0,0,0
2026-01-01T00:58:39Z,leak,NORMAL,8447.6,40.25,88.62,80.88,14.96,14.93,23.43,49.92,0,0,0,0,0
2026-01-01T00:58:40Z,leak,NORMAL,8459.5,40.14,90.16,79.69,15.0,15.02,23.13,50.04,0,0,0,0,0
2026-01-01T00:58:41Z,leak,NORMAL,8447.2,40.01,88.72,79.7,14.84,15.12,23.4,50.02,0,0,0,0,0
2026-01-01T00:58:42Z,leak,NORMAL,8431.7,40.04,89.49,79.59,15.02,14.97,23.37,50.05,0,0,0,0,0
2026-01-01T00:58:43Z,leak,NORMAL,8436.0,39.94,89.05,79.92,14.95,14.86,23.34,50.02,0,0,0,0,0
2026-01-01T00:58:44Z,leak,NORMAL,8469.9,40.18,90.45,80.36,15.0,15.0,23.34,49.99,0,0,0,0,0
2026-01-01T00:58:45Z,leak,NORMAL,8453.6,40.16,88.96,80.34,15.03,15.0,23.32,50.03,0,0,0,0,0
2026-01-01T00:58:46Z,leak,NORMAL,8427.7,40.05,89.8,79.57,14.97,14.94,23.63,50.07,0,0,0,0,0
2026-01-01T00:58:47Z,leak,NORMAL,8452.0,40.38,88.4,79.91,15.03,14.89,23.28,49.94,0,0,0,0,0
2026-01-01T00:58:48Z,leak,NORMAL,8429.9,39.67,89.28,80.01,14.93,14.95,23.57,49.89,0,0,0,0,0
2026-01-01T00:58:49Z,leak,NORMAL,8440.2,39.85,89.48,79.23,14.89,15.1,23.25,49.95,0,0,0,0,0
2026-01-01T00:58:50Z,leak,NORMAL,8436.6,39.89,89.34,80.18,15.13,15.11,23.4,50.04,0,0,0,0,0
2026-01-01T00:58:51Z,leak,NORMAL,8455.1,39.87,89.56,79.49,15.05,14.96,23.22,50.02,0,0,0,0,0
2026-01-01T00:58:52Z,leak,NORMAL,8432.5,39.91,88.93,79.84,15.0,14.84,23.41,49.92,0,0,0,0,0
2026-01-01T00:58:53Z,leak,NORMAL,8425.5,40.08,89.37,78.58,15.0,14.99,23.3,49.99,0,0,0,0,0
2026-01-01T00:58:54Z,leak,NORMAL,8438.3,39.64,88.75,79.82,15.09,15.03,23.35,50.08,0,0,0,0,0
2026-01-01T00:58:55Z,leak,NORMAL,8431.6,39.99,89.3,80.31,14.93,14.99,23.44,49.96,0,0,0,0,0
2026-01-01T00:58:56Z,leak,NORMAL,8428.3,40.1,89.84,79.76,15.0,15.09,23.28,49.97,0,0,0,0,0
2026-01-01T00:58:57Z,leak,NORMAL,8428.3,40.05,89.12,79.88,15.07,15.09,23.37,49.99,0,0,0,0,0
2026-01-01T00:58:58Z,leak,NORMAL,8444.8,40.21,90.1,79.88,14.89,15.11,23.52,50.03,0,0,0,0,0
2026-01-01T00:58:59Z,leak,NORMAL,8423.8,40.11,88.73,79.55,15.09,15.0,23.43,50.03,0,0,0,0,0
2026-01-01T00:59:00Z,leak,NORMAL,8432.8,40.37,88.85,79.9,15.05,15.18,23.27,50.02,0,0,0,0,0
2026-01-01T00:59:01Z,leak,NORMAL,8422.2,39.75,89.38,79.53,15.01,14.79,23.54,50.08,0,0,0,0,0
2026-01-01T00:59:02Z,leak,NORMAL,8429.7,40.18,89.91,79.45,15.01,14.99,23.48,49.97,0,0,0,0,0
2026-01-01T00:59:03Z,leak,NORMAL,8438.4,39.67,88.3,79.45,14.82,15.02,23.54,49.94,0,0,0,0,0
2026-01-01T00:59:04Z,leak,NORMAL,8431.4,40.06,89.34,79.14,15.08,14.99,23.43,49.96,0,0,0,0,0
2026-01-01T00:59:05Z,leak,NORMAL,8428.1,40.02,89.49,79.88,14.96,15.01,23.4,49.89,0,0,0,0,0
2026-01-01T00:59:06Z,leak,NORMAL,8415.6,39.46,89.45,79.39,14.9,15.05,23.32,50.0,0,0,0,0,0
2026-01-01T00:59:07Z,leak,NORMAL,8430.3,39.83,89.88,80.27,15.05,15.1,23.55,49.98,0,0,0,0,0
2026-01-01T00:59:08Z,leak,NORMAL,8436.9,39.88,88.8,79.06,14.89,14.97,23.37,50.01,0,0,0,0,0
2026-01-01T00:59:09Z,leak,NORMAL,8422.0,40.14,88.88,79.63,15.07,15.03,23.56,50.05,0,0,0,0,0
2026-01-01T00:59:10Z,leak,NORMAL,8441.0,39.99,88.61,79.12,15.07,15.32,23.59,49.96,0,0,0,0,0
2026-01-01T00:59:11Z,leak,NORMAL,8434.8,39.95,89.12,79.06,15.3,14.98,23.4,49.98,0,0,0,0,0
2026-01-01T00:59:12Z,leak,NORMAL,8433.3,39.85,89.54,79.53,14.95,15.27,23.45,50.04,0,0,0,0,0
2026-01-01T00:59:13Z,leak,NORMAL,8414.8,39.87,89.36,79.02,15.15,15.14,23.57,49.99,0,0,0,0,0
2026-01-01T00:59:14Z,leak,NORMAL,8424.2,39.9,90.01,80.29,15.02,14.97,23.58,49.98,0,0,0,0,0
2026-01-01T00:59:15Z,leak,NORMAL,8416.9,39.85,89.24,79.58,14.97,15.07,23.44,50.02,0,0,0,0,0
2026-01-01T00:59:16Z,leak,NORMAL,8430.9,40.21,89.12,79.8,15.02,15.1,23.4,49.92,0,0,0,0,0
2026-01-01T00:59:17Z,leak,NORMAL,8434.2,39.84,89.38,79.33,14.88,15.07,23.47,50.05,0,0,0,0,0
2026-01-01T00:59:18Z,leak,NORMAL,8427.4,39.85,89.79,78.74,15.11,15.09,23.53,50.07,0,0,0,0,0
2026-01-01T00:59:19Z,leak,NORMAL,8400.1,40.02,88.67,79.21,15.0,14.97,23.47,50.01,0,0,0,0,0
2026-01-01T00:59:20Z,leak,NORMAL,8416.1,39.84,88.77,78.99,14.9,14.99,23.45,50.04,0,0,0,0,0
2026-01-01T00:59:21Z,leak,NORMAL,8420.3,39.93,89.47,79.27,15.09,14.88,23.53,50.02,0,0,0,0,0
2026-01-01T00:59:22Z,leak,NORMAL,8438.3,39.83,88.57,79.3,14.97,15.01,23.68,49.96,0,0,0,0,0
2026-01-01T00:59:23Z,leak,NORMAL,8409.6,39.87,89.79,79.07,15.0,14.94,23.46,50.0,0,0,0,0,0
2026-01-01T00:59:24Z,leak,NORMAL,8412.3,39.77,88.94,80.39,14.99,15.03,23.58,50.02,0,0,0,0,0
2026-01-01T00:59:25Z,leak,NORMAL,8407.7,39.67,88.2,79.12,14.83,15.04,23.53,49.97,0,0,0,0,0
2026-01-01T00:59:26Z,leak,NORMAL,8415.0,39.55,89.3,79.87,14.92,15.07,23.48,50.08,0,0,0,0,0
2026-01-01T00:59:27Z,leak,NORMAL,8430.0,39.86,88.9,79.28,15.15,14.95,23.54,49.97,0,0,0,0,0
2026-01-01T00:59:28Z,leak,NORMAL,8421.4,40.18,89.06,79.43,15.0,15.01,23.65,50.0,0,0,0,0,0
2026-01-01T00:59:29Z,leak,NORMAL,8396.5,39.86,88.96,79.42,15.0,14.9,23.51,49.97,0,0,0,0,0
2026-01-01T00:59:30Z,leak,NORMAL,8416.0,40.28,88.56,80.16,15.01,14.75,23.51,49.95,0,0,0,0,0
2026-01-01T00:59:31Z,leak,NORMAL,8407.3,40.18,89.39,80.0,15.12,14.85,23.41,50.02,0,0,0,0,0
2026-01-01T00:59:32Z,leak,NORMAL,8412.9,39.93,88.91,79.71,14.92,15.1,23.6,50.12,0,0,0,0,0
2026-01-01T00:59:33Z,leak,NORMAL,8413.2,39.86,88.51,78.6,15.04,15.08,23.66,49.98,0,0,0,0,0
2026-01-01T00:59:34Z,leak,NORMAL,8419.0,39.91,89.31,79.63,15.02,14.73,23.52,50.04,0,0,0,0,0
2026-01-01T00:59:35Z,leak,NORMAL,8421.3,39.87,89.0,78.52,15.02,15.13,23.36,50.03,0,0,0,0,0
2026-01-01T00:59:36Z,leak,NORMAL,8408.0,40.01,89.52,79.6,15.12,14.98,23.66,49.99,0,0,0,0,0
2026-01-01T00:59:37Z,leak,NORMAL,8398.0,39.86,89.43,78.9,14.96,14.94,23.44,50.06,0,0,0,0,0
2026-01-01T00:59:38Z,leak,NORMAL,8416.7,39.86,90.38,79.35,14.97,15.15,23.71,49.95,0,0,0,0,0
2026-01-01T00:59:39Z,leak,NORMAL,8394.4,40.14,89.3,80.02,14.97,14.97,23.56,49.96,0,0,0,0,0
2026-01-01T00:59:40Z,leak,NORMAL,8401.6,39.89,88.34,79.42,15.14,15.03,23.54,50.01,0,0,0,0,0
2026-01-01T00:59:41Z,leak,NORMAL,8405.2,39.86,88.71,80.13,14.96,14.93,23.64,50.03,0,0,0,0,0
2026-01-01T00:59:42Z,leak,NORMAL,8406.0,40.0,88.66,79.09,15.05,15.02,23.59,49.96,0,0,0,0,0
2026-01-01T00:59:43Z,leak,NORMAL,8420.4,39.93,89.31,79.28,14.98,14.88,23.75,50.05,0,0,0,0,0
2026-01-01T00:59:44Z,leak,NORMAL,8411.9,40.11,88.67,79.73,15.2,15.07,23.27,49.95,0,0,0,0,0
2026-01-01T00:59:45Z,leak,NORMAL,8421.6,40.07,89.51,79.07,15.02,15.11,23.65,49.97,0,0,0,0,0
2026-01-01T00:59:46Z,leak,NORMAL,8405.1,40.02,88.69,78.8,15.09,15.15,23.7,50.02,0,0,0,0,0
2026-01-01T00:59:47Z,leak,NORMAL,8396.4,40.19,88.79,78.8,14.96,14.88,23.7,49.97,0,0,0,0,0
2026-01-01T00:59:48Z,leak,NORMAL,8393.1,40.01,88.68,78.89,14.86,15.16,23.56,50.06,0,0,0,0,0
2026-01-01T00:59:49Z,leak,NORMAL,8402.0,39.82,88.39,78.92,14.92,15.03,23.5,50.08,0,0,0,0,0
2026-01-01T00:59:50Z,leak,NORMAL,8416.9,39.64,88.38,78.94,15.14,14.95,23.77,50.07,0,0,0,0,0
2026-01-01T00:59:51Z,leak,NORMAL,8409.6,39.93,90.12,78.7,15.14,14.89,23.57,49.95,0,0,0,0,0
2026-01-01T00:59:52Z,leak,NORMAL,8405.4,39.92,88.9,79.0,15.13,15.06,23.68,50.04,0,0,0,0,0
2026-01-01T00:59:53Z,leak,NORMAL,8414.3,39.87,88.92,78.75,15.06,15.02,23.69,49.93,0,0,0,0,0
2026-01-01T00:59:54Z,leak,NORMAL,8394.5,40.03,88.74,78.89,15.04,15.11,23.67,49.97,0,0,0,0,0
2026-01-01T00:59:55Z,leak,NORMAL,8410.2,39.96,88.92,78.41,15.01,15.16,23.71,50.02,0,0,0,0,0
2026-01-01T00:59:56Z,leak,NORMAL,8424.2,39.98,88.83,79.95,15.03,15.06,23.68,49.96,0,0,0,0,0
2026-01-01T00:59:57Z,leak,NORMAL,8392.5,39.72,89.39,79.2,15.07,15.14,23.77,49.9,0,0,0,0,0
2026-01-01T00:59:58Z,leak,NORMAL,8391.1,40.29,89.3,79.63,14.95,15.12,23.66,49.96,0,0,0,0,0
2026-01-01T00:59:59Z,leak,NORMAL,8408.6,39.75,89.0,79.41,15.06,14.96,23.73,50.03,0,0,0,0,0
2026-01-01T01:00:00Z,leak,NORMAL,8415.5,40.01,87.97,78.44,15.01,14.93,23.6,50.12,0,0,0,0,0
2026-01-01T01:00:01Z,leak,NORMAL,8410.3,39.98,88.52,79.12,15.06,15.03,23.71,49.93,0,0,0,0,0
2026-01-01T01:00:02Z,leak,NORMAL,8394.9,39.61,88.53,79.35,15.03,15.07,23.72,49.98,0,0,0,0,0
2026-01-01T01:00:03Z,leak,NORMAL,8403.9,40.03,89.1,79.3,14.98,14.94,23.76,50.02,0,0,0,0,0
2026-01-01T01:00:04Z,leak,NORMAL,8413.2,40.15,88.94,79.24,14.82,14.83,23.83,50.02,0,0,0,0,0
2026-01-01T01:00:05Z,leak,NORMAL,8398.1,39.99,88.61,79.46,15.02,14.95,23.81,50.04,0,0,0,0,0
2026-01-01T01:00:06Z,leak,NORMAL,8392.7,39.64,89.26,79.17,14.97,14.94,23.62,50.04,0,0,0,0,0
2026-01-01T01:00:07Z,leak,NORMAL,8404.3,39.88,88.71,79.2,15.01,14.79,23.64,49.96,0,0,0,0,0
2026-01-01T01:00:08Z,leak,NORMAL,8428.3,39.97,88.79,78.34,15.1,15.05,23.87,50.01,0,0,0,0,0
2026-01-01T01:00:09Z,leak,NORMAL,8393.4,39.6,89.18,79.22,14.83,14.99,23.71,50.04,0,0,0,0,0
2026-01-01T01:00:10Z,leak,NORMAL,8404.4,39.93,88.82,78.22,15.21,15.03,23.74,50.12,0,0,0,0,0
2026-01-01T01:00:11Z,leak,NORMAL,8400.2,40.19,89.55,79.18,15.0,15.12,23.75,49.95,0,0,0,0,0
2026-01-01T01:00:12Z,leak,NORMAL,8406.3,39.79,88.52,79.71,14.88,15.15,23.68,50.01,0,0,0,0,0
2026-01-01T01:00:13Z,leak,NORMAL,8408.5,39.7,89.09,79.55,15.08,14.87,23.87,49.99,0,0,0,0,0
2026-01-01T01:00:14Z,leak,NORMAL,8413.6,40.13,89.46,78.41,15.01,14.91,23.89,49.95,0,0,0,0,0
2026-01-01T01:00:15Z,leak,NORMAL,8427.0,39.92,89.77,78.82,14.91,14.96,23.77,49.98,0,0,0,0,0
2026-01-01T01:00:16Z,leak,NORMAL,8391.7,40.13,89.63,79.12,14.96,15.22,23.94,49.9,0,0,0,0,0
2026-01-01T01:00:17Z,leak,NORMAL,8389.7,40.16,89.14,78.85,15.01,14.93,23.75,50.0,0,0,0,0,0
2026-01-01T01:00:18Z,leak,NORMAL,8412.3,40.19,88.89,79.04,15.12,15.02,23.85,49.98,0,0,0,0,0
2026-01-01T01:00:19Z,leak,NORMAL,8410.5,40.06,88.96,79.4,15.01,15.02,23.78,49.95,0,0,0,0,0
2026-01-01T01:00:20Z,leak,NORMAL,8389.1,39.95,88.79,79.8,14.96,14.88,23.68,49.95,0,0,0,0,0
2026-01-01T01:00:21Z,leak,NORMAL,8400.8,40.18,88.85,78.09,14.94,15.0,23.85,49.96,0,0,0,0,0
2026-01-01T01:00:22Z,leak,NORMAL,8385.6,39.92,88.71,78.46,14.96,15.07,23.72,50.09,0,0,0,0,0
2026-01-01T01:00:23Z,leak,NORMAL,8404.5,40.33,89.93,78.27,15.05,14.75,23.91,49.97,0,0,0,0,0
2026-01-01T01:00:24Z,leak,NORMAL,8409.0,40.29,88.39,79.3,15.11,14.93,23.71,50.0,0,0,0,0,0
2026-01-01T01:00:25Z,leak,NORMAL,8387.4,39.89,89.18,79.32,15.08,15.01,23.82,50.04,0,0,0,0,0
2026-01-01T01:00:26Z,leak,NORMAL,8394.9,40.13,88.16,79.45,14.84,14.98,23.89,49.99,0,0,0,0,0
2026-01-01T01:00:27Z,leak,NORMAL,8391.5,40.14,89.07,79.1,15.02,15.11,23.79,50.03,0,0,0,0,0
2026-01-01T01:00:28Z,leak,NORMAL,8391.2,40.07,89.29,79.34,14.96,15.11,23.96,50.06,0,0,0,0,0
2026-01-01T01:00:29Z,leak,NORMAL,8400.6,40.08,88.37,79.25,14.96,14.85,23.77,49.9,0,0,0,0,0
2026-01-01T01:00:30Z,leak,NORMAL,8412.0,40.11,89.27,79.3,15.17,14.9,23.87,49.99,0,0,0,0,0
2026-01-01T01:00:31Z,leak,NORMAL,8394.9,39.99,88.95,78.9,14.95,15.08,23.78,49.96,0,0,0,0,0
2026-01-01T01:00:32Z,leak,NORMAL,8396.4,40.12,88.92,78.42,15.0,15.12,23.84,50.1,0,0,0,0,0
2026-01-01T01:00:33Z,leak,NORMAL,8404.6,39.62,89.01,79.55,15.18,14.99,23.92,50.1,0,0,0,0,0
2026-01-01T01:00:34Z,leak,NORMAL,8394.9,39.75,88.34,80.43,15.05,14.92,23.77,50.03,0,0,0,0,0
2026-01-01T01:00:35Z,leak,NORMAL,8432.5,40.03,89.08,78.82,15.14,14.96,23.94,50.04,0,0,0,0,0
2026-01-01T01:00:36Z,leak,NORMAL,8405.6,40.11,88.06,78.87,14.92,15.01,23.9,50.02,0,0,0,0,0
2026-01-01T01:00:37Z,leak,NORMAL,8417.8,39.59,88.0,79.34,15.05,15.17,23.89,50.05,0,0,0,0,0
2026-01-01T01:00:38Z,leak,NORMAL,8402.5,39.93,88.12,78.53,14.99,14.98,23.9,49.97,0,0,0,0,0
2026-01-01T01:00:39Z,leak,NORMAL,8417.5,40.06,88.5,78.77,15.08,14.95,23.85,49.99,0,0,0,0,0
2026-01-01T01:00:40Z,leak,NORMAL,8389.0,40.16,88.89,80.04,15.0,14.98,23.87,50.06,0,0,0,0,0
2026-01-01T01:00:41Z,leak,NORMAL,8402.2,40.16,89.84,78.07,15.01,14.98,23.88,49.97,0,0,0,0,0
2026-01-01T01:00:42Z,leak,NORMAL,8389.5,40.02,88.8,78.35,15.04,14.96,23.96,49.94,0,0,0,0,0
2026-01-01T01:00:43Z,leak,NORMAL,8397.6,40.13,88.95,78.46,14.97,15.05,24.05,50.04,0,0,0,0,0
2026-01-01T01:00:44Z,leak,NORMAL,8396.6,39.64,88.81,78.54,14.9,15.04,23.92,50.01,0,0,0,0,0
2026-01-01T01:00:45Z,leak,NORMAL,8413.4,40.02,89.91,78.54,15.12,14.9,24.21,50.06,0,0,0,0,0
2026-01-01T01:00:46Z,leak,NORMAL,8405.7,40.16,88.2,78.56,14.97,14.92,23.96,50.04,0,0,0,0,0
2026-01-01T01:00:47Z,leak,NORMAL,8411.2,40.14,89.05,79.33,15.04,15.07,23.92,49.93,0,0,0,0,0
2026-01-01T01:00:48Z,leak,NORMAL,8400.8,39.7,88.9,78.84,15.01,15.01,23.71,49.96,0,0,0,0,0
2026-01-01T01:00:49Z,leak,NORMAL,8415.2,40.22,88.81,79.7,14.77,15.08,23.94,49.96,0,0,0,0,0
2026-01-01T01:00:50Z,leak,NORMAL,8417.0,39.68,89.18,77.82,14.97,15.08,23.89,49.91,0,0,0,0,0
2026-01-01T01:00:51Z,leak,NORMAL,8411.9,40.28,88.29,78.19,15.0,15.16,23.98,49.91,0,0,0,0,0
2026-01-01T01:00:52Z,leak,NORMAL,8420.9,39.72,89.08,79.31,15.06,15.11,23.87,50.01,0,0,0,0,0
2026-01-01T01:00:53Z,leak,NORMAL,8395.6,40.13,89.23,78.97,15.06,15.22,23.89,50.02,0,0,0,0,0
2026-01-01T01:00:54Z,leak,NORMAL,8403.9,40.22,88.92,78.76,15.1,15.06,24.08,50.06,0,0,0,0,0
2026-01-01T01:00:55Z,leak,NORMAL,8424.8,39.96,89.82,78.03,15.15,14.96,23.84,49.99,0,0,0,0,0
2026-01-01T01:00:56Z,leak,NORMAL,8420.5,40.14,89.79,78.99,15.22,15.21,24.04,50.03,0,0,0,0,0
2026-01-01T01:00:57Z,leak,NORMAL,8400.3,40.09,88.94,78.78,15.11,15.08,23.95,50.0,0,0,0,0,0
2026-01-01T01:00:58Z,leak,NORMAL,8398.5,39.91,88.72,79.75,14.93,15.21,24.03,50.08,0,0,0,0,0
2026-01-01T01:00:59Z,leak,NORMAL,8408.7,39.76,88.3,78.77,14.92,15.13,24.03,50.24,0,0,0,0,0
2026-01-01T01:01:00Z,leak,NORMAL,8394.7,39.54,88.11,78.63,14.98,14.89,24.13,50.02,0,0,0,0,0
2026-01-01T01:01:01Z,leak,NORMAL,8418.7,39.82,88.83,79.24,15.05,14.98,24.01,49.92,0,0,0,0,0
2026-01-01T01:01:02Z,leak,NORMAL,8406.0,39.98,89.82,78.82,14.89,15.07,23.9,49.96,0,0,0,0,0
2026-01-01T01:01:03Z,leak,NORMAL,8403.6,39.82,89.62,79.06,14.9,15.12,24.11,50.15,0,0,0,0,0
2026-01-01T01:01:04Z,leak,NORMAL,8416.0,39.75,88.89,79.12,14.94,15.16,24.0,49.98,0,0,0,0,0
2026-01-01T01:01:05Z,leak,NORMAL,8421.9,40.2,89.17,78.7,15.11,15.0,24.12,49.93,0,0,0,0,0
2026-01-01T01:01:06Z,leak,NORMAL,8411.2,39.97,89.37,79.1,14.96,15.0,23.93,49.94,0,0,0,0,0
2026-01-01T01:01:07Z,leak,NORMAL,8396.7,40.16,89.09,78.16,15.07,14.97,24.22,50.02,0,0,0,0,0
2026-01-01T01:01:08Z,leak,NORMAL,8415.2,39.7,88.08,78.54,14.92,14.99,24.04,50.03,0,0,0,0,0
2026-01-01T01:01:09Z,leak,NORMAL,8407.7,39.8,88.92,78.38,15.15,14.83,24.1,50.05,0,0,0,0,0
2026-01-01T01:01:10Z,leak,NORMAL,8422.4,40.08,88.8,79.96,15.04,14.91,23.96,50.02,0,0,0,0,0
2026-01-01T01:01:11Z,leak,NORMAL,8400.4,40.18,89.6,79.35,15.02,15.04,24.15,50.0,0,0,0,0,0
2026-01-01T01:01:12Z,leak,NORMAL,8403.5,40.03,89.61,78.29,15.03,15.08,24.11,50.02,0,0,0,0,0
2026-01-01T01:01:13Z,leak,NORMAL,8423.9,40.5,87.81,79.93,15.01,15.07,24.14,49.96,0,0,0,0,0
2026-01-01T01:01:14Z,leak,NORMAL,8421.0,39.95,89.59,80.01,15.07,14.98,24.31,50.01,0,0,0,0,0
2026-01-01T01:01:15Z,leak,NORMAL,8416.3,39.25,88.21,79.21,14.99,15.17,24.08,49.96,0,0,0,0,0
2026-01-01T01:01:16Z,leak,NORMAL,8425.0,40.12,89.23,79.23,14.84,15.04,24.06,50.02,0,0,0,0,0
2026-01-01T01:01:17Z,leak,NORMAL,8413.5,39.87,89.1,78.35,15.04,15.0,24.16,49.91,0,0,0,0,0
2026-01-01T01:01:18Z,leak,NORMAL,8423.1,39.86,89.52,78.77,15.06,14.97,24.04,50.0,0,0,0,0,0
2026-01-01T01:01:19Z,leak,NORMAL,8421.6,40.0,88.61,78.91,14.86,15.1,24.12,49.96,0,0,0,0,0
2026-01-01T01:01:20Z,leak,NORMAL,8428.1,40.27,89.29,78.73,14.97,14.94,24.12,49.97,0,0,0,0,0
2026-01-01T01:01:21Z,leak,NORMAL,8435.2,40.08,88.89,78.1,14.98,14.84,24.25,50.02,0,0,0,0,0
2026-01-01T01:01:22Z,leak,NORMAL,8413.2,39.94,89.39,80.15,15.16,15.03,24.2,50.0,0,0,0,0,0
2026-01-01T01:01:23Z,leak,NORMAL,8420.3,40.34,88.8,78.37,14.82,14.96,24.16,50.04,0,0,0,0,0
2026-01-01T01:01:24Z,leak,NORMAL,8405.4,40.2,89.51,79.26,14.87,15.01,24.21,49.98,0,0,0,0,0
2026-01-01T01:01:25Z,leak,NORMAL,8420.6,40.09,88.32,78.91,14.88,14.88,24.13,49.98,0,0,0,0,0
2026-01-01T01:01:26Z,leak,NORMAL,8432.6,39.92,89.04,79.09,15.14,14.98,24.1,50.09,0,0,0,0,0
2026-01-01T01:01:27Z,leak,NORMAL,8415.6,40.13,89.25,78.79,14.9,15.11,24.09,49.99,0,0,0,0,0
2026-01-01T01:01:28Z,leak,NORMAL,8417.2,39.92,89.01,79.46,14.97,14.86,24.03,50.02,0,0,0,0,0
2026-01-01T01:01:29Z,leak,NORMAL,8435.7,39.98,88.65,78.97,15.05,15.15,24.38,50.12,0,0,0,0,0
2026-01-01T01:01:30Z,leak,NORMAL,8426.8,40.35,89.79,79.2,14.9,14.91,24.31,49.96,0,0,0,0,0
2026-01-01T01:01:31Z,leak,NORMAL,8416.4,39.98,89.32,79.79,15.06,15.01,24.11,49.97,0,0,0,0,0
2026-01-01T01:01:32Z,leak,NORMAL,8410.9,39.85,90.01,78.85,15.03,14.85,24.19,49.97,0,0,0,0,0
2026-01-01T01:01:33Z,leak,NORMAL,8435.3,40.02,89.73,78.48,14.86,14.98,24.21,49.95,0,0,0,0,0
2026-01-01T01:01:34Z,leak,NORMAL,8395.8,40.16,88.59,79.08,15.13,14.86,24.1,49.97,0,0,0,0,0
2026-01-01T01:01:35Z,leak,NORMAL,8426.2,40.26,88.72,79.6,15.0,15.0,24.15,49.99,0,0,0,0,0
2026-01-01T01:01:36Z,leak,NORMAL,8433.4,40.18,89.28,79.27,14.9,15.13,24.22,50.08,0,0,0,0,0
2026-01-01T01:01:37Z,leak,NORMAL,8423.7,40.25,89.53,79.04,14.89,14.92,24.29,49.98,0,0,0,0,0
2026-01-01T01:01:38Z,leak,NORMAL,8431.9,40.25,88.83,79.82,14.91,15.05,24.18,49.96,0,0,0,0,0
2026-01-01T01:01:39Z,leak,NORMAL,8431.8,40.03,89.06,79.08,15.12,15.16,24.29,50.0,0,0,0,0,0
2026-01-01T01:01:40Z,leak,NORMAL,8433.3,39.79,89.4,79.8,15.03,15.16,24.32,50.07,0,0,0,0,0
2026-01-01T01:01:41Z,leak,NORMAL,8423.9,39.81,89.02,78.17,15.08,15.14,24.22,50.06,0,0,0,0,0
2026-01-01T01:01:42Z,leak,NORMAL,8430.0,40.14,89.73,79.02,14.86,15.11,24.23,49.99,0,0,0,0,0
2026-01-01T01:01:43Z,leak,NORMAL,8444.1,40.02,88.49,79.43,14.98,14.84,24.31,50.1,0,0,0,0,0
2026-01-01T01:01:44Z,leak,NORMAL,8437.1,40.14,89.7,78.85,15.02,14.79,24.22,49.98,0,0,0,0,0
2026-01-01T01:01:45Z,leak,NORMAL,8423.7,40.04,88.45,80.0,15.26,15.17,24.32,49.92,0,0,0,0,0
2026-01-01T01:01:46Z,leak,NORMAL,8432.1,39.97,89.31,79.32,14.81,15.11,24.3,49.93,0,0,0,0,0
2026-01-01T01:01:47Z,leak,NORMAL,8418.2,40.37,89.56,79.37,15.0,14.82,24.26,49.95,0,0,0,0,0
2026-01-01T01:01:48Z,leak,NORMAL,8453.6,39.91,89.23,79.7,15.06,15.25,24.3,50.05,0,0,0,0,0
2026-01-01T01:01:49Z,leak,NORMAL,8432.7,39.98,89.39,78.08,14.99,14.95,24.32,50.0,0,0,0,0,0
2026-01-01T01:01:50Z,leak,NORMAL,8431.5,40.19,89.45,79.02,15.05,15.12,24.43,49.95,0,0,0,0,0
2026-01-01T01:01:51Z,leak,NORMAL,8424.9,40.09,89.82,78.84,15.01,15.11,24.31,50.04,0,0,0,0,0
2026-01-01T01:01:52Z,leak,NORMAL,8456.1,40.1,88.58,79.1,14.9,15.0,24.31,49.98,0,0,0,0,0
2026-01-01T01:01:53Z,leak,NORMAL,8439.8,40.24,88.68,78.86,14.96,14.93,24.4,49.88,0,0,0,0,0
2026-01-01T01:01:54Z,leak,NORMAL,8451.5,40.4,88.99,80.12,14.92,15.1,24.28,49.98,0,0,0,0,0
2026-01-01T01:01:55Z,leak,NORMAL,8454.8,40.24,89.11,78.7,15.05,14.89,24.44,50.02,0,0,0,0,0
2026-01-01T01:01:56Z,leak,NORMAL,8450.0,40.05,89.05,79.81,15.0,15.0,24.28,50.09,0,0,0,0,0
2026-01-01T01:01:57Z,leak,NORMAL,8444.7,40.2,88.8,79.37,14.99,14.87,24.23,49.91,0,0,0,0,0
2026-01-01T01:01:58Z,leak,NORMAL,8437.3,40.06,89.66,79.48,15.07,14.99,24.22,49.97,0,0,0,0,0
2026-01-01T01:01:59Z,leak,NORMAL,8435.1,39.47,88.85,79.02,14.77,15.0,24.47,50.03,0,0,0,0,0
2026-01-01T01:02:00Z,leak,NORMAL,8442.8,39.95,89.46,78.96,14.93,14.99,24.37,50.03,0,0,0,0,0
2026-01-01T01:02:01Z,leak,NORMAL,8430.3,39.91,89.34,79.17,15.05,14.89,24.37,50.0,0,0,0,0,0
2026-01-01T01:02:02Z,leak,NORMAL,8450.3,39.91,88.84,80.03,15.04,15.11,24.54,50.06,0,0,0,0,0
2026-01-01T01:02:03Z,leak,NORMAL,8453.5,40.02,89.24,79.65,14.75,15.05,24.46,50.03,0,0,0,0,0
2026-01-01T01:02:04Z,leak,NORMAL,8463.7,40.11,89.25,79.03,14.96,15.12,24.33,49.98,0,0,0,0,0
2026-01-01T01:02:05Z,leak,NORMAL,8434.7,40.2,88.67,79.95,14.93,15.11,24.32,49.93,0,0,0,0,0
2026-01-01T01:02:06Z,leak,NORMAL,8434.0,39.79,88.84,78.94,15.09,15.05,24.38,49.98,0,0,0,0,0
2026-01-01T01:02:07Z,leak,NORMAL,8452.2,40.0,88.94,80.36,14.94,14.96,24.51,50.08,0,0,0,0,0
2026-01-01T01:02:08Z,leak,NORMAL,8463.9,39.93,89.22,78.39,15.09,14.96,24.19,50.01,0,0,0,0,0
2026-01-01T01:02:09Z,leak,NORMAL,8460.8,40.12,89.8,79.8,15.01,15.05,24.43,49.96,0,0,0,0,0
2026-01-01T01:02:10Z,leak,NORMAL,8437.8,40.41,90.4,79.52,15.12,14.86,24.46,50.0,0,0,0,0,0
2026-01-01T01:02:11Z,leak,NORMAL,8461.0,39.99,89.57,79.12,15.11,14.95,24.34,49.99,0,0,0,0,0
2026-01-01T01:02:12Z,leak,NORMAL,8461.2,40.18,88.96,79.14,15.12,15.09,24.66,49.91,0,0,0,0,0
2026-01-01T01:02:13Z,leak,NORMAL,8470.5,39.8,89.41,78.48,14.87,14.82,24.58,50.0,0,0,0,0,0
2026-01-01T01:02:14Z,leak,NORMAL,8468.4,39.58,88.94,79.53,15.04,15.03,24.42,49.99,0,0,0,0,0
2026-01-01T01:02:15Z,leak,NORMAL,8449.9,39.8,90.07,78.85,15.1,15.11,24.41,49.97,0,0,0,0,0
2026-01-01T01:02:16Z,leak,NORMAL,8450.4,39.65,89.77,79.15,15.04,15.09,24.55,49.96,0,0,0,0,0
2026-01-01T01:02:17Z,leak,NORMAL,8443.5,40.01,89.84,79.7,15.03,15.04,24.44,50.07,0,0,0,0,0
2026-01-01T01:02:18Z,leak,NORMAL,8450.1,39.85,89.2,78.59,15.18,15.0,24.59,49.91,0,0,0,0,0
2026-01-01T01:02:19Z,leak,NORMAL,8457.3,39.73,89.05,79.1,14.75,14.92,24.43,50.04,0,0,0,0,0
2026-01-01T01:02:20Z,leak,NORMAL,8466.9,40.06,89.85,79.43,14.89,15.06,24.42,50.02,0,0,0,0,0
2026-01-01T01:02:21Z,leak,NORMAL,8475.4,40.18,89.45,79.3,14.99,15.18,24.47,50.01,0,0,0,0,0
2026-01-01T01:02:22Z,leak,NORMAL,8460.3,39.98,88.7,78.64,14.99,15.18,24.43,49.99,0,0,0,0,0
2026-01-01T01:02:23Z,leak,NORMAL,8457.1,40.08,89.35,80.35,15.1,15.02,24.35,49.95,0,0,0,0,0
2026-01-01T01:02:24Z,leak,NORMAL,8464.8,39.63,89.67,79.29,15.07,14.86,24.43,50.01,0,0,0,0,0
2026-01-01T01:02:25Z,leak,NORMAL,8455.3,40.11,89.28,78.71,15.08,14.95,24.46,49.95,0,0,0,0,0
2026-01-01T01:02:26Z,leak,NORMAL,8485.8,40.44,89.82,79.5,14.99,14.99,24.45,49.96,0,0,0,0,0
2026-01-01T01:02:27Z,leak,NORMAL,8478.0,39.78,89.85,79.21,15.09,14.88,24.48,49.97,0,0,0,0,0
2026-01-01T01:02:28Z,leak,NORMAL,8461.5,40.11,90.17,79.74,14.98,15.03,24.39,50.06,0,0,0,0,0
2026-01-01T01:02:29Z,leak,NORMAL,8469.5,40.11,90.1,79.33,14.92,15.02,24.5,49.9,0,0,0,0,0
2026-01-01T01:02:30Z,leak,NORMAL,8462.4,40.39,90.19,80.06,14.98,14.95,24.64,49.88,0,0,0,0,0
2026-01-01T01:02:31Z,leak,NORMAL,8487.1,40.17,88.97,79.97,14.9,14.97,24.57,49.96,0,0,0,0,0
2026-01-01T01:02:32Z,leak,NORMAL,8465.7,39.98,90.58,79.05,14.88,14.92,24.59,49.95,0,0,0,0,0
2026-01-01T01:02:33Z,leak,NORMAL,8471.5,39.92,89.44,79.64,14.88,15.0,24.56,49.99,0,0,0,0,0
2026-01-01T01:02:34Z,leak,NORMAL,8484.3,40.07,90.78,78.95,15.04,15.15,24.61,50.02,0,0,0,0,0
2026-01-01T01:02:35Z,leak,NORMAL,8479.3,40.12,90.21,80.21,14.98,15.02,24.42,49.99,0,0,0,0,0
2026-01-01T01:02:36Z,leak,NORMAL,8463.7,39.96,88.84,78.85,14.95,15.01,24.62,50.0,0,0,0,0,0
2026-01-01T01:02:37Z,leak,NORMAL,8478.6,39.97,89.16,80.09,15.01,15.07,24.73,50.04,0,0,0,0,0
2026-01-01T01:02:38Z,leak,NORMAL,8469.8,39.98,89.31,79.7,15.14,14.97,24.59,50.03,0,0,0,0,0
2026-01-01T01:02:39Z,leak,NORMAL,8489.8,40.26,89.69,79.43,15.05,15.03,24.67,49.97,0,0,0,0,0
2026-01-01T01:02:40Z,leak,NORMAL,8480.5,40.33,89.58,78.61,14.97,15.15,24.64,49.96,0,0,0,0,0
2026-01-01T01:02:41Z,leak,NORMAL,8503.5,40.08,90.24,79.24,15.03,15.15,24.64,49.97,0,0,0,0,0
2026-01-01T01:02:42Z,leak,NORMAL,8489.4,39.81,90.07,78.93,14.85,14.96,24.58,50.08,0,0,0,0,0
2026-01-01T01:02:43Z,leak,NORMAL,8488.3,40.06,90.0,79.4,15.1,15.06,24.82,49.96,0,0,0,0,0
2026-01-01T01:02:44Z,leak,NORMAL,8495.1,39.86,89.02,79.52,15.17,14.96,24.59,49.99,0,0,0,0,0
2026-01-01T01:02:45Z,leak,NORMAL,8476.2,40.5,89.45,80.0,15.02,14.83,24.59,50.01,0,0,0,0,0
2026-01-01T01:02:46Z,leak,NORMAL,8481.3,40.21,89.38,79.67,15.09,14.97,24.7,50.02,0,0,0,0,0
2026-01-01T01:02:47Z,leak,NORMAL,8484.7,39.77,90.05,79.47,15.0,14.69,24.69,49.97,0,0,0,0,0
2026-01-01T01:02:48Z,leak,NORMAL,8483.0,40.31,90.1,79.88,14.98,15.03,24.55,50.01,0,0,0,0,0
2026-01-01T01:02:49Z,leak,NORMAL,8484.2,39.95,89.95,79.6,15.0,15.09,24.7,50.08,0,0,0,0,0
2026-01-01T01:02:50Z,leak,NORMAL,8501.1,40.47,90.61,80.82,14.89,15.04,24.61,50.03,0,0,0,0,0
2026-01-01T01:02:51Z,leak,NORMAL,8497.2,40.03,89.26,79.42,14.93,15.14,24.65,50.0,0,0,0,0,0
2026-01-01T01:02:52Z,leak,NORMAL,8491.4,39.94,89.5,79.66,14.93,14.83,24.67,49.95,0,0,0,0,0
2026-01-01T01:02:53Z,leak,NORMAL,8490.0,40.1,89.27,80.21,15.03,15.04,24.69,49.99,0,0,0,0,0
2026-01-01T01:02:54Z,leak,NORMAL,8503.7,39.74,90.21,79.48,15.07,14.98,24.67,49.98,0,0,0,0,0
2026-01-01T01:02:55Z,leak,NORMAL,8497.5,39.92,90.28,79.41,14.83,14.89,24.65,50.03,0,0,0,0,0
2026-01-01T01:02:56Z,leak,NORMAL,8494.9,39.83,90.19,79.49,14.89,14.92,24.54,50.01,0,0,0,0,0
2026-01-01T01:02:57Z,leak,NORMAL,8494.3,39.83,89.94,80.02,14.98,15.13,24.6,50.02,0,0,0,0,0
2026-01-01T01:02:58Z,leak,NORMAL,8505.3,39.81,90.59,80.11,15.0,14.82,24.71,50.04,0,0,0,0,0
2026-01-01T01:02:59Z,leak,NORMAL,8490.6,39.86,89.86,79.04,14.92,15.1,24.71,50.01,0,0,0,0,0
2026-01-01T01:03:00Z,leak,NORMAL,8489.4,39.95,90.22,79.19,14.8,15.14,24.93,50.0,0,0,0,0,0
2026-01-01T01:03:01Z,leak,NORMAL,8508.6,40.14,89.43,79.37,15.0,15.11,24.82,50.0,0,0,0,0,0
2026-01-01T01:03:02Z,leak,NORMAL,8518.1,40.31,89.81,79.62,15.06,14.97,24.8,50.03,0,0,0,0,0
2026-01-01T01:03:03Z,leak,NORMAL,8510.2,39.87,88.87,79.3,14.92,15.03,24.78,50.02,0,0,0,0,0
2026-01-01T01:03:04Z,leak,NORMAL,8496.0,40.44,89.88,78.64,15.02,15.1,24.67,50.01,0,0,0,0,0
2026-01-01T01:03:05Z,leak,NORMAL,8504.1,39.77,90.07,79.73,14.92,15.06,24.95,50.0,0,0,0,0,0
2026-01-01T01:03:06Z,leak,NORMAL,8506.4,40.01,90.46,79.63,14.99,14.94,24.98,50.0,0,0,0,0,0
2026-01-01T01:03:07Z,leak,NORMAL,8527.1,40.36,90.16,79.04,15.09,15.09,24.97,49.96,0,0,0,0,0
2026-01-01T01:03:08Z,leak,NORMAL,8489.0,39.99,89.44,79.62,15.04,14.84,24.85,50.03,0,0,0,0,0
2026-01-01T01:03:09Z,leak,NORMAL,8513.5,39.74,90.04,79.83,14.95,15.17,24.59,49.86,0,0,0,0,0
2026-01-01T01:03:10Z,leak,NORMAL,8505.6,40.05,90.09,78.7,14.79,15.15,24.89,50.01,0,0,0,0,0
2026-01-01T01:03:11Z,leak,NORMAL,8507.7,40.12,90.19,80.13,15.06,14.97,24.72,50.08,0,0,0,0,0
2026-01-01T01:03:12Z,leak,NORMAL,8509.5,40.4,89.82,79.7,14.91,14.99,24.89,49.96,0,0,0,0,0
2026-01-01T01:03:13Z,leak,NORMAL,8535.3,40.3,90.1,79.91,14.94,15.05,24.79,49.99,0,0,0,0,0
2026-01-01T01:03:14Z,leak,NORMAL,8515.1,39.96,89.31,79.52,15.01,15.1,24.75,49.96,0,0,0,0,0
2026-01-01T01:03:15Z,leak,NORMAL,8524.9,40.1,89.83,80.22,14.81,15.22,24.71,49.98,0,0,0,0,0
2026-01-01T01:03:16Z,leak,NORMAL,8500.8,40.33,90.43,80.44,14.83,15.0,24.91,49.98,0,0,0,0,0
2026-01-01T01:03:17Z,leak,NORMAL,8521.9,39.9,89.93,79.42,14.88,15.0,24.74,50.01,0,0,0,0,0
2026-01-01T01:03:18Z,leak,NORMAL,8509.5,40.03,90.33,80.71,14.94,15.03,24.87,49.98,0,0,0,0,0
2026-01-01T01:03:19Z,leak,NORMAL,8519.3,40.27,89.81,79.68,15.05,14.88,25.01,49.98,0,0,0,0,0
2026-01-01T01:03:20Z,leak,NORMAL,8522.8,39.88,90.35,78.92,15.05,15.13,25.06,50.01,0,0,0,0,0
2026-01-01T01:03:21Z,leak,NORMAL,8524.7,39.92,90.22,79.79,15.06,15.03,24.95,50.03,0,0,0,0,0
2026-01-01T01:03:22Z,leak,NORMAL,8531.2,39.96,90.28,80.2,15.12,14.98,24.91,50.02,0,0,0,0,0
2026-01-01T01:03:23Z,leak,NORMAL,8537.4,39.99,91.01,80.42,14.9,14.98,24.93,49.95,0,0,0,0,0
2026-01-01T01:03:24Z,leak,NORMAL,8532.6,39.66,90.53,79.22,15.19,15.02,25.05,49.99,0,0,0,0,0
2026-01-01T01:03:25Z,leak,NORMAL,8521.8,39.96,90.75,79.86,14.78,14.96,24.81,50.05,0,0,0,0,0
2026-01-01T01:03:26Z,leak,NORMAL,8516.7,39.9,90.25,80.48,15.13,14.98,24.89,50.01,0,0,0,0,0
2026-01-01T01:03:27Z,leak,NORMAL,8530.4,40.12,90.38,80.33,14.98,14.97,24.83,50.0,0,0,0,0,0
2026-01-01T01:03:28Z,leak,NORMAL,8502.8,39.77,91.08,79.29,14.92,14.92,24.85,49.93,0,0,0,0,0
2026-01-01T01:03:29Z,leak,NORMAL,8514.9,40.33,89.91,80.08,15.01,14.88,24.99,50.0,0,0,0,0,0
2026-01-01T01:03:30Z,leak,NORMAL,8522.8,40.26,91.3,80.71,14.97,14.94,25.0,49.92,0,0,0,0,0
2026-01-01T01:03:31Z,leak,NORMAL,8532.0,39.98,90.75,79.88,14.94,15.1,24.87,49.91,0,0,0,0,0
2026-01-01T01:03:32Z,leak,NORMAL,8528.3,39.81,91.31,80.44,14.85,14.98,24.72,50.02,0,0,0,0,0
2026-01-01T01:03:33Z,leak,NORMAL,8504.0,40.0,89.33,80.13,15.12,14.94,25.08,49.89,0,0,0,0,0
2026-01-01T01:03:34Z,leak,NORMAL,8561.4,39.68,89.93,80.23,14.94,15.0,25.01,50.06,0,0,0,0,0
2026-01-01T01:03:35Z,leak,NORMAL,8543.0,39.75,90.92,79.46,14.94,15.08,25.03,49.97,0,0,0,0,0
2026-01-01T01:03:36Z,leak,NORMAL,8530.6,40.19,90.26,79.54,14.99,15.13,24.97,50.05,0,0,0,0,0
2026-01-01T01:03:37Z,leak,NORMAL,8545.3,40.09,89.73,79.46,14.98,15.11,24.99,50.04,0,0,0,0,0
2026-01-01T01:03:38Z,leak,NORMAL,8551.9,40.06,90.29,80.92,15.01,15.12,24.99,50.0,0,0,0,0,0
2026-01-01T01:03:39Z,leak,NORMAL,8536.5,39.7,90.31,79.38,14.97,15.07,24.94,49.97,0,0,0,0,0
2026-01-01T01:03:40Z,leak,NORMAL,8550.4,40.04,90.49,79.71,15.02,14.98,25.13,49.99,0,0,0,0,0
2026-01-01T01:03:41Z,leak,NORMAL,8532.0,40.17,90.54,80.67,15.12,14.94,25.07,50.06,0,0,0,0,0
2026-01-01T01:03:42Z,leak,NORMAL,8541.8,40.27,90.08,80.87,15.22,15.06,25.03,49.99,0,0,0,0,0
2026-01-01T01:03:43Z,leak,NORMAL,8543.7,40.13,91.36,79.9,15.0,15.0,25.08,49.98,0,0,0,0,0
2026-01-01T01:03:44Z,leak,NORMAL,8549.2,39.71,90.6,79.75,15.16,15.05,25.1,50.04,0,0,0,0,0
2026-01-01T01:03:45Z,leak,NORMAL,8545.8,40.24,90.02,79.74,15.02,15.08,24.98,50.02,0,0,0,0,0
2026-01-01T01:03:46Z,leak,NORMAL,8531.4,40.14,91.63,80.12,14.92,15.07,25.12,50.01,0,0,0,0,0
2026-01-01T01:03:47Z,leak,NORMAL,8549.5,39.92,89.47,80.23,14.9,14.95,25.16,50.04,0,0,0,0,0
2026-01-01T01:03:48Z,leak,NORMAL,8550.1,39.69,90.43,79.75,15.01,14.97,25.12,50.02,0,0,0,0,0
2026-01-01T01:03:49Z,leak,NORMAL,8544.8,40.0,90.5,79.94,15.06,14.94,24.86,50.09,0,0,0,0,0
2026-01-01T01:03:50Z,leak,NORMAL,8547.1,40.41,89.73,80.29,15.02,15.06,25.09,50.09,0,0,0,0,0
2026-01-01T01:03:51Z,leak,NORMAL,8542.6,40.07,90.53,80.62,15.06,14.93,25.05,49.95,0,0,0,0,0
2026-01-01T01:03:52Z,leak,NORMAL,8533.8,39.79,91.35,80.33,14.91,15.14,25.05,49.98,0,0,0,0,0
2026-01-01T01:03:53Z,leak,NORMAL,8567.9,40.07,90.96,80.3,14.91,14.98,25.1,49.98,0,0,0,0,0
2026-01-01T01:03:54Z,leak,NORMAL,8568.8,40.2,90.23,79.5,15.04,15.04,25.19,50.09,0,0,0,0,0
2026-01-01T01:03:55Z,leak,NORMAL,8549.4,40.05,90.52,80.46,15.04,15.1,25.01,50.05,0,0,0,0,0
2026-01-01T01:03:56Z,leak,NORMAL,8545.5,39.98,90.12,79.55,15.21,14.95,25.12,50.05,0,0,0,0,0
2026-01-01T01:03:57Z,leak,NORMAL,8553.3,40.0,91.01,79.95,15.11,14.98,25.15,50.01,0,0,0,0,0
2026-01-01T01:03:58Z,leak,NORMAL,8558.8,39.81,90.35,80.06,15.1,15.02,25.15,50.0,0,0,0,0,0
2026-01-01T01:03:59Z,leak,NORMAL,8549.8,40.04,89.81,80.1,14.85,15.06,25.07,50.0,0,0,0,0,0
2026-01-01T01:04:00Z,leak,NORMAL,8564.8,40.01,90.78,79.89,15.05,15.22,25.1,50.04,0,0,0,0,0
2026-01-01T01:04:01Z,leak,NORMAL,8549.2,39.64,91.03,79.8,14.88,15.02,25.1,49.98,0,0,0,0,0
2026-01-01T01:04:02Z,leak,NORMAL,8567.3,39.81,90.7,79.96,14.95,14.91,25.23,50.0,0,0,0,0,0
2026-01-01T01:04:03Z,leak,NORMAL,8569.6,39.93,90.53,79.86,14.87,14.87,25.46,49.95,0,0,0,0,0
2026-01-01T01:04:04Z,leak,NORMAL,8570.0,39.84,89.98,79.41,15.13,15.0,25.5,50.02,0,0,0,0,0
2026-01-01T01:04:05Z,leak,NORMAL,8563.7,39.99,90.23,79.98,15.16,15.01,25.12,50.04,0,0,0,0,0
2026-01-01T01:04:06Z,leak,NORMAL,8559.6,39.95,90.56,80.04,15.07,14.87,25.29,49.96,0,0,0,0,0
2026-01-01T01:04:07Z,leak,NORMAL,8551.3,39.84,90.33,80.58,15.18,14.95,25.23,50.03,0,0,0,0,0
2026-01-01T01:04:08Z,leak,NORMAL,8569.4,39.84,90.59,80.4,15.0,15.11,25.16,49.98,0,0,0,0,0
2026-01-01T01:04:09Z,leak,NORMAL,8553.3,40.29,91.09,79.61,14.97,14.94,25.23,50.02,0,0,0,0,0
2026-01-01T01:04:10Z,leak,NORMAL,8574.4,39.79,90.47,80.55,15.09,14.99,25.26,50.0,0,0,0,0,0
2026-01-01T01:04:11Z,leak,NORMAL,8587.1,40.23,90.71,80.49,15.2,15.0,25.26,49.99,0,0,0,0,0
2026-01-01T01:04:12Z,leak,NORMAL,8573.6,39.91,91.24,79.77,15.07,15.01,25.43,49.98,0,0,0,0,0
2026-01-01T01:04:13Z,leak,NORMAL,8560.2,40.2,90.55,80.06,14.89,14.99,25.29,49.94,0,0,0,0,0
2026-01-01T01:04:14Z,leak,NORMAL,8577.9,39.82,89.82,80.28,14.98,15.16,25.18,49.97,0,0,0,0,0
2026-01-01T01:04:15Z,leak,NORMAL,8564.0,39.98,91.04,79.94,14.8,15.02,25.29,50.06,0,0,0,0,0
2026-01-01T01:04:16Z,leak,NORMAL,8584.4,40.35,91.06,79.9,15.03,14.97,25.13,50.08,0,0,0,0,0
2026-01-01T01:04:17Z,leak,NORMAL,8562.7,40.17,90.13,80.74,14.84,14.97,25.21,50.04,0,0,0,0,0
2026-01-01T01:04:18Z,leak,NORMAL,8574.0,40.02,90.03,80.39,14.97,14.81,25.12,49.93,0,0,0,0,0
2026-01-01T01:04:19Z,leak,NORMAL,8570.6,40.24,90.11,80.94,14.9,15.16,25.27,49.94,0,0,0,0,0
2026-01-01T01:04:20Z,leak,NORMAL,8568.9,40.32,91.42,79.83,14.99,14.88,25.32,50.03,0,0,0,0,0
2026-01-01T01:04:21Z,leak,NORMAL,8566.0,40.09,90.74,80.92,14.82,15.07,25.2,49.97,0,0,0,0,0
2026-01-01T01:04:22Z,leak,NORMAL,8576.4,39.73,91.07,79.38,14.94,15.07,25.09,49.99,0,0,0,0,0
2026-01-01T01:04:23Z,leak,NORMAL,8558.5,39.98,90.44,80.03,15.01,14.92,25.3,49.95,0,0,0,0,0
2026-01-01T01:04:24Z,leak,NORMAL,8563.2,40.0,90.02,81.24,14.86,15.15,25.35,50.02,0,0,0,0,0
2026-01-01T01:04:25Z,leak,NORMAL,8557.0,40.13,90.66,79.6,15.0,15.13,25.29,49.99,0,0,0,0,0
2026-01-01T01:04:26Z,leak,NORMAL,8583.7,40.06,90.51,80.94,15.13,14.99,25.25,50.07,0,0,0,0,0
2026-01-01T01:04:27Z,leak,NORMAL,8558.4,40.21,91.6,80.07,15.08,15.06,25.36,50.06,0,0,0,0,0
2026-01-01T01:04:28Z,leak,NORMAL,8580.9,39.71,90.47,80.56,14.95,15.05,25.51,49.93,0,0,0,0,0
2026-01-01T01:04:29Z,leak,NORMAL,8579.8,39.79,90.69,81.36,15.08,15.01,25.38,49.89,0,0,0,0,0
2026-01-01T01:04:30Z,leak,NORMAL,8590.2,39.98,90.55,80.1,15.01,15.03,25.32,50.05,0,0,0,0,0
2026-01-01T01:04:31Z,leak,NORMAL,8589.9,40.18,90.68,81.14,15.17,14.92,25.42,50.01,0,0,0,0,0
2026-01-01T01:04:32Z,leak,NORMAL,8571.5,40.19,90.9,80.12,14.93,14.94,25.46,49.9,0,0,0,0,0
2026-01-01T01:04:33Z,leak,NORMAL,8588.5,39.52,90.22,80.87,15.07,14.99,25.17,50.09,0,0,0,0,0
2026-01-01T01:04:34Z,leak,NORMAL,8572.6,39.74,91.13,80.19,14.87,14.99,25.38,49.95,0,0,0,0,0
2026-01-01T01:04:35Z,leak,NORMAL,8611.5,40.03,90.79,80.38,14.83,15.0,25.43,50.01,0,0,0,0,0
2026-01-01T01:04:36Z,leak,NORMAL,8572.7,40.03,90.54,81.1,14.97,15.05,25.28,49.95,0,0,0,0,0
2026-01-01T01:04:37Z,leak,NORMAL,8576.6,39.93,89.84,80.25,15.02,14.86,25.58,49.98,0,0,0,0,0
2026-01-01T01:04:38Z,leak,NORMAL,8578.2,39.82,89.59,80.44,15.21,14.81,25.25,49.98,0,0,0,0,0
2026-01-01T01:04:39Z,leak,NORMAL,8588.1,40.01,90.23,81.28,14.87,14.96,25.48,50.03,0,0,0,0,0
2026-01-01T01:04:40Z,leak,NORMAL,8585.2,40.06,90.7,80.73,14.95,14.96,25.37,49.97,0,0,0,0,0
2026-01-01T01:04:41Z,leak,NORMAL,8587.6,40.25,90.87,81.31,15.0,15.01,25.37,49.97,0,0,0,0,0
2026-01-01T01:04:42Z,leak,NORMAL,8575.3,39.92,91.2,81.29,15.12,14.96,25.32,49.96,0,0,0,0,0
2026-01-01T01:04:43Z,leak,NORMAL,8581.0,40.46,90.03,80.56,14.91,15.06,25.28,50.05,0,0,0,0,0
2026-01-01T01:04:44Z,leak,NORMAL,8583.6,40.38,90.9,80.72,15.01,15.12,25.5,50.02,0,0,0,0,0
2026-01-01T01:04:45Z,leak,NORMAL,8586.4,39.8,90.76,81.07,14.99,14.9,25.43,50.01,0,0,0,0,0
2026-01-01T01:04:46Z,leak,NORMAL,8574.9,40.06,90.96,79.84,15.01,14.87,25.37,50.01,0,0,0,0,0
2026-01-01T01:04:47Z,leak,NORMAL,8575.8,39.84,90.13,80.61,14.9,14.97,25.5,49.97,0,0,0,0,0
2026-01-01T01:04:48Z,leak,NORMAL,8580.4,39.93,90.16,80.58,14.92,15.23,25.35,50.05,0,0,0,0,0
2026-01-01T01:04:49Z,leak,NORMAL,8601.7,39.97,90.78,80.34,15.03,14.92,25.38,50.02,0,0,0,0,0
2026-01-01T01:04:50Z,leak,NORMAL,8597.7,40.22,91.18,80.73,14.87,15.12,25.48,49.9,0,0,0,0,0
2026-01-01T01:04:51Z,leak,NORMAL,8606.4,39.86,90.76,81.96,14.92,15.07,25.59,50.0,0,0,0,0,0
2026-01-01T01:04:52Z,leak,NORMAL,8595.0,39.97,91.22,80.7,15.11,15.13,25.57,50.06,0,0,0,0,0
2026-01-01T01:04:53Z,leak,NORMAL,8574.5,39.56,90.67,80.42,14.95,14.98,25.54,49.98,0,0,0,0,0
2026-01-01T01:04:54Z,leak,NORMAL,8593.9,40.22,90.55,80.6,15.15,14.98,25.6,50.02,0,0,0,0,0
2026-01-01T01:04:55Z,leak,NORMAL,8582.9,40.01,91.37,80.34,14.95,15.1,25.57,50.01,0,0,0,0,0
2026-01-01T01:04:56Z,leak,NORMAL,8585.3,40.23,90.5,79.74,14.92,15.15,25.43,49.94,0,0,0,0,0
2026-01-01T01:04:57Z,leak,NORMAL,8583.2,39.69,90.31,81.41,14.87,15.0,25.72,50.0,0,0,0,0,0
2026-01-01T01:04:58Z,leak,NORMAL,8582.3,40.33,91.28,81.14,15.0,14.85,25.51,50.04,0,0,0,0,0
2026-01-01T01:04:59Z,leak,NORMAL,8587.2,39.92,90.63,80.96,14.91,15.02,25.72,50.08,0,0,0,0,0
2026-01-01T01:05:00Z,leak,NORMAL,8580.5,40.33,91.04,80.49,15.05,15.02,25.65,49.99,0,0,0,0,0
2026-01-01T01:05:01Z,leak,NORMAL,8583.2,40.08,91.34,81.07,15.08,15.03,25.51,49.98,0,0,0,0,0
2026-01-01T01:05:02Z,leak,NORMAL,8603.0,39.97,91.05,80.76,14.95,15.08,25.6,50.02,0,0,0,0,0
2026-01-01T01:05:03Z,leak,NORMAL,8603.3,39.83,91.16,80.87,14.99,15.06,25.57,50.03,0,0,0,0,0
2026-01-01T01:05:04Z,leak,NORMAL,8575.9,39.85,90.44,80.89,14.98,14.93,25.65,49.94,0,0,0,0,0
2026-01-01T01:05:05Z,leak,NORMAL,8593.7,39.94,90.9,81.15,14.99,15.0,25.84,50.04,0,0,0,0,0
2026-01-01T01:05:06Z,leak,NORMAL,8599.4,39.74,91.79,81.26,15.09,15.03,25.6,50.01,0,0,0,0,0
2026-01-01T01:05:07Z,leak,NORMAL,8594.2,40.22,91.43,80.09,15.11,14.94,25.58,49.95,0,0,0,0,0
2026-01-01T01:05:08Z,leak,NORMAL,8588.3,39.9,91.04,80.91,15.06,15.13,25.35,50.05,0,0,0,0,0
2026-01-01T01:05:09Z,leak,NORMAL,8598.2,39.87,91.47,80.5,15.03,15.08,25.68,49.95,0,0,0,0,0
2026-01-01T01:05:10Z,leak,NORMAL,8575.1,40.06,90.94,80.59,15.04,15.01,25.55,49.98,0,0,0,0,0
2026-01-01T01:05:11Z,leak,NORMAL,8600.7,39.93,90.45,81.24,14.96,15.18,25.63,50.05,0,0,0,0,0
2026-01-01T01:05:12Z,leak,NORMAL,8594.5,40.21,91.28,80.79,14.99,15.04,25.66,50.03,0,0,0,0,0
2026-01-01T01:05:13Z,leak,NORMAL,8598.9,39.88,90.58,81.07,15.04,14.95,25.62,50.02,0,0,0,0,0
2026-01-01T01:05:14Z,leak,NORMAL,8589.1,40.1,90.48,80.83,15.07,15.09,25.59,50.02,0,0,0,0,0
2026-01-01T01:05:15Z,leak,NORMAL,8592.1,40.03,91.35,81.0,14.92,14.92,25.73,50.02,0,0,0,0,0
2026-01-01T01:05:16Z,leak,NORMAL,8597.1,40.02,91.37,80.58,15.0,14.81,25.59,49.95,0,0,0,0,0
2026-01-01T01:05:17Z,leak,NORMAL,8587.3,40.02,91.57,80.89,15.03,15.02,25.7,50.07,0,0,0,0,0
2026-01-01T01:05:18Z,leak,NORMAL,8606.2,40.11,91.47,80.39,15.1,14.75,25.52,50.07,0,0,0,0,0
2026-01-01T01:05:19Z,leak,NORMAL,8591.7,39.93,90.89,80.55,14.93,14.93,25.49,49.98,0,0,0,0,0
2026-01-01T01:05:20Z,leak,NORMAL,8590.3,39.5,91.38,80.52,14.97,15.01,25.58,50.01,0,0,0,0,0
2026-01-01T01:05:21Z,leak,NORMAL,8601.4,40.08,90.89,80.88,14.99,15.1,25.65,50.08,0,0,0,0,0
2026-01-01T01:05:22Z,leak,NORMAL,8601.6,39.73,90.69,80.16,14.95,14.98,25.7,50.0,0,0,0,0,0
2026-01-01T01:05:23Z,leak,NORMAL,8602.1,39.57,90.84,81.29,14.83,15.0,25.79,50.04,0,0,0,0,0
2026-01-01T01:05:24Z,leak,NORMAL,8602.5,40.19,90.78,81.2,15.07,14.99,25.69,50.04,0,0,0,0,0
2026-01-01T01:05:25Z,leak,NORMAL,8596.5,39.81,90.85,81.45,15.01,14.99,25.78,49.9,0,0,0,0,0
2026-01-01T01:05:26Z,leak,NORMAL,8611.6,40.23,90.98,81.47,14.86,15.05,25.8,50.07,0,0,0,0,0
2026-01-01T01:05:27Z,leak,NORMAL,8625.2,40.04,91.01,81.11,15.04,14.92,25.66,49.93,0,0,0,0,0
2026-01-01T01:05:28Z,leak,NORMAL,8584.9,39.9,91.37,80.0,15.12,14.93,25.6,49.98,0,0,0,0,0
2026-01-01T01:05:29Z,leak,NORMAL,8581.1,40.12,90.56,80.82,15.08,15.06,25.68,50.0,0,0,0,0,0
2026-01-01T01:05:30Z,leak,NORMAL,8590.1,39.86,90.95,79.63,15.01,14.93,25.72,49.98,0,0,0,0,0
2026-01-01T01:05:31Z,leak,NORMAL,8608.1,40.06,90.43,81.65,15.08,15.05,25.73,49.97,0,0,0,0,0
2026-01-01T01:05:32Z,leak,NORMAL,8598.7,39.92,89.66,80.09,14.9,15.1,25.86,50.01,0,0,0,0,0
2026-01-01T01:05:33Z,leak,NORMAL,8606.0,39.71,91.49,81.08,14.97,14.86,25.92,49.96,0,0,0,0,0
2026-01-01T01:05:34Z,leak,NORMAL,8612.6,39.51,90.87,81.25,15.06,14.91,25.64,49.92,0,0,0,0,0
2026-01-01T01:05:35Z,leak,NORMAL,8619.5,39.98,91.43,80.98,15.01,15.01,25.61,49.98,0,0,0,0,0
2026-01-01T01:05:36Z,leak,NORMAL,8586.6,40.13,90.95,80.42,14.84,14.91,25.61,50.04,0,0,0,0,0
2026-01-01T01:05:37Z,leak,NORMAL,8618.2,39.95,90.56,80.23,15.02,14.97,25.65,49.98,0,0,0,0,0
2026-01-01T01:05:38Z,leak,NORMAL,8610.4,39.75,91.72,81.08,15.07,14.97,25.84,49.94,0,0,0,0,0
2026-01-01T01:05:39Z,leak,NORMAL,8606.9,40.07,90.22,80.57,15.1,15.05,25.83,50.01,0,0,0,0,0
2026-01-01T01:05:40Z,leak,NORMAL,8609.5,40.23,90.74,80.44,14.89,15.16,25.7,49.93,0,0,0,0,0
2026-01-01T01:05:41Z,leak,NORMAL,8581.3,40.09,91.57,80.27,15.13,15.08,25.63,50.02,0,0,0,0,0
2026-01-01T01:05:42Z,leak,NORMAL,8578.8,39.98,91.57,81.36,14.87,15.06,25.77,49.89,0,0,0,0,0
2026-01-01T01:05:43Z,leak,NORMAL,8598.5,40.04,90.71,81.0,14.94,15.12,25.66,50.06,0,0,0,0,0
2026-01-01T01:05:44Z,leak,NORMAL,8587.3,39.44,91.17,80.73,14.89,15.15,25.95,49.89,0,0,0,0,0
2026-01-01T01:05:45Z,leak,NORMAL,8594.1,40.11,91.9,80.57,15.13,14.94,25.86,49.92,0,0,0,0,0
2026-01-01T01:05:46Z,leak,NORMAL,8601.8,39.73,90.96,81.12,14.93,15.08,25.81,49.9,0,0,0,0,0
2026-01-01T01:05:47Z,leak,NORMAL,8597.2,39.8,90.58,81.07,15.04,15.04,25.94,50.05,0,0,0,0,0
2026-01-01T01:05:48Z,leak,NORMAL,8598.0,40.22,91.63,80.92,14.92,14.94,26.05,49.99,0,0,0,0,0
2026-01-01T01:05:49Z,leak,NORMAL,8586.7,39.58,90.81,80.64,14.91,14.98,25.73,49.96,0,0,0,0,0
2026-01-01T01:05:50Z,leak,NORMAL,8598.6,39.87,91.13,81.11,15.06,15.03,25.77,49.9,0,0,0,0,0
2026-01-01T01:05:51Z,leak,NORMAL,8586.7,40.12,91.59,81.73,15.03,15.03,25.73,50.03,0,0,0,0,0
2026-01-01T01:05:52Z,leak,NORMAL,8601.9,40.18,90.9,80.69,15.15,15.08,25.78,50.0,0,0,0,0,0
2026-01-01T01:05:53Z,leak,NORMAL,8593.8,40.18,91.65,81.67,14.98,14.89,25.87,50.04,0,0,0,0,0
2026-01-01T01:05:54Z,leak,NORMAL,8592.8,40.18,91.17,81.25,14.92,14.85,25.94,49.99,0,0,0,0,0
2026-01-01T01:05:55Z,leak,NORMAL,8592.8,40.0,90.57,80.83,15.08,14.89,25.84,50.05,0,0,0,0,0
2026-01-01T01:05:56Z,leak,NORMAL,8585.1,40.08,91.18,81.24,14.96,14.98,25.8,49.95,0,0,0,0,0
2026-01-01T01:05:57Z,leak,NORMAL,8585.5,40.4,91.22,80.39,14.97,15.16,25.93,49.96,0,0,0,0,0
2026-01-01T01:05:58Z,leak,NORMAL,8597.9,39.71,90.52,82.2,14.96,14.89,25.69,50.01,0,0,0,0,0
2026-01-01T01:05:59Z,leak,NORMAL,8604.4,40.08,91.27,81.13,14.97,15.08,25.85,50.04,0,0,0,0,0
2026-01-01T01:06:00Z,leak,NORMAL,8581.3,39.99,91.44,81.2,14.88,15.16,26.06,50.1,0,0,0,0,0
2026-01-01T01:06:01Z,leak,NORMAL,8604.0,40.23,90.23,80.94,15.05,15.12,25.97,49.96,0,0,0,0,0
2026-01-01T01:06:02Z,leak,NORMAL,8590.0,40.17,91.32,80.76,15.01,15.04,25.7,49.98,0,0,0,0,0
2026-01-01T01:06:03Z,leak,NORMAL,8602.9,39.47,91.25,80.44,14.95,15.09,25.92,49.96,0,0,0,0,0
2026-01-01T01:06:04Z,leak,NORMAL,8608.4,39.87,90.9,81.91,15.15,15.06,25.98,50.0,0,0,0,0,0
2026-01-01T01:06:05Z,leak,NORMAL,8578.8,40.03,90.34,81.13,14.89,15.16,26.06,50.09,0,0,0,0,0
2026-01-01T01:06:06Z,leak,NORMAL,8614.6,40.0,91.21,80.45,15.1,14.9,25.75,49.92,0,0,0,0,0
2026-01-01T01:06:07Z,leak,NORMAL,8590.4,39.89,91.57,81.82,14.95,14.95,25.7,50.04,0,0,0,0,0
2026-01-01T01:06:08Z,leak,NORMAL,8596.6,40.17,90.31,81.01,15.07,15.05,25.75,50.0,0,0,0,0,0
2026-01-01T01:06:09Z,leak,NORMAL,8591.2,40.18,91.23,81.09,15.1,14.99,26.06,49.91,0,0,0,0,0
2026-01-01T01:06:10Z,leak,NORMAL,8597.2,40.11,91.24,80.63,14.95,15.09,26.07,50.09,0,0,0,0,0
2026-01-01T01:06:11Z,leak,NORMAL,8611.8,39.91,90.81,81.34,14.88,15.1,26.03,50.06,0,0,0,0,0
2026-01-01T01:06:12Z,leak,NORMAL,8592.4,39.99,91.12,80.84,14.86,15.05,25.98,50.05,0,0,0,0,0
2026-01-01T01:06:13Z,leak,NORMAL,8611.9,39.77,91.37,79.94,15.04,14.93,25.91,49.93,0,0,0,0,0
2026-01-01T01:06:14Z,leak,NORMAL,8595.5,40.02,91.3,79.91,14.71,14.95,26.1,50.02,0,0,0,0,0
2026-01-01T01:06:15Z,leak,NORMAL,8592.8,39.91,91.1,81.27,14.99,15.17,26.04,50.02,0,0,0,0,0
2026-01-01T01:06:16Z,leak,NORMAL,8596.8,39.94,90.61,80.59,14.92,15.06,26.12,50.02,0,0,0,0,0
2026-01-01T01:06:17Z,leak,NORMAL,8577.7,40.12,91.69,81.43,15.07,14.96,26.05,50.07,0,0,0,0,0
2026-01-01T01:06:18Z,leak,NORMAL,8582.2,40.08,91.08,80.76,14.87,15.2,26.01,49.98,0,0,0,0,0
2026-01-01T01:06:19Z,leak,NORMAL,8603.2,39.83,91.45,80.58,14.87,15.05,25.93,49.93,0,0,0,0,0
2026-01-01T01:06:20Z,leak,NORMAL,8577.7,39.92,90.9,80.71,15.04,14.87,26.1,50.08,0,0,0,0,0
2026-01-01T01:06:21Z,leak,NORMAL,8599.0,39.78,91.31,81.26,14.8,14.91,26.01,50.02,0,0,0,0,0
2026-01-01T01:06:22Z,leak,NORMAL,8590.1,40.01,91.77,81.47,15.15,14.96,25.92,50.04,0,0,0,0,0
2026-01-01T01:06:23Z,leak,NORMAL,8590.6,40.09,91.29,80.6,15.12,15.18,26.12,49.92,0,0,0,0,0
2026-01-01T01:06:24Z,leak,NORMAL,8599.0,40.04,91.19,80.83,14.91,14.92,26.01,50.04,0,0,0,0,0
2026-01-01T01:06:25Z,leak,NORMAL,8579.1,39.84,91.45,80.88,14.94,15.06,26.15,50.03,0,0,0,0,0
2026-01-01T01:06:26Z,leak,NORMAL,8564.3,40.11,90.66,80.78,14.84,15.14,25.98,50.06,0,0,0,0,0
2026-01-01T01:06:27Z,leak,NORMAL,8595.2,40.12,91.7,80.8,14.7,14.85,26.11,49.99,0,0,0,0,0
2026-01-01T01:06:28Z,leak,NORMAL,8589.3,40.08,90.36,80.13,15.03,15.02,26.04,50.02,0,0,0,0,0
2026-01-01T01:06:29Z,leak,NORMAL,8594.0,40.12,91.56,80.41,15.06,14.95,26.09,50.03,0,0,0,0,0
2026-01-01T01:06:30Z,leak,NORMAL,8585.0,39.97,91.67,81.73,15.16,14.84,25.88,50.07,0,0,0,0,0
2026-01-01T01:06:31Z,leak,NORMAL,8580.8,40.01,90.98,81.87,15.05,15.0,26.08,50.09,0,0,0,0,0
2026-01-01T01:06:32Z,leak,NORMAL,8584.7,39.85,90.96,81.52,15.06,14.83,26.05,50.0,0,0,0,0,0
2026-01-01T01:06:33Z,leak,NORMAL,8585.8,39.72,90.85,80.27,14.9,14.89,25.98,49.97,0,0,0,0,0
2026-01-01T01:06:34Z,leak,NORMAL,8569.2,39.66,90.48,81.21,14.97,15.01,25.89,49.98,0,0,0,0,0
2026-01-01T01:06:35Z,leak,NORMAL,8590.3,39.83,91.02,81.09,14.96,14.95,26.06,50.07,0,0,0,0,0
2026-01-01T01:06:36Z,leak,NORMAL,8600.9,40.05,90.59,80.0,14.97,15.03,26.03,49.92,0,0,0,0,0
2026-01-01T01:06:37Z,leak,NORMAL,8582.0,39.68,89.8,81.03,14.98,15.11,26.2,49.99,0,0,0,0,0
2026-01-01T01:06:38Z,leak,NORMAL,8584.8,40.17,91.31,80.62,15.11,14.72,26.05,49.98,0,0,0,0,0
2026-01-01T01:06:39Z,leak,NORMAL,8595.9,40.64,90.16,81.3,15.0,14.84,26.04,49.98,0,0,0,0,0
2026-01-01T01:06:40Z,leak,NORMAL,8584.9,40.23,91.4,81.36,15.03,14.89,26.16,50.05,0,0,0,0,0
2026-01-01T01:06:41Z,leak,NORMAL,8584.6,40.28,91.36,81.79,14.9,14.97,26.33,50.01,0,0,0,0,0
2026-01-01T01:06:42Z,leak,NORMAL,8578.4,39.94,91.31,81.89,14.87,15.18,26.14,49.96,0,0,0,0,0
2026-01-01T01:06:43Z,leak,NORMAL,8564.6,39.96,90.71,80.87,15.09,15.05,26.08,49.98,0,0,0,0,0
2026-01-01T01:06:44Z,leak,NORMAL,8583.1,40.06,90.87,81.74,14.98,14.91,26.26,49.87,0,0,0,0,0
2026-01-01T01:06:45Z,leak,NORMAL,8577.6,40.0,90.81,80.96,14.79,14.92,26.26,49.96,0,0,0,0,0
2026-01-01T01:06:46Z,leak,NORMAL,8568.7,39.77,90.99,80.46,15.02,14.89,26.0,50.0,0,0,0,0,0
2026-01-01T01:06:47Z,leak,NORMAL,8560.8,40.17,90.94,82.11,15.08,14.8,26.07,50.05,0,0,0,0,0
2026-01-01T01:06:48Z,leak,NORMAL,8580.4,39.77,90.82,80.54,15.1,15.19,26.09,49.98,0,0,0,0,0
2026-01-01T01:06:49Z,leak,NORMAL,8580.6,40.36,90.89,81.06,14.98,15.03,26.13,50.06,0,0,0,0,0
2026-01-01T01:06:50Z,leak,NORMAL,8577.5,40.3,91.48,81.46,15.04,14.98,26.08,49.97,0,0,0,0,0
2026-01-01T01:06:51Z,leak,NORMAL,8564.6,40.25,91.73,80.8,14.91,15.04,26.1,50.05,0,0,0,0,0
2026-01-01T01:06:52Z,leak,NORMAL,8580.6,39.94,91.0,80.96,15.02,15.21,26.23,49.98,0,0,0,0,0
2026-01-01T01:06:53Z,leak,NORMAL,8570.7,40.21,90.53,80.0,15.03,14.89,26.22,50.0,0,0,0,0,0
2026-01-01T01:06:54Z,leak,NORMAL,8565.5,39.6,90.95,80.65,14.92,14.91,26.22,50.02,0,0,0,0,0
2026-01-01T01:06:55Z,leak,NORMAL,8586.4,40.14,90.11,80.8,14.97,14.84,26.08,50.08,0,0,0,0,0
2026-01-01T01:06:56Z,leak,NORMAL,8561.8,39.71,91.06,80.56,15.12,15.14,26.26,50.01,0,0,0,0,0
2026-01-01T01:06:57Z,leak,NORMAL,8568.5,39.51,90.04,81.3,14.82,15.0,26.29,50.02,0,0,0,0,0
2026-01-01T01:06:58Z,leak,NORMAL,8571.6,39.89,91.02,80.89,15.12,15.01,26.0,50.08,0,0,0,0,0
2026-01-01T01:06:59Z,leak,NORMAL,8577.2,40.07,90.87,80.03,14.93,14.96,26.23,49.99,0,0,0,0,0
2026-01-01T01:07:00Z,leak,NORMAL,8571.2,39.77,90.67,80.89,14.98,14.92,26.38,49.98,0,0,0,0,0
2026-01-01T01:07:01Z,leak,NORMAL,8555.8,39.6,91.17,81.31,14.95,15.15,26.28,50.0,0,0,0,0,0
2026-01-01T01:07:02Z,leak,NORMAL,8576.5,40.07,90.93,80.85,14.93,14.92,26.07,50.03,0,0,0,0,0
2026-01-01T01:07:03Z,leak,NORMAL,8570.2,40.32,90.61,81.55,14.78,15.03,26.39,50.0,0,0,0,0,0
2026-01-01T01:07:04Z,leak,NORMAL,8571.3,39.96,90.28,80.29,14.99,15.16,26.23,50.02,0,0,0,0,0
2026-01-01T01:07:05Z,leak,NORMAL,8571.7,40.05,91.35,80.21,14.97,15.1,26.38,50.03,0,0,0,0,0
2026-01-01T01:07:06Z,leak,NORMAL,8565.8,40.07,90.49,81.25,15.0,14.87,26.37,50.06,0,0,0,0,0
2026-01-01T01:07:07Z,leak,NORMAL,8563.3,39.28,90.61,80.62,15.03,15.25,26.09,50.05,0,0,0,0,0
2026-01-01T01:07:08Z,leak,NORMAL,8558.4,39.9,91.13,81.1,15.03,14.85,26.31,49.94,0,0,0,0,0
2026-01-01T01:07:09Z,leak,NORMAL,8560.8,39.52,89.95,80.58,15.15,14.9,26.16,50.0,0,0,0,0,0
2026-01-01T01:07:10Z,leak,NORMAL,8549.8,40.07,91.23,81.07,14.96,15.01,26.31,49.93,0,0,0,0,0
2026-01-01T01:07:11Z,leak,NORMAL,8580.9,40.27,90.78,81.38,14.96,14.96,26.26,50.06,0,0,0,0,0
2026-01-01T01:07:12Z,leak,NORMAL,8566.3,40.05,90.3,80.6,14.99,14.9,26.1,49.99,0,0,0,0,0
2026-01-01T01:07:13Z,leak,NORMAL,8545.4,39.72,90.84,80.51,15.1,15.08,26.25,49.95,0,0,0,0,0
2026-01-01T01:07:14Z,leak,NORMAL,8569.9,39.95,90.81,80.02,15.14,15.03,26.32,49.96,0,0,0,0,0
2026-01-01T01:07:15Z,leak,NORMAL,8545.9,40.02,90.49,81.09,14.84,14.93,26.22,49.99,0,0,0,0,0
2026-01-01T01:07:16Z,leak,NORMAL,8545.3,39.73,91.69,81.02,15.06,14.88,26.32,49.93,0,0,0,0,0
2026-01-01T01:07:17Z,leak,NORMAL,8538.7,40.1,90.58,80.91,14.9,15.06,26.44,49.91,0,0,0,0,0
2026-01-01T01:07:18Z,leak,NORMAL,8579.5,40.03,90.54,79.51,15.08,15.04,26.18,50.02,0,0,0,0,0
2026-01-01T01:07:19Z,leak,NORMAL,8557.2,40.28,90.19,81.41,14.95,15.07,26.34,50.04,0,0,0,0,0
2026-01-01T01:07:20Z,leak,NORMAL,8546.9,40.33,91.43,80.97,15.14,14.92,26.28,49.95,0,0,0,0,0
2026-01-01T01:07:21Z,leak,NORMAL,8545.7,39.78,89.28,80.55,14.83,14.89,26.2,49.92,0,0,0,0,0
2026-01-01T01:07:22Z,leak,NORMAL,8566.4,40.41,91.49,81.46,14.99,14.89,26.43,50.06,0,0,0,0,0
2026-01-01T01:07:23Z,leak,NORMAL,8549.6,39.98,90.6,80.33,15.0,14.96,26.39,50.02,0,0,0,0,0
2026-01-01T01:07:24Z,leak,NORMAL,8534.4,40.18,90.18,81.18,14.93,14.8,26.3,50.12,0,0,0,0,0
2026-01-01T01:07:25Z,leak,NORMAL,8561.2,40.04,90.37,81.23,14.88,15.01,26.35,50.04,0,0,0,0,0
2026-01-01T01:07:26Z,leak,NORMAL,8550.2,39.97,90.31,81.63,15.03,14.99,26.35,50.06,0,0,0,0,0
2026-01-01T01:07:27Z,leak,NORMAL,8539.4,40.02,90.8,80.75,14.83,15.04,26.37,50.03,0,0,0,0,0
2026-01-01T01:07:28Z,leak,NORMAL,8540.3,40.01,90.45,81.13,15.01,14.98,26.37,50.04,0,0,0,0,0
2026-01-01T01:07:29Z,leak,NORMAL,8535.0,40.15,89.01,80.42,15.1,14.9,26.36,50.09,0,0,0,0,0
2026-01-01T01:07:30Z,leak,NORMAL,8534.3,39.7,90.41,80.57,15.02,14.93,26.56,49.99,0,0,0,0,0
2026-01-01T01:07:31Z,leak,NORMAL,8528.1,40.1,90.44,79.54,14.93,14.97,26.41,49.98,0,0,0,0,0
2026-01-01T01:07:32Z,leak,NORMAL,8531.7,40.03,90.27,80.65,15.06,14.97,26.47,50.03,0,0,0,0,0
2026-01-01T01:07:33Z,leak,NORMAL,8546.2,39.98,90.51,81.6,15.14,14.93,26.41,49.98,0,0,0,0,0
2026-01-01T01:07:34Z,leak,NORMAL,8539.3,39.88,90.35,80.83,15.01,14.97,26.4,50.04,0,0,0,0,0
2026-01-01T01:07:35Z,leak,NORMAL,8537.4,39.84,90.44,80.38,15.14,14.88,26.38,50.0,0,0,0,0,0
2026-01-01T01:07:36Z,leak,NORMAL,8546.1,39.52,90.34,80.34,15.03,15.03,26.37,49.98,0,0,0,0,0
2026-01-01T01:07:37Z,leak,NORMAL,8548.4,40.26,90.42,81.36,15.14,15.12,26.52,49.96,0,0,0,0,0
2026-01-01T01:07:38Z,leak,NORMAL,8535.7,40.01,91.1,81.14,14.96,14.95,26.43,49.95,0,0,0,0,0
2026-01-01T01:07:39Z,leak,NORMAL,8536.0,40.06,90.26,80.29,14.94,14.92,26.55,49.97,0,0,0,0,0
2026-01-01T01:07:40Z,leak,NORMAL,8548.0,39.89,90.21,80.88,14.99,15.05,26.43,49.98,0,0,0,0,0
2026-01-01T01:07:41Z,leak,NORMAL,8533.7,39.92,90.13,79.94,14.89,14.89,26.37,50.08,0,0,0,0,0
2026-01-01T01:07:42Z,leak,NORMAL,8517.1,40.16,89.46,80.41,14.97,15.06,26.46,49.83,0,0,0,0,0
2026-01-01T01:07:43Z,leak,NORMAL,8518.6,40.49,90.19,80.76,14.94,14.93,26.36,49.99,0,0,0,0,0
2026-01-01T01:07:44Z,leak,NORMAL,8514.5,39.76,89.67,79.51,15.03,15.06,26.48,50.06,0,0,0,0,0
2026-01-01T01:07:45Z,leak,NORMAL,8512.0,39.79,89.61,80.53,15.16,14.95,26.3,49.93,0,0,0,0,0
2026-01-01T01:07:46Z,leak,NORMAL,8532.3,40.21,89.78,81.56,14.97,15.0,26.3,50.0,0,0,0,0,0
2026-01-01T01:07:47Z,leak,NORMAL,8538.6,40.16,91.08,79.99,15.03,14.91,26.5,49.91,0,0,0,0,0
2026-01-01T01:07:48Z,leak,NORMAL,8532.7,39.9,90.2,81.33,14.89,15.01,26.41,50.11,0,0,0,0,0
2026-01-01T01:07:49Z,leak,NORMAL,8516.5,39.94,90.23,80.49,14.84,15.08,26.48,50.0,0,0,0,0,0
2026-01-01T01:07:50Z,leak,NORMAL,8504.2,39.83,90.77,80.32,14.95,14.99,26.46,49.94,0,0,0,0,0
2026-01-01T01:07:51Z,leak,NORMAL,8528.0,39.66,89.65,80.55,15.04,14.82,26.27,49.96,0,0,0,0,0
2026-01-01T01:07:52Z,leak,NORMAL,8530.4,39.78,89.83,80.98,15.01,15.02,26.49,49.99,0,0,0,0,0
2026-01-01T01:07:53Z,leak,NORMAL,8525.0,40.16,90.47,80.09,15.03,15.1,26.57,50.03,0,0,0,0,0
2026-01-01T01:07:54Z,leak,NORMAL,8491.1,39.72,90.85,79.78,15.09,15.11,26.48,50.01,0,0,0,0,0
2026-01-01T01:07:55Z,leak,NORMAL,8508.6,39.92,90.77,81.06,15.04,14.97,26.42,50.0,0,0,0,0,0
2026-01-01T01:07:56Z,leak,NORMAL,8510.1,39.68,90.37,80.97,14.96,14.94,26.43,49.93,0,0,0,0,0
2026-01-01T01:07:57Z,leak,NORMAL,8509.4,39.92,89.86,80.04,14.76,14.95,26.6,49.98,0,0,0,0,0
2026-01-01T01:07:58Z,leak,NORMAL,8509.7,39.95,90.72,80.23,15.03,14.89,26.61,49.97,0,0,0,0,0
2026-01-01T01:07:59Z,leak,NORMAL,8512.6,39.82,90.44,79.82,15.0,14.91,26.37,49.93,0,0,0,0,0
2026-01-01T01:08:00Z,leak,NORMAL,8510.8,39.59,90.6,81.17,14.98,14.88,26.62,49.95,0,0,0,0,0
2026-01-01T01:08:01Z,leak,NORMAL,8523.7,39.73,90.0,80.54,15.03,15.19,26.59,49.98,0,0,0,0,0
2026-01-01T01:08:02Z,leak,NORMAL,8517.8,40.02,90.7,80.33,14.97,14.95,26.43,50.04,0,0,0,0,0
2026-01-01T01:08:03Z,leak,NORMAL,8516.9,39.92,90.93,80.57,15.08,14.99,26.6,49.98,0,0,0,0,0
2026-01-01T01:08:04Z,leak,NORMAL,8506.2,40.06,89.84,80.3,15.04,15.02,26.54,50.0,0,0,0,0,0
2026-01-01T01:08:05Z,leak,NORMAL,8521.3,40.3,90.72,81.0,15.06,15.1,26.44,49.94,0,0,0,0,0
2026-01-01T01:08:06Z,leak,NORMAL,8502.0,40.16,90.48,79.28,15.24,14.97,26.32,50.04,0,0,0,0,0
2026-01-01T01:08:07Z,leak,NORMAL,8496.0,40.11,90.11,80.73,15.04,15.15,26.57,50.08,0,0,0,0,0
2026-01-01T01:08:08Z,leak,NORMAL,8518.8,39.41,89.37,80.6,15.07,15.08,26.68,49.98,0,0,0,0,0
2026-01-01T01:08:09Z,leak,NORMAL,8505.6,39.74,91.24,80.98,15.01,15.01,26.46,50.04,0,0,0,0,0
2026-01-01T01:08:10Z,leak,NORMAL,8503.2,39.93,90.37,81.02,15.0,15.34,26.3,49.98,0,0,0,0,0
2026-01-01T01:08:11Z,leak,NORMAL,8486.1,39.85,91.24,80.15,14.89,15.17,26.75,50.04,0,0,0,0,0
2026-01-01T01:08:12Z,leak,NORMAL,8496.2,40.01,90.42,80.4,14.88,14.95,26.66,50.02,0,0,0,0,0
2026-01-01T01:08:13Z,leak,NORMAL,8517.9,40.07,90.26,80.32,14.86,14.87,26.37,50.02,0,0,0,0,0
2026-01-01T01:08:14Z,leak,NORMAL,8502.9,39.95,90.47,80.74,15.09,15.23,26.72,49.97,0,0,0,0,0
2026-01-01T01:08:15Z,leak,NORMAL,8494.8,39.99,90.37,80.28,14.95,14.86,26.71,50.0,0,0,0,0,0
2026-01-01T01:08:16Z,leak,NORMAL,8504.5,39.73,89.55,80.22,15.0,15.0,26.63,50.01,0,0,0,0,0
2026-01-01T01:08:17Z,leak,NORMAL,8510.4,40.05,89.05,80.44,15.05,14.98,26.44,49.96,0,0,0,0,0
2026-01-01T01:08:18Z,leak,NORMAL,8493.9,40.12,89.45,79.88,14.95,15.09,26.66,50.01,0,0,0,0,0
2026-01-01T01:08:19Z,leak,NORMAL,8502.0,40.08,89.4,79.68,14.89,14.89,26.63,49.99,0,0,0,0,0
2026-01-01T01:08:20Z,leak,NORMAL,8481.8,40.27,90.32,80.32,15.23,15.02,26.56,50.0,0,0,0,0,0
2026-01-01T01:08:21Z,leak,NORMAL,8491.4,40.01,89.08,79.53,14.98,15.0,26.75,49.98,0,0,0,0,0
2026-01-01T01:08:22Z,leak,NORMAL,8496.2,40.1,90.54,80.33,14.93,14.93,26.53,49.95,0,0,0,0,0
2026-01-01T01:08:23Z,leak,NORMAL,8491.8,39.83,89.8,79.82,15.13,14.99,26.56,49.99,0,0,0,0,0
2026-01-01T01:08:24Z,leak,NORMAL,8484.8,40.14,90.23,79.76,15.08,14.94,26.5,49.95,0,0,0,0,0
2026-01-01T01:08:25Z,leak,NORMAL,8492.5,40.09,89.56,80.41,14.95,14.99,26.62,49.97,0,0,0,0,0
2026-01-01T01:08:26Z,leak,NORMAL,8477.7,40.49,90.05,80.84,15.01,14.91,26.85,50.04,0,0,0,0,0
2026-01-01T01:08:27Z,leak,NORMAL,8485.6,40.2,90.75,80.83,15.0,15.07,26.56,50.1,0,0,0,0,0
2026-01-01T01:08:28Z,leak,NORMAL,8498.8,39.66,90.62,80.73,15.14,14.92,26.7,49.96,0,0,0,0,0
2026-01-01T01:08:29Z,leak,NORMAL,8494.8,39.96,90.43,79.78,15.07,14.93,26.44,49.99,0,0,0,0,0
2026-01-01T01:08:30Z,leak,NORMAL,8502.9,39.83,90.5,79.97,14.87,15.05,26.67,49.99,0,0,0,0,0
2026-01-01T01:08:31Z,leak,NORMAL,8467.8,40.22,89.25,80.43,15.08,14.99,26.72,50.03,0,0,0,0,0
2026-01-01T01:08:32Z,leak,NORMAL,8482.4,40.26,88.87,79.9,15.02,15.11,26.69,50.01,0,0,0,0,0
2026-01-01T01:08:33Z,leak,NORMAL,8462.0,39.81,90.52,80.66,14.91,15.12,26.58,50.0,0,0,0,0,0
2026-01-01T01:08:34Z,leak,NORMAL,8501.6,39.65,90.41,80.08,15.11,15.01,26.61,50.06,0,0,0,0,0
2026-01-01T01:08:35Z,leak,NORMAL,8469.9,39.89,90.41,80.37,14.91,15.03,26.39,49.93,0,0,0,0,0
2026-01-01T01:08:36Z,leak,NORMAL,8494.8,39.75,89.96,80.23,15.17,14.97,26.8,49.98,0,0,0,0,0
2026-01-01T01:08:37Z,leak,NORMAL,8482.0,39.96,91.08,79.72,15.01,14.95,26.52,50.08,0,0,0,0,0
2026-01-01T01:08:38Z,leak,NORMAL,8505.4,39.96,90.05,80.4,15.17,15.03,26.54,50.02,0,0,0,0,0
2026-01-01T01:08:39Z,leak,NORMAL,8458.8,39.84,90.1,80.32,14.98,14.94,26.68,49.95,0,0,0,0,0
2026-01-01T01:08:40Z,leak,NORMAL,8485.9,40.01,89.81,80.05,15.16,14.84,26.69,49.97,0,0,0,0,0
2026-01-01T01:08:41Z,leak,NORMAL,8470.8,39.95,89.92,80.02,15.06,14.95,26.79,49.88,0,0,0,0,0
2026-01-01T01:08:42Z,leak,NORMAL,8476.0,39.82,89.65,79.83,14.89,14.99,26.75,49.98,0,0,0,0,0
2026-01-01T01:08:43Z,leak,NORMAL,8481.1,39.83,90.42,79.26,15.06,14.83,26.79,50.01,0,0,0,0,0
2026-01-01T01:08:44Z,leak,NORMAL,8472.6,40.02,88.59,80.04,15.07,15.05,26.69,50.1,0,0,0,0,0
2026-01-01T01:08:45Z,leak,NORMAL,8471.9,40.01,89.64,80.67,14.98,14.85,26.89,49.99,0,0,0,0,0
2026-01-01T01:08:46Z,leak,NORMAL,8465.7,40.19,89.07,80.29,14.87,14.85,26.6,50.04,0,0,0,0,0
2026-01-01T01:08:47Z,leak,NORMAL,8463.7,39.8,90.51,79.23,15.12,14.9,26.75,49.91,0,0,0,0,0
2026-01-01T01:08:48Z,leak,NORMAL,8465.4,39.85,89.31,80.4,14.89,15.05,26.66,50.06,0,0,0,0,0
2026-01-01T01:08:49Z,leak,NORMAL,8461.2,40.0,90.01,80.5,15.1,14.91,26.7,50.08,0,0,0,0,0
2026-01-01T01:08:50Z,leak,NORMAL,8454.7,39.86,89.87,80.27,14.99,15.13,26.75,50.01,0,0,0,0,0
2026-01-01T01:08:51Z,leak,NORMAL,8465.1,40.13,90.35,79.26,14.81,14.97,26.75,49.99,0,0,0,0,0
2026-01-01T01:08:52Z,leak,NORMAL,8460.2,39.98,88.79,80.17,15.06,15.26,26.7,50.0,0,0,0,0,0
2026-01-01T01:08:53Z,leak,NORMAL,8456.5,39.52,89.63,80.8,14.8,15.11,26.62,50.01,0,0,0,0,0
2026-01-01T01:08:54Z,leak,NORMAL,8464.0,39.86,89.61,79.37,14.97,14.91,26.68,50.05,0,0,0,0,0
2026-01-01T01:08:55Z,leak,NORMAL,8453.3,39.92,89.86,80.03,14.94,14.85,26.62,50.05,0,0,0,0,0
2026-01-01T01:08:56Z,leak,NORMAL,8441.0,40.02,89.38,79.43,15.09,14.79,26.78,49.93,0,0,0,0,0
2026-01-01T01:08:57Z,leak,NORMAL,8442.7,40.26,89.14,79.95,14.95,14.98,26.56,50.0,0,0,0,0,0
2026-01-01T01:08:58Z,leak,NORMAL,8448.9,40.24,89.26,79.66,15.17,14.84,26.81,50.02,0,0,0,0,0
2026-01-01T01:08:59Z,leak,NORMAL,8452.6,40.27,89.01,79.8,14.9,14.93,26.84,50.0,0,0,0,0,0
2026-01-01T01:09:00Z,leak,NORMAL,8452.5,40.15,89.88,80.32,14.95,14.88,26.7,49.95,0,0,0,0,0
2026-01-01T01:09:01Z,leak,NORMAL,8443.6,39.83,88.75,79.66,15.01,15.12,26.75,49.96,0,0,0,0,0
2026-01-01T01:09:02Z,leak,NORMAL,8469.8,40.14,89.92,80.24,15.07,14.98,26.8,50.01,0,0,0,0,0
2026-01-01T01:09:03Z,leak,NORMAL,8457.5,39.89,89.78,79.91,14.86,14.61,26.77,49.97,0,0,0,0,0
2026-01-01T01:09:04Z,leak,NORMAL,8460.6,39.62,89.76,79.98,15.05,14.94,26.84,50.01,0,0,0,0,0
2026-01-01T01:09:05Z,leak,NORMAL,8441.7,40.0,89.13,79.75,15.06,15.06,26.81,50.04,0,0,0,0,0
2026-01-01T01:09:06Z,leak,NORMAL,8445.2,40.13,89.08,80.09,15.0,15.11,26.82,49.99,0,0,0,0,0
2026-01-01T01:09:07Z,leak,NORMAL,8458.7,40.1,88.98,79.52,14.94,14.91,26.88,49.97,0,0,0,0,0
2026-01-01T01:09:08Z,leak,NORMAL,8435.6,40.46,90.6,79.48,14.81,15.08,26.72,49.97,0,0,0,0,0
2026-01-01T01:09:09Z,leak,NORMAL,8455.7,39.73,88.82,79.41,15.0,14.89,26.76,50.06,0,0,0,0,0
2026-01-01T01:09:10Z,leak,NORMAL,8440.9,39.98,89.98,79.59,15.05,15.01,26.66,49.96,0,0,0,0,0
2026-01-01T01:09:11Z,leak,NORMAL,8459.7,40.24,89.48,79.49,15.15,14.82,26.73,50.05,0,0,0,0,0
2026-01-01T01:09:12Z,leak,NORMAL,8442.9,39.88,89.8,80.59,14.95,14.89,26.85,50.05,0,0,0,0,0
2026-01-01T01:09:13Z,leak,NORMAL,8440.6,40.08,90.03,79.62,14.88,15.05,26.88,49.91,0,0,0,0,0
2026-01-01T01:09:14Z,leak,NORMAL,8460.5,40.11,90.21,79.74,15.18,14.92,26.83,49.94,0,0,0,0,0
2026-01-01T01:09:15Z,leak,NORMAL,8458.6,40.13,88.75,79.04,14.99,14.8,26.81,49.97,0,0,0,0,0
2026-01-01T01:09:16Z,leak,NORMAL,8452.0,39.94,89.67,79.86,15.03,14.82,26.7,49.95,0,0,0,0,0
2026-01-01T01:09:17Z,leak,NORMAL,8426.3,39.68,89.39,79.21,15.08,14.84,26.77,49.95,0,0,0,0,0
2026-01-01T01:09:18Z,leak,NORMAL,8440.9,40.05,89.04,80.02,15.04,15.17,26.55,49.91,0,0,0,0,0
2026-01-01T01:09:19Z,leak,NORMAL,8431.7,40.19,89.24,80.46,14.93,15.06,26.77,49.98,0,0,0,0,0
2026-01-01T01:09:20Z,leak,NORMAL,8437.0,40.14,89.16,79.33,15.13,14.95,26.71,49.99,0,0,0,0,0
2026-01-01T01:09:21Z,leak,NORMAL,8427.5,39.63,90.38,80.05,14.94,14.99,26.82,49.99,0,0,0,0,0
2026-01-01T01:09:22Z,leak,NORMAL,8436.3,40.03,90.06,79.46,14.99,14.92,26.81,50.02,0,0,0,0,0
2026-01-01T01:09:23Z,leak,NORMAL,8415.4,39.76,88.59,79.29,15.08,15.01,27.03,50.0,0,0,0,0,0
2026-01-01T01:09:24Z,leak,NORMAL,8435.8,40.04,88.98,79.24,15.11,15.07,26.81,50.04,0,0,0,0,0
2026-01-01T01:09:25Z,leak,NORMAL,8425.6,39.56,90.08,80.35,14.86,15.02,26.71,50.0,0,0,0,0,0
2026-01-01T01:09:26Z,leak,NORMAL,8433.2,40.2,88.87,79.82,14.93,15.01,26.75,50.06,0,0,0,0,0
2026-01-01T01:09:27Z,leak,NORMAL,8441.7,40.14,90.26,80.23,14.96,15.03,26.87,49.98,0,0,0,0,0
2026-01-01T01:09:28Z,leak,NORMAL,8435.7,40.34,89.35,79.33,14.99,15.11,26.87,50.01,0,0,0,0,0
2026-01-01T01:09:29Z,leak,NORMAL,8434.6,40.03,89.13,79.31,14.99,15.2,26.73,49.95,0,0,0,0,0
2026-01-01T01:09:30Z,leak,NORMAL,8420.3,40.09,89.72,79.08,14.84,14.86,26.61,50.0,0,0,0,0,0
2026-01-01T01:09:31Z,leak,NORMAL,8434.3,39.79,89.56,80.58,14.83,14.93,26.71,49.96,0,0,0,0,0
2026-01-01T01:09:32Z,leak,NORMAL,8439.8,40.06,89.84,79.99,15.06,15.09,26.72,49.96,0,0,0,0,0
2026-01-01T01:09:33Z,leak,NORMAL,8430.6,39.83,89.21,79.36,14.99,15.06,26.84,49.98,0,0,0,0,0
2026-01-01T01:09:34Z,leak,NORMAL,8433.9,39.95,89.73,80.38,14.95,14.81,26.81,49.96,0,0,0,0,0
2026-01-01T01:09:35Z,leak,NORMAL,8428.0,40.01,89.24,79.9,14.84,15.13,26.77,50.03,0,0,0,0,0
2026-01-01T01:09:36Z,leak,NORMAL,8428.0,40.11,89.45,78.62,14.96,15.02,26.93,50.06,0,0,0,0,0
2026-01-01T01:09:37Z,leak,NORMAL,8441.5,39.96,88.91,79.1,15.13,15.18,26.93,49.99,0,0,0,0,0
2026-01-01T01:09:38Z,leak,NORMAL,8416.5,40.0,89.13,79.54,14.85,14.85,27.04,49.95,0,0,0,0,0
2026-01-01T01:09:39Z,leak,NORMAL,8419.7,40.21,90.31,79.88,15.06,15.15,26.84,50.01,0,0,0,0,0
2026-01-01T01:09:40Z,leak,NORMAL,8405.7,39.77,89.09,79.18,15.09,14.99,26.83,49.95,0,0,0,0,0
2026-01-01T01:09:41Z,leak,NORMAL,8445.6,39.88,89.56,79.2,14.93,15.08,26.72,50.01,0,0,0,0,0
2026-01-01T01:09:42Z,leak,NORMAL,8418.6,40.21,89.65,79.54,15.05,14.87,26.88,50.08,0,0,0,0,0
2026-01-01T01:09:43Z,leak,NORMAL,8426.0,39.83,89.44,78.63,14.83,15.1,26.81,50.09,0,0,0,0,0
2026-01-01T01:09:44Z,leak,NORMAL,8429.1,40.07,88.95,79.62,15.06,15.06,26.93,50.13,0,0,0,0,0
2026-01-01T01:09:45Z,leak,NORMAL,8421.6,39.63,88.99,79.42,14.96,14.69,26.74,50.05,0,0,0,0,0
2026-01-01T01:09:46Z,leak,NORMAL,8408.6,40.29,88.8,79.93,14.95,15.09,27.08,50.03,0,0,0,0,0
2026-01-01T01:09:47Z,leak,NORMAL,8439.4,39.79,89.26,79.77,15.0,14.94,26.77,49.98,0,0,0,0,0
2026-01-01T01:09:48Z,leak,NORMAL,8418.0,40.15,89.25,79.46,15.14,15.22,26.89,50.02,0,0,0,0,0
2026-01-01T01:09:49Z,leak,NORMAL,8417.6,40.19,89.81,79.05,15.04,14.94,26.82,49.97,0,0,0,0,0
2026-01-01T01:09:50Z,leak,NORMAL,8415.5,40.04,89.44,79.51,14.94,15.03,26.94,50.09,0,0,0,0,0
2026-01-01T01:09:51Z,leak,NORMAL,8421.2,40.02,89.26,79.11,14.95,14.97,27.04,50.01,0,0,0,0,0
2026-01-01T01:09:52Z,leak,NORMAL,8405.9,40.26,88.66,80.67,15.02,15.05,26.79,49.97,0,0,0,0,0
2026-01-01T01:09:53Z,leak,NORMAL,8442.0,40.31,88.59,78.36,14.81,14.91,26.85,50.0,0,0,0,0,0
2026-01-01T01:09:54Z,leak,NORMAL,8420.8,39.72,88.71,78.57,15.01,15.03,26.75,49.98,0,0,0,0,0
2026-01-01T01:09:55Z,leak,NORMAL,8423.7,40.71,89.0,79.92,14.87,15.04,27.14,50.04,0,0,0,0,0
2026-01-01T01:09:56Z,leak,NORMAL,8406.1,39.99,88.02,80.18,14.94,15.06,26.78,49.98,0,0,0,0,0
2026-01-01T01:09:57Z,leak,NORMAL,8413.8,39.98,89.84,79.2,15.03,15.1,26.96,50.06,0,0,0,0,0
2026-01-01T01:09:58Z,leak,NORMAL,8403.7,40.25,88.7,79.25,15.07,15.16,26.77,50.03,0,0,0,0,0
2026-01-01T01:09:59Z,leak,NORMAL,8415.8,39.81,88.24,78.93,15.05,15.21,26.95,50.04,0,0,0,0,0
2026-01-01T01:10:00Z,leak,NORMAL,8417.3,39.79,88.84,79.0,15.05,14.91,26.73,49.98,0,0,0,0,0
2026-01-01T01:10:01Z,leak,NORMAL,8409.5,39.78,89.84,79.57,14.94,15.01,26.85,49.97,0,0,0,0,0
2026-01-01T01:10:02Z,leak,NORMAL,8398.6,39.69,89.63,79.23,15.07,15.06,26.97,49.98,0,0,0,0,0
2026-01-01T01:10:03Z,leak,NORMAL,8410.0,39.8,87.77,78.89,15.07,14.93,26.77,50.0,0,0,0,0,0
2026-01-01T01:10:04Z,leak,NORMAL,8411.7,39.67,88.69,78.11,15.13,14.95,27.02,50.12,0,0,0,0,0
2026-01-01T01:10:05Z,leak,NORMAL,8387.4,39.65,89.74,78.74,14.92,14.84,26.77,49.91,0,0,0,0,0
2026-01-01T01:10:06Z,leak,NORMAL,8402.2,40.19,88.39,79.62,14.96,15.02,26.86,49.97,0,0,0,0,0
2026-01-01T01:10:07Z,leak,NORMAL,8425.5,39.56,89.19,79.99,15.09,14.91,26.85,49.99,0,0,0,0,0
2026-01-01T01:10:08Z,leak,NORMAL,8403.4,39.94,88.43,79.39,15.05,14.86,26.92,49.97,0,0,0,0,0
2026-01-01T01:10:09Z,leak,NORMAL,8422.0,39.94,89.23,78.56,14.86,14.88,27.03,50.04,0,0,0,0,0
2026-01-01T01:10:10Z,leak,NORMAL,8421.0,40.39,89.56,79.33,15.14,15.1,26.91,50.0,0,0,0,0,0
2026-01-01T01:10:11Z,leak,NORMAL,8415.5,40.22,88.84,79.5,15.07,14.97,26.97,49.94,0,0,0,0,0
2026-01-01T01:10:12Z,leak,NORMAL,8401.7,39.72,89.05,79.28,14.96,14.99,26.84,50.0,0,0,0,0,0
2026-01-01T01:10:13Z,leak,NORMAL,8416.9,40.19,88.77,79.37,15.03,14.95,26.9,50.01,0,0,0,0,0
2026-01-01T01:10:14Z,leak,NORMAL,8411.2,39.88,88.77,78.75,14.93,14.92,26.77,49.97,0,0,0,0,0
2026-01-01T01:10:15Z,leak,NORMAL,8407.6,40.0,89.57,79.62,15.17,15.0,27.01,49.99,0,0,0,0,0
2026-01-01T01:10:16Z,leak,NORMAL,8392.3,40.42,89.24,80.02,15.18,14.93,26.84,49.99,0,0,0,0,0
2026-01-01T01:10:17Z,leak,NORMAL,8409.8,40.39,89.53,78.89,14.97,15.03,26.89,50.06,0,0,0,0,0
2026-01-01T01:10:18Z,leak,NORMAL,8401.0,40.04,88.35,79.34,15.12,14.91,26.87,50.01,0,0,0,0,0
2026-01-01T01:10:19Z,leak,NORMAL,8421.8,40.4,89.83,78.65,15.13,15.05,26.83,49.93,0,0,0,0,0
2026-01-01T01:10:20Z,leak,NORMAL,8385.2,39.95,88.26,78.95,14.97,15.15,26.88,49.98,0,0,0,0,0
2026-01-01T01:10:21Z,leak,NORMAL,8406.0,40.09,88.99,79.11,14.9,15.1,26.91,49.97,0,0,0,0,0
2026-01-01T01:10:22Z,leak,NORMAL,8400.3,39.76,89.55,79.79,14.91,15.13,26.85,50.03,0,0,0,0,0
2026-01-01T01:10:23Z,leak,NORMAL,8402.4,39.95,89.2,79.46,15.09,15.07,26.88,50.03,0,0,0,0,0
2026-01-01T01:10:24Z,leak,NORMAL,8382.5,39.92,89.24,80.18,14.98,15.0,26.93,49.98,0,0,0,0,0
2026-01-01T01:10:25Z,leak,NORMAL,8399.0,40.03,89.5,77.76,14.82,15.04,26.77,49.98,0,0,0,0,0
2026-01-01T01:10:26Z,leak,NORMAL,8404.5,39.99,88.82,79.55,14.8,14.99,26.93,49.95,0,0,0,0,0
2026-01-01T01:10:27Z,leak,NORMAL,8403.3,40.04,89.33,79.75,14.97,15.11,27.01,49.89,0,0,0,0,0
2026-01-01T01:10:28Z,leak,NORMAL,8407.9,40.38,88.85,79.87,14.96,15.05,26.87,49.97,0,0,0,0,0
2026-01-01T01:10:29Z,leak,NORMAL,8415.9,40.13,89.43,79.2,14.95,15.11,26.87,50.0,0,0,0,0,0
2026-01-01T01:10:30Z,leak,NORMAL,8396.6,40.44,88.65,79.24,14.92,15.0,26.82,50.02,0,0,0,0,0
2026-01-01T01:10:31Z,leak,NORMAL,8401.0,39.75,88.74,77.47,14.94,14.92,26.83,49.92,0,0,0,0,0
2026-01-01T01:10:32Z,leak,NORMAL,8395.7,40.2,88.64,79.83,15.12,15.01,26.97,50.03,0,0,0,0,0
2026-01-01T01:10:33Z,leak,NORMAL,8384.0,39.56,89.02,79.91,14.88,14.96,27.05,50.05,0,0,0,0,0
2026-01-01T01:10:34Z,leak,NORMAL,8406.2,39.94,88.84,79.27,15.1,15.16,26.94,50.05,0,0,0,0,0
2026-01-01T01:10:35Z,leak,NORMAL,8404.9,40.19,90.0,79.3,14.92,14.95,26.95,50.01,0,0,0,0,0
2026-01-01T01:10:36Z,leak,NORMAL,8400.0,40.07,88.2,79.25,14.96,15.24,26.99,49.92,0,0,0,0,0
2026-01-01T01:10:37Z,leak,NORMAL,8386.9,40.07,88.91,79.55,15.04,14.9,26.83,50.02,0,0,0,0,0
2026-01-01T01:10:38Z,leak,NORMAL,8395.7,40.07,88.81,78.84,15.17,14.95,27.0,49.95,0,0,0,0,0
2026-01-01T01:10:39Z,leak,NORMAL,8399.9,39.96,88.56,78.61,15.07,15.04,27.07,49.99,0,0,0,0,0
2026-01-01T01:10:40Z,leak,NORMAL,8381.4,39.79,89.65,79.57,15.1,14.85,26.89,50.04,0,0,0,0,0
2026-01-01T01:10:41Z,leak,NORMAL,8403.7,39.81,87.97,79.48,14.92,14.95,26.94,50.05,0,0,0,0,0
2026-01-01T01:10:42Z,leak,NORMAL,8412.1,40.04,88.16,78.7,14.92,15.03,27.14,50.05,0,0,0,0,0
2026-01-01T01:10:43Z,leak,NORMAL,8408.4,39.84,89.04,78.81,15.04,15.06,27.11,50.0,0,0,0,0,0
2026-01-01T01:10:44Z,leak,NORMAL,8396.4,40.12,87.99,79.36,14.86,15.05,26.92,50.03,0,0,0,0,0
2026-01-01T01:10:45Z,leak,NORMAL,8408.8,40.22,88.56,79.59,14.95,14.89,26.83,49.99,0,0,0,0,0
2026-01-01T01:10:46Z,leak,NORMAL,8402.5,39.82,88.65,79.05,14.94,15.02,26.76,49.92,0,0,0,0,0
2026-01-01T01:10:47Z,leak,NORMAL,8404.0,40.31,88.64,78.04,14.96,14.96,26.97,49.99,0,0,0,0,0
2026-01-01T01:10:48Z,leak,NORMAL,8403.5,39.86,88.22,79.03,15.05,15.13,26.79,49.98,0,0,0,0,0
2026-01-01T01:10:49Z,leak,NORMAL,8398.6,40.16,89.32,79.46,14.94,14.96,26.94,49.95,0,0,0,0,0
2026-01-01T01:10:50Z,leak,NORMAL,8398.1,39.91,88.97,79.24,14.99,14.9,26.9,50.01,0,0,0,0,0
2026-01-01T01:10:51Z,leak,NORMAL,8411.6,39.96,88.25,80.25,15.01,15.07,26.95,50.0,0,0,0,0,0
2026-01-01T01:10:52Z,leak,NORMAL,8395.9,40.07,89.26,78.62,15.03,15.07,27.03,50.01,0,0,0,0,0
2026-01-01T01:10:53Z,leak,NORMAL,8403.6,39.94,88.69,79.23,15.21,14.8,27.05,50.09,0,0,0,0,0
2026-01-01T01:10:54Z,leak,NORMAL,8402.0,40.12,89.38,78.56,15.03,15.06,26.94,50.01,0,0,0,0,0
2026-01-01T01:10:55Z,leak,NORMAL,8399.0,40.19,89.03,78.78,15.12,14.92,26.93,50.04,0,0,0,0,0
2026-01-01T01:10:56Z,leak,NORMAL,8399.2,40.11,89.45,79.28,14.99,15.13,26.93,50.06,0,0,0,0,0
2026-01-01T01:10:57Z,leak,NORMAL,8392.5,40.02,88.97,78.81,14.85,14.95,27.02,50.06,0,0,0,0,0
2026-01-01T01:10:58Z,leak,NORMAL,8398.5,40.14,89.32,79.32,15.03,15.04,27.06,49.99,0,0,0,0,0
2026-01-01T01:10:59Z,leak,NORMAL,8401.1,39.71,89.13,79.35,14.95,15.04,26.87,49.97,0,0,0,0,0
2026-01-01T01:11:00Z,leak,NORMAL,8393.8,40.05,88.89,78.57,14.92,14.89,26.85,49.99,0,0,0,0,0
2026-01-01T01:11:01Z,leak,NORMAL,8402.2,39.74,89.22,79.26,15.11,15.0,26.99,49.96,0,0,0,0,0
2026-01-01T01:11:02Z,leak,NORMAL,8415.6,39.97,89.05,78.67,14.96,15.2,27.03,50.07,0,0,0,0,0
2026-01-01T01:11:03Z,leak,NORMAL,8402.2,40.18,87.93,79.23,15.04,15.08,26.98,50.02,0,0,0,0,0
2026-01-01T01:11:04Z,leak,NORMAL,8400.7,39.91,88.94,80.4,15.06,14.96,26.82,50.01,0,0,0,0,0
2026-01-01T01:11:05Z,leak,NORMAL,8406.1,39.83,89.12,79.29,15.18,15.05,27.04,50.02,0,0,0,0,0
2026-01-01T01:11:06Z,leak,NORMAL,8392.6,40.11,88.9,78.33,15.02,15.02,27.02,49.94,0,0,0,0,0
2026-01-01T01:11:07Z,leak,NORMAL,8387.6,40.17,89.54,78.64,15.04,14.96,26.99,49.99,0,0,0,0,0
2026-01-01T01:11:08Z,leak,NORMAL,8413.6,39.86,88.91,78.86,14.94,15.09,27.01,49.97,0,0,0,0,0
2026-01-01T01:11:09Z,leak,NORMAL,8413.6,40.13,89.82,79.64,14.98,15.05,27.01,50.0,0,0,0,0,0
2026-01-01T01:11:10Z,leak,NORMAL,8423.5,40.12,88.98,78.67,15.06,14.99,27.09,49.97,0,0,0,0,0
2026-01-01T01:11:11Z,leak,NORMAL,8374.5,40.33,89.77,78.0,14.97,14.96,27.03,50.06,0,0,0,0,0
2026-01-01T01:11:12Z,leak,NORMAL,8408.8,39.9,88.77,78.39,15.02,15.02,26.87,50.01,0,0,0,0,0
2026-01-01T01:11:13Z,leak,NORMAL,8393.1,40.19,88.12,78.01,14.92,15.0,27.01,50.0,0,0,0,0,0
2026-01-01T01:11:14Z,leak,NORMAL,8407.1,40.03,89.1,78.76,14.89,15.09,26.99,50.06,0,0,0,0,0
2026-01-01T01:11:15Z,leak,NORMAL,8403.9,40.39,89.13,78.89,15.13,14.98,27.05,50.07,0,0,0,0,0
2026-01-01T01:11:16Z,leak,NORMAL,8412.8,39.73,88.79,78.33,14.91,15.02,26.87,50.01,0,0,0,0,0
2026-01-01T01:11:17Z,leak,NORMAL,8420.9,39.74,88.77,78.33,15.03,15.06,26.91,50.05,0,0,0,0,0
2026-01-01T01:11:18Z,leak,NORMAL,8391.2,39.87,88.47,78.62,15.05,14.91,26.87,50.02,0,0,0,0,0
2026-01-01T01:11:19Z,leak,NORMAL,8403.7,39.91,88.73,79.24,14.98,15.15,26.98,50.0,0,0,0,0,0
2026-01-01T01:11:20Z,leak,NORMAL,8401.1,40.38,87.74,78.4,14.9,15.15,26.96,49.9,0,0,0,0,0
2026-01-01T01:11:21Z,leak,NORMAL,8388.4,39.93,88.51,78.47,15.1,14.98,27.11,50.01,0,0,0,0,0
2026-01-01T01:11:22Z,leak,NORMAL,8407.5,40.17,87.88,79.2,15.11,15.01,27.07,49.93,0,0,0,0,0
2026-01-01T01:11:23Z,leak,NORMAL,8409.5,40.04,88.85,79.46,14.95,14.92,27.02,49.97,0,0,0,0,0
2026-01-01T01:11:24Z,leak,NORMAL,8407.8,40.03,89.2,78.02,14.95,15.07,26.69,50.0,0,0,0,0,0
2026-01-01T01:11:25Z,leak,NORMAL,8400.7,39.91,88.68,79.19,15.04,15.07,26.98,50.09,0,0,0,0,0
2026-01-01T01:11:26Z,leak,NORMAL,8408.9,39.52,88.54,79.79,14.98,14.9,26.93,49.96,0,0,0,0,0
2026-01-01T01:11:27Z,leak,NORMAL,8408.8,39.78,89.16,79.99,15.0,15.18,27.0,49.96,0,0,0,0,0
2026-01-01T01:11:28Z,leak,NORMAL,8412.6,39.94,89.27,79.12,14.91,15.16,26.89,49.99,0,0,0,0,0
2026-01-01T01:11:29Z,leak,NORMAL,8394.9,40.07,88.87,78.82,14.91,15.0,27.0,50.03,0,0,0,0,0
2026-01-01T01:11:30Z,leak,NORMAL,8391.7,40.04,89.58,78.6,14.84,14.94,27.06,50.0,0,0,0,0,0
2026-01-01T01:11:31Z,leak,NORMAL,8417.9,40.3,88.7,79.21,15.17,14.83,26.94,49.99,0,0,0,0,0
2026-01-01T01:11:32Z,leak,NORMAL,8415.7,40.05,88.61,78.94,14.97,15.01,26.97,50.02,0,0,0,0,0
2026-01-01T01:11:33Z,leak,NORMAL,8405.7,39.96,89.2,79.19,14.92,14.97,27.03,49.98,0,0,0,0,0
2026-01-01T01:11:34Z,leak,NORMAL,8406.8,39.83,88.92,78.66,15.19,14.93,26.92,50.03,0,0,0,0,0
2026-01-01T01:11:35Z,leak,NORMAL,8414.6,40.14,89.26,79.1,14.94,15.02,26.96,50.06,0,0,0,0,0
2026-01-01T01:11:36Z,leak,NORMAL,8417.1,40.16,89.03,79.38,14.97,15.02,26.87,49.96,0,0,0,0,0
2026-01-01T01:11:37Z,leak,NORMAL,8413.3,40.1,89.24,79.43,14.92,15.11,27.04,49.94,0,0,0,0,0
2026-01-01T01:11:38Z,leak,NORMAL,8410.6,39.95,90.02,79.74,15.04,15.02,27.05,49.97,0,0,0,0,0
2026-01-01T01:11:39Z,leak,NORMAL,8418.8,39.99,89.46,78.2,15.01,15.12,26.92,50.03,0,0,0,0,0
2026-01-01T01:11:40Z,leak,NORMAL,8404.2,39.97,88.25,79.43,14.87,15.06,26.91,49.94,0,0,0,0,0
2026-01-01T01:11:41Z,leak,NORMAL,8416.8,39.96,88.42,79.11,15.06,15.02,26.99,49.99,0,0,0,0,0
2026-01-01T01:11:42Z,leak,NORMAL,8414.2,40.21,88.92,78.21,14.8,15.12,26.99,49.95,0,0,0,0,0
2026-01-01T01:11:43Z,leak,NORMAL,8419.6,39.85,89.52,78.86,14.95,15.07,26.95,49.99,0,0,0,0,0
2026-01-01T01:11:44Z,leak,NORMAL,8414.5,40.51,89.4,79.29,15.05,14.94,26.87,50.06,0,0,0,0,0
2026-01-01T01:11:45Z,leak,NORMAL,8431.6,40.28,89.51,79.54,14.91,14.96,26.97,50.02,0,0,0,0,0
2026-01-01T01:11:46Z,leak,NORMAL,8403.3,39.77,89.2,79.36,14.88,14.83,27.01,50.07,0,0,0,0,0
2026-01-01T01:11:47Z,leak,NORMAL,8424.7,39.98,88.82,78.65,15.0,14.98,27.07,50.01,0,0,0,0,0
2026-01-01T01:11:48Z,leak,NORMAL,8422.1,40.01,89.1,78.93,14.85,15.06,26.81,50.17,0,0,0,0,0
2026-01-01T01:11:49Z,leak,NORMAL,8417.0,39.83,89.3,78.49,15.13,15.19,27.06,49.97,0,0,0,0,0
2026-01-01T01:11:50Z,leak,NORMAL,8411.4,40.56,89.05,78.63,15.1,15.12,27.04,49.94,0,0,0,0,0
2026-01-01T01:11:51Z,leak,NORMAL,8418.4,40.12,88.98,79.54,14.95,15.1,27.0,50.03,0,0,0,0,0
2026-01-01T01:11:52Z,leak,NORMAL,8426.0,40.03,89.46,77.82,14.93,15.0,26.92,50.01,0,0,0,0,0
2026-01-01T01:11:53Z,leak,NORMAL,8415.0,40.09,88.97,80.48,14.8,14.92,26.79,49.94,0,0,0,0,0
2026-01-01T01:11:54Z,leak,NORMAL,8415.2,39.51,88.89,79.67,15.09,14.97,26.95,49.93,0,0,0,0,0
2026-01-01T01:11:55Z,leak,NORMAL,8435.0,40.13,88.74,78.81,15.06,14.87,26.94,50.04,0,0,0,0,0
2026-01-01T01:11:56Z,leak,NORMAL,8421.2,40.18,89.16,79.69,15.04,15.01,26.91,50.03,0,0,0,0,0
2026-01-01T01:11:57Z,leak,NORMAL,8433.2,40.34,89.49,78.55,14.9,15.0,26.96,50.11,0,0,0,0,0
2026-01-01T01:11:58Z,leak,NORMAL,8425.3,39.77,88.56,79.15,14.93,14.84,27.07,50.05,0,0,0,0,0
2026-01-01T01:11:59Z,leak,NORMAL,8406.3,40.33,89.13,78.35,15.0,14.9,27.05,50.06,0,0,0,0,0
2026-01-01T01:12:00Z,leak,LEAK,8422.1,40.05,89.55,77.53,15.63,14.77,26.95,50.02,0,0,1,0,0
2026-01-01T01:12:01Z,leak,LEAK,8408.7,40.03,89.42,74.69,15.85,14.68,27.04,50.01,0,0,1,0,0
2026-01-01T01:12:02Z,leak,LEAK,8419.0,40.07,88.91,74.13,16.24,14.22,26.94,49.98,0,0,1,0,0
2026-01-01T01:12:03Z,leak,LEAK,8432.7,39.88,89.02,71.79,16.59,14.14,26.93,49.92,0,0,1,0,0
2026-01-01T01:12:04Z,leak,LEAK,8423.0,39.88,89.62,70.18,16.91,13.89,26.74,50.0,0,0,1,0,0
2026-01-01T01:12:05Z,leak,LEAK,8441.7,39.92,88.25,68.45,17.27,13.58,26.86,50.07,0,0,1,0,0
2026-01-01T01:12:06Z,leak,LEAK,8434.6,40.11,89.56,65.6,17.81,13.45,26.84,49.98,0,0,1,0,0
2026-01-01T01:12:07Z,leak,LEAK,8427.5,40.06,89.26,65.73,18.03,13.29,26.9,49.96,0,0,1,0,0
2026-01-01T01:12:08Z,leak,LEAK,8435.6,39.88,89.11,62.68,18.39,13.0,26.87,49.97,0,0,1,0,0
2026-01-01T01:12:09Z,leak,LEAK,8431.9,40.1,90.16,60.65,18.51,12.86,26.93,49.99,0,0,1,0,0
2026-01-01T01:12:10Z,leak,LEAK,8447.4,40.35,88.87,59.3,18.7,12.63,27.06,49.96,0,0,1,0,0
2026-01-01T01:12:11Z,leak,LEAK,8432.5,39.59,88.65,57.85,19.01,12.54,27.02,49.94,0,0,1,0,0
2026-01-01T01:12:12Z,leak,LEAK,8448.4,39.98,89.67,56.9,19.39,12.51,26.92,50.0,0,0,1,0,0
2026-01-01T01:12:13Z,leak,LEAK,8430.2,39.81,90.29,54.07,19.65,12.36,26.92,49.99,0,0,1,0,0
2026-01-01T01:12:14Z,leak,LEAK,8433.4,40.15,89.48,53.58,19.8,12.28,26.95,49.99,0,0,1,0,0
2026-01-01T01:12:15Z,leak,LEAK,8427.5,40.01,89.77,52.67,19.93,11.97,26.85,50.03,0,0,1,0,0
2026-01-01T01:12:16Z,leak,LEAK,8434.2,39.97,88.51,50.72,20.25,12.0,26.9,50.01,0,0,1,0,0
2026-01-01T01:12:17Z,leak,LEAK,8439.4,40.19,88.93,49.92,20.37,11.72,26.85,50.01,0,0,1,0,0
2026-01-01T01:12:18Z,leak,LEAK,8435.8,39.88,88.93,47.84,20.77,11.76,27.09,49.93,0,0,1,0,0
2026-01-01T01:12:19Z,leak,LEAK,8435.5,39.86,89.25,46.23,20.94,11.61,26.9,50.06,0,0,1,0,0
2026-01-01T01:12:20Z,leak,LEAK,8435.9,39.84,89.11,45.03,20.93,11.4,26.92,49.97,0,0,1,0,0
2026-01-01T01:12:21Z,leak,LEAK,8433.2,40.17,89.73,44.62,21.09,11.38,26.96,50.14,0,0,1,0,0
2026-01-01T01:12:22Z,leak,LEAK,8458.8,40.01,89.76,42.39,21.22,11.22,26.89,49.96,0,0,1,0,0
2026-01-01T01:12:23Z,leak,LEAK,8442.8,40.06,88.73,42.72,21.57,11.19,26.93,49.98,0,0,1,0,0
2026-01-01T01:12:24Z,leak,LEAK,8451.9,39.9,89.81,40.84,21.36,11.04,26.97,50.05,0,0,1,0,0
2026-01-01T01:12:25Z,leak,LEAK,8436.6,40.1,88.63,38.43,21.61,11.13,27.01,50.02,0,0,1,0,0
2026-01-01T01:12:26Z,leak,LEAK,8426.1,40.2,88.97,38.04,21.81,11.01,26.88,49.94,0,0,1,0,0
2026-01-01T01:12:27Z,leak,LEAK,8440.6,39.71,88.14,36.24,21.93,10.95,26.88,50.04,0,0,1,0,0
2026-01-01T01:12:28Z,leak,LEAK,8438.9,39.73,89.6,36.23,21.93,10.71,27.04,50.05,0,0,1,0,0
2026-01-01T01:12:29Z,leak,LEAK,8453.8,39.95,89.13,35.0,22.05,10.79,27.0,49.92,0,0,1,0,0
2026-01-01T01:12:30Z,leak,LEAK,8446.1,40.19,88.72,33.87,22.13,10.76,26.88,49.92,0,0,1,0,0
2026-01-01T01:12:31Z,leak,LEAK,8443.0,40.14,89.62,32.51,22.22,10.69,26.82,50.07,0,0,1,0,0
2026-01-01T01:12:32Z,leak,LEAK,8438.2,39.86,88.3,31.77,22.53,10.53,26.98,50.01,0,0,1,0,0
2026-01-01T01:12:33Z,leak,LEAK,8439.4,39.89,88.82,31.16,22.43,10.75,26.85,50.03,0,0,1,0,0
2026-01-01T01:12:34Z,leak,LEAK,8441.6,40.09,87.76,29.77,22.66,10.51,26.96,49.95,0,0,1,0,0
2026-01-01T01:12:35Z,leak,LEAK,8458.2,39.75,88.96,28.24,22.41,10.43,27.12,49.92,0,0,1,0,0
2026-01-01T01:12:36Z,leak,LEAK,8439.4,39.9,89.33,28.82,22.72,10.64,26.99,49.92,0,0,1,0,0
2026-01-01T01:12:37Z,leak,LEAK,8447.2,40.21,89.6,26.56,22.59,10.51,26.93,50.06,0,0,1,0,0
2026-01-01T01:12:38Z,leak,LEAK,8458.1,39.85,88.96,26.87,23.0,10.32,26.89,49.94,0,0,1,0,0
2026-01-01T01:12:39Z,leak,LEAK,8461.9,40.1,89.14,25.67,22.78,10.36,27.04,49.98,0,0,1,0,0
2026-01-01T01:12:40Z,leak,LEAK,8445.2,39.73,89.55,23.13,22.91,10.14,26.91,50.01,0,0,1,0,0
2026-01-01T01:12:41Z,leak,LEAK,8468.5,40.23,90.06,23.91,23.05,10.29,26.84,49.98,0,0,1,0,0
2026-01-01T01:12:42Z,leak,LEAK,8456.9,40.05,88.85,22.59,23.12,10.23,26.97,50.0,0,0,1,0,0
2026-01-01T01:12:43Z,leak,LEAK,8475.1,39.75,90.17,21.54,22.94,10.17,26.97,49.99,0,0,1,0,0
2026-01-01T01:12:44Z,leak,LEAK,8459.0,39.74,88.6,21.53,23.04,10.21,26.92,50.01,0,0,1,0,0
2026-01-01T01:12:45Z,leak,LEAK,8454.9,39.89,89.58,19.73,23.25,10.14,26.91,50.0,0,0,1,0,0
2026-01-01T01:12:46Z,leak,LEAK,8451.8,39.8,89.34,19.11,23.14,10.05,26.98,49.91,0,0,1,0,0
2026-01-01T01:12:47Z,leak,LEAK,8468.6,39.78,89.37,18.81,23.22,10.28,26.93,50.04,0,0,1,0,0
2026-01-01T01:12:48Z,leak,LEAK,8449.4,40.2,90.72,18.1,23.35,10.07,26.79,50.03,0,0,1,0,0
2026-01-01T01:12:49Z,leak,LEAK,8446.7,39.93,89.56,18.07,23.31,9.93,26.78,50.0,0,0,1,0,0
2026-01-01T01:12:50Z,leak,LEAK,8469.3,40.04,89.58,16.85,23.52,10.0,26.72,50.05,0,0,1,0,0
2026-01-01T01:12:51Z,leak,LEAK,8470.3,40.11,88.95,15.96,23.4,10.02,26.89,50.01,0,0,1,0,0
2026-01-01T01:12:52Z,leak,LEAK,8470.0,40.01,89.48,15.51,23.34,10.15,26.9,49.99,0,0,1,0,0
2026-01-01T01:12:53Z,leak,LEAK,8488.6,40.07,88.94,13.45,23.53,9.92,26.66,49.99,0,0,1,0,0
2026-01-01T01:12:54Z,leak,LEAK,8467.0,40.22,89.59,13.58,23.42,10.07,26.9,50.05,0,0,1,0,0
2026-01-01T01:12:55Z,leak,LEAK,8451.9,39.84,89.5,13.21,23.45,9.91,26.99,50.04,0,0,1,0,0
2026-01-01T01:12:56Z,leak,LEAK,8478.6,39.94,89.91,12.82,23.71,10.08,26.86,50.02,0,0,1,0,0
2026-01-01T01:12:57Z,leak,LEAK,8462.8,39.76,89.16,11.42,23.52,9.94,27.08,50.06,0,0,1,0,0
2026-01-01T01:12:58Z,leak,LEAK,8467.7,39.89,89.35,11.8,23.56,9.76,26.95,50.06,0,0,1,0,0
2026-01-01T01:12:59Z,leak,LEAK,8478.1,40.05,88.98,10.6,23.58,9.75,26.88,49.96,0,0,1,0,0
2026-01-01T01:13:00Z,leak,LEAK,8474.3,39.85,89.1,10.16,23.51,9.92,26.9,49.99,0,0,1,0,0
2026-01-01T01:13:01Z,leak,LEAK,8461.5,39.72,89.97,9.22,23.82,9.77,26.99,49.91,0,0,1,0,0
2026-01-01T01:13:02Z,leak,LEAK,8478.8,39.63,89.99,9.21,23.44,9.67,26.76,49.98,0,0,1,0,0
2026-01-01T01:13:03Z,leak,LEAK,8472.7,40.29,89.6,8.55,23.72,9.87,26.89,50.08,0,0,1,0,0
2026-01-01T01:13:04Z,leak,LEAK,8471.0,39.94,89.13,7.57,23.67,9.82,26.8,50.03,0,0,1,0,0
2026-01-01T01:13:05Z,leak,LEAK,8457.6,39.97,89.22,7.66,23.68,9.85,26.84,50.03,0,0,1,0,0
2026-01-01T01:13:06Z,leak,LEAK,8481.2,39.92,89.92,6.52,23.81,9.84,26.69,50.03,0,0,1,0,0
2026-01-01T01:13:07Z,leak,LEAK,8466.6,40.01,90.57,6.5,23.77,9.67,26.74,49.95,0,0,1,0,0
2026-01-01T01:13:08Z,leak,LEAK,8483.5,39.95,90.45,7.18,23.83,9.78,26.84,50.0,0,0,1,0,0
2026-01-01T01:13:09Z,leak,LEAK,8465.3,39.99,90.01,6.29,23.86,9.78,26.78,50.04,0,0,1,0,0
2026-01-01T01:13:10Z,leak,LEAK,8469.6,40.03,89.48,4.81,23.64,9.68,26.9,50.04,0,0,1,0,0
2026-01-01T01:13:11Z,leak,LEAK,8484.0,39.78,89.93,5.13,23.68,9.71,27.01,49.98,0,0,1,0,0
2026-01-01T01:13:12Z,leak,LEAK,8498.6,40.19,89.53,4.71,23.8,9.66,26.81,49.87,0,0,1,0,0
2026-01-01T01:13:13Z,leak,LEAK,8480.6,40.35,90.03,3.21,23.89,9.73,26.83,49.93,0,0,1,0,0
2026-01-01T01:13:14Z,leak,LEAK,8499.3,39.92,90.0,3.4,23.57,9.71,26.86,49.98,0,0,1,0,0
2026-01-01T01:13:15Z,leak,LEAK,8500.3,40.21,89.4,2.96,23.84,9.93,26.95,50.03,0,0,1,0,0
2026-01-01T01:13:16Z,leak,LEAK,8486.5,40.2,90.51,2.45,23.92,9.76,27.05,49.89,0,0,1,0,0
2026-01-01T01:13:17Z,leak,LEAK,8503.5,40.02,90.04,2.85,24.03,9.71,26.87,50.05,0,0,1,0,0
2026-01-01T01:13:18Z,leak,LEAK,8489.0,39.88,89.22,1.73,23.78,9.75,26.73,49.94,0,0,1,0,0
2026-01-01T01:13:19Z,leak,LEAK,8499.7,39.89,89.45,0.37,23.87,9.58,26.85,50.07,0,0,1,0,0
2026-01-01T01:13:20Z,leak,LEAK,8496.9,39.93,89.9,0.35,23.81,9.78,26.91,49.97,0,0,1,0,0
2026-01-01T01:13:21Z,leak,LEAK,8481.7,40.05,90.1,0.44,23.91,9.82,26.87,49.97,0,0,1,0,0
2026-01-01T01:13:22Z,leak,LEAK,8498.8,40.14,89.4,-0.77,23.9,9.73,26.93,50.04,0,0,1,0,0
2026-01-01T01:13:23Z,leak,LEAK,8487.7,39.7,89.7,-0.96,23.96,9.64,27.07,49.95,0,0,1,0,0
2026-01-01T01:13:24Z,leak,LEAK,8496.8,40.21,90.29,-1.74,24.03,9.68,26.98,50.01,0,0,1,0,0
2026-01-01T01:13:25Z,leak,LEAK,8480.0,40.53,89.06,-0.76,23.89,9.53,26.79,50.01,0,0,1,0,0
2026-01-01T01:13:26Z,leak,LEAK,8505.3,39.99,90.39,-0.79,23.95,9.8,26.79,50.08,0,0,1,0,0
2026-01-01T01:13:27Z,leak,LEAK,8498.4,39.88,90.25,-1.68,23.75,9.66,26.94,49.94,0,0,1,0,0
2026-01-01T01:13:28Z,leak,LEAK,8504.7,39.9,89.95,-1.27,23.94,9.64,26.74,50.0,0,0,1,0,0
2026-01-01T01:13:29Z,leak,LEAK,8499.3,40.05,89.63,-2.32,23.79,9.64,26.88,49.98,0,0,1,0,0
2026-01-01T01:13:30Z,leak,LEAK,8502.7,40.02,90.29,-2.86,23.93,9.73,26.92,49.97,0,0,1,0,0
2026-01-01T01:13:31Z,leak,LEAK,8497.9,40.05,89.45,-3.75,24.21,9.68,26.67,49.96,0,0,1,0,0
2026-01-01T01:13:32Z,leak,LEAK,8513.8,39.94,90.71,-2.62,23.77,9.66,26.79,49.98,0,0,1,0,0
2026-01-01T01:13:33Z,leak,LEAK,8515.6,40.26,89.56,-3.02,23.99,9.77,26.88,49.98,0,0,1,0,0
2026-01-01T01:13:34Z,leak,LEAK,8503.1,40.27,89.83,-3.29,23.88,9.54,26.89,49.96,0,0,1,0,0
2026-01-01T01:13:35Z,leak,LEAK,8510.9,40.25,90.36,-4.55,23.99,9.77,26.76,49.97,0,0,1,0,0
2026-01-01T01:13:36Z,leak,LEAK,8488.8,40.08,90.08,-3.99,23.88,9.69,26.85,49.97,0,0,1,0,0
2026-01-01T01:13:37Z,leak,LEAK,8520.6,40.06,89.96,-5.91,24.04,9.79,26.8,50.03,0,0,1,0,0
2026-01-01T01:13:38Z,leak,LEAK,8517.4,39.89,90.91,-4.58,23.9,9.85,26.67,50.0,0,0,1,0,0
2026-01-01T01:13:39Z,leak,LEAK,8504.5,39.84,90.41,-5.13,23.91,9.59,26.82,50.0,0,0,1,0,0
2026-01-01T01:13:40Z,leak,LEAK,8516.0,39.98,90.26,-5.46,23.8,9.73,26.53,50.06,0,0,1,0,0
2026-01-01T01:13:41Z,leak,LEAK,8525.7,39.96,89.77,-5.31,24.1,9.71,26.7,49.99,0,0,1,0,0
2026-01-01T01:13:42Z,leak,LEAK,8497.6,39.7,90.34,-5.97,24.03,9.58,26.79,49.98,0,0,1,0,0
2026-01-01T01:13:43Z,leak,LEAK,8524.3,40.0,89.95,-6.07,23.94,9.46,26.78,49.92,0,0,1,0,0
2026-01-01T01:13:44Z,leak,LEAK,8518.2,39.88,90.04,-6.33,23.94,9.64,26.84,50.02,0,0,1,0,0
2026-01-01T01:13:45Z,leak,LEAK,8514.1,39.89,90.43,-7.21,24.09,9.55,26.82,49.98,0,0,1,0,0
2026-01-01T01:13:46Z,leak,LEAK,8517.1,40.07,90.59,-6.75,23.84,9.64,26.73,50.05,0,0,1,0,0
2026-01-01T01:13:47Z,leak,LEAK,8537.2,39.83,90.23,-6.89,23.85,9.8,26.84,49.98,0,0,1,0,0
2026-01-01T01:13:48Z,leak,LEAK,8534.3,39.79,89.71,-7.47,23.96,9.44,26.81,50.0,0,0,1,0,0
2026-01-01T01:13:49Z,leak,LEAK,8542.3,40.19,89.81,-8.26,23.9,9.56,26.84,50.06,0,0,1,0,0
2026-01-01T01:13:50Z,leak,LEAK,8531.6,40.03,90.26,-7.75,23.87,9.68,26.76,50.05,0,0,1,0,0
2026-01-01T01:13:51Z,leak,LEAK,8536.7,39.88,90.25,-8.48,24.07,9.68,26.76,49.95,0,0,1,0,0
2026-01-01T01:13:52Z,leak,LEAK,8524.1,39.93,89.34,-8.45,23.92,9.6,26.76,49.93,0,0,1,0,0
2026-01-01T01:13:53Z,leak,LEAK,8535.7,40.31,90.71,-7.16,24.01,9.6,26.77,49.97,0,0,1,0,0
2026-01-01T01:13:54Z,leak,LEAK,8506.6,39.98,90.07,-8.74,24.09,9.45,26.7,49.99,0,0,1,0,0
2026-01-01T01:13:55Z,leak,LEAK,8531.5,39.81,89.79,-8.49,24.06,9.65,26.9,50.03,0,0,1,0,0
2026-01-01T01:13:56Z,leak,LEAK,8533.7,39.99,90.21,-9.55,23.99,9.75,26.75,50.04,0,0,1,0,0
2026-01-01T01:13:57Z,leak,LEAK,8545.5,39.93,89.67,-8.44,24.02,9.69,26.69,50.02,0,0,1,0,0
2026-01-01T01:13:58Z,leak,LEAK,8542.8,39.96,89.82,-9.25,24.19,9.68,26.99,49.96,0,0,1,0,0
2026-01-01T01:13:59Z,leak,LEAK,8537.3,39.81,89.94,-9.17,23.87,9.54,26.83,50.07,0,0,1,0,0
2026-01-01T01:14:00Z,leak,LEAK,8532.8,39.67,90.6,-9.54,24.08,9.63,26.73,50.02,0,0,1,0,0
2026-01-01T01:14:01Z,leak,LEAK,8519.3,39.9,90.58,-10.33,24.07,9.64,27.0,50.02,0,0,1,0,0
2026-01-01T01:14:02Z,leak,LEAK,8534.1,39.84,89.8,-10.78,23.94,9.54,26.81,50.01,0,0,1,0,0
2026-01-01T01:14:03Z,leak,LEAK,8514.3,39.85,89.98,-10.01,24.01,9.63,26.72,50.04,0,0,1,0,0
2026-01-01T01:14:04Z,leak,LEAK,8529.3,39.94,90.44,-10.11,24.15,9.78,26.73,49.99,0,0,1,0,0
2026-01-01T01:14:05Z,leak,LEAK,8539.1,40.15,89.7,-9.92,23.91,9.61,26.81,49.98,0,0,1,0,0
2026-01-01T01:14:06Z,leak,LEAK,8532.4,39.79,90.42,-10.14,23.97,9.71,26.7,50.0,0,0,1,0,0
2026-01-01T01:14:07Z,leak,LEAK,8545.2,40.15,90.21,-11.54,24.09,9.47,26.7,50.03,0,0,1,0,0
2026-01-01T01:14:08Z,leak,LEAK,8527.8,39.91,90.54,-10.27,24.02,9.75,26.58,50.08,0,0,1,0,0
2026-01-01T01:14:09Z,leak,LEAK,8544.2,39.71,89.99,-11.19,23.94,9.74,26.71,49.98,0,0,1,0,0
2026-01-01T01:14:10Z,leak,LEAK,8551.3,40.02,90.42,-11.56,24.08,9.6,26.66,49.95,0,0,1,0,0
2026-01-01T01:14:11Z,leak,LEAK,8519.7,39.82,90.68,-11.4,23.98,9.51,26.6,50.04,0,0,1,0,0
2026-01-01T01:14:12Z,leak,LEAK,8537.6,40.03,90.69,-11.94,23.99,9.69,26.63,50.03,0,0,1,0,0
2026-01-01T01:14:13Z,leak,LEAK,8528.2,39.74,89.54,-11.6,24.0,9.68,26.49,49.9,0,0,1,0,0
2026-01-01T01:14:14Z,leak,LEAK,8545.5,40.19,90.33,-12.69,23.89,9.68,26.6,49.99,0,0,1,0,0
2026-01-01T01:14:15Z,leak,LEAK,8553.4,40.33,90.93,-12.66,23.94,9.8,26.75,50.02,0,0,1,0,0
2026-01-01T01:14:16Z,leak,LEAK,8550.9,39.78,90.3,-12.45,23.92,9.75,26.74,50.1,0,0,1,0,0
2026-01-01T01:14:17Z,leak,LEAK,8537.0,40.07,90.31,-11.37,23.89,9.52,26.57,50.03,0,0,1,0,0
2026-01-01T01:14:18Z,leak,LEAK,8540.8,39.89,90.78,-13.47,23.93,9.71,26.54,50.02,0,0,1,0,0
2026-01-01T01:14:19Z,leak,LEAK,8568.4,40.26,89.99,-13.0,23.99,9.7,26.73,50.1,0,0,1,0,0
2026-01-01T01:14:20Z,leak,LEAK,8531.4,39.9,89.46,-12.93,23.83,9.59,26.65,50.02,0,0,1,0,0
2026-01-01T01:14:21Z,leak,LEAK,8539.1,39.54,90.18,-11.85,23.98,9.68,26.5,50.01,0,0,1,0,0
2026-01-01T01:14:22Z,leak,LEAK,8554.3,40.08,90.17,-13.27,23.85,9.6,26.7,49.93,0,0,1,0,0
2026-01-01T01:14:23Z,leak,LEAK,8532.6,40.21,90.05,-12.97,23.93,9.6,26.58,50.02,0,0,1,0,0
2026-01-01T01:14:24Z,leak,LEAK,8555.9,40.02,90.05,-12.92,24.22,9.6,26.45,50.06,0,0,1,0,0
2026-01-01T01:14:25Z,leak,LEAK,8558.7,40.07,90.23,-12.42,24.1,9.77,26.59,49.99,0,0,1,0,0
2026-01-01T01:14:26Z,leak,LEAK,8557.6,39.62,90.79,-12.52,23.86,9.55,26.55,49.99,0,0,1,0,0
2026-01-01T01:14:27Z,leak,LEAK,8551.4,39.88,91.15,-13.3,23.92,9.53,26.58,49.97,0,0,1,0,0
2026-01-01T01:14:28Z,leak,LEAK,8555.1,39.82,91.39,-13.22,24.04,9.56,26.63,49.98,0,0,1,0,0
2026-01-01T01:14:29Z,leak,LEAK,8559.6,39.87,90.8,-13.51,23.9,9.59,26.54,50.03,0,0,1,0,0
2026-01-01T01:14:30Z,leak,LEAK,8553.4,40.0,90.55,-14.36,23.99,9.76,26.67,49.97,0,0,1,0,0
2026-01-01T01:14:31Z,leak,LEAK,8559.0,40.02,90.54,-13.9,24.02,9.51,26.69,50.01,0,0,1,0,0
2026-01-01T01:14:32Z,leak,LEAK,8563.4,39.92,90.49,-14.02,24.01,9.5,26.74,50.0,0,0,1,0,0
2026-01-01T01:14:33Z,leak,LEAK,8550.4,39.88,90.99,-12.99,23.78,9.6,26.62,49.96,0,0,1,0,0
2026-01-01T01:14:34Z,leak,LEAK,8555.2,40.04,90.4,-12.15,23.97,9.48,26.61,49.97,0,0,1,0,0
2026-01-01T01:14:35Z,leak,LEAK,8565.7,39.93,91.26,-14.75,23.93,9.61,26.49,50.04,0,0,1,0,0
2026-01-01T01:14:36Z,leak,LEAK,8585.4,39.57,89.48,-13.53,23.81,9.59,26.69,49.93,0,0,1,0,0
2026-01-01T01:14:37Z,leak,LEAK,8588.3,39.81,90.63,-13.27,24.18,9.49,26.65,49.96,0,0,1,0,0
2026-01-01T01:14:38Z,leak,LEAK,8581.0,39.95,91.06,-13.53,23.85,9.51,26.56,49.95,0,0,1,0,0
2026-01-01T01:14:39Z,leak,LEAK,8571.9,40.12,90.61,-14.2,23.92,9.52,26.73,49.97,0,0,1,0,0
2026-01-01T01:14:40Z,leak,LEAK,8565.1,40.51,90.89,-13.84,24.01,9.57,26.75,50.07,0,0,1,0,0
2026-01-01T01:14:41Z,leak,LEAK,8558.5,40.11,90.17,-14.31,23.6,9.65,26.3,50.06,0,0,1,0,0
2026-01-01T01:14:42Z,leak,LEAK,8577.3,39.82,90.44,-15.13,24.08,9.67,26.58,49.96,0,0,1,0,0
2026-01-01T01:14:43Z,leak,LEAK,8553.3,40.19,90.09,-12.58,23.87,9.64,26.56,49.99,0,0,1,0,0
2026-01-01T01:14:44Z,leak,LEAK,8565.9,40.23,90.26,-14.96,23.98,9.49,26.71,50.08,0,0,1,0,0
2026-01-01T01:14:45Z,leak,LEAK,8576.1,39.82,90.95,-14.24,24.0,9.64,26.37,49.88,0,0,1,0,0
2026-01-01T01:14:46Z,leak,LEAK,8562.8,39.92,90.49,-14.19,24.04,9.57,26.4,50.05,0,0,1,0,0
2026-01-01T01:14:47Z,leak,LEAK,8562.9,40.15,90.91,-14.93,23.91,9.48,26.54,50.0,0,0,1,0,0
2026-01-01T01:14:48Z,leak,LEAK,8570.3,39.91,90.5,-15.56,24.18,9.64,26.53,50.01,0,0,1,0,0
2026-01-01T01:14:49Z,leak,LEAK,8571.9,40.31,91.09,-15.28,24.04,9.63,26.59,49.93,0,0,1,0,0
2026-01-01T01:14:50Z,leak,LEAK,8579.6,39.71,90.31,-14.58,24.08,9.59,26.62,50.0,0,0,1,0,0
2026-01-01T01:14:51Z,leak,LEAK,8568.7,39.88,90.21,-15.52,23.96,9.51,26.48,49.99,0,0,1,0,0
2026-01-01T01:14:52Z,leak,LEAK,8575.7,40.12,91.53,-15.23,24.09,9.54,26.49,49.96,0,0,1,0,0
2026-01-01T01:14:53Z,leak,LEAK,8581.0,39.91,90.85,-15.14,23.96,9.66,26.61,50.03,0,0,1,0,0
2026-01-01T01:14:54Z,leak,LEAK,8582.8,39.63,90.79,-16.27,23.92,9.57,26.49,50.04,0,0,1,0,0
2026-01-01T01:14:55Z,leak,LEAK,8569.3,40.09,90.82,-15.21,23.99,9.45,26.54,50.0,0,0,1,0,0
2026-01-01T01:14:56Z,leak,LEAK,8582.9,39.97,90.88,-15.33,23.91,9.67,26.55,49.96,0,0,1,0,0
2026-01-01T01:14:57Z,leak,LEAK,8582.4,40.09,91.36,-15.63,24.14,9.38,26.42,49.98,0,0,1,0,0
2026-01-01T01:14:58Z,leak,LEAK,8589.3,40.41,90.14,-15.64,24.05,9.55,26.49,50.01,0,0,1,0,0
2026-01-01T01:14:59Z,leak,LEAK,8573.7,39.86,90.5,-15.05,23.83,9.62,26.37,49.96,0,0,1,0,0
2026-01-01T01:15:00Z,leak,LEAK,8576.5,39.82,91.0,-15.74,24.05,9.55,26.49,50.02,0,0,1,0,0
2026-01-01T01:15:01Z,leak,LEAK,8591.2,39.97,91.06,-14.74,24.0,9.8,26.48,50.0,0,0,1,0,0
2026-01-01T01:15:02Z,leak,LEAK,8609.9,40.26,90.53,-15.46,24.02,9.68,26.51,49.95,0,0,1,0,0
2026-01-01T01:15:03Z,leak,LEAK,8579.8,39.93,91.26,-15.02,24.15,9.52,26.5,50.09,0,0,1,0,0
2026-01-01T01:15:04Z,leak,LEAK,8592.4,40.22,90.73,-14.66,23.84,9.65,26.21,49.99,0,0,1,0,0
2026-01-01T01:15:05Z,leak,LEAK,8590.5,40.0,90.7,-16.02,23.99,9.56,26.41,49.99,0,0,1,0,0
2026-01-01T01:15:06Z,leak,LEAK,8585.1,39.75,91.35,-16.28,24.0,9.77,26.6,49.98,0,0,1,0,0
2026-01-01T01:15:07Z,leak,LEAK,8585.5,39.6,90.71,-16.63,24.04,9.64,26.44,50.01,0,0,1,0,0
2026-01-01T01:15:08Z,leak,LEAK,8584.5,39.73,90.92,-15.86,24.05,9.53,26.34,49.98,0,0,1,0,0
2026-01-01T01:15:09Z,leak,LEAK,8591.0,39.87,89.99,-17.15,24.05,9.61,26.54,50.0,0,0,1,0,0
2026-01-01T01:15:10Z,leak,LEAK,8584.7,39.96,91.48,-15.98,23.99,9.45,26.54,49.97,0,0,1,0,0
2026-01-01T01:15:11Z,leak,LEAK,8601.4,39.96,90.46,-15.39,23.97,9.46,26.51,49.94,0,0,1,0,0
2026-01-01T01:15:12Z,leak,LEAK,8592.5,40.03,91.15,-15.81,24.09,9.64,26.38,50.02,0,0,1,0,0
2026-01-01T01:15:13Z,leak,LEAK,8592.1,40.01,90.67,-16.3,24.08,9.58,26.35,50.02,0,0,1,0,0
2026-01-01T01:15:14Z,leak,LEAK,8580.4,40.07,90.59,-16.12,23.94,9.45,26.26,49.96,0,0,1,0,0
2026-01-01T01:15:15Z,leak,LEAK,8583.0,40.07,90.0,-15.91,23.87,9.47,26.46,49.96,0,0,1,0,0
2026-01-01T01:15:16Z,leak,LEAK,8601.2,39.81,90.09,-16.75,23.85,9.73,26.48,50.03,0,0,1,0,0
2026-01-01T01:15:17Z,leak,LEAK,8605.6,40.18,90.87,-16.7,24.09,9.58,26.39,49.9,0,0,1,0,0
2026-01-01T01:15:18Z,leak,LEAK,8589.6,39.8,89.9,-16.2,23.95,9.6,26.71,50.02,0,0,1,0,0
2026-01-01T01:15:19Z,leak,LEAK,8575.6,39.73,90.52,-15.21,23.85,9.53,26.41,50.02,0,0,1,0,0
2026-01-01T01:15:20Z,leak,LEAK,8589.6,40.06,90.14,-15.66,23.96,9.48,26.34,50.08,0,0,1,0,0
2026-01-01T01:15:21Z,leak,LEAK,8593.9,40.08,90.99,-15.8,24.05,9.66,26.38,49.86,0,0,1,0,0
2026-01-01T01:15:22Z,leak,LEAK,8599.4,39.9,91.18,-16.21,24.06,9.64,26.47,49.96,0,0,1,0,0
2026-01-01T01:15:23Z,leak,LEAK,8600.5,39.71,90.48,-16.4,23.91,9.67,26.49,50.0,0,0,1,0,0
2026-01-01T01:15:24Z,leak,LEAK,8578.5,39.99,90.43,-15.26,23.9,9.59,26.25,49.92,0,0,1,0,0
2026-01-01T01:15:25Z,leak,LEAK,8600.0,39.75,90.32,-16.39,23.79,9.51,26.44,50.02,0,0,1,0,0
2026-01-01T01:15:26Z,leak,LEAK,8583.4,40.08,90.69,-16.29,23.85,9.76,26.34,50.01,0,0,1,0,0
2026-01-01T01:15:27Z,leak,LEAK,8578.0,40.08,91.27,-16.15,24.02,9.78,26.32,50.01,0,0,1,0,0
2026-01-01T01:15:28Z,leak,LEAK,8592.7,40.25,90.43,-17.02,24.0,9.51,26.22,50.13,0,0,1,0,0
2026-01-01T01:15:29Z,leak,LEAK,8602.9,39.68,90.97,-16.73,24.14,9.5,26.46,49.91,0,0,1,0,0
2026-01-01T01:15:30Z,leak,LEAK,8595.2,39.98,91.33,-17.08,23.99,9.58,26.43,50.03,0,0,1,0,0
2026-01-01T01:15:31Z,leak,LEAK,8595.4,39.97,90.95,-17.4,23.93,9.57,26.38,50.05,0,0,1,0,0
2026-01-01T01:15:32Z,leak,LEAK,8595.4,40.09,91.48,-17.18,23.95,9.47,26.43,50.01,0,0,1,0,0
2026-01-01T01:15:33Z,leak,LEAK,8610.2,39.9,91.4,-16.28,24.09,9.46,26.55,49.98,0,0,1,0,0
2026-01-01T01:15:34Z,leak,LEAK,8581.4,39.68,90.46,-16.47,24.0,9.49,26.32,49.98,0,0,1,0,0
2026-01-01T01:15:35Z,leak,LEAK,8617.0,40.15,91.86,-16.28,23.96,9.72,26.27,50.0,0,0,1,0,0
2026-01-01T01:15:36Z,leak,LEAK,8583.1,40.05,90.28,-16.24,23.93,9.52,26.3,49.91,0,0,1,0,0
2026-01-01T01:15:37Z,leak,LEAK,8596.1,39.71,91.42,-15.74,24.05,9.58,26.28,50.06,0,0,1,0,0
2026-01-01T01:15:38Z,leak,LEAK,8601.0,39.96,90.94,-16.37,24.01,9.49,26.35,49.95,0,0,1,0,0
2026-01-01T01:15:39Z,leak,LEAK,8596.2,40.22,90.83,-16.61,24.14,9.71,26.24,49.99,0,0,1,0,0
2026-01-01T01:15:40Z,leak,LEAK,8616.2,40.26,90.91,-16.46,24.07,9.6,26.24,50.04,0,0,1,0,0
2026-01-01T01:15:41Z,leak,LEAK,8588.1,39.9,91.05,-17.48,24.1,9.42,26.4,50.08,0,0,1,0,0
2026-01-01T01:15:42Z,leak,LEAK,8598.0,39.64,90.9,-16.49,23.94,9.46,26.21,49.97,0,0,1,0,0
2026-01-01T01:15:43Z,leak,LEAK,8589.3,40.17,90.55,-17.25,23.8,9.63,26.09,49.94,0,0,1,0,0
2026-01-01T01:15:44Z,leak,LEAK,8604.8,39.73,91.21,-16.56,24.1,9.7,26.46,50.11,0,0,1,0,0
2026-01-01T01:15:45Z,leak,LEAK,8593.5,40.19,91.48,-17.62,23.97,9.49,26.4,49.98,0,0,1,0,0
2026-01-01T01:15:46Z,leak,LEAK,8612.2,39.98,90.13,-17.15,23.83,9.58,26.19,49.99,0,0,1,0,0
2026-01-01T01:15:47Z,leak,LEAK,8594.7,39.68,91.33,-16.86,23.88,9.54,26.26,50.07,0,0,1,0,0
2026-01-01T01:15:48Z,leak,LEAK,8611.4,39.96,90.96,-17.23,23.98,9.51,26.22,50.01,0,0,1,0,0
2026-01-01T01:15:49Z,leak,LEAK,8581.2,39.62,91.68,-16.85,23.89,9.63,26.23,49.99,0,0,1,0,0
2026-01-01T01:15:50Z,leak,LEAK,8593.1,39.79,91.12,-17.57,24.04,9.53,26.51,49.97,0,0,1,0,0
2026-01-01T01:15:51Z,leak,LEAK,8609.5,39.79,90.31,-17.44,23.87,9.55,26.34,49.92,0,0,1,0,0
2026-01-01T01:15:52Z,leak,LEAK,8611.3,40.03,90.96,-17.21,24.16,9.63,26.35,50.08,0,0,1,0,0
2026-01-01T01:15:53Z,leak,LEAK,8592.3,39.77,90.68,-16.87,23.96,9.68,26.22,50.03,0,0,1,0,0
2026-01-01T01:15:54Z,leak,LEAK,8584.5,39.83,91.78,-16.95,23.87,9.65,26.32,49.85,0,0,1,0,0
2026-01-01T01:15:55Z,leak,LEAK,8611.0,40.02,91.42,-17.17,24.11,9.56,26.19,50.0,0,0,1,0,0
2026-01-01T01:15:56Z,leak,LEAK,8602.6,40.1,91.71,-18.03,23.93,9.86,26.16,49.88,0,0,1,0,0
2026-01-01T01:15:57Z,leak,LEAK,8585.5,40.14,91.33,-16.9,23.8,9.58,26.33,49.99,0,0,1,0,0
2026-01-01T01:15:58Z,leak,LEAK,8586.6,40.07,91.29,-16.85,24.03,9.66,26.29,49.98,0,0,1,0,0
2026-01-01T01:15:59Z,leak,LEAK,8607.8,39.94,91.56,-17.43,23.93,9.47,26.16,50.0,0,0,1,0,0
2026-01-01T01:16:00Z,leak,LEAK,8613.9,39.8,91.65,-16.6,24.01,9.48,26.19,50.0,0,0,1,0,0
2026-01-01T01:16:01Z,leak,LEAK,8598.8,39.98,90.87,-17.92,23.94,9.56,26.11,50.01,0,0,1,0,0
2026-01-01T01:16:02Z,leak,LEAK,8589.1,39.78,91.29,-16.74,24.1,9.57,26.5,49.94,0,0,1,0,0
2026-01-01T01:16:03Z,leak,LEAK,8590.1,39.87,91.0,-16.8,24.21,9.42,26.12,49.96,0,0,1,0,0
2026-01-01T01:16:04Z,leak,LEAK,8594.0,39.8,91.33,-18.34,24.0,9.49,26.2,49.97,0,0,1,0,0
2026-01-01T01:16:05Z,leak,LEAK,8600.6,39.81,90.4,-16.99,24.01,9.9,26.25,50.01,0,0,1,0,0
2026-01-01T01:16:06Z,leak,LEAK,8600.0,39.8,92.16,-17.42,23.96,9.64,26.11,50.05,0,0,1,0,0
2026-01-01T01:16:07Z,leak,LEAK,8596.6,39.58,90.61,-17.32,24.26,9.62,26.2,49.92,0,0,1,0,0
2026-01-01T01:16:08Z,leak,LEAK,8596.2,39.89,90.77,-18.04,23.97,9.71,26.0,50.08,0,0,1,0,0
2026-01-01T01:16:09Z,leak,LEAK,8586.5,40.15,91.34,-17.5,23.94,9.65,26.12,49.92,0,0,1,0,0
2026-01-01T01:16:10Z,leak,LEAK,8602.3,40.2,91.27,-17.49,23.94,9.57,26.28,49.99,0,0,1,0,0
2026-01-01T01:16:11Z,leak,LEAK,8592.7,40.1,91.22,-16.41,24.09,9.62,26.04,49.93,0,0,1,0,0
2026-01-01T01:16:12Z,leak,LEAK,8574.9,40.39,91.07,-17.33,23.96,9.55,26.3,50.09,0,0,1,0,0
2026-01-01T01:16:13Z,leak,LEAK,8600.1,39.94,90.83,-17.87,24.11,9.64,26.33,49.91,0,0,1,0,0
2026-01-01T01:16:14Z,leak,LEAK,8606.2,39.64,91.45,-17.29,24.04,9.57,26.19,50.07,0,0,1,0,0
2026-01-01T01:16:15Z,leak,LEAK,8601.0,39.58,91.44,-16.36,23.98,9.44,26.29,50.0,0,0,1,0,0
2026-01-01T01:16:16Z,leak,LEAK,8591.3,39.88,91.65,-16.51,24.13,9.49,26.03,49.96,0,0,1,0,0
2026-01-01T01:16:17Z,leak,LEAK,8588.4,39.94,90.87,-17.44,23.92,9.69,25.99,49.96,0,0,1,0,0
2026-01-01T01:16:18Z,leak,LEAK,8569.9,40.09,90.66,-18.54,23.87,9.71,26.21,49.98,0,0,1,0,0
2026-01-01T01:16:19Z,leak,LEAK,8596.7,39.88,91.3,-18.0,24.05,9.62,26.13,50.09,0,0,1,0,0
2026-01-01T01:16:20Z,leak,LEAK,8601.5,39.88,91.46,-17.07,24.06,9.77,26.07,50.01,0,0,1,0,0
2026-01-01T01:16:21Z,leak,LEAK,8598.2,40.34,91.28,-17.85,23.93,9.69,26.06,49.92,0,0,1,0,0
2026-01-01T01:16:22Z,leak,LEAK,8610.2,39.99,91.37,-16.9,23.89,9.71,26.05,50.04,0,0,1,0,0
2026-01-01T01:16:23Z,leak,LEAK,8607.0,40.11,91.52,-17.57,23.95,9.58,26.12,50.05,0,0,1,0,0
2026-01-01T01:16:24Z,leak,LEAK,8609.0,39.79,90.79,-17.02,24.29,9.65,26.09,50.0,0,0,1,0,0
2026-01-01T01:16:25Z,leak,LEAK,8588.9,39.7,90.08,-17.84,24.1,9.81,26.12,49.96,0,0,1,0,0
2026-01-01T01:16:26Z,leak,LEAK,8609.4,40.31,90.46,-17.66,23.85,9.75,25.96,50.09,0,0,1,0,0
2026-01-01T01:16:27Z,leak,LEAK,8592.0,39.86,91.52,-17.75,23.9,9.43,25.98,50.0,0,0,1,0,0
2026-01-01T01:16:28Z,leak,LEAK,8592.8,39.84,90.76,-17.5,23.95,9.59,26.33,50.01,0,0,1,0,0
2026-01-01T01:16:29Z,leak,LEAK,8620.9,40.0,91.01,-17.74,23.78,9.53,25.97,50.01,0,0,1,0,0
2026-01-01T01:16:30Z,leak,LEAK,8587.6,40.43,90.97,-17.5,23.95,9.49,26.01,49.96,0,0,1,0,0
2026-01-01T01:16:31Z,leak,LEAK,8596.6,40.0,91.56,-17.96,23.96,9.51,25.91,49.95,0,0,1,0,0
2026-01-01T01:16:32Z,leak,LEAK,8595.0,40.23,91.33,-17.44,23.83,9.57,25.95,49.98,0,0,1,0,0
2026-01-01T01:16:33Z,leak,LEAK,8598.9,40.18,90.7,-17.99,23.89,9.81,26.07,50.09,0,0,1,0,0
2026-01-01T01:16:34Z,leak,LEAK,8579.7,40.12,90.72,-17.43,24.13,9.56,26.08,49.98,0,0,1,0,0
2026-01-01T01:16:35Z,leak,LEAK,8605.1,39.77,91.29,-17.78,24.17,9.75,26.0,50.03,0,0,1,0,0
2026-01-01T01:16:36Z,leak,LEAK,8587.8,40.01,91.47,-18.03,23.98,9.68,26.0,50.03,0,0,1,0,0
2026-01-01T01:16:37Z,leak,LEAK,8593.2,39.98,91.06,-17.67,23.84,9.63,26.14,50.01,0,0,1,0,0
2026-01-01T01:16:38Z,leak,LEAK,8604.8,39.86,91.12,-17.48,23.92,9.71,25.76,50.04,0,0,1,0,0
2026-01-01T01:16:39Z,leak,LEAK,8592.1,40.02,90.21,-17.83,23.98,9.65,25.91,49.98,0,0,1,0,0
2026-01-01T01:16:40Z,leak,LEAK,8585.1,40.52,91.07,-17.14,24.03,9.7,25.92,49.99,0,0,1,0,0
2026-01-01T01:16:41Z,leak,LEAK,8584.9,40.05,91.0,-18.43,23.92,9.72,25.97,50.02,0,0,1,0,0
2026-01-01T01:16:42Z,leak,LEAK,8603.3,40.18,89.77,-17.96,23.98,9.78,25.92,49.97,0,0,1,0,0
2026-01-01T01:16:43Z,leak,LEAK,8598.7,39.93,90.71,-17.81,23.89,9.62,25.92,50.0,0,0,1,0,0
2026-01-01T01:16:44Z,leak,LEAK,8589.2,39.94,91.07,-17.3,23.91,9.63,26.02,49.99,0,0,1,0,0
2026-01-01T01:16:45Z,leak,LEAK,8600.1,39.78,91.75,-18.07,24.06,9.5,25.89,50.05,0,0,1,0,0
2026-01-01T01:16:46Z,leak,LEAK,8581.5,39.66,91.14,-16.91,24.01,9.57,26.01,49.89,0,0,1,0,0
2026-01-01T01:16:47Z,leak,LEAK,8589.9,40.03,90.8,-16.91,23.91,9.64,25.89,49.99,0,0,1,0,0
2026-01-01T01:16:48Z,leak,LEAK,8584.5,40.23,90.62,-17.89,24.07,9.56,26.07,50.05,0,0,1,0,0
2026-01-01T01:16:49Z,leak,LEAK,8593.0,39.93,91.44,-17.21,24.0,9.81,26.22,50.05,0,0,1,0,0
2026-01-01T01:16:50Z,leak,LEAK,8583.2,40.08,90.37,-17.09,24.07,9.53,26.03,49.99,0,0,1,0,0
2026-01-01T01:16:51Z,leak,LEAK,8599.9,39.85,90.35,-17.9,24.06,9.6,26.01,50.07,0,0,1,0,0
2026-01-01T01:16:52Z,leak,LEAK,8570.0,39.75,90.34,-17.84,24.01,9.51,25.8,50.01,0,0,1,0,0
2026-01-01T01:16:53Z,leak,LEAK,8571.5,39.89,91.3,-19.15,23.77,9.65,25.94,50.07,0,0,1,0,0
2026-01-01T01:16:54Z,leak,LEAK,8580.6,40.03,90.58,-18.22,24.0,9.71,25.91,50.01,0,0,1,0,0
2026-01-01T01:16:55Z,leak,LEAK,8574.0,40.0,90.05,-17.75,24.25,9.48,25.97,49.92,0,0,1,0,0
2026-01-01T01:16:56Z,leak,LEAK,8583.3,39.85,91.69,-17.78,23.95,9.62,25.72,50.07,0,0,1,0,0
2026-01-01T01:16:57Z,leak,LEAK,8598.8,39.8,91.76,-17.91,23.99,9.58,25.84,50.01,0,0,1,0,0
2026-01-01T01:16:58Z,leak,LEAK,8595.7,40.44,90.71,-17.61,23.91,9.59,25.89,50.01,0,0,1,0,0
2026-01-01T01:16:59Z,leak,LEAK,8574.2,39.79,90.9,-18.3,24.08,9.68,25.84,50.06,0,0,1,0,0
2026-01-01T01:17:00Z,leak,LEAK,8598.0,39.58,91.45,-17.96,23.98,9.74,25.74,49.97,0,0,1,0,0
2026-01-01T01:17:01Z,leak,LEAK,8567.6,39.79,90.23,-18.03,24.15,9.58,25.85,50.06,0,0,1,0,0
2026-01-01T01:17:02Z,leak,LEAK,8579.4,39.67,90.6,-18.63,23.89,9.72,25.81,50.06,0,0,1,0,0
2026-01-01T01:17:03Z,leak,LEAK,8590.5,40.19,91.75,-18.67,24.11,9.62,25.87,49.99,0,0,1,0,0
2026-01-01T01:17:04Z,leak,LEAK,8588.0,40.06,91.57,-17.6,23.97,9.61,25.9,50.02,0,0,1,0,0
2026-01-01T01:17:05Z,leak,LEAK,8576.1,40.1,90.8,-17.76,24.1,9.55,26.08,49.96,0,0,1,0,0
2026-01-01T01:17:06Z,leak,LEAK,8583.3,40.26,91.24,-18.59,24.21,9.78,25.85,49.97,0,0,1,0,0
2026-01-01T01:17:07Z,leak,LEAK,8590.4,40.11,90.87,-17.8,24.12,9.5,25.68,49.96,0,0,1,0,0
2026-01-01T01:17:08Z,leak,LEAK,8567.9,39.96,91.52,-17.68,23.95,9.49,25.95,49.99,0,0,1,0,0
2026-01-01T01:17:09Z,leak,LEAK,8590.4,39.9,91.28,-17.44,24.03,9.7,25.79,50.04,0,0,1,0,0
2026-01-01T01:17:10Z,leak,LEAK,8589.2,39.91,90.08,-16.98,23.9,9.56,25.84,50.11,0,0,1,0,0
2026-01-01T01:17:11Z,leak,LEAK,8580.3,39.84,91.04,-18.23,24.0,9.46,25.92,49.96,0,0,1,0,0
2026-01-01T01:17:12Z,leak,LEAK,8572.5,39.84,91.01,-17.82,23.91,9.76,25.82,49.93,0,0,1,0,0
2026-01-01T01:17:13Z,leak,LEAK,8576.0,39.75,91.48,-17.73,23.96,9.68,25.75,50.01,0,0,1,0,0
2026-01-01T01:17:14Z,leak,LEAK,8568.1,40.02,90.5,-17.4,24.07,9.7,25.95,50.1,0,0,1,0,0
2026-01-01T01:17:15Z,leak,LEAK,8583.8,40.02,90.25,-17.19,23.98,9.37,25.78,50.04,0,0,1,0,0
2026-01-01T01:17:16Z,leak,LEAK,8573.6,40.02,90.6,-18.3,23.98,9.56,25.75,50.04,0,0,1,0,0
2026-01-01T01:17:17Z,leak,LEAK,8566.5,40.14,90.89,-17.44,23.97,9.5,25.78,49.99,0,0,1,0,0
2026-01-01T01:17:18Z,leak,LEAK,8591.9,40.1,90.62,-17.48,24.12,9.56,25.88,50.05,0,0,1,0,0
2026-01-01T01:17:19Z,leak,LEAK,8593.2,40.06,90.15,-18.17,24.09,9.56,25.71,49.97,0,0,1,0,0
2026-01-01T01:17:20Z,leak,LEAK,8572.9,40.21,90.38,-17.22,24.15,9.49,25.99,49.96,0,0,1,0,0
2026-01-01T01:17:21Z,leak,LEAK,8573.9,40.29,90.9,-17.52,23.99,9.65,25.82,50.04,0,0,1,0,0
2026-01-01T01:17:22Z,leak,LEAK,8573.9,39.56,90.93,-17.78,23.99,9.53,25.92,50.03,0,0,1,0,0
2026-01-01T01:17:23Z,leak,LEAK,8566.1,40.27,90.96,-17.5,23.89,9.47,25.65,49.94,0,0,1,0,0
2026-01-01T01:17:24Z,leak,LEAK,8563.4,40.09,90.13,-18.4,23.99,9.52,25.8,50.11,0,0,1,0,0
2026-01-01T01:17:25Z,leak,LEAK,8568.4,39.96,90.49,-18.84,23.97,9.4,25.59,49.98,0,0,1,0,0
2026-01-01T01:17:26Z,leak,LEAK,8562.1,40.0,90.61,-17.48,23.96,9.51,25.74,49.98,0,0,1,0,0
2026-01-01T01:17:27Z,leak,LEAK,8546.2,39.77,90.92,-17.3,24.13,9.61,25.94,49.98,0,0,1,0,0
2026-01-01T01:17:28Z,leak,LEAK,8591.5,39.9,90.97,-18.0,24.06,9.56,25.67,49.97,0,0,1,0,0
2026-01-01T01:17:29Z,leak,LEAK,8553.9,39.82,90.31,-18.02,24.06,9.65,25.71,50.05,0,0,1,0,0
2026-01-01T01:17:30Z,leak,LEAK,8574.8,39.99,90.79,-17.59,23.94,9.68,25.78,50.04,0,0,1,0,0
2026-01-01T01:17:31Z,leak,LEAK,8554.4,40.0,90.79,-18.18,24.01,9.39,25.64,50.05,0,0,1,0,0
2026-01-01T01:17:32Z,leak,LEAK,8563.3,39.74,90.59,-17.51,24.03,9.61,25.59,49.98,0,0,1,0,0
2026-01-01T01:17:33Z,leak,LEAK,8563.9,39.9,91.33,-18.3,24.08,9.65,25.46,50.0,0,0,1,0,0
2026-01-01T01:17:34Z,leak,LEAK,8570.0,40.04,89.84,-17.08,24.16,9.69,25.7,49.95,0,0,1,0,0
2026-01-01T01:17:35Z,leak,LEAK,8568.5,39.89,90.94,-18.21,24.05,9.64,25.66,50.13,0,0,1,0,0
2026-01-01T01:17:36Z,leak,LEAK,8555.7,39.79,90.26,-18.39,24.04,9.44,25.61,50.14,0,0,1,0,0
2026-01-01T01:17:37Z,leak,LEAK,8559.1,40.29,91.18,-18.65,24.05,9.65,25.66,49.94,0,0,1,0,0
2026-01-01T01:17:38Z,leak,LEAK,8571.9,40.07,90.17,-17.85,24.06,9.61,25.6,49.99,0,0,1,0,0
2026-01-01T01:17:39Z,leak,LEAK,8558.4,40.2,90.55,-17.63,24.15,9.49,25.65,50.0,0,0,1,0,0
2026-01-01T01:17:40Z,leak,LEAK,8559.9,39.85,90.48,-18.29,23.99,9.77,25.63,50.09,0,0,1,0,0
2026-01-01T01:17:41Z,leak,LEAK,8551.8,40.04,90.43,-17.58,23.96,9.68,25.7,50.02,0,0,1,0,0
2026-01-01T01:17:42Z,leak,LEAK,8560.0,39.81,90.79,-17.73,23.77,9.55,25.7,49.96,0,0,1,0,0
2026-01-01T01:17:43Z,leak,LEAK,8556.1,40.01,90.46,-18.25,24.18,9.79,25.6,50.02,0,0,1,0,0
2026-01-01T01:17:44Z,leak,LEAK,8552.9,40.0,90.14,-17.55,23.92,9.51,25.6,50.1,0,0,1,0,0
2026-01-01T01:17:45Z,leak,LEAK,8566.9,39.86,90.12,-17.7,24.04,9.65,25.57,50.07,0,0,1,0,0
2026-01-01T01:17:46Z,leak,LEAK,8557.9,40.25,89.46,-17.83,23.99,9.52,25.57,50.02,0,0,1,0,0
2026-01-01T01:17:47Z,leak,LEAK,8551.6,40.12,90.16,-17.62,24.09,9.55,25.55,50.1,0,0,1,0,0
2026-01-01T01:17:48Z,leak,LEAK,8544.5,40.2,90.36,-17.93,23.94,9.54,25.4,50.09,0,0,1,0,0
2026-01-01T01:17:49Z,leak,LEAK,8542.7,39.83,90.4,-17.19,24.08,9.59,25.54,49.98,0,0,1,0,0
2026-01-01T01:17:50Z,leak,LEAK,8558.2,40.09,90.0,-17.07,24.11,9.77,25.56,49.9,0,0,1,0,0
2026-01-01T01:17:51Z,leak,LEAK,8541.5,40.08,91.1,-19.1,24.15,9.6,25.6,50.07,0,0,1,0,0
2026-01-01T01:17:52Z,leak,LEAK,8558.7,39.83,90.66,-17.61,24.04,9.69,25.71,49.95,0,0,1,0,0
2026-01-01T01:17:53Z,leak,LEAK,8547.6,40.09,90.49,-17.9,24.0,9.63,25.61,50.07,0,0,1,0,0
2026-01-01T01:17:54Z,leak,LEAK,8546.6,40.13,90.06,-18.66,23.89,9.42,25.58,50.01,0,0,1,0,0
2026-01-01T01:17:55Z,leak,LEAK,8538.0,40.1,90.67,-18.19,23.89,9.66,25.7,49.93,0,0,1,0,0
2026-01-01T01:17:56Z,leak,LEAK,8545.8,40.24,90.15,-18.97,23.94,9.52,25.57,50.02,0,0,1,0,0
2026-01-01T01:17:57Z,leak,LEAK,8539.3,40.41,91.04,-18.33,23.96,9.59,25.47,50.0,0,0,1,0,0
2026-01-01T01:17:58Z,leak,LEAK,8549.3,40.09,90.56,-18.03,23.92,9.67,25.35,50.0,0,0,1,0,0
2026-01-01T01:17:59Z,leak,LEAK,8541.8,40.19,90.98,-17.75,24.1,9.57,25.59,50.0,0,0,1,0,0
2026-01-01T01:18:00Z,leak,LEAK,8552.4,40.31,89.79,-17.91,24.16,9.77,25.57,49.99,0,0,1,0,0
2026-01-01T01:18:01Z,leak,LEAK,8545.4,39.38,91.26,-16.93,23.87,9.66,25.68,49.97,0,0,1,0,0
2026-01-01T01:18:02Z,leak,LEAK,8525.2,40.43,90.61,-17.81,23.99,9.64,25.64,49.93,0,0,1,0,0
2026-01-01T01:18:03Z,leak,LEAK,8546.3,39.85,90.19,-18.35,23.95,9.4,25.63,50.03,0,0,1,0,0
2026-01-01T01:18:04Z,leak,LEAK,8525.4,39.81,90.97,-16.8,23.9,9.58,25.3,50.1,0,0,1,0,0
2026-01-01T01:18:05Z,leak,LEAK,8538.2,40.25,90.51,-18.58,24.08,9.38,25.52,50.01,0,0,1,0,0
2026-01-01T01:18:06Z,leak,LEAK,8545.3,39.94,90.65,-17.37,24.04,9.59,25.48,50.03,0,0,1,0,0
2026-01-01T01:18:07Z,leak,LEAK,8547.3,40.03,89.45,-18.69,24.03,9.61,25.57,49.93,0,0,1,0,0
2026-01-01T01:18:08Z,leak,LEAK,8524.8,40.13,90.49,-17.93,24.06,9.73,25.46,50.04,0,0,1,0,0
2026-01-01T01:18:09Z,leak,LEAK,8541.3,39.62,89.84,-17.75,23.88,9.57,25.5,50.03,0,0,1,0,0
2026-01-01T01:18:10Z,leak,LEAK,8518.7,40.06,91.32,-18.7,24.1,9.74,25.48,50.03,0,0,1,0,0
2026-01-01T01:18:11Z,leak,LEAK,8515.3,40.09,90.84,-18.05,24.08,9.62,25.38,49.93,0,0,1,0,0
2026-01-01T01:18:12Z,leak,LEAK,8505.5,39.85,90.85,-18.31,24.06,9.54,25.37,49.95,0,0,1,0,0
2026-01-01T01:18:13Z,leak,LEAK,8520.8,40.1,89.94,-18.27,24.11,9.64,25.31,49.93,0,0,1,0,0
2026-01-01T01:18:14Z,leak,LEAK,8540.0,40.5,90.38,-18.3,23.89,9.67,25.32,49.99,0,0,1,0,0
2026-01-01T01:18:15Z,leak,LEAK,8509.6,40.45,89.94,-18.53,23.96,9.82,25.31,49.98,0,0,1,0,0
2026-01-01T01:18:16Z,leak,LEAK,8523.9,40.03,90.31,-18.78,24.14,9.57,25.48,50.01,0,0,1,0,0
2026-01-01T01:18:17Z,leak,LEAK,8518.8,40.04,90.21,-18.1,24.01,9.69,25.32,49.97,0,0,1,0,0
2026-01-01T01:18:18Z,leak,LEAK,8521.6,40.13,90.98,-17.42,23.94,9.48,25.41,50.02,0,0,1,0,0
2026-01-01T01:18:19Z,leak,LEAK,8530.9,40.1,90.91,-17.58,24.07,9.81,25.42,50.03,0,0,1,0,0
2026-01-01T01:18:20Z,leak,LEAK,8527.3,39.83,91.22,-18.03,23.89,9.7,25.48,50.15,0,0,1,0,0
2026-01-01T01:18:21Z,leak,LEAK,8519.9,39.89,89.58,-17.33,24.01,9.65,25.42,50.01,0,0,1,0,0
2026-01-01T01:18:22Z,leak,LEAK,8513.6,39.96,90.44,-17.85,24.09,9.66,25.28,49.96,0,0,1,0,0
2026-01-01T01:18:23Z,leak,LEAK,8509.0,40.41,90.28,-17.51,24.11,9.69,25.36,49.99,0,0,1,0,0
2026-01-01T01:18:24Z,leak,LEAK,8536.2,40.19,91.23,-17.89,24.0,9.51,25.4,49.91,0,0,1,0,0
2026-01-01T01:18:25Z,leak,LEAK,8517.2,40.19,90.83,-19.61,23.94,9.67,25.26,50.01,0,0,1,0,0
2026-01-01T01:18:26Z,leak,LEAK,8510.2,40.12,90.33,-16.76,24.04,9.65,25.47,49.97,0,0,1,0,0
2026-01-01T01:18:27Z,leak,LEAK,8514.8,39.77,90.65,-17.67,23.95,9.69,25.42,50.06,0,0,1,0,0
2026-01-01T01:18:28Z,leak,LEAK,8522.6,39.96,89.72,-17.78,24.07,9.64,25.46,50.02,0,0,1,0,0
2026-01-01T01:18:29Z,leak,LEAK,8505.8,40.0,90.63,-17.54,23.9,9.39,25.41,49.95,0,0,1,0,0
2026-01-01T01:18:30Z,leak,LEAK,8515.8,39.67,90.96,-16.72,23.96,9.7,25.45,49.96,0,0,1,0,0
2026-01-01T01:18:31Z,leak,LEAK,8529.5,39.76,89.55,-18.41,23.87,9.69,25.36,49.98,0,0,1,0,0
2026-01-01T01:18:32Z,leak,LEAK,8517.9,39.97,90.4,-18.02,23.99,9.76,25.38,50.03,0,0,1,0,0
2026-01-01T01:18:33Z,leak,LEAK,8511.3,39.84,89.9,-17.64,23.94,9.64,25.52,49.94,0,0,1,0,0
2026-01-01T01:18:34Z,leak,LEAK,8486.1,40.16,89.23,-17.79,23.99,9.56,25.31,50.0,0,0,1,0,0
2026-01-01T01:18:35Z,leak,LEAK,8494.9,40.14,89.72,-16.85,23.93,9.5,25.12,50.01,0,0,1,0,0
2026-01-01T01:18:36Z,leak,LEAK,8505.8,40.02,91.16,-16.99,24.1,9.66,25.33,49.99,0,0,1,0,0
2026-01-01T01:18:37Z,leak,LEAK,8509.0,40.02,90.06,-18.08,24.04,9.63,25.3,50.03,0,0,1,0,0
2026-01-01T01:18:38Z,leak,LEAK,8524.1,40.27,89.64,-18.5,23.98,9.61,25.28,50.04,0,0,1,0,0
2026-01-01T01:18:39Z,leak,LEAK,8494.3,39.9,90.32,-18.3,24.13,9.62,25.18,49.92,0,0,1,0,0
2026-01-01T01:18:40Z,leak,LEAK,8521.2,39.81,90.04,-17.72,23.97,9.62,25.35,49.97,0,0,1,0,0
2026-01-01T01:18:41Z,leak,LEAK,8502.8,39.9,90.03,-17.72,24.05,9.55,25.27,49.97,0,0,1,0,0
2026-01-01T01:18:42Z,leak,LEAK,8514.6,39.92,90.61,-18.77,23.99,9.96,25.22,50.04,0,0,1,0,0
2026-01-01T01:18:43Z,leak,LEAK,8489.9,40.13,89.95,-17.15,24.04,9.66,25.33,49.94,0,0,1,0,0
2026-01-01T01:18:44Z,leak,LEAK,8513.7,39.75,90.2,-17.83,24.2,9.71,25.24,50.02,0,0,1,0,0
2026-01-01T01:18:45Z,leak,LEAK,8472.1,39.94,89.68,-18.24,23.94,9.53,25.28,50.03,0,0,1,0,0
2026-01-01T01:18:46Z,leak,LEAK,8491.7,39.82,90.63,-17.2,23.89,9.6,25.15,50.08,0,0,1,0,0
2026-01-01T01:18:47Z,leak,LEAK,8496.9,40.48,90.04,-18.37,24.0,9.59,25.31,50.01,0,0,1,0,0
2026-01-01T01:18:48Z,leak,LEAK,8495.4,39.92,89.9,-18.3,24.23,9.57,25.27,50.02,0,0,1,0,0
2026-01-01T01:18:49Z,leak,LEAK,8485.8,39.75,89.97,-18.86,23.89,9.48,25.33,50.0,0,0,1,0,0
2026-01-01T01:18:50Z,leak,LEAK,8479.1,39.82,89.61,-18.45,23.87,9.53,25.13,50.07,0,0,1,0,0
2026-01-01T01:18:51Z,leak,LEAK,8502.5,40.08,90.03,-18.33,24.05,9.6,25.13,49.94,0,0,1,0,0
2026-01-01T01:18:52Z,leak,LEAK,8503.4,39.94,89.03,-17.91,24.0,9.68,25.24,50.14,0,0,1,0,0
2026-01-01T01:18:53Z,leak,LEAK,8497.9,39.65,89.45,-17.87,23.98,9.58,25.12,49.95,0,0,1,0,0
2026-01-01T01:18:54Z,leak,LEAK,8475.3,40.29,89.72,-17.7,23.9,9.43,24.98,50.01,0,0,1,0,0
2026-01-01T01:18:55Z,leak,LEAK,8513.8,40.17,90.05,-18.31,24.22,9.63,25.24,50.03,0,0,1,0,0
2026-01-01T01:18:56Z,leak,LEAK,8475.0,40.16,89.26,-17.75,23.99,9.51,25.08,49.98,0,0,1,0,0
2026-01-01T01:18:57Z,leak,LEAK,8490.0,39.54,90.38,-17.88,24.05,9.57,25.23,50.02,0,0,1,0,0
2026-01-01T01:18:58Z,leak,LEAK,8482.3,39.8,89.42,-18.0,24.06,9.8,24.98,49.94,0,0,1,0,0
2026-01-01T01:18:59Z,leak,LEAK,8480.0,40.2,89.77,-18.14,23.95,9.67,25.21,49.93,0,0,1,0,0
2026-01-01T01:19:00Z,leak,LEAK,8494.1,39.87,90.34,-18.19,23.99,9.48,25.24,49.96,0,0,1,0,0
2026-01-01T01:19:01Z,leak,LEAK,8468.3,39.98,89.82,-18.71,23.86,9.71,25.17,50.01,0,0,1,0,0
2026-01-01T01:19:02Z,leak,LEAK,8497.6,39.91,89.24,-17.82,23.84,9.48,25.24,50.08,0,0,1,0,0
2026-01-01T01:19:03Z,leak,LEAK,8482.6,40.13,90.26,-17.76,23.95,9.6,25.27,50.0,0,0,1,0,0
2026-01-01T01:19:04Z,leak,LEAK,8483.7,39.79,89.39,-17.28,23.91,9.65,25.05,49.93,0,0,1,0,0
2026-01-01T01:19:05Z,leak,LEAK,8484.2,39.96,90.18,-17.16,23.84,9.6,25.13,50.03,0,0,1,0,0
2026-01-01T01:19:06Z,leak,LEAK,8471.5,39.88,89.45,-17.96,24.04,9.57,25.23,49.95,0,0,1,0,0
2026-01-01T01:19:07Z,leak,LEAK,8482.4,40.01,90.48,-17.84,24.06,9.55,25.01,50.04,0,0,1,0,0
2026-01-01T01:19:08Z,leak,LEAK,8488.2,40.13,89.71,-17.54,24.15,9.58,25.14,50.0,0,0,1,0,0
2026-01-01T01:19:09Z,leak,LEAK,8490.0,39.91,89.96,-16.99,23.86,9.43,25.16,49.95,0,0,1,0,0
2026-01-01T01:19:10Z,leak,LEAK,8459.6,40.3,89.56,-18.52,23.8,9.44,24.99,49.97,0,0,1,0,0
2026-01-01T01:19:11Z,leak,LEAK,8467.9,39.89,89.95,-17.34,23.93,9.62,25.06,49.98,0,0,1,0,0
2026-01-01T01:19:12Z,leak,LEAK,8487.0,39.91,90.37,-17.7,24.08,9.64,25.23,50.06,0,0,1,0,0
2026-01-01T01:19:13Z,leak,LEAK,8482.1,40.13,89.88,-17.95,23.95,9.69,25.06,49.99,0,0,1,0,0
2026-01-01T01:19:14Z,leak,LEAK,8475.0,39.85,88.65,-18.56,24.09,9.44,25.0,49.9,0,0,1,0,0
2026-01-01T01:19:15Z,leak,LEAK,8469.8,40.1,89.7,-18.3,24.13,9.43,24.88,49.97,0,0,1,0,0
2026-01-01T01:19:16Z,leak,LEAK,8457.5,39.97,89.48,-18.85,24.16,9.66,25.04,49.93,0,0,1,0,0
2026-01-01T01:19:17Z,leak,LEAK,8470.3,40.36,90.18,-17.64,24.27,9.57,24.93,49.98,0,0,1,0,0
2026-01-01T01:19:18Z,leak,LEAK,8453.0,39.97,89.89,-17.67,24.1,9.59,25.14,49.98,0,0,1,0,0
2026-01-01T01:19:19Z,leak,LEAK,8472.6,40.22,89.01,-18.06,24.03,9.54,25.06,50.01,0,0,1,0,0
2026-01-01T01:19:20Z,leak,LEAK,8465.1,40.45,89.93,-18.34,23.97,9.48,25.05,49.91,0,0,1,0,0
2026-01-01T01:19:21Z,leak,LEAK,8455.1,39.97,88.75,-19.09,23.85,9.66,25.01,50.03,0,0,1,0,0
2026-01-01T01:19:22Z,leak,LEAK,8461.8,40.13,90.02,-17.85,23.99,9.66,25.04,49.96,0,0,1,0,0
2026-01-01T01:19:23Z,leak,LEAK,8479.1,40.08,89.73,-18.05,23.97,9.67,24.9,50.06,0,0,1,0,0
2026-01-01T01:19:24Z,leak,LEAK,8453.6,39.99,89.76,-17.61,23.98,9.45,24.98,49.99,0,0,1,0,0
2026-01-01T01:19:25Z,leak,LEAK,8452.0,39.96,89.43,-18.28,24.03,9.6,25.12,49.97,0,0,1,0,0
2026-01-01T01:19:26Z,leak,LEAK,8445.7,39.95,89.1,-18.33,24.05,9.68,24.87,50.0,0,0,1,0,0
2026-01-01T01:19:27Z,leak,LEAK,8425.8,40.14,89.25,-17.8,23.92,9.78,25.03,49.99,0,0,1,0,0
2026-01-01T01:19:28Z,leak,LEAK,8472.0,40.07,89.23,-17.64,24.03,9.58,25.07,49.95,0,0,1,0,0
2026-01-01T01:19:29Z,leak,LEAK,8459.3,40.42,90.15,-17.64,24.16,9.59,24.83,49.83,0,0,1,0,0
2026-01-01T01:19:30Z,leak,LEAK,8466.8,39.98,89.41,-17.69,23.9,9.53,24.91,49.91,0,0,1,0,0
2026-01-01T01:19:31Z,leak,LEAK,8452.5,40.07,88.89,-17.94,24.01,9.6,25.04,49.98,0,0,1,0,0
2026-01-01T01:19:32Z,leak,LEAK,8447.0,39.9,88.79,-17.52,23.82,9.5,24.99,49.98,0,0,1,0,0
2026-01-01T01:19:33Z,leak,LEAK,8461.4,39.88,89.83,-17.91,24.05,9.64,24.89,50.13,0,0,1,0,0
2026-01-01T01:19:34Z,leak,LEAK,8447.5,40.16,88.48,-18.41,24.0,9.69,24.94,49.96,0,0,1,0,0
2026-01-01T01:19:35Z,leak,LEAK,8451.8,39.52,89.88,-18.55,23.93,9.54,24.98,49.97,0,0,1,0,0
2026-01-01T01:19:36Z,leak,LEAK,8457.6,39.89,89.36,-18.19,24.12,9.33,25.04,49.95,0,0,1,0,0
2026-01-01T01:19:37Z,leak,LEAK,8456.4,40.04,88.83,-18.21,23.85,9.48,24.79,50.13,0,0,1,0,0
2026-01-01T01:19:38Z,leak,LEAK,8436.9,40.41,88.89,-18.14,24.0,9.42,24.96,49.95,0,0,1,0,0
2026-01-01T01:19:39Z,leak,LEAK,8453.1,39.56,89.47,-17.55,23.93,9.74,25.05,50.0,0,0,1,0,0
2026-01-01T01:19:40Z,leak,LEAK,8441.6,39.66,89.75,-18.48,23.98,9.66,24.95,49.99,0,0,1,0,0
2026-01-01T01:19:41Z,leak,LEAK,8456.8,39.87,90.6,-18.76,24.2,9.49,24.82,49.95,0,0,1,0,0
2026-01-01T01:19:42Z,leak,LEAK,8445.7,39.84,89.2,-18.11,24.07,9.67,24.77,50.0,0,0,1,0,0
2026-01-01T01:19:43Z,leak,LEAK,8441.2,39.7,90.85,-17.68,24.19,9.69,24.88,49.98,0,0,1,0,0
2026-01-01T01:19:44Z,leak,LEAK,8448.1,39.87,89.35,-18.11,23.99,9.59,24.92,50.02,0,0,1,0,0
2026-01-01T01:19:45Z,leak,LEAK,8446.3,39.52,89.07,-17.52,24.03,9.6,24.92,50.01,0,0,1,0,0
2026-01-01T01:19:46Z,leak,LEAK,8455.7,40.04,89.43,-17.52,23.93,9.53,24.86,49.96,0,0,1,0,0
2026-01-01T01:19:47Z,leak,LEAK,8457.1,39.93,89.16,-17.61,24.32,9.64,24.7,49.98,0,0,1,0,0
2026-01-01T01:19:48Z,leak,LEAK,8444.8,39.84,89.79,-17.59,24.24,9.7,24.67,49.99,0,0,1,0,0
2026-01-01T01:19:49Z,leak,LEAK,8424.6,39.8,89.92,-17.68,24.1,9.79,24.84,49.95,0,0,1,0,0
2026-01-01T01:19:50Z,leak,LEAK,8443.4,40.26,90.11,-17.72,23.94,9.67,24.88,50.01,0,0,1,0,0
2026-01-01T01:19:51Z,leak,LEAK,8435.0,40.04,90.18,-18.84,24.11,9.65,24.9,50.02,0,0,1,0,0
2026-01-01T01:19:52Z,leak,LEAK,8431.6,40.48,88.54,-17.91,23.98,9.5,24.86,50.08,0,0,1,0,0
2026-01-01T01:19:53Z,leak,LEAK,8440.2,39.74,89.0,-18.98,24.01,9.54,24.79,50.07,0,0,1,0,0
2026-01-01T01:19:54Z,leak,LEAK,8431.1,40.04,88.54,-17.01,24.1,9.67,24.85,49.98,0,0,1,0,0
2026-01-01T01:19:55Z,leak,LEAK,8426.4,39.91,89.42,-18.71,23.87,9.49,24.78,50.04,0,0,1,0,0
2026-01-01T01:19:56Z,leak,LEAK,8444.1,39.91,89.78,-17.02,24.04,9.62,24.79,49.96,0,0,1,0,0
2026-01-01T01:19:57Z,leak,LEAK,8426.8,40.04,90.06,-18.27,23.98,9.71,24.72,49.91,0,0,1,0,0
2026-01-01T01:19:58Z,leak,LEAK,8438.2,40.22,89.34,-18.44,23.86,9.53,24.74,50.09,0,0,1,0,0
2026-01-01T01:19:59Z,leak,LEAK,8451.8,39.92,88.95,-18.19,24.1,9.52,24.72,50.04,0,0,1,0,0
2026-01-01T01:20:00Z,leak,LEAK,8430.4,39.75,89.62,-18.21,24.13,9.58,24.69,49.97,0,0,1,0,0
2026-01-01T01:20:01Z,leak,LEAK,8427.9,39.64,89.22,-17.99,24.16,9.56,24.59,50.01,0,0,1,0,0
2026-01-01T01:20:02Z,leak,LEAK,8422.9,39.8,89.63,-18.92,23.93,9.61,24.64,49.99,0,0,1,0,0
2026-01-01T01:20:03Z,leak,LEAK,8426.6,40.11,89.48,-17.85,23.95,9.59,24.81,50.04,0,0,1,0,0
2026-01-01T01:20:04Z,leak,LEAK,8416.6,40.07,89.48,-18.49,23.97,9.51,24.85,50.02,0,0,1,0,0
2026-01-01T01:20:05Z,leak,LEAK,8414.6,39.86,89.52,-18.18,24.03,9.56,24.58,49.97,0,0,1,0,0
2026-01-01T01:20:06Z,leak,LEAK,8428.1,40.21,89.67,-18.43,24.02,9.59,24.73,49.95,0,0,1,0,0
2026-01-01T01:20:07Z,leak,LEAK,8430.3,39.86,89.79,-17.52,24.06,9.51,24.74,49.91,0,0,1,0,0
2026-01-01T01:20:08Z,leak,LEAK,8422.7,39.71,89.5,-18.46,24.08,9.62,24.67,50.05,0,0,1,0,0
2026-01-01T01:20:09Z,leak,LEAK,8445.3,39.91,89.65,-18.01,23.93,9.69,24.82,49.9,0,0,1,0,0
2026-01-01T01:20:10Z,leak,LEAK,8447.7,40.18,90.08,-18.02,23.97,9.51,24.75,49.99,0,0,1,0,0
2026-01-01T01:20:11Z,leak,LEAK,8419.4,40.28,89.41,-18.74,24.06,9.54,24.69,49.98,0,0,1,0,0
2026-01-01T01:20:12Z,leak,LEAK,8410.8,40.18,88.01,-17.92,23.98,9.76,24.65,50.04,0,0,1,0,0
2026-01-01T01:20:13Z,leak,LEAK,8413.3,40.25,88.05,-17.8,24.14,9.54,24.71,50.09,0,0,1,0,0
2026-01-01T01:20:14Z,leak,LEAK,8410.6,39.5,90.3,-17.97,23.8,9.95,24.85,49.93,0,0,1,0,0
2026-01-01T01:20:15Z,leak,LEAK,8422.7,39.7,89.83,-17.02,23.88,9.62,24.6,49.92,0,0,1,0,0
2026-01-01T01:20:16Z,leak,LEAK,8406.4,40.04,88.72,-18.91,23.76,9.6,24.35,49.95,0,0,1,0,0
2026-01-01T01:20:17Z,leak,LEAK,8429.5,39.67,89.13,-18.71,23.91,9.65,24.66,50.11,0,0,1,0,0
2026-01-01T01:20:18Z,leak,LEAK,8422.7,39.77,89.27,-18.31,23.85,9.63,24.58,50.06,0,0,1,0,0
2026-01-01T01:20:19Z,leak,LEAK,8406.7,39.73,90.06,-18.21,23.97,9.75,24.86,50.04,0,0,1,0,0
2026-01-01T01:20:20Z,leak,LEAK,8408.9,39.88,89.55,-17.71,23.8,9.63,24.49,50.01,0,0,1,0,0
2026-01-01T01:20:21Z,leak,LEAK,8423.9,40.18,88.81,-17.8,24.13,9.6,24.42,50.08,0,0,1,0,0
2026-01-01T01:20:22Z,leak,LEAK,8407.8,40.08,89.63,-18.6,24.03,9.51,24.61,50.01,0,0,1,0,0
2026-01-01T01:20:23Z,leak,LEAK,8412.4,40.05,88.65,-17.74,24.13,9.65,24.62,50.01,0,0,1,0,0
2026-01-01T01:20:24Z,leak,LEAK,8413.8,39.96,89.48,-17.86,24.05,9.53,24.59,49.99,0,0,1,0,0
2026-01-01T01:20:25Z,leak,LEAK,8418.8,40.33,89.05,-17.7,24.13,9.59,24.55,49.92,0,0,1,0,0
2026-01-01T01:20:26Z,leak,LEAK,8412.4,40.16,88.94,-18.07,23.9,9.69,24.49,50.05,0,0,1,0,0
2026-01-01T01:20:27Z,leak,LEAK,8424.0,40.19,89.58,-17.13,23.93,9.64,24.57,50.15,0,0,1,0,0
2026-01-01T01:20:28Z,leak,LEAK,8400.6,39.93,90.22,-18.04,23.98,9.82,24.52,49.99,0,0,1,0,0
2026-01-01T01:20:29Z,leak,LEAK,8417.2,40.06,89.47,-18.87,23.8,9.52,24.87,49.98,0,0,1,0,0
2026-01-01T01:20:30Z,leak,LEAK,8404.0,39.88,88.63,-17.78,23.95,9.57,24.35,49.95,0,0,1,0,0
2026-01-01T01:20:31Z,leak,LEAK,8417.4,39.77,89.26,-17.44,24.11,9.5,24.61,49.97,0,0,1,0,0
2026-01-01T01:20:32Z,leak,LEAK,8417.4,40.2,88.68,-17.62,23.92,9.61,24.37,49.97,0,0,1,0,0
2026-01-01T01:20:33Z,leak,LEAK,8417.6,40.05,89.43,-18.74,24.08,9.52,24.65,50.07,0,0,1,0,0
2026-01-01T01:20:34Z,leak,LEAK,8423.2,39.99,89.29,-18.46,23.85,9.79,24.49,50.03,0,0,1,0,0
2026-01-01T01:20:35Z,leak,LEAK,8397.4,40.13,89.7,-17.21,23.95,9.53,24.54,49.94,0,0,1,0,0
2026-01-01T01:20:36Z,leak,LEAK,8407.3,39.9,89.85,-18.22,24.01,9.48,24.63,49.95,0,0,1,0,0
2026-01-01T01:20:37Z,leak,LEAK,8417.8,39.83,89.57,-18.86,24.05,9.63,24.4,49.99,0,0,1,0,0
2026-01-01T01:20:38Z,leak,LEAK,8414.3,40.2,89.04,-17.12,23.9,9.69,24.52,50.0,0,0,1,0,0
2026-01-01T01:20:39Z,leak,LEAK,8393.4,40.28,89.22,-18.66,24.17,9.41,24.45,50.02,0,0,1,0,0
2026-01-01T01:20:40Z,leak,LEAK,8407.7,39.91,88.92,-17.68,23.98,9.57,24.51,50.0,0,0,1,0,0
2026-01-01T01:20:41Z,leak,LEAK,8426.1,40.2,88.84,-17.94,24.12,9.66,24.51,49.96,0,0,1,0,0
2026-01-01T01:20:42Z,leak,LEAK,8402.8,39.8,89.37,-18.02,23.92,9.69,24.59,50.04,0,0,1,0,0
2026-01-01T01:20:43Z,leak,LEAK,8408.3,40.19,89.7,-17.87,23.85,9.76,24.45,49.99,0,0,1,0,0
2026-01-01T01:20:44Z,leak,LEAK,8413.0,40.12,88.89,-17.52,24.14,9.39,24.52,50.02,0,0,1,0,0
2026-01-01T01:20:45Z,leak,LEAK,8408.8,40.02,88.98,-18.17,23.94,9.5,24.41,49.99,0,0,1,0,0
2026-01-01T01:20:46Z,leak,LEAK,8414.6,39.94,89.9,-18.27,24.01,9.6,24.59,49.97,0,0,1,0,0
2026-01-01T01:20:47Z,leak,LEAK,8394.6,39.34,89.38,-18.05,24.04,9.78,24.3,50.01,0,0,1,0,0
2026-01-01T01:20:48Z,leak,LEAK,8423.5,40.11,89.19,-18.16,24.06,9.54,24.46,50.03,0,0,1,0,0
2026-01-01T01:20:49Z,leak,LEAK,8417.7,39.51,88.81,-18.19,24.16,9.42,24.39,49.97,0,0,1,0,0
2026-01-01T01:20:50Z,leak,LEAK,8414.8,39.98,89.15,-17.52,23.98,9.75,24.33,50.02,0,0,1,0,0
2026-01-01T01:20:51Z,leak,LEAK,8411.1,40.26,89.86,-19.08,23.99,9.69,24.38,49.91,0,0,1,0,0
2026-01-01T01:20:52Z,leak,LEAK,8405.9,39.93,89.4,-18.69,24.17,9.63,24.5,49.99,0,0,1,0,0
2026-01-01T01:20:53Z,leak,LEAK,8411.2,40.09,89.02,-17.81,24.18,9.76,24.24,49.93,0,0,1,0,0
2026-01-01T01:20:54Z,leak,LEAK,8421.2,39.91,88.22,-17.48,24.06,9.68,24.43,49.91,0,0,1,0,0
2026-01-01T01:20:55Z,leak,LEAK,8400.8,39.85,89.76,-18.37,24.14,9.6,24.22,50.05,0,0,1,0,0
2026-01-01T01:20:56Z,leak,LEAK,8402.4,40.24,89.38,-18.31,23.96,9.68,24.42,49.97,0,0,1,0,0
2026-01-01T01:20:57Z,leak,LEAK,8395.4,40.37,89.02,-18.49,24.11,9.5,24.34,49.95,0,0,1,0,0
2026-01-01T01:20:58Z,leak,LEAK,8415.0,40.21,88.02,-17.95,24.12,9.49,24.47,50.07,0,0,1,0,0
2026-01-01T01:20:59Z,leak,LEAK,8406.2,40.06,88.13,-18.35,24.03,9.62,24.39,50.0,0,0,1,0,0
2026-01-01T01:21:00Z,leak,LEAK,8412.6,40.11,89.09,-18.43,24.02,9.58,24.42,50.05,0,0,1,0,0
2026-01-01T01:21:01Z,leak,LEAK,8383.4,39.88,88.92,-17.86,23.99,9.68,24.53,49.94,0,0,1,0,0
2026-01-01T01:21:02Z,leak,LEAK,8400.8,40.11,89.37,-18.06,24.06,9.68,24.35,49.99,0,0,1,0,0
2026-01-01T01:21:03Z,leak,LEAK,8386.6,39.93,89.09,-18.15,24.03,9.53,24.27,49.94,0,0,1,0,0
2026-01-01T01:21:04Z,leak,LEAK,8422.0,39.95,88.66,-17.8,23.76,9.39,24.39,50.01,0,0,1,0,0
2026-01-01T01:21:05Z,leak,LEAK,8416.2,40.12,88.85,-18.21,24.13,9.78,24.6,50.0,0,0,1,0,0
2026-01-01T01:21:06Z,leak,LEAK,8399.0,39.93,88.89,-18.12,23.79,9.55,24.34,50.05,0,0,1,0,0
2026-01-01T01:21:07Z,leak,LEAK,8386.4,40.05,89.1,-17.18,24.02,9.5,24.3,49.92,0,0,1,0,0
2026-01-01T01:21:08Z,leak,LEAK,8399.0,40.09,88.77,-17.95,24.17,9.64,24.27,50.01,0,0,1,0,0
2026-01-01T01:21:09Z,leak,LEAK,8406.3,39.81,88.98,-18.24,23.99,9.39,24.41,50.0,0,0,1,0,0
2026-01-01T01:21:10Z,leak,LEAK,8393.3,40.03,87.62,-18.06,23.93,9.68,24.19,49.99,0,0,1,0,0
2026-01-01T01:21:11Z,leak,LEAK,8382.9,40.04,88.44,-17.76,23.95,9.47,24.39,50.08,0,0,1,0,0
2026-01-01T01:21:12Z,leak,LEAK,8393.8,39.95,88.75,-18.13,24.07,9.84,24.24,49.98,0,0,1,0,0
2026-01-01T01:21:13Z,leak,LEAK,8393.5,40.17,89.17,-17.57,23.93,9.61,24.11,50.04,0,0,1,0,0
2026-01-01T01:21:14Z,leak,LEAK,8407.4,39.91,88.56,-18.98,23.98,9.56,24.26,49.99,0,0,1,0,0
2026-01-01T01:21:15Z,leak,LEAK,8385.3,39.8,89.23,-18.71,23.88,9.48,24.1,49.95,0,0,1,0,0
2026-01-01T01:21:16Z,leak,LEAK,8412.9,39.98,89.59,-17.6,24.09,9.74,24.27,49.98,0,0,1,0,0
2026-01-01T01:21:17Z,leak,LEAK,8401.4,40.09,89.59,-17.94,24.09,9.62,24.27,49.99,0,0,1,0,0
2026-01-01T01:21:18Z,leak,LEAK,8409.6,40.09,88.48,-18.64,23.99,9.5,24.25,50.02,0,0,1,0,0
2026-01-01T01:21:19Z,leak,LEAK,8419.1,39.73,88.19,-18.71,23.94,9.54,24.08,50.07,0,0,1,0,0
2026-01-01T01:21:20Z,leak,LEAK,8400.7,39.79,87.74,-17.26,23.85,9.7,24.12,50.08,0,0,1,0,0
2026-01-01T01:21:21Z,leak,LEAK,8415.2,39.85,87.84,-17.03,24.06,9.67,24.33,49.99,0,0,1,0,0
2026-01-01T01:21:22Z,leak,LEAK,8377.7,40.03,89.21,-18.65,24.09,9.78,24.11,50.07,0,0,1,0,0
2026-01-01T01:21:23Z,leak,LEAK,8422.7,39.98,88.65,-17.74,23.9,9.52,24.39,49.96,0,0,1,0,0
2026-01-01T01:21:24Z,leak,LEAK,8410.2,39.61,89.33,-18.45,24.16,9.71,24.34,49.96,0,0,1,0,0
2026-01-01T01:21:25Z,leak,LEAK,8399.5,40.1,89.1,-17.94,24.1,9.6,24.09,49.99,0,0,1,0,0
2026-01-01T01:21:26Z,leak,LEAK,8426.9,39.97,89.0,-17.21,24.05,9.48,24.36,49.98,0,0,1,0,0
2026-01-01T01:21:27Z,leak,LEAK,8400.2,40.07,88.82,-18.41,23.94,9.52,24.16,49.93,0,0,1,0,0
2026-01-01T01:21:28Z,leak,LEAK,8409.4,39.77,89.32,-18.32,23.82,9.52,24.19,50.05,0,0,1,0,0
2026-01-01T01:21:29Z,leak,LEAK,8403.4,39.84,88.28,-17.86,24.18,9.66,24.13,50.06,0,0,1,0,0
2026-01-01T01:21:30Z,leak,LEAK,8401.5,40.16,89.53,-17.95,23.98,9.6,24.24,49.96,0,0,1,0,0
2026-01-01T01:21:31Z,leak,LEAK,8377.6,40.51,90.15,-17.97,24.22,9.67,24.23,49.9,0,0,1,0,0
2026-01-01T01:21:32Z,leak,LEAK,8411.6,40.19,89.35,-18.19,23.92,9.6,24.2,50.06,0,0,1,0,0
2026-01-01T01:21:33Z,leak,LEAK,8403.4,39.75,89.13,-17.61,23.91,9.68,23.98,50.0,0,0,1,0,0
2026-01-01T01:21:34Z,leak,LEAK,8393.0,40.06,88.97,-17.92,23.91,9.36,24.1,50.03,0,0,1,0,0
2026-01-01T01:21:35Z,leak,LEAK,8399.5,40.05,89.06,-17.73,23.96,9.61,24.04,50.02,0,0,1,0,0
2026-01-01T01:21:36Z,leak,LEAK,8388.9,39.5,88.5,-17.34,24.21,9.8,24.03,49.95,0,0,1,0,0
2026-01-01T01:21:37Z,leak,LEAK,8412.3,39.8,89.05,-17.94,24.0,9.41,24.15,50.01,0,0,1,0,0
2026-01-01T01:21:38Z,leak,LEAK,8398.1,39.64,88.25,-17.97,24.08,9.62,24.17,50.0,0,0,1,0,0
2026-01-01T01:21:39Z,leak,LEAK,8390.3,40.12,89.14,-18.3,24.02,9.49,24.11,49.97,0,0,1,0,0
2026-01-01T01:21:40Z,leak,LEAK,8404.7,39.75,89.48,-18.41,23.89,9.64,24.15,49.97,0,0,1,0,0
2026-01-01T01:21:41Z,leak,LEAK,8397.8,39.95,88.29,-17.29,23.92,9.54,24.21,50.02,0,0,1,0,0
2026-01-01T01:21:42Z,leak,LEAK,8400.6,40.03,89.33,-17.79,24.02,9.55,23.97,50.01,0,0,1,0,0
2026-01-01T01:21:43Z,leak,LEAK,8402.2,40.08,88.58,-18.49,24.05,9.48,24.18,49.97,0,0,1,0,0
2026-01-01T01:21:44Z,leak,LEAK,8402.2,40.13,88.58,-16.75,23.91,9.72,24.17,50.02,0,0,1,0,0
2026-01-01T01:21:45Z,leak,LEAK,8403.3,39.83,90.3,-18.26,23.95,9.84,24.04,49.99,0,0,1,0,0
2026-01-01T01:21:46Z,leak,LEAK,8416.5,40.05,88.87,-17.78,23.96,9.75,24.14,49.89,0,0,1,0,0
2026-01-01T01:21:47Z,leak,LEAK,8413.0,40.14,88.43,-18.18,23.94,9.64,24.24,49.99,0,0,1,0,0
2026-01-01T01:21:48Z,leak,LEAK,8405.6,40.02,89.49,-17.23,24.0,9.67,23.93,49.99,0,0,1,0,0
2026-01-01T01:21:49Z,leak,LEAK,8406.0,40.29,88.33,-17.44,23.94,9.72,24.05,49.97,0,0,1,0,0
2026-01-01T01:21:50Z,leak,LEAK,8406.4,40.0,89.04,-18.37,24.11,9.41,24.15,49.98,0,0,1,0,0
2026-01-01T01:21:51Z,leak,LEAK,8404.7,40.05,88.69,-18.0,24.06,9.62,23.99,50.07,0,0,1,0,0
2026-01-01T01:21:52Z,leak,LEAK,8386.6,39.7,89.16,-17.43,23.83,9.81,23.93,50.01,0,0,1,0,0
2026-01-01T01:21:53Z,leak,LEAK,8415.9,39.71,89.26,-18.04,24.07,9.78,24.02,50.0,0,0,1,0,0
2026-01-01T01:21:54Z,leak,LEAK,8382.2,39.6,88.58,-18.11,23.86,9.6,23.99,50.0,0,0,1,0,0
2026-01-01T01:21:55Z,leak,LEAK,8403.5,39.81,89.5,-17.61,23.89,9.43,23.91,49.91,0,0,1,0,0
2026-01-01T01:21:56Z,leak,LEAK,8412.8,39.83,87.56,-18.25,24.07,9.73,24.12,50.02,0,0,1,0,0
2026-01-01T01:21:57Z,leak,LEAK,8417.1,39.94,89.86,-17.92,24.16,9.48,23.8,50.0,0,0,1,0,0
2026-01-01T01:21:58Z,leak,LEAK,8428.2,40.17,88.84,-17.99,23.99,9.54,24.08,50.07,0,0,1,0,0
2026-01-01T01:21:59Z,leak,LEAK,8400.0,40.16,89.62,-17.91,24.1,9.65,24.1,50.05,0,0,1,0,0
2026-01-01T01:22:00Z,leak,LEAK,8420.0,40.16,89.36,-19.54,23.93,9.62,24.04,50.0,0,0,1,0,0
2026-01-01T01:22:01Z,leak,LEAK,8412.3,40.25,89.64,-17.98,24.12,9.43,23.98,50.11,0,0,1,0,0
2026-01-01T01:22:02Z,leak,LEAK,8422.3,39.98,89.9,-17.74,24.2,9.53,23.93,49.99,0,0,1,0,0
2026-01-01T01:22:03Z,leak,LEAK,8394.7,40.18,87.93,-18.27,23.84,9.64,24.01,50.01,0,0,1,0,0
2026-01-01T01:22:04Z,leak,LEAK,8413.7,40.04,89.78,-18.02,23.91,9.65,23.97,49.96,0,0,1,0,0
2026-01-01T01:22:05Z,leak,LEAK,8404.9,40.26,89.45,-18.38,23.97,9.54,24.09,50.01,0,0,1,0,0
2026-01-01T01:22:06Z,leak,LEAK,8393.5,39.87,89.17,-17.41,24.13,9.53,23.85,50.1,0,0,1,0,0
2026-01-01T01:22:07Z,leak,LEAK,8412.2,40.09,88.14,-17.5,23.88,9.58,23.91,50.1,0,0,1,0,0
2026-01-01T01:22:08Z,leak,LEAK,8399.9,40.43,87.81,-17.9,24.12,9.68,23.81,50.03,0,0,1,0,0
2026-01-01T01:22:09Z,leak,LEAK,8411.6,40.12,89.98,-18.18,23.95,9.51,24.03,50.04,0,0,1,0,0
2026-01-01T01:22:10Z,leak,LEAK,8392.6,39.69,89.04,-17.67,24.21,9.78,23.98,50.03,0,0,1,0,0
2026-01-01T01:22:11Z,leak,LEAK,8417.2,39.83,89.42,-18.43,23.98,9.61,23.93,50.01,0,0,1,0,0
2026-01-01T01:22:12Z,leak,LEAK,8424.6,39.87,88.94,-18.49,24.14,9.5,23.88,50.05,0,0,1,0,0
2026-01-01T01:22:13Z,leak,LEAK,8406.7,40.11,89.57,-17.54,23.85,9.61,23.98,49.96,0,0,1,0,0
2026-01-01T01:22:14Z,leak,LEAK,8430.7,40.31,88.84,-18.36,23.99,9.73,23.83,50.03,0,0,1,0,0
2026-01-01T01:22:15Z,leak,LEAK,8405.9,39.83,89.59,-17.81,24.11,9.72,23.84,50.01,0,0,1,0,0
2026-01-01T01:22:16Z,leak,LEAK,8414.5,40.02,88.73,-17.21,24.1,9.67,23.7,50.04,0,0,1,0,0
2026-01-01T01:22:17Z,leak,LEAK,8418.1,40.2,88.74,-18.08,24.0,9.65,23.94,50.06,0,0,1,0,0
2026-01-01T01:22:18Z,leak,LEAK,8417.6,39.76,89.39,-17.64,24.08,9.53,23.8,50.0,0,0,1,0,0
2026-01-01T01:22:19Z,leak,LEAK,8398.6,39.84,89.26,-18.02,23.94,9.67,23.88,50.06,0,0,1,0,0
2026-01-01T01:22:20Z,leak,LEAK,8410.7,39.94,87.95,-17.93,23.95,9.42,23.8,49.98,0,0,1,0,0
2026-01-01T01:22:21Z,leak,LEAK,8405.4,40.03,89.6,-17.99,24.04,9.61,23.93,49.95,0,0,1,0,0
2026-01-01T01:22:22Z,leak,LEAK,8417.7,40.19,89.42,-18.59,23.93,9.63,23.91,49.94,0,0,1,0,0
2026-01-01T01:22:23Z,leak,LEAK,8421.2,39.98,88.67,-18.3,23.91,9.72,23.93,49.97,0,0,1,0,0
2026-01-01T01:22:24Z,leak,LEAK,8443.0,39.84,89.12,-17.83,23.88,9.62,23.86,50.05,0,0,1,0,0
2026-01-01T01:22:25Z,leak,LEAK,8410.3,39.67,88.98,-18.98,23.97,9.55,23.96,49.9,0,0,1,0,0
2026-01-01T01:22:26Z,leak,LEAK,8415.0,40.34,89.63,-17.46,23.89,9.56,23.98,49.95,0,0,1,0,0
2026-01-01T01:22:27Z,leak,LEAK,8424.5,39.94,89.18,-18.33,24.24,9.8,23.73,50.06,0,0,1,0,0
2026-01-01T01:22:28Z,leak,LEAK,8406.7,40.25,89.66,-17.84,23.89,9.49,23.67,50.06,0,0,1,0,0
2026-01-01T01:22:29Z,leak,LEAK,8436.3,39.72,89.76,-17.59,24.0,9.74,23.69,50.1,0,0,1,0,0
2026-01-01T01:22:30Z,leak,LEAK,8419.7,40.07,90.73,-18.21,24.06,9.56,23.79,50.06,0,0,1,0,0
2026-01-01T01:22:31Z,leak,LEAK,8420.3,40.28,88.57,-17.05,23.9,9.4,23.91,50.02,0,0,1,0,0
2026-01-01T01:22:32Z,leak,LEAK,8430.3,40.22,88.19,-17.94,24.29,9.76,23.95,50.01,0,0,1,0,0
2026-01-01T01:22:33Z,leak,LEAK,8420.7,39.61,89.51,-17.11,24.1,9.53,23.8,49.95,0,0,1,0,0
2026-01-01T01:22:34Z,leak,LEAK,8410.1,39.75,88.74,-17.98,24.06,9.57,23.81,50.02,0,0,1,0,0
2026-01-01T01:22:35Z,leak,LEAK,8423.3,40.15,90.44,-18.3,23.99,9.41,23.85,50.03,0,0,1,0,0
2026-01-01T01:22:36Z,leak,LEAK,8430.5,39.91,89.54,-18.18,24.03,9.82,23.81,50.13,0,0,1,0,0
2026-01-01T01:22:37Z,leak,LEAK,8446.5,40.38,88.8,-17.89,23.95,9.54,23.82,50.08,0,0,1,0,0
2026-01-01T01:22:38Z,leak,LEAK,8439.8,40.25,88.89,-17.54,23.8,9.7,23.65,50.0,0,0,1,0,0
2026-01-01T01:22:39Z,leak,LEAK,8427.9,40.31,88.93,-17.05,23.89,9.62,23.78,50.07,0,0,1,0,0
2026-01-01T01:22:40Z,leak,LEAK,8425.5,40.1,89.01,-18.2,24.11,9.48,23.64,50.0,0,0,1,0,0
2026-01-01T01:22:41Z,leak,LEAK,8428.8,40.25,89.77,-17.96,24.12,9.51,23.8,50.01,0,0,1,0,0
2026-01-01T01:22:42Z,leak,LEAK,8421.7,39.89,89.15,-17.7,23.87,9.59,23.78,50.05,0,0,1,0,0
2026-01-01T01:22:43Z,leak,LEAK,8433.7,40.1,88.71,-18.01,23.75,9.59,23.6,50.02,0,0,1,0,0
2026-01-01T01:22:44Z,leak,LEAK,8454.4,39.92,89.5,-17.46,24.08,9.64,23.68,50.05,0,0,1,0,0
2026-01-01T01:22:45Z,leak,LEAK,8426.8,39.92,89.61,-18.5,23.99,9.68,23.97,49.99,0,0,1,0,0
2026-01-01T01:22:46Z,leak,LEAK,8433.3,40.08,89.77,-17.31,23.95,9.82,23.73,50.08,0,0,1,0,0
2026-01-01T01:22:47Z,leak,LEAK,8434.7,40.01,89.34,-18.51,23.98,9.57,23.74,49.93,0,0,1,0,0
2026-01-01T01:22:48Z,leak,LEAK,8431.4,39.89,89.03,-17.51,24.0,9.45,23.73,50.04,0,0,1,0,0
2026-01-01T01:22:49Z,leak,LEAK,8449.8,40.03,90.09,-18.02,24.09,9.69,23.78,50.01,0,0,1,0,0
2026-01-01T01:22:50Z,leak,LEAK,8448.4,40.09,89.14,-18.17,23.98,9.57,23.73,50.09,0,0,1,0,0
2026-01-01T01:22:51Z,leak,LEAK,8451.8,39.96,89.41,-17.45,24.03,9.59,23.91,50.04,0,0,1,0,0
2026-01-01T01:22:52Z,leak,LEAK,8427.8,40.1,90.06,-18.26,23.85,9.42,23.67,50.02,0,0,1,0,0
2026-01-01T01:22:53Z,leak,LEAK,8435.8,40.04,89.29,-17.27,24.02,9.3,23.78,50.03,0,0,1,0,0
2026-01-01T01:22:54Z,leak,LEAK,8457.0,40.41,88.71,-17.98,24.0,9.72,23.58,50.01,0,0,1,0,0
2026-01-01T01:22:55Z,leak,LEAK,8448.3,39.62,89.36,-17.32,23.88,9.59,23.63,50.07,0,0,1,0,0
2026-01-01T01:22:56Z,leak,LEAK,8436.1,39.77,88.65,-18.66,24.04,9.72,23.8,50.04,0,0,1,0,0
2026-01-01T01:22:57Z,leak,LEAK,8439.9,40.12,89.95,-18.67,23.93,9.58,23.6,50.0,0,0,1,0,0
2026-01-01T01:22:58Z,leak,LEAK,8466.6,39.93,89.52,-17.75,24.06,9.45,23.8,50.01,0,0,1,0,0
2026-01-01T01:22:59Z,leak,LEAK,8450.8,39.95,88.84,-18.4,24.12,9.8,23.52,50.03,0,0,1,0,0
2026-01-01T01:23:00Z,leak,LEAK,8463.1,39.44,89.83,-18.12,23.97,9.66,23.72,50.0,0,0,1,0,0
2026-01-01T01:23:01Z,leak,LEAK,8440.5,39.79,89.41,-18.19,23.93,9.48,23.72,49.96,0,0,1,0,0
2026-01-01T01:23:02Z,leak,LEAK,8446.5,40.05,89.8,-18.72,24.06,9.52,23.64,49.98,0,0,1,0,0
2026-01-01T01:23:03Z,leak,LEAK,8455.9,39.66,89.46,-18.3,23.92,9.58,23.57,49.96,0,0,1,0,0
2026-01-01T01:23:04Z,leak,LEAK,8465.1,39.76,89.0,-18.74,24.02,9.58,23.71,50.0,0,0,1,0,0
2026-01-01T01:23:05Z,leak,LEAK,8458.1,40.13,88.69,-18.06,24.12,9.48,23.71,50.06,0,0,1,0,0
2026-01-01T01:23:06Z,leak,LEAK,8474.2,40.01,90.14,-18.62,23.9,9.69,23.72,50.06,0,0,1,0,0
2026-01-01T01:23:07Z,leak,LEAK,8439.0,39.68,89.11,-18.72,24.1,9.55,23.57,49.92,0,0,1,0,0
2026-01-01T01:23:08Z,leak,LEAK,8455.4,39.88,90.07,-18.4,23.94,9.61,23.83,50.05,0,0,1,0,0
2026-01-01T01:23:09Z,leak,LEAK,8459.4,40.13,89.61,-18.6,24.1,9.71,23.54,50.02,0,0,1,0,0
2026-01-01T01:23:10Z,leak,LEAK,8457.8,40.08,89.73,-18.32,23.96,9.53,23.65,49.98,0,0,1,0,0
2026-01-01T01:23:11Z,leak,LEAK,8454.5,39.81,89.3,-16.69,23.76,9.48,23.64,49.95,0,0,1,0,0
2026-01-01T01:23:12Z,leak,LEAK,8448.1,39.78,89.42,-18.02,23.79,9.5,23.71,49.92,0,0,1,0,0
2026-01-01T01:23:13Z,leak,LEAK,8445.0,40.1,89.79,-18.45,24.13,9.53,23.54,50.02,0,0,1,0,0
2026-01-01T01:23:14Z,leak,LEAK,8457.7,39.94,89.0,-18.94,24.02,9.64,23.76,49.95,0,0,1,0,0
2026-01-01T01:23:15Z,leak,LEAK,8464.8,39.97,88.96,-18.11,24.11,9.6,23.54,49.98,0,0,1,0,0
2026-01-01T01:23:16Z,leak,LEAK,8466.3,39.83,88.51,-17.53,23.87,9.48,23.59,49.92,0,0,1,0,0
2026-01-01T01:23:17Z,leak,LEAK,8470.1,39.5,89.49,-18.16,23.99,9.68,23.64,50.0,0,0,1,0,0
2026-01-01T01:23:18Z,leak,LEAK,8473.5,39.98,89.15,-17.6,23.96,9.5,23.47,50.03,0,0,1,0,0
2026-01-01T01:23:19Z,leak,LEAK,8467.3,39.54,89.18,-17.58,24.02,9.65,23.52,49.96,0,0,1,0,0
2026-01-01T01:23:20Z,leak,LEAK,8460.0,40.32,89.27,-17.55,23.99,9.62,23.59,49.92,0,0,1,0,0
2026-01-01T01:23:21Z,leak,LEAK,8466.5,40.07,89.78,-19.03,23.86,9.67,23.7,50.05,0,0,1,0,0
2026-01-01T01:23:22Z,leak,LEAK,8454.2,39.7,90.07,-18.81,24.09,9.57,23.7,49.91,0,0,1,0,0
2026-01-01T01:23:23Z,leak,LEAK,8471.8,40.37,89.91,-17.97,24.06,9.54,23.57,50.0,0,0,1,0,0
2026-01-01T01:23:24Z,leak,LEAK,8456.9,40.01,88.96,-18.71,24.04,9.65,23.74,49.96,0,0,1,0,0
2026-01-01T01:23:25Z,leak,LEAK,8463.4,40.13,89.82,-17.92,24.06,9.51,23.66,50.05,0,0,1,0,0
2026-01-01T01:23:26Z,leak,LEAK,8474.6,40.38,89.17,-17.89,24.05,9.62,23.38,50.02,0,0,1,0,0
2026-01-01T01:23:27Z,leak,LEAK,8462.3,39.77,89.12,-17.81,24.04,9.73,23.66,49.99,0,0,1,0,0
2026-01-01T01:23:28Z,leak,LEAK,8495.5,40.09,89.51,-17.9,23.87,9.63,23.65,49.91,0,0,1,0,0
2026-01-01T01:23:29Z,leak,LEAK,8485.7,40.32,89.54,-18.01,23.94,9.5,23.39,49.99,0,0,1,0,0
2026-01-01T01:23:30Z,leak,LEAK,8462.6,40.08,89.05,-18.03,24.0,9.67,23.48,50.04,0,0,1,0,0
2026-01-01T01:23:31Z,leak,LEAK,8466.1,39.96,89.01,-19.54,23.93,9.63,23.3,50.0,0,0,1,0,0
2026-01-01T01:23:32Z,leak,LEAK,8478.8,40.4,90.28,-18.22,23.8,9.68,23.53,50.09,0,0,1,0,0
2026-01-01T01:23:33Z,leak,LEAK,8469.9,39.9,90.88,-16.93,24.11,9.46,23.55,50.05,0,0,1,0,0
2026-01-01T01:23:34Z,leak,LEAK,8487.2,40.24,90.09,-17.82,23.85,9.65,23.6,49.99,0,0,1,0,0
2026-01-01T01:23:35Z,leak,LEAK,8458.5,39.9,89.87,-17.62,24.04,9.53,23.38,49.94,0,0,1,0,0
2026-01-01T01:23:36Z,leak,LEAK,8485.9,39.65,89.36,-18.42,23.92,9.64,23.38,49.97,0,0,1,0,0
2026-01-01T01:23:37Z,leak,LEAK,8490.7,40.32,89.76,-17.77,24.09,9.54,23.54,50.14,0,0,1,0,0
2026-01-01T01:23:38Z,leak,LEAK,8488.7,40.07,90.42,-18.64,24.04,9.62,23.49,49.92,0,0,1,0,0
2026-01-01T01:23:39Z,leak,LEAK,8474.0,40.18,90.13,-17.94,23.97,9.61,23.43,50.02,0,0,1,0,0
2026-01-01T01:23:40Z,leak,LEAK,8481.7,39.96,89.23,-17.26,24.04,9.62,23.51,49.93,0,0,1,0,0
2026-01-01T01:23:41Z,leak,LEAK,8495.4,39.87,89.55,-18.09,24.09,9.5,23.74,50.06,0,0,1,0,0
2026-01-01T01:23:42Z,leak,LEAK,8496.0,40.3,89.6,-18.04,23.86,9.46,23.36,50.03,0,0,1,0,0
2026-01-01T01:23:43Z,leak,LEAK,8475.7,39.71,88.73,-18.15,24.04,9.53,23.67,50.05,0,0,1,0,0
2026-01-01T01:23:44Z,leak,LEAK,8474.2,40.14,90.26,-17.68,23.94,9.61,23.44,49.98,0,0,1,0,0
2026-01-01T01:23:45Z,leak,LEAK,8510.5,40.01,89.17,-17.88,24.16,9.63,23.48,49.95,0,0,1,0,0
2026-01-01T01:23:46Z,leak,LEAK,8511.6,40.61,90.5,-17.95,23.84,9.62,23.34,49.96,0,0,1,0,0
2026-01-01T01:23:47Z,leak,LEAK,8489.7,39.88,89.95,-18.0,24.04,9.62,23.63,50.03,0,0,1,0,0
2026-01-01T01:23:48Z,leak,LEAK,8495.4,39.93,89.46,-17.48,23.84,9.67,23.41,49.94,0,0,1,0,0
2026-01-01T01:23:49Z,leak,LEAK,8486.0,39.83,89.73,-16.74,23.9,9.51,23.57,49.92,0,0,1,0,0
2026-01-01T01:23:50Z,leak,LEAK,8500.3,39.95,89.41,-17.49,24.01,9.6,23.58,49.93,0,0,1,0,0
2026-01-01T01:23:51Z,leak,LEAK,8496.4,40.16,89.67,-18.19,24.14,9.78,23.29,50.01,0,0,1,0,0
2026-01-01T01:23:52Z,leak,LEAK,8504.9,40.06,89.61,-17.29,23.95,9.63,23.33,49.94,0,0,1,0,0
2026-01-01T01:23:53Z,leak,LEAK,8497.1,39.84,89.75,-18.36,24.01,9.56,23.44,50.0,0,0,1,0,0
2026-01-01T01:23:54Z,leak,LEAK,8509.0,40.2,89.62,-17.57,23.99,9.65,23.64,49.98,0,0,1,0,0
2026-01-01T01:23:55Z,leak,LEAK,8510.6,40.17,89.94,-18.47,23.81,9.8,23.57,50.1,0,0,1,0,0
2026-01-01T01:23:56Z,leak,LEAK,8498.8,40.01,89.95,-18.69,24.01,9.71,23.58,49.94,0,0,1,0,0
2026-01-01T01:23:57Z,leak,LEAK,8518.0,40.45,90.0,-17.6,24.0,9.66,23.42,49.94,0,0,1,0,0
2026-01-01T01:23:58Z,leak,LEAK,8505.9,39.78,89.46,-18.24,24.06,9.58,23.49,50.0,0,0,1,0,0
2026-01-01T01:23:59Z,leak,LEAK,8503.8,40.04,89.6,-17.81,23.94,9.44,23.42,49.99,0,0,1,0,0
2026-01-01T01:24:00Z,leak,LEAK,8518.1,39.78,90.46,-17.07,24.19,9.65,23.3,49.98,0,0,1,0,0
2026-01-01T01:24:01Z,leak,LEAK,8511.7,40.3,89.14,-18.11,23.82,9.51,23.41,49.99,0,0,1,0,0
2026-01-01T01:24:02Z,leak,LEAK,8491.4,40.15,89.65,-18.35,23.89,9.6,23.41,50.01,0,0,1,0,0
2026-01-01T01:24:03Z,leak,LEAK,8516.1,40.07,90.49,-17.44,23.85,9.68,23.54,49.97,0,0,1,0,0
2026-01-01T01:24:04Z,leak,LEAK,8539.7,39.89,89.92,-17.93,24.06,9.63,23.56,50.09,0,0,1,0,0
2026-01-01T01:24:05Z,leak,LEAK,8508.9,39.4,90.1,-17.59,24.18,9.72,23.35,50.12,0,0,1,0,0
2026-01-01T01:24:06Z,leak,LEAK,8501.4,40.03,89.45,-17.47,23.85,9.59,23.42,50.06,0,0,1,0,0
2026-01-01T01:24:07Z,leak,LEAK,8512.3,40.21,89.5,-18.33,24.03,9.6,23.49,49.88,0,0,1,0,0
2026-01-01T01:24:08Z,leak,LEAK,8506.5,40.21,89.4,-18.16,24.0,9.56,23.41,50.03,0,0,1,0,0
2026-01-01T01:24:09Z,leak,LEAK,8514.8,39.86,89.67,-18.58,24.03,9.52,23.35,49.96,0,0,1,0,0
2026-01-01T01:24:10Z,leak,LEAK,8519.2,40.27,90.19,-18.48,24.03,9.52,23.43,50.04,0,0,1,0,0
2026-01-01T01:24:11Z,leak,LEAK,8497.7,40.32,90.43,-17.49,24.05,9.55,23.36,50.05,0,0,1,0,0
2026-01-01T01:24:12Z,leak,LEAK,8516.0,40.16,90.74,-18.07,23.96,9.51,23.38,50.02,0,0,1,0,0
2026-01-01T01:24:13Z,leak,LEAK,8530.7,40.14,90.23,-18.05,23.98,9.47,23.39,49.97,0,0,1,0,0
2026-01-01T01:24:14Z,leak,LEAK,8510.9,39.89,90.58,-17.89,24.04,9.55,23.34,49.93,0,0,1,0,0
2026-01-01T01:24:15Z,leak,LEAK,8524.3,40.05,88.21,-19.08,23.94,9.66,23.41,50.05,0,0,1,0,0
2026-01-01T01:24:16Z,leak,LEAK,8514.9,39.66,90.26,-17.89,23.94,9.63,23.45,50.0,0,0,1,0,0
2026-01-01T01:24:17Z,leak,LEAK,8508.9,40.43,90.17,-19.1,23.99,9.62,23.23,49.97,0,0,1,0,0
2026-01-01T01:24:18Z,leak,LEAK,8528.4,40.06,90.44,-17.47,23.89,9.5,23.42,49.93,0,0,1,0,0
2026-01-01T01:24:19Z,leak,LEAK,8542.8,39.85,90.19,-18.6,23.98,9.62,23.54,50.04,0,0,1,0,0
2026-01-01T01:24:20Z,leak,LEAK,8528.7,40.0,89.91,-18.18,24.15,9.56,23.51,50.01,0,0,1,0,0
2026-01-01T01:24:21Z,leak,LEAK,8523.0,40.03,89.34,-19.14,23.96,9.53,23.36,49.96,0,0,1,0,0
2026-01-01T01:24:22Z,leak,LEAK,8529.8,39.78,90.36,-18.94,24.09,9.78,23.31,49.94,0,0,1,0,0
2026-01-01T01:24:23Z,leak,LEAK,8516.6,40.01,90.77,-18.66,24.04,9.84,23.32,49.98,0,0,1,0,0
2026-01-01T01:24:24Z,leak,LEAK,8530.9,39.97,90.0,-17.44,23.98,9.67,23.37,49.86,0,0,1,0,0
2026-01-01T01:24:25Z,leak,LEAK,8518.5,39.9,90.68,-18.12,23.98,9.52,23.36,50.02,0,0,1,0,0
2026-01-01T01:24:26Z,leak,LEAK,8530.0,39.95,90.59,-18.9,23.89,9.62,23.19,49.95,0,0,1,0,0
2026-01-01T01:24:27Z,leak,LEAK,8528.3,39.87,91.16,-17.1,23.9,9.72,23.31,50.01,0,0,1,0,0
2026-01-01T01:24:28Z,leak,LEAK,8546.0,40.11,90.4,-17.88,23.89,9.58,23.32,49.96,0,0,1,0,0
2026-01-01T01:24:29Z,leak,LEAK,8526.9,39.61,89.82,-17.98,23.96,9.59,23.39,50.02,0,0,1,0,0
2026-01-01T01:24:30Z,leak,LEAK,8534.5,39.96,90.46,-17.03,24.07,9.66,23.35,49.98,0,0,1,0,0
2026-01-01T01:24:31Z,leak,LEAK,8524.5,40.15,90.21,-18.03,23.97,9.64,23.56,50.04,0,0,1,0,0
2026-01-01T01:24:32Z,leak,LEAK,8540.6,39.8,90.11,-18.27,23.97,9.66,23.34,49.98,0,0,1,0,0
2026-01-01T01:24:33Z,leak,LEAK,8541.4,40.27,90.95,-17.66,24.06,9.58,23.38,49.94,0,0,1,0,0
2026-01-01T01:24:34Z,leak,LEAK,8519.3,39.86,90.52,-18.38,24.2,9.7,23.27,50.07,0,0,1,0,0
2026-01-01T01:24:35Z,leak,LEAK,8551.9,40.15,90.37,-18.12,23.95,9.61,23.26,50.0,0,0,1,0,0
2026-01-01T01:24:36Z,leak,LEAK,8538.8,39.81,90.11,-18.61,23.9,9.57,23.33,49.97,0,0,1,0,0
2026-01-01T01:24:37Z,leak,LEAK,8531.9,39.62,90.5,-16.74,23.97,9.64,23.23,50.02,0,0,1,0,0
2026-01-01T01:24:38Z,leak,LEAK,8559.3,40.4,91.28,-17.79,23.91,9.56,23.34,50.03,0,0,1,0,0
2026-01-01T01:24:39Z,leak,LEAK,8548.8,39.87,91.08,-17.63,23.96,9.66,23.27,49.99,0,0,1,0,0
2026-01-01T01:24:40Z,leak,LEAK,8537.5,40.08,91.14,-18.88,24.1,9.44,23.44,50.11,0,0,1,0,0
2026-01-01T01:24:41Z,leak,LEAK,8539.3,40.01,90.62,-18.38,23.93,9.52,23.23,50.03,0,0,1,0,0
2026-01-01T01:24:42Z,leak,LEAK,8561.6,40.11,90.6,-16.62,24.09,9.57,23.26,50.03,0,0,1,0,0
2026-01-01T01:24:43Z,leak,LEAK,8552.6,40.1,89.62,-18.02,24.12,9.62,23.31,50.02,0,0,1,0,0
2026-01-01T01:24:44Z,leak,LEAK,8539.6,40.13,90.76,-17.76,23.86,9.58,23.25,50.05,0,0,1,0,0
2026-01-01T01:24:45Z,leak,LEAK,8564.3,39.92,90.47,-17.62,23.81,9.38,23.32,49.96,0,0,1,0,0
2026-01-01T01:24:46Z,leak,LEAK,8544.8,39.69,90.9,-18.15,23.99,9.46,23.37,50.02,0,0,1,0,0
2026-01-01T01:24:47Z,leak,LEAK,8550.8,39.56,90.78,-17.95,24.1,9.6,23.18,50.06,0,0,1,0,0
2026-01-01T01:24:48Z,leak,LEAK,8536.9,39.92,90.37,-17.95,23.84,9.49,23.25,49.99,0,0,1,0,0
2026-01-01T01:24:49Z,leak,LEAK,8555.7,39.98,91.11,-18.07,24.1,9.76,23.11,50.02,0,0,1,0,0
2026-01-01T01:24:50Z,leak,LEAK,8554.2,39.85,90.87,-17.72,24.03,9.65,23.17,49.95,0,0,1,0,0
2026-01-01T01:24:51Z,leak,LEAK,8581.6,39.79,90.39,-18.74,23.93,9.7,23.24,49.93,0,0,1,0,0
2026-01-01T01:24:52Z,leak,LEAK,8560.3,39.75,90.54,-18.29,24.01,9.61,23.37,49.9,0,0,1,0,0
2026-01-01T01:24:53Z,leak,LEAK,8558.2,39.99,90.84,-17.93,24.02,9.51,23.21,50.05,0,0,1,0,0
2026-01-01T01:24:54Z,leak,LEAK,8552.8,40.15,90.67,-18.78,23.96,9.44,23.4,50.07,0,0,1,0,0
2026-01-01T01:24:55Z,leak,LEAK,8577.4,39.81,90.41,-17.84,23.96,9.73,23.08,50.1,0,0,1,0,0
2026-01-01T01:24:56Z,leak,LEAK,8559.7,39.98,89.78,-18.77,24.16,9.58,23.16,50.05,0,0,1,0,0
2026-01-01T01:24:57Z,leak,LEAK,8567.8,39.97,90.76,-18.13,23.95,9.62,23.22,50.05,0,0,1,0,0
2026-01-01T01:24:58Z,leak,LEAK,8578.9,40.27,90.04,-18.41,24.07,9.57,23.33,50.02,0,0,1,0,0
2026-01-01T01:24:59Z,leak,LEAK,8558.1,40.21,90.5,-17.86,24.05,9.51,23.17,50.01,0,0,1,0,0
2026-01-01T01:25:00Z,leak,LEAK,8569.7,40.08,90.79,-17.59,23.89,9.79,23.26,50.07,0,0,1,0,0
2026-01-01T01:25:01Z,leak,LEAK,8566.9,40.31,90.26,-17.9,24.01,9.62,23.14,49.98,0,0,1,0,0
2026-01-01T01:25:02Z,leak,LEAK,8570.1,40.08,90.47,-18.2,24.0,9.88,23.14,49.97,0,0,1,0,0
2026-01-01T01:25:03Z,leak,LEAK,8550.1,39.92,90.07,-18.18,23.95,9.55,23.3,49.93,0,0,1,0,0
2026-01-01T01:25:04Z,leak,LEAK,8547.0,39.71,91.69,-17.82,24.02,9.35,23.27,50.06,0,0,1,0,0
2026-01-01T01:25:05Z,leak,LEAK,8548.0,39.56,90.38,-17.9,24.07,9.44,23.28,49.99,0,0,1,0,0
2026-01-01T01:25:06Z,leak,LEAK,8562.7,40.2,91.14,-18.2,23.99,9.73,23.16,50.02,0,0,1,0,0
2026-01-01T01:25:07Z,leak,LEAK,8575.5,39.85,90.77,-18.08,23.94,9.47,23.44,50.0,0,0,1,0,0
2026-01-01T01:25:08Z,leak,LEAK,8566.4,40.58,91.27,-18.14,24.06,9.69,23.32,50.01,0,0,1,0,0
2026-01-01T01:25:09Z,leak,LEAK,8575.7,39.84,90.83,-17.81,23.95,9.67,23.23,49.97,0,0,1,0,0
2026-01-01T01:25:10Z,leak,LEAK,8548.0,39.93,90.44,-17.6,24.06,9.6,23.37,49.95,0,0,1,0,0
2026-01-01T01:25:11Z,leak,LEAK,8558.3,39.95,90.77,-18.22,24.0,9.55,23.28,49.92,0,0,1,0,0
2026-01-01T01:25:12Z,leak,LEAK,8551.8,39.94,91.04,-17.09,24.06,9.44,23.33,49.93,0,0,1,0,0
2026-01-01T01:25:13Z,leak,LEAK,8568.7,40.03,90.34,-17.86,24.15,9.61,23.19,50.02,0,0,1,0,0
2026-01-01T01:25:14Z,leak,LEAK,8559.0,39.91,91.48,-17.9,23.93,9.52,23.13,50.02,0,0,1,0,0
2026-01-01T01:25:15Z,leak,LEAK,8569.7,39.93,90.85,-18.19,24.02,9.6,23.13,50.0,0,0,1,0,0
2026-01-01T01:25:16Z,leak,LEAK,8558.6,40.07,91.1,-18.06,24.07,9.55,23.25,49.98,0,0,1,0,0
2026-01-01T01:25:17Z,leak,LEAK,8580.3,39.78,90.94,-18.02,23.96,9.71,23.2,49.95,0,0,1,0,0
2026-01-01T01:25:18Z,leak,LEAK,8565.0,39.94,91.27,-17.49,23.89,9.48,23.09,50.04,0,0,1,0,0
2026-01-01T01:25:19Z,leak,LEAK,8563.3,39.83,90.42,-17.93,23.88,9.71,23.19,50.08,0,0,1,0,0
2026-01-01T01:25:20Z,leak,LEAK,8579.5,40.5,91.27,-18.19,24.14,9.64,23.14,49.98,0,0,1,0,0
2026-01-01T01:25:21Z,leak,LEAK,8573.7,39.95,90.01,-17.54,23.89,9.35,23.23,49.98,0,0,1,0,0
2026-01-01T01:25:22Z,leak,LEAK,8572.4,39.84,91.27,-17.93,23.8,9.58,23.24,50.05,0,0,1,0,0
2026-01-01T01:25:23Z,leak,LEAK,8566.6,39.99,90.67,-18.2,23.93,9.52,23.32,49.96,0,0,1,0,0
2026-01-01T01:25:24Z,leak,LEAK,8567.8,39.81,90.69,-17.99,23.97,9.54,23.17,50.08,0,0,1,0,0
2026-01-01T01:25:25Z,leak,LEAK,8562.6,40.12,90.84,-17.63,24.07,9.62,23.44,50.07,0,0,1,0,0
2026-01-01T01:25:26Z,leak,LEAK,8579.7,40.07,90.35,-17.38,23.96,9.42,23.15,49.97,0,0,1,0,0
2026-01-01T01:25:27Z,leak,LEAK,8582.3,40.07,91.33,-18.0,24.05,9.57,23.07,50.01,0,0,1,0,0
2026-01-01T01:25:28Z,leak,LEAK,8559.3,39.9,90.78,-18.81,23.97,9.68,23.37,49.97,0,0,1,0,0
2026-01-01T01:25:29Z,leak,LEAK,8582.9,39.8,90.42,-16.99,24.04,9.6,23.22,50.03,0,0,1,0,0
2026-01-01T01:25:30Z,leak,LEAK,8567.6,39.94,90.49,-17.8,23.99,9.59,23.0,49.98,0,0,1,0,0
2026-01-01T01:25:31Z,leak,LEAK,8587.3,39.9,90.65,-18.05,23.96,9.74,22.98,50.01,0,0,1,0,0
2026-01-01T01:25:32Z,leak,LEAK,8589.7,39.87,90.86,-18.04,23.97,9.59,23.03,49.89,0,0,1,0,0
2026-01-01T01:25:33Z,leak,LEAK,8591.9,39.86,90.21,-18.57,23.96,9.53,23.31,49.97,0,0,1,0,0
2026-01-01T01:25:34Z,leak,LEAK,8587.8,40.22,90.91,-17.84,24.04,9.75,23.36,50.03,0,0,1,0,0
2026-01-01T01:25:35Z,leak,LEAK,8576.8,39.96,91.17,-18.89,24.11,9.66,23.08,49.94,0,0,1,0,0
2026-01-01T01:25:36Z,leak,LEAK,8592.1,40.41,90.89,-18.66,24.05,9.76,23.22,50.0,0,0,1,0,0
2026-01-01T01:25:37Z,leak,LEAK,8584.1,39.99,91.33,-18.36,23.99,9.52,23.16,50.01,0,0,1,0,0
2026-01-01T01:25:38Z,leak,LEAK,8582.8,40.2,90.14,-18.39,24.05,9.74,22.97,50.05,0,0,1,0,0
2026-01-01T01:25:39Z,leak,LEAK,8587.7,40.14,90.75,-18.72,24.05,9.56,22.97,50.01,0,0,1,0,0
2026-01-01T01:25:40Z,leak,LEAK,8574.2,39.91,90.16,-17.19,23.97,9.55,23.07,49.94,0,0,1,0,0
2026-01-01T01:25:41Z,leak,LEAK,8592.6,40.03,91.04,-17.45,23.88,9.68,23.12,50.04,0,0,1,0,0
2026-01-01T01:25:42Z,leak,LEAK,8596.8,39.88,90.36,-18.07,24.07,9.7,23.1,50.0,0,0,1,0,0
2026-01-01T01:25:43Z,leak,LEAK,8599.4,40.37,90.63,-18.57,24.08,9.64,23.24,50.01,0,0,1,0,0
2026-01-01T01:25:44Z,leak,LEAK,8577.2,40.12,91.16,-17.47,24.01,9.74,23.14,50.07,0,0,1,0,0
2026-01-01T01:25:45Z,leak,LEAK,8581.7,40.25,91.03,-17.17,24.12,9.65,23.25,50.11,0,0,1,0,0
2026-01-01T01:25:46Z,leak,LEAK,8593.3,40.2,91.11,-18.06,23.92,9.64,23.05,49.98,0,0,1,0,0
2026-01-01T01:25:47Z,leak,LEAK,8591.4,39.74,90.85,-18.37,24.06,9.59,22.97,50.03,0,0,1,0,0
2026-01-01T01:25:48Z,leak,LEAK,8593.9,39.81,91.04,-18.16,23.81,9.69,23.19,49.92,0,0,1,0,0
2026-01-01T01:25:49Z,leak,LEAK,8607.3,40.53,91.11,-18.45,23.97,9.59,23.01,49.98,0,0,1,0,0
2026-01-01T01:25:50Z,leak,LEAK,8594.7,40.02,90.86,-18.19,24.12,9.77,23.18,50.0,0,0,1,0,0
2026-01-01T01:25:51Z,leak,LEAK,8613.9,40.35,91.01,-18.1,23.84,9.54,23.19,50.05,0,0,1,0,0
2026-01-01T01:25:52Z,leak,LEAK,8588.3,40.17,91.28,-17.15,23.74,9.52,23.06,50.01,0,0,1,0,0
2026-01-01T01:25:53Z,leak,LEAK,8608.0,39.84,91.3,-17.6,24.02,9.6,22.95,50.04,0,0,1,0,0
2026-01-01T01:25:54Z,leak,LEAK,8581.1,39.81,90.84,-17.84,24.01,9.73,23.11,49.99,0,0,1,0,0
2026-01-01T01:25:55Z,leak,LEAK,8585.4,40.18,91.4,-17.77,23.86,9.56,23.19,49.99,0,0,1,0,0
2026-01-01T01:25:56Z,leak,LEAK,8599.8,39.94,90.96,-17.18,24.05,9.51,23.26,50.05,0,0,1,0,0
2026-01-01T01:25:57Z,leak,LEAK,8592.3,40.14,90.38,-17.93,23.88,9.6,22.95,49.97,0,0,1,0,0
2026-01-01T01:25:58Z,leak,LEAK,8592.1,40.18,90.97,-17.81,24.23,9.56,22.93,49.99,0,0,1,0,0
2026-01-01T01:25:59Z,leak,LEAK,8585.9,40.06,91.73,-18.76,24.05,9.73,23.11,50.0,0,0,1,0,0
2026-01-01T01:26:00Z,leak,LEAK,8599.7,40.12,91.43,-17.99,24.07,9.5,23.13,50.01,0,0,1,0,0
2026-01-01T01:26:01Z,leak,LEAK,8582.7,40.03,90.31,-18.6,23.89,9.53,23.17,50.02,0,0,1,0,0
2026-01-01T01:26:02Z,leak,LEAK,8595.6,40.01,91.05,-17.21,24.02,9.66,23.06,50.03,0,0,1,0,0
2026-01-01T01:26:03Z,leak,LEAK,8603.5,39.39,90.95,-18.12,24.02,9.67,23.0,49.96,0,0,1,0,0
2026-01-01T01:26:04Z,leak,LEAK,8605.3,39.84,91.79,-17.95,23.92,9.78,23.18,50.0,0,0,1,0,0
2026-01-01T01:26:05Z,leak,LEAK,8604.1,39.78,90.05,-18.62,24.12,9.6,23.06,49.94,0,0,1,0,0
2026-01-01T01:26:06Z,leak,LEAK,8591.2,39.9,91.21,-17.87,23.98,9.66,22.98,50.01,0,0,1,0,0
2026-01-01T01:26:07Z,leak,LEAK,8593.9,40.18,91.99,-17.72,23.91,9.66,23.0,50.04,0,0,1,0,0
2026-01-01T01:26:08Z,leak,LEAK,8589.7,39.98,91.11,-17.85,24.22,9.61,22.91,50.0,0,0,1,0,0
2026-01-01T01:26:09Z,leak,LEAK,8605.9,40.0,91.97,-17.62,24.11,9.59,22.93,49.99,0,0,1,0,0
2026-01-01T01:26:10Z,leak,LEAK,8604.9,39.96,91.48,-17.84,24.03,9.44,23.24,49.96,0,0,1,0,0
2026-01-01T01:26:11Z,leak,LEAK,8574.6,40.29,90.92,-18.17,23.84,9.84,22.97,50.02,0,0,1,0,0
2026-01-01T01:26:12Z,leak,LEAK,8599.5,39.89,90.88,-17.53,23.87,9.51,23.1,50.01,0,0,1,0,0
2026-01-01T01:26:13Z,leak,LEAK,8601.5,40.33,91.74,-18.56,24.18,9.4,23.02,50.04,0,0,1,0,0
2026-01-01T01:26:14Z,leak,LEAK,8599.9,39.85,91.12,-18.48,24.06,9.76,23.07,50.01,0,0,1,0,0
2026-01-01T01:26:15Z,leak,LEAK,8604.9,40.38,90.14,-18.26,23.94,9.75,23.19,49.98,0,0,1,0,0
2026-01-01T01:26:16Z,leak,LEAK,8595.9,40.04,90.74,-18.94,23.98,9.45,22.89,49.99,0,0,1,0,0
2026-01-01T01:26:17Z,leak,LEAK,8595.6,39.99,91.57,-17.55,24.1,9.86,23.17,49.98,0,0,1,0,0
2026-01-01T01:26:18Z,leak,LEAK,8598.2,40.09,91.18,-18.47,24.17,9.49,23.15,49.95,0,0,1,0,0
2026-01-01T01:26:19Z,leak,LEAK,8602.5,39.91,90.99,-18.68,24.1,9.51,23.03,49.96,0,0,1,0,0
2026-01-01T01:26:20Z,leak,LEAK,8602.3,39.97,91.48,-17.24,23.97,9.79,22.97,50.08,0,0,1,0,0
2026-01-01T01:26:21Z,leak,LEAK,8588.3,39.83,91.52,-18.27,23.95,9.68,23.16,49.93,0,0,1,0,0
2026-01-01T01:26:22Z,leak,LEAK,8575.5,40.04,91.7,-17.75,24.09,9.57,23.23,49.9,0,0,1,0,0
2026-01-01T01:26:23Z,leak,LEAK,8595.4,40.03,90.93,-18.22,24.02,9.52,23.06,50.06,0,0,1,0,0
2026-01-01T01:26:24Z,leak,LEAK,8589.5,40.02,90.56,-17.96,23.87,9.53,23.07,50.03,0,0,1,0,0
2026-01-01T01:26:25Z,leak,LEAK,8606.9,39.95,90.58,-18.34,23.87,9.63,22.96,50.01,0,0,1,0,0
2026-01-01T01:26:26Z,leak,LEAK,8572.3,40.17,91.08,-18.12,23.93,9.54,22.94,49.9,0,0,1,0,0
2026-01-01T01:26:27Z,leak,LEAK,8585.8,39.93,90.63,-19.0,24.07,9.82,22.95,49.99,0,0,1,0,0
2026-01-01T01:26:28Z,leak,LEAK,8590.8,39.89,90.99,-17.75,23.96,9.51,23.03,50.06,0,0,1,0,0
2026-01-01T01:26:29Z,leak,LEAK,8588.9,40.11,91.54,-18.03,24.08,9.51,22.94,50.01,0,0,1,0,0
2026-01-01T01:26:30Z,leak,LEAK,8595.8,39.97,91.29,-18.07,23.97,9.52,23.2,50.02,0,0,1,0,0
2026-01-01T01:26:31Z,leak,LEAK,8589.7,39.81,90.7,-18.81,23.99,9.68,22.94,50.01,0,0,1,0,0
2026-01-01T01:26:32Z,leak,LEAK,8594.4,40.12,90.96,-18.57,23.97,9.62,22.99,50.05,0,0,1,0,0
2026-01-01T01:26:33Z,leak,LEAK,8592.1,39.8,91.02,-17.83,23.98,9.64,22.94,49.96,0,0,1,0,0
2026-01-01T01:26:34Z,leak,LEAK,8608.5,39.92,91.59,-17.98,24.06,9.71,23.1,49.98,0,0,1,0,0
2026-01-01T01:26:35Z,leak,LEAK,8578.6,40.25,90.86,-18.16,24.11,9.53,22.97,49.95,0,0,1,0,0
2026-01-01T01:26:36Z,leak,LEAK,8599.2,40.0,90.96,-18.46,24.1,9.68,23.01,49.97,0,0,1,0,0
2026-01-01T01:26:37Z,leak,LEAK,8604.0,39.73,91.55,-18.05,24.18,9.54,23.42,49.91,0,0,1,0,0
2026-01-01T01:26:38Z,leak,LEAK,8582.4,40.05,91.18,-18.9,24.02,9.56,23.21,49.99,0,0,1,0,0
2026-01-01T01:26:39Z,leak,LEAK,8608.6,40.08,90.37,-17.55,23.98,9.41,22.95,50.03,0,0,1,0,0
2026-01-01T01:26:40Z,leak,LEAK,8600.1,40.14,90.73,-18.13,23.93,9.58,23.09,49.99,0,0,1,0,0
2026-01-01T01:26:41Z,leak,LEAK,8600.8,39.9,90.77,-18.63,23.98,9.61,23.04,50.05,0,0,1,0,0
2026-01-01T01:26:42Z,leak,LEAK,8602.0,39.85,90.93,-17.99,23.96,9.69,23.01,50.12,0,0,1,0,0
2026-01-01T01:26:43Z,leak,LEAK,8599.1,40.15,90.63,-18.18,24.04,9.63,22.98,50.01,0,0,1,0,0
2026-01-01T01:26:44Z,leak,LEAK,8610.9,39.84,91.5,-18.63,24.09,9.5,23.21,49.93,0,0,1,0,0
2026-01-01T01:26:45Z,leak,LEAK,8599.5,40.02,91.79,-17.89,24.01,9.62,23.04,50.05,0,0,1,0,0
2026-01-01T01:26:46Z,leak,LEAK,8612.6,40.05,90.62,-17.69,23.98,9.61,23.16,49.97,0,0,1,0,0
2026-01-01T01:26:47Z,leak,LEAK,8603.1,39.91,91.14,-18.43,24.01,9.58,23.0,50.12,0,0,1,0,0
2026-01-01T01:26:48Z,leak,LEAK,8611.2,39.88,90.69,-17.32,23.98,9.55,22.94,50.02,0,0,1,0,0
2026-01-01T01:26:49Z,leak,LEAK,8606.4,39.76,91.3,-17.51,24.22,9.48,22.86,49.96,0,0,1,0,0
2026-01-01T01:26:50Z,leak,LEAK,8600.4,39.87,91.3,-18.47,24.05,9.53,23.06,50.02,0,0,1,0,0
2026-01-01T01:26:51Z,leak,LEAK,8595.9,40.35,89.83,-17.59,24.17,9.7,22.98,49.88,0,0,1,0,0
2026-01-01T01:26:52Z,leak,LEAK,8612.0,39.74,91.78,-18.44,24.1,9.63,23.09,50.01,0,0,1,0,0
2026-01-01T01:26:53Z,leak,LEAK,8594.0,39.98,90.44,-18.83,23.93,9.61,23.07,50.05,0,0,1,0,0
2026-01-01T01:26:54Z,leak,LEAK,8600.5,39.88,90.69,-18.4,23.94,9.4,23.0,50.08,0,0,1,0,0
2026-01-01T01:26:55Z,leak,LEAK,8607.3,40.21,91.82,-17.68,23.84,9.56,22.9,50.04,0,0,1,0,0
2026-01-01T01:26:56Z,leak,LEAK,8589.0,40.07,92.0,-17.68,24.16,9.54,22.91,49.95,0,0,1,0,0
2026-01-01T01:26:57Z,leak,LEAK,8583.1,39.98,91.63,-18.47,24.13,9.35,22.93,50.08,0,0,1,0,0
2026-01-01T01:26:58Z,leak,LEAK,8595.9,40.13,90.15,-18.94,23.83,9.68,22.83,49.98,0,0,1,0,0
2026-01-01T01:26:59Z,leak,LEAK,8601.1,39.73,89.52,-17.97,24.15,9.69,23.1,49.82,0,0,1,0,0
2026-01-01T01:27:00Z,leak,LEAK,8592.5,40.31,91.3,-18.93,24.01,9.77,23.05,49.94,0,0,1,0,0
2026-01-01T01:27:01Z,leak,LEAK,8594.9,40.09,91.33,-18.32,23.86,9.75,23.07,49.98,0,0,1,0,0
2026-01-01T01:27:02Z,leak,LEAK,8594.2,40.34,90.82,-18.38,23.98,9.76,23.06,50.01,0,0,1,0,0
2026-01-01T01:27:03Z,leak,LEAK,8584.1,39.8,90.88,-18.19,23.88,9.48,22.95,50.05,0,0,1,0,0
2026-01-01T01:27:04Z,leak,LEAK,8596.8,40.21,90.61,-17.22,24.01,9.69,23.02,50.04,0,0,1,0,0
2026-01-01T01:27:05Z,leak,LEAK,8607.5,39.94,91.02,-16.95,24.01,9.47,23.0,49.96,0,0,1,0,0
2026-01-01T01:27:06Z,leak,LEAK,8607.2,40.03,91.58,-17.05,24.0,9.55,22.89,50.09,0,0,1,0,0
2026-01-01T01:27:07Z,leak,LEAK,8606.0,39.93,91.06,-16.97,23.96,9.65,23.05,50.0,0,0,1,0,0
2026-01-01T01:27:08Z,leak,LEAK,8594.2,39.72,91.04,-18.34,24.05,9.73,23.07,49.98,0,0,1,0,0
2026-01-01T01:27:09Z,leak,LEAK,8604.9,39.81,91.07,-18.48,23.87,9.79,23.21,50.0,0,0,1,0,0
2026-01-01T01:27:10Z,leak,LEAK,8599.1,39.89,90.51,-17.99,23.87,9.79,22.96,49.99,0,0,1,0,0
2026-01-01T01:27:11Z,leak,LEAK,8599.5,39.99,91.03,-17.34,23.99,9.64,22.94,49.98,0,0,1,0,0
2026-01-01T01:27:12Z,leak,LEAK,8603.6,39.96,90.67,-17.57,23.79,9.68,23.05,49.94,0,0,1,0,0
2026-01-01T01:27:13Z,leak,LEAK,8600.8,39.76,90.47,-18.23,23.97,9.41,23.03,50.05,0,0,1,0,0
2026-01-01T01:27:14Z,leak,LEAK,8595.9,40.29,91.61,-17.71,23.91,9.64,22.9,49.92,0,0,1,0,0
2026-01-01T01:27:15Z,leak,LEAK,8587.2,39.85,91.02,-18.71,23.98,9.41,23.03,49.95,0,0,1,0,0
2026-01-01T01:27:16Z,leak,LEAK,8577.3,40.14,90.78,-18.44,23.79,9.64,23.12,49.97,0,0,1,0,0
2026-01-01T01:27:17Z,leak,LEAK,8606.7,39.86,90.52,-18.02,23.91,9.63,23.06,49.94,0,0,1,0,0
2026-01-01T01:27:18Z,leak,LEAK,8594.7,40.02,89.94,-17.91,23.97,9.56,23.02,50.09,0,0,1,0,0
2026-01-01T01:27:19Z,leak,LEAK,8586.4,39.97,90.58,-17.9,23.88,9.53,23.13,49.9,0,0,1,0,0
2026-01-01T01:27:20Z,leak,LEAK,8588.3,40.66,91.08,-17.72,24.08,9.71,23.02,50.11,0,0,1,0,0
2026-01-01T01:27:21Z,leak,LEAK,8586.3,40.3,90.99,-17.77,23.78,9.62,22.93,49.93,0,0,1,0,0
2026-01-01T01:27:22Z,leak,LEAK,8591.4,40.0,91.27,-17.88,23.82,9.73,22.82,49.92,0,0,1,0,0
2026-01-01T01:27:23Z,leak,LEAK,8596.2,40.09,91.09,-18.36,24.08,9.68,23.2,49.99,0,0,1,0,0
2026-01-01T01:27:24Z,leak,LEAK,8575.2,40.18,90.93,-17.82,24.15,9.63,23.04,50.03,0,0,1,0,0
2026-01-01T01:27:25Z,leak,LEAK,8581.0,40.16,91.73,-18.06,23.95,9.59,22.94,49.9,0,0,1,0,0
2026-01-01T01:27:26Z,leak,LEAK,8585.7,39.97,91.76,-17.97,24.18,9.7,23.04,50.02,0,0,1,0,0
2026-01-01T01:27:27Z,leak,LEAK,8592.2,40.22,91.86,-17.72,23.96,9.6,23.01,49.9,0,0,1,0,0
2026-01-01T01:27:28Z,leak,LEAK,8582.8,39.85,91.54,-18.2,24.08,9.61,22.89,49.97,0,0,1,0,0
2026-01-01T01:27:29Z,leak,LEAK,8593.7,40.13,91.16,-17.05,23.94,9.78,23.03,50.04,0,0,1,0,0
2026-01-01T01:27:30Z,leak,LEAK,8590.9,40.13,90.97,-18.17,23.86,9.64,22.92,50.0,0,0,1,0,0
2026-01-01T01:27:31Z,leak,LEAK,8569.4,39.95,91.15,-17.89,24.03,9.62,23.1,50.06,0,0,1,0,0
2026-01-01T01:27:32Z,leak,LEAK,8574.8,40.0,90.05,-18.83,23.97,9.59,23.07,50.01,0,0,1,0,0
2026-01-01T01:27:33Z,leak,LEAK,8590.5,40.07,90.48,-17.65,24.07,9.52,22.96,50.06,0,0,1,0,0
2026-01-01T01:27:34Z,leak,LEAK,8572.2,40.05,90.04,-18.57,24.02,9.53,22.89,49.93,0,0,1,0,0
2026-01-01T01:27:35Z,leak,LEAK,8575.1,40.24,90.85,-18.4,23.86,9.61,23.27,50.07,0,0,1,0,0
2026-01-01T01:27:36Z,leak,LEAK,8587.2,39.69,90.76,-18.65,23.88,9.48,23.15,49.98,0,0,1,0,0
2026-01-01T01:27:37Z,leak,LEAK,8560.6,39.9,90.75,-17.68,24.01,9.6,23.01,50.03,0,0,1,0,0
2026-01-01T01:27:38Z,leak,LEAK,8578.4,40.14,90.81,-17.08,24.08,9.76,23.04,50.0,0,0,1,0,0
2026-01-01T01:27:39Z,leak,LEAK,8592.4,40.41,90.44,-17.91,23.94,9.62,23.0,49.93,0,0,1,0,0
2026-01-01T01:27:40Z,leak,LEAK,8583.8,39.67,91.32,-17.72,23.91,9.58,23.19,50.06,0,0,1,0,0
2026-01-01T01:27:41Z,leak,LEAK,8595.7,40.45,90.97,-17.69,24.04,9.49,23.19,50.05,0,0,1,0,0
2026-01-01T01:27:42Z,leak,LEAK,8581.0,40.18,90.92,-17.63,24.17,9.63,23.26,50.04,0,0,1,0,0
2026-01-01T01:27:43Z,leak,LEAK,8586.9,39.87,91.76,-18.15,24.02,9.6,23.13,49.96,0,0,1,0,0
2026-01-01T01:27:44Z,leak,LEAK,8561.3,40.13,91.52,-17.46,23.92,9.6,23.02,49.97,0,0,1,0,0
2026-01-01T01:27:45Z,leak,LEAK,8567.6,40.1,91.11,-18.49,23.96,9.6,23.07,50.02,0,0,1,0,0
2026-01-01T01:27:46Z,leak,LEAK,8570.0,40.05,89.85,-18.42,24.19,9.56,23.3,49.86,0,0,1,0,0
2026-01-01T01:27:47Z,leak,LEAK,8595.2,39.68,91.06,-18.14,23.88,9.8,22.85,50.01,0,0,1,0,0
2026-01-01T01:27:48Z,leak,LEAK,8568.9,40.02,90.77,-17.98,23.92,9.66,22.99,49.97,0,0,1,0,0
2026-01-01T01:27:49Z,leak,LEAK,8590.7,39.98,91.28,-17.67,24.02,9.8,23.1,49.96,0,0,1,0,0
2026-01-01T01:27:50Z,leak,LEAK,8565.3,39.95,89.47,-17.71,23.95,9.67,22.95,50.02,0,0,1,0,0
2026-01-01T01:27:51Z,leak,LEAK,8559.2,39.87,90.54,-18.75,24.03,9.53,23.09,49.96,0,0,1,0,0
2026-01-01T01:27:52Z,leak,LEAK,8553.4,40.28,91.59,-17.83,24.14,9.58,22.95,49.93,0,0,1,0,0
2026-01-01T01:27:53Z,leak,LEAK,8576.8,40.03,90.63,-19.02,23.91,9.72,23.14,50.02,0,0,1,0,0
2026-01-01T01:27:54Z,leak,LEAK,8565.9,39.94,90.26,-18.67,23.82,9.43,23.03,49.93,0,0,1,0,0
2026-01-01T01:27:55Z,leak,LEAK,8568.8,40.14,90.44,-18.47,23.91,9.6,23.01,49.99,0,0,1,0,0
2026-01-01T01:27:56Z,leak,LEAK,8578.9,40.16,89.91,-19.07,23.91,9.73,23.09,49.97,0,0,1,0,0
2026-01-01T01:27:57Z,leak,LEAK,8569.1,39.66,90.98,-17.86,24.01,9.45,22.81,49.94,0,0,1,0,0
2026-01-01T01:27:58Z,leak,LEAK,8566.9,39.98,91.08,-17.25,23.91,9.6,23.02,49.95,0,0,1,0,0
2026-01-01T01:27:59Z,leak,LEAK,8582.4,40.12,90.85,-18.06,24.11,9.55,23.03,50.02,0,0,1,0,0
2026-01-01T01:28:00Z,leak,LEAK,8556.2,39.98,91.03,-17.13,24.02,9.67,23.02,50.01,0,0,1,0,0
2026-01-01T01:28:01Z,leak,LEAK,8575.3,39.99,90.08,-17.75,24.01,9.37,23.04,50.03,0,0,1,0,0
2026-01-01T01:28:02Z,leak,LEAK,8568.7,39.91,90.57,-18.53,24.11,9.74,22.97,50.0,0,0,1,0,0
2026-01-01T01:28:03Z,leak,LEAK,8571.7,40.03,90.46,-18.0,23.97,9.56,22.9,49.99,0,0,1,0,0
2026-01-01T01:28:04Z,leak,LEAK,8558.6,39.99,90.58,-18.7,23.92,9.55,23.0,50.01,0,0,1,0,0
2026-01-01T01:28:05Z,leak,LEAK,8559.3,39.94,90.56,-17.64,24.02,9.51,22.86,50.04,0,0,1,0,0
2026-01-01T01:28:06Z,leak,LEAK,8562.5,40.39,90.93,-17.44,24.12,9.73,23.18,49.91,0,0,1,0,0
2026-01-01T01:28:07Z,leak,LEAK,8550.4,40.13,90.65,-17.62,24.09,9.67,23.11,49.97,0,0,1,0,0
2026-01-01T01:28:08Z,leak,LEAK,8567.4,39.89,90.51,-17.73,24.01,9.52,23.12,49.96,0,0,1,0,0
2026-01-01T01:28:09Z,leak,LEAK,8563.9,39.55,91.18,-17.56,24.09,9.64,22.99,50.01,0,0,1,0,0
2026-01-01T01:28:10Z,leak,LEAK,8553.8,39.9,90.24,-18.15,23.98,9.58,23.0,49.97,0,0,1,0,0
2026-01-01T01:28:11Z,leak,LEAK,8548.5,39.87,90.95,-18.26,23.94,9.71,23.16,50.01,0,0,1,0,0
2026-01-01T01:28:12Z,leak,LEAK,8550.1,40.21,90.54,-17.66,23.97,9.56,23.04,50.0,0,0,1,0,0
2026-01-01T01:28:13Z,leak,LEAK,8546.3,39.97,90.4,-17.67,24.1,9.8,23.11,49.89,0,0,1,0,0
2026-01-01T01:28:14Z,leak,LEAK,8547.3,40.13,91.44,-18.24,23.9,9.58,23.13,50.0,0,0,1,0,0
2026-01-01T01:28:15Z,leak,LEAK,8546.8,40.11,91.03,-17.67,24.04,9.52,23.13,50.02,0,0,1,0,0
2026-01-01T01:28:16Z,leak,LEAK,8564.5,40.21,90.54,-18.11,24.12,9.69,23.0,50.01,0,0,1,0,0
2026-01-01T01:28:17Z,leak,LEAK,8540.5,39.77,90.87,-17.85,23.84,9.51,23.09,50.09,0,0,1,0,0
2026-01-01T01:28:18Z,leak,LEAK,8541.1,39.98,91.38,-18.08,23.98,9.55,23.02,50.0,0,0,1,0,0
2026-01-01T01:28:19Z,leak,LEAK,8537.5,40.08,90.94,-17.73,23.8,9.34,23.14,50.09,0,0,1,0,0
2026-01-01T01:28:20Z,leak,LEAK,8560.8,40.01,90.41,-18.37,23.78,9.62,23.07,50.11,0,0,1,0,0
2026-01-01T01:28:21Z,leak,LEAK,8553.1,40.0,90.93,-19.28,24.01,9.47,23.15,50.05,0,0,1,0,0
2026-01-01T01:28:22Z,leak,LEAK,8555.4,40.06,90.88,-18.6,24.01,9.51,23.08,49.99,0,0,1,0,0
2026-01-01T01:28:23Z,leak,LEAK,8542.2,39.86,90.17,-17.79,24.06,9.47,22.84,49.96,0,0,1,0,0
2026-01-01T01:28:24Z,leak,LEAK,8521.2,39.93,90.62,-16.98,23.97,9.66,22.83,50.08,0,0,1,0,0
2026-01-01T01:28:25Z,leak,LEAK,8534.0,39.94,89.82,-18.2,24.09,9.68,23.07,50.0,0,0,1,0,0
2026-01-01T01:28:26Z,leak,LEAK,8542.1,40.0,90.36,-17.71,23.88,9.57,22.99,50.04,0,0,1,0,0
2026-01-01T01:28:27Z,leak,LEAK,8535.4,40.02,90.36,-18.96,24.12,9.78,23.1,50.0,0,0,1,0,0
2026-01-01T01:28:28Z,leak,LEAK,8566.5,40.25,89.47,-18.28,23.85,9.68,23.15,49.99,0,0,1,0,0
2026-01-01T01:28:29Z,leak,LEAK,8536.4,39.78,90.97,-18.17,24.06,9.65,22.93,50.11,0,0,1,0,0
2026-01-01T01:28:30Z,leak,LEAK,8550.4,40.11,89.99,-18.2,24.08,9.47,23.21,50.06,0,0,1,0,0
2026-01-01T01:28:31Z,leak,LEAK,8533.1,39.92,90.77,-18.61,24.14,9.41,23.04,49.96,0,0,1,0,0
2026-01-01T01:28:32Z,leak,LEAK,8528.2,40.3,90.52,-17.34,23.97,9.5,22.94,49.97,0,0,1,0,0
2026-01-01T01:28:33Z,leak,LEAK,8527.6,39.81,90.22,-18.31,23.94,9.72,23.15,50.01,0,0,1,0,0
2026-01-01T01:28:34Z,leak,LEAK,8535.9,39.86,90.48,-17.53,23.91,9.59,23.13,49.98,0,0,1,0,0
2026-01-01T01:28:35Z,leak,LEAK,8526.8,39.99,90.16,-17.8,23.86,9.59,23.13,49.99,0,0,1,0,0
2026-01-01T01:28:36Z,leak,LEAK,8525.4,39.89,91.05,-18.16,23.99,9.61,23.02,49.95,0,0,1,0,0
2026-01-01T01:28:37Z,leak,LEAK,8545.6,40.16,89.75,-18.5,24.2,9.58,23.25,49.91,0,0,1,0,0
2026-01-01T01:28:38Z,leak,LEAK,8527.9,40.2,89.77,-18.28,24.02,9.62,22.94,50.02,0,0,1,0,0
2026-01-01T01:28:39Z,leak,LEAK,8514.9,39.98,90.26,-18.37,24.13,9.42,23.14,50.01,0,0,1,0,0
2026-01-01T01:28:40Z,leak,LEAK,8553.2,39.85,90.1,-17.95,23.97,9.77,23.06,50.08,0,0,1,0,0
2026-01-01T01:28:41Z,leak,LEAK,8527.2,40.15,90.74,-18.55,24.03,9.66,23.21,49.97,0,0,1,0,0
2026-01-01T01:28:42Z,leak,LEAK,8514.2,40.2,91.13,-19.18,23.94,9.6,23.15,50.0,0,0,1,0,0
2026-01-01T01:28:43Z,leak,LEAK,8524.9,39.97,90.27,-17.97,23.89,9.55,23.29,49.9,0,0,1,0,0
2026-01-01T01:28:44Z,leak,LEAK,8507.6,39.46,89.64,-17.75,23.92,9.48,22.96,50.14,0,0,1,0,0
2026-01-01T01:28:45Z,leak,LEAK,8538.3,39.81,90.71,-18.37,24.15,9.62,23.1,50.09,0,0,1,0,0
2026-01-01T01:28:46Z,leak,LEAK,8523.3,39.99,89.95,-17.38,24.13,9.71,23.08,50.02,0,0,1,0,0
2026-01-01T01:28:47Z,leak,LEAK,8520.0,39.84,89.86,-18.6,24.03,9.45,23.39,50.0,0,0,1,0,0
2026-01-01T01:28:48Z,leak,LEAK,8514.1,40.22,91.35,-17.74,23.95,9.62,23.07,49.92,0,0,1,0,0
2026-01-01T01:28:49Z,leak,LEAK,8542.9,40.15,90.51,-18.53,23.94,9.61,23.1,50.06,0,0,1,0,0
2026-01-01T01:28:50Z,leak,LEAK,8517.1,40.19,91.5,-18.37,24.12,9.56,23.1,50.02,0,0,1,0,0
2026-01-01T01:28:51Z,leak,LEAK,8516.1,39.99,89.56,-18.67,23.99,9.58,23.09,49.95,0,0,1,0,0
2026-01-01T01:28:52Z,leak,LEAK,8516.3,40.22,89.75,-18.54,23.81,9.59,23.18,49.98,0,0,1,0,0
2026-01-01T01:28:53Z,leak,LEAK,8514.0,39.89,91.13,-17.92,23.81,9.52,23.07,50.01,0,0,1,0,0
2026-01-01T01:28:54Z,leak,LEAK,8517.4,39.79,89.57,-18.25,24.05,9.71,23.05,50.01,0,0,1,0,0
2026-01-01T01:28:55Z,leak,LEAK,8499.2,40.1,89.99,-17.63,23.92,9.65,23.05,50.04,0,0,1,0,0
2026-01-01T01:28:56Z,leak,LEAK,8538.3,40.08,90.27,-18.39,24.11,9.58,23.19,50.04,0,0,1,0,0
2026-01-01T01:28:57Z,leak,LEAK,8521.0,39.83,90.34,-17.9,24.09,9.63,23.14,50.07,0,0,1,0,0
2026-01-01T01:28:58Z,leak,LEAK,8507.5,40.13,90.06,-17.32,23.92,9.71,22.97,49.9,0,0,1,0,0
2026-01-01T01:28:59Z,leak,LEAK,8508.1,40.21,90.15,-17.76,23.97,9.51,23.07,50.07,0,0,1,0,0
2026-01-01T01:29:00Z,leak,LEAK,8511.2,40.13,90.85,-17.83,23.98,9.64,23.2,50.01,0,0,1,0,0
2026-01-01T01:29:01Z,leak,LEAK,8504.6,40.06,89.66,-18.12,24.1,9.5,23.08,50.05,0,0,1,0,0
2026-01-01T01:29:02Z,leak,LEAK,8514.4,40.22,90.86,-18.28,24.01,9.83,23.18,50.02,0,0,1,0,0
2026-01-01T01:29:03Z,leak,LEAK,8501.2,39.81,90.7,-18.13,24.1,9.66,23.26,49.94,0,0,1,0,0
2026-01-01T01:29:04Z,leak,LEAK,8494.6,40.22,89.0,-17.71,24.01,9.63,23.15,50.07,0,0,1,0,0
2026-01-01T01:29:05Z,leak,LEAK,8518.1,40.0,90.0,-17.75,24.06,9.65,23.11,49.94,0,0,1,0,0
2026-01-01T01:29:06Z,leak,LEAK,8502.6,40.15,89.09,-18.81,23.96,9.71,23.13,49.94,0,0,1,0,0
2026-01-01T01:29:07Z,leak,LEAK,8488.9,39.84,89.69,-17.75,23.99,9.45,23.06,49.99,0,0,1,0,0
2026-01-01T01:29:08Z,leak,LEAK,8493.4,40.04,90.02,-18.6,24.08,9.63,23.29,50.03,0,0,1,0,0
2026-01-01T01:29:09Z,leak,LEAK,8496.7,39.91,90.8,-17.68,24.09,9.46,23.16,49.99,0,0,1,0,0
2026-01-01T01:29:10Z,leak,LEAK,8493.3,40.27,90.44,-17.61,23.89,9.71,23.14,50.0,0,0,1,0,0
2026-01-01T01:29:11Z,leak,LEAK,8525.8,39.64,88.95,-18.23,24.12,9.54,22.92,49.97,0,0,1,0,0
2026-01-01T01:29:12Z,leak,LEAK,8485.5,40.09,89.36,-17.28,24.05,9.63,23.11,50.0,0,0,1,0,0
2026-01-01T01:29:13Z,leak,LEAK,8489.3,40.0,90.22,-18.18,23.85,9.58,23.05,50.09,0,0,1,0,0
2026-01-01T01:29:14Z,leak,LEAK,8508.3,40.21,90.19,-19.5,23.93,9.74,23.24,50.09,0,0,1,0,0
2026-01-01T01:29:15Z,leak,LEAK,8493.5,39.94,90.04,-18.41,23.95,9.71,23.34,49.96,0,0,1,0,0
2026-01-01T01:29:16Z,leak,LEAK,8512.0,39.99,89.19,-17.81,23.89,9.79,23.18,50.03,0,0,1,0,0
2026-01-01T01:29:17Z,leak,LEAK,8495.6,39.88,89.85,-18.0,24.03,9.71,23.03,49.91,0,0,1,0,0
2026-01-01T01:29:18Z,leak,LEAK,8503.0,40.24,90.48,-17.87,24.04,9.41,23.05,50.06,0,0,1,0,0
2026-01-01T01:29:19Z,leak,LEAK,8489.7,40.13,89.98,-18.03,23.85,9.39,23.2,49.87,0,0,1,0,0
2026-01-01T01:29:20Z,leak,LEAK,8493.9,40.31,89.83,-17.88,23.95,9.64,23.25,49.93,0,0,1,0,0
2026-01-01T01:29:21Z,leak,LEAK,8470.5,40.01,89.87,-17.81,23.96,9.4,23.19,50.07,0,0,1,0,0
2026-01-01T01:29:22Z,leak,LEAK,8484.4,39.52,90.1,-18.18,24.05,9.65,23.12,50.04,0,0,1,0,0
2026-01-01T01:29:23Z,leak,LEAK,8502.4,40.09,90.07,-18.42,23.94,9.67,23.1,49.94,0,0,1,0,0
2026-01-01T01:29:24Z,leak,LEAK,8499.3,39.44,89.58,-17.37,24.03,9.65,23.3,50.01,0,0,1,0,0
2026-01-01T01:29:25Z,leak,LEAK,8483.3,39.81,90.08,-18.34,24.02,9.39,23.52,49.96,0,0,1,0,0
2026-01-01T01:29:26Z,leak,LEAK,8483.1,39.99,89.51,-17.54,23.91,9.53,23.25,49.98,0,0,1,0,0
2026-01-01T01:29:27Z,leak,LEAK,8481.5,40.24,90.38,-17.89,23.8,9.52,23.29,50.0,0,0,1,0,0
2026-01-01T01:29:28Z,leak,LEAK,8469.5,40.42,89.42,-17.66,23.97,9.58,23.24,49.94,0,0,1,0,0
2026-01-01T01:29:29Z,leak,LEAK,8491.1,39.82,89.96,-18.41,24.03,9.47,23.42,50.03,0,0,1,0,0
2026-01-01T01:29:30Z,leak,LEAK,8477.5,39.77,90.78,-18.24,24.12,9.42,23.37,50.0,0,0,1,0,0
2026-01-01T01:29:31Z,leak,LEAK,8478.4,39.9,89.86,-18.02,23.99,9.59,23.23,50.1,0,0,1,0,0
2026-01-01T01:29:32Z,leak,LEAK,8474.8,40.07,89.89,-18.08,23.84,9.7,23.19,50.04,0,0,1,0,0
2026-01-01T01:29:33Z,leak,LEAK,8465.6,39.84,89.99,-18.03,23.9,9.67,23.13,50.04,0,0,1,0,0
2026-01-01T01:29:34Z,leak,LEAK,8487.0,39.75,89.77,-18.29,24.03,9.66,23.24,50.01,0,0,1,0,0
2026-01-01T01:29:35Z,leak,LEAK,8462.7,40.18,88.93,-18.45,24.09,9.43,23.06,50.02,0,0,1,0,0
2026-01-01T01:29:36Z,leak,LEAK,8473.6,39.85,89.84,-18.46,24.13,9.67,23.31,49.91,0,0,1,0,0
2026-01-01T01:29:37Z,leak,LEAK,8478.7,39.99,90.71,-17.71,23.95,9.59,23.28,49.97,0,0,1,0,0
2026-01-01T01:29:38Z,leak,LEAK,8458.0,39.9,90.53,-18.42,23.98,9.76,23.31,50.03,0,0,1,0,0
2026-01-01T01:29:39Z,leak,LEAK,8468.6,40.09,89.74,-17.33,24.04,9.67,23.35,50.06,0,0,1,0,0
2026-01-01T01:29:40Z,leak,LEAK,8470.8,39.93,90.1,-17.94,23.78,9.68,23.33,50.06,0,0,1,0,0
2026-01-01T01:29:41Z,leak,LEAK,8477.1,40.25,89.41,-17.38,24.07,9.49,23.25,49.96,0,0,1,0,0
2026-01-01T01:29:42Z,leak,LEAK,8469.1,40.12,89.54,-17.56,23.92,9.51,23.15,50.04,0,0,1,0,0
2026-01-01T01:29:43Z,leak,LEAK,8479.6,39.81,89.62,-17.19,24.03,9.52,23.37,49.96,0,0,1,0,0
2026-01-01T01:29:44Z,leak,LEAK,8485.9,39.92,90.11,-18.41,24.06,9.57,23.35,50.02,0,0,1,0,0
2026-01-01T01:29:45Z,leak,LEAK,8465.3,40.0,89.07,-17.85,23.83,9.73,23.28,50.02,0,0,1,0,0
2026-01-01T01:29:46Z,leak,LEAK,8458.2,40.01,90.67,-17.08,23.83,9.69,23.3,50.02,0,0,1,0,0
2026-01-01T01:29:47Z,leak,LEAK,8463.1,39.56,89.81,-17.7,24.05,9.67,23.18,49.96,0,0,1,0,0
2026-01-01T01:29:48Z,leak,LEAK,8452.0,40.04,89.09,-17.82,23.99,9.45,23.33,50.06,0,0,1,0,0
2026-01-01T01:29:49Z,leak,LEAK,8471.6,40.08,89.44,-18.17,24.24,9.59,23.33,49.97,0,0,1,0,0
2026-01-01T01:29:50Z,leak,LEAK,8460.2,39.92,88.53,-18.0,24.03,9.65,23.12,50.14,0,0,1,0,0
2026-01-01T01:29:51Z,leak,LEAK,8451.4,40.15,90.32,-17.89,23.94,9.38,23.31,49.99,0,0,1,0,0
2026-01-01T01:29:52Z,leak,LEAK,8458.2,39.91,89.62,-17.81,23.91,9.81,23.42,50.14,0,0,1,0,0
2026-01-01T01:29:53Z,leak,LEAK,8458.1,40.19,89.54,-17.96,23.93,9.48,23.33,50.08,0,0,1,0,0
2026-01-01T01:29:54Z,leak,LEAK,8470.1,39.83,89.4,-17.67,24.13,9.52,23.26,49.98,0,0,1,0,0
2026-01-01T01:29:55Z,leak,LEAK,8449.5,39.83,90.49,-17.26,24.08,9.5,23.39,49.9,0,0,1,0,0
2026-01-01T01:29:56Z,leak,LEAK,8460.0,39.9,89.03,-18.08,24.09,9.57,23.2,49.94,0,0,1,0,0
2026-01-01T01:29:57Z,leak,LEAK,8459.4,39.74,89.15,-17.29,23.85,9.52,23.26,50.05,0,0,1,0,0
2026-01-01T01:29:58Z,leak,LEAK,8450.6,39.97,89.5,-18.3,24.04,9.49,23.35,50.08,0,0,1,0,0
2026-01-01T01:29:59Z,leak,LEAK,8452.2,39.97,88.95,-17.93,24.03,9.57,23.16,50.04,0,0,1,0,0
2026-01-01T01:30:00Z,leak,LEAK,8443.6,40.0,89.41,-18.37,23.97,9.44,23.4,50.06,0,0,1,0,0
2026-01-01T01:30:01Z,leak,LEAK,8450.2,40.15,89.09,-17.46,24.02,9.58,23.27,49.96,0,0,1,0,0
2026-01-01T01:30:02Z,leak,LEAK,8462.8,40.29,88.42,-17.69,24.0,9.6,23.42,50.08,0,0,1,0,0
2026-01-01T01:30:03Z,leak,LEAK,8445.2,39.83,89.79,-18.7,23.99,9.74,23.39,49.92,0,0,1,0,0
2026-01-01T01:30:04Z,leak,LEAK,8464.0,40.13,88.99,-17.4,24.04,9.68,23.44,50.02,0,0,1,0,0
2026-01-01T01:30:05Z,leak,LEAK,8438.9,40.11,89.46,-18.09,23.92,9.5,23.34,50.02,0,0,1,0,0
2026-01-01T01:30:06Z,leak,LEAK,8442.9,40.19,89.15,-17.96,23.93,9.64,23.45,49.92,0,0,1,0,0
2026-01-01T01:30:07Z,leak,LEAK,8443.0,40.12,89.49,-18.11,23.92,9.78,23.35,49.97,0,0,1,0,0
2026-01-01T01:30:08Z,leak,LEAK,8442.1,40.04,89.92,-18.03,24.14,9.65,23.49,49.95,0,0,1,0,0
2026-01-01T01:30:09Z,leak,LEAK,8450.0,39.8,88.9,-17.13,23.98,9.54,23.46,50.05,0,0,1,0,0
2026-01-01T01:30:10Z,leak,LEAK,8433.7,40.33,89.16,-17.8,24.12,9.53,23.44,49.97,0,0,1,0,0
2026-01-01T01:30:11Z,leak,LEAK,8439.1,39.52,89.47,-18.32,24.06,9.6,23.43,49.96,0,0,1,0,0
2026-01-01T01:30:12Z,leak,LEAK,8434.9,39.92,89.3,-18.05,23.87,9.65,23.31,50.03,0,0,1,0,0
2026-01-01T01:30:13Z,leak,LEAK,8427.1,39.99,89.55,-18.1,24.16,9.58,23.33,50.01,0,0,1,0,0
2026-01-01T01:30:14Z,leak,LEAK,8444.0,40.02,89.71,-17.94,24.26,9.6,23.36,50.0,0,0,1,0,0
2026-01-01T01:30:15Z,leak,LEAK,8428.4,40.18,89.66,-18.08,23.99,9.49,23.35,49.93,0,0,1,0,0
2026-01-01T01:30:16Z,leak,LEAK,8446.3,40.02,89.58,-17.93,24.16,9.57,23.24,50.03,0,0,1,0,0
2026-01-01T01:30:17Z,leak,LEAK,8431.7,39.7,89.8,-19.05,24.01,9.62,23.33,49.99,0,0,1,0,0
2026-01-01T01:30:18Z,leak,LEAK,8434.8,39.8,89.78,-17.86,24.02,9.63,23.58,50.02,0,0,1,0,0
2026-01-01T01:30:19Z,leak,LEAK,8433.7,39.87,89.86,-17.92,24.02,9.53,23.32,50.05,0,0,1,0,0
2026-01-01T01:30:20Z,leak,LEAK,8427.2,40.05,89.33,-17.94,23.76,9.71,23.37,50.02,0,0,1,0,0
2026-01-01T01:30:21Z,leak,LEAK,8443.9,40.16,89.28,-17.84,23.89,9.67,23.52,50.05,0,0,1,0,0
2026-01-01T01:30:22Z,leak,LEAK,8444.4,39.91,89.31,-18.17,24.02,9.48,23.6,50.09,0,0,1,0,0
2026-01-01T01:30:23Z,leak,LEAK,8436.3,40.06,89.29,-18.3,23.97,9.41,23.41,50.08,0,0,1,0,0
2026-01-01T01:30:24Z,leak,LEAK,8426.8,39.9,89.59,-17.95,24.16,9.4,23.49,50.0,0,0,1,0,0
2026-01-01T01:30:25Z,leak,LEAK,8428.1,39.78,89.79,-18.15,24.11,9.71,23.3,50.0,0,0,1,0,0
2026-01-01T01:30:26Z,leak,LEAK,8436.2,40.05,88.94,-17.83,24.14,9.63,23.36,50.09,0,0,1,0,0
2026-01-01T01:30:27Z,leak,LEAK,8430.3,39.83,89.94,-17.92,23.99,9.57,23.31,49.95,0,0,1,0,0
2026-01-01T01:30:28Z,leak,LEAK,8441.6,40.25,89.37,-17.64,24.14,9.64,23.55,49.97,0,0,1,0,0
2026-01-01T01:30:29Z,leak,LEAK,8421.7,39.78,89.51,-18.93,23.96,9.58,23.46,49.91,0,0,1,0,0
2026-01-01T01:30:30Z,leak,LEAK,8428.7,39.95,88.69,-18.43,24.14,9.72,23.51,49.96,0,0,1,0,0
2026-01-01T01:30:31Z,leak,LEAK,8419.2,39.38,88.68,-18.38,24.08,9.48,23.34,49.99,0,0,1,0,0
2026-01-01T01:30:32Z,leak,LEAK,8440.1,39.81,88.96,-17.43,24.11,9.52,23.47,49.96,0,0,1,0,0
2026-01-01T01:30:33Z,leak,LEAK,8431.9,40.29,89.41,-18.26,23.87,9.66,23.33,50.01,0,0,1,0,0
2026-01-01T01:30:34Z,leak,LEAK,8422.2,39.73,89.86,-18.76,24.1,9.52,23.48,49.99,0,0,1,0,0
2026-01-01T01:30:35Z,leak,LEAK,8440.4,40.15,88.53,-18.32,23.96,9.49,23.49,49.97,0,0,1,0,0
2026-01-01T01:30:36Z,leak,LEAK,8423.3,39.77,88.66,-17.99,23.94,9.51,23.45,50.0,0,0,1,0,0
2026-01-01T01:30:37Z,leak,LEAK,8439.0,40.01,90.1,-17.05,23.82,9.6,23.44,49.98,0,0,1,0,0
2026-01-01T01:30:38Z,leak,LEAK,8416.0,39.61,89.56,-17.21,24.11,9.6,23.53,50.06,0,0,1,0,0
2026-01-01T01:30:39Z,leak,LEAK,8414.1,39.69,88.54,-17.38,23.95,9.64,23.64,50.05,0,0,1,0,0
2026-01-01T01:30:40Z,leak,LEAK,8433.4,39.87,90.03,-18.17,23.96,9.51,23.54,49.96,0,0,1,0,0
2026-01-01T01:30:41Z,leak,LEAK,8430.7,39.83,90.03,-18.93,23.96,9.62,23.71,50.07,0,0,1,0,0
2026-01-01T01:30:42Z,leak,LEAK,8420.1,40.0,89.23,-17.88,23.87,9.54,23.31,49.83,0,0,1,0,0
2026-01-01T01:30:43Z,leak,LEAK,8411.1,40.15,89.22,-18.1,23.93,9.59,23.52,49.97,0,0,1,0,0
2026-01-01T01:30:44Z,leak,LEAK,8406.9,39.86,88.93,-17.59,23.96,9.46,23.49,50.0,0,0,1,0,0
2026-01-01T01:30:45Z,leak,LEAK,8416.9,39.82,89.09,-18.02,24.18,9.64,23.63,50.02,0,0,1,0,0
2026-01-01T01:30:46Z,leak,LEAK,8415.4,39.98,88.97,-18.23,24.15,9.65,23.52,49.91,0,0,1,0,0
2026-01-01T01:30:47Z,leak,LEAK,8401.4,40.44,88.82,-17.61,23.95,9.77,23.37,49.96,0,0,1,0,0
2026-01-01T01:30:48Z,leak,LEAK,8420.1,39.62,89.15,-17.48,23.92,9.66,23.47,49.94,0,0,1,0,0
2026-01-01T01:30:49Z,leak,LEAK,8416.7,39.73,89.7,-18.11,24.04,9.63,23.49,49.98,0,0,1,0,0
2026-01-01T01:30:50Z,leak,LEAK,8423.0,39.9,89.42,-18.24,23.92,9.6,23.58,50.0,0,0,1,0,0
2026-01-01T01:30:51Z,leak,LEAK,8425.8,39.93,88.99,-17.07,23.91,9.35,23.54,49.95,0,0,1,0,0
2026-01-01T01:30:52Z,leak,LEAK,8413.9,40.04,88.9,-18.7,24.06,9.62,23.39,50.0,0,0,1,0,0
2026-01-01T01:30:53Z,leak,LEAK,8420.9,40.39,88.88,-17.53,23.91,9.48,23.58,50.02,0,0,1,0,0
2026-01-01T01:30:54Z,leak,LEAK,8407.0,40.29,89.15,-17.36,24.06,9.61,23.48,49.98,0,0,1,0,0
2026-01-01T01:30:55Z,leak,LEAK,8400.8,40.01,88.7,-17.83,23.8,9.75,23.65,49.93,0,0,1,0,0
2026-01-01T01:30:56Z,leak,LEAK,8411.2,40.07,88.98,-17.65,23.91,9.34,23.52,50.07,0,0,1,0,0
2026-01-01T01:30:57Z,leak,LEAK,8412.8,40.01,89.26,-17.9,23.84,9.55,23.54,49.97,0,0,1,0,0
2026-01-01T01:30:58Z,leak,LEAK,8393.0,39.9,89.4,-17.75,24.12,9.76,23.37,50.0,0,0,1,0,0
2026-01-01T01:30:59Z,leak,LEAK,8411.4,40.09,89.12,-18.07,23.99,9.58,23.45,50.01,0,0,1,0,0
2026-01-01T01:31:00Z,leak,LEAK,8393.2,39.95,88.48,-17.17,23.9,9.68,23.47,50.0,0,0,1,0,0
2026-01-01T01:31:01Z,leak,LEAK,8402.6,40.39,89.44,-17.89,23.86,9.51,23.52,49.9,0,0,1,0,0
2026-01-01T01:31:02Z,leak,LEAK,8408.1,39.79,88.94,-18.21,24.05,9.7,23.64,49.95,0,0,1,0,0
2026-01-01T01:31:03Z,leak,LEAK,8408.1,40.02,89.01,-17.28,24.02,9.58,23.58,49.99,0,0,1,0,0
2026-01-01T01:31:04Z,leak,LEAK,8416.5,39.8,88.8,-17.16,23.94,9.67,23.61,50.02,0,0,1,0,0
2026-01-01T01:31:05Z,leak,LEAK,8400.4,39.97,88.2,-18.23,24.17,9.48,23.44,49.92,0,0,1,0,0
2026-01-01T01:31:06Z,leak,LEAK,8417.3,39.76,88.7,-17.88,24.05,9.73,23.62,50.01,0,0,1,0,0
2026-01-01T01:31:07Z,leak,LEAK,8409.1,40.17,88.88,-17.92,23.95,9.53,23.63,50.08,0,0,1,0,0
2026-01-01T01:31:08Z,leak,LEAK,8410.2,40.3,88.73,-17.87,24.02,9.46,23.47,49.93,0,0,1,0,0
2026-01-01T01:31:09Z,leak,LEAK,8396.7,39.98,89.2,-17.19,23.91,9.53,23.61,49.98,0,0,1,0,0
2026-01-01T01:31:10Z,leak,LEAK,8403.9,39.72,89.34,-17.41,24.08,9.61,23.5,49.96,0,0,1,0,0
2026-01-01T01:31:11Z,leak,LEAK,8389.4,39.92,89.24,-17.72,23.8,9.74,23.65,50.01,0,0,1,0,0
2026-01-01T01:31:12Z,leak,LEAK,8431.5,39.93,89.75,-17.41,23.84,9.61,23.72,49.9,0,0,1,0,0
2026-01-01T01:31:13Z,leak,LEAK,8402.4,40.05,88.28,-17.27,24.08,9.52,23.54,49.96,0,0,1,0,0
2026-01-01T01:31:14Z,leak,LEAK,8410.4,40.15,88.95,-18.97,23.97,9.64,23.52,49.97,0,0,1,0,0
2026-01-01T01:31:15Z,leak,LEAK,8398.0,40.27,89.65,-18.35,23.97,9.68,23.56,50.07,0,0,1,0,0
2026-01-01T01:31:16Z,leak,LEAK,8414.4,39.83,89.39,-17.03,24.02,9.67,23.94,49.98,0,0,1,0,0
2026-01-01T01:31:17Z,leak,LEAK,8403.1,39.97,89.31,-17.74,23.92,9.54,23.78,50.02,0,0,1,0,0
2026-01-01T01:31:18Z,leak,LEAK,8397.1,40.1,89.14,-17.25,23.98,9.53,23.78,50.03,0,0,1,0,0
2026-01-01T01:31:19Z,leak,LEAK,8407.7,40.22,88.36,-17.86,24.14,9.59,23.7,49.93,0,0,1,0,0
2026-01-01T01:31:20Z,leak,LEAK,8400.0,39.77,89.2,-18.07,24.15,9.66,23.62,49.97,0,0,1,0,0
2026-01-01T01:31:21Z,leak,LEAK,8426.1,39.89,88.94,-17.57,24.05,9.71,23.55,49.96,0,0,1,0,0
2026-01-01T01:31:22Z,leak,LEAK,8403.4,40.16,89.3,-17.82,24.02,9.47,23.79,50.05,0,0,1,0,0
2026-01-01T01:31:23Z,leak,LEAK,8403.5,39.69,89.29,-17.63,23.79,9.66,23.71,50.09,0,0,1,0,0
2026-01-01T01:31:24Z,leak,LEAK,8409.4,40.04,88.54,-17.41,23.89,9.45,23.58,50.02,0,0,1,0,0
2026-01-01T01:31:25Z,leak,LEAK,8394.3,40.06,89.87,-18.0,24.06,9.75,23.47,50.01,0,0,1,0,0
2026-01-01T01:31:26Z,leak,LEAK,8388.8,39.68,88.87,-17.88,24.04,9.79,23.78,50.17,0,0,1,0,0
2026-01-01T01:31:27Z,leak,LEAK,8408.1,40.05,88.99,-17.59,24.17,9.59,23.79,50.03,0,0,1,0,0
2026-01-01T01:31:28Z,leak,LEAK,8404.5,40.27,88.27,-17.7,23.92,9.51,23.72,49.91,0,0,1,0,0
2026-01-01T01:31:29Z,leak,LEAK,8410.6,40.26,88.69,-18.42,23.96,9.59,23.55,49.99,0,0,1,0,0
2026-01-01T01:31:30Z,leak,LEAK,8394.9,39.7,88.81,-17.97,23.94,9.65,23.73,49.99,0,0,1,0,0
2026-01-01T01:31:31Z,leak,LEAK,8394.0,40.01,89.4,-17.75,24.16,9.63,23.87,50.03,0,0,1,0,0
2026-01-01T01:31:32Z,leak,LEAK,8407.3,40.17,88.64,-18.02,24.05,9.53,23.54,49.93,0,0,1,0,0
2026-01-01T01:31:33Z,leak,LEAK,8406.6,39.81,88.98,-17.09,23.89,9.56,23.67,50.03,0,0,1,0,0
2026-01-01T01:31:34Z,leak,LEAK,8406.9,40.13,89.82,-18.01,23.99,9.65,23.76,50.04,0,0,1,0,0
2026-01-01T01:31:35Z,leak,LEAK,8413.7,39.76,88.12,-18.17,23.92,9.65,23.8,49.92,0,0,1,0,0
2026-01-01T01:31:36Z,leak,LEAK,8407.2,39.97,89.1,-17.27,23.9,9.61,23.58,50.02,0,0,1,0,0
2026-01-01T01:31:37Z,leak,LEAK,8390.8,40.31,89.83,-17.92,23.77,9.47,23.76,49.87,0,0,1,0,0
2026-01-01T01:31:38Z,leak,LEAK,8401.0,40.22,88.64,-18.31,23.93,9.65,23.81,49.99,0,0,1,0,0
2026-01-01T01:31:39Z,leak,LEAK,8413.3,40.08,88.55,-17.83,24.09,9.52,23.66,50.04,0,0,1,0,0
2026-01-01T01:31:40Z,leak,LEAK,8399.0,39.87,88.51,-18.73,24.01,9.59,23.91,49.97,0,0,1,0,0
2026-01-01T01:31:41Z,leak,LEAK,8383.7,40.07,89.17,-18.21,23.92,9.63,23.78,50.06,0,0,1,0,0
2026-01-01T01:31:42Z,leak,LEAK,8405.2,39.94,89.34,-18.4,24.06,9.52,23.75,49.97,0,0,1,0,0
2026-01-01T01:31:43Z,leak,LEAK,8392.1,39.76,88.95,-17.89,24.06,9.48,23.67,49.91,0,0,1,0,0
2026-01-01T01:31:44Z,leak,LEAK,8401.0,40.17,88.83,-17.04,24.01,9.57,23.54,49.89,0,0,1,0,0
2026-01-01T01:31:45Z,leak,LEAK,8399.2,40.42,89.0,-18.42,23.89,9.66,23.73,49.9,0,0,1,0,0
2026-01-01T01:31:46Z,leak,LEAK,8382.1,39.66,88.85,-18.12,23.98,9.5,23.94,49.94,0,0,1,0,0
2026-01-01T01:31:47Z,leak,LEAK,8406.2,39.95,89.23,-17.54,23.95,9.61,23.69,50.02,0,0,1,0,0
2026-01-01T01:31:48Z,leak,LEAK,8376.7,40.06,89.86,-17.47,24.15,9.74,23.89,50.07,0,0,1,0,0
2026-01-01T01:31:49Z,leak,LEAK,8406.0,40.45,89.16,-18.3,23.88,9.58,23.83,50.0,0,0,1,0,0
2026-01-01T01:31:50Z,leak,LEAK,8396.1,39.89,89.63,-17.65,24.08,9.67,23.92,49.94,0,0,1,0,0
2026-01-01T01:31:51Z,leak,LEAK,8392.9,40.08,88.72,-18.45,23.98,9.48,23.68,49.96,0,0,1,0,0
2026-01-01T01:31:52Z,leak,LEAK,8378.2,40.06,89.33,-17.28,23.94,9.6,23.56,50.03,0,0,1,0,0
2026-01-01T01:31:53Z,leak,LEAK,8397.1,39.92,88.22,-17.97,24.1,9.52,23.56,50.05,0,0,1,0,0
2026-01-01T01:31:54Z,leak,LEAK,8391.1,40.05,88.28,-17.75,23.87,9.58,23.78,50.01,0,0,1,0,0
2026-01-01T01:31:55Z,leak,LEAK,8391.5,40.05,89.54,-16.89,24.13,9.6,24.17,50.06,0,0,1,0,0
2026-01-01T01:31:56Z,leak,LEAK,8402.3,39.87,88.97,-18.35,23.93,9.63,23.81,50.16,0,0,1,0,0
2026-01-01T01:31:57Z,leak,LEAK,8380.9,40.06,89.0,-19.29,23.95,9.67,24.05,49.99,0,0,1,0,0
2026-01-01T01:31:58Z,leak,LEAK,8413.2,39.92,89.16,-18.4,23.84,9.66,23.96,49.99,0,0,1,0,0
2026-01-01T01:31:59Z,leak,LEAK,8412.1,40.04,88.17,-19.12,23.85,9.48,23.9,50.02,0,0,1,0,0
2026-01-01T01:32:00Z,leak,LEAK,8413.7,39.65,88.84,-17.64,24.03,9.7,23.84,50.04,0,0,1,0,0
2026-01-01T01:32:01Z,leak,LEAK,8421.1,39.97,89.32,-18.09,23.94,9.45,23.86,49.97,0,0,1,0,0
2026-01-01T01:32:02Z,leak,LEAK,8401.3,39.95,89.6,-16.97,23.96,9.5,23.89,49.93,0,0,1,0,0
2026-01-01T01:32:03Z,leak,LEAK,8398.3,40.26,88.19,-18.6,24.01,9.43,23.81,50.01,0,0,1,0,0
2026-01-01T01:32:04Z,leak,LEAK,8398.6,39.78,88.56,-17.53,23.99,9.51,23.9,50.01,0,0,1,0,0
2026-01-01T01:32:05Z,leak,LEAK,8416.6,39.79,89.04,-17.58,23.83,9.74,23.93,50.05,0,0,1,0,0
2026-01-01T01:32:06Z,leak,LEAK,8390.5,40.04,88.4,-19.32,24.01,9.72,23.91,50.07,0,0,1,0,0
2026-01-01T01:32:07Z,leak,LEAK,8416.6,39.5,88.79,-17.6,23.82,9.5,24.01,50.01,0,0,1,0,0
2026-01-01T01:32:08Z,leak,LEAK,8418.7,39.91,89.17,-18.97,24.01,9.47,23.85,49.96,0,0,1,0,0
2026-01-01T01:32:09Z,leak,LEAK,8402.4,39.96,89.95,-16.8,23.96,9.73,24.03,49.94,0,0,1,0,0
2026-01-01T01:32:10Z,leak,LEAK,8419.0,40.2,88.92,-17.61,24.04,9.76,23.9,49.99,0,0,1,0,0
2026-01-01T01:32:11Z,leak,LEAK,8394.1,39.86,89.1,-18.1,23.94,9.57,23.72,50.01,0,0,1,0,0
2026-01-01T01:32:12Z,leak,LEAK,8422.8,40.26,89.03,-17.72,23.9,9.54,23.77,49.95,0,0,1,0,0
2026-01-01T01:32:13Z,leak,LEAK,8388.2,39.79,89.43,-17.88,24.15,9.6,23.99,49.87,0,0,1,0,0
2026-01-01T01:32:14Z,leak,LEAK,8387.0,39.67,88.44,-17.97,23.73,9.72,24.07,50.03,0,0,1,0,0
2026-01-01T01:32:15Z,leak,LEAK,8402.4,40.03,89.0,-17.57,24.02,9.59,24.01,49.97,0,0,1,0,0
2026-01-01T01:32:16Z,leak,LEAK,8412.6,39.98,88.89,-17.96,24.06,9.44,24.1,50.07,0,0,1,0,0
2026-01-01T01:32:17Z,leak,LEAK,8401.6,40.44,88.01,-17.44,23.93,9.6,24.13,50.06,0,0,1,0,0
2026-01-01T01:32:18Z,leak,LEAK,8426.6,40.4,88.93,-17.55,23.9,9.49,23.87,49.95,0,0,1,0,0
2026-01-01T01:32:19Z,leak,LEAK,8406.2,39.77,88.96,-18.24,23.78,9.81,24.11,49.94,0,0,1,0,0
2026-01-01T01:32:20Z,leak,LEAK,8425.0,40.12,89.02,-17.59,23.9,9.61,24.1,49.98,0,0,1,0,0
2026-01-01T01:32:21Z,leak,LEAK,8425.3,40.04,88.54,-17.52,23.93,9.58,23.81,50.06,0,0,1,0,0
2026-01-01T01:32:22Z,leak,LEAK,8427.5,39.97,89.51,-18.04,23.95,9.59,24.17,50.05,0,0,1,0,0
2026-01-01T01:32:23Z,leak,LEAK,8410.1,39.88,88.98,-18.1,23.95,9.65,23.95,50.07,0,0,1,0,0
2026-01-01T01:32:24Z,leak,LEAK,8421.8,39.97,89.45,-18.36,24.01,9.61,23.98,49.99,0,0,1,0,0
2026-01-01T01:32:25Z,leak,LEAK,8412.6,40.09,89.21,-17.33,24.02,9.6,24.04,50.09,0,0,1,0,0
2026-01-01T01:32:26Z,leak,LEAK,8402.1,40.18,89.2,-17.62,24.13,9.59,24.0,49.94,0,0,1,0,0
2026-01-01T01:32:27Z,leak,LEAK,8426.5,39.92,88.03,-18.25,23.96,9.73,24.12,50.01,0,0,1,0,0
2026-01-01T01:32:28Z,leak,LEAK,8394.1,39.9,88.38,-16.73,24.08,9.66,24.02,49.97,0,0,1,0,0
2026-01-01T01:32:29Z,leak,LEAK,8405.3,40.38,89.56,-18.45,23.83,9.65,24.11,49.99,0,0,1,0,0
2026-01-01T01:32:30Z,leak,LEAK,8422.1,40.14,89.1,-17.68,24.0,9.6,23.86,49.99,0,0,1,0,0
2026-01-01T01:32:31Z,leak,LEAK,8419.0,40.09,89.09,-18.58,23.95,9.47,24.0,49.96,0,0,1,0,0
2026-01-01T01:32:32Z,leak,LEAK,8421.1,40.1,89.39,-18.65,24.06,9.52,24.07,49.99,0,0,1,0,0
2026-01-01T01:32:33Z,leak,LEAK,8408.7,39.88,88.98,-17.33,24.17,9.64,24.0,49.94,0,0,1,0,0
2026-01-01T01:32:34Z,leak,LEAK,8420.2,39.99,89.56,-18.33,23.92,9.51,24.09,49.93,0,0,1,0,0
2026-01-01T01:32:35Z,leak,LEAK,8417.1,39.77,89.07,-17.9,23.94,9.62,24.09,50.01,0,0,1,0,0
2026-01-01T01:32:36Z,leak,LEAK,8429.6,39.93,88.43,-17.61,23.97,9.69,24.03,49.95,0,0,1,0,0
2026-01-01T01:32:37Z,leak,LEAK,8388.7,39.94,89.32,-17.85,24.16,9.57,23.99,50.06,0,0,1,0,0
2026-01-01T01:32:38Z,leak,LEAK,8414.7,39.98,89.22,-17.93,24.13,9.69,24.07,49.98,0,0,1,0,0
2026-01-01T01:32:39Z,leak,LEAK,8414.2,39.99,89.64,-18.12,23.9,9.73,24.24,50.06,0,0,1,0,0
2026-01-01T01:32:40Z,leak,LEAK,8419.5,39.98,89.19,-17.64,24.01,9.59,24.08,49.96,0,0,1,0,0
2026-01-01T01:32:41Z,leak,LEAK,8410.7,40.16,89.64,-18.52,23.93,9.66,24.07,50.02,0,0,1,0,0
2026-01-01T01:32:42Z,leak,LEAK,8412.5,40.47,88.65,-18.68,23.94,9.45,24.0,49.98,0,0,1,0,0
2026-01-01T01:32:43Z,leak,LEAK,8433.5,40.15,88.51,-18.48,24.04,9.64,24.11,50.06,0,0,1,0,0
2026-01-01T01:32:44Z,leak,LEAK,8411.9,40.04,89.39,-18.28,24.06,9.59,24.12,49.99,0,0,1,0,0
2026-01-01T01:32:45Z,leak,LEAK,8409.2,40.1,89.13,-19.16,23.97,9.62,24.25,50.06,0,0,1,0,0
2026-01-01T01:32:46Z,leak,LEAK,8403.9,40.16,89.02,-17.8,23.96,9.46,24.16,50.0,0,0,1,0,0
2026-01-01T01:32:47Z,leak,LEAK,8416.2,39.86,89.0,-18.24,23.82,9.65,24.08,50.04,0,0,1,0,0
2026-01-01T01:32:48Z,leak,LEAK,8433.0,39.98,89.36,-18.18,23.86,9.56,24.2,50.0,0,0,1,0,0
2026-01-01T01:32:49Z,leak,LEAK,8414.5,40.0,89.12,-17.59,24.05,9.56,23.98,50.0,0,0,1,0,0
2026-01-01T01:32:50Z,leak,LEAK,8418.5,40.27,90.43,-17.52,23.67,9.57,24.13,49.91,0,0,1,0,0
2026-01-01T01:32:51Z,leak,LEAK,8436.4,40.03,88.64,-17.49,24.13,9.51,24.14,50.06,0,0,1,0,0
2026-01-01T01:32:52Z,leak,LEAK,8432.3,40.1,88.75,-17.73,23.94,9.62,24.28,50.01,0,0,1,0,0
2026-01-01T01:32:53Z,leak,LEAK,8424.8,40.15,90.22,-18.57,24.05,9.52,24.39,50.06,0,0,1,0,0
2026-01-01T01:32:54Z,leak,LEAK,8415.6,40.18,89.53,-18.44,24.11,9.43,24.11,50.03,0,0,1,0,0
2026-01-01T01:32:55Z,leak,LEAK,8410.0,39.91,88.95,-18.87,24.05,9.69,24.18,50.04,0,0,1,0,0
2026-01-01T01:32:56Z,leak,LEAK,8430.8,40.18,89.43,-17.69,23.99,9.72,24.32,49.97,0,0,1,0,0
2026-01-01T01:32:57Z,leak,LEAK,8420.8,39.97,89.69,-17.1,23.89,9.5,24.13,50.01,0,0,1,0,0
2026-01-01T01:32:58Z,leak,LEAK,8422.8,40.09,88.67,-18.64,24.05,9.67,24.14,50.05,0,0,1,0,0
2026-01-01T01:32:59Z,leak,LEAK,8426.0,39.41,89.17,-17.59,24.19,9.55,24.27,50.04,0,0,1,0,0
2026-01-01T01:33:00Z,leak,LEAK,8429.3,40.03,89.79,-17.26,24.0,9.62,24.24,50.01,0,0,1,0,0
2026-01-01T01:33:01Z,leak,LEAK,8409.8,40.17,89.33,-17.63,23.89,9.62,24.15,49.93,0,0,1,0,0
2026-01-01T01:33:02Z,leak,LEAK,8436.7,39.96,88.82,-18.59,23.99,9.39,24.24,50.0,0,0,1,0,0
2026-01-01T01:33:03Z,leak,LEAK,8422.4,39.82,89.14,-18.64,23.81,9.74,24.1,50.01,0,0,1,0,0
2026-01-01T01:33:04Z,leak,LEAK,8451.7,39.9,89.03,-18.44,23.95,9.51,24.24,49.98,0,0,1,0,0
2026-01-01T01:33:05Z,leak,LEAK,8429.8,40.03,88.69,-17.83,23.97,9.74,24.09,50.02,0,0,1,0,0
2026-01-01T01:33:06Z,leak,LEAK,8428.4,39.87,88.65,-18.23,24.1,9.56,24.36,49.96,0,0,1,0,0
2026-01-01T01:33:07Z,leak,LEAK,8429.0,40.17,88.73,-18.73,23.97,9.56,24.3,50.02,0,0,1,0,0
2026-01-01T01:33:08Z,leak,LEAK,8442.0,39.69,89.74,-19.24,23.99,9.54,24.35,49.99,0,0,1,0,0
2026-01-01T01:33:09Z,leak,LEAK,8425.8,39.94,88.57,-18.88,24.03,9.72,24.29,49.97,0,0,1,0,0
2026-01-01T01:33:10Z,leak,LEAK,8449.2,40.27,89.73,-18.16,23.83,9.71,24.35,49.96,0,0,1,0,0
2026-01-01T01:33:11Z,leak,LEAK,8424.1,39.6,88.74,-17.7,23.95,9.6,24.46,50.0,0,0,1,0,0
2026-01-01T01:33:12Z,leak,LEAK,8415.8,39.79,89.31,-18.24,23.78,9.61,24.38,50.05,0,0,1,0,0
2026-01-01T01:33:13Z,leak,LEAK,8445.2,39.88,89.04,-17.57,24.09,9.55,24.33,50.04,0,0,1,0,0
2026-01-01T01:33:14Z,leak,LEAK,8441.0,40.39,89.19,-18.42,24.04,9.48,24.45,49.99,0,0,1,0,0
2026-01-01T01:33:15Z,leak,LEAK,8435.6,39.61,88.4,-17.7,23.88,9.63,24.29,50.01,0,0,1,0,0
2026-01-01T01:33:16Z,leak,LEAK,8433.0,39.84,89.03,-18.66,24.25,9.71,24.38,49.95,0,0,1,0,0
2026-01-01T01:33:17Z,leak,LEAK,8432.8,39.88,90.03,-17.7,24.08,9.45,24.27,49.98,0,0,1,0,0
2026-01-01T01:33:18Z,leak,LEAK,8436.6,40.14,89.02,-18.21,23.81,9.76,24.29,50.06,0,0,1,0,0
2026-01-01T01:33:19Z,leak,LEAK,8411.4,40.43,89.05,-17.94,23.9,9.58,24.17,49.99,0,0,1,0,0
2026-01-01T01:33:20Z,leak,LEAK,8437.7,39.72,89.15,-17.48,23.98,9.7,24.49,49.99,0,0,1,0,0
2026-01-01T01:33:21Z,leak,LEAK,8437.8,40.07,89.92,-18.47,24.01,9.74,24.44,50.04,0,0,1,0,0
2026-01-01T01:33:22Z,leak,LEAK,8446.3,39.77,89.08,-17.47,24.03,9.56,24.37,50.04,0,0,1,0,0
2026-01-01T01:33:23Z,leak,LEAK,8429.0,39.71,88.89,-17.41,23.88,9.52,24.46,50.01,0,0,1,0,0
2026-01-01T01:33:24Z,leak,LEAK,8444.7,39.93,89.9,-18.44,24.07,9.48,24.17,50.09,0,0,1,0,0
2026-01-01T01:33:25Z,leak,LEAK,8446.7,40.01,89.11,-17.98,24.04,9.58,24.11,50.02,0,0,1,0,0
2026-01-01T01:33:26Z,leak,LEAK,8441.5,39.95,89.63,-17.36,23.93,9.69,24.39,50.01,0,0,1,0,0
2026-01-01T01:33:27Z,leak,LEAK,8434.7,40.26,89.61,-18.15,24.03,9.56,24.24,50.01,0,0,1,0,0
2026-01-01T01:33:28Z,leak,LEAK,8441.9,40.14,89.82,-18.24,24.14,9.51,24.38,49.97,0,0,1,0,0
2026-01-01T01:33:29Z,leak,LEAK,8443.9,40.22,89.57,-17.78,24.01,9.63,24.48,50.02,0,0,1,0,0
2026-01-01T01:33:30Z,leak,LEAK,8457.4,39.88,88.91,-17.87,24.02,9.63,24.47,49.93,0,0,1,0,0
2026-01-01T01:33:31Z,leak,LEAK,8447.9,39.76,88.78,-17.66,23.93,9.62,24.41,50.01,0,0,1,0,0
2026-01-01T01:33:32Z,leak,LEAK,8423.1,39.73,90.2,-18.13,23.91,9.73,24.47,50.0,0,0,1,0,0
2026-01-01T01:33:33Z,leak,LEAK,8455.7,40.17,90.22,-17.99,24.2,9.65,24.31,50.05,0,0,1,0,0
2026-01-01T01:33:34Z,leak,LEAK,8444.5,39.7,89.1,-17.46,24.0,9.75,24.49,50.04,0,0,1,0,0
2026-01-01T01:33:35Z,leak,LEAK,8446.4,39.92,90.08,-17.5,24.06,9.43,24.42,49.99,0,0,1,0,0
2026-01-01T01:33:36Z,leak,LEAK,8443.6,39.9,89.43,-18.42,24.1,9.57,24.44,50.03,0,0,1,0,0
2026-01-01T01:33:37Z,leak,LEAK,8457.7,39.91,89.99,-18.13,24.07,9.67,24.39,49.98,0,0,1,0,0
2026-01-01T01:33:38Z,leak,LEAK,8453.9,39.98,88.99,-18.07,24.07,9.64,24.47,49.96,0,0,1,0,0
2026-01-01T01:33:39Z,leak,LEAK,8458.0,40.05,89.96,-18.95,24.04,9.77,24.56,50.02,0,0,1,0,0
2026-01-01T01:33:40Z,leak,LEAK,8460.5,40.1,88.79,-17.86,24.19,9.54,24.57,49.97,0,0,1,0,0
2026-01-01T01:33:41Z,leak,LEAK,8457.5,39.77,89.31,-17.4,23.97,9.62,24.51,49.86,0,0,1,0,0
2026-01-01T01:33:42Z,leak,LEAK,8455.5,39.79,89.85,-18.41,24.03,9.72,24.5,49.99,0,0,1,0,0
2026-01-01T01:33:43Z,leak,LEAK,8474.9,40.22,89.95,-17.9,23.95,9.48,24.59,49.98,0,0,1,0,0
2026-01-01T01:33:44Z,leak,LEAK,8444.4,40.39,89.84,-17.55,23.96,9.67,24.53,49.91,0,0,1,0,0
2026-01-01T01:33:45Z,leak,LEAK,8456.3,40.09,89.67,-17.63,23.96,9.51,24.49,50.01,0,0,1,0,0
2026-01-01T01:33:46Z,leak,LEAK,8476.0,39.62,89.41,-18.51,23.87,9.7,24.46,50.04,0,0,1,0,0
2026-01-01T01:33:47Z,leak,LEAK,8456.8,40.03,89.18,-18.55,24.05,9.62,24.61,49.95,0,0,1,0,0
2026-01-01T01:33:48Z,leak,LEAK,8473.8,40.09,89.95,-18.74,23.94,9.74,24.56,50.01,0,0,1,0,0
2026-01-01T01:33:49Z,leak,LEAK,8457.9,39.86,89.59,-18.72,23.94,9.66,24.49,49.99,0,0,1,0,0
2026-01-01T01:33:50Z,leak,LEAK,8468.9,39.87,89.44,-17.97,23.92,9.53,24.54,49.99,0,0,1,0,0
2026-01-01T01:33:51Z,leak,LEAK,8476.7,40.01,89.74,-18.93,24.01,9.71,24.59,50.08,0,0,1,0,0
2026-01-01T01:33:52Z,leak,LEAK,8462.5,40.1,88.88,-16.64,23.93,9.65,24.55,49.9,0,0,1,0,0
2026-01-01T01:33:53Z,leak,LEAK,8472.7,39.94,88.68,-18.61,23.96,9.69,24.56,50.1,0,0,1,0,0
2026-01-01T01:33:54Z,leak,LEAK,8465.4,39.8,89.83,-17.89,24.05,9.49,24.62,50.03,0,0,1,0,0
2026-01-01T01:33:55Z,leak,LEAK,8468.1,39.71,90.18,-16.82,24.12,9.66,24.71,49.97,0,0,1,0,0
2026-01-01T01:33:56Z,leak,LEAK,8485.9,40.28,89.91,-17.64,23.96,9.59,24.39,50.03,0,0,1,0,0
2026-01-01T01:33:57Z,leak,LEAK,8450.8,40.06,90.07,-17.74,23.97,9.55,24.47,49.91,0,0,1,0,0
2026-01-01T01:33:58Z,leak,LEAK,8491.9,39.83,90.13,-18.36,24.05,9.54,24.47,50.02,0,0,1,0,0
2026-01-01T01:33:59Z,leak,LEAK,8468.7,39.95,89.57,-18.13,24.06,9.77,24.62,50.06,0,0,1,0,0
2026-01-01T01:34:00Z,leak,LEAK,8465.4,40.18,89.24,-17.43,24.04,9.69,24.49,49.99,0,0,1,0,0
2026-01-01T01:34:01Z,leak,LEAK,8465.0,39.97,90.33,-17.91,23.94,9.64,24.66,50.01,0,0,1,0,0
2026-01-01T01:34:02Z,leak,LEAK,8501.2,40.57,90.02,-17.97,23.85,9.7,24.56,50.1,0,0,1,0,0
2026-01-01T01:34:03Z,leak,LEAK,8470.0,39.83,89.73,-17.65,24.03,9.53,24.58,49.97,0,0,1,0,0
2026-01-01T01:34:04Z,leak,LEAK,8469.6,40.04,90.12,-17.16,24.01,9.66,24.67,50.04,0,0,1,0,0
2026-01-01T01:34:05Z,leak,LEAK,8479.4,39.77,89.6,-17.36,23.99,9.72,24.44,50.05,0,0,1,0,0
2026-01-01T01:34:06Z,leak,LEAK,8469.9,39.79,89.8,-19.18,23.98,9.4,24.57,50.0,0,0,1,0,0
2026-01-01T01:34:07Z,leak,LEAK,8477.8,40.28,90.25,-17.01,24.27,9.76,24.7,49.94,0,0,1,0,0
2026-01-01T01:34:08Z,leak,LEAK,8501.7,40.27,89.57,-17.9,23.87,9.6,24.47,50.0,0,0,1,0,0
2026-01-01T01:34:09Z,leak,LEAK,8474.9,39.85,89.84,-17.96,24.03,9.7,24.67,50.03,0,0,1,0,0
2026-01-01T01:34:10Z,leak,LEAK,8485.3,40.17,89.92,-18.28,23.95,9.66,24.59,50.02,0,0,1,0,0
2026-01-01T01:34:11Z,leak,LEAK,8497.7,40.23,89.69,-18.3,24.04,9.57,24.62,50.04,0,0,1,0,0
2026-01-01T01:34:12Z,leak,LEAK,8490.2,40.05,90.35,-17.61,23.85,9.52,24.75,50.11,0,0,1,0,0
2026-01-01T01:34:13Z,leak,LEAK,8480.4,40.07,90.43,-17.62,23.92,9.73,24.68,49.98,0,0,1,0,0
2026-01-01T01:34:14Z,leak,LEAK,8500.3,40.01,89.87,-18.41,23.93,9.55,24.73,50.02,0,0,1,0,0
2026-01-01T01:34:15Z,leak,LEAK,8474.9,40.17,90.63,-17.98,23.94,9.69,24.76,49.94,0,0,1,0,0
2026-01-01T01:34:16Z,leak,LEAK,8478.5,40.18,90.3,-18.32,24.04,9.59,24.88,50.06,0,0,1,0,0
2026-01-01T01:34:17Z,leak,LEAK,8493.8,40.01,90.29,-17.32,24.12,9.71,24.43,49.97,0,0,1,0,0
2026-01-01T01:34:18Z,leak,LEAK,8489.6,40.17,90.33,-17.83,24.03,9.73,24.64,49.95,0,0,1,0,0
2026-01-01T01:34:19Z,leak,LEAK,8512.8,39.99,90.4,-18.1,23.99,9.5,24.77,49.97,0,0,1,0,0
2026-01-01T01:34:20Z,leak,LEAK,8483.9,39.77,90.99,-17.43,23.86,9.73,24.63,49.97,0,0,1,0,0
2026-01-01T01:34:21Z,leak,LEAK,8496.9,39.89,88.84,-17.01,23.88,9.54,24.77,49.93,0,0,1,0,0
2026-01-01T01:34:22Z,leak,LEAK,8502.4,39.88,89.48,-18.71,24.05,9.74,24.81,49.99,0,0,1,0,0
2026-01-01T01:34:23Z,leak,LEAK,8507.4,40.13,89.67,-17.89,23.83,9.63,24.71,49.96,0,0,1,0,0
2026-01-01T01:34:24Z,leak,LEAK,8502.1,40.08,90.07,-17.61,24.05,9.59,24.71,49.93,0,0,1,0,0
2026-01-01T01:34:25Z,leak,LEAK,8474.5,40.07,90.6,-17.55,24.04,9.48,24.81,49.98,0,0,1,0,0
2026-01-01T01:34:26Z,leak,LEAK,8505.3,40.21,90.52,-17.56,23.92,9.55,24.77,50.06,0,0,1,0,0
2026-01-01T01:34:27Z,leak,LEAK,8519.4,40.03,89.99,-17.44,24.09,9.61,24.75,49.96,0,0,1,0,0
2026-01-01T01:34:28Z,leak,LEAK,8512.7,39.96,89.65,-17.85,23.96,9.53,24.79,50.08,0,0,1,0,0
2026-01-01T01:34:29Z,leak,LEAK,8518.4,39.94,91.23,-18.29,24.08,9.54,24.83,49.99,0,0,1,0,0
2026-01-01T01:34:30Z,leak,LEAK,8499.8,40.18,90.38,-17.76,23.98,9.91,24.79,50.07,0,0,1,0,0
2026-01-01T01:34:31Z,leak,LEAK,8485.7,39.98,89.87,-17.79,24.04,9.48,24.94,49.98,0,0,1,0,0
2026-01-01T01:34:32Z,leak,LEAK,8514.2,40.16,89.36,-18.16,23.87,9.43,24.79,50.09,0,0,1,0,0
2026-01-01T01:34:33Z,leak,LEAK,8506.8,39.89,89.58,-18.03,23.85,9.64,24.58,50.06,0,0,1,0,0
2026-01-01T01:34:34Z,leak,LEAK,8526.8,39.96,89.7,-18.51,24.14,9.68,24.75,50.03,0,0,1,0,0
2026-01-01T01:34:35Z,leak,LEAK,8507.3,39.94,89.9,-17.64,23.96,9.62,24.84,50.06,0,0,1,0,0
2026-01-01T01:34:36Z,leak,LEAK,8496.0,40.14,89.37,-17.61,24.02,9.57,24.97,50.06,0,0,1,0,0
2026-01-01T01:34:37Z,leak,LEAK,8510.0,40.13,89.95,-17.97,24.0,9.42,24.87,49.96,0,0,1,0,0
2026-01-01T01:34:38Z,leak,LEAK,8524.4,40.11,90.05,-17.95,23.83,9.46,24.78,50.03,0,0,1,0,0
2026-01-01T01:34:39Z,leak,LEAK,8519.3,40.05,90.29,-18.89,23.84,9.49,24.79,49.96,0,0,1,0,0
2026-01-01T01:34:40Z,leak,LEAK,8516.7,39.89,89.62,-18.3,24.02,9.63,24.94,50.03,0,0,1,0,0
2026-01-01T01:34:41Z,leak,LEAK,8514.2,39.95,90.09,-18.24,23.92,9.68,24.98,49.97,0,0,1,0,0
2026-01-01T01:34:42Z,leak,LEAK,8512.0,40.28,89.38,-18.27,23.92,9.6,25.02,49.93,0,0,1,0,0
2026-01-01T01:34:43Z,leak,LEAK,8514.6,39.93,89.86,-17.72,24.2,9.79,24.86,50.0,0,0,1,0,0
2026-01-01T01:34:44Z,leak,LEAK,8516.3,40.06,90.71,-17.49,23.84,9.56,24.9,49.99,0,0,1,0,0
2026-01-01T01:34:45Z,leak,LEAK,8512.0,39.86,90.45,-18.47,23.98,9.71,24.94,49.94,0,0,1,0,0
2026-01-01T01:34:46Z,leak,LEAK,8518.1,39.96,90.94,-17.15,24.0,9.46,24.81,50.03,0,0,1,0,0
2026-01-01T01:34:47Z,leak,LEAK,8522.0,39.86,89.94,-17.61,23.88,9.59,24.98,50.11,0,0,1,0,0
2026-01-01T01:34:48Z,leak,LEAK,8532.1,40.22,89.62,-17.74,24.16,9.48,24.93,50.05,0,0,1,0,0
2026-01-01T01:34:49Z,leak,LEAK,8520.1,39.72,89.99,-18.16,23.84,9.47,24.83,50.01,0,0,1,0,0
2026-01-01T01:34:50Z,leak,LEAK,8510.8,40.35,89.97,-18.7,24.05,9.67,24.73,49.88,0,0,1,0,0
2026-01-01T01:34:51Z,leak,LEAK,8529.0,40.3,90.36,-17.52,23.95,9.6,24.87,50.01,0,0,1,0,0
2026-01-01T01:34:52Z,leak,LEAK,8531.1,39.82,90.37,-17.31,23.93,9.55,25.06,49.99,0,0,1,0,0
2026-01-01T01:34:53Z,leak,LEAK,8544.8,39.84,89.63,-17.71,23.91,9.52,24.86,49.94,0,0,1,0,0
2026-01-01T01:34:54Z,leak,LEAK,8522.5,39.97,90.44,-18.65,23.98,9.45,24.85,49.99,0,0,1,0,0
2026-01-01T01:34:55Z,leak,LEAK,8527.0,39.93,89.55,-18.38,24.01,9.52,24.96,50.04,0,0,1,0,0
2026-01-01T01:34:56Z,leak,LEAK,8526.9,39.96,90.35,-17.84,24.0,9.76,24.98,50.0,0,0,1,0,0
2026-01-01T01:34:57Z,leak,LEAK,8516.8,40.22,90.91,-17.12,23.77,9.52,24.93,50.0,0,0,1,0,0
2026-01-01T01:34:58Z,leak,LEAK,8550.5,40.05,90.66,-17.37,23.85,9.61,25.14,50.0,0,0,1,0,0
2026-01-01T01:34:59Z,leak,LEAK,8536.6,40.15,89.8,-17.88,24.07,9.43,25.08,50.02,0,0,1,0,0
2026-01-01T01:35:00Z,leak,LEAK,8555.4,39.91,89.66,-18.29,23.94,9.73,25.0,50.0,0,0,1,0,0
2026-01-01T01:35:01Z,leak,LEAK,8533.5,39.82,90.74,-19.0,23.94,9.54,24.8,50.01,0,0,1,0,0
2026-01-01T01:35:02Z,leak,LEAK,8545.0,39.97,90.38,-18.22,23.99,9.52,24.98,49.98,0,0,1,0,0
2026-01-01T01:35:03Z,leak,LEAK,8543.5,40.04,90.41,-17.87,24.05,9.67,25.0,49.97,0,0,1,0,0
2026-01-01T01:35:04Z,leak,LEAK,8545.1,40.02,90.26,-18.14,24.01,9.56,24.8,50.04,0,0,1,0,0
2026-01-01T01:35:05Z,leak,LEAK,8545.0,39.81,90.21,-18.11,23.94,9.68,25.09,50.04,0,0,1,0,0
2026-01-01T01:35:06Z,leak,LEAK,8546.0,40.26,90.32,-16.73,23.89,9.6,25.03,49.96,0,0,1,0,0
2026-01-01T01:35:07Z,leak,LEAK,8549.0,39.93,90.67,-17.63,24.06,9.78,25.03,50.11,0,0,1,0,0
2026-01-01T01:35:08Z,leak,LEAK,8534.2,39.81,90.08,-17.24,23.97,9.62,25.09,49.98,0,0,1,0,0
2026-01-01T01:35:09Z,leak,LEAK,8541.7,40.13,90.63,-17.91,24.02,9.62,25.01,50.01,0,0,1,0,0
2026-01-01T01:35:10Z,leak,LEAK,8535.0,39.7,89.95,-18.7,24.01,9.57,24.93,50.06,0,0,1,0,0
2026-01-01T01:35:11Z,leak,LEAK,8546.7,40.65,90.62,-18.11,23.89,9.61,25.26,49.91,0,0,1,0,0
2026-01-01T01:35:12Z,leak,LEAK,8550.7,40.31,89.72,-18.95,23.99,9.57,25.07,49.91,0,0,1,0,0
2026-01-01T01:35:13Z,leak,LEAK,8551.2,39.95,90.36,-18.28,24.14,9.58,25.02,50.0,0,0,1,0,0
2026-01-01T01:35:14Z,leak,LEAK,8546.5,40.02,90.12,-17.87,24.04,9.66,24.97,49.99,0,0,1,0,0
2026-01-01T01:35:15Z,leak,LEAK,8563.5,39.98,90.59,-17.86,24.01,9.58,25.15,49.89,0,0,1,0,0
2026-01-01T01:35:16Z,leak,LEAK,8561.0,40.33,91.0,-18.31,24.26,9.38,24.99,49.9,0,0,1,0,0
2026-01-01T01:35:17Z,leak,LEAK,8551.2,39.89,90.93,-18.75,23.8,9.66,25.1,50.05,0,0,1,0,0
2026-01-01T01:35:18Z,leak,LEAK,8546.0,40.27,91.02,-18.39,23.96,9.52,25.19,49.97,0,0,1,0,0
2026-01-01T01:35:19Z,leak,LEAK,8556.1,40.18,89.93,-18.35,23.93,9.65,25.16,50.0,0,0,1,0,0
2026-01-01T01:35:20Z,leak,LEAK,8545.2,40.0,90.35,-18.12,24.13,9.66,25.05,49.97,0,0,1,0,0
2026-01-01T01:35:21Z,leak,LEAK,8556.9,40.0,90.03,-18.57,23.93,9.53,25.0,50.01,0,0,1,0,0
2026-01-01T01:35:22Z,leak,LEAK,8549.4,40.1,90.14,-17.45,23.85,9.42,25.13,49.99,0,0,1,0,0
2026-01-01T01:35:23Z,leak,LEAK,8562.3,39.81,90.71,-16.9,24.04,9.69,25.31,49.99,0,0,1,0,0
2026-01-01T01:35:24Z,leak,LEAK,8564.3,39.95,90.04,-18.87,23.95,9.48,25.03,50.04,0,0,1,0,0
2026-01-01T01:35:25Z,leak,LEAK,8555.1,39.86,89.93,-18.22,23.97,9.44,25.15,50.0,0,0,1,0,0
2026-01-01T01:35:26Z,leak,LEAK,8583.1,39.74,90.19,-19.03,24.13,9.53,25.11,49.96,0,0,1,0,0
2026-01-01T01:35:27Z,leak,LEAK,8551.8,40.36,90.27,-17.98,23.97,9.61,25.28,50.05,0,0,1,0,0
2026-01-01T01:35:28Z,leak,LEAK,8552.5,39.63,89.23,-17.72,23.97,9.54,25.14,49.95,0,0,1,0,0
2026-01-01T01:35:29Z,leak,LEAK,8553.9,40.24,91.14,-17.35,24.0,9.46,25.28,49.98,0,0,1,0,0
2026-01-01T01:35:30Z,leak,LEAK,8559.1,39.98,90.88,-18.03,23.98,9.56,25.31,50.02,0,0,1,0,0
2026-01-01T01:35:31Z,leak,LEAK,8573.4,40.25,90.85,-17.9,24.0,9.47,25.22,50.04,0,0,1,0,0
2026-01-01T01:35:32Z,leak,LEAK,8567.1,39.85,89.76,-16.97,24.04,9.66,25.22,50.01,0,0,1,0,0
2026-01-01T01:35:33Z,leak,LEAK,8564.3,39.79,91.25,-18.32,24.04,9.75,25.21,49.97,0,0,1,0,0
2026-01-01T01:35:34Z,leak,LEAK,8572.1,40.12,90.03,-17.76,23.96,9.57,25.24,50.04,0,0,1,0,0
2026-01-01T01:35:35Z,leak,LEAK,8575.5,40.33,90.72,-17.54,24.07,9.54,25.27,50.06,0,0,1,0,0
2026-01-01T01:35:36Z,leak,LEAK,8559.0,40.15,90.45,-17.76,23.95,9.57,25.3,49.98,0,0,1,0,0
2026-01-01T01:35:37Z,leak,LEAK,8555.7,39.85,90.59,-18.42,23.95,9.76,25.0,50.0,0,0,1,0,0
2026-01-01T01:35:38Z,leak,LEAK,8568.0,39.79,90.82,-17.48,23.85,9.55,25.27,49.96,0,0,1,0,0
2026-01-01T01:35:39Z,leak,LEAK,8560.8,40.08,90.02,-18.03,24.28,9.42,25.11,50.03,0,0,1,0,0
2026-01-01T01:35:40Z,leak,LEAK,8575.8,39.89,89.85,-17.98,23.94,9.72,25.39,49.91,0,0,1,0,0
2026-01-01T01:35:41Z,leak,LEAK,8580.0,40.07,90.58,-18.65,24.18,9.51,25.33,50.02,0,0,1,0,0
2026-01-01T01:35:42Z,leak,LEAK,8564.7,39.87,91.8,-16.67,23.94,9.7,25.46,50.0,0,0,1,0,0
2026-01-01T01:35:43Z,leak,LEAK,8562.2,40.09,90.14,-18.44,24.15,9.65,25.43,50.03,0,0,1,0,0
2026-01-01T01:35:44Z,leak,LEAK,8567.7,39.81,91.92,-17.95,23.91,9.68,25.3,49.91,0,0,1,0,0
2026-01-01T01:35:45Z,leak,LEAK,8569.7,40.0,90.55,-17.5,24.01,9.51,25.36,49.95,0,0,1,0,0
2026-01-01T01:35:46Z,leak,LEAK,8580.3,40.24,90.95,-17.62,24.13,9.71,25.33,49.94,0,0,1,0,0
2026-01-01T01:35:47Z,leak,LEAK,8582.0,40.33,90.64,-18.39,24.12,9.35,25.32,49.98,0,0,1,0,0
2026-01-01T01:35:48Z,leak,LEAK,8566.8,40.01,90.93,-18.06,24.08,9.51,25.28,50.1,0,0,1,0,0
2026-01-01T01:35:49Z,leak,LEAK,8568.9,39.87,91.34,-17.57,24.08,9.57,25.3,49.94,0,0,1,0,0
2026-01-01T01:35:50Z,leak,LEAK,8577.3,40.58,90.32,-17.02,24.07,9.6,25.16,50.0,0,0,1,0,0
2026-01-01T01:35:51Z,leak,LEAK,8563.5,39.88,90.19,-18.42,24.0,9.49,25.17,50.1,0,0,1,0,0
2026-01-01T01:35:52Z,leak,LEAK,8589.5,39.86,90.38,-18.27,24.11,9.72,25.27,49.96,0,0,1,0,0
2026-01-01T01:35:53Z,leak,LEAK,8578.3,40.02,90.69,-18.17,24.13,9.68,25.33,49.94,0,0,1,0,0
2026-01-01T01:35:54Z,leak,LEAK,8578.6,39.9,90.6,-17.33,24.01,9.7,25.45,50.01,0,0,1,0,0
2026-01-01T01:35:55Z,leak,LEAK,8574.1,39.55,91.47,-17.75,23.93,9.92,25.26,50.08,0,0,1,0,0
2026-01-01T01:35:56Z,leak,LEAK,8576.2,39.93,90.17,-18.88,24.03,9.59,25.4,49.96,0,0,1,0,0
2026-01-01T01:35:57Z,leak,LEAK,8562.6,40.02,91.07,-16.94,24.09,9.6,25.34,49.97,0,0,1,0,0
2026-01-01T01:35:58Z,leak,LEAK,8588.9,40.02,91.38,-17.94,23.99,9.64,25.23,49.99,0,0,1,0,0
2026-01-01T01:35:59Z,leak,LEAK,8590.2,39.91,90.78,-17.87,23.89,9.62,25.35,50.01,0,0,1,0,0
2026-01-01T01:36:00Z,leak,LEAK,8578.1,40.07,91.06,-18.01,24.06,9.62,25.3,50.04,0,0,1,0,0
2026-01-01T01:36:01Z,leak,LEAK,8581.6,40.0,91.09,-18.46,24.07,9.28,25.36,49.99,0,0,1,0,0
2026-01-01T01:36:02Z,leak,LEAK,8589.1,39.84,91.26,-18.29,23.99,9.67,25.35,50.02,0,0,1,0,0
2026-01-01T01:36:03Z,leak,LEAK,8586.5,39.86,91.04,-18.26,24.05,9.53,25.4,49.95,0,0,1,0,0
2026-01-01T01:36:04Z,leak,LEAK,8589.8,39.78,91.13,-17.53,24.1,9.64,25.36,49.98,0,0,1,0,0
2026-01-01T01:36:05Z,leak,LEAK,8593.2,40.2,90.32,-18.77,23.89,9.7,25.51,49.96,0,0,1,0,0
2026-01-01T01:36:06Z,leak,LEAK,8583.0,40.02,90.53,-18.05,23.98,9.61,25.44,50.03,0,0,1,0,0
2026-01-01T01:36:07Z,leak,LEAK,8591.2,39.73,91.54,-17.88,24.06,9.53,25.27,49.96,0,0,1,0,0
2026-01-01T01:36:08Z,leak,LEAK,8578.1,39.91,90.92,-18.33,23.99,9.68,25.45,50.04,0,0,1,0,0
2026-01-01T01:36:09Z,leak,LEAK,8579.5,39.84,90.99,-17.55,24.1,9.49,25.41,50.08,0,0,1,0,0
2026-01-01T01:36:10Z,leak,LEAK,8587.5,40.25,90.09,-17.87,23.99,9.6,25.39,49.99,0,0,1,0,0
2026-01-01T01:36:11Z,leak,LEAK,8590.6,39.7,90.81,-18.21,23.99,9.53,25.35,50.01,0,0,1,0,0
2026-01-01T01:36:12Z,leak,LEAK,8585.0,39.9,91.0,-17.62,24.02,9.64,25.46,50.0,0,0,1,0,0
2026-01-01T01:36:13Z,leak,LEAK,8571.9,40.07,91.36,-17.66,23.86,9.61,25.46,50.08,0,0,1,0,0
2026-01-01T01:36:14Z,leak,LEAK,8570.6,40.03,90.31,-18.76,23.99,9.54,25.52,49.99,0,0,1,0,0
2026-01-01T01:36:15Z,leak,LEAK,8600.5,40.07,91.54,-17.2,23.96,9.71,25.38,49.93,0,0,1,0,0
2026-01-01T01:36:16Z,leak,LEAK,8592.8,39.93,90.04,-17.95,24.01,9.56,25.57,49.95,0,0,1,0,0
2026-01-01T01:36:17Z,leak,LEAK,8572.3,40.05,91.31,-17.91,24.13,9.76,25.61,50.0,0,0,1,0,0
2026-01-01T01:36:18Z,leak,LEAK,8607.9,40.03,90.51,-18.44,24.04,9.67,25.51,50.01,0,0,1,0,0
2026-01-01T01:36:19Z,leak,LEAK,8603.7,40.25,90.23,-18.99,24.02,9.74,25.59,50.03,0,0,1,0,0
2026-01-01T01:36:20Z,leak,LEAK,8588.3,39.88,92.36,-17.68,24.16,9.49,25.49,49.94,0,0,1,0,0
2026-01-01T01:36:21Z,leak,LEAK,8599.2,40.28,90.55,-18.45,24.04,9.82,25.43,50.0,0,0,1,0,0
2026-01-01T01:36:22Z,leak,LEAK,8575.2,40.0,91.6,-17.8,23.97,9.65,25.66,49.98,0,0,1,0,0
2026-01-01T01:36:23Z,leak,LEAK,8583.0,39.83,91.44,-18.0,24.09,9.65,25.38,50.02,0,0,1,0,0
2026-01-01T01:36:24Z,leak,LEAK,8590.3,40.03,91.1,-17.82,24.01,9.61,25.6,49.94,0,0,1,0,0
2026-01-01T01:36:25Z,leak,LEAK,8578.7,40.13,90.46,-18.56,24.01,9.66,25.49,49.99,0,0,1,0,0
2026-01-01T01:36:26Z,leak,LEAK,8586.6,39.6,90.6,-17.39,24.06,9.64,25.53,50.07,0,0,1,0,0
2026-01-01T01:36:27Z,leak,LEAK,8579.1,39.92,91.88,-18.09,23.94,9.72,25.56,49.98,0,0,1,0,0
2026-01-01T01:36:28Z,leak,LEAK,8597.9,39.85,92.03,-18.42,24.0,9.68,25.66,49.97,0,0,1,0,0
2026-01-01T01:36:29Z,leak,LEAK,8593.5,39.79,90.63,-17.55,24.13,9.77,25.66,50.02,0,0,1,0,0
2026-01-01T01:36:30Z,leak,LEAK,8596.8,39.83,91.14,-17.83,24.05,9.51,25.44,49.97,0,0,1,0,0
2026-01-01T01:36:31Z,leak,LEAK,8612.2,39.87,90.51,-17.1,23.97,9.68,25.54,49.96,0,0,1,0,0
2026-01-01T01:36:32Z,leak,LEAK,8594.0,40.07,90.86,-17.58,23.94,9.74,25.45,50.0,0,0,1,0,0
2026-01-01T01:36:33Z,leak,LEAK,8590.7,39.83,90.25,-17.31,24.1,9.51,25.64,49.98,0,0,1,0,0
2026-01-01T01:36:34Z,leak,LEAK,8607.3,39.97,90.71,-18.1,24.01,9.73,25.6,50.05,0,0,1,0,0
2026-01-01T01:36:35Z,leak,LEAK,8577.4,39.69,90.66,-17.48,23.91,9.52,25.21,50.02,0,0,1,0,0
2026-01-01T01:36:36Z,leak,LEAK,8596.1,39.33,90.85,-19.81,24.0,9.66,25.6,50.03,0,0,1,0,0
2026-01-01T01:36:37Z,leak,LEAK,8589.8,40.31,91.22,-18.76,24.09,9.48,25.6,50.02,0,0,1,0,0
2026-01-01T01:36:38Z,leak,LEAK,8595.7,40.11,91.12,-17.01,23.95,9.62,25.4,50.04,0,0,1,0,0
2026-01-01T01:36:39Z,leak,LEAK,8589.7,39.89,91.07,-18.14,23.91,9.42,25.62,50.04,0,0,1,0,0
2026-01-01T01:36:40Z,leak,LEAK,8609.2,39.86,90.68,-18.55,23.89,9.61,25.64,50.05,0,0,1,0,0
2026-01-01T01:36:41Z,leak,LEAK,8597.9,40.0,90.67,-17.48,24.11,9.58,25.49,50.09,0,0,1,0,0
2026-01-01T01:36:42Z,leak,LEAK,8611.5,39.78,92.19,-18.23,24.02,9.64,25.49,49.95,0,0,1,0,0
2026-01-01T01:36:43Z,leak,LEAK,8599.2,39.81,91.16,-17.9,23.83,9.58,25.5,49.97,0,0,1,0,0
2026-01-01T01:36:44Z,leak,LEAK,8582.5,39.97,91.23,-17.86,24.2,9.75,25.6,49.98,0,0,1,0,0
2026-01-01T01:36:45Z,leak,LEAK,8611.7,40.25,90.93,-18.36,24.09,9.71,25.6,50.02,0,0,1,0,0
2026-01-01T01:36:46Z,leak,LEAK,8591.2,39.78,90.23,-19.18,23.9,9.75,25.69,50.04,0,0,1,0,0
2026-01-01T01:36:47Z,leak,LEAK,8591.6,39.72,91.09,-18.54,23.94,9.54,25.76,49.91,0,0,1,0,0
2026-01-01T01:36:48Z,leak,LEAK,8595.6,39.88,90.92,-17.61,24.05,9.73,25.7,49.9,0,0,1,0,0
2026-01-01T01:36:49Z,leak,LEAK,8608.0,39.79,91.74,-17.6,24.01,9.53,25.63,50.02,0,0,1,0,0
2026-01-01T01:36:50Z,leak,LEAK,8597.0,40.14,90.63,-18.61,23.91,9.45,25.72,50.03,0,0,1,0,0
2026-01-01T01:36:51Z,leak,LEAK,8580.0,39.99,90.94,-19.13,24.04,9.64,25.74,49.98,0,0,1,0,0
2026-01-01T01:36:52Z,leak,LEAK,8580.9,40.01,91.53,-18.19,23.97,9.58,25.82,50.08,0,0,1,0,0
2026-01-01T01:36:53Z,leak,LEAK,8588.5,39.9,91.16,-18.29,24.03,9.27,25.67,50.07,0,0,1,0,0
2026-01-01T01:36:54Z,leak,LEAK,8600.5,40.05,90.54,-17.56,24.04,9.51,25.76,49.94,0,0,1,0,0
2026-01-01T01:36:55Z,leak,LEAK,8619.4,40.24,90.5,-18.23,23.96,9.58,25.55,50.05,0,0,1,0,0
2026-01-01T01:36:56Z,leak,LEAK,8603.9,40.03,90.88,-18.04,23.96,9.87,25.72,49.94,0,0,1,0,0
2026-01-01T01:36:57Z,leak,LEAK,8595.6,40.06,91.28,-18.27,23.93,9.66,25.69,50.0,0,0,1,0,0
2026-01-01T01:36:58Z,leak,LEAK,8601.5,40.0,90.65,-17.66,23.89,9.57,25.68,50.06,0,0,1,0,0
2026-01-01T01:36:59Z,leak,LEAK,8609.8,39.91,90.65,-18.49,24.07,9.51,25.63,49.93,0,0,1,0,0
2026-01-01T01:37:00Z,leak,LEAK,8599.2,39.75,91.2,-18.45,24.09,9.64,25.89,49.91,0,0,1,0,0
2026-01-01T01:37:01Z,leak,LEAK,8610.0,40.17,91.3,-17.86,23.76,9.76,25.7,50.0,0,0,1,0,0
2026-01-01T01:37:02Z,leak,LEAK,8601.6,39.92,90.55,-18.34,24.2,9.64,25.91,49.98,0,0,1,0,0
2026-01-01T01:37:03Z,leak,LEAK,8608.8,40.06,91.06,-17.89,24.17,9.64,25.71,49.94,0,0,1,0,0
2026-01-01T01:37:04Z,leak,LEAK,8613.2,39.88,91.93,-16.6,23.92,9.56,25.88,49.93,0,0,1,0,0
2026-01-01T01:37:05Z,leak,LEAK,8589.9,40.32,90.93,-18.39,23.87,9.73,25.74,50.01,0,0,1,0,0
2026-01-01T01:37:06Z,leak,LEAK,8584.7,40.31,91.21,-18.05,23.95,9.65,26.01,50.0,0,0,1,0,0
2026-01-01T01:37:07Z,leak,LEAK,8603.9,39.92,91.54,-18.23,24.08,9.59,25.61,50.05,0,0,1,0,0
2026-01-01T01:37:08Z,leak,LEAK,8599.2,39.9,90.4,-17.58,23.91,9.67,25.71,49.95,0,0,1,0,0
2026-01-01T01:37:09Z,leak,LEAK,8597.6,40.18,91.06,-19.18,24.0,9.52,25.81,49.92,0,0,1,0,0
2026-01-01T01:37:10Z,leak,LEAK,8588.0,40.27,90.95,-16.52,23.91,9.7,25.71,49.99,0,0,1,0,0
2026-01-01T01:37:11Z,leak,LEAK,8599.6,40.08,91.74,-19.06,24.03,9.59,25.76,49.97,0,0,1,0,0
2026-01-01T01:37:12Z,leak,LEAK,8599.0,39.76,89.85,-17.89,24.1,9.64,25.89,50.03,0,0,1,0,0
2026-01-01T01:37:13Z,leak,LEAK,8587.3,40.35,90.61,-18.19,24.04,9.58,25.82,49.92,0,0,1,0,0
2026-01-01T01:37:14Z,leak,LEAK,8595.3,39.85,91.07,-17.96,23.91,9.72,25.82,50.1,0,0,1,0,0
2026-01-01T01:37:15Z,leak,LEAK,8571.9,40.12,91.61,-17.77,24.01,9.58,25.86,49.97,0,0,1,0,0
2026-01-01T01:37:16Z,leak,LEAK,8582.1,39.94,92.19,-18.91,23.85,9.41,25.77,50.02,0,0,1,0,0
2026-01-01T01:37:17Z,leak,LEAK,8591.0,39.84,91.1,-18.54,23.84,9.53,25.8,50.0,0,0,1,0,0
2026-01-01T01:37:18Z,leak,LEAK,8595.8,39.55,90.56,-18.53,24.16,9.66,25.82,50.05,0,0,1,0,0
2026-01-01T01:37:19Z,leak,LEAK,8603.6,40.2,90.73,-17.78,24.21,9.57,25.83,50.0,0,0,1,0,0
2026-01-01T01:37:20Z,leak,LEAK,8589.8,39.58,90.34,-18.1,23.84,9.68,26.02,49.96,0,0,1,0,0
2026-01-01T01:37:21Z,leak,LEAK,8599.4,40.34,91.52,-17.62,23.9,9.57,25.73,50.03,0,0,1,0,0
2026-01-01T01:37:22Z,leak,LEAK,8609.3,39.88,90.88,-17.83,24.13,9.56,25.92,50.11,0,0,1,0,0
2026-01-01T01:37:23Z,leak,LEAK,8601.6,40.14,90.32,-17.92,23.91,9.49,25.94,50.04,0,0,1,0,0
2026-01-01T01:37:24Z,leak,LEAK,8601.4,40.42,91.1,-17.99,24.11,9.74,25.98,49.99,0,0,1,0,0
2026-01-01T01:37:25Z,leak,LEAK,8589.2,39.87,90.66,-17.18,23.89,9.56,25.81,50.01,0,0,1,0,0
2026-01-01T01:37:26Z,leak,LEAK,8597.6,39.95,90.94,-18.48,24.03,9.74,25.98,50.02,0,0,1,0,0
2026-01-01T01:37:27Z,leak,LEAK,8581.4,40.19,92.01,-17.21,24.07,9.71,25.99,49.99,0,0,1,0,0
2026-01-01T01:37:28Z,leak,LEAK,8592.2,39.88,90.42,-17.97,24.13,9.61,25.9,49.97,0,0,1,0,0
2026-01-01T01:37:29Z,leak,LEAK,8593.5,39.66,90.37,-18.1,24.25,9.66,25.74,50.03,0,0,1,0,0
2026-01-01T01:37:30Z,leak,LEAK,8607.8,39.78,91.58,-18.18,23.97,9.57,25.91,50.09,0,0,1,0,0
2026-01-01T01:37:31Z,leak,LEAK,8584.4,39.86,90.26,-17.88,23.74,9.64,26.01,50.03,0,0,1,0,0
2026-01-01T01:37:32Z,leak,LEAK,8589.8,39.95,90.85,-17.75,23.92,9.81,25.95,50.0,0,0,1,0,0
2026-01-01T01:37:33Z,leak,LEAK,8583.4,40.16,90.71,-18.44,24.0,9.61,25.93,49.98,0,0,1,0,0
2026-01-01T01:37:34Z,leak,LEAK,8588.8,39.99,90.49,-18.56,23.87,9.7,25.96,50.0,0,0,1,0,0
2026-01-01T01:37:35Z,leak,LEAK,8604.0,40.14,90.82,-17.68,23.99,9.6,25.97,50.0,0,0,1,0,0
2026-01-01T01:37:36Z,leak,LEAK,8599.2,40.0,91.52,-17.38,24.05,9.69,26.06,49.91,0,0,1,0,0
2026-01-01T01:37:37Z,leak,LEAK,8595.9,39.98,91.69,-17.53,24.19,9.78,26.16,50.05,0,0,1,0,0
2026-01-01T01:37:38Z,leak,LEAK,8589.2,39.98,90.77,-17.77,23.98,9.73,26.07,50.0,0,0,1,0,0
2026-01-01T01:37:39Z,leak,LEAK,8579.0,40.06,91.79,-18.56,24.27,9.67,25.96,50.04,0,0,1,0,0
2026-01-01T01:37:40Z,leak,LEAK,8607.8,40.18,91.09,-18.52,24.07,9.49,25.98,49.95,0,0,1,0,0
2026-01-01T01:37:41Z,leak,LEAK,8584.6,39.94,91.87,-17.01,23.92,9.55,25.95,49.98,0,0,1,0,0
2026-01-01T01:37:42Z,leak,LEAK,8586.7,40.03,91.46,-18.34,24.04,9.56,25.9,50.09,0,0,1,0,0
2026-01-01T01:37:43Z,leak,LEAK,8593.9,39.74,90.94,-17.88,24.04,9.67,25.99,49.89,0,0,1,0,0
2026-01-01T01:37:44Z,leak,LEAK,8600.9,40.12,91.26,-18.06,23.92,9.76,25.99,49.99,0,0,1,0,0
2026-01-01T01:37:45Z,leak,LEAK,8581.9,39.54,90.0,-18.9,24.21,9.6,25.94,50.13,0,0,1,0,0
2026-01-01T01:37:46Z,leak,LEAK,8586.4,39.91,91.26,-16.74,24.02,9.64,25.93,50.01,0,0,1,0,0
2026-01-01T01:37:47Z,leak,LEAK,8577.4,40.0,91.52,-17.46,24.0,9.61,26.07,50.0,0,0,1,0,0
2026-01-01T01:37:48Z,leak,LEAK,8593.6,40.35,91.22,-17.73,24.02,9.5,25.88,50.04,0,0,1,0,0
2026-01-01T01:37:49Z,leak,LEAK,8591.6,39.85,90.67,-18.03,23.88,9.59,26.25,50.01,0,0,1,0,0
2026-01-01T01:37:50Z,leak,LEAK,8585.6,39.96,91.18,-18.36,23.98,9.61,25.95,49.98,0,0,1,0,0
2026-01-01T01:37:51Z,leak,LEAK,8578.9,40.14,91.12,-18.26,23.9,9.7,26.19,49.97,0,0,1,0,0
2026-01-01T01:37:52Z,leak,LEAK,8600.9,39.61,90.7,-17.37,24.25,9.72,26.22,50.02,0,0,1,0,0
2026-01-01T01:37:53Z,leak,LEAK,8557.6,40.03,90.44,-16.34,23.96,9.67,26.1,49.96,0,0,1,0,0
2026-01-01T01:37:54Z,leak,LEAK,8578.0,40.0,90.78,-17.52,23.84,9.63,26.18,50.05,0,0,1,0,0
2026-01-01T01:37:55Z,leak,LEAK,8594.2,39.87,90.73,-17.68,23.84,9.64,26.11,50.09,0,0,1,0,0
2026-01-01T01:37:56Z,leak,LEAK,8565.6,39.95,90.97,-18.28,24.01,9.54,25.98,50.01,0,0,1,0,0
2026-01-01T01:37:57Z,leak,LEAK,8591.8,39.96,90.86,-18.7,24.14,9.74,26.1,49.91,0,0,1,0,0
2026-01-01T01:37:58Z,leak,LEAK,8581.2,40.2,90.69,-17.34,23.96,9.55,26.06,49.92,0,0,1,0,0
2026-01-01T01:37:59Z,leak,LEAK,8585.8,40.08,90.77,-17.53,23.91,9.77,26.17,49.99,0,0,1,0,0
2026-01-01T01:38:00Z,leak,LEAK,8588.1,39.92,91.23,-18.02,24.05,9.59,26.1,50.09,0,0,1,0,0
2026-01-01T01:38:01Z,leak,LEAK,8578.4,40.13,90.61,-17.58,24.11,9.33,26.12,49.94,0,0,1,0,0
2026-01-01T01:38:02Z,leak,LEAK,8598.1,39.92,91.26,-18.79,23.96,9.53,26.15,49.98,0,0,1,0,0
2026-01-01T01:38:03Z,leak,LEAK,8598.6,40.01,91.04,-17.24,23.95,9.59,26.13,50.07,0,0,1,0,0
2026-01-01T01:38:04Z,leak,LEAK,8577.9,39.94,90.08,-18.69,23.95,9.5,26.34,50.01,0,0,1,0,0
2026-01-01T01:38:05Z,leak,LEAK,8583.3,39.93,91.62,-17.6,23.86,9.57,26.16,49.97,0,0,1,0,0
2026-01-01T01:38:06Z,leak,LEAK,8570.9,40.22,90.99,-17.83,23.93,9.69,26.11,49.95,0,0,1,0,0
2026-01-01T01:38:07Z,leak,LEAK,8595.4,40.08,90.12,-17.25,23.86,9.65,26.34,50.01,0,0,1,0,0
2026-01-01T01:38:08Z,leak,LEAK,8583.8,39.75,90.94,-18.26,24.07,9.53,26.37,50.03,0,0,1,0,0
2026-01-01T01:38:09Z,leak,LEAK,8573.2,39.97,91.52,-17.88,23.99,9.67,26.25,50.01,0,0,1,0,0
2026-01-01T01:38:10Z,leak,LEAK,8579.3,40.33,90.67,-18.41,23.95,9.58,26.06,49.94,0,0,1,0,0
2026-01-01T01:38:11Z,leak,LEAK,8558.2,39.87,90.37,-18.08,24.02,9.66,26.07,50.03,0,0,1,0,0
2026-01-01T01:38:12Z,leak,LEAK,8574.1,39.69,91.2,-17.75,24.03,9.62,26.05,50.08,0,0,1,0,0
2026-01-01T01:38:13Z,leak,LEAK,8555.2,39.99,91.85,-19.2,23.99,9.68,26.23,50.0,0,0,1,0,0
2026-01-01T01:38:14Z,leak,LEAK,8572.6,39.84,90.74,-18.07,23.77,9.83,26.17,50.05,0,0,1,0,0
2026-01-01T01:38:15Z,leak,LEAK,8591.6,40.31,90.5,-18.01,24.1,9.53,26.17,49.95,0,0,1,0,0
2026-01-01T01:38:16Z,leak,LEAK,8567.8,40.31,90.53,-18.75,24.11,9.41,26.25,49.97,0,0,1,0,0
2026-01-01T01:38:17Z,leak,LEAK,8569.7,40.22,90.84,-17.12,23.95,9.8,26.27,50.04,0,0,1,0,0
2026-01-01T01:38:18Z,leak,LEAK,8556.2,39.81,91.04,-17.64,24.05,9.5,25.97,49.95,0,0,1,0,0
2026-01-01T01:38:19Z,leak,LEAK,8564.5,39.97,90.94,-18.44,23.99,9.58,26.15,49.97,0,0,1,0,0
2026-01-01T01:38:20Z,leak,LEAK,8571.0,40.02,90.59,-17.36,23.96,9.63,26.26,49.95,0,0,1,0,0
2026-01-01T01:38:21Z,leak,LEAK,8551.6,39.94,90.35,-17.53,24.01,9.58,26.12,50.06,0,0,1,0,0
2026-01-01T01:38:22Z,leak,LEAK,8559.1,39.94,91.36,-17.41,23.84,9.49,26.24,50.06,0,0,1,0,0
2026-01-01T01:38:23Z,leak,LEAK,8575.1,39.57,90.77,-18.06,24.0,9.46,26.28,50.03,0,0,1,0,0
2026-01-01T01:38:24Z,leak,LEAK,8563.2,40.11,90.4,-17.37,24.06,9.53,26.18,49.95,0,0,1,0,0
2026-01-01T01:38:25Z,leak,LEAK,8572.9,39.73,90.83,-17.7,23.95,9.67,26.04,49.98,0,0,1,0,0
2026-01-01T01:38:26Z,leak,LEAK,8567.4,39.9,91.58,-18.0,24.08,9.67,26.29,50.03,0,0,1,0,0
2026-01-01T01:38:27Z,leak,LEAK,8568.4,40.25,89.86,-17.44,24.07,9.48,26.27,50.01,0,0,1,0,0
2026-01-01T01:38:28Z,leak,LEAK,8556.4,40.07,90.85,-17.43,23.96,9.59,26.31,49.98,0,0,1,0,0
2026-01-01T01:38:29Z,leak,LEAK,8583.1,39.87,90.96,-16.96,23.93,9.47,26.28,50.01,0,0,1,0,0
2026-01-01T01:38:30Z,leak,LEAK,8551.7,40.3,89.9,-18.21,24.09,9.6,26.37,50.09,0,0,1,0,0
2026-01-01T01:38:31Z,leak,LEAK,8564.2,40.2,90.58,-17.27,24.02,9.65,26.31,50.01,0,0,1,0,0
2026-01-01T01:38:32Z,leak,LEAK,8552.5,39.78,91.19,-18.21,23.84,9.57,26.18,50.01,0,0,1,0,0
2026-01-01T01:38:33Z,leak,LEAK,8554.6,39.8,90.5,-17.62,23.91,9.66,26.37,50.06,0,0,1,0,0
2026-01-01T01:38:34Z,leak,LEAK,8537.2,40.18,90.83,-18.05,23.9,9.69,26.46,50.07,0,0,1,0,0
2026-01-01T01:38:35Z,leak,LEAK,8569.9,40.23,90.31,-17.09,23.93,9.65,26.33,49.97,0,0,1,0,0
2026-01-01T01:38:36Z,leak,LEAK,8541.6,40.18,90.7,-17.77,24.04,9.58,26.18,50.05,0,0,1,0,0
2026-01-01T01:38:37Z,leak,LEAK,8548.7,39.95,91.16,-17.91,24.03,9.56,26.44,50.02,0,0,1,0,0
2026-01-01T01:38:38Z,leak,LEAK,8555.4,39.98,90.71,-16.63,24.0,9.67,26.26,50.02,0,0,1,0,0
2026-01-01T01:38:39Z,leak,LEAK,8552.6,40.11,90.48,-18.12,24.04,9.51,26.37,50.1,0,0,1,0,0
2026-01-01T01:38:40Z,leak,LEAK,8563.0,39.72,90.69,-17.31,24.04,9.59,26.25,49.95,0,0,1,0,0
2026-01-01T01:38:41Z,leak,LEAK,8543.4,39.55,90.28,-17.06,24.11,9.62,26.29,50.04,0,0,1,0,0
2026-01-01T01:38:42Z,leak,LEAK,8543.2,39.62,90.08,-17.82,24.04,9.58,26.48,49.93,0,0,1,0,0
2026-01-01T01:38:43Z,leak,LEAK,8559.3,39.7,90.89,-18.97,23.95,9.6,26.32,50.08,0,0,1,0,0
2026-01-01T01:38:44Z,leak,LEAK,8556.5,39.91,90.85,-19.02,23.98,9.54,26.24,50.07,0,0,1,0,0
2026-01-01T01:38:45Z,leak,LEAK,8538.8,40.05,89.87,-17.3,23.97,9.61,26.42,49.91,0,0,1,0,0
2026-01-01T01:38:46Z,leak,LEAK,8565.2,40.05,90.21,-17.64,24.12,9.55,26.32,49.99,0,0,1,0,0
2026-01-01T01:38:47Z,leak,LEAK,8563.1,39.88,89.5,-17.46,23.88,9.67,26.2,50.07,0,0,1,0,0
2026-01-01T01:38:48Z,leak,LEAK,8547.2,39.89,90.62,-18.38,23.99,9.65,26.33,49.98,0,0,1,0,0
2026-01-01T01:38:49Z,leak,LEAK,8546.1,39.97,90.58,-18.39,23.89,9.55,26.28,50.0,0,0,1,0,0
2026-01-01T01:38:50Z,leak,LEAK,8531.1,39.83,90.62,-17.98,24.13,9.66,26.47,50.09,0,0,1,0,0
2026-01-01T01:38:51Z,leak,LEAK,8535.2,40.01,90.77,-16.98,24.05,9.65,26.29,49.94,0,0,1,0,0
2026-01-01T01:38:52Z,leak,LEAK,8546.7,40.07,91.1,-17.62,24.04,9.48,26.52,49.9,0,0,1,0,0
2026-01-01T01:38:53Z,leak,LEAK,8523.4,39.91,90.9,-17.63,24.19,9.6,26.47,49.98,0,0,1,0,0
2026-01-01T01:38:54Z,leak,LEAK,8535.6,40.16,91.13,-17.97,24.1,9.58,26.19,50.04,0,0,1,0,0
2026-01-01T01:38:55Z,leak,LEAK,8541.5,39.9,90.98,-17.51,24.04,9.63,26.31,50.0,0,0,1,0,0
2026-01-01T01:38:56Z,leak,LEAK,8518.8,39.97,91.02,-18.04,23.84,9.67,26.59,50.06,0,0,1,0,0
2026-01-01T01:38:57Z,leak,LEAK,8541.7,40.13,90.99,-18.7,23.92,9.62,26.39,50.04,0,0,1,0,0
2026-01-01T01:38:58Z,leak,LEAK,8556.1,40.41,90.46,-18.75,23.94,9.63,26.42,49.96,0,0,1,0,0
2026-01-01T01:38:59Z,leak,LEAK,8538.1,40.23,90.39,-18.15,24.13,9.44,26.32,50.08,0,0,1,0,0
2026-01-01T01:39:00Z,leak,LEAK,8521.6,40.16,90.74,-17.78,24.05,9.64,26.47,50.03,0,0,1,0,0
2026-01-01T01:39:01Z,leak,LEAK,8529.6,39.97,90.57,-17.8,23.98,9.36,26.39,50.04,0,0,1,0,0
2026-01-01T01:39:02Z,leak,LEAK,8531.8,40.11,90.44,-17.92,23.69,9.65,26.29,50.04,0,0,1,0,0
2026-01-01T01:39:03Z,leak,LEAK,8525.3,39.99,90.18,-17.22,23.92,9.64,26.38,49.94,0,0,1,0,0
2026-01-01T01:39:04Z,leak,LEAK,8547.7,40.26,90.79,-18.46,23.9,9.52,26.49,50.08,0,0,1,0,0
2026-01-01T01:39:05Z,leak,LEAK,8549.4,39.73,89.25,-18.08,24.08,9.58,26.59,50.02,0,0,1,0,0
2026-01-01T01:39:06Z,leak,LEAK,8547.3,40.12,90.23,-17.71,24.01,9.5,26.57,50.03,0,0,1,0,0
2026-01-01T01:39:07Z,leak,LEAK,8517.1,40.16,89.59,-18.77,23.97,9.53,26.35,50.0,0,0,1,0,0
2026-01-01T01:39:08Z,leak,LEAK,8517.9,40.03,90.43,-17.79,23.96,9.66,26.5,49.91,0,0,1,0,0
2026-01-01T01:39:09Z,leak,LEAK,8543.8,39.84,90.4,-17.0,24.09,9.65,26.47,49.91,0,0,1,0,0
2026-01-01T01:39:10Z,leak,LEAK,8538.2,40.24,91.07,-18.1,23.82,9.66,26.33,50.06,0,0,1,0,0
2026-01-01T01:39:11Z,leak,LEAK,8542.9,39.89,91.03,-18.65,23.86,9.45,26.51,49.98,0,0,1,0,0
2026-01-01T01:39:12Z,leak,LEAK,8536.3,39.97,90.13,-18.5,23.98,9.64,26.59,49.92,0,0,1,0,0
2026-01-01T01:39:13Z,leak,LEAK,8521.5,39.86,89.42,-18.55,24.0,9.43,26.17,49.98,0,0,1,0,0
2026-01-01T01:39:14Z,leak,LEAK,8525.1,40.01,89.81,-18.98,24.16,9.64,26.38,50.07,0,0,1,0,0
2026-01-01T01:39:15Z,leak,LEAK,8529.3,40.3,91.11,-17.32,24.05,9.75,26.63,50.1,0,0,1,0,0
2026-01-01T01:39:16Z,leak,LEAK,8525.6,40.03,90.82,-17.97,23.98,9.7,26.35,50.07,0,0,1,0,0
2026-01-01T01:39:17Z,leak,LEAK,8512.9,40.0,89.72,-18.03,23.97,9.46,26.35,50.01,0,0,1,0,0
2026-01-01T01:39:18Z,leak,LEAK,8529.0,39.99,89.52,-18.0,23.84,9.61,26.39,50.06,0,0,1,0,0
2026-01-01T01:39:19Z,leak,LEAK,8514.3,40.01,90.44,-18.15,24.12,9.53,26.47,50.02,0,0,1,0,0
2026-01-01T01:39:20Z,leak,LEAK,8520.1,39.95,89.72,-17.45,24.17,9.53,26.41,49.95,0,0,1,0,0
2026-01-01T01:39:21Z,leak,LEAK,8515.6,40.03,91.09,-18.99,23.97,9.44,26.51,50.03,0,0,1,0,0
2026-01-01T01:39:22Z,leak,LEAK,8503.8,40.01,89.77,-17.64,23.76,9.72,26.63,49.99,0,0,1,0,0
2026-01-01T01:39:23Z,leak,LEAK,8514.3,40.04,90.41,-16.82,24.08,9.57,26.29,49.87,0,0,1,0,0
2026-01-01T01:39:24Z,leak,LEAK,8529.9,39.69,90.22,-17.78,24.0,9.57,26.41,50.02,0,0,1,0,0
2026-01-01T01:39:25Z,leak,LEAK,8532.9,39.4,90.31,-17.55,24.04,9.53,26.44,50.04,0,0,1,0,0
2026-01-01T01:39:26Z,leak,LEAK,8512.2,40.6,90.23,-18.52,23.88,9.3,26.34,49.98,0,0,1,0,0
2026-01-01T01:39:27Z,leak,LEAK,8525.0,39.89,90.62,-17.32,23.92,9.61,26.47,50.06,0,0,1,0,0
2026-01-01T01:39:28Z,leak,LEAK,8500.3,40.1,90.9,-17.67,23.91,9.56,26.49,50.02,0,0,1,0,0
2026-01-01T01:39:29Z,leak,LEAK,8496.1,39.7,89.83,-17.39,23.97,9.62,26.51,50.04,0,0,1,0,0
2026-01-01T01:39:30Z,leak,LEAK,8513.4,39.85,90.42,-17.3,23.94,9.6,26.62,49.96,0,0,1,0,0
2026-01-01T01:39:31Z,leak,LEAK,8513.6,39.77,89.31,-18.52,24.01,9.83,26.66,50.13,0,0,1,0,0
2026-01-01T01:39:32Z,leak,LEAK,8517.5,40.08,89.6,-17.01,23.9,9.85,26.6,50.01,0,0,1,0,0
2026-01-01T01:39:33Z,leak,LEAK,8516.9,40.18,90.64,-17.9,24.0,9.81,26.59,49.92,0,0,1,0,0
2026-01-01T01:39:34Z,leak,LEAK,8505.3,40.13,90.25,-18.26,24.19,9.68,26.38,50.03,0,0,1,0,0
2026-01-01T01:39:35Z,leak,LEAK,8492.7,39.9,90.26,-18.26,24.1,9.65,26.65,49.95,0,0,1,0,0
2026-01-01T01:39:36Z,leak,LEAK,8518.5,39.84,90.06,-18.41,24.15,9.79,26.52,49.99,0,0,1,0,0
2026-01-01T01:39:37Z,leak,LEAK,8505.7,39.79,89.71,-17.99,24.0,9.56,26.54,50.02,0,0,1,0,0
2026-01-01T01:39:38Z,leak,LEAK,8491.0,40.02,91.25,-17.86,23.96,9.5,26.61,50.01,0,0,1,0,0
2026-01-01T01:39:39Z,leak,LEAK,8493.4,39.73,90.02,-18.4,23.97,9.63,26.69,49.95,0,0,1,0,0
2026-01-01T01:39:40Z,leak,LEAK,8506.7,39.97,89.69,-18.32,23.92,9.61,26.27,50.01,0,0,1,0,0
2026-01-01T01:39:41Z,leak,LEAK,8490.8,40.28,90.5,-18.31,23.94,9.6,26.6,49.9,0,0,1,0,0
2026-01-01T01:39:42Z,leak,LEAK,8487.0,40.07,90.05,-18.56,23.88,9.36,26.61,50.01,0,0,1,0,0
2026-01-01T01:39:43Z,leak,LEAK,8473.0,39.72,90.49,-18.58,23.97,9.57,26.46,50.06,0,0,1,0,0
2026-01-01T01:39:44Z,leak,LEAK,8514.0,40.0,90.74,-18.09,24.06,9.6,26.4,50.04,0,0,1,0,0
2026-01-01T01:39:45Z,leak,LEAK,8495.6,39.68,89.91,-17.7,23.81,9.59,26.59,50.0,0,0,1,0,0
2026-01-01T01:39:46Z,leak,LEAK,8499.0,39.97,89.44,-18.16,24.0,9.5,26.61,49.96,0,0,1,0,0
2026-01-01T01:39:47Z,leak,LEAK,8498.4,39.89,89.25,-18.32,24.14,9.69,26.48,49.98,0,0,1,0,0
2026-01-01T01:39:48Z,leak,LEAK,8488.0,39.62,89.51,-18.35,23.96,9.47,26.63,50.03,0,0,1,0,0
2026-01-01T01:39:49Z,leak,LEAK,8492.4,40.26,90.3,-17.45,24.11,9.55,26.76,50.01,0,0,1,0,0
2026-01-01T01:39:50Z,leak,LEAK,8478.6,40.04,90.85,-18.07,23.83,9.57,26.58,50.06,0,0,1,0,0
2026-01-01T01:39:51Z,leak,LEAK,8483.7,39.81,89.94,-17.96,24.1,9.73,26.56,50.02,0,0,1,0,0
2026-01-01T01:39:52Z,leak,LEAK,8490.2,39.95,90.16,-17.78,24.1,9.59,26.62,50.03,0,0,1,0,0
2026-01-01T01:39:53Z,leak,LEAK,8477.6,40.08,90.0,-17.11,24.0,9.59,26.58,50.11,0,0,1,0,0
2026-01-01T01:39:54Z,leak,LEAK,8472.9,40.24,89.7,-18.29,23.97,9.73,26.57,49.96,0,0,1,0,0
2026-01-01T01:39:55Z,leak,LEAK,8491.2,40.33,89.9,-17.46,24.28,9.6,26.72,50.06,0,0,1,0,0
2026-01-01T01:39:56Z,leak,LEAK,8470.7,40.0,90.05,-17.93,24.0,9.72,26.7,49.95,0,0,1,0,0
2026-01-01T01:39:57Z,leak,LEAK,8481.6,39.84,89.39,-18.53,24.01,9.74,26.55,50.04,0,0,1,0,0
2026-01-01T01:39:58Z,leak,LEAK,8480.9,40.41,90.02,-18.7,24.01,9.46,26.68,50.06,0,0,1,0,0
2026-01-01T01:39:59Z,leak,LEAK,8477.3,39.76,90.14,-18.58,24.04,9.75,26.54,50.04,0,0,1,0,0
2026-01-01T01:40:00Z,leak,LEAK,8469.2,39.97,90.25,-17.62,23.85,9.54,26.69,50.0,0,0,1,0,0
2026-01-01T01:40:01Z,leak,LEAK,8486.6,40.0,89.84,-18.38,24.18,9.64,26.53,49.93,0,0,1,0,0
2026-01-01T01:40:02Z,leak,LEAK,8471.4,39.89,89.28,-18.16,23.99,9.51,26.76,50.04,0,0,1,0,0
2026-01-01T01:40:03Z,leak,LEAK,8498.9,40.07,89.79,-16.89,23.88,9.68,26.87,49.95,0,0,1,0,0
2026-01-01T01:40:04Z,leak,LEAK,8484.2,40.39,89.97,-18.79,24.09,9.64,26.75,50.07,0,0,1,0,0
2026-01-01T01:40:05Z,leak,LEAK,8461.6,40.15,89.9,-17.8,24.1,9.64,26.39,50.04,0,0,1,0,0
2026-01-01T01:40:06Z,leak,LEAK,8476.8,39.77,89.34,-17.72,23.96,9.45,26.55,50.01,0,0,1,0,0
2026-01-01T01:40:07Z,leak,LEAK,8484.0,40.11,89.38,-17.49,23.99,9.71,26.8,49.98,0,0,1,0,0
2026-01-01T01:40:08Z,leak,LEAK,8464.2,39.94,89.29,-17.41,23.97,9.75,26.72,50.03,0,0,1,0,0
2026-01-01T01:40:09Z,leak,LEAK,8467.1,40.04,89.8,-17.71,24.15,9.58,26.58,50.0,0,0,1,0,0
2026-01-01T01:40:10Z,leak,LEAK,8478.3,40.16,89.81,-18.24,23.9,9.58,26.63,50.02,0,0,1,0,0
2026-01-01T01:40:11Z,leak,LEAK,8465.9,39.98,89.79,-17.53,23.92,9.61,26.63,50.02,0,0,1,0,0
2026-01-01T01:40:12Z,leak,LEAK,8456.0,39.93,90.04,-17.6,23.97,9.52,26.75,50.0,0,0,1,0,0
2026-01-01T01:40:13Z,leak,LEAK,8480.0,39.86,90.06,-18.5,23.98,9.51,26.72,49.91,0,0,1,0,0
2026-01-01T01:40:14Z,leak,LEAK,8478.7,40.05,89.21,-18.32,23.86,9.66,26.68,49.97,0,0,1,0,0
2026-01-01T01:40:15Z,leak,LEAK,8461.4,39.85,90.15,-19.43,23.92,9.39,26.77,50.02,0,0,1,0,0
2026-01-01T01:40:16Z,leak,LEAK,8474.7,40.04,89.35,-17.93,23.98,9.49,26.68,50.09,0,0,1,0,0
2026-01-01T01:40:17Z,leak,LEAK,8470.5,39.95,90.65,-18.05,23.93,9.53,26.68,49.94,0,0,1,0,0
2026-01-01T01:40:18Z,leak,LEAK,8458.9,39.74,89.32,-18.42,24.03,9.64,26.53,50.04,0,0,1,0,0
2026-01-01T01:40:19Z,leak,LEAK,8449.5,40.21,89.69,-18.44,24.01,9.84,26.83,50.0,0,0,1,0,0
2026-01-01T01:40:20Z,leak,LEAK,8470.8,40.26,89.61,-18.98,23.9,9.62,26.93,49.89,0,0,1,0,0
2026-01-01T01:40:21Z,leak,LEAK,8437.7,40.08,89.06,-17.75,24.1,9.48,26.76,49.99,0,0,1,0,0
2026-01-01T01:40:22Z,leak,LEAK,8444.9,40.31,89.16,-17.53,24.23,9.61,26.52,49.99,0,0,1,0,0
2026-01-01T01:40:23Z,leak,LEAK,8470.8,40.41,90.07,-17.89,24.02,9.6,26.6,49.94,0,0,1,0,0
2026-01-01T01:40:24Z,leak,LEAK,8452.8,39.94,89.27,-17.5,24.21,9.5,26.76,50.07,0,0,1,0,0
2026-01-01T01:40:25Z,leak,LEAK,8444.4,39.66,89.87,-18.29,23.93,9.68,26.76,50.03,0,0,1,0,0
2026-01-01T01:40:26Z,leak,LEAK,8467.6,40.19,88.93,-18.16,23.99,9.64,26.61,49.94,0,0,1,0,0
2026-01-01T01:40:27Z,leak,LEAK,8440.1,39.87,90.02,-18.27,23.94,9.56,26.86,50.02,0,0,1,0,0
2026-01-01T01:40:28Z,leak,LEAK,8446.9,40.24,89.46,-18.08,24.16,9.61,26.69,49.95,0,0,1,0,0
2026-01-01T01:40:29Z,leak,LEAK,8448.9,40.05,90.07,-18.79,24.06,9.81,26.72,49.99,0,0,1,0,0
2026-01-01T01:40:30Z,leak,LEAK,8463.0,40.3,89.36,-17.24,23.95,9.6,26.69,50.01,0,0,1,0,0
2026-01-01T01:40:31Z,leak,LEAK,8459.3,40.03,89.65,-18.35,23.96,9.59,26.7,50.06,0,0,1,0,0
2026-01-01T01:40:32Z,leak,LEAK,8462.7,39.77,88.81,-18.42,24.08,9.54,26.5,50.0,0,0,1,0,0
2026-01-01T01:40:33Z,leak,LEAK,8449.6,40.35,89.69,-17.62,23.97,9.63,26.7,50.03,0,0,1,0,0
2026-01-01T01:40:34Z,leak,LEAK,8455.5,39.81,89.61,-17.78,24.12,9.68,26.91,50.03,0,0,1,0,0
2026-01-01T01:40:35Z,leak,LEAK,8430.5,39.91,89.0,-18.09,23.98,9.83,27.01,50.06,0,0,1,0,0
2026-01-01T01:40:36Z,leak,LEAK,8445.2,40.03,89.95,-18.45,24.1,9.56,26.88,50.0,0,0,1,0,0
2026-01-01T01:40:37Z,leak,LEAK,8440.0,39.91,88.53,-18.0,24.23,9.68,26.77,50.06,0,0,1,0,0
2026-01-01T01:40:38Z,leak,LEAK,8441.1,39.99,89.26,-17.83,24.17,9.63,26.74,49.91,0,0,1,0,0
2026-01-01T01:40:39Z,leak,LEAK,8442.1,40.01,89.22,-18.35,23.86,9.46,26.65,50.08,0,0,1,0,0
2026-01-01T01:40:40Z,leak,LEAK,8455.7,40.32,89.63,-18.85,24.02,9.69,26.66,50.04,0,0,1,0,0
2026-01-01T01:40:41Z,leak,LEAK,8448.1,39.84,90.83,-17.51,23.82,9.82,26.64,49.94,0,0,1,0,0
2026-01-01T01:40:42Z,leak,LEAK,8449.2,39.77,89.28,-18.5,23.79,9.62,26.83,50.09,0,0,1,0,0
2026-01-01T01:40:43Z,leak,LEAK,8416.3,39.77,88.45,-18.57,23.97,9.67,26.59,50.02,0,0,1,0,0
2026-01-01T01:40:44Z,leak,LEAK,8440.6,39.95,89.8,-17.06,24.15,9.69,26.82,49.92,0,0,1,0,0
2026-01-01T01:40:45Z,leak,LEAK,8454.7,39.85,89.68,-17.97,24.07,9.68,26.82,49.94,0,0,1,0,0
2026-01-01T01:40:46Z,leak,LEAK,8451.8,39.82,89.28,-17.65,23.97,9.55,26.94,50.05,0,0,1,0,0
2026-01-01T01:40:47Z,leak,LEAK,8432.0,39.95,88.9,-18.68,24.08,9.69,26.85,50.07,0,0,1,0,0
2026-01-01T01:40:48Z,leak,LEAK,8419.3,39.89,90.23,-18.28,24.22,9.61,26.76,49.99,0,0,1,0,0
2026-01-01T01:40:49Z,leak,LEAK,8432.8,40.55,89.39,-17.38,24.0,9.58,26.78,50.03,0,0,1,0,0
2026-01-01T01:40:50Z,leak,LEAK,8441.2,40.39,88.99,-18.04,24.05,9.68,26.7,50.12,0,0,1,0,0
2026-01-01T01:40:51Z,leak,LEAK,8442.0,39.89,89.38,-18.13,23.95,9.52,26.78,50.0,0,0,1,0,0
2026-01-01T01:40:52Z,leak,LEAK,8428.2,39.57,88.95,-18.21,24.12,9.49,26.73,49.99,0,0,1,0,0
2026-01-01T01:40:53Z,leak,LEAK,8442.0,39.65,89.56,-17.93,23.97,9.67,26.67,49.98,0,0,1,0,0
2026-01-01T01:40:54Z,leak,LEAK,8434.4,39.83,88.73,-18.16,24.11,9.63,26.66,49.92,0,0,1,0,0
2026-01-01T01:40:55Z,leak,LEAK,8435.0,39.74,89.3,-18.23,23.98,9.72,26.64,49.99,0,0,1,0,0
2026-01-01T01:40:56Z,leak,LEAK,8420.3,40.28,88.75,-18.66,24.06,9.65,26.78,50.01,0,0,1,0,0
2026-01-01T01:40:57Z,leak,LEAK,8418.3,39.85,89.31,-17.45,24.2,9.64,26.74,50.03,0,0,1,0,0
2026-01-01T01:40:58Z,leak,LEAK,8440.8,39.63,88.84,-17.61,23.87,9.75,26.79,50.04,0,0,1,0,0
2026-01-01T01:40:59Z,leak,LEAK,8430.3,39.72,88.84,-17.65,24.03,9.5,26.74,50.05,0,0,1,0,0
2026-01-01T01:41:00Z,leak,LEAK,8419.1,40.22,89.48,-17.69,23.97,9.77,26.97,50.08,0,0,1,0,0
2026-01-01T01:41:01Z,leak,LEAK,8408.9,39.86,89.5,-17.56,24.12,9.58,26.78,50.07,0,0,1,0,0
2026-01-01T01:41:02Z,leak,LEAK,8416.0,39.97,88.89,-17.04,23.93,9.58,26.85,50.04,0,0,1,0,0
2026-01-01T01:41:03Z,leak,LEAK,8438.9,39.89,89.28,-18.33,23.98,9.57,26.88,50.07,0,0,1,0,0
2026-01-01T01:41:04Z,leak,LEAK,8428.0,40.2,89.75,-19.11,24.05,9.56,26.73,50.0,0,0,1,0,0
2026-01-01T01:41:05Z,leak,LEAK,8420.7,40.21,89.69,-18.77,23.84,9.66,26.86,50.07,0,0,1,0,0
2026-01-01T01:41:06Z,leak,LEAK,8424.9,39.91,89.27,-18.2,23.94,9.41,26.65,49.96,0,0,1,0,0
2026-01-01T01:41:07Z,leak,LEAK,8415.5,40.21,88.94,-18.53,24.17,9.54,26.82,49.98,0,0,1,0,0
2026-01-01T01:41:08Z,leak,LEAK,8411.0,39.75,88.99,-18.71,23.96,9.72,26.82,50.04,0,0,1,0,0
2026-01-01T01:41:09Z,leak,LEAK,8425.8,39.9,88.59,-17.9,23.86,9.68,26.8,50.04,0,0,1,0,0
2026-01-01T01:41:10Z,leak,LEAK,8407.8,40.02,89.51,-18.4,23.93,9.6,26.84,50.03,0,0,1,0,0
2026-01-01T01:41:11Z,leak,LEAK,8428.6,40.17,88.9,-18.22,23.95,9.72,26.91,49.99,0,0,1,0,0
2026-01-01T01:41:12Z,leak,LEAK,8437.5,40.28,88.68,-18.05,23.97,9.67,26.96,50.02,0,0,1,0,0
2026-01-01T01:41:13Z,leak,LEAK,8421.2,39.71,90.11,-17.72,23.96,9.53,26.93,49.98,0,0,1,0,0
2026-01-01T01:41:14Z,leak,LEAK,8401.0,40.68,87.93,-17.94,24.01,9.58,26.9,49.96,0,0,1,0,0
2026-01-01T01:41:15Z,leak,LEAK,8426.7,40.12,88.96,-18.43,24.3,9.49,26.8,50.05,0,0,1,0,0
2026-01-01T01:41:16Z,leak,LEAK,8421.3,40.19,89.57,-18.07,23.99,9.56,26.85,50.07,0,0,1,0,0
2026-01-01T01:41:17Z,leak,LEAK,8415.0,40.0,89.42,-17.99,23.9,9.7,26.82,49.96,0,0,1,0,0
2026-01-01T01:41:18Z,leak,LEAK,8411.4,40.14,88.92,-17.69,24.09,9.49,26.79,50.08,0,0,1,0,0
2026-01-01T01:41:19Z,leak,LEAK,8396.7,39.9,89.06,-17.91,24.04,9.56,26.75,50.05,0,0,1,0,0
2026-01-01T01:41:20Z,leak,LEAK,8421.9,39.8,88.8,-18.08,23.79,9.57,26.78,50.04,0,0,1,0,0
2026-01-01T01:41:21Z,leak,LEAK,8395.2,39.93,88.84,-19.35,23.99,9.58,26.86,49.99,0,0,1,0,0
2026-01-01T01:41:22Z,leak,LEAK,8430.0,39.85,89.06,-18.49,24.0,9.61,26.89,50.0,0,0,1,0,0
2026-01-01T01:41:23Z,leak,LEAK,8410.0,39.86,89.08,-18.25,23.98,9.58,26.99,50.03,0,0,1,0,0
2026-01-01T01:41:24Z,leak,LEAK,8413.6,40.07,89.45,-17.36,23.89,9.71,27.12,50.14,0,0,1,0,0
2026-01-01T01:41:25Z,leak,LEAK,8415.4,40.12,88.18,-17.98,23.93,9.54,26.88,50.03,0,0,1,0,0
2026-01-01T01:41:26Z,leak,LEAK,8420.8,39.9,89.76,-17.82,24.0,9.67,26.93,50.09,0,0,1,0,0
2026-01-01T01:41:27Z,leak,LEAK,8420.4,40.29,88.85,-18.4,23.97,9.58,26.94,49.92,0,0,1,0,0
2026-01-01T01:41:28Z,leak,LEAK,8427.7,39.61,88.15,-18.41,24.02,9.41,27.02,50.04,0,0,1,0,0
2026-01-01T01:41:29Z,leak,LEAK,8402.9,40.23,88.85,-17.89,24.09,9.64,26.91,50.0,0,0,1,0,0
2026-01-01T01:41:30Z,leak,LEAK,8395.9,39.88,89.31,-17.68,24.09,9.61,26.89,50.08,0,0,1,0,0
2026-01-01T01:41:31Z,leak,LEAK,8424.7,40.26,88.87,-17.14,23.85,9.48,26.86,49.95,0,0,1,0,0
2026-01-01T01:41:32Z,leak,LEAK,8395.6,40.15,90.45,-18.23,24.05,9.68,26.85,50.09,0,0,1,0,0
2026-01-01T01:41:33Z,leak,LEAK,8406.5,40.03,89.67,-17.4,23.94,9.57,26.93,50.04,0,0,1,0,0
2026-01-01T01:41:34Z,leak,LEAK,8401.6,40.17,89.35,-18.17,23.95,9.53,26.82,49.98,0,0,1,0,0
2026-01-01T01:41:35Z,leak,LEAK,8419.0,39.85,89.18,-17.85,23.8,9.62,26.85,50.06,0,0,1,0,0
2026-01-01T01:41:36Z,leak,LEAK,8400.0,39.85,88.72,-17.74,24.1,9.76,26.96,49.93,0,0,1,0,0
2026-01-01T01:41:37Z,leak,LEAK,8400.9,39.88,88.49,-17.76,23.91,9.64,26.84,50.05,0,0,1,0,0
2026-01-01T01:41:38Z,leak,LEAK,8411.2,40.32,89.29,-17.88,24.06,9.63,26.92,49.92,0,0,1,0,0
2026-01-01T01:41:39Z,leak,LEAK,8397.5,39.98,89.27,-17.16,24.01,9.54,26.86,50.08,0,0,1,0,0
2026-01-01T01:41:40Z,leak,LEAK,8410.4,40.35,88.84,-17.16,23.91,9.75,26.88,50.06,0,0,1,0,0
2026-01-01T01:41:41Z,leak,LEAK,8404.5,39.86,88.51,-17.72,24.05,9.75,26.85,50.04,0,0,1,0,0
2026-01-01T01:41:42Z,leak,LEAK,8405.2,40.05,89.78,-18.92,23.91,9.38,26.78,50.11,0,0,1,0,0
2026-01-01T01:41:43Z,leak,LEAK,8398.6,40.19,88.86,-18.37,23.82,9.77,27.09,50.01,0,0,1,0,0
2026-01-01T01:41:44Z,leak,LEAK,8420.6,39.91,88.45,-18.7,23.99,9.54,26.92,49.94,0,0,1,0,0
2026-01-01T01:41:45Z,leak,LEAK,8416.0,39.95,88.58,-17.05,24.03,9.6,26.94,49.99,0,0,1,0,0
2026-01-01T01:41:46Z,leak,LEAK,8405.1,40.04,89.13,-17.79,24.08,9.7,26.97,49.99,0,0,1,0,0
2026-01-01T01:41:47Z,leak,LEAK,8419.4,40.21,88.73,-18.2,24.05,9.72,26.96,49.99,0,0,1,0,0
2026-01-01T01:41:48Z,leak,LEAK,8427.2,39.93,88.71,-17.8,24.11,9.72,26.92,49.98,0,0,1,0,0
2026-01-01T01:41:49Z,leak,LEAK,8403.2,40.13,88.57,-17.93,24.09,9.62,26.98,49.96,0,0,1,0,0
2026-01-01T01:41:50Z,leak,LEAK,8393.2,39.94,88.15,-18.28,24.03,9.35,26.87,49.94,0,0,1,0,0
2026-01-01T01:41:51Z,leak,LEAK,8403.7,39.91,89.28,-17.44,24.08,9.8,26.9,49.95,0,0,1,0,0
2026-01-01T01:41:52Z,leak,LEAK,8393.8,40.3,88.36,-17.61,24.04,9.75,26.99,49.94,0,0,1,0,0
2026-01-01T01:41:53Z,leak,LEAK,8403.9,40.05,89.33,-18.32,24.1,9.65,27.0,50.07,0,0,1,0,0
2026-01-01T01:41:54Z,leak,LEAK,8409.4,40.1,88.71,-17.53,24.13,9.59,26.79,50.01,0,0,1,0,0
2026-01-01T01:41:55Z,leak,LEAK,8407.6,40.17,89.74,-18.71,23.96,9.67,27.07,49.99,0,0,1,0,0
2026-01-01T01:41:56Z,leak,LEAK,8416.0,40.03,88.59,-18.35,23.97,9.57,26.93,49.99,0,0,1,0,0
2026-01-01T01:41:57Z,leak,LEAK,8398.5,39.8,90.41,-18.58,23.88,9.54,26.96,50.06,0,0,1,0,0
2026-01-01T01:41:58Z,leak,LEAK,8412.0,40.16,88.35,-18.83,23.94,9.54,27.15,49.98,0,0,1,0,0
2026-01-01T01:41:59Z,leak,LEAK,8392.1,40.05,89.58,-16.86,24.13,9.68,26.99,50.0,0,0,1,0,0
2026-01-01T01:42:00Z,leak,LEAK,8409.2,40.1,87.88,-17.96,23.9,9.59,26.99,50.11,0,0,1,0,0
2026-01-01T01:42:01Z,leak,LEAK,8392.8,40.05,89.28,-17.02,24.12,9.63,27.0,49.94,0,0,1,0,0
2026-01-01T01:42:02Z,leak,LEAK,8392.3,40.12,88.02,-17.57,23.82,9.56,26.98,49.97,0,0,1,0,0
2026-01-01T01:42:03Z,leak,LEAK,8410.1,40.08,89.12,-18.09,23.95,9.51,27.05,49.94,0,0,1,0,0
2026-01-01T01:42:04Z,leak,LEAK,8396.4,40.26,89.16,-18.28,23.92,9.53,26.83,50.07,0,0,1,0,0
2026-01-01T01:42:05Z,leak,LEAK,8400.9,39.92,88.68,-17.55,24.03,9.61,26.96,50.02,0,0,1,0,0
2026-01-01T01:42:06Z,leak,LEAK,8397.9,39.91,88.72,-17.55,23.87,9.55,27.12,49.99,0,0,1,0,0
2026-01-01T01:42:07Z,leak,LEAK,8387.7,39.92,87.8,-18.94,24.06,9.54,26.95,50.03,0,0,1,0,0
2026-01-01T01:42:08Z,leak,LEAK,8411.2,40.15,89.0,-18.3,24.07,9.65,27.11,49.92,0,0,1,0,0
2026-01-01T01:42:09Z,leak,LEAK,8391.0,40.09,88.43,-18.66,24.01,9.39,26.97,50.01,0,0,1,0,0
2026-01-01T01:42:10Z,leak,LEAK,8398.5,40.29,89.52,-18.57,23.98,9.46,26.99,50.02,0,0,1,0,0
2026-01-01T01:42:11Z,leak,LEAK,8416.6,39.93,88.84,-17.55,24.09,9.63,26.87,49.93,0,0,1,0,0
2026-01-01T01:42:12Z,leak,LEAK,8395.3,39.8,88.92,-17.71,23.92,9.54,26.97,50.05,0,0,1,0,0
2026-01-01T01:42:13Z,leak,LEAK,8406.2,40.06,89.1,-18.4,24.1,9.72,26.9,49.93,0,0,1,0,0
2026-01-01T01:42:14Z,leak,LEAK,8400.1,39.87,88.59,-17.43,24.0,9.58,26.94,50.04,0,0,1,0,0
2026-01-01T01:42:15Z,leak,LEAK,8396.4,39.98,88.81,-17.31,24.1,9.71,27.1,49.97,0,0,1,0,0
2026-01-01T01:42:16Z,leak,LEAK,8408.4,39.68,88.37,-17.57,24.0,9.54,27.02,49.88,0,0,1,0,0
2026-01-01T01:42:17Z,leak,LEAK,8382.5,40.16,89.18,-17.97,23.97,9.56,27.06,50.07,0,0,1,0,0
2026-01-01T01:42:18Z,leak,LEAK,8401.7,39.8,89.91,-18.41,24.02,9.48,26.87,49.96,0,0,1,0,0
2026-01-01T01:42:19Z,leak,LEAK,8407.8,40.23,89.32,-18.56,24.11,9.61,26.96,50.1,0,0,1,0,0
2026-01-01T01:42:20Z,leak,LEAK,8415.7,40.22,88.87,-17.82,23.86,9.63,26.97,50.05,0,0,1,0,0
2026-01-01T01:42:21Z,leak,LEAK,8413.4,40.29,89.24,-18.23,24.0,9.6,26.89,50.03,0,0,1,0,0
2026-01-01T01:42:22Z,leak,LEAK,8393.9,39.82,88.49,-17.94,23.83,9.64,26.98,50.02,0,0,1,0,0
2026-01-01T01:42:23Z,leak,LEAK,8410.6,40.23,88.79,-17.67,24.07,9.61,27.02,49.97,0,0,1,0,0
2026-01-01T01:42:24Z,leak,LEAK,8384.5,40.3,88.48,-17.73,24.0,9.82,27.04,50.1,0,0,1,0,0
2026-01-01T01:42:25Z,leak,LEAK,8405.1,40.04,89.38,-17.72,24.01,9.68,26.79,49.98,0,0,1,0,0
2026-01-01T01:42:26Z,leak,LEAK,8399.3,40.1,88.77,-18.28,23.86,9.75,27.17,50.01,0,0,1,0,0
2026-01-01T01:42:27Z,leak,LEAK,8375.7,39.55,88.49,-18.57,23.95,9.72,26.97,50.05,0,0,1,0,0
2026-01-01T01:42:28Z,leak,LEAK,8394.6,40.12,89.45,-18.61,23.96,9.62,26.88,50.03,0,0,1,0,0
2026-01-01T01:42:29Z,leak,LEAK,8406.9,39.93,89.94,-17.43,23.97,9.66,26.97,49.97,0,0,1,0,0
2026-01-01T01:42:30Z,leak,LEAK,8407.2,40.14,89.04,-17.58,23.91,9.46,27.03,49.94,0,0,1,0,0
2026-01-01T01:42:31Z,leak,LEAK,8402.7,39.74,88.79,-18.65,23.78,9.75,26.85,50.02,0,0,1,0,0
2026-01-01T01:42:32Z,leak,LEAK,8408.9,40.0,89.29,-17.33,23.72,9.61,26.96,50.0,0,0,1,0,0
2026-01-01T01:42:33Z,leak,LEAK,8398.1,40.04,89.21,-17.28,24.03,9.46,26.96,50.01,0,0,1,0,0
2026-01-01T01:42:34Z,leak,LEAK,8392.2,40.52,88.89,-18.0,24.2,9.53,27.07,50.0,0,0,1,0,0
2026-01-01T01:42:35Z,leak,LEAK,8411.3,40.22,89.66,-18.19,23.93,9.57,27.07,49.94,0,0,1,0,0
2026-01-01T01:42:36Z,leak,LEAK,8419.8,40.35,88.73,-18.24,24.21,9.5,27.09,50.1,0,0,1,0,0
2026-01-01T01:42:37Z,leak,LEAK,8402.0,39.87,89.81,-18.86,23.99,9.69,26.95,50.05,0,0,1,0,0
2026-01-01T01:42:38Z,leak,LEAK,8390.5,40.14,89.04,-18.68,23.87,9.66,26.86,50.04,0,0,1,0,0
2026-01-01T01:42:39Z,leak,LEAK,8412.1,39.91,88.18,-18.07,24.18,9.61,26.95,49.97,0,0,1,0,0
2026-01-01T01:42:40Z,leak,LEAK,8412.8,40.2,88.13,-18.34,23.95,9.36,27.04,49.91,0,0,1,0,0
2026-01-01T01:42:41Z,leak,LEAK,8418.1,40.0,88.1,-17.51,24.09,9.69,27.15,50.04,0,0,1,0,0
2026-01-01T01:42:42Z,leak,LEAK,8403.1,40.09,88.72,-18.06,23.99,9.51,27.23,49.96,0,0,1,0,0
2026-01-01T01:42:43Z,leak,LEAK,8403.1,39.64,88.33,-18.18,23.93,9.74,26.82,50.06,0,0,1,0,0
2026-01-01T01:42:44Z,leak,LEAK,8398.2,39.99,89.29,-17.51,23.86,9.54,27.13,50.04,0,0,1,0,0
2026-01-01T01:42:45Z,leak,LEAK,8405.1,39.74,88.83,-17.87,24.13,9.55,26.93,49.98,0,0,1,0,0
2026-01-01T01:42:46Z,leak,LEAK,8402.3,39.51,88.33,-17.8,24.1,9.54,26.98,49.99,0,0,1,0,0
2026-01-01T01:42:47Z,leak,LEAK,8399.6,39.95,89.38,-18.94,24.03,9.76,27.13,49.98,0,0,1,0,0
2026-01-01T01:42:48Z,leak,LEAK,8416.3,39.54,88.96,-18.2,24.11,9.63,27.16,50.01,0,0,1,0,0
2026-01-01T01:42:49Z,leak,LEAK,8410.8,40.11,88.08,-18.16,23.92,9.7,26.87,50.09,0,0,1,0,0
2026-01-01T01:42:50Z,leak,LEAK,8418.9,40.18,88.74,-18.16,24.11,9.57,26.99,50.01,0,0,1,0,0
2026-01-01T01:42:51Z,leak,LEAK,8409.5,40.19,88.65,-18.12,23.88,9.54,26.94,50.02,0,0,1,0,0
2026-01-01T01:42:52Z,leak,LEAK,8412.6,40.1,89.05,-18.69,23.84,9.6,27.04,49.98,0,0,1,0,0
2026-01-01T01:42:53Z,leak,LEAK,8412.5,39.8,89.34,-17.47,23.73,9.66,27.15,49.97,0,0,1,0,0
2026-01-01T01:42:54Z,leak,LEAK,8407.9,40.02,88.6,-18.13,24.12,9.73,27.04,49.92,0,0,1,0,0
2026-01-01T01:42:55Z,leak,LEAK,8412.9,39.85,88.74,-17.28,24.03,9.51,26.91,50.01,0,0,1,0,0
2026-01-01T01:42:56Z,leak,LEAK,8413.3,39.93,89.61,-17.91,23.95,9.74,27.05,49.94,0,0,1,0,0
2026-01-01T01:42:57Z,leak,LEAK,8414.1,39.74,89.43,-17.58,23.97,9.61,27.04,49.95,0,0,1,0,0
2026-01-01T01:42:58Z,leak,LEAK,8410.8,40.01,89.41,-17.99,24.06,9.57,27.03,50.03,0,0,1,0,0
2026-01-01T01:42:59Z,leak,LEAK,8423.4,40.16,90.14,-16.99,23.96,9.47,26.91,49.98,0,0,1,0,0
2026-01-01T01:43:00Z,leak,LEAK,8415.1,40.26,90.84,-18.05,24.0,9.52,27.0,50.0,0,0,1,0,0
2026-01-01T01:43:01Z,leak,LEAK,8409.3,40.14,89.4,-18.39,24.06,9.48,26.78,49.96,0,0,1,0,0
2026-01-01T01:43:02Z,leak,LEAK,8416.6,39.98,87.67,-18.17,23.9,9.46,27.11,50.06,0,0,1,0,0
2026-01-01T01:43:03Z,leak,LEAK,8420.0,40.1,89.2,-17.26,23.95,9.63,27.03,49.95,0,0,1,0,0
2026-01-01T01:43:04Z,leak,LEAK,8403.3,39.97,89.82,-18.91,23.94,9.51,27.05,50.04,0,0,1,0,0
2026-01-01T01:43:05Z,leak,LEAK,8413.2,40.03,89.39,-18.26,23.98,9.52,27.08,50.01,0,0,1,0,0
2026-01-01T01:43:06Z,leak,LEAK,8418.6,39.95,89.31,-18.36,23.98,9.76,27.13,50.08,0,0,1,0,0
2026-01-01T01:43:07Z,leak,LEAK,8415.5,39.87,88.52,-17.27,24.01,9.72,27.13,50.04,0,0,1,0,0
2026-01-01T01:43:08Z,leak,LEAK,8399.1,40.19,88.96,-17.48,24.04,9.53,26.79,50.01,0,0,1,0,0
2026-01-01T01:43:09Z,leak,LEAK,8425.1,40.39,90.06,-17.61,24.03,9.39,27.04,49.94,0,0,1,0,0
2026-01-01T01:43:10Z,leak,LEAK,8426.4,39.91,89.68,-18.76,24.1,9.48,27.04,49.95,0,0,1,0,0
2026-01-01T01:43:11Z,leak,LEAK,8393.7,39.93,89.14,-18.15,23.99,9.63,27.03,50.08,0,0,1,0,0
2026-01-01T01:43:12Z,leak,LEAK,8416.1,40.18,89.36,-19.3,23.88,9.59,27.14,50.01,0,0,1,0,0
2026-01-01T01:43:13Z,leak,LEAK,8428.8,39.94,89.52,-18.62,23.96,9.66,27.07,50.03,0,0,1,0,0
2026-01-01T01:43:14Z,leak,LEAK,8414.9,40.04,88.6,-17.85,23.9,9.54,27.07,49.96,0,0,1,0,0
2026-01-01T01:43:15Z,leak,LEAK,8416.1,40.22,89.2,-18.88,24.12,9.57,27.01,49.97,0,0,1,0,0
2026-01-01T01:43:16Z,leak,LEAK,8425.3,39.96,88.02,-17.99,24.0,9.51,27.09,50.04,0,0,1,0,0
2026-01-01T01:43:17Z,leak,LEAK,8420.2,39.68,87.57,-17.75,24.13,9.59,27.02,50.06,0,0,1,0,0
2026-01-01T01:43:18Z,leak,LEAK,8426.0,39.95,88.88,-18.74,24.03,9.55,26.83,49.93,0,0,1,0,0
2026-01-01T01:43:19Z,leak,LEAK,8424.2,39.85,89.15,-17.6,23.97,9.69,26.83,50.02,0,0,1,0,0
2026-01-01T01:43:20Z,leak,LEAK,8415.5,40.34,88.78,-18.14,23.83,9.51,26.99,50.0,0,0,1,0,0
2026-01-01T01:43:21Z,leak,LEAK,8430.5,40.12,88.32,-18.13,24.01,9.68,27.04,50.0,0,0,1,0,0
2026-01-01T01:43:22Z,leak,LEAK,8418.7,39.94,89.72,-17.64,24.02,9.71,26.89,50.03,0,0,1,0,0
2026-01-01T01:43:23Z,leak,LEAK,8412.8,40.03,89.58,-18.21,23.98,9.47,26.95,50.05,0,0,1,0,0
2026-01-01T01:43:24Z,leak,LEAK,8426.7,39.76,89.89,-18.47,24.23,9.56,26.91,50.0,0,0,1,0,0
2026-01-01T01:43:25Z,leak,LEAK,8419.4,40.23,89.24,-18.17,24.08,9.66,26.92,50.02,0,0,1,0,0
2026-01-01T01:43:26Z,leak,LEAK,8425.9,39.85,89.13,-17.56,23.82,9.67,26.9,50.08,0,0,1,0,0
2026-01-01T01:43:27Z,leak,LEAK,8433.5,40.31,89.25,-18.5,24.09,9.84,27.05,50.06,0,0,1,0,0
2026-01-01T01:43:28Z,leak,LEAK,8416.9,39.9,90.41,-18.4,23.81,9.49,27.07,49.98,0,0,1,0,0
2026-01-01T01:43:29Z,leak,LEAK,8420.4,39.62,89.8,-17.71,24.03,9.61,26.99,49.95,0,0,1,0,0
2026-01-01T01:43:30Z,leak,LEAK,8437.2,39.6,89.2,-17.46,24.1,9.67,26.88,50.05,0,0,1,0,0
2026-01-01T01:43:31Z,leak,LEAK,8429.8,40.18,89.93,-18.29,24.13,9.53,26.99,49.96,0,0,1,0,0
2026-01-01T01:43:32Z,leak,LEAK,8447.9,40.1,88.82,-17.59,24.08,9.44,27.0,49.96,0,0,1,0,0
2026-01-01T01:43:33Z,leak,LEAK,8438.7,39.95,89.53,-18.22,23.96,9.52,26.87,50.04,0,0,1,0,0
2026-01-01T01:43:34Z,leak,LEAK,8421.1,40.3,90.45,-18.45,24.02,9.55,26.97,50.0,0,0,1,0,0
2026-01-01T01:43:35Z,leak,LEAK,8416.1,39.96,88.96,-18.66,24.01,9.54,26.89,50.04,0,0,1,0,0
2026-01-01T01:43:36Z,leak,LEAK,8419.0,39.73,89.56,-18.98,24.07,9.75,26.91,50.04,0,0,1,0,0
2026-01-01T01:43:37Z,leak,LEAK,8423.9,40.09,88.95,-19.08,24.07,9.59,26.85,50.08,0,0,1,0,0
2026-01-01T01:43:38Z,leak,LEAK,8436.3,39.77,89.22,-17.84,23.96,9.6,26.8,50.04,0,0,1,0,0
2026-01-01T01:43:39Z,leak,LEAK,8429.1,39.78,90.04,-18.23,24.03,9.54,27.01,49.99,0,0,1,0,0
2026-01-01T01:43:40Z,leak,LEAK,8422.4,39.82,88.76,-17.99,24.14,9.75,26.95,50.0,0,0,1,0,0
2026-01-01T01:43:41Z,leak,LEAK,8433.3,39.86,88.69,-18.32,24.03,9.73,26.94,50.02,0,0,1,0,0
2026-01-01T01:43:42Z,leak,LEAK,8417.5,40.02,88.7,-17.7,24.11,9.41,26.87,49.94,0,0,1,0,0
2026-01-01T01:43:43Z,leak,LEAK,8457.5,40.04,89.7,-17.88,24.0,9.6,27.0,49.95,0,0,1,0,0
2026-01-01T01:43:44Z,leak,LEAK,8422.4,40.02,89.54,-18.62,23.89,9.51,27.09,50.09,0,0,1,0,0
2026-01-01T01:43:45Z,leak,LEAK,8436.9,39.74,89.23,-17.68,23.97,9.58,26.84,49.96,0,0,1,0,0
2026-01-01T01:43:46Z,leak,LEAK,8451.9,40.22,89.34,-18.52,23.98,9.77,26.96,50.02,0,0,1,0,0
2026-01-01T01:43:47Z,leak,LEAK,8418.8,39.75,89.97,-17.63,23.92,9.67,27.15,49.98,0,0,1,0,0
2026-01-01T01:43:48Z,leak,LEAK,8425.3,40.09,89.02,-17.39,23.97,9.45,26.88,49.89,0,0,1,0,0
2026-01-01T01:43:49Z,leak,LEAK,8444.9,39.7,88.97,-18.33,23.98,9.72,26.77,49.93,0,0,1,0,0
2026-01-01T01:43:50Z,leak,LEAK,8437.9,39.98,89.17,-18.17,24.06,9.67,27.0,50.05,0,0,1,0,0
2026-01-01T01:43:51Z,leak,LEAK,8444.0,39.95,89.92,-17.85,24.09,9.59,26.89,50.04,0,0,1,0,0
2026-01-01T01:43:52Z,leak,LEAK,8448.0,40.14,89.42,-18.18,23.99,9.42,26.93,49.92,0,0,1,0,0
2026-01-01T01:43:53Z,leak,LEAK,8430.2,39.93,89.8,-18.28,24.15,9.56,26.97,49.98,0,0,1,0,0
2026-01-01T01:43:54Z,leak,LEAK,8449.0,39.94,88.81,-18.28,24.21,9.69,26.96,49.98,0,0,1,0,0
2026-01-01T01:43:55Z,leak,LEAK,8447.6,39.97,89.41,-17.05,24.07,9.44,26.98,49.97,0,0,1,0,0
2026-01-01T01:43:56Z,leak,LEAK,8463.5,39.97,88.55,-18.24,24.19,9.7,27.03,50.01,0,0,1,0,0
2026-01-01T01:43:57Z,leak,LEAK,8443.1,40.23,89.25,-18.31,23.93,9.68,26.93,49.97,0,0,1,0,0
2026-01-01T01:43:58Z,leak,LEAK,8442.7,39.8,89.4,-17.85,23.99,9.59,26.87,50.08,0,0,1,0,0
2026-01-01T01:43:59Z,leak,LEAK,8444.2,40.27,89.16,-16.94,24.06,9.59,27.08,50.03,0,0,1,0,0
2026-01-01T01:44:00Z,leak,LEAK,8470.3,39.96,89.05,-18.23,23.9,9.52,27.02,50.03,0,0,1,0,0
2026-01-01T01:44:01Z,leak,LEAK,8450.0,39.87,89.52,-18.55,24.12,9.55,27.1,50.05,0,0,1,0,0
2026-01-01T01:44:02Z,leak,LEAK,8439.2,39.88,90.13,-18.13,24.07,9.5,26.99,49.89,0,0,1,0,0
2026-01-01T01:44:03Z,leak,LEAK,8451.0,40.21,89.51,-17.96,23.96,9.58,26.92,49.97,0,0,1,0,0
2026-01-01T01:44:04Z,leak,LEAK,8459.3,39.83,89.86,-18.08,23.98,9.55,27.23,50.06,0,0,1,0,0
2026-01-01T01:44:05Z,leak,LEAK,8452.9,39.96,88.99,-18.08,24.01,9.4,27.01,49.99,0,0,1,0,0
2026-01-01T01:44:06Z,leak,LEAK,8473.5,40.05,89.49,-18.42,24.09,9.65,27.01,49.93,0,0,1,0,0
2026-01-01T01:44:07Z,leak,LEAK,8455.3,39.95,90.13,-18.44,24.09,9.53,26.75,50.04,0,0,1,0,0
2026-01-01T01:44:08Z,leak,LEAK,8462.8,39.93,89.75,-17.53,23.94,9.58,26.98,49.98,0,0,1,0,0
2026-01-01T01:44:09Z,leak,LEAK,8455.7,39.83,89.24,-17.94,24.02,9.71,26.78,50.05,0,0,1,0,0
2026-01-01T01:44:10Z,leak,LEAK,8473.7,39.94,89.78,-17.32,24.04,9.81,26.86,50.14,0,0,1,0,0
2026-01-01T01:44:11Z,leak,LEAK,8466.2,40.32,89.57,-17.45,24.2,9.5,26.81,50.03,0,0,1,0,0
2026-01-01T01:44:12Z,leak,LEAK,8481.9,39.78,89.03,-17.59,24.02,9.66,27.03,50.06,0,0,1,0,0
2026-01-01T01:44:13Z,leak,LEAK,8456.2,40.0,89.14,-18.52,23.87,9.59,27.02,50.01,0,0,1,0,0
2026-01-01T01:44:14Z,leak,LEAK,8450.2,40.31,90.02,-18.21,23.95,9.68,26.9,49.94,0,0,1,0,0
2026-01-01T01:44:15Z,leak,LEAK,8457.2,40.1,90.19,-17.6,24.02,9.65,26.83,49.98,0,0,1,0,0
2026-01-01T01:44:16Z,leak,LEAK,8459.7,39.98,89.12,-18.61,24.04,9.59,26.87,50.03,0,0,1,0,0
2026-01-01T01:44:17Z,leak,LEAK,8438.7,39.93,89.61,-17.77,23.89,9.56,26.84,50.02,0,0,1,0,0
2026-01-01T01:44:18Z,leak,LEAK,8461.1,39.89,89.03,-18.21,23.92,9.61,27.06,49.97,0,0,1,0,0
2026-01-01T01:44:19Z,leak,LEAK,8454.9,39.85,90.74,-17.38,24.04,9.6,26.71,49.98,0,0,1,0,0
2026-01-01T01:44:20Z,leak,LEAK,8493.4,39.99,89.83,-17.48,23.91,9.56,26.99,50.02,0,0,1,0,0
2026-01-01T01:44:21Z,leak,LEAK,8452.2,39.91,89.33,-18.47,23.98,9.52,27.11,49.94,0,0,1,0,0
2026-01-01T01:44:22Z,leak,LEAK,8462.9,40.27,89.11,-18.82,23.74,9.65,26.84,50.02,0,0,1,0,0
2026-01-01T01:44:23Z,leak,LEAK,8477.6,40.06,89.67,-18.44,23.9,9.58,26.87,50.02,0,0,1,0,0
2026-01-01T01:44:24Z,leak,LEAK,8472.9,40.11,89.57,-17.81,24.1,9.48,26.98,50.05,0,0,1,0,0
2026-01-01T01:44:25Z,leak,LEAK,8466.1,39.82,90.42,-17.76,23.98,9.45,26.73,50.04,0,0,1,0,0
2026-01-01T01:44:26Z,leak,LEAK,8481.0,39.93,90.12,-18.77,24.01,9.55,27.05,50.01,0,0,1,0,0
2026-01-01T01:44:27Z,leak,LEAK,8470.9,40.12,89.53,-17.93,24.18,9.6,26.8,50.07,0,0,1,0,0
2026-01-01T01:44:28Z,leak,LEAK,8481.2,40.17,89.9,-17.87,24.25,9.59,26.84,50.02,0,0,1,0,0
2026-01-01T01:44:29Z,leak,LEAK,8468.2,39.73,89.3,-17.56,23.83,9.65,27.08,49.95,0,0,1,0,0
2026-01-01T01:44:30Z,leak,LEAK,8487.5,40.17,90.44,-17.09,24.08,9.76,26.82,50.01,0,0,1,0,0
2026-01-01T01:44:31Z,leak,LEAK,8480.0,40.08,89.95,-17.91,24.0,9.46,27.02,50.03,0,0,1,0,0
2026-01-01T01:44:32Z,leak,LEAK,8487.6,39.98,90.13,-18.07,24.06,9.52,26.84,49.97,0,0,1,0,0
2026-01-01T01:44:33Z,leak,LEAK,8478.3,39.87,89.37,-18.13,23.95,9.56,27.02,50.0,0,0,1,0,0
2026-01-01T01:44:34Z,leak,LEAK,8498.2,40.14,89.37,-18.39,23.86,9.52,26.86,50.06,0,0,1,0,0
2026-01-01T01:44:35Z,leak,LEAK,8475.5,40.19,90.13,-17.98,23.85,9.49,26.81,50.0,0,0,1,0,0
2026-01-01T01:44:36Z,leak,LEAK,8494.9,39.97,89.58,-17.63,23.97,9.65,26.97,50.04,0,0,1,0,0
2026-01-01T01:44:37Z,leak,LEAK,8471.3,40.06,89.72,-17.58,24.07,9.5,26.79,50.05,0,0,1,0,0
2026-01-01T01:44:38Z,leak,LEAK,8484.1,39.97,90.23,-17.81,24.05,9.48,26.79,50.01,0,0,1,0,0
2026-01-01T01:44:39Z,leak,LEAK,8496.7,40.07,90.23,-18.25,23.76,9.76,26.73,50.0,0,0,1,0,0
2026-01-01T01:44:40Z,leak,LEAK,8476.3,39.9,89.95,-17.65,24.01,9.5,26.92,49.99,0,0,1,0,0
2026-01-01T01:44:41Z,leak,LEAK,8496.6,40.19,89.74,-17.73,24.12,9.54,26.89,50.04,0,0,1,0,0
2026-01-01T01:44:42Z,leak,LEAK,8490.3,40.26,90.38,-17.83,23.98,9.55,27.09,50.03,0,0,1,0,0
2026-01-01T01:44:43Z,leak,LEAK,8504.0,40.13,90.53,-18.06,23.96,9.6,26.79,50.03,0,0,1,0,0
2026-01-01T01:44:44Z,leak,LEAK,8483.2,40.34,89.66,-18.73,24.04,9.66,27.01,50.0,0,0,1,0,0
2026-01-01T01:44:45Z,leak,LEAK,8499.9,39.83,89.63,-17.97,24.03,9.61,26.96,50.12,0,0,1,0,0
2026-01-01T01:44:46Z,leak,LEAK,8483.6,40.1,89.61,-17.01,23.92,9.6,26.9,50.05,0,0,1,0,0
2026-01-01T01:44:47Z,leak,LEAK,8494.4,40.25,88.37,-17.21,24.03,9.77,26.96,49.86,0,0,1,0,0
2026-01-01T01:44:48Z,leak,LEAK,8514.2,40.45,89.15,-18.2,23.95,9.66,26.73,50.02,0,0,1,0,0
2026-01-01T01:44:49Z,leak,LEAK,8502.5,39.91,89.86,-18.63,23.96,9.59,26.69,50.04,0,0,1,0,0
2026-01-01T01:44:50Z,leak,LEAK,8498.9,39.73,89.41,-18.41,24.04,9.65,26.96,49.96,0,0,1,0,0
2026-01-01T01:44:51Z,leak,LEAK,8503.0,39.92,90.35,-18.14,23.86,9.6,26.87,50.07,0,0,1,0,0
2026-01-01T01:44:52Z,leak,LEAK,8499.1,39.96,89.52,-18.11,24.12,9.72,26.81,50.01,0,0,1,0,0
2026-01-01T01:44:53Z,leak,LEAK,8482.4,40.23,89.0,-17.75,23.95,9.44,26.79,49.91,0,0,1,0,0
2026-01-01T01:44:54Z,leak,LEAK,8509.3,40.35,89.91,-17.21,23.91,9.74,26.9,49.99,0,0,1,0,0
2026-01-01T01:44:55Z,leak,LEAK,8494.2,39.87,90.7,-17.42,23.88,9.72,27.0,50.0,0,0,1,0,0
2026-01-01T01:44:56Z,leak,LEAK,8507.3,39.88,89.82,-18.23,24.1,9.75,26.75,50.07,0,0,1,0,0
2026-01-01T01:44:57Z,leak,LEAK,8498.3,40.06,91.18,-18.44,23.91,9.58,26.82,50.02,0,0,1,0,0
2026-01-01T01:44:58Z,leak,LEAK,8518.8,40.02,90.13,-17.57,23.95,9.49,26.71,50.01,0,0,1,0,0
2026-01-01T01:44:59Z,leak,LEAK,8500.4,39.72,89.85,-17.98,24.05,9.73,26.73,49.97,0,0,1,0,0
2026-01-01T01:45:00Z,leak,LEAK,8514.4,40.3,90.28,-17.44,23.94,9.62,26.95,49.9,0,0,1,0,0
2026-01-01T01:45:01Z,leak,LEAK,8497.7,39.93,89.52,-17.79,23.99,9.43,26.72,49.95,0,0,1,0,0
2026-01-01T01:45:02Z,leak,LEAK,8500.0,40.01,89.7,-18.31,24.0,9.59,26.78,49.93,0,0,1,0,0
2026-01-01T01:45:03Z,leak,LEAK,8501.4,39.92,89.75,-18.29,23.99,9.27,26.8,50.05,0,0,1,0,0
2026-01-01T01:45:04Z,leak,LEAK,8515.1,40.17,90.22,-17.97,24.04,9.62,26.9,49.98,0,0,1,0,0
2026-01-01T01:45:05Z,leak,LEAK,8515.8,40.0,90.66,-17.98,24.03,9.64,26.86,50.01,0,0,1,0,0
2026-01-01T01:45:06Z,leak,LEAK,8513.7,39.94,89.49,-18.34,23.81,9.83,26.91,50.02,0,0,1,0,0
2026-01-01T01:45:07Z,leak,LEAK,8525.0,40.04,90.55,-17.77,24.01,9.58,26.88,50.03,0,0,1,0,0
2026-01-01T01:45:08Z,leak,LEAK,8508.1,39.96,89.62,-17.9,23.85,9.54,26.81,49.89,0,0,1,0,0
2026-01-01T01:45:09Z,leak,LEAK,8517.8,40.06,89.74,-17.72,23.99,9.48,26.7,49.96,0,0,1,0,0
2026-01-01T01:45:10Z,leak,LEAK,8507.4,40.05,90.64,-17.87,24.04,9.58,26.96,50.01,0,0,1,0,0
2026-01-01T01:45:11Z,leak,LEAK,8515.3,40.09,89.76,-17.05,24.18,9.62,26.82,49.99,0,0,1,0,0
2026-01-01T01:45:12Z,leak,LEAK,8501.1,40.09,90.82,-17.71,23.97,9.55,26.96,49.94,0,0,1,0,0
2026-01-01T01:45:13Z,leak,LEAK,8507.9,39.59,89.82,-18.24,24.02,9.44,26.69,50.02,0,0,1,0,0
2026-01-01T01:45:14Z,leak,LEAK,8512.1,39.96,89.57,-17.57,23.92,9.47,26.6,50.05,0,0,1,0,0
2026-01-01T01:45:15Z,leak,LEAK,8526.9,40.08,90.08,-18.0,24.22,9.61,26.92,50.01,0,0,1,0,0
2026-01-01T01:45:16Z,leak,LEAK,8529.2,40.46,89.85,-17.89,23.88,9.59,26.9,50.05,0,0,1,0,0
2026-01-01T01:45:17Z,leak,LEAK,8525.6,40.36,90.28,-17.71,23.93,9.74,26.69,49.95,0,0,1,0,0
2026-01-01T01:45:18Z,leak,LEAK,8527.4,40.23,90.38,-19.06,23.97,9.56,26.91,50.0,0,0,1,0,0
2026-01-01T01:45:19Z,leak,LEAK,8526.1,40.06,90.05,-17.79,23.9,9.6,26.65,49.99,0,0,1,0,0
2026-01-01T01:45:20Z,leak,LEAK,8529.0,39.93,90.15,-18.15,24.09,9.61,27.0,50.08,0,0,1,0,0
2026-01-01T01:45:21Z,leak,LEAK,8518.7,39.96,89.96,-18.31,23.94,9.55,26.8,50.12,0,0,1,0,0
2026-01-01T01:45:22Z,leak,LEAK,8540.8,39.94,89.86,-18.19,24.18,9.79,26.68,49.96,0,0,1,0,0
2026-01-01T01:45:23Z,leak,LEAK,8536.5,39.93,91.51,-18.34,23.95,9.68,26.59,49.99,0,0,1,0,0
2026-01-01T01:45:24Z,leak,LEAK,8521.5,40.0,90.32,-18.55,24.12,9.69,26.91,50.07,0,0,1,0,0
2026-01-01T01:45:25Z,leak,LEAK,8534.8,40.32,90.46,-17.75,24.16,9.65,26.72,50.04,0,0,1,0,0
2026-01-01T01:45:26Z,leak,LEAK,8519.2,39.94,91.0,-17.92,23.97,9.57,26.57,50.0,0,0,1,0,0
2026-01-01T01:45:27Z,leak,LEAK,8541.0,39.91,91.19,-17.25,24.03,9.66,26.88,49.98,0,0,1,0,0
2026-01-01T01:45:28Z,leak,LEAK,8545.9,39.99,91.19,-17.6,24.25,9.54,26.72,50.1,0,0,1,0,0
2026-01-01T01:45:29Z,leak,LEAK,8533.1,40.0,90.74,-17.86,23.92,9.65,26.76,49.91,0,0,1,0,0
2026-01-01T01:45:30Z,leak,LEAK,8530.4,40.01,90.12,-18.1,24.06,9.61,26.6,50.05,0,0,1,0,0
2026-01-01T01:45:31Z,leak,LEAK,8529.1,40.02,90.97,-18.92,23.87,9.51,26.71,49.95,0,0,1,0,0
2026-01-01T01:45:32Z,leak,LEAK,8543.5,40.01,89.47,-17.62,24.26,9.62,26.56,50.07,0,0,1,0,0
2026-01-01T01:45:33Z,leak,LEAK,8554.5,40.22,90.53,-18.25,23.82,9.51,26.62,49.86,0,0,1,0,0
2026-01-01T01:45:34Z,leak,LEAK,8536.3,40.2,90.46,-17.37,24.01,9.73,26.57,50.13,0,0,1,0,0
2026-01-01T01:45:35Z,leak,LEAK,8539.0,39.88,90.98,-18.17,24.05,9.59,26.63,49.96,0,0,1,0,0
2026-01-01T01:45:36Z,leak,LEAK,8531.7,39.89,89.75,-17.58,23.96,9.69,26.63,50.02,0,0,1,0,0
2026-01-01T01:45:37Z,leak,LEAK,8539.9,40.15,89.96,-18.27,23.97,9.75,26.74,50.05,0,0,1,0,0
2026-01-01T01:45:38Z,leak,LEAK,8550.1,39.77,90.42,-18.74,23.95,9.68,26.69,49.98,0,0,1,0,0
2026-01-01T01:45:39Z,leak,LEAK,8551.0,40.36,89.67,-18.16,23.95,9.43,26.59,50.05,0,0,1,0,0
2026-01-01T01:45:40Z,leak,LEAK,8553.2,39.96,90.34,-17.78,24.02,9.58,26.49,49.99,0,0,1,0,0
2026-01-01T01:45:41Z,leak,LEAK,8543.5,40.25,89.33,-18.32,24.15,9.48,26.77,49.97,0,0,1,0,0
2026-01-01T01:45:42Z,leak,LEAK,8571.0,39.97,90.93,-18.75,23.84,9.66,26.65,50.06,0,0,1,0,0
2026-01-01T01:45:43Z,leak,LEAK,8555.6,39.76,90.88,-16.9,23.76,9.6,26.8,50.04,0,0,1,0,0
2026-01-01T01:45:44Z,leak,LEAK,8572.5,40.28,90.22,-17.93,24.08,9.6,26.79,50.11,0,0,1,0,0
2026-01-01T01:45:45Z,leak,LEAK,8543.2,40.01,90.84,-17.83,23.69,9.69,26.77,50.04,0,0,1,0,0
2026-01-01T01:45:46Z,leak,LEAK,8558.3,40.06,90.36,-18.02,24.15,9.66,26.69,49.98,0,0,1,0,0
2026-01-01T01:45:47Z,leak,LEAK,8553.2,40.38,90.35,-18.28,24.14,9.73,26.59,49.98,0,0,1,0,0
2026-01-01T01:45:48Z,leak,LEAK,8557.2,40.0,90.64,-18.34,24.03,9.46,26.7,50.04,0,0,1,0,0
2026-01-01T01:45:49Z,leak,LEAK,8540.5,39.7,90.96,-18.45,23.89,9.62,26.7,50.03,0,0,1,0,0
2026-01-01T01:45:50Z,leak,LEAK,8544.8,39.75,90.91,-18.13,24.14,9.67,26.63,49.89,0,0,1,0,0
2026-01-01T01:45:51Z,leak,LEAK,8543.6,40.12,91.38,-17.37,23.89,9.48,26.72,50.1,0,0,1,0,0
2026-01-01T01:45:52Z,leak,LEAK,8569.2,39.9,89.97,-17.8,24.34,9.7,26.68,49.99,0,0,1,0,0
2026-01-01T01:45:53Z,leak,LEAK,8540.5,39.97,90.26,-18.63,23.96,9.47,26.75,50.01,0,0,1,0,0
2026-01-01T01:45:54Z,leak,LEAK,8561.6,40.47,91.26,-18.62,23.93,9.67,26.52,49.97,0,0,1,0,0
2026-01-01T01:45:55Z,leak,LEAK,8562.9,39.75,90.35,-18.05,23.93,9.67,26.59,49.98,0,0,1,0,0
2026-01-01T01:45:56Z,leak,LEAK,8557.7,39.74,90.28,-18.12,23.98,9.49,26.6,50.0,0,0,1,0,0
2026-01-01T01:45:57Z,leak,LEAK,8569.8,39.69,89.78,-17.6,23.86,9.78,26.68,49.89,0,0,1,0,0
2026-01-01T01:45:58Z,leak,LEAK,8559.9,39.81,90.12,-18.31,24.13,9.56,26.71,49.97,0,0,1,0,0
2026-01-01T01:45:59Z,leak,LEAK,8546.4,40.03,90.76,-18.68,24.21,9.62,26.55,50.07,0,0,1,0,0
2026-01-01T01:46:00Z,leak,LEAK,8557.9,40.06,90.37,-18.31,23.81,9.63,26.62,50.04,0,0,1,0,0
2026-01-01T01:46:01Z,leak,LEAK,8555.3,40.03,91.21,-17.59,24.05,9.7,26.42,50.0,0,0,1,0,0
2026-01-01T01:46:02Z,leak,LEAK,8553.7,40.07,90.21,-18.5,24.07,9.57,26.47,50.05,0,0,1,0,0
2026-01-01T01:46:03Z,leak,LEAK,8565.0,39.88,92.21,-18.27,24.05,9.58,26.6,50.0,0,0,1,0,0
2026-01-01T01:46:04Z,leak,LEAK,8556.7,40.31,90.34,-18.6,24.04,9.49,26.81,49.91,0,0,1,0,0
2026-01-01T01:46:05Z,leak,LEAK,8583.5,39.96,91.25,-18.24,24.04,9.52,26.59,49.91,0,0,1,0,0
2026-01-01T01:46:06Z,leak,LEAK,8553.5,40.2,91.21,-17.79,24.04,9.78,26.72,50.01,0,0,1,0,0
2026-01-01T01:46:07Z,leak,LEAK,8564.5,39.96,90.41,-18.64,23.98,9.5,26.64,50.07,0,0,1,0,0
2026-01-01T01:46:08Z,leak,LEAK,8582.7,40.16,90.72,-17.58,23.91,9.51,26.37,50.01,0,0,1,0,0
2026-01-01T01:46:09Z,leak,LEAK,8555.5,40.08,91.06,-18.07,23.99,9.48,26.66,50.03,0,0,1,0,0
2026-01-01T01:46:10Z,leak,LEAK,8571.0,39.83,90.24,-18.08,23.94,9.56,26.6,50.05,0,0,1,0,0
2026-01-01T01:46:11Z,leak,LEAK,8574.4,39.69,91.34,-17.8,24.18,9.74,26.45,49.94,0,0,1,0,0
2026-01-01T01:46:12Z,leak,LEAK,8574.9,39.49,90.72,-17.93,23.95,9.56,26.54,49.99,0,0,1,0,0
2026-01-01T01:46:13Z,leak,LEAK,8577.8,39.9,90.97,-18.4,24.06,9.52,26.7,50.03,0,0,1,0,0
2026-01-01T01:46:14Z,leak,LEAK,8563.9,39.84,90.88,-17.84,23.99,9.69,26.41,49.94,0,0,1,0,0
2026-01-01T01:46:15Z,leak,LEAK,8584.8,40.35,90.51,-17.97,23.86,9.59,26.8,49.94,0,0,1,0,0
2026-01-01T01:46:16Z,leak,LEAK,8576.4,40.07,91.22,-17.61,23.98,9.58,26.76,50.02,0,0,1,0,0
2026-01-01T01:46:17Z,leak,LEAK,8559.6,40.27,90.34,-18.42,23.93,9.83,26.39,50.01,0,0,1,0,0
2026-01-01T01:46:18Z,leak,LEAK,8582.2,39.91,90.96,-18.4,23.99,9.64,26.79,49.99,0,0,1,0,0
2026-01-01T01:46:19Z,leak,LEAK,8590.8,39.64,90.38,-17.44,23.74,9.75,26.49,50.07,0,0,1,0,0
2026-01-01T01:46:20Z,leak,LEAK,8570.6,40.17,91.01,-17.28,23.95,9.65,26.46,50.02,0,0,1,0,0
2026-01-01T01:46:21Z,leak,LEAK,8575.7,40.02,90.36,-17.86,24.02,9.66,26.59,49.91,0,0,1,0,0
2026-01-01T01:46:22Z,leak,LEAK,8606.4,40.01,91.17,-17.75,23.91,9.67,26.57,49.93,0,0,1,0,0
2026-01-01T01:46:23Z,leak,LEAK,8563.9,39.75,90.23,-18.53,23.86,9.61,26.55,49.97,0,0,1,0,0
2026-01-01T01:46:24Z,leak,LEAK,8595.5,40.14,91.49,-17.02,23.96,9.83,26.49,50.07,0,0,1,0,0
2026-01-01T01:46:25Z,leak,LEAK,8576.3,39.84,90.72,-17.91,24.08,9.61,26.67,49.98,0,0,1,0,0
2026-01-01T01:46:26Z,leak,LEAK,8591.1,40.11,91.8,-17.74,24.13,9.55,26.44,49.98,0,0,1,0,0
2026-01-01T01:46:27Z,leak,LEAK,8579.8,39.81,90.86,-18.33,24.04,9.58,26.63,50.01,0,0,1,0,0
2026-01-01T01:46:28Z,leak,LEAK,8564.1,39.8,89.68,-17.47,24.07,9.55,26.5,49.87,0,0,1,0,0
2026-01-01T01:46:29Z,leak,LEAK,8580.9,40.23,91.49,-17.89,24.15,9.7,26.43,49.96,0,0,1,0,0
2026-01-01T01:46:30Z,leak,LEAK,8586.6,39.96,90.56,-17.77,23.85,9.53,26.53,50.03,0,0,1,0,0
2026-01-01T01:46:31Z,leak,LEAK,8592.6,39.94,90.12,-16.46,24.08,9.69,26.38,50.06,0,0,1,0,0
2026-01-01T01:46:32Z,leak,LEAK,8604.4,40.39,91.27,-18.52,23.93,9.33,26.48,49.97,0,0,1,0,0
2026-01-01T01:46:33Z,leak,LEAK,8586.9,39.56,91.08,-16.99,23.82,9.69,26.48,49.98,0,0,1,0,0
2026-01-01T01:46:34Z,leak,LEAK,8590.1,40.44,90.67,-18.25,23.93,9.68,26.36,49.97,0,0,1,0,0
2026-01-01T01:46:35Z,leak,LEAK,8573.0,40.18,90.79,-18.03,23.97,9.57,26.33,50.01,0,0,1,0,0
2026-01-01T01:46:36Z,leak,LEAK,8590.7,39.94,91.05,-16.59,23.98,9.65,26.45,49.95,0,0,1,0,0
2026-01-01T01:46:37Z,leak,LEAK,8594.7,40.1,90.68,-17.76,24.01,9.4,26.43,49.92,0,0,1,0,0
2026-01-01T01:46:38Z,leak,LEAK,8602.1,39.96,90.29,-18.64,23.93,9.26,26.4,49.94,0,0,1,0,0
2026-01-01T01:46:39Z,leak,LEAK,8601.4,40.22,90.76,-18.19,24.06,9.49,26.31,49.99,0,0,1,0,0
2026-01-01T01:46:40Z,leak,LEAK,8593.5,40.22,91.16,-17.7,23.83,9.55,26.5,50.02,0,0,1,0,0
2026-01-01T01:46:41Z,leak,LEAK,8596.1,40.17,91.01,-17.48,23.91,9.49,26.32,49.83,0,0,1,0,0
2026-01-01T01:46:42Z,leak,LEAK,8581.0,39.76,91.09,-18.19,23.99,9.53,26.47,50.02,0,0,1,0,0
2026-01-01T01:46:43Z,leak,LEAK,8594.9,40.18,89.93,-17.71,23.98,9.5,26.43,49.97,0,0,1,0,0
2026-01-01T01:46:44Z,leak,LEAK,8589.5,40.17,92.06,-18.01,24.04,9.37,26.31,49.99,0,0,1,0,0
2026-01-01T01:46:45Z,leak,LEAK,8583.8,39.9,90.15,-17.83,23.92,9.63,26.41,50.02,0,0,1,0,0
2026-01-01T01:46:46Z,leak,LEAK,8583.0,40.22,90.84,-18.11,23.98,9.54,26.38,50.03,0,0,1,0,0
2026-01-01T01:46:47Z,leak,LEAK,8590.9,40.1,90.8,-17.62,23.93,9.58,26.4,49.98,0,0,1,0,0
2026-01-01T01:46:48Z,leak,LEAK,8600.3,39.94,91.65,-18.41,23.92,9.49,26.18,50.01,0,0,1,0,0
2026-01-01T01:46:49Z,leak,LEAK,8591.1,40.11,90.68,-18.07,23.95,9.7,26.49,49.97,0,0,1,0,0
2026-01-01T01:46:50Z,leak,LEAK,8583.0,40.26,91.35,-17.68,24.01,9.62,26.46,50.09,0,0,1,0,0
2026-01-01T01:46:51Z,leak,LEAK,8587.5,40.04,90.62,-18.27,24.05,9.57,26.26,49.99,0,0,1,0,0
2026-01-01T01:46:52Z,leak,LEAK,8596.2,40.07,91.22,-17.47,24.01,9.32,26.39,50.04,0,0,1,0,0
2026-01-01T01:46:53Z,leak,LEAK,8588.3,40.05,92.28,-17.55,24.07,9.51,26.49,50.01,0,0,1,0,0
2026-01-01T01:46:54Z,leak,LEAK,8592.5,40.0,89.88,-18.01,24.01,9.62,26.42,49.96,0,0,1,0,0
2026-01-01T01:46:55Z,leak,LEAK,8593.2,39.99,90.76,-18.64,24.01,9.53,26.33,50.03,0,0,1,0,0
2026-01-01T01:46:56Z,leak,LEAK,8587.8,39.95,90.88,-18.58,24.01,9.55,26.44,49.95,0,0,1,0,0
2026-01-01T01:46:57Z,leak,LEAK,8596.5,40.07,91.71,-17.93,24.06,9.7,26.2,49.97,0,0,1,0,0
2026-01-01T01:46:58Z,leak,LEAK,8605.3,39.68,90.17,-18.39,24.1,9.41,26.36,50.09,0,0,1,0,0
2026-01-01T01:46:59Z,leak,LEAK,8589.1,39.69,90.97,-17.66,23.98,9.61,26.38,50.03,0,0,1,0,0
2026-01-01T01:47:00Z,leak,LEAK,8596.2,40.01,90.64,-18.46,24.07,9.61,26.36,49.98,0,0,1,0,0
2026-01-01T01:47:01Z,leak,LEAK,8602.9,40.11,91.47,-18.38,24.06,9.68,26.13,50.0,0,0,1,0,0
2026-01-01T01:47:02Z,leak,LEAK,8583.6,39.9,91.11,-18.27,23.94,9.49,26.41,50.03,0,0,1,0,0
2026-01-01T01:47:03Z,leak,LEAK,8597.2,39.89,91.32,-18.4,23.98,9.62,26.46,49.99,0,0,1,0,0
2026-01-01T01:47:04Z,leak,LEAK,8591.3,39.49,90.89,-17.61,24.13,9.71,26.57,50.1,0,0,1,0,0
2026-01-01T01:47:05Z,leak,LEAK,8602.5,39.91,90.67,-16.92,23.99,9.53,26.39,50.03,0,0,1,0,0
2026-01-01T01:47:06Z,leak,LEAK,8590.0,39.74,91.23,-17.97,23.95,9.72,26.2,50.0,0,0,1,0,0
2026-01-01T01:47:07Z,leak,LEAK,8601.9,40.32,90.54,-19.38,24.14,9.54,26.17,49.98,0,0,1,0,0
2026-01-01T01:47:08Z,leak,LEAK,8594.6,39.94,90.55,-16.9,23.96,9.55,26.39,49.92,0,0,1,0,0
2026-01-01T01:47:09Z,leak,LEAK,8589.7,39.6,90.48,-19.0,23.82,9.48,26.32,49.98,0,0,1,0,0
2026-01-01T01:47:10Z,leak,LEAK,8588.3,39.89,91.41,-18.43,24.28,9.68,26.27,49.99,0,0,1,0,0
2026-01-01T01:47:11Z,leak,LEAK,8587.7,39.74,91.47,-17.86,24.04,9.78,26.41,49.96,0,0,1,0,0
2026-01-01T01:47:12Z,leak,LEAK,8615.6,40.31,91.18,-17.64,24.16,9.56,26.37,50.02,0,0,1,0,0
2026-01-01T01:47:13Z,leak,LEAK,8620.7,39.89,90.69,-18.42,24.0,9.83,26.43,49.99,0,0,1,0,0
2026-01-01T01:47:14Z,leak,LEAK,8592.2,39.78,91.25,-17.92,23.97,9.65,26.32,49.99,0,0,1,0,0
2026-01-01T01:47:15Z,leak,LEAK,8607.2,39.74,91.06,-18.69,23.96,9.67,26.26,49.98,0,0,1,0,0
2026-01-01T01:47:16Z,leak,LEAK,8608.1,40.25,90.72,-17.41,24.05,9.65,26.19,50.03,0,0,1,0,0
2026-01-01T01:47:17Z,leak,LEAK,8597.1,40.1,91.09,-17.65,23.93,9.62,26.43,50.0,0,0,1,0,0
2026-01-01T01:47:18Z,leak,LEAK,8594.9,39.75,91.26,-17.91,24.17,9.73,26.26,50.03,0,0,1,0,0
2026-01-01T01:47:19Z,leak,LEAK,8597.9,40.16,91.28,-17.61,23.98,9.82,26.29,49.96,0,0,1,0,0
2026-01-01T01:47:20Z,leak,LEAK,8592.2,39.76,90.89,-18.21,23.9,9.54,26.15,49.92,0,0,1,0,0
2026-01-01T01:47:21Z,leak,LEAK,8609.3,40.09,91.34,-17.73,24.01,9.73,26.27,49.99,0,0,1,0,0
2026-01-01T01:47:22Z,leak,LEAK,8594.9,39.89,90.5,-17.41,23.87,9.57,26.56,50.03,0,0,1,0,0
2026-01-01T01:47:23Z,leak,LEAK,8597.0,39.96,92.02,-17.7,24.01,9.6,26.15,49.97,0,0,1,0,0
2026-01-01T01:47:24Z,leak,LEAK,8586.3,39.93,90.94,-18.31,24.21,9.56,26.33,50.03,0,0,1,0,0
2026-01-01T01:47:25Z,leak,LEAK,8605.3,39.97,91.17,-18.39,24.01,9.41,26.23,50.02,0,0,1,0,0
2026-01-01T01:47:26Z,leak,LEAK,8594.3,40.15,91.31,-18.59,23.94,9.51,26.27,50.0,0,0,1,0,0
2026-01-01T01:47:27Z,leak,LEAK,8596.1,40.07,90.56,-18.25,23.97,9.63,26.32,49.85,0,0,1,0,0
2026-01-01T01:47:28Z,leak,LEAK,8584.7,39.77,91.53,-17.92,24.03,9.71,26.13,49.98,0,0,1,0,0
2026-01-01T01:47:29Z,leak,LEAK,8591.8,40.19,90.87,-18.12,23.87,9.74,26.06,50.03,0,0,1,0,0
2026-01-01T01:47:30Z,leak,LEAK,8589.3,40.36,91.42,-18.08,23.88,9.63,26.24,49.92,0,0,1,0,0
2026-01-01T01:47:31Z,leak,LEAK,8588.9,40.13,91.04,-18.06,23.88,9.47,26.18,49.9,0,0,1,0,0
2026-01-01T01:47:32Z,leak,LEAK,8615.1,39.99,90.9,-18.27,24.1,9.65,26.14,49.97,0,0,1,0,0
2026-01-01T01:47:33Z,leak,LEAK,8582.2,40.02,91.64,-17.44,24.18,9.79,26.23,50.04,0,0,1,0,0
2026-01-01T01:47:34Z,leak,LEAK,8594.6,39.98,90.57,-18.63,23.96,9.57,26.17,49.94,0,0,1,0,0
2026-01-01T01:47:35Z,leak,LEAK,8607.1,40.11,91.15,-17.93,24.2,9.6,26.14,50.04,0,0,1,0,0
2026-01-01T01:47:36Z,leak,LEAK,8582.2,40.07,91.08,-18.09,24.0,9.75,26.35,50.11,0,0,1,0,0
2026-01-01T01:47:37Z,leak,LEAK,8583.2,39.74,90.96,-17.8,23.96,9.67,26.11,50.03,0,0,1,0,0
2026-01-01T01:47:38Z,leak,LEAK,8612.1,39.98,91.51,-18.06,23.97,9.58,25.96,49.95,0,0,1,0,0
2026-01-01T01:47:39Z,leak,LEAK,8618.3,40.04,91.78,-18.06,23.99,9.75,26.13,49.99,0,0,1,0,0
2026-01-01T01:47:40Z,leak,LEAK,8594.2,40.27,90.8,-17.4,24.08,9.74,26.01,50.07,0,0,1,0,0
2026-01-01T01:47:41Z,leak,LEAK,8592.3,40.07,91.62,-18.39,24.1,9.38,26.13,49.91,0,0,1,0,0
2026-01-01T01:47:42Z,leak,LEAK,8616.3,39.95,90.79,-18.49,23.86,9.69,25.98,50.01,0,0,1,0,0
2026-01-01T01:47:43Z,leak,LEAK,8606.8,39.76,91.59,-16.81,24.01,9.79,26.14,49.94,0,0,1,0,0
2026-01-01T01:47:44Z,leak,LEAK,8597.3,39.99,91.45,-18.22,23.96,9.58,26.19,50.04,0,0,1,0,0
2026-01-01T01:47:45Z,leak,LEAK,8608.9,40.08,90.54,-18.17,23.93,9.73,26.0,49.94,0,0,1,0,0
2026-01-01T01:47:46Z,leak,LEAK,8602.6,40.03,91.23,-17.78,24.13,9.72,26.06,50.02,0,0,1,0,0
2026-01-01T01:47:47Z,leak,LEAK,8610.0,39.84,90.37,-17.16,24.11,9.6,26.03,49.96,0,0,1,0,0
2026-01-01T01:47:48Z,leak,LEAK,8603.6,39.86,90.09,-18.03,24.05,9.77,26.04,50.01,0,0,1,0,0
2026-01-01T01:47:49Z,leak,LEAK,8593.3,39.87,91.4,-17.58,24.01,9.59,25.96,49.87,0,0,1,0,0
2026-01-01T01:47:50Z,leak,LEAK,8600.3,39.91,91.3,-17.18,24.09,9.7,26.15,50.01,0,0,1,0,0
2026-01-01T01:47:51Z,leak,LEAK,8607.0,39.77,91.95,-17.75,24.07,9.53,26.08,49.99,0,0,1,0,0
2026-01-01T01:47:52Z,leak,LEAK,8585.0,40.07,91.14,-18.79,23.95,9.65,26.09,49.95,0,0,1,0,0
2026-01-01T01:47:53Z,leak,LEAK,8593.4,40.23,90.81,-17.54,24.22,9.53,25.97,49.98,0,0,1,0,0
2026-01-01T01:47:54Z,leak,LEAK,8598.2,40.09,90.41,-18.04,24.07,9.57,25.98,50.04,0,0,1,0,0
2026-01-01T01:47:55Z,leak,LEAK,8600.6,40.07,90.7,-19.12,23.92,9.65,25.9,49.99,0,0,1,0,0
2026-01-01T01:47:56Z,leak,LEAK,8591.3,40.09,90.42,-18.51,24.01,9.65,26.2,50.05,0,0,1,0,0
2026-01-01T01:47:57Z,leak,LEAK,8579.2,39.89,91.07,-17.99,23.8,9.58,26.19,50.04,0,0,1,0,0
2026-01-01T01:47:58Z,leak,LEAK,8610.5,39.78,90.83,-17.67,24.06,9.46,26.24,49.93,0,0,1,0,0
2026-01-01T01:47:59Z,leak,LEAK,8595.3,39.91,91.53,-17.62,24.15,9.56,25.99,50.1,0,0,1,0,0
2026-01-01T01:48:00Z,leak,LEAK,8606.4,40.12,91.99,-17.53,23.98,9.75,25.98,50.04,0,0,1,0,0
2026-01-01T01:48:01Z,leak,LEAK,8584.0,40.04,90.52,-17.57,23.99,9.54,26.06,50.05,0,0,1,0,0
2026-01-01T01:48:02Z,leak,LEAK,8603.4,40.14,91.02,-18.15,23.97,9.69,26.18,49.99,0,0,1,0,0
2026-01-01T01:48:03Z,leak,LEAK,8614.0,40.39,90.56,-17.83,24.18,9.58,26.01,49.97,0,0,1,0,0
2026-01-01T01:48:04Z,leak,LEAK,8596.7,40.0,91.3,-17.7,24.03,9.67,26.06,49.99,0,0,1,0,0
2026-01-01T01:48:05Z,leak,LEAK,8601.9,39.99,91.75,-18.06,24.06,9.77,26.1,49.99,0,0,1,0,0
2026-01-01T01:48:06Z,leak,LEAK,8604.6,40.14,90.5,-18.48,24.02,9.63,26.05,50.01,0,0,1,0,0
2026-01-01T01:48:07Z,leak,LEAK,8598.5,39.99,91.01,-18.07,24.04,9.47,25.97,49.97,0,0,1,0,0
2026-01-01T01:48:08Z,leak,LEAK,8609.3,40.13,90.66,-17.83,24.23,9.67,25.98,49.98,0,0,1,0,0
2026-01-01T01:48:09Z,leak,LEAK,8593.5,39.77,91.05,-18.77,24.04,9.6,26.11,50.03,0,0,1,0,0
2026-01-01T01:48:10Z,leak,LEAK,8610.2,40.33,91.05,-18.5,24.09,9.63,25.96,49.99,0,0,1,0,0
2026-01-01T01:48:11Z,leak,LEAK,8574.9,39.81,91.49,-18.37,23.93,9.65,26.1,50.01,0,0,1,0,0
2026-01-01T01:48:12Z,leak,LEAK,8585.0,39.92,90.87,-18.29,23.85,9.64,25.78,49.98,0,0,1,0,0
2026-01-01T01:48:13Z,leak,LEAK,8603.8,39.82,91.44,-17.98,24.02,9.68,25.84,49.99,0,0,1,0,0
2026-01-01T01:48:14Z,leak,LEAK,8600.2,39.9,91.66,-18.01,23.98,9.49,25.78,50.02,0,0,1,0,0
2026-01-01T01:48:15Z,leak,LEAK,8586.6,40.13,90.57,-17.46,24.07,9.71,25.95,50.04,0,0,1,0,0
2026-01-01T01:48:16Z,leak,LEAK,8607.1,40.18,91.04,-18.45,24.01,9.71,25.81,49.96,0,0,1,0,0
2026-01-01T01:48:17Z,leak,LEAK,8591.0,39.95,91.09,-17.94,23.85,9.59,25.79,50.02,0,0,1,0,0
2026-01-01T01:48:18Z,leak,LEAK,8592.2,40.08,91.34,-17.39,23.99,9.68,25.86,49.98,0,0,1,0,0
2026-01-01T01:48:19Z,leak,LEAK,8570.2,40.1,91.14,-18.59,23.83,9.57,25.82,50.04,0,0,1,0,0
2026-01-01T01:48:20Z,leak,LEAK,8593.0,39.88,91.16,-18.04,24.0,9.65,25.89,50.02,0,0,1,0,0
2026-01-01T01:48:21Z,leak,LEAK,8586.3,39.91,91.49,-17.41,23.93,9.61,25.93,49.98,0,0,1,0,0
2026-01-01T01:48:22Z,leak,LEAK,8587.2,40.25,90.13,-17.68,23.97,9.56,25.92,49.97,0,0,1,0,0
2026-01-01T01:48:23Z,leak,LEAK,8578.4,39.9,90.19,-17.16,23.96,9.56,25.84,50.06,0,0,1,0,0
2026-01-01T01:48:24Z,leak,LEAK,8590.2,40.09,91.54,-16.86,24.08,9.44,25.71,50.04,0,0,1,0,0
2026-01-01T01:48:25Z,leak,LEAK,8589.3,40.47,91.48,-18.13,24.19,9.63,25.84,49.98,0,0,1,0,0
2026-01-01T01:48:26Z,leak,LEAK,8575.8,40.12,91.47,-17.82,24.24,9.55,25.72,49.96,0,0,1,0,0
2026-01-01T01:48:27Z,leak,LEAK,8595.9,40.15,90.15,-18.95,23.94,9.58,26.0,49.97,0,0,1,0,0
2026-01-01T01:48:28Z,leak,LEAK,8599.4,40.19,91.19,-16.92,23.95,9.7,25.81,49.97,0,0,1,0,0
2026-01-01T01:48:29Z,leak,LEAK,8576.6,39.87,91.05,-17.99,23.91,9.59,25.84,49.96,0,0,1,0,0
2026-01-01T01:48:30Z,leak,LEAK,8599.4,40.39,90.48,-17.26,23.96,9.56,25.63,50.02,0,0,1,0,0
2026-01-01T01:48:31Z,leak,LEAK,8581.7,39.54,90.44,-18.91,24.03,9.66,25.81,50.0,0,0,1,0,0
2026-01-01T01:48:32Z,leak,LEAK,8587.0,39.91,90.25,-17.23,24.04,9.6,25.9,49.97,0,0,1,0,0
2026-01-01T01:48:33Z,leak,LEAK,8572.7,39.89,90.78,-18.15,23.99,9.77,25.85,50.04,0,0,1,0,0
2026-01-01T01:48:34Z,leak,LEAK,8575.3,40.16,91.15,-17.99,24.02,9.63,25.73,49.95,0,0,1,0,0
2026-01-01T01:48:35Z,leak,LEAK,8553.6,39.93,90.82,-17.78,24.24,9.73,26.03,49.97,0,0,1,0,0
2026-01-01T01:48:36Z,leak,LEAK,8578.6,40.25,90.1,-18.1,24.13,9.62,25.96,50.09,0,0,1,0,0
2026-01-01T01:48:37Z,leak,LEAK,8579.2,40.05,90.64,-19.11,24.13,9.47,25.62,50.05,0,0,1,0,0
2026-01-01T01:48:38Z,leak,LEAK,8574.4,39.97,91.15,-18.88,23.9,9.67,25.8,49.97,0,0,1,0,0
2026-01-01T01:48:39Z,leak,LEAK,8584.3,40.27,90.69,-17.94,24.13,9.54,25.57,49.91,0,0,1,0,0
2026-01-01T01:48:40Z,leak,LEAK,8568.6,40.02,90.7,-18.39,23.97,9.55,25.74,49.94,0,0,1,0,0
2026-01-01T01:48:41Z,leak,LEAK,8561.4,39.82,91.07,-17.73,23.97,9.66,25.86,50.03,0,0,1,0,0
2026-01-01T01:48:42Z,leak,LEAK,8573.8,40.66,90.49,-17.84,23.94,9.63,25.9,50.02,0,0,1,0,0
2026-01-01T01:48:43Z,leak,LEAK,8568.6,40.19,90.75,-17.67,24.1,9.66,25.8,50.02,0,0,1,0,0
2026-01-01T01:48:44Z,leak,LEAK,8569.9,39.57,90.23,-16.91,23.98,9.54,25.85,49.97,0,0,1,0,0
2026-01-01T01:48:45Z,leak,LEAK,8569.3,40.13,91.56,-17.46,24.15,9.54,25.92,49.95,0,0,1,0,0
2026-01-01T01:48:46Z,leak,LEAK,8563.2,39.94,91.02,-18.39,24.11,9.75,25.62,49.95,0,0,1,0,0
2026-01-01T01:48:47Z,leak,LEAK,8597.0,40.05,91.14,-18.74,24.06,9.62,25.88,49.99,0,0,1,0,0
2026-01-01T01:48:48Z,leak,LEAK,8572.8,39.74,91.44,-18.16,24.05,9.42,25.67,49.95,0,0,1,0,0
2026-01-01T01:48:49Z,leak,LEAK,8567.1,39.8,90.3,-17.58,24.03,9.6,25.69,49.97,0,0,1,0,0
2026-01-01T01:48:50Z,leak,LEAK,8571.3,39.58,90.99,-17.58,24.16,9.55,25.8,50.01,0,0,1,0,0
2026-01-01T01:48:51Z,leak,LEAK,8576.1,40.64,91.09,-17.77,24.04,9.59,25.85,49.9,0,0,1,0,0
2026-01-01T01:48:52Z,leak,LEAK,8568.5,40.22,90.49,-17.93,24.13,9.52,25.76,49.99,0,0,1,0,0
2026-01-01T01:48:53Z,leak,LEAK,8587.3,39.95,90.47,-18.35,24.06,9.73,25.73,50.0,0,0,1,0,0
2026-01-01T01:48:54Z,leak,LEAK,8578.1,39.91,91.44,-18.02,23.85,9.66,25.68,50.0,0,0,1,0,0
2026-01-01T01:48:55Z,leak,LEAK,8575.9,39.9,89.74,-18.61,24.0,9.58,25.66,50.03,0,0,1,0,0
2026-01-01T01:48:56Z,leak,LEAK,8570.6,39.89,90.77,-18.61,23.94,9.54,25.72,49.94,0,0,1,0,0
2026-01-01T01:48:57Z,leak,LEAK,8564.5,40.01,89.9,-18.06,24.02,9.49,25.77,49.92,0,0,1,0,0
2026-01-01T01:48:58Z,leak,LEAK,8565.1,39.93,90.57,-18.48,23.95,9.57,25.5,49.94,0,0,1,0,0
2026-01-01T01:48:59Z,leak,LEAK,8566.5,40.27,90.11,-18.35,23.9,9.67,25.65,49.96,0,0,1,0,0
2026-01-01T01:49:00Z,leak,LEAK,8551.2,40.03,90.72,-17.92,23.8,9.41,25.58,49.97,0,0,1,0,0
2026-01-01T01:49:01Z,leak,LEAK,8557.6,39.93,91.06,-17.74,24.13,9.6,25.7,49.9,0,0,1,0,0
2026-01-01T01:49:02Z,leak,LEAK,8556.1,40.21,91.16,-18.17,24.05,9.5,25.74,50.03,0,0,1,0,0
2026-01-01T01:49:03Z,leak,LEAK,8560.4,39.84,90.29,-17.74,24.12,9.57,25.7,49.97,0,0,1,0,0
2026-01-01T01:49:04Z,leak,LEAK,8549.0,40.07,90.7,-17.81,24.05,9.59,25.83,49.98,0,0,1,0,0
2026-01-01T01:49:05Z,leak,LEAK,8544.9,40.27,90.95,-18.02,24.11,9.65,25.55,50.02,0,0,1,0,0
2026-01-01T01:49:06Z,leak,LEAK,8550.5,40.01,90.36,-17.79,23.99,9.53,25.64,50.01,0,0,1,0,0
2026-01-01T01:49:07Z,leak,LEAK,8557.0,39.96,90.17,-18.76,23.94,9.58,25.7,50.03,0,0,1,0,0
2026-01-01T01:49:08Z,leak,LEAK,8553.0,39.94,90.84,-17.9,24.0,9.57,25.73,50.03,0,0,1,0,0
2026-01-01T01:49:09Z,leak,LEAK,8551.3,40.15,89.13,-18.6,23.95,9.48,25.74,50.04,0,0,1,0,0
2026-01-01T01:49:10Z,leak,LEAK,8561.0,39.61,90.86,-17.45,24.01,9.63,25.61,50.09,0,0,1,0,0
2026-01-01T01:49:11Z,leak,LEAK,8544.7,39.96,90.78,-18.82,23.98,9.6,25.48,50.0,0,0,1,0,0
2026-01-01T01:49:12Z,leak,LEAK,8537.5,40.07,90.36,-17.7,24.05,9.74,25.65,50.03,0,0,1,0,0
2026-01-01T01:49:13Z,leak,LEAK,8543.9,39.73,90.9,-17.89,23.97,9.57,25.53,50.08,0,0,1,0,0
2026-01-01T01:49:14Z,leak,LEAK,8547.1,40.2,90.4,-18.16,24.07,9.51,25.55,49.94,0,0,1,0,0
2026-01-01T01:49:15Z,leak,LEAK,8559.2,40.28,90.71,-18.77,23.98,9.48,25.57,50.0,0,0,1,0,0
2026-01-01T01:49:16Z,leak,LEAK,8565.3,39.67,90.64,-17.06,23.95,9.75,25.5,50.05,0,0,1,0,0
2026-01-01T01:49:17Z,leak,LEAK,8566.3,39.86,90.87,-17.91,24.02,9.59,25.61,50.06,0,0,1,0,0
2026-01-01T01:49:18Z,leak,LEAK,8556.2,40.0,90.94,-18.46,24.12,9.57,25.53,50.11,0,0,1,0,0
2026-01-01T01:49:19Z,leak,LEAK,8552.2,40.2,90.33,-17.87,23.81,9.78,25.55,49.96,0,0,1,0,0
2026-01-01T01:49:20Z,leak,LEAK,8548.3,39.94,91.28,-18.73,24.04,9.5,25.63,50.01,0,0,1,0,0
2026-01-01T01:49:21Z,leak,LEAK,8539.3,40.16,91.1,-18.43,24.11,9.78,25.72,50.01,0,0,1,0,0
2026-01-01T01:49:22Z,leak,LEAK,8555.0,40.03,90.61,-18.25,23.98,9.55,25.56,50.0,0,0,1,0,0
2026-01-01T01:49:23Z,leak,LEAK,8539.2,39.89,90.46,-17.99,23.9,9.48,25.41,49.98,0,0,1,0,0
2026-01-01T01:49:24Z,leak,LEAK,8528.4,40.13,90.72,-17.34,24.15,9.8,25.62,50.04,0,0,1,0,0
2026-01-01T01:49:25Z,leak,LEAK,8551.1,40.17,90.85,-16.82,24.08,9.43,25.56,49.89,0,0,1,0,0
2026-01-01T01:49:26Z,leak,LEAK,8537.9,39.89,90.64,-17.76,23.98,9.65,25.67,50.04,0,0,1,0,0
2026-01-01T01:49:27Z,leak,LEAK,8535.5,40.04,90.62,-17.41,23.97,9.57,25.52,49.93,0,0,1,0,0
2026-01-01T01:49:28Z,leak,LEAK,8526.9,39.86,89.74,-19.34,24.08,9.73,25.53,50.03,0,0,1,0,0
2026-01-01T01:49:29Z,leak,LEAK,8544.2,39.94,90.51,-19.47,24.1,9.69,25.47,50.01,0,0,1,0,0
2026-01-01T01:49:30Z,leak,LEAK,8530.8,39.67,90.23,-17.83,24.04,9.58,25.43,49.96,0,0,1,0,0
2026-01-01T01:49:31Z,leak,LEAK,8534.6,39.83,91.37,-18.33,24.07,9.64,25.39,49.92,0,0,1,0,0
2026-01-01T01:49:32Z,leak,LEAK,8533.3,40.11,89.66,-17.89,24.21,9.38,25.67,49.94,0,0,1,0,0
2026-01-01T01:49:33Z,leak,LEAK,8512.6,39.53,90.71,-18.81,24.03,9.65,25.39,50.06,0,0,1,0,0
2026-01-01T01:49:34Z,leak,LEAK,8529.2,40.01,89.82,-17.97,24.05,9.46,25.3,49.99,0,0,1,0,0
2026-01-01T01:49:35Z,leak,LEAK,8523.3,40.06,90.55,-17.2,24.0,9.39,25.56,50.0,0,0,1,0,0
2026-01-01T01:49:36Z,leak,LEAK,8544.2,40.01,90.37,-18.01,24.11,9.56,25.61,49.98,0,0,1,0,0
2026-01-01T01:49:37Z,leak,LEAK,8516.3,40.23,90.84,-18.13,23.78,9.57,25.6,49.98,0,0,1,0,0
2026-01-01T01:49:38Z,leak,LEAK,8535.2,39.91,90.58,-18.3,23.96,9.66,25.48,50.08,0,0,1,0,0
2026-01-01T01:49:39Z,leak,LEAK,8524.5,39.97,90.39,-17.2,24.13,9.59,25.61,49.98,0,0,1,0,0
2026-01-01T01:49:40Z,leak,LEAK,8536.0,40.07,90.27,-18.75,23.84,9.64,25.49,49.99,0,0,1,0,0
2026-01-01T01:49:41Z,leak,LEAK,8544.3,39.84,90.95,-17.44,24.09,9.54,25.38,49.98,0,0,1,0,0
2026-01-01T01:49:42Z,leak,LEAK,8504.1,39.9,90.48,-18.45,24.08,9.72,25.42,49.96,0,0,1,0,0
2026-01-01T01:49:43Z,leak,LEAK,8531.2,40.15,90.37,-16.65,24.02,9.63,25.5,49.94,0,0,1,0,0
2026-01-01T01:49:44Z,leak,LEAK,8525.4,39.97,89.65,-17.76,23.95,9.69,25.32,50.01,0,0,1,0,0
2026-01-01T01:49:45Z,leak,LEAK,8521.1,40.1,90.74,-18.35,23.97,9.68,25.33,49.92,0,0,1,0,0
2026-01-01T01:49:46Z,leak,LEAK,8523.3,39.75,91.06,-17.79,24.15,9.55,25.28,50.0,0,0,1,0,0
2026-01-01T01:49:47Z,leak,LEAK,8532.1,39.8,89.93,-18.04,24.1,9.34,25.52,49.99,0,0,1,0,0
2026-01-01T01:49:48Z,leak,LEAK,8528.0,40.23,90.11,-19.37,24.07,9.6,25.31,50.1,0,0,1,0,0
2026-01-01T01:49:49Z,leak,LEAK,8490.4,40.07,90.42,-18.77,24.0,9.58,25.42,49.94,0,0,1,0,0
2026-01-01T01:49:50Z,leak,LEAK,8522.1,40.33,90.41,-16.81,24.06,9.57,25.32,50.02,0,0,1,0,0
2026-01-01T01:49:51Z,leak,LEAK,8518.7,39.87,90.23,-18.24,24.12,9.55,25.37,49.99,0,0,1,0,0
2026-01-01T01:49:52Z,leak,LEAK,8516.2,39.75,89.26,-18.09,24.11,9.53,25.37,49.94,0,0,1,0,0
2026-01-01T01:49:53Z,leak,LEAK,8509.4,39.75,90.79,-18.04,24.04,9.65,25.17,49.95,0,0,1,0,0
2026-01-01T01:49:54Z,leak,LEAK,8509.4,40.01,89.3,-18.59,24.02,9.78,25.24,49.92,0,0,1,0,0
2026-01-01T01:49:55Z,leak,LEAK,8495.1,40.25,90.33,-17.92,24.03,9.67,25.23,50.02,0,0,1,0,0
2026-01-01T01:49:56Z,leak,LEAK,8504.6,40.07,90.54,-17.91,24.09,9.64,25.45,50.03,0,0,1,0,0
2026-01-01T01:49:57Z,leak,LEAK,8508.8,40.2,90.89,-17.82,23.92,9.37,25.32,49.9,0,0,1,0,0
2026-01-01T01:49:58Z,leak,LEAK,8511.6,39.86,90.15,-17.82,23.96,9.59,25.38,50.02,0,0,1,0,0
2026-01-01T01:49:59Z,leak,LEAK,8516.0,40.3,90.37,-17.6,23.98,9.6,25.4,50.04,0,0,1,0,0
2026-01-01T01:50:00Z,leak,LEAK,8517.5,40.07,89.94,-17.64,24.01,9.59,25.39,50.07,0,0,1,0,0
2026-01-01T01:50:01Z,leak,LEAK,8525.7,39.8,90.48,-17.31,24.03,9.55,25.22,49.91,0,0,1,0,0
2026-01-01T01:50:02Z,leak,LEAK,8512.8,40.3,89.99,-19.15,23.96,9.54,25.39,49.94,0,0,1,0,0
2026-01-01T01:50:03Z,leak,LEAK,8504.0,40.07,89.18,-17.17,24.01,9.66,25.12,50.02,0,0,1,0,0
2026-01-01T01:50:04Z,leak,LEAK,8505.3,39.79,89.57,-17.88,23.93,9.5,25.27,50.01,0,0,1,0,0
2026-01-01T01:50:05Z,leak,LEAK,8509.9,40.42,91.18,-18.33,23.89,9.79,25.23,50.08,0,0,1,0,0
2026-01-01T01:50:06Z,leak,LEAK,8509.4,40.07,89.72,-18.09,23.85,9.4,25.29,49.93,0,0,1,0,0
2026-01-01T01:50:07Z,leak,LEAK,8488.8,40.01,89.74,-16.67,24.03,9.47,25.1,49.97,0,0,1,0,0
2026-01-01T01:50:08Z,leak,LEAK,8491.8,40.02,90.13,-18.44,24.01,9.47,25.51,49.92,0,0,1,0,0
2026-01-01T01:50:09Z,leak,LEAK,8500.9,39.95,90.19,-17.99,24.07,9.51,25.26,50.1,0,0,1,0,0
2026-01-01T01:50:10Z,leak,LEAK,8508.4,39.99,90.86,-18.1,24.04,9.74,25.35,50.03,0,0,1,0,0
2026-01-01T01:50:11Z,leak,LEAK,8494.0,39.94,90.32,-18.17,24.11,9.64,25.18,49.97,0,0,1,0,0
2026-01-01T01:50:12Z,leak,LEAK,8491.6,39.89,90.42,-18.07,23.98,9.69,25.17,49.96,0,0,1,0,0
2026-01-01T01:50:13Z,leak,LEAK,8510.1,39.93,91.06,-18.64,23.79,9.68,25.17,49.91,0,0,1,0,0
2026-01-01T01:50:14Z,leak,LEAK,8487.9,40.35,90.34,-18.74,23.82,9.65,25.19,50.0,0,0,1,0,0
2026-01-01T01:50:15Z,leak,LEAK,8502.8,39.88,89.19,-17.73,24.0,9.55,25.37,50.0,0,0,1,0,0
2026-01-01T01:50:16Z,leak,LEAK,8498.6,40.16,89.52,-18.39,24.06,9.69,25.31,50.03,0,0,1,0,0
2026-01-01T01:50:17Z,leak,LEAK,8482.8,40.29,90.58,-18.75,24.01,9.62,24.99,50.0,0,0,1,0,0
2026-01-01T01:50:18Z,leak,LEAK,8486.0,40.0,90.5,-17.75,24.21,9.71,25.38,49.96,0,0,1,0,0
2026-01-01T01:50:19Z,leak,LEAK,8491.1,40.35,90.82,-18.2,24.08,9.67,25.23,50.01,0,0,1,0,0
2026-01-01T01:50:20Z,leak,LEAK,8491.5,39.93,89.74,-18.81,23.99,9.46,25.21,50.05,0,0,1,0,0
2026-01-01T01:50:21Z,leak,LEAK,8490.4,39.67,90.21,-18.31,23.94,9.61,24.96,49.97,0,0,1,0,0
2026-01-01T01:50:22Z,leak,LEAK,8482.1,40.0,90.72,-18.62,23.91,9.72,25.23,50.01,0,0,1,0,0
2026-01-01T01:50:23Z,leak,LEAK,8488.5,40.24,90.18,-17.88,24.0,9.55,25.09,50.11,0,0,1,0,0
2026-01-01T01:50:24Z,leak,LEAK,8474.2,40.13,90.53,-18.39,23.98,9.6,25.26,49.99,0,0,1,0,0
2026-01-01T01:50:25Z,leak,LEAK,8475.0,39.91,89.64,-18.23,24.09,9.6,25.16,50.05,0,0,1,0,0
2026-01-01T01:50:26Z,leak,LEAK,8490.1,39.84,90.09,-18.58,23.95,9.74,25.09,49.92,0,0,1,0,0
2026-01-01T01:50:27Z,leak,LEAK,8465.8,40.01,90.11,-18.0,23.98,9.69,25.12,50.0,0,0,1,0,0
2026-01-01T01:50:28Z,leak,LEAK,8477.2,39.84,89.49,-18.36,24.0,9.72,25.23,50.04,0,0,1,0,0
2026-01-01T01:50:29Z,leak,LEAK,8500.4,40.11,89.05,-18.21,23.9,9.75,25.05,49.98,0,0,1,0,0
2026-01-01T01:50:30Z,leak,LEAK,8476.3,40.47,90.62,-17.45,23.96,9.65,24.93,50.03,0,0,1,0,0
2026-01-01T01:50:31Z,leak,LEAK,8466.9,39.86,90.67,-17.0,23.91,9.75,25.05,49.96,0,0,1,0,0
2026-01-01T01:50:32Z,leak,LEAK,8479.0,40.09,89.04,-18.71,24.06,9.46,25.14,49.98,0,0,1,0,0
2026-01-01T01:50:33Z,leak,LEAK,8464.2,40.03,90.36,-18.51,23.91,9.56,25.08,50.01,0,0,1,0,0
2026-01-01T01:50:34Z,leak,LEAK,8468.2,39.8,89.7,-17.76,24.0,9.71,25.13,49.99,0,0,1,0,0
2026-01-01T01:50:35Z,leak,LEAK,8463.9,39.85,89.47,-17.97,24.11,9.61,25.15,49.97,0,0,1,0,0
2026-01-01T01:50:36Z,leak,LEAK,8461.1,39.95,90.14,-17.24,23.94,9.54,24.96,49.96,0,0,1,0,0
2026-01-01T01:50:37Z,leak,LEAK,8471.7,39.96,89.98,-17.23,24.12,9.82,25.13,50.03,0,0,1,0,0
2026-01-01T01:50:38Z,leak,LEAK,8462.1,39.97,90.41,-17.7,24.01,9.52,25.21,50.01,0,0,1,0,0
2026-01-01T01:50:39Z,leak,LEAK,8449.8,39.75,89.38,-18.32,24.19,9.62,25.04,49.96,0,0,1,0,0
2026-01-01T01:50:40Z,leak,LEAK,8458.3,40.53,89.7,-17.69,24.05,9.65,24.99,50.04,0,0,1,0,0
2026-01-01T01:50:41Z,leak,LEAK,8464.8,39.9,88.6,-18.75,24.03,9.58,24.95,50.0,0,0,1,0,0
2026-01-01T01:50:42Z,leak,LEAK,8476.3,39.91,89.29,-17.71,24.01,9.72,25.14,50.02,0,0,1,0,0
2026-01-01T01:50:43Z,leak,LEAK,8462.3,40.03,90.92,-17.95,24.04,9.54,25.0,49.98,0,0,1,0,0
2026-01-01T01:50:44Z,leak,LEAK,8458.8,40.09,89.22,-17.8,24.14,9.45,25.16,50.02,0,0,1,0,0
2026-01-01T01:50:45Z,leak,LEAK,8461.6,40.2,89.87,-18.09,24.08,9.53,24.92,49.97,0,0,1,0,0
2026-01-01T01:50:46Z,leak,LEAK,8462.6,39.79,90.27,-17.81,23.91,9.53,25.12,50.0,0,0,1,0,0
2026-01-01T01:50:47Z,leak,LEAK,8451.7,40.38,89.05,-18.4,24.23,9.59,25.05,49.96,0,0,1,0,0
2026-01-01T01:50:48Z,leak,LEAK,8447.3,40.14,89.34,-18.31,24.1,9.68,24.99,49.94,0,0,1,0,0
2026-01-01T01:50:49Z,leak,LEAK,8445.3,40.1,89.56,-18.32,24.05,9.7,24.87,50.02,0,0,1,0,0
2026-01-01T01:50:50Z,leak,LEAK,8454.0,40.16,89.52,-17.44,23.99,9.58,25.14,50.02,0,0,1,0,0
2026-01-01T01:50:51Z,leak,LEAK,8461.5,39.69,89.07,-18.19,24.05,9.72,24.89,50.04,0,0,1,0,0
2026-01-01T01:50:52Z,leak,LEAK,8456.4,39.68,90.51,-18.42,23.98,9.52,25.0,50.0,0,0,1,0,0
2026-01-01T01:50:53Z,leak,LEAK,8459.9,39.81,89.94,-17.55,24.2,9.48,24.82,50.1,0,0,1,0,0
2026-01-01T01:50:54Z,leak,LEAK,8446.9,40.13,90.14,-18.45,23.88,9.57,24.97,49.98,0,0,1,0,0
2026-01-01T01:50:55Z,leak,LEAK,8466.7,39.98,90.22,-17.89,24.0,9.67,25.07,50.05,0,0,1,0,0
2026-01-01T01:50:56Z,leak,LEAK,8455.5,39.54,89.71,-18.06,24.1,9.58,24.87,50.08,0,0,1,0,0
2026-01-01T01:50:57Z,leak,LEAK,8456.5,39.89,89.18,-17.34,23.88,9.57,24.98,50.09,0,0,1,0,0
2026-01-01T01:50:58Z,leak,LEAK,8451.4,40.09,88.93,-18.36,23.95,9.66,24.86,50.06,0,0,1,0,0
2026-01-01T01:50:59Z,leak,LEAK,8459.1,40.31,89.86,-18.07,24.23,9.61,24.83,50.03,0,0,1,0,0
2026-01-01T01:51:00Z,leak,LEAK,8452.2,40.23,88.81,-17.75,24.11,9.67,25.1,50.01,0,0,1,0,0
2026-01-01T01:51:01Z,leak,LEAK,8448.4,40.0,90.59,-17.87,24.0,9.5,24.97,49.95,0,0,1,0,0
2026-01-01T01:51:02Z,leak,LEAK,8463.2,40.03,89.93,-18.79,23.95,9.73,24.83,49.9,0,0,1,0,0
2026-01-01T01:51:03Z,leak,LEAK,8425.6,40.34,90.26,-18.22,24.02,9.51,24.98,50.06,0,0,1,0,0
2026-01-01T01:51:04Z,leak,LEAK,8447.6,39.54,89.6,-17.85,24.05,9.63,24.92,49.98,0,0,1,0,0
2026-01-01T01:51:05Z,leak,LEAK,8454.1,39.95,88.08,-17.6,24.06,9.59,24.62,50.01,0,0,1,0,0
2026-01-01T01:51:06Z,leak,LEAK,8434.3,40.04,89.29,-17.85,24.03,9.65,24.87,49.97,0,0,1,0,0
2026-01-01T01:51:07Z,leak,LEAK,8438.5,39.98,89.07,-18.74,23.85,9.62,24.94,50.04,0,0,1,0,0
2026-01-01T01:51:08Z,leak,LEAK,8449.7,39.92,88.98,-17.62,23.96,9.72,24.76,50.05,0,0,1,0,0
2026-01-01T01:51:09Z,leak,LEAK,8432.8,40.01,88.65,-17.77,24.04,9.58,24.89,50.02,0,0,1,0,0
2026-01-01T01:51:10Z,leak,LEAK,8447.4,40.12,89.29,-18.36,23.94,9.6,24.88,49.96,0,0,1,0,0
2026-01-01T01:51:11Z,leak,LEAK,8427.7,39.71,89.79,-18.07,23.95,9.67,24.74,50.04,0,0,1,0,0
2026-01-01T01:51:12Z,leak,LEAK,8437.9,39.69,88.79,-18.12,24.09,9.83,24.74,49.97,0,0,1,0,0
2026-01-01T01:51:13Z,leak,LEAK,8443.0,39.91,89.1,-18.43,23.95,9.64,24.67,49.99,0,0,1,0,0
2026-01-01T01:51:14Z,leak,LEAK,8453.7,39.87,88.53,-17.46,23.94,9.67,24.81,49.99,0,0,1,0,0
2026-01-01T01:51:15Z,leak,LEAK,8446.1,40.23,89.1,-18.57,24.2,9.71,24.7,49.96,0,0,1,0,0
2026-01-01T01:51:16Z,leak,LEAK,8440.6,40.09,89.93,-18.38,24.0,9.61,24.82,49.95,0,0,1,0,0
2026-01-01T01:51:17Z,leak,LEAK,8433.2,40.32,90.22,-17.68,23.94,9.54,24.79,50.08,0,0,1,0,0
2026-01-01T01:51:18Z,leak,LEAK,8430.7,39.95,89.05,-17.21,24.05,9.62,24.75,49.97,0,0,1,0,0
2026-01-01T01:51:19Z,leak,LEAK,8422.9,39.94,89.24,-18.14,24.07,9.48,24.86,50.01,0,0,1,0,0
2026-01-01T01:51:20Z,leak,LEAK,8436.8,40.08,90.15,-18.45,24.08,9.6,24.64,49.98,0,0,1,0,0
2026-01-01T01:51:21Z,leak,LEAK,8429.9,40.07,89.85,-18.37,23.92,9.57,24.84,50.07,0,0,1,0,0
2026-01-01T01:51:22Z,leak,LEAK,8426.4,40.19,89.21,-18.47,24.04,9.65,24.92,50.03,0,0,1,0,0
2026-01-01T01:51:23Z,leak,LEAK,8427.5,40.14,89.54,-18.52,24.26,9.63,24.71,50.02,0,0,1,0,0
2026-01-01T01:51:24Z,leak,LEAK,8428.7,39.72,89.04,-18.86,23.89,9.67,25.05,50.03,0,0,1,0,0
2026-01-01T01:51:25Z,leak,LEAK,8433.3,39.87,88.75,-18.06,23.98,9.51,24.57,49.99,0,0,1,0,0
2026-01-01T01:51:26Z,leak,LEAK,8431.6,39.68,89.99,-18.23,23.81,9.5,24.77,49.99,0,0,1,0,0
2026-01-01T01:51:27Z,leak,LEAK,8438.3,39.8,89.84,-17.81,24.08,9.61,24.73,50.01,0,0,1,0,0
2026-01-01T01:51:28Z,leak,LEAK,8436.9,39.94,88.94,-17.91,24.04,9.68,24.62,49.98,0,0,1,0,0
2026-01-01T01:51:29Z,leak,LEAK,8425.9,39.86,89.37,-17.23,23.86,9.71,24.78,49.97,0,0,1,0,0
2026-01-01T01:51:30Z,leak,LEAK,8410.4,40.16,89.17,-17.68,24.01,9.77,24.7,49.89,0,0,1,0,0
2026-01-01T01:51:31Z,leak,LEAK,8425.5,40.01,89.2,-16.78,24.0,9.71,24.92,49.95,0,0,1,0,0
2026-01-01T01:51:32Z,leak,LEAK,8424.8,40.07,88.92,-18.27,23.94,9.8,24.55,49.98,0,0,1,0,0
2026-01-01T01:51:33Z,leak,LEAK,8436.4,40.1,89.38,-17.91,24.13,9.51,24.86,50.01,0,0,1,0,0
2026-01-01T01:51:34Z,leak,LEAK,8424.0,40.05,89.31,-18.66,24.12,9.64,24.74,49.98,0,0,1,0,0
2026-01-01T01:51:35Z,leak,LEAK,8422.5,40.3,89.66,-18.66,24.12,9.64,24.43,50.02,0,0,1,0,0
2026-01-01T01:51:36Z,leak,LEAK,8407.4,39.99,88.89,-17.72,23.97,9.55,24.56,50.08,0,0,1,0,0
2026-01-01T01:51:37Z,leak,LEAK,8410.3,40.09,88.77,-17.9,23.84,9.67,24.59,50.13,0,0,1,0,0
2026-01-01T01:51:38Z,leak,LEAK,8410.8,39.89,89.11,-17.82,24.04,9.77,24.73,50.04,0,0,1,0,0
2026-01-01T01:51:39Z,leak,LEAK,8407.6,40.1,89.43,-17.76,24.03,9.56,24.55,50.05,0,0,1,0,0
2026-01-01T01:51:40Z,leak,LEAK,8424.6,39.92,88.98,-18.01,23.98,9.72,24.72,50.02,0,0,1,0,0
2026-01-01T01:51:41Z,leak,LEAK,8418.9,39.68,88.98,-18.7,23.89,9.63,24.6,49.98,0,0,1,0,0
2026-01-01T01:51:42Z,leak,LEAK,8418.4,40.17,89.21,-17.51,24.09,9.58,24.64,49.84,0,0,1,0,0
2026-01-01T01:51:43Z,leak,LEAK,8426.0,39.91,88.98,-17.72,23.86,9.63,24.87,49.93,0,0,1,0,0
2026-01-01T01:51:44Z,leak,LEAK,8413.4,39.89,89.74,-18.57,23.75,9.71,24.59,50.02,0,0,1,0,0
2026-01-01T01:51:45Z,leak,LEAK,8424.8,39.86,88.48,-17.11,23.93,9.53,24.75,49.99,0,0,1,0,0
2026-01-01T01:51:46Z,leak,LEAK,8425.6,39.99,88.76,-18.48,23.86,9.61,24.51,49.94,0,0,1,0,0
2026-01-01T01:51:47Z,leak,LEAK,8416.3,39.54,90.32,-18.0,24.13,9.53,24.51,49.91,0,0,1,0,0
2026-01-01T01:51:48Z,leak,LEAK,8407.8,40.37,89.73,-18.21,23.97,9.5,24.55,50.01,0,0,1,0,0
2026-01-01T01:51:49Z,leak,LEAK,8423.4,40.02,89.07,-17.82,24.08,9.56,24.6,49.95,0,0,1,0,0
2026-01-01T01:51:50Z,leak,LEAK,8423.9,40.13,88.94,-17.36,23.88,9.56,24.44,50.05,0,0,1,0,0
2026-01-01T01:51:51Z,leak,LEAK,8428.3,39.7,89.69,-17.67,23.97,9.58,24.68,50.03,0,0,1,0,0
2026-01-01T01:51:52Z,leak,LEAK,8420.0,39.77,89.9,-18.53,23.97,9.39,24.43,50.0,0,0,1,0,0
2026-01-01T01:51:53Z,leak,LEAK,8406.5,40.16,88.9,-18.31,24.03,9.61,24.39,49.89,0,0,1,0,0
2026-01-01T01:51:54Z,leak,LEAK,8414.1,39.8,89.19,-18.57,23.93,9.54,24.56,50.08,0,0,1,0,0
2026-01-01T01:51:55Z,leak,LEAK,8424.3,39.68,89.31,-18.79,24.02,9.47,24.67,49.95,0,0,1,0,0
2026-01-01T01:51:56Z,leak,LEAK,8425.5,40.16,88.85,-18.69,24.07,9.74,24.72,50.02,0,0,1,0,0
2026-01-01T01:51:57Z,leak,LEAK,8403.6,40.02,88.81,-17.54,23.96,9.56,24.61,49.99,0,0,1,0,0
2026-01-01T01:51:58Z,leak,LEAK,8438.1,40.13,89.48,-18.46,23.83,9.53,24.63,50.02,0,0,1,0,0
2026-01-01T01:51:59Z,leak,LEAK,8410.0,40.36,90.12,-18.04,23.84,9.66,24.55,50.01,0,0,1,0,0
2026-01-01T01:52:00Z,leak,LEAK,8398.8,39.68,88.41,-17.47,24.04,9.62,24.46,49.92,0,0,1,0,0
2026-01-01T01:52:01Z,leak,LEAK,8406.8,39.6,88.71,-18.53,23.76,9.61,24.52,50.01,0,0,1,0,0
2026-01-01T01:52:02Z,leak,LEAK,8399.3,40.41,88.87,-17.75,23.93,9.58,24.58,50.03,0,0,1,0,0
2026-01-01T01:52:03Z,leak,LEAK,8409.1,39.99,89.67,-18.28,24.07,9.77,24.51,50.07,0,0,1,0,0
2026-01-01T01:52:04Z,leak,LEAK,8415.4,39.56,89.06,-17.94,24.08,9.54,24.49,49.94,0,0,1,0,0
2026-01-01T01:52:05Z,leak,LEAK,8396.5,39.69,88.87,-17.83,23.94,9.57,24.44,49.99,0,0,1,0,0
2026-01-01T01:52:06Z,leak,LEAK,8424.8,40.22,90.05,-18.67,24.0,9.52,24.38,49.93,0,0,1,0,0
2026-01-01T01:52:07Z,leak,LEAK,8415.4,39.7,89.28,-18.49,23.93,9.58,24.58,49.95,0,0,1,0,0
2026-01-01T01:52:08Z,leak,LEAK,8397.7,39.98,88.95,-17.7,24.08,9.74,24.62,49.99,0,0,1,0,0
2026-01-01T01:52:09Z,leak,LEAK,8415.0,40.18,89.84,-17.72,24.04,9.56,24.52,50.06,0,0,1,0,0
2026-01-01T01:52:10Z,leak,LEAK,8406.1,39.68,88.82,-16.95,23.86,9.79,24.42,49.94,0,0,1,0,0
2026-01-01T01:52:11Z,leak,LEAK,8396.0,40.13,88.92,-18.14,24.1,9.43,24.51,49.99,0,0,1,0,0
2026-01-01T01:52:12Z,leak,LEAK,8391.5,40.16,88.77,-17.09,23.98,9.6,24.4,49.97,0,0,1,0,0
2026-01-01T01:52:13Z,leak,LEAK,8395.0,40.36,90.76,-18.03,24.03,9.67,24.53,50.0,0,0,1,0,0
2026-01-01T01:52:14Z,leak,LEAK,8399.8,39.76,87.7,-17.63,24.1,9.59,24.34,49.96,0,0,1,0,0
2026-01-01T01:52:15Z,leak,LEAK,8418.5,39.93,89.33,-18.12,24.05,9.68,24.52,49.93,0,0,1,0,0
2026-01-01T01:52:16Z,leak,LEAK,8400.9,40.11,89.56,-18.09,23.86,9.65,24.41,50.0,0,0,1,0,0
2026-01-01T01:52:17Z,leak,LEAK,8404.9,40.15,89.26,-18.25,23.99,9.6,24.29,49.99,0,0,1,0,0
2026-01-01T01:52:18Z,leak,LEAK,8399.1,39.79,88.86,-17.74,24.05,9.41,24.52,49.95,0,0,1,0,0
2026-01-01T01:52:19Z,leak,LEAK,8425.0,39.94,89.43,-17.91,23.95,9.55,24.45,50.0,0,0,1,0,0
2026-01-01T01:52:20Z,leak,LEAK,8406.0,39.97,89.15,-17.07,23.93,9.61,24.32,50.11,0,0,1,0,0
2026-01-01T01:52:21Z,leak,LEAK,8408.2,39.84,89.17,-17.97,24.12,9.68,24.28,50.03,0,0,1,0,0
2026-01-01T01:52:22Z,leak,LEAK,8394.2,40.12,88.84,-17.18,23.92,9.65,24.28,50.05,0,0,1,0,0
2026-01-01T01:52:23Z,leak,LEAK,8401.2,40.07,88.44,-18.29,24.14,9.46,24.43,50.02,0,0,1,0,0
2026-01-01T01:52:24Z,leak,LEAK,8397.0,39.87,89.25,-18.76,24.0,9.66,24.28,50.04,0,0,1,0,0
2026-01-01T01:52:25Z,leak,LEAK,8393.4,40.01,88.59,-17.03,23.96,9.59,24.29,49.95,0,0,1,0,0
2026-01-01T01:52:26Z,leak,LEAK,8394.0,40.12,88.67,-17.82,24.02,9.54,24.33,50.0,0,0,1,0,0
2026-01-01T01:52:27Z,leak,LEAK,8409.7,40.09,88.93,-18.48,24.06,9.72,24.34,50.0,0,0,1,0,0
2026-01-01T01:52:28Z,leak,LEAK,8383.5,40.46,88.86,-18.21,24.21,9.49,24.34,50.01,0,0,1,0,0
2026-01-01T01:52:29Z,leak,LEAK,8408.1,39.86,88.91,-17.42,23.83,9.82,24.43,49.98,0,0,1,0,0
2026-01-01T01:52:30Z,leak,LEAK,8394.1,39.67,88.71,-19.34,24.09,9.53,24.36,49.96,0,0,1,0,0
2026-01-01T01:52:31Z,leak,LEAK,8403.5,40.14,89.45,-18.2,24.03,9.54,24.28,50.06,0,0,1,0,0
2026-01-01T01:52:32Z,leak,LEAK,8393.2,40.08,88.66,-17.47,24.14,9.8,24.32,50.02,0,0,1,0,0
2026-01-01T01:52:33Z,leak,LEAK,8404.7,39.85,88.6,-17.73,23.91,9.65,24.3,49.95,0,0,1,0,0
2026-01-01T01:52:34Z,leak,LEAK,8401.2,39.92,88.81,-16.9,23.97,9.53,24.37,49.98,0,0,1,0,0
2026-01-01T01:52:35Z,leak,LEAK,8396.4,40.21,88.53,-18.24,23.98,9.43,24.24,50.0,0,0,1,0,0
2026-01-01T01:52:36Z,leak,LEAK,8391.6,39.66,89.3,-17.76,23.81,9.47,24.45,49.98,0,0,1,0,0
2026-01-01T01:52:37Z,leak,LEAK,8391.3,39.78,88.5,-18.39,24.03,9.77,24.37,50.02,0,0,1,0,0
2026-01-01T01:52:38Z,leak,LEAK,8394.9,39.82,88.58,-18.97,23.98,9.78,24.17,49.99,0,0,1,0,0
2026-01-01T01:52:39Z,leak,LEAK,8389.7,39.96,89.34,-17.59,23.73,9.55,24.21,50.02,0,0,1,0,0
2026-01-01T01:52:40Z,leak,LEAK,8408.2,39.75,89.46,-18.05,23.81,9.46,24.21,49.95,0,0,1,0,0
2026-01-01T01:52:41Z,leak,LEAK,8401.7,39.7,88.85,-18.45,23.98,9.47,24.02,50.03,0,0,1,0,0
2026-01-01T01:52:42Z,leak,LEAK,8417.0,40.04,89.12,-17.91,24.06,9.44,24.12,49.96,0,0,1,0,0
2026-01-01T01:52:43Z,leak,LEAK,8396.5,39.77,88.59,-17.2,24.13,9.42,24.23,50.05,0,0,1,0,0
2026-01-01T01:52:44Z,leak,LEAK,8398.4,40.1,88.84,-17.96,23.82,9.83,24.3,49.95,0,0,1,0,0
2026-01-01T01:52:45Z,leak,LEAK,8391.3,40.34,89.16,-18.61,24.01,9.53,24.11,50.02,0,0,1,0,0
2026-01-01T01:52:46Z,leak,LEAK,8407.5,40.04,88.57,-17.88,24.11,9.53,24.26,50.0,0,0,1,0,0
2026-01-01T01:52:47Z,leak,LEAK,8392.9,40.37,89.3,-18.17,24.16,9.64,24.42,49.92,0,0,1,0,0
2026-01-01T01:52:48Z,leak,LEAK,8391.5,39.95,88.63,-18.56,23.96,9.35,24.16,50.01,0,0,1,0,0
2026-01-01T01:52:49Z,leak,LEAK,8401.7,39.86,88.86,-18.13,24.11,9.66,24.04,50.04,0,0,1,0,0
2026-01-01T01:52:50Z,leak,LEAK,8398.9,40.3,89.4,-17.52,24.05,9.5,24.28,50.0,0,0,1,0,0
2026-01-01T01:52:51Z,leak,LEAK,8400.2,40.06,89.15,-18.34,24.0,9.48,24.22,50.05,0,0,1,0,0
2026-01-01T01:52:52Z,leak,LEAK,8405.5,39.87,87.88,-18.22,23.89,9.68,24.33,50.04,0,0,1,0,0
2026-01-01T01:52:53Z,leak,LEAK,8378.2,40.25,89.68,-18.23,23.94,9.9,24.25,50.02,0,0,1,0,0
2026-01-01T01:52:54Z,leak,LEAK,8398.6,39.98,88.38,-18.43,24.0,9.57,24.1,50.04,0,0,1,0,0
2026-01-01T01:52:55Z,leak,LEAK,8401.9,40.11,88.79,-16.72,24.01,9.64,24.18,50.12,0,0,1,0,0
2026-01-01T01:52:56Z,leak,LEAK,8380.6,39.95,88.18,-17.87,23.79,9.64,24.0,50.04,0,0,1,0,0
2026-01-01T01:52:57Z,leak,LEAK,8389.6,39.99,88.65,-17.7,23.97,9.6,24.21,49.94,0,0,1,0,0
2026-01-01T01:52:58Z,leak,LEAK,8401.4,40.1,88.47,-17.52,23.71,9.57,24.21,49.9,0,0,1,0,0
2026-01-01T01:52:59Z,leak,LEAK,8394.7,39.85,89.47,-17.85,23.92,9.64,24.24,49.97,0,0,1,0,0
2026-01-01T01:53:00Z,leak,LEAK,8412.5,39.97,88.67,-18.22,24.09,9.71,24.17,49.91,0,0,1,0,0
2026-01-01T01:53:01Z,leak,LEAK,8399.8,39.96,88.22,-18.9,24.09,9.51,24.17,50.05,0,0,1,0,0
2026-01-01T01:53:02Z,leak,LEAK,8419.5,40.05,89.64,-18.34,23.96,9.63,24.06,50.04,0,0,1,0,0
2026-01-01T01:53:03Z,leak,LEAK,8382.1,39.5,89.96,-18.1,24.09,9.46,24.21,49.95,0,0,1,0,0
2026-01-01T01:53:04Z,leak,LEAK,8391.0,40.08,88.71,-18.49,23.88,9.63,24.03,50.09,0,0,1,0,0
2026-01-01T01:53:05Z,leak,LEAK,8410.9,40.02,88.75,-17.86,24.05,9.66,24.04,50.02,0,0,1,0,0
2026-01-01T01:53:06Z,leak,LEAK,8395.3,40.15,89.05,-17.51,24.0,9.5,24.24,49.99,0,0,1,0,0
2026-01-01T01:53:07Z,leak,LEAK,8403.4,39.86,88.31,-18.61,24.08,9.41,24.11,50.02,0,0,1,0,0
2026-01-01T01:53:08Z,leak,LEAK,8399.9,40.33,89.26,-17.79,23.78,9.45,23.93,49.96,0,0,1,0,0
2026-01-01T01:53:09Z,leak,LEAK,8410.7,39.9,88.34,-18.15,23.99,9.53,24.06,49.89,0,0,1,0,0
2026-01-01T01:53:10Z,leak,LEAK,8410.0,40.08,88.69,-17.53,23.95,9.43,24.08,49.92,0,0,1,0,0
2026-01-01T01:53:11Z,leak,LEAK,8393.5,39.77,88.94,-17.95,24.02,9.65,24.15,49.94,0,0,1,0,0
2026-01-01T01:53:12Z,leak,LEAK,8389.2,39.72,89.28,-17.86,24.08,9.61,24.23,49.93,0,0,1,0,0
2026-01-01T01:53:13Z,leak,LEAK,8401.4,39.71,89.09,-18.1,23.98,9.49,24.03,50.07,0,0,1,0,0
2026-01-01T01:53:14Z,leak,LEAK,8408.7,39.96,89.02,-17.71,24.13,9.75,23.98,50.03,0,0,1,0,0
2026-01-01T01:53:15Z,leak,LEAK,8402.6,40.14,89.44,-18.73,23.96,9.58,23.91,49.98,0,0,1,0,0
2026-01-01T01:53:16Z,leak,LEAK,8404.1,39.86,88.98,-17.67,24.01,9.71,23.89,50.02,0,0,1,0,0
2026-01-01T01:53:17Z,leak,LEAK,8429.7,39.91,88.63,-17.76,24.08,9.57,24.03,49.98,0,0,1,0,0
2026-01-01T01:53:18Z,leak,LEAK,8404.1,40.18,89.16,-18.12,23.96,9.52,24.08,50.02,0,0,1,0,0
2026-01-01T01:53:19Z,leak,LEAK,8415.7,40.09,89.64,-18.19,23.97,9.55,24.2,49.97,0,0,1,0,0
2026-01-01T01:53:20Z,leak,LEAK,8416.3,40.42,89.63,-17.73,23.99,9.47,24.11,49.98,0,0,1,0,0
2026-01-01T01:53:21Z,leak,LEAK,8393.9,39.46,89.17,-17.3,24.21,9.66,24.17,50.02,0,0,1,0,0
2026-01-01T01:53:22Z,leak,LEAK,8398.0,39.86,89.05,-17.97,24.03,9.65,24.06,49.93,0,0,1,0,0
2026-01-01T01:53:23Z,leak,LEAK,8419.2,39.8,89.17,-18.39,23.99,9.48,24.03,49.98,0,0,1,0,0
2026-01-01T01:53:24Z,leak,LEAK,8415.2,39.89,89.43,-17.58,23.92,9.58,24.08,49.99,0,0,1,0,0
2026-01-01T01:53:25Z,leak,LEAK,8402.8,40.2,89.44,-17.48,23.94,9.77,23.88,50.0,0,0,1,0,0
2026-01-01T01:53:26Z,leak,LEAK,8397.7,40.04,89.38,-17.45,23.86,9.59,24.11,50.03,0,0,1,0,0
2026-01-01T01:53:27Z,leak,LEAK,8394.2,40.31,88.83,-18.13,23.98,9.67,23.85,49.95,0,0,1,0,0
2026-01-01T01:53:28Z,leak,LEAK,8408.4,39.88,90.29,-18.36,24.02,9.59,23.98,49.97,0,0,1,0,0
2026-01-01T01:53:29Z,leak,LEAK,8413.9,39.91,89.68,-17.8,23.96,9.63,24.13,49.96,0,0,1,0,0
2026-01-01T01:53:30Z,leak,LEAK,8399.7,40.12,88.99,-17.82,23.83,9.55,23.87,50.01,0,0,1,0,0
2026-01-01T01:53:31Z,leak,LEAK,8405.7,39.78,88.37,-17.61,24.13,9.54,23.91,50.01,0,0,1,0,0
2026-01-01T01:53:32Z,leak,LEAK,8417.0,39.97,89.32,-18.31,24.01,9.48,24.0,49.94,0,0,1,0,0
2026-01-01T01:53:33Z,leak,LEAK,8433.2,40.26,88.64,-18.97,24.15,9.66,23.72,49.98,0,0,1,0,0
2026-01-01T01:53:34Z,leak,LEAK,8405.5,40.22,89.11,-17.86,23.97,9.64,23.9,50.02,0,0,1,0,0
2026-01-01T01:53:35Z,leak,LEAK,8424.7,39.64,88.92,-17.74,24.03,9.49,23.97,50.0,0,0,1,0,0
2026-01-01T01:53:36Z,leak,LEAK,8405.9,39.87,89.52,-17.93,23.98,9.61,24.01,49.95,0,0,1,0,0
2026-01-01T01:53:37Z,leak,LEAK,8406.1,39.79,87.97,-16.16,23.78,9.64,23.98,49.99,0,0,1,0,0
2026-01-01T01:53:38Z,leak,LEAK,8422.7,40.05,89.08,-17.9,23.89,9.58,23.83,49.99,0,0,1,0,0
2026-01-01T01:53:39Z,leak,LEAK,8424.4,39.91,89.6,-17.14,23.92,9.59,23.98,50.02,0,0,1,0,0
2026-01-01T01:53:40Z,leak,LEAK,8420.5,40.24,89.36,-17.9,24.03,9.58,23.81,50.01,0,0,1,0,0
2026-01-01T01:53:41Z,leak,LEAK,8423.8,40.03,89.21,-17.39,24.06,9.77,23.98,49.96,0,0,1,0,0
2026-01-01T01:53:42Z,leak,LEAK,8402.5,40.06,89.03,-18.94,23.85,9.76,24.09,49.93,0,0,1,0,0
2026-01-01T01:53:43Z,leak,LEAK,8426.3,39.83,89.89,-16.58,24.05,9.54,23.84,50.03,0,0,1,0,0
2026-01-01T01:53:44Z,leak,LEAK,8413.8,40.14,89.24,-18.4,24.13,9.52,23.83,49.95,0,0,1,0,0
2026-01-01T01:53:45Z,leak,LEAK,8423.7,40.14,88.85,-17.64,23.98,9.46,23.78,49.94,0,0,1,0,0
2026-01-01T01:53:46Z,leak,LEAK,8421.7,40.14,89.09,-17.91,24.02,9.58,23.77,49.9,0,0,1,0,0
2026-01-01T01:53:47Z,leak,LEAK,8410.7,40.29,88.63,-18.0,23.91,9.59,23.77,50.08,0,0,1,0,0
2026-01-01T01:53:48Z,leak,LEAK,8408.2,40.12,88.5,-17.27,23.92,9.46,23.76,49.96,0,0,1,0,0
2026-01-01T01:53:49Z,leak,LEAK,8401.4,39.66,88.63,-18.7,24.02,9.49,23.89,50.03,0,0,1,0,0
2026-01-01T01:53:50Z,leak,LEAK,8435.2,40.54,88.87,-18.22,23.84,9.57,23.92,49.96,0,0,1,0,0
2026-01-01T01:53:51Z,leak,LEAK,8423.8,39.82,88.59,-18.82,24.01,9.59,23.76,49.99,0,0,1,0,0
2026-01-01T01:53:52Z,leak,LEAK,8414.9,39.95,88.21,-17.98,23.91,9.42,23.93,50.06,0,0,1,0,0
2026-01-01T01:53:53Z,leak,LEAK,8441.7,40.16,89.93,-18.23,23.97,9.62,23.88,50.04,0,0,1,0,0
2026-01-01T01:53:54Z,leak,LEAK,8428.5,39.97,88.5,-17.72,24.16,9.64,23.95,50.01,0,0,1,0,0
2026-01-01T01:53:55Z,leak,LEAK,8443.9,39.74,89.14,-17.95,24.08,9.44,23.88,49.93,0,0,1,0,0
2026-01-01T01:53:56Z,leak,LEAK,8422.4,39.93,89.94,-17.84,23.98,9.43,23.9,49.96,0,0,1,0,0
2026-01-01T01:53:57Z,leak,LEAK,8427.2,40.38,89.08,-18.52,24.04,9.69,23.86,50.08,0,0,1,0,0
2026-01-01T01:53:58Z,leak,LEAK,8437.2,39.72,89.46,-18.33,24.23,9.77,24.02,50.11,0,0,1,0,0
2026-01-01T01:53:59Z,leak,LEAK,8432.0,39.83,89.51,-19.12,24.2,9.92,23.93,49.96,0,0,1,0,0
2026-01-01T01:54:00Z,leak,LEAK,8433.4,40.03,88.66,-18.26,23.95,9.41,23.87,50.02,0,0,1,0,0
2026-01-01T01:54:01Z,leak,LEAK,8431.9,40.01,89.53,-17.55,24.0,9.58,23.74,49.94,0,0,1,0,0
2026-01-01T01:54:02Z,leak,LEAK,8419.7,40.21,89.79,-18.07,24.0,9.65,23.81,50.02,0,0,1,0,0
2026-01-01T01:54:03Z,leak,LEAK,8416.5,39.89,89.12,-18.28,23.94,9.63,23.71,49.95,0,0,1,0,0
2026-01-01T01:54:04Z,leak,LEAK,8441.9,39.77,89.06,-17.53,24.02,9.81,23.78,50.04,0,0,1,0,0
2026-01-01T01:54:05Z,leak,LEAK,8418.7,40.05,89.49,-17.34,23.85,9.69,23.86,49.91,0,0,1,0,0
2026-01-01T01:54:06Z,leak,LEAK,8417.9,39.73,89.49,-17.63,24.09,9.43,23.83,49.92,0,0,1,0,0
2026-01-01T01:54:07Z,leak,LEAK,8416.0,40.08,89.62,-18.93,24.06,9.75,23.84,50.0,0,0,1,0,0
2026-01-01T01:54:08Z,leak,LEAK,8424.9,39.82,88.82,-17.51,24.16,9.51,23.73,49.94,0,0,1,0,0
2026-01-01T01:54:09Z,leak,LEAK,8432.9,40.14,88.74,-18.96,24.07,9.86,23.75,49.99,0,0,1,0,0
2026-01-01T01:54:10Z,leak,LEAK,8430.0,39.91,89.87,-17.92,24.05,9.43,23.77,50.02,0,0,1,0,0
2026-01-01T01:54:11Z,leak,LEAK,8442.6,40.11,88.78,-17.97,23.89,9.55,23.72,50.01,0,0,1,0,0
2026-01-01T01:54:12Z,leak,LEAK,8431.0,40.07,88.45,-18.03,24.07,9.58,23.81,50.01,0,0,1,0,0
2026-01-01T01:54:13Z,leak,LEAK,8458.5,39.79,88.89,-18.43,23.95,9.68,23.76,49.97,0,0,1,0,0
2026-01-01T01:54:14Z,leak,LEAK,8439.3,40.11,88.86,-18.48,24.04,9.58,23.88,49.98,0,0,1,0,0
2026-01-01T01:54:15Z,leak,LEAK,8431.6,39.91,88.31,-18.1,24.07,9.61,23.76,49.98,0,0,1,0,0
2026-01-01T01:54:16Z,leak,LEAK,8431.6,40.02,89.37,-17.55,24.05,9.67,23.8,49.92,0,0,1,0,0
2026-01-01T01:54:17Z,leak,LEAK,8445.8,40.43,89.11,-18.84,23.94,9.58,23.77,50.1,0,0,1,0,0
2026-01-01T01:54:18Z,leak,LEAK,8444.0,40.13,89.46,-17.78,24.13,9.65,23.73,50.1,0,0,1,0,0
2026-01-01T01:54:19Z,leak,LEAK,8427.3,40.04,89.8,-17.91,23.95,9.67,23.75,50.04,0,0,1,0,0
2026-01-01T01:54:20Z,leak,LEAK,8448.8,39.95,89.26,-18.37,24.05,9.61,23.66,50.03,0,0,1,0,0
2026-01-01T01:54:21Z,leak,LEAK,8442.1,39.99,88.99,-17.33,24.06,9.64,23.55,49.99,0,0,1,0,0
2026-01-01T01:54:22Z,leak,LEAK,8433.6,40.04,89.4,-18.39,23.88,9.54,23.69,50.04,0,0,1,0,0
2026-01-01T01:54:23Z,leak,LEAK,8458.2,39.99,90.03,-18.24,24.16,9.48,23.66,49.91,0,0,1,0,0
2026-01-01T01:54:24Z,leak,LEAK,8457.1,40.27,88.5,-17.42,23.95,9.34,23.75,50.02,0,0,1,0,0
2026-01-01T01:54:25Z,leak,LEAK,8447.1,40.13,89.28,-18.56,24.08,9.75,23.61,50.08,0,0,1,0,0
2026-01-01T01:54:26Z,leak,LEAK,8448.4,39.8,89.22,-17.39,24.04,9.57,23.75,49.97,0,0,1,0,0
2026-01-01T01:54:27Z,leak,LEAK,8463.9,39.96,89.56,-18.01,23.93,9.62,23.78,50.06,0,0,1,0,0
2026-01-01T01:54:28Z,leak,LEAK,8432.0,39.53,89.76,-17.11,23.95,9.63,23.57,49.94,0,0,1,0,0
2026-01-01T01:54:29Z,leak,LEAK,8447.9,39.93,90.25,-18.0,24.15,9.52,23.58,50.01,0,0,1,0,0
2026-01-01T01:54:30Z,leak,LEAK,8442.6,40.06,88.8,-17.15,23.92,9.49,23.68,50.0,0,0,1,0,0
2026-01-01T01:54:31Z,leak,LEAK,8446.9,40.06,89.56,-17.07,24.03,9.5,23.69,49.97,0,0,1,0,0
2026-01-01T01:54:32Z,leak,LEAK,8453.9,39.86,89.6,-17.85,23.97,9.62,23.84,50.04,0,0,1,0,0
2026-01-01T01:54:33Z,leak,LEAK,8447.5,39.89,89.47,-17.9,24.08,9.75,23.44,49.97,0,0,1,0,0
2026-01-01T01:54:34Z,leak,LEAK,8456.9,40.14,89.93,-17.84,23.91,9.38,23.53,50.0,0,0,1,0,0
2026-01-01T01:54:35Z,leak,LEAK,8450.7,39.75,89.0,-17.65,23.97,9.65,23.54,50.04,0,0,1,0,0
2026-01-01T01:54:36Z,leak,LEAK,8455.4,40.12,89.8,-18.58,24.06,9.44,23.5,49.94,0,0,1,0,0
2026-01-01T01:54:37Z,leak,LEAK,8455.4,39.88,90.06,-18.37,24.07,9.53,23.45,50.01,0,0,1,0,0
2026-01-01T01:54:38Z,leak,LEAK,8467.8,39.93,88.82,-18.63,23.95,9.69,23.67,49.92,0,0,1,0,0
2026-01-01T01:54:39Z,leak,LEAK,8455.9,40.3,88.68,-17.53,23.96,9.61,23.48,49.99,0,0,1,0,0
2026-01-01T01:54:40Z,leak,LEAK,8457.1,39.91,89.02,-17.69,24.09,9.66,23.52,49.97,0,0,1,0,0
2026-01-01T01:54:41Z,leak,LEAK,8455.8,40.05,90.0,-17.39,23.91,9.49,23.86,49.92,0,0,1,0,0
2026-01-01T01:54:42Z,leak,LEAK,8447.2,39.8,89.35,-17.45,24.0,9.58,23.59,50.04,0,0,1,0,0
2026-01-01T01:54:43Z,leak,LEAK,8467.7,40.5,89.47,-18.49,24.02,9.49,23.68,50.03,0,0,1,0,0
2026-01-01T01:54:44Z,leak,LEAK,8459.0,40.03,89.68,-18.35,23.82,9.72,23.59,49.96,0,0,1,0,0
2026-01-01T01:54:45Z,leak,LEAK,8476.3,40.05,88.35,-18.23,24.02,9.67,23.61,49.92,0,0,1,0,0
2026-01-01T01:54:46Z,leak,LEAK,8462.9,39.96,88.72,-18.0,23.95,9.52,23.46,50.03,0,0,1,0,0
2026-01-01T01:54:47Z,leak,LEAK,8477.9,40.11,88.54,-17.69,24.08,9.66,23.39,50.09,0,0,1,0,0
2026-01-01T01:54:48Z,leak,LEAK,8458.0,39.9,89.73,-17.19,24.02,9.62,23.68,49.93,0,0,1,0,0
2026-01-01T01:54:49Z,leak,LEAK,8461.9,39.83,89.32,-17.17,23.92,9.65,23.6,50.0,0,0,1,0,0
2026-01-01T01:54:50Z,leak,LEAK,8466.3,40.27,89.54,-17.16,24.01,9.47,23.4,49.95,0,0,1,0,0
2026-01-01T01:54:51Z,leak,LEAK,8445.2,40.38,89.74,-18.19,24.12,9.44,23.69,49.96,0,0,1,0,0
2026-01-01T01:54:52Z,leak,LEAK,8469.8,39.96,88.63,-17.65,24.07,9.67,23.65,50.0,0,0,1,0,0
2026-01-01T01:54:53Z,leak,LEAK,8460.6,39.67,89.56,-18.58,24.03,9.54,23.5,50.03,0,0,1,0,0
2026-01-01T01:54:54Z,leak,LEAK,8466.1,40.16,89.56,-17.94,24.03,9.51,23.56,50.0,0,0,1,0,0
2026-01-01T01:54:55Z,leak,LEAK,8470.3,39.96,89.85,-17.44,24.03,9.47,23.63,50.03,0,0,1,0,0
2026-01-01T01:54:56Z,leak,LEAK,8491.2,39.82,89.63,-18.04,24.14,9.59,23.3,49.92,0,0,1,0,0
2026-01-01T01:54:57Z,leak,LEAK,8462.6,40.03,89.15,-18.29,23.98,9.45,23.62,50.04,0,0,1,0,0
2026-01-01T01:54:58Z,leak,LEAK,8466.8,40.22,89.34,-17.8,24.1,9.52,23.74,50.0,0,0,1,0,0
2026-01-01T01:54:59Z,leak,LEAK,8473.6,39.96,89.95,-18.18,23.94,9.78,23.28,50.05,0,0,1,0,0
2026-01-01T01:55:00Z,leak,LEAK,8476.0,40.05,89.55,-18.45,23.91,9.64,23.56,50.05,0,0,1,0,0
2026-01-01T01:55:01Z,leak,LEAK,8498.8,39.94,89.6,-17.67,24.03,9.54,23.52,49.97,0,0,1,0,0
2026-01-01T01:55:02Z,leak,LEAK,8496.6,39.97,89.6,-18.02,23.96,9.58,23.54,49.9,0,0,1,0,0
2026-01-01T01:55:03Z,leak,LEAK,8491.7,40.1,89.71,-17.36,23.74,9.69,23.48,50.05,0,0,1,0,0
2026-01-01T01:55:04Z,leak,LEAK,8490.5,39.78,90.92,-18.34,23.93,9.46,23.52,49.99,0,0,1,0,0
2026-01-01T01:55:05Z,leak,LEAK,8488.0,39.84,89.59,-17.97,23.92,9.53,23.56,49.96,0,0,1,0,0
2026-01-01T01:55:06Z,leak,LEAK,8483.1,40.1,90.28,-18.17,23.94,9.56,23.38,50.01,0,0,1,0,0
2026-01-01T01:55:07Z,leak,LEAK,8488.8,39.93,89.2,-17.73,23.79,9.61,23.67,50.08,0,0,1,0,0
2026-01-01T01:55:08Z,leak,LEAK,8491.6,40.01,89.24,-17.82,23.81,9.74,23.55,50.01,0,0,1,0,0
2026-01-01T01:55:09Z,leak,LEAK,8503.0,40.02,89.79,-17.22,23.98,9.65,23.43,50.0,0,0,1,0,0
2026-01-01T01:55:10Z,leak,LEAK,8486.1,40.11,90.22,-17.92,24.04,9.67,23.4,50.07,0,0,1,0,0
2026-01-01T01:55:11Z,leak,LEAK,8496.1,40.26,90.43,-17.17,24.09,9.61,23.62,50.0,0,0,1,0,0
2026-01-01T01:55:12Z,leak,LEAK,8499.1,40.03,90.1,-17.84,24.02,9.51,23.42,50.04,0,0,1,0,0
2026-01-01T01:55:13Z,leak,LEAK,8488.4,40.2,89.43,-17.67,23.95,9.55,23.42,50.06,0,0,1,0,0
2026-01-01T01:55:14Z,leak,LEAK,8485.2,40.34,89.66,-18.26,24.14,9.78,23.5,49.96,0,0,1,0,0
2026-01-01T01:55:15Z,leak,LEAK,8500.2,39.98,90.57,-18.15,24.08,9.8,23.44,50.03,0,0,1,0,0
2026-01-01T01:55:16Z,leak,LEAK,8500.2,40.01,89.89,-17.69,23.9,9.6,23.32,49.99,0,0,1,0,0
2026-01-01T01:55:17Z,leak,LEAK,8483.6,40.08,88.34,-18.88,23.89,9.67,23.45,49.98,0,0,1,0,0
2026-01-01T01:55:18Z,leak,LEAK,8491.0,39.94,89.99,-18.16,23.99,9.73,23.3,50.0,0,0,1,0,0
2026-01-01T01:55:19Z,leak,LEAK,8500.3,40.21,88.78,-17.42,24.24,9.68,23.39,49.9,0,0,1,0,0
2026-01-01T01:55:20Z,leak,LEAK,8491.0,40.04,90.19,-18.14,24.12,9.68,23.25,50.02,0,0,1,0,0
2026-01-01T01:55:21Z,leak,LEAK,8498.5,39.96,90.18,-17.3,24.0,9.51,23.41,49.94,0,0,1,0,0
2026-01-01T01:55:22Z,leak,LEAK,8506.0,39.84,89.87,-18.38,24.08,9.77,23.19,50.04,0,0,1,0,0
2026-01-01T01:55:23Z,leak,LEAK,8504.6,40.33,89.11,-17.8,23.93,9.6,23.23,49.99,0,0,1,0,0
2026-01-01T01:55:24Z,leak,LEAK,8503.4,40.09,89.49,-18.8,24.11,9.79,23.44,49.95,0,0,1,0,0
2026-01-01T01:55:25Z,leak,LEAK,8495.2,39.56,90.49,-18.46,24.01,9.61,23.41,50.03,0,0,1,0,0
2026-01-01T01:55:26Z,leak,LEAK,8507.0,40.11,91.02,-17.91,23.95,9.46,23.51,49.99,0,0,1,0,0
2026-01-01T01:55:27Z,leak,LEAK,8495.6,40.22,89.57,-19.11,23.99,9.72,23.48,50.01,0,0,1,0,0
2026-01-01T01:55:28Z,leak,LEAK,8521.0,39.67,90.36,-17.84,23.94,9.52,23.32,50.1,0,0,1,0,0
2026-01-01T01:55:29Z,leak,LEAK,8511.4,40.31,90.6,-17.64,24.16,9.73,23.61,50.05,0,0,1,0,0
2026-01-01T01:55:30Z,leak,LEAK,8513.6,39.91,90.04,-17.75,23.89,9.54,23.56,50.12,0,0,1,0,0
2026-01-01T01:55:31Z,leak,LEAK,8516.2,39.71,90.57,-18.03,24.08,9.63,23.36,49.92,0,0,1,0,0
2026-01-01T01:55:32Z,leak,LEAK,8520.2,40.04,88.94,-17.03,24.08,9.68,23.31,50.0,0,0,1,0,0
2026-01-01T01:55:33Z,leak,LEAK,8497.7,40.24,89.59,-17.97,24.22,9.8,23.41,50.03,0,0,1,0,0
2026-01-01T01:55:34Z,leak,LEAK,8507.9,39.57,90.79,-18.91,24.06,9.42,23.58,49.95,0,0,1,0,0
2026-01-01T01:55:35Z,leak,LEAK,8500.8,39.91,89.82,-18.13,23.97,9.6,23.4,50.02,0,0,1,0,0
2026-01-01T01:55:36Z,leak,LEAK,8518.7,40.41,90.8,-17.86,24.01,9.57,23.3,49.95,0,0,1,0,0
2026-01-01T01:55:37Z,leak,LEAK,8527.9,39.96,89.84,-18.22,23.9,9.66,23.4,50.04,0,0,1,0,0
2026-01-01T01:55:38Z,leak,LEAK,8526.7,40.18,90.41,-18.61,23.85,9.31,23.28,49.99,0,0,1,0,0
2026-01-01T01:55:39Z,leak,LEAK,8507.0,39.94,90.05,-18.25,24.02,9.58,23.47,49.98,0,0,1,0,0
2026-01-01T01:55:40Z,leak,LEAK,8495.8,40.24,89.98,-18.61,23.9,9.64,23.48,49.94,0,0,1,0,0
2026-01-01T01:55:41Z,leak,LEAK,8536.7,39.95,90.76,-17.29,24.23,9.59,23.19,49.93,0,0,1,0,0
2026-01-01T01:55:42Z,leak,LEAK,8537.1,39.85,90.27,-17.78,24.18,9.64,23.36,49.97,0,0,1,0,0
2026-01-01T01:55:43Z,leak,LEAK,8518.4,40.06,89.77,-17.66,23.97,9.45,23.22,49.95,0,0,1,0,0
2026-01-01T01:55:44Z,leak,LEAK,8524.1,40.08,91.09,-18.02,23.89,9.51,23.3,49.94,0,0,1,0,0
2026-01-01T01:55:45Z,leak,LEAK,8530.2,40.01,90.33,-17.31,23.97,9.66,23.25,50.02,0,0,1,0,0
2026-01-01T01:55:46Z,leak,LEAK,8521.6,39.83,90.32,-18.03,23.91,9.6,23.14,49.97,0,0,1,0,0
2026-01-01T01:55:47Z,leak,LEAK,8510.2,39.77,91.33,-18.37,24.03,9.4,23.31,50.01,0,0,1,0,0
2026-01-01T01:55:48Z,leak,LEAK,8528.1,40.35,89.59,-17.9,24.13,9.57,23.3,50.07,0,0,1,0,0
2026-01-01T01:55:49Z,leak,LEAK,8507.8,39.88,90.31,-18.96,23.96,9.63,23.2,50.05,0,0,1,0,0
2026-01-01T01:55:50Z,leak,LEAK,8542.8,40.06,90.08,-18.09,23.98,9.55,23.45,49.99,0,0,1,0,0
2026-01-01T01:55:51Z,leak,LEAK,8525.2,39.91,91.08,-18.0,23.94,9.61,23.11,49.98,0,0,1,0,0
2026-01-01T01:55:52Z,leak,LEAK,8537.3,39.88,91.55,-17.83,24.01,9.67,23.15,50.07,0,0,1,0,0
2026-01-01T01:55:53Z,leak,LEAK,8523.1,40.06,89.64,-18.26,23.92,9.7,23.45,50.05,0,0,1,0,0
2026-01-01T01:55:54Z,leak,LEAK,8547.0,39.88,90.06,-18.12,24.02,9.7,23.36,49.99,0,0,1,0,0
2026-01-01T01:55:55Z,leak,LEAK,8523.2,40.26,89.88,-18.02,23.82,9.37,23.48,50.01,0,0,1,0,0
2026-01-01T01:55:56Z,leak,LEAK,8524.4,40.11,90.38,-17.8,23.98,9.56,23.3,49.92,0,0,1,0,0
2026-01-01T01:55:57Z,leak,LEAK,8543.0,39.92,90.19,-17.29,23.91,9.59,23.35,50.03,0,0,1,0,0
2026-01-01T01:55:58Z,leak,LEAK,8533.2,40.04,90.21,-18.17,24.02,9.56,23.34,50.0,0,0,1,0,0
2026-01-01T01:55:59Z,leak,LEAK,8546.3,39.85,89.58,-18.4,24.03,9.84,23.23,49.97,0,0,1,0,0
2026-01-01T01:56:00Z,leak,LEAK,8545.4,40.1,90.79,-18.15,23.81,9.67,23.33,50.04,0,0,1,0,0
2026-01-01T01:56:01Z,leak,LEAK,8539.5,40.13,90.13,-18.38,23.95,9.82,23.32,50.01,0,0,1,0,0
2026-01-01T01:56:02Z,leak,LEAK,8516.8,39.83,91.87,-18.36,24.05,9.55,23.24,49.96,0,0,1,0,0
2026-01-01T01:56:03Z,leak,LEAK,8534.6,40.09,90.26,-17.9,24.01,9.61,23.3,50.11,0,0,1,0,0
2026-01-01T01:56:04Z,leak,LEAK,8531.5,39.96,90.72,-18.38,23.91,9.64,23.17,50.04,0,0,1,0,0
2026-01-01T01:56:05Z,leak,LEAK,8547.2,39.78,90.13,-18.43,24.1,9.95,23.35,50.01,0,0,1,0,0
2026-01-01T01:56:06Z,leak,LEAK,8543.4,39.8,90.55,-18.28,24.16,9.46,23.27,50.0,0,0,1,0,0
2026-01-01T01:56:07Z,leak,LEAK,8520.8,39.92,90.46,-18.17,23.98,9.65,23.06,49.99,0,0,1,0,0
2026-01-01T01:56:08Z,leak,LEAK,8558.7,40.1,90.79,-17.34,24.02,9.74,23.26,50.05,0,0,1,0,0
2026-01-01T01:56:09Z,leak,LEAK,8539.4,39.97,90.15,-17.28,23.96,9.64,23.28,49.94,0,0,1,0,0
2026-01-01T01:56:10Z,leak,LEAK,8541.1,39.99,90.66,-17.7,24.03,9.7,23.08,49.96,0,0,1,0,0
2026-01-01T01:56:11Z,leak,LEAK,8543.5,39.47,90.07,-18.66,23.76,9.61,23.26,50.03,0,0,1,0,0
2026-01-01T01:56:12Z,leak,LEAK,8557.9,39.8,90.29,-18.66,23.96,9.54,23.41,50.09,0,0,1,0,0
2026-01-01T01:56:13Z,leak,LEAK,8553.4,39.97,89.88,-17.6,24.0,9.62,23.1,50.06,0,0,1,0,0
2026-01-01T01:56:14Z,leak,LEAK,8557.2,40.18,90.56,-18.05,23.9,9.72,23.14,49.95,0,0,1,0,0
2026-01-01T01:56:15Z,leak,LEAK,8553.7,40.07,90.79,-18.42,23.94,9.57,23.38,49.99,0,0,1,0,0
2026-01-01T01:56:16Z,leak,LEAK,8535.9,39.95,90.72,-17.62,24.06,9.57,23.28,49.98,0,0,1,0,0
2026-01-01T01:56:17Z,leak,LEAK,8546.9,39.91,90.09,-17.83,23.98,9.68,23.23,50.04,0,0,1,0,0
2026-01-01T01:56:18Z,leak,LEAK,8550.5,39.81,90.12,-17.63,24.02,9.58,23.17,50.02,0,0,1,0,0
2026-01-01T01:56:19Z,leak,LEAK,8556.7,39.97,90.8,-17.53,23.92,9.66,23.14,49.88,0,0,1,0,0
2026-01-01T01:56:20Z,leak,LEAK,8545.9,40.25,90.82,-17.85,23.95,9.44,23.25,50.04,0,0,1,0,0
2026-01-01T01:56:21Z,leak,LEAK,8544.0,40.25,90.23,-18.22,23.89,9.62,23.25,49.96,0,0,1,0,0
2026-01-01T01:56:22Z,leak,LEAK,8556.8,39.58,90.82,-17.48,24.01,9.56,23.31,49.94,0,0,1,0,0
2026-01-01T01:56:23Z,leak,LEAK,8547.4,39.74,90.77,-18.05,24.0,9.48,23.18,50.01,0,0,1,0,0
2026-01-01T01:56:24Z,leak,LEAK,8556.1,40.31,89.82,-18.62,23.87,9.63,23.15,49.98,0,0,1,0,0
2026-01-01T01:56:25Z,leak,LEAK,8579.0,39.98,90.94,-17.81,24.06,9.52,23.16,49.99,0,0,1,0,0
2026-01-01T01:56:26Z,leak,LEAK,8550.9,40.05,90.62,-17.96,24.11,9.53,22.93,50.03,0,0,1,0,0
2026-01-01T01:56:27Z,leak,LEAK,8572.5,40.28,91.12,-18.23,24.0,9.64,23.17,50.02,0,0,1,0,0
2026-01-01T01:56:28Z,leak,LEAK,8539.1,40.12,89.74,-17.28,23.89,9.51,23.21,49.91,0,0,1,0,0
2026-01-01T01:56:29Z,leak,LEAK,8552.8,39.95,90.12,-16.95,24.08,9.61,23.17,50.02,0,0,1,0,0
2026-01-01T01:56:30Z,leak,LEAK,8575.1,40.04,89.86,-17.6,23.89,9.63,23.38,50.08,0,0,1,0,0
2026-01-01T01:56:31Z,leak,LEAK,8560.7,40.08,91.43,-17.91,23.97,9.54,23.42,50.11,0,0,1,0,0
2026-01-01T01:56:32Z,leak,LEAK,8551.5,40.2,90.53,-18.17,24.05,9.48,23.15,50.04,0,0,1,0,0
2026-01-01T01:56:33Z,leak,LEAK,8570.4,40.1,90.52,-17.66,23.98,9.57,23.18,49.99,0,0,1,0,0
2026-01-01T01:56:34Z,leak,LEAK,8555.4,40.28,90.77,-18.32,23.82,9.54,23.24,49.99,0,0,1,0,0
2026-01-01T01:56:35Z,leak,LEAK,8568.8,39.94,90.74,-18.14,24.08,9.44,23.18,49.88,0,0,1,0,0
2026-01-01T01:56:36Z,leak,LEAK,8566.7,39.71,90.66,-18.08,23.97,9.59,23.16,50.03,0,0,1,0,0
2026-01-01T01:56:37Z,leak,LEAK,8568.1,40.26,91.23,-18.15,23.94,9.7,23.12,50.0,0,0,1,0,0
2026-01-01T01:56:38Z,leak,LEAK,8587.4,39.88,90.89,-17.92,23.86,9.69,23.06,50.04,0,0,1,0,0
2026-01-01T01:56:39Z,leak,LEAK,8588.2,40.1,89.75,-18.75,24.09,9.79,23.29,50.04,0,0,1,0,0
2026-01-01T01:56:40Z,leak,LEAK,8553.7,39.73,91.44,-18.64,23.83,9.5,23.23,49.95,0,0,1,0,0
2026-01-01T01:56:41Z,leak,LEAK,8584.9,40.22,91.08,-18.27,23.99,9.77,23.09,49.88,0,0,1,0,0
2026-01-01T01:56:42Z,leak,LEAK,8577.8,39.69,91.03,-17.84,24.05,9.84,23.06,50.05,0,0,1,0,0
2026-01-01T01:56:43Z,leak,LEAK,8574.3,39.84,90.89,-17.47,23.99,9.63,23.15,50.03,0,0,1,0,0
2026-01-01T01:56:44Z,leak,LEAK,8584.3,39.92,90.7,-18.4,23.95,9.68,23.14,49.9,0,0,1,0,0
2026-01-01T01:56:45Z,leak,LEAK,8581.4,40.11,90.34,-17.48,24.09,9.65,23.44,50.0,0,0,1,0,0
2026-01-01T01:56:46Z,leak,LEAK,8573.9,40.06,90.19,-17.78,23.98,9.61,23.2,49.87,0,0,1,0,0
2026-01-01T01:56:47Z,leak,LEAK,8563.4,40.05,90.42,-18.62,24.12,9.44,23.13,50.07,0,0,1,0,0
2026-01-01T01:56:48Z,leak,LEAK,8578.0,40.22,91.44,-18.38,24.08,9.71,23.14,49.92,0,0,1,0,0
2026-01-01T01:56:49Z,leak,LEAK,8597.4,39.85,90.82,-17.77,23.88,9.53,23.01,49.93,0,0,1,0,0
2026-01-01T01:56:50Z,leak,LEAK,8571.2,40.36,91.01,-18.87,24.07,9.65,23.08,50.04,0,0,1,0,0
2026-01-01T01:56:51Z,leak,LEAK,8557.7,39.85,90.39,-18.11,24.03,9.5,23.12,50.04,0,0,1,0,0
2026-01-01T01:56:52Z,leak,LEAK,8580.8,40.25,90.26,-18.9,23.97,9.78,23.0,50.07,0,0,1,0,0
2026-01-01T01:56:53Z,leak,LEAK,8573.9,40.15,90.69,-18.99,24.03,9.49,23.11,49.99,0,0,1,0,0
2026-01-01T01:56:54Z,leak,LEAK,8569.5,39.76,90.19,-18.32,23.95,9.61,23.34,50.06,0,0,1,0,0
2026-01-01T01:56:55Z,leak,LEAK,8593.2,40.15,91.42,-17.38,24.01,9.66,22.88,50.02,0,0,1,0,0
2026-01-01T01:56:56Z,leak,LEAK,8585.8,40.41,90.24,-17.56,23.87,9.48,22.87,50.0,0,0,1,0,0
2026-01-01T01:56:57Z,leak,LEAK,8586.6,39.8,90.06,-18.11,23.9,9.69,22.89,50.08,0,0,1,0,0
2026-01-01T01:56:58Z,leak,LEAK,8570.1,40.0,91.22,-18.63,23.74,9.63,23.12,50.07,0,0,1,0,0
2026-01-01T01:56:59Z,leak,LEAK,8594.0,40.18,91.39,-18.39,24.03,9.41,23.27,50.06,0,0,1,0,0
2026-01-01T01:57:00Z,leak,LEAK,8573.6,40.45,91.0,-18.37,23.98,9.7,23.14,50.01,0,0,1,0,0
2026-01-01T01:57:01Z,leak,LEAK,8592.0,40.12,90.91,-18.31,23.9,9.51,23.03,50.03,0,0,1,0,0
2026-01-01T01:57:02Z,leak,LEAK,8586.1,39.78,91.61,-18.05,24.04,9.54,23.21,50.08,0,0,1,0,0
2026-01-01T01:57:03Z,leak,LEAK,8580.1,40.09,90.66,-17.99,23.9,9.66,23.09,50.05,0,0,1,0,0
2026-01-01T01:57:04Z,leak,LEAK,8581.8,40.0,90.96,-17.89,23.88,9.65,23.08,49.98,0,0,1,0,0
2026-01-01T01:57:05Z,leak,LEAK,8556.4,40.16,91.5,-18.14,23.9,9.48,22.86,50.03,0,0,1,0,0
2026-01-01T01:57:06Z,leak,LEAK,8599.1,40.12,91.19,-18.11,23.94,9.48,23.14,49.92,0,0,1,0,0
2026-01-01T01:57:07Z,leak,LEAK,8581.7,40.4,90.5,-17.67,23.95,9.6,23.22,50.01,0,0,1,0,0
2026-01-01T01:57:08Z,leak,LEAK,8584.2,39.81,91.41,-18.33,24.03,9.58,23.11,50.05,0,0,1,0,0
2026-01-01T01:57:09Z,leak,LEAK,8584.0,39.78,90.07,-17.41,23.97,9.65,23.14,50.02,0,0,1,0,0
2026-01-01T01:57:10Z,leak,LEAK,8588.3,39.93,91.02,-19.14,23.91,9.72,23.23,49.96,0,0,1,0,0
2026-01-01T01:57:11Z,leak,LEAK,8587.3,40.09,90.79,-17.29,24.13,9.67,23.33,50.0,0,0,1,0,0
2026-01-01T01:57:12Z,leak,LEAK,8589.9,40.0,90.31,-17.44,23.82,9.54,23.21,50.1,0,0,1,0,0
2026-01-01T01:57:13Z,leak,LEAK,8608.5,40.07,90.35,-17.74,23.83,9.63,23.28,49.98,0,0,1,0,0
2026-01-01T01:57:14Z,leak,LEAK,8600.2,39.84,91.12,-18.65,24.03,9.63,23.06,50.01,0,0,1,0,0
2026-01-01T01:57:15Z,leak,LEAK,8591.4,40.16,90.72,-18.56,24.1,9.59,23.01,50.05,0,0,1,0,0
2026-01-01T01:57:16Z,leak,LEAK,8607.6,40.0,90.77,-18.17,23.95,9.52,23.12,49.98,0,0,1,0,0
2026-01-01T01:57:17Z,leak,LEAK,8594.3,40.35,90.83,-18.29,24.25,9.54,23.11,49.99,0,0,1,0,0
2026-01-01T01:57:18Z,leak,LEAK,8589.3,40.05,91.15,-17.96,24.1,9.48,22.96,50.08,0,0,1,0,0
2026-01-01T01:57:19Z,leak,LEAK,8609.1,39.83,90.62,-18.23,23.8,9.53,23.06,50.0,0,0,1,0,0
2026-01-01T01:57:20Z,leak,LEAK,8592.5,40.02,90.54,-18.74,24.09,9.72,22.99,50.15,0,0,1,0,0
2026-01-01T01:57:21Z,leak,LEAK,8578.0,40.06,90.83,-17.68,23.93,9.77,23.04,49.95,0,0,1,0,0
2026-01-01T01:57:22Z,leak,LEAK,8586.1,40.16,90.24,-17.38,23.95,9.56,23.14,50.15,0,0,1,0,0
2026-01-01T01:57:23Z,leak,LEAK,8595.8,40.47,90.9,-18.05,24.21,9.48,22.93,49.95,0,0,1,0,0
2026-01-01T01:57:24Z,leak,LEAK,8608.8,40.17,91.11,-17.83,23.9,9.75,23.01,49.87,0,0,1,0,0
2026-01-01T01:57:25Z,leak,LEAK,8584.9,40.05,90.83,-17.98,23.95,9.46,23.07,49.93,0,0,1,0,0
2026-01-01T01:57:26Z,leak,LEAK,8601.6,39.8,91.13,-18.08,24.09,9.61,22.98,50.0,0,0,1,0,0
2026-01-01T01:57:27Z,leak,LEAK,8610.0,39.77,90.8,-18.12,24.01,9.59,23.28,50.11,0,0,1,0,0
2026-01-01T01:57:28Z,leak,LEAK,8606.2,40.13,90.23,-18.44,24.04,9.66,23.19,50.03,0,0,1,0,0
2026-01-01T01:57:29Z,leak,LEAK,8602.2,39.87,90.02,-17.4,24.02,9.64,22.85,49.99,0,0,1,0,0
2026-01-01T01:57:30Z,leak,LEAK,8593.6,39.69,91.56,-18.15,24.03,9.63,23.03,49.96,0,0,1,0,0
2026-01-01T01:57:31Z,leak,LEAK,8618.3,39.58,90.76,-18.23,24.06,9.72,23.05,49.96,0,0,1,0,0
2026-01-01T01:57:32Z,leak,LEAK,8598.3,39.85,90.88,-18.49,24.19,9.5,23.15,49.95,0,0,1,0,0
2026-01-01T01:57:33Z,leak,LEAK,8598.9,40.09,91.62,-17.78,24.07,9.46,23.05,50.06,0,0,1,0,0
2026-01-01T01:57:34Z,leak,LEAK,8602.7,40.05,91.27,-18.12,24.03,9.51,23.0,49.98,0,0,1,0,0
2026-01-01T01:57:35Z,leak,LEAK,8598.8,40.07,91.43,-17.62,23.98,9.7,23.15,50.02,0,0,1,0,0
2026-01-01T01:57:36Z,leak,LEAK,8593.9,40.0,90.59,-18.48,24.19,9.76,23.07,50.0,0,0,1,0,0
2026-01-01T01:57:37Z,leak,LEAK,8592.6,40.0,90.32,-16.92,23.98,9.49,23.16,50.13,0,0,1,0,0
2026-01-01T01:57:38Z,leak,LEAK,8599.6,40.06,92.21,-18.99,23.84,9.64,22.95,50.03,0,0,1,0,0
2026-01-01T01:57:39Z,leak,LEAK,8593.3,40.09,90.43,-17.92,24.08,9.79,23.15,49.93,0,0,1,0,0
2026-01-01T01:57:40Z,leak,LEAK,8598.4,40.01,90.97,-17.47,23.85,9.52,22.86,49.98,0,0,1,0,0
2026-01-01T01:57:41Z,leak,LEAK,8616.0,39.77,91.16,-18.12,23.8,9.68,23.02,49.97,0,0,1,0,0
2026-01-01T01:57:42Z,leak,LEAK,8613.1,40.1,90.94,-18.48,24.18,9.72,22.88,50.01,0,0,1,0,0
2026-01-01T01:57:43Z,leak,LEAK,8603.8,40.04,90.98,-17.87,24.03,9.65,23.13,50.0,0,0,1,0,0
2026-01-01T01:57:44Z,leak,LEAK,8580.6,39.88,91.89,-17.9,24.04,9.58,23.02,49.93,0,0,1,0,0
2026-01-01T01:57:45Z,leak,LEAK,8602.6,39.87,91.4,-19.0,24.1,9.45,23.08,49.96,0,0,1,0,0
2026-01-01T01:57:46Z,leak,LEAK,8602.1,40.04,91.52,-18.46,24.01,9.71,23.06,50.04,0,0,1,0,0
2026-01-01T01:57:47Z,leak,LEAK,8586.4,40.06,90.12,-18.11,23.77,9.56,23.25,50.05,0,0,1,0,0
2026-01-01T01:57:48Z,leak,LEAK,8601.9,39.99,91.26,-17.72,23.9,9.62,23.18,49.95,0,0,1,0,0
2026-01-01T01:57:49Z,leak,LEAK,8615.6,40.01,90.29,-17.93,23.9,9.63,23.11,50.05,0,0,1,0,0
2026-01-01T01:57:50Z,leak,LEAK,8596.7,40.01,91.49,-18.41,23.93,9.67,23.14,49.93,0,0,1,0,0
2026-01-01T01:57:51Z,leak,LEAK,8596.6,39.95,91.42,-18.22,23.99,9.64,23.16,50.06,0,0,1,0,0
2026-01-01T01:57:52Z,leak,LEAK,8594.0,39.89,90.34,-18.17,24.02,9.55,22.98,49.98,0,0,1,0,0
2026-01-01T01:57:53Z,leak,LEAK,8613.5,39.9,91.15,-17.63,24.07,9.74,22.91,49.9,0,0,1,0,0
2026-01-01T01:57:54Z,leak,LEAK,8605.4,39.57,91.65,-17.96,24.11,9.75,22.73,50.06,0,0,1,0,0
2026-01-01T01:57:55Z,leak,LEAK,8611.0,39.81,90.98,-17.56,24.12,9.67,22.93,49.94,0,0,1,0,0
2026-01-01T01:57:56Z,leak,LEAK,8599.5,39.79,90.81,-18.45,24.17,9.61,22.97,49.92,0,0,1,0,0
2026-01-01T01:57:57Z,leak,LEAK,8593.3,40.2,90.46,-17.98,24.01,9.72,23.09,50.0,0,0,1,0,0
2026-01-01T01:57:58Z,leak,LEAK,8589.4,40.07,91.1,-17.68,23.98,9.72,23.1,49.93,0,0,1,0,0
2026-01-01T01:57:59Z,leak,LEAK,8622.0,40.03,91.86,-18.35,24.16,9.82,22.84,49.99,0,0,1,0,0
2026-01-01T01:58:00Z,leak,LEAK,8582.2,40.04,90.9,-17.36,24.04,9.6,23.0,49.99,0,0,1,0,0
2026-01-01T01:58:01Z,leak,LEAK,8619.8,39.92,90.8,-18.71,24.07,9.64,23.14,50.05,0,0,1,0,0
2026-01-01T01:58:02Z,leak,LEAK,8585.3,40.01,91.42,-18.26,23.92,9.54,23.14,49.91,0,0,1,0,0
2026-01-01T01:58:03Z,leak,LEAK,8599.6,40.04,90.87,-18.5,24.14,9.41,23.15,50.0,0,0,1,0,0
2026-01-01T01:58:04Z,leak,LEAK,8597.7,40.24,92.88,-18.35,24.05,9.68,23.03,50.05,0,0,1,0,0
2026-01-01T01:58:05Z,leak,LEAK,8608.9,39.89,90.9,-18.1,23.94,9.34,23.1,49.91,0,0,1,0,0
2026-01-01T01:58:06Z,leak,LEAK,8592.6,40.01,90.3,-18.41,23.94,9.61,22.91,49.99,0,0,1,0,0
2026-01-01T01:58:07Z,leak,LEAK,8603.7,40.31,91.48,-18.1,23.83,9.47,23.08,49.96,0,0,1,0,0
2026-01-01T01:58:08Z,leak,LEAK,8623.7,39.79,91.08,-17.64,24.19,9.47,23.03,49.95,0,0,1,0,0
2026-01-01T01:58:09Z,leak,LEAK,8598.3,40.11,91.26,-17.53,24.02,9.69,22.93,50.03,0,0,1,0,0
2026-01-01T01:58:10Z,leak,LEAK,8592.2,39.99,91.87,-18.4,23.82,9.63,23.04,49.96,0,0,1,0,0
2026-01-01T01:58:11Z,leak,LEAK,8629.1,39.69,91.41,-18.46,23.92,9.58,22.99,50.01,0,0,1,0,0
2026-01-01T01:58:12Z,leak,LEAK,8588.6,40.2,90.88,-17.63,23.9,9.73,23.08,49.9,0,0,1,0,0
2026-01-01T01:58:13Z,leak,LEAK,8602.4,40.13,91.89,-18.86,23.77,9.62,22.9,50.05,0,0,1,0,0
2026-01-01T01:58:14Z,leak,LEAK,8590.2,39.57,90.87,-17.51,23.87,9.59,23.02,49.97,0,0,1,0,0
2026-01-01T01:58:15Z,leak,LEAK,8600.5,40.24,90.76,-17.78,24.17,9.42,23.08,50.0,0,0,1,0,0
2026-01-01T01:58:16Z,leak,LEAK,8591.8,39.78,91.37,-17.35,23.85,9.53,23.0,49.89,0,0,1,0,0
2026-01-01T01:58:17Z,leak,LEAK,8600.0,40.01,90.72,-17.58,23.93,9.51,23.1,49.93,0,0,1,0,0
2026-01-01T01:58:18Z,leak,LEAK,8583.0,39.93,90.91,-17.91,23.9,9.57,22.85,49.95,0,0,1,0,0
2026-01-01T01:58:19Z,leak,LEAK,8598.0,40.38,90.91,-18.96,24.19,9.54,22.91,49.88,0,0,1,0,0
2026-01-01T01:58:20Z,leak,LEAK,8592.1,39.75,91.16,-18.04,24.16,9.56,23.19,50.04,0,0,1,0,0
2026-01-01T01:58:21Z,leak,LEAK,8610.6,40.08,91.35,-18.2,24.18,9.64,22.91,50.0,0,0,1,0,0
2026-01-01T01:58:22Z,leak,LEAK,8580.5,39.8,91.36,-17.86,24.06,9.71,22.91,50.08,0,0,1,0,0
2026-01-01T01:58:23Z,leak,LEAK,8612.1,39.8,91.1,-17.49,24.09,9.48,23.23,49.97,0,0,1,0,0
2026-01-01T01:58:24Z,leak,LEAK,8597.0,40.11,91.74,-18.52,23.87,9.6,23.17,50.08,0,0,1,0,0
2026-01-01T01:58:25Z,leak,LEAK,8605.3,40.17,91.66,-18.17,24.0,9.78,23.02,50.01,0,0,1,0,0
2026-01-01T01:58:26Z,leak,LEAK,8582.4,40.08,90.6,-17.43,24.09,9.66,23.12,49.95,0,0,1,0,0
2026-01-01T01:58:27Z,leak,LEAK,8587.5,39.73,90.76,-17.74,24.02,9.58,23.02,50.07,0,0,1,0,0
2026-01-01T01:58:28Z,leak,LEAK,8617.2,39.73,90.53,-17.66,23.96,9.67,23.02,50.07,0,0,1,0,0
2026-01-01T01:58:29Z,leak,LEAK,8600.3,39.64,90.89,-17.74,23.95,9.69,23.08,50.1,0,0,1,0,0
2026-01-01T01:58:30Z,leak,LEAK,8586.9,40.02,91.16,-18.06,23.99,9.52,23.15,50.04,0,0,1,0,0
2026-01-01T01:58:31Z,leak,LEAK,8596.2,39.89,90.86,-17.29,23.89,9.72,23.17,49.88,0,0,1,0,0
2026-01-01T01:58:32Z,leak,LEAK,8605.6,39.85,91.33,-18.84,23.99,9.59,23.07,50.0,0,0,1,0,0
2026-01-01T01:58:33Z,leak,LEAK,8588.8,39.94,90.21,-17.94,24.09,9.67,23.0,49.98,0,0,1,0,0
2026-01-01T01:58:34Z,leak,LEAK,8585.2,40.14,90.69,-17.82,24.03,9.61,23.02,50.08,0,0,1,0,0
2026-01-01T01:58:35Z,leak,LEAK,8585.4,39.82,91.06,-18.55,23.95,9.66,22.97,50.03,0,0,1,0,0
2026-01-01T01:58:36Z,leak,LEAK,8585.2,40.3,90.73,-17.87,24.07,9.7,23.0,49.95,0,0,1,0,0
2026-01-01T01:58:37Z,leak,LEAK,8600.7,39.91,91.54,-17.8,24.04,9.39,22.91,49.97,0,0,1,0,0
2026-01-01T01:58:38Z,leak,LEAK,8595.3,39.96,91.13,-17.8,24.02,9.73,22.97,50.03,0,0,1,0,0
2026-01-01T01:58:39Z,leak,LEAK,8571.8,39.89,90.19,-18.78,24.08,9.63,22.89,50.0,0,0,1,0,0
2026-01-01T01:58:40Z,leak,LEAK,8582.0,40.12,90.52,-18.16,23.9,9.71,22.96,49.98,0,0,1,0,0
2026-01-01T01:58:41Z,leak,LEAK,8579.1,40.22,90.47,-18.23,23.91,9.62,23.17,49.96,0,0,1,0,0
2026-01-01T01:58:42Z,leak,LEAK,8594.3,40.14,91.18,-17.94,23.98,9.55,22.87,49.93,0,0,1,0,0
2026-01-01T01:58:43Z,leak,LEAK,8593.7,40.01,91.5,-17.91,23.85,9.5,23.05,50.02,0,0,1,0,0
2026-01-01T01:58:44Z,leak,LEAK,8588.7,39.78,91.0,-18.14,23.98,9.67,23.07,50.06,0,0,1,0,0
2026-01-01T01:58:45Z,leak,LEAK,8605.4,40.39,91.72,-18.01,23.91,9.57,22.91,50.02,0,0,1,0,0
2026-01-01T01:58:46Z,leak,LEAK,8589.3,40.09,90.69,-19.24,24.02,9.62,23.01,49.97,0,0,1,0,0
2026-01-01T01:58:47Z,leak,LEAK,8573.4,40.01,90.82,-17.88,23.93,9.63,22.81,50.0,0,0,1,0,0
2026-01-01T01:58:48Z,leak,LEAK,8581.4,39.92,91.47,-18.56,24.05,9.57,22.83,49.98,0,0,1,0,0
2026-01-01T01:58:49Z,leak,LEAK,8589.9,39.84,90.9,-18.65,24.06,9.65,23.1,49.99,0,0,1,0,0
2026-01-01T01:58:50Z,leak,LEAK,8593.6,39.93,90.7,-18.08,24.0,9.61,22.95,49.99,0,0,1,0,0
2026-01-01T01:58:51Z,leak,LEAK,8586.4,39.68,90.6,-17.83,24.18,9.76,23.01,50.03,0,0,1,0,0
2026-01-01T01:58:52Z,leak,LEAK,8584.7,39.58,91.9,-17.69,23.95,9.64,23.05,49.96,0,0,1,0,0
2026-01-01T01:58:53Z,leak,LEAK,8569.5,40.03,91.95,-17.26,24.12,9.57,23.14,50.0,0,0,1,0,0
2026-01-01T01:58:54Z,leak,LEAK,8573.2,39.89,90.7,-17.6,23.85,9.45,23.0,49.97,0,0,1,0,0
2026-01-01T01:58:55Z,leak,LEAK,8592.1,39.9,90.94,-17.85,24.05,9.54,22.93,50.03,0,0,1,0,0
2026-01-01T01:58:56Z,leak,LEAK,8594.8,40.1,91.4,-18.16,24.01,9.69,22.92,50.07,0,0,1,0,0
2026-01-01T01:58:57Z,leak,LEAK,8583.2,40.17,91.46,-17.9,23.91,9.71,23.01,49.98,0,0,1,0,0
2026-01-01T01:58:58Z,leak,LEAK,8578.5,40.41,90.83,-18.05,23.93,9.52,23.04,50.06,0,0,1,0,0
2026-01-01T01:58:59Z,leak,LEAK,8579.6,40.11,91.0,-17.93,23.91,9.74,22.89,49.99,0,0,1,0,0
2026-01-01T01:59:00Z,leak,LEAK,8589.5,39.7,90.88,-17.89,23.86,9.77,22.99,49.97,0,0,1,0,0
2026-01-01T01:59:01Z,leak,LEAK,8572.7,39.86,89.85,-17.56,23.98,9.65,23.01,50.01,0,0,1,0,0
2026-01-01T01:59:02Z,leak,LEAK,8579.0,39.77,91.84,-18.22,23.93,9.56,22.99,50.04,0,0,1,0,0
2026-01-01T01:59:03Z,leak,LEAK,8573.4,40.06,90.92,-17.8,24.3,9.58,23.07,50.08,0,0,1,0,0
2026-01-01T01:59:04Z,leak,LEAK,8572.2,39.71,90.65,-18.09,24.03,9.59,22.93,49.99,0,0,1,0,0
2026-01-01T01:59:05Z,leak,LEAK,8601.3,39.77,90.97,-18.06,24.11,9.62,22.78,50.0,0,0,1,0,0
2026-01-01T01:59:06Z,leak,LEAK,8562.2,39.78,91.41,-17.64,23.86,9.7,23.02,50.0,0,0,1,0,0
2026-01-01T01:59:07Z,leak,LEAK,8594.2,39.82,91.42,-18.21,23.77,9.59,23.14,49.89,0,0,1,0,0
2026-01-01T01:59:08Z,leak,LEAK,8573.5,40.02,90.51,-18.1,23.86,9.57,22.86,50.01,0,0,1,0,0
2026-01-01T01:59:09Z,leak,LEAK,8572.8,39.96,91.07,-18.33,23.96,9.65,22.97,49.98,0,0,1,0,0
2026-01-01T01:59:10Z,leak,LEAK,8586.3,39.94,90.28,-18.08,24.01,9.8,23.04,50.04,0,0,1,0,0
2026-01-01T01:59:11Z,leak,LEAK,8576.4,40.23,91.63,-18.1,24.18,9.61,23.0,50.03,0,0,1,0,0
2026-01-01T01:59:12Z,leak,LEAK,8584.4,39.91,90.57,-18.12,24.07,9.61,23.05,49.99,0,0,1,0,0
2026-01-01T01:59:13Z,leak,LEAK,8594.6,40.03,90.45,-18.31,23.79,9.55,22.89,50.06,0,0,1,0,0
2026-01-01T01:59:14Z,leak,LEAK,8560.0,40.01,90.61,-17.57,23.94,9.67,23.01,49.98,0,0,1,0,0
2026-01-01T01:59:15Z,leak,LEAK,8565.1,39.59,91.47,-18.93,24.04,9.58,23.14,50.07,0,0,1,0,0
2026-01-01T01:59:16Z,leak,LEAK,8576.0,40.13,90.32,-17.7,23.95,9.42,22.94,49.94,0,0,1,0,0
2026-01-01T01:59:17Z,leak,LEAK,8579.8,40.12,91.79,-17.66,23.94,9.52,23.04,50.02,0,0,1,0,0
2026-01-01T01:59:18Z,leak,LEAK,8582.1,39.87,89.84,-17.86,24.13,9.6,23.12,49.99,0,0,1,0,0
2026-01-01T01:59:19Z,leak,LEAK,8560.3,40.17,90.78,-18.22,23.87,9.61,23.13,50.02,0,0,1,0,0
2026-01-01T01:59:20Z,leak,LEAK,8568.3,40.12,90.49,-17.64,24.01,9.67,23.07,50.04,0,0,1,0,0
2026-01-01T01:59:21Z,leak,LEAK,8574.1,39.79,90.23,-18.43,24.19,9.63,23.05,49.89,0,0,1,0,0
2026-01-01T01:59:22Z,leak,LEAK,8569.2,40.11,90.93,-18.1,24.07,9.68,23.07,49.95,0,0,1,0,0
2026-01-01T01:59:23Z,leak,LEAK,8548.9,40.25,90.3,-17.53,24.11,9.58,22.97,50.01,0,0,1,0,0
2026-01-01T01:59:24Z,leak,LEAK,8577.9,40.19,90.6,-17.62,24.22,9.75,23.13,50.08,0,0,1,0,0
2026-01-01T01:59:25Z,leak,LEAK,8563.4,40.43,90.61,-18.15,23.98,9.53,22.94,49.91,0,0,1,0,0
2026-01-01T01:59:26Z,leak,LEAK,8574.3,39.98,90.57,-18.96,23.97,9.54,22.95,50.01,0,0,1,0,0
2026-01-01T01:59:27Z,leak,LEAK,8554.0,39.82,90.54,-17.36,24.08,9.49,23.16,49.96,0,0,1,0,0
2026-01-01T01:59:28Z,leak,LEAK,8566.7,40.05,91.25,-18.55,23.98,9.55,23.12,49.97,0,0,1,0,0
2026-01-01T01:59:29Z,leak,LEAK,8555.7,40.27,90.72,-18.04,23.8,9.64,23.11,50.1,0,0,1,0,0
2026-01-01T01:59:30Z,leak,LEAK,8550.3,39.85,91.65,-17.72,23.84,9.59,23.18,49.91,0,0,1,0,0
2026-01-01T01:59:31Z,leak,LEAK,8543.2,39.9,90.28,-17.99,23.86,9.65,23.02,50.11,0,0,1,0,0
2026-01-01T01:59:32Z,leak,LEAK,8567.7,39.93,90.87,-17.29,23.92,9.68,22.88,49.96,0,0,1,0,0
2026-01-01T01:59:33Z,leak,LEAK,8550.6,39.94,90.85,-17.9,24.01,9.55,23.08,50.02,0,0,1,0,0
2026-01-01T01:59:34Z,leak,LEAK,8564.8,39.81,90.17,-17.32,23.92,9.7,23.12,50.01,0,0,1,0,0
2026-01-01T01:59:35Z,leak,LEAK,8560.7,39.69,90.18,-18.08,23.87,9.59,23.09,50.03,0,0,1,0,0
2026-01-01T01:59:36Z,leak,LEAK,8559.4,39.97,90.67,-17.34,23.98,9.54,23.04,49.94,0,0,1,0,0
2026-01-01T01:59:37Z,leak,LEAK,8556.9,39.82,90.85,-17.98,23.88,9.68,23.24,50.03,0,0,1,0,0
2026-01-01T01:59:38Z,leak,LEAK,8567.8,40.17,90.7,-17.71,23.81,9.64,23.11,50.06,0,0,1,0,0
2026-01-01T01:59:39Z,leak,LEAK,8550.4,40.16,91.14,-18.17,23.93,9.63,23.02,50.03,0,0,1,0,0
2026-01-01T01:59:40Z,leak,LEAK,8556.4,39.83,89.55,-19.49,23.77,9.69,23.07,49.97,0,0,1,0,0
2026-01-01T01:59:41Z,leak,LEAK,8559.2,40.07,91.57,-18.1,23.91,9.63,22.82,49.98,0,0,1,0,0
2026-01-01T01:59:42Z,leak,LEAK,8541.1,40.19,89.59,-17.45,24.17,9.57,23.0,50.06,0,0,1,0,0
2026-01-01T01:59:43Z,leak,LEAK,8558.1,40.12,90.7,-18.48,24.1,9.74,22.88,50.04,0,0,1,0,0
2026-01-01T01:59:44Z,leak,LEAK,8543.9,40.01,91.61,-18.42,24.14,9.82,23.1,49.98,0,0,1,0,0
2026-01-01T01:59:45Z,leak,LEAK,8564.7,39.92,90.72,-18.43,24.12,9.56,23.05,49.96,0,0,1,0,0
2026-01-01T01:59:46Z,leak,LEAK,8533.3,40.24,90.74,-18.16,23.91,9.45,23.08,50.01,0,0,1,0,0
2026-01-01T01:59:47Z,leak,LEAK,8529.7,39.96,89.66,-18.1,24.15,9.61,23.07,50.03,0,0,1,0,0
2026-01-01T01:59:48Z,leak,LEAK,8548.7,39.6,90.59,-18.5,24.11,9.69,23.22,50.02,0,0,1,0,0
2026-01-01T01:59:49Z,leak,LEAK,8531.7,40.06,90.17,-18.24,23.96,9.58,23.19,50.04,0,0,1,0,0
2026-01-01T01:59:50Z,leak,LEAK,8515.6,40.0,90.22,-18.52,23.96,9.6,23.01,50.01,0,0,1,0,0
2026-01-01T01:59:51Z,leak,LEAK,8529.0,39.85,90.02,-17.73,23.92,9.64,22.94,50.01,0,0,1,0,0
2026-01-01T01:59:52Z,leak,LEAK,8530.7,39.97,89.58,-17.95,23.95,9.59,23.03,50.01,0,0,1,0,0
2026-01-01T01:59:53Z,leak,LEAK,8544.1,40.24,90.94,-18.2,23.95,9.52,22.95,49.94,0,0,1,0,0
2026-01-01T01:59:54Z,leak,LEAK,8557.5,40.16,90.89,-18.13,23.95,9.46,23.18,49.98,0,0,1,0,0
2026-01-01T01:59:55Z,leak,LEAK,8541.2,39.75,91.02,-17.67,23.97,9.57,23.02,49.92,0,0,1,0,0
2026-01-01T01:59:56Z,leak,LEAK,8518.3,40.02,90.08,-17.97,24.13,9.59,23.03,50.07,0,0,1,0,0
2026-01-01T01:59:57Z,leak,LEAK,8529.0,39.87,90.06,-17.74,23.92,9.47,23.03,50.03,0,0,1,0,0
2026-01-01T01:59:58Z,leak,LEAK,8542.1,40.02,91.81,-18.1,24.01,9.52,23.14,50.05,0,0,1,0,0
2026-01-01T01:59:59Z,leak,LEAK,8539.5,40.28,90.14,-18.59,23.98,9.64,23.14,50.1,0,0,1,0,0
2026-01-01T02:00:00Z,leak,LEAK,8521.5,39.72,90.29,-17.97,23.75,9.73,23.02,50.06,0,0,1,0,0
2026-01-01T02:00:01Z,leak,LEAK,8536.8,40.14,90.31,-18.13,24.03,9.77,23.15,49.94,0,0,1,0,0
2026-01-01T02:00:02Z,leak,LEAK,8529.0,39.88,90.5,-17.76,23.97,9.71,23.14,49.99,0,0,1,0,0
2026-01-01T02:00:03Z,leak,LEAK,8541.0,40.0,90.31,-18.3,24.05,9.57,23.05,49.99,0,0,1,0,0
2026-01-01T02:00:04Z,leak,LEAK,8515.7,40.4,90.57,-18.77,24.03,9.7,23.12,50.0,0,0,1,0,0
2026-01-01T02:00:05Z,leak,LEAK,8511.0,39.84,90.64,-17.25,24.12,9.73,23.12,49.99,0,0,1,0,0
2026-01-01T02:00:06Z,leak,LEAK,8520.5,40.12,90.29,-17.35,24.23,9.62,22.86,50.0,0,0,1,0,0
2026-01-01T02:00:07Z,leak,LEAK,8527.7,40.18,90.42,-17.14,23.88,9.73,23.1,49.98,0,0,1,0,0
2026-01-01T02:00:08Z,leak,LEAK,8510.6,39.99,90.59,-17.24,23.95,9.58,23.11,50.03,0,0,1,0,0
2026-01-01T02:00:09Z,leak,LEAK,8505.7,40.15,90.24,-17.35,23.95,9.63,23.09,50.05,0,0,1,0,0
2026-01-01T02:00:10Z,leak,LEAK,8521.2,39.94,90.18,-18.1,24.17,9.49,23.16,50.07,0,0,1,0,0
2026-01-01T02:00:11Z,leak,LEAK,8499.9,39.93,91.15,-17.81,23.99,9.6,23.08,49.94,0,0,1,0,0
2026-01-01T02:00:12Z,leak,LEAK,8507.0,39.93,90.98,-18.05,23.82,9.52,22.95,50.01,0,0,1,0,0
2026-01-01T02:00:13Z,leak,LEAK,8531.4,39.92,90.5,-17.95,23.9,9.42,23.11,50.03,0,0,1,0,0
2026-01-01T02:00:14Z,leak,LEAK,8519.6,40.15,91.5,-17.66,23.95,9.55,23.14,50.01,0,0,1,0,0
2026-01-01T02:00:15Z,leak,LEAK,8521.7,40.2,90.07,-18.32,24.13,9.63,23.22,50.0,0,0,1,0,0
2026-01-01T02:00:16Z,leak,LEAK,8521.1,39.68,90.35,-17.91,23.94,9.56,23.09,49.94,0,0,1,0,0
2026-01-01T02:00:17Z,leak,LEAK,8526.5,40.17,90.31,-17.6,24.11,9.62,23.1,50.06,0,0,1,0,0
2026-01-01T02:00:18Z,leak,LEAK,8509.8,39.96,90.7,-17.88,24.09,9.59,23.18,49.91,0,0,1,0,0
2026-01-01T02:00:19Z,leak,LEAK,8523.4,40.17,89.6,-17.19,23.85,9.56,22.76,49.98,0,0,1,0,0
2026-01-01T02:00:20Z,leak,LEAK,8535.3,40.29,90.13,-17.38,23.97,9.52,23.1,49.97,0,0,1,0,0
2026-01-01T02:00:21Z,leak,LEAK,8518.0,39.92,90.53,-17.45,24.08,9.59,23.15,49.99,0,0,1,0,0
2026-01-01T02:00:22Z,leak,LEAK,8491.3,40.28,90.87,-17.57,24.09,9.47,23.09,50.0,0,0,1,0,0
2026-01-01T02:00:23Z,leak,LEAK,8499.6,40.28,89.35,-18.25,24.23,9.47,23.0,50.05,0,0,1,0,0
2026-01-01T02:00:24Z,leak,LEAK,8517.3,39.92,90.39,-17.97,23.91,9.44,23.23,50.06,0,0,1,0,0
2026-01-01T02:00:25Z,leak,LEAK,8500.8,39.41,90.31,-18.2,23.99,9.57,23.02,50.05,0,0,1,0,0
2026-01-01T02:00:26Z,leak,LEAK,8531.9,40.07,89.6,-17.57,23.98,9.5,23.2,50.04,0,0,1,0,0
2026-01-01T02:00:27Z,leak,LEAK,8506.8,40.13,90.33,-17.98,24.06,9.76,23.18,50.01,0,0,1,0,0
2026-01-01T02:00:28Z,leak,LEAK,8499.8,39.91,90.31,-17.35,23.99,9.28,23.25,50.0,0,0,1,0,0
2026-01-01T02:00:29Z,leak,LEAK,8494.3,40.1,89.93,-17.82,23.91,9.56,23.32,50.08,0,0,1,0,0
2026-01-01T02:00:30Z,leak,LEAK,8508.4,40.14,90.7,-18.0,24.04,9.42,23.15,49.98,0,0,1,0,0
2026-01-01T02:00:31Z,leak,LEAK,8512.0,39.8,91.21,-17.74,23.96,9.69,23.27,50.01,0,0,1,0,0
2026-01-01T02:00:32Z,leak,LEAK,8517.3,39.86,89.47,-17.9,24.1,9.65,23.09,50.01,0,0,1,0,0
2026-01-01T02:00:33Z,leak,LEAK,8510.0,40.23,90.08,-16.77,24.02,9.61,23.08,49.93,0,0,1,0,0
2026-01-01T02:00:34Z,leak,LEAK,8517.6,39.61,89.62,-18.79,23.85,9.49,23.21,50.0,0,0,1,0,0
2026-01-01T02:00:35Z,leak,LEAK,8492.6,39.98,89.81,-18.12,24.12,9.71,23.17,49.97,0,0,1,0,0
2026-01-01T02:00:36Z,leak,LEAK,8488.3,40.01,90.68,-18.44,23.95,9.58,23.29,50.06,0,0,1,0,0
2026-01-01T02:00:37Z,leak,LEAK,8502.7,39.68,89.16,-17.51,24.02,9.61,23.31,49.91,0,0,1,0,0
2026-01-01T02:00:38Z,leak,LEAK,8494.1,39.82,90.19,-17.79,24.01,9.68,23.26,49.93,0,0,1,0,0
2026-01-01T02:00:39Z,leak,LEAK,8492.0,39.8,89.63,-17.73,23.97,9.58,23.0,50.0,0,0,1,0,0
2026-01-01T02:00:40Z,leak,LEAK,8509.1,40.35,89.76,-17.76,24.11,9.55,23.1,49.95,0,0,1,0,0
2026-01-01T02:00:41Z,leak,LEAK,8485.8,40.02,88.99,-17.79,23.9,9.63,23.12,50.04,0,0,1,0,0
2026-01-01T02:00:42Z,leak,LEAK,8475.9,40.33,90.45,-19.22,23.98,9.53,23.18,49.98,0,0,1,0,0
2026-01-01T02:00:43Z,leak,LEAK,8506.4,39.83,90.27,-19.22,24.06,9.56,23.18,50.03,0,0,1,0,0
2026-01-01T02:00:44Z,leak,LEAK,8515.1,40.41,89.98,-17.53,23.94,9.41,23.13,50.17,0,0,1,0,0
2026-01-01T02:00:45Z,leak,LEAK,8487.8,39.9,89.91,-17.79,24.13,9.61,23.29,50.11,0,0,1,0,0
2026-01-01T02:00:46Z,leak,LEAK,8491.9,40.02,90.1,-18.19,23.91,9.51,23.17,50.01,0,0,1,0,0
2026-01-01T02:00:47Z,leak,LEAK,8484.2,40.25,89.64,-17.34,23.93,9.58,23.15,50.02,0,0,1,0,0
2026-01-01T02:00:48Z,leak,LEAK,8470.6,40.09,90.49,-17.87,23.83,9.56,23.32,50.03,0,0,1,0,0
2026-01-01T02:00:49Z,leak,LEAK,8483.0,40.0,90.31,-18.26,23.86,9.39,23.29,50.0,0,0,1,0,0
2026-01-01T02:00:50Z,leak,LEAK,8489.5,39.98,91.1,-18.73,24.16,9.64,23.15,49.97,0,0,1,0,0
2026-01-01T02:00:51Z,leak,LEAK,8489.4,39.98,90.23,-18.67,23.88,9.55,23.29,50.0,0,0,1,0,0
2026-01-01T02:00:52Z,leak,LEAK,8484.2,39.89,89.96,-18.95,23.86,9.77,23.14,50.05,0,0,1,0,0
2026-01-01T02:00:53Z,leak,LEAK,8490.0,39.9,90.08,-19.09,24.14,9.67,23.3,50.03,0,0,1,0,0
2026-01-01T02:00:54Z,leak,LEAK,8472.9,40.32,89.78,-17.89,23.95,9.59,23.23,50.0,0,0,1,0,0
2026-01-01T02:00:55Z,leak,LEAK,8481.9,40.04,89.89,-17.23,24.02,9.66,23.31,50.02,0,0,1,0,0
2026-01-01T02:00:56Z,leak,LEAK,8494.1,39.95,89.47,-18.39,24.02,9.63,23.2,50.01,0,0,1,0,0
2026-01-01T02:00:57Z,leak,LEAK,8492.8,39.49,89.99,-17.88,24.13,9.45,23.32,49.97,0,0,1,0,0
2026-01-01T02:00:58Z,leak,LEAK,8470.7,40.0,90.29,-17.61,23.94,9.61,23.15,50.04,0,0,1,0,0
2026-01-01T02:00:59Z,leak,LEAK,8476.7,39.85,90.17,-17.91,23.94,9.72,23.15,50.03,0,0,1,0,0
2026-01-01T02:01:00Z,leak,LEAK,8487.6,40.16,90.02,-17.73,24.11,9.47,23.46,49.98,0,0,1,0,0
2026-01-01T02:01:01Z,leak,LEAK,8476.7,40.12,89.69,-18.47,23.98,9.55,23.05,49.92,0,0,1,0,0
2026-01-01T02:01:02Z,leak,LEAK,8489.1,39.83,90.01,-18.03,24.01,9.68,23.26,49.99,0,0,1,0,0
2026-01-01T02:01:03Z,leak,LEAK,8469.2,40.05,90.29,-18.17,24.04,9.63,23.09,50.12,0,0,1,0,0
2026-01-01T02:01:04Z,leak,LEAK,8469.2,40.25,89.76,-17.45,24.01,9.67,23.28,49.99,0,0,1,0,0
2026-01-01T02:01:05Z,leak,LEAK,8468.9,40.09,90.0,-17.27,23.95,9.65,23.18,49.88,0,0,1,0,0
2026-01-01T02:01:06Z,leak,LEAK,8476.0,39.91,90.09,-18.34,23.85,9.6,23.18,50.01,0,0,1,0,0
2026-01-01T02:01:07Z,leak,LEAK,8464.6,40.08,90.13,-18.1,23.99,9.48,23.02,49.95,0,0,1,0,0
2026-01-01T02:01:08Z,leak,LEAK,8482.6,39.8,90.03,-17.82,24.09,9.6,23.13,49.99,0,0,1,0,0
2026-01-01T02:01:09Z,leak,LEAK,8467.3,39.99,89.79,-18.14,24.0,9.56,23.36,49.95,0,0,1,0,0
2026-01-01T02:01:10Z,leak,LEAK,8479.9,39.92,89.19,-16.73,24.0,9.71,23.23,50.01,0,0,1,0,0
2026-01-01T02:01:11Z,leak,LEAK,8479.4,39.84,89.67,-18.83,23.96,9.51,23.32,50.06,0,0,1,0,0
2026-01-01T02:01:12Z,leak,LEAK,8457.8,40.2,89.86,-17.86,24.06,9.63,23.25,49.93,0,0,1,0,0
2026-01-01T02:01:13Z,leak,LEAK,8464.7,39.88,89.22,-18.44,24.06,9.69,23.38,50.08,0,0,1,0,0
2026-01-01T02:01:14Z,leak,LEAK,8464.9,39.56,89.1,-18.12,24.02,9.39,23.2,50.05,0,0,1,0,0
2026-01-01T02:01:15Z,leak,LEAK,8461.5,39.97,90.28,-17.79,23.92,9.62,23.27,50.0,0,0,1,0,0
2026-01-01T02:01:16Z,leak,LEAK,8459.2,40.08,89.7,-17.41,24.06,9.59,23.4,49.93,0,0,1,0,0
2026-01-01T02:01:17Z,leak,LEAK,8457.2,40.33,89.98,-18.16,23.99,9.63,23.22,49.99,0,0,1,0,0
2026-01-01T02:01:18Z,leak,LEAK,8458.5,39.85,89.87,-18.71,24.07,9.44,23.23,50.03,0,0,1,0,0
2026-01-01T02:01:19Z,leak,LEAK,8463.7,40.17,89.36,-18.08,23.9,9.51,23.21,49.97,0,0,1,0,0
2026-01-01T02:01:20Z,leak,LEAK,8452.6,39.78,89.4,-18.34,24.05,9.43,23.18,50.04,0,0,1,0,0
2026-01-01T02:01:21Z,leak,LEAK,8462.3,39.63,89.24,-18.62,24.07,9.49,23.13,50.0,0,0,1,0,0
2026-01-01T02:01:22Z,leak,LEAK,8450.5,40.1,89.06,-18.39,23.96,9.71,23.34,49.97,0,0,1,0,0
2026-01-01T02:01:23Z,leak,LEAK,8448.4,39.87,90.0,-18.07,24.11,9.42,23.27,50.01,0,0,1,0,0
2026-01-01T02:01:24Z,leak,LEAK,8451.9,39.82,90.21,-17.66,23.91,9.51,23.45,50.05,0,0,1,0,0
2026-01-01T02:01:25Z,leak,LEAK,8445.0,40.1,89.3,-17.9,24.1,9.67,23.53,50.0,0,0,1,0,0
2026-01-01T02:01:26Z,leak,LEAK,8467.7,40.09,89.73,-18.52,23.96,9.48,23.37,50.0,0,0,1,0,0
2026-01-01T02:01:27Z,leak,LEAK,8442.1,39.89,89.29,-17.95,23.87,9.59,23.29,49.95,0,0,1,0,0
2026-01-01T02:01:28Z,leak,LEAK,8440.9,39.59,89.81,-17.53,24.13,9.72,23.38,49.97,0,0,1,0,0
2026-01-01T02:01:29Z,leak,LEAK,8437.8,40.42,90.67,-18.17,24.09,9.5,23.3,50.02,0,0,1,0,0
2026-01-01T02:01:30Z,leak,LEAK,8437.8,39.77,89.11,-17.94,24.19,9.49,23.43,49.89,0,0,1,0,0
2026-01-01T02:01:31Z,leak,LEAK,8462.9,39.91,89.5,-18.5,24.08,9.68,23.37,49.94,0,0,1,0,0
2026-01-01T02:01:32Z,leak,LEAK,8445.0,40.06,90.02,-17.14,24.01,9.45,23.36,50.01,0,0,1,0,0
2026-01-01T02:01:33Z,leak,LEAK,8446.6,39.88,89.47,-18.27,24.06,9.57,23.42,49.96,0,0,1,0,0
2026-01-01T02:01:34Z,leak,LEAK,8449.7,40.1,89.58,-18.69,23.84,9.35,23.29,49.97,0,0,1,0,0
2026-01-01T02:01:35Z,leak,LEAK,8429.3,39.73,90.51,-18.74,23.9,9.48,23.31,50.03,0,0,1,0,0
2026-01-01T02:01:36Z,leak,LEAK,8434.8,40.18,89.12,-17.92,24.01,9.47,23.4,49.94,0,0,1,0,0
2026-01-01T02:01:37Z,leak,LEAK,8435.9,39.79,89.03,-18.05,24.05,9.58,23.4,50.03,0,0,1,0,0
2026-01-01T02:01:38Z,leak,LEAK,8424.8,40.13,89.75,-17.36,24.02,9.52,23.29,49.98,0,0,1,0,0
2026-01-01T02:01:39Z,leak,LEAK,8437.0,40.15,89.52,-17.88,23.92,9.86,23.36,49.95,0,0,1,0,0
2026-01-01T02:01:40Z,leak,LEAK,8447.1,40.31,89.51,-18.23,23.88,9.51,23.48,49.96,0,0,1,0,0
2026-01-01T02:01:41Z,leak,LEAK,8431.5,40.05,88.76,-17.25,24.0,9.62,23.27,49.94,0,0,1,0,0
2026-01-01T02:01:42Z,leak,LEAK,8439.9,40.05,89.04,-18.38,23.85,9.48,23.2,50.12,0,0,1,0,0
2026-01-01T02:01:43Z,leak,LEAK,8445.2,39.84,89.17,-17.89,24.11,9.5,23.54,50.07,0,0,1,0,0
2026-01-01T02:01:44Z,leak,LEAK,8450.7,40.29,89.15,-18.66,24.04,9.53,23.31,49.98,0,0,1,0,0
2026-01-01T02:01:45Z,leak,LEAK,8417.2,40.01,90.08,-17.77,24.02,9.7,23.52,49.98,0,0,1,0,0
2026-01-01T02:01:46Z,leak,LEAK,8433.2,39.94,88.94,-17.61,24.07,9.47,23.35,50.05,0,0,1,0,0
2026-01-01T02:01:47Z,leak,LEAK,8435.8,39.98,89.5,-17.16,23.88,9.58,23.37,50.04,0,0,1,0,0
2026-01-01T02:01:48Z,leak,LEAK,8438.0,40.22,88.57,-17.84,23.89,9.64,23.44,49.99,0,0,1,0,0
2026-01-01T02:01:49Z,leak,LEAK,8432.8,40.17,89.85,-18.0,23.83,9.53,23.47,50.05,0,0,1,0,0
2026-01-01T02:01:50Z,leak,LEAK,8439.1,40.03,89.53,-17.89,23.87,9.52,23.38,49.95,0,0,1,0,0
2026-01-01T02:01:51Z,leak,LEAK,8420.9,40.33,90.02,-18.05,24.08,9.62,23.38,49.97,0,0,1,0,0
2026-01-01T02:01:52Z,leak,LEAK,8435.3,39.71,89.23,-18.16,24.04,9.68,23.51,49.88,0,0,1,0,0
2026-01-01T02:01:53Z,leak,LEAK,8436.7,40.11,89.73,-18.58,24.08,9.79,23.31,49.94,0,0,1,0,0
2026-01-01T02:01:54Z,leak,LEAK,8441.2,39.92,89.18,-18.29,24.1,9.68,23.61,50.07,0,0,1,0,0
2026-01-01T02:01:55Z,leak,LEAK,8449.6,39.66,89.84,-18.41,24.01,9.64,23.31,50.03,0,0,1,0,0
2026-01-01T02:01:56Z,leak,LEAK,8415.1,39.71,89.95,-17.37,24.1,9.73,23.5,49.97,0,0,1,0,0
2026-01-01T02:01:57Z,leak,LEAK,8427.8,39.94,89.55,-18.59,24.18,9.63,23.41,50.0,0,0,1,0,0
2026-01-01T02:01:58Z,leak,LEAK,8425.9,39.86,89.82,-18.67,23.92,9.68,23.38,49.95,0,0,1,0,0
2026-01-01T02:01:59Z,leak,LEAK,8441.3,40.13,88.25,-17.5,23.99,9.57,23.44,50.01,0,0,1,0,0
2026-01-01T02:02:00Z,leak,LEAK,8435.3,40.14,89.63,-17.27,24.15,9.62,23.53,50.02,0,0,1,0,0
2026-01-01T02:02:01Z,leak,LEAK,8422.2,40.22,89.6,-17.96,23.87,9.59,23.47,49.97,0,0,1,0,0
2026-01-01T02:02:02Z,leak,LEAK,8425.4,40.22,89.19,-19.0,23.92,9.64,23.44,49.97,0,0,1,0,0
2026-01-01T02:02:03Z,leak,LEAK,8419.1,40.3,90.31,-17.53,24.18,9.7,23.49,49.98,0,0,1,0,0
2026-01-01T02:02:04Z,leak,LEAK,8411.6,40.13,89.87,-17.31,23.89,9.71,23.41,50.06,0,0,1,0,0
2026-01-01T02:02:05Z,leak,LEAK,8409.6,40.04,89.71,-18.65,24.1,9.57,23.39,50.0,0,0,1,0,0
2026-01-01T02:02:06Z,leak,LEAK,8443.7,40.08,90.78,-18.3,23.98,9.77,23.29,49.99,0,0,1,0,0
2026-01-01T02:02:07Z,leak,LEAK,8397.0,40.19,89.84,-18.82,23.91,9.52,23.44,49.95,0,0,1,0,0
2026-01-01T02:02:08Z,leak,LEAK,8414.2,39.95,88.76,-18.5,24.0,9.68,23.54,49.93,0,0,1,0,0
2026-01-01T02:02:09Z,leak,LEAK,8427.0,39.98,89.32,-17.45,23.97,9.52,23.32,50.03,0,0,1,0,0
2026-01-01T02:02:10Z,leak,LEAK,8417.8,40.27,89.05,-18.8,24.08,9.75,23.67,50.03,0,0,1,0,0
2026-01-01T02:02:11Z,leak,LEAK,8398.0,40.07,89.35,-18.71,24.1,9.4,23.87,50.04,0,0,1,0,0
2026-01-01T02:02:12Z,leak,LEAK,8429.2,39.89,89.39,-17.98,24.07,9.63,23.4,50.04,0,0,1,0,0
2026-01-01T02:02:13Z,leak,LEAK,8428.0,40.1,89.41,-19.04,23.97,9.48,23.46,49.92,0,0,1,0,0
2026-01-01T02:02:14Z,leak,LEAK,8413.3,40.01,89.49,-17.74,24.15,9.6,23.5,50.08,0,0,1,0,0
2026-01-01T02:02:15Z,leak,LEAK,8415.9,40.17,89.79,-18.6,24.03,9.56,23.48,50.01,0,0,1,0,0
2026-01-01T02:02:16Z,leak,LEAK,8437.2,39.93,89.86,-17.7,23.88,9.82,23.64,50.03,0,0,1,0,0
2026-01-01T02:02:17Z,leak,LEAK,8405.1,40.23,89.27,-18.49,24.1,9.53,23.57,49.99,0,0,1,0,0
2026-01-01T02:02:18Z,leak,LEAK,8412.1,40.07,89.26,-18.29,24.01,9.59,23.66,50.0,0,0,1,0,0
2026-01-01T02:02:19Z,leak,LEAK,8397.4,39.97,88.5,-18.92,23.95,9.53,23.56,49.96,0,0,1,0,0
2026-01-01T02:02:20Z,leak,LEAK,8403.0,40.06,89.46,-17.5,23.89,9.82,23.61,49.87,0,0,1,0,0
2026-01-01T02:02:21Z,leak,LEAK,8411.4,39.93,89.15,-18.64,23.92,9.7,23.58,50.01,0,0,1,0,0
2026-01-01T02:02:22Z,leak,LEAK,8418.6,39.94,88.16,-17.77,24.18,9.53,23.32,49.92,0,0,1,0,0
2026-01-01T02:02:23Z,leak,LEAK,8410.8,39.86,89.65,-18.14,24.01,9.61,23.65,50.08,0,0,1,0,0
2026-01-01T02:02:24Z,leak,LEAK,8409.2,39.88,88.41,-17.79,24.08,9.5,23.63,50.11,0,0,1,0,0
2026-01-01T02:02:25Z,leak,LEAK,8405.1,40.28,89.0,-17.85,23.98,9.68,23.51,49.95,0,0,1,0,0
2026-01-01T02:02:26Z,leak,LEAK,8420.1,39.9,89.26,-18.22,23.85,9.51,23.66,49.89,0,0,1,0,0
2026-01-01T02:02:27Z,leak,LEAK,8383.6,39.93,90.14,-17.2,24.1,9.73,23.58,49.98,0,0,1,0,0
2026-01-01T02:02:28Z,leak,LEAK,8397.4,40.24,88.91,-18.4,24.13,9.58,23.53,50.03,0,0,1,0,0
2026-01-01T02:02:29Z,leak,LEAK,8401.1,39.74,88.25,-17.8,24.0,9.7,23.51,49.9,0,0,1,0,0
2026-01-01T02:02:30Z,leak,LEAK,8395.8,40.18,88.42,-17.56,24.07,9.67,23.58,50.05,0,0,1,0,0
2026-01-01T02:02:31Z,leak,LEAK,8426.7,40.07,89.02,-17.99,23.89,9.57,23.77,49.97,0,0,1,0,0
2026-01-01T02:02:32Z,leak,LEAK,8411.8,39.88,89.62,-17.9,24.05,9.59,23.7,49.93,0,0,1,0,0
2026-01-01T02:02:33Z,leak,LEAK,8415.3,39.66,89.28,-17.55,24.1,9.53,23.61,49.97,0,0,1,0,0
2026-01-01T02:02:34Z,leak,LEAK,8408.2,40.12,88.9,-18.07,24.02,9.54,23.45,49.98,0,0,1,0,0
2026-01-01T02:02:35Z,leak,LEAK,8404.5,40.19,89.79,-17.99,23.97,9.46,23.74,50.0,0,0,1,0,0
2026-01-01T02:02:36Z,leak,LEAK,8400.9,40.21,88.36,-18.54,24.0,9.66,23.51,49.95,0,0,1,0,0
2026-01-01T02:02:37Z,leak,LEAK,8409.2,39.87,88.93,-19.12,23.99,9.64,23.36,49.9,0,0,1,0,0
2026-01-01T02:02:38Z,leak,LEAK,8401.3,40.29,89.14,-18.51,24.11,9.48,23.61,50.05,0,0,1,0,0
2026-01-01T02:02:39Z,leak,LEAK,8404.7,40.39,88.73,-17.21,24.08,9.57,23.72,49.97,0,0,1,0,0
2026-01-01T02:02:40Z,leak,LEAK,8407.7,40.21,88.61,-18.67,23.87,9.71,23.7,49.95,0,0,1,0,0
2026-01-01T02:02:41Z,leak,LEAK,8411.8,40.05,88.95,-17.97,24.2,9.57,23.64,50.03,0,0,1,0,0
2026-01-01T02:02:42Z,leak,LEAK,8419.6,40.32,88.12,-17.54,23.92,9.66,23.59,49.95,0,0,1,0,0
2026-01-01T02:02:43Z,leak,LEAK,8400.2,39.77,88.72,-17.4,24.05,9.6,23.53,49.98,0,0,1,0,0
2026-01-01T02:02:44Z,leak,LEAK,8402.0,39.95,89.45,-18.4,23.95,9.62,23.68,50.01,0,0,1,0,0
2026-01-01T02:02:45Z,leak,LEAK,8403.1,40.03,89.05,-19.19,23.9,9.64,23.77,50.08,0,0,1,0,0
2026-01-01T02:02:46Z,leak,LEAK,8375.7,40.29,88.59,-17.66,23.98,9.69,23.77,49.94,0,0,1,0,0
2026-01-01T02:02:47Z,leak,LEAK,8409.6,39.47,89.38,-17.76,24.12,9.63,23.69,49.96,0,0,1,0,0
2026-01-01T02:02:48Z,leak,LEAK,8402.7,40.07,88.88,-17.52,24.19,9.69,23.71,49.94,0,0,1,0,0
2026-01-01T02:02:49Z,leak,LEAK,8408.4,39.97,89.63,-17.73,24.03,9.56,23.72,50.01,0,0,1,0,0
2026-01-01T02:02:50Z,leak,LEAK,8399.7,40.03,88.49,-18.3,24.1,9.48,23.7,49.97,0,0,1,0,0
2026-01-01T02:02:51Z,leak,LEAK,8406.3,40.01,88.42,-17.76,24.17,9.43,23.62,50.01,0,0,1,0,0
2026-01-01T02:02:52Z,leak,LEAK,8408.3,40.13,89.55,-17.64,23.94,9.64,23.75,49.98,0,0,1,0,0
2026-01-01T02:02:53Z,leak,LEAK,8406.9,39.86,89.36,-18.07,23.96,9.64,23.55,50.08,0,0,1,0,0
2026-01-01T02:02:54Z,leak,LEAK,8388.5,39.88,89.01,-17.17,23.97,9.4,23.71,50.05,0,0,1,0,0
2026-01-01T02:02:55Z,leak,LEAK,8402.8,39.92,88.24,-18.19,24.04,9.67,23.69,50.05,0,0,1,0,0
2026-01-01T02:02:56Z,leak,LEAK,8417.7,40.21,90.27,-17.71,24.13,9.52,23.57,49.96,0,0,1,0,0
2026-01-01T02:02:57Z,leak,LEAK,8412.6,39.72,89.56,-17.63,23.97,9.47,23.64,49.99,0,0,1,0,0
2026-01-01T02:02:58Z,leak,LEAK,8432.0,39.99,89.04,-18.42,24.04,9.6,23.83,50.02,0,0,1,0,0
2026-01-01T02:02:59Z,leak,LEAK,8399.0,40.05,89.05,-17.45,24.0,9.53,23.69,49.98,0,0,1,0,0
2026-01-01T02:03:00Z,leak,LEAK,8406.7,40.05,88.47,-18.79,23.97,9.63,23.85,49.98,0,0,1,0,0
2026-01-01T02:03:01Z,leak,LEAK,8397.8,39.95,88.8,-17.59,23.99,9.56,23.87,50.04,0,0,1,0,0
2026-01-01T02:03:02Z,leak,LEAK,8395.7,39.9,89.18,-18.59,24.01,9.63,23.61,50.06,0,0,1,0,0
2026-01-01T02:03:03Z,leak,LEAK,8390.0,39.7,89.17,-18.64,23.79,9.45,23.68,50.04,0,0,1,0,0
2026-01-01T02:03:04Z,leak,LEAK,8374.9,40.11,88.14,-17.09,23.99,9.37,23.88,49.96,0,0,1,0,0
2026-01-01T02:03:05Z,leak,LEAK,8413.9,40.04,88.87,-17.75,23.74,9.63,23.6,50.13,0,0,1,0,0
2026-01-01T02:03:06Z,leak,LEAK,8400.4,39.87,88.46,-17.56,23.98,9.54,23.77,50.01,0,0,1,0,0
2026-01-01T02:03:07Z,leak,LEAK,8383.9,39.78,89.76,-18.13,23.9,9.72,23.84,50.04,0,0,1,0,0
2026-01-01T02:03:08Z,leak,LEAK,8395.5,40.39,88.71,-18.88,24.04,9.68,23.8,49.99,0,0,1,0,0
2026-01-01T02:03:09Z,leak,LEAK,8406.6,40.08,88.7,-17.79,23.95,9.67,23.81,49.9,0,0,1,0,0
2026-01-01T02:03:10Z,leak,LEAK,8402.0,40.32,89.27,-18.15,23.97,9.64,23.96,49.93,0,0,1,0,0
2026-01-01T02:03:11Z,leak,LEAK,8404.5,40.06,88.75,-18.31,24.04,9.65,23.98,49.99,0,0,1,0,0
2026-01-01T02:03:12Z,leak,LEAK,8385.5,40.06,89.25,-17.89,24.23,9.53,23.79,49.95,0,0,1,0,0
2026-01-01T02:03:13Z,leak,LEAK,8389.4,39.76,89.48,-17.25,24.11,9.66,23.93,50.01,0,0,1,0,0
2026-01-01T02:03:14Z,leak,LEAK,8403.9,40.32,88.29,-18.03,24.02,9.67,23.95,50.02,0,0,1,0,0
2026-01-01T02:03:15Z,leak,LEAK,8411.6,40.09,88.83,-18.17,23.92,9.5,23.92,50.0,0,0,1,0,0
2026-01-01T02:03:16Z,leak,LEAK,8405.9,39.95,89.54,-18.72,23.87,9.59,23.63,50.06,0,0,1,0,0
2026-01-01T02:03:17Z,leak,LEAK,8399.0,39.72,88.57,-18.11,24.02,9.68,24.01,50.0,0,0,1,0,0
2026-01-01T02:03:18Z,leak,LEAK,8409.4,39.88,89.33,-18.04,24.11,9.56,23.74,49.98,0,0,1,0,0
2026-01-01T02:03:19Z,leak,LEAK,8371.1,39.84,88.25,-17.78,24.05,9.5,23.94,50.01,0,0,1,0,0
2026-01-01T02:03:20Z,leak,LEAK,8397.5,40.0,88.85,-17.49,23.97,9.83,23.71,49.9,0,0,1,0,0
2026-01-01T02:03:21Z,leak,LEAK,8372.4,39.89,88.88,-18.39,23.98,9.75,23.97,49.98,0,0,1,0,0
2026-01-01T02:03:22Z,leak,LEAK,8396.6,39.79,89.43,-18.45,24.08,9.4,23.85,50.03,0,0,1,0,0
2026-01-01T02:03:23Z,leak,LEAK,8403.8,39.9,89.26,-18.24,23.98,9.59,23.83,50.05,0,0,1,0,0
2026-01-01T02:03:24Z,leak,LEAK,8385.9,39.84,89.32,-18.86,24.05,9.74,23.86,49.95,0,0,1,0,0
2026-01-01T02:03:25Z,leak,LEAK,8394.6,39.87,88.43,-18.03,23.76,9.56,23.84,50.09,0,0,1,0,0
2026-01-01T02:03:26Z,leak,LEAK,8407.8,39.79,88.95,-17.54,23.99,9.67,23.7,50.03,0,0,1,0,0
2026-01-01T02:03:27Z,leak,LEAK,8409.6,39.76,89.2,-17.54,24.02,9.69,23.77,50.02,0,0,1,0,0
2026-01-01T02:03:28Z,leak,LEAK,8422.2,40.19,88.35,-17.27,23.91,9.54,24.02,50.04,0,0,1,0,0
2026-01-01T02:03:29Z,leak,LEAK,8398.3,40.2,88.44,-17.47,24.03,9.59,23.83,49.92,0,0,1,0,0
2026-01-01T02:03:30Z,leak,LEAK,8399.5,39.78,89.1,-17.95,24.06,9.65,23.96,50.0,0,0,1,0,0
2026-01-01T02:03:31Z,leak,LEAK,8392.1,39.69,88.45,-17.19,23.99,9.59,24.01,49.97,0,0,1,0,0
2026-01-01T02:03:32Z,leak,LEAK,8406.2,39.9,89.47,-18.43,24.03,9.51,23.84,49.98,0,0,1,0,0
2026-01-01T02:03:33Z,leak,LEAK,8403.1,40.04,88.9,-18.62,24.03,9.52,23.82,49.93,0,0,1,0,0
2026-01-01T02:03:34Z,leak,LEAK,8389.5,40.21,88.39,-18.12,23.93,9.75,23.8,50.02,0,0,1,0,0
2026-01-01T02:03:35Z,leak,LEAK,8413.1,40.21,89.15,-18.65,23.94,9.47,24.03,49.97,0,0,1,0,0
2026-01-01T02:03:36Z,leak,LEAK,8379.8,40.07,89.05,-17.13,24.02,9.69,23.78,49.93,0,0,1,0,0
2026-01-01T02:03:37Z,leak,LEAK,8414.6,40.05,88.16,-17.58,24.0,9.67,24.05,49.97,0,0,1,0,0
2026-01-01T02:03:38Z,leak,LEAK,8402.5,39.94,88.5,-17.25,24.21,9.77,23.97,49.97,0,0,1,0,0
2026-01-01T02:03:39Z,leak,LEAK,8413.7,39.56,88.7,-16.99,24.01,9.64,23.96,49.92,0,0,1,0,0
2026-01-01T02:03:40Z,leak,LEAK,8415.8,39.96,88.68,-16.84,23.98,9.56,24.04,49.99,0,0,1,0,0
2026-01-01T02:03:41Z,leak,LEAK,8404.6,39.96,89.62,-17.16,24.01,9.57,23.9,50.05,0,0,1,0,0
2026-01-01T02:03:42Z,leak,LEAK,8396.4,40.37,88.18,-17.27,24.01,9.64,23.72,50.04,0,0,1,0,0
2026-01-01T02:03:43Z,leak,LEAK,8389.8,39.96,89.46,-18.28,23.87,9.59,23.74,50.06,0,0,1,0,0
2026-01-01T02:03:44Z,leak,LEAK,8399.9,40.12,89.75,-17.91,24.09,9.66,24.02,49.98,0,0,1,0,0
2026-01-01T02:03:45Z,leak,LEAK,8409.6,40.12,88.91,-17.81,23.96,9.6,23.81,49.96,0,0,1,0,0
2026-01-01T02:03:46Z,leak,LEAK,8399.1,40.06,88.8,-18.06,23.8,9.6,23.84,50.02,0,0,1,0,0
2026-01-01T02:03:47Z,leak,LEAK,8423.6,39.9,89.63,-18.57,24.0,9.47,23.83,49.99,0,0,1,0,0
2026-01-01T02:03:48Z,leak,LEAK,8401.8,39.96,88.69,-17.82,24.03,9.73,23.91,50.02,0,0,1,0,0
2026-01-01T02:03:49Z,leak,LEAK,8406.0,39.75,88.78,-18.57,23.89,9.47,23.97,50.04,0,0,1,0,0
2026-01-01T02:03:50Z,leak,LEAK,8426.3,39.92,88.87,-17.46,23.94,9.74,24.02,49.97,0,0,1,0,0
2026-01-01T02:03:51Z,leak,LEAK,8406.7,40.3,87.91,-17.69,24.11,9.71,24.06,49.94,0,0,1,0,0
2026-01-01T02:03:52Z,leak,LEAK,8403.5,40.04,89.2,-17.5,24.04,9.63,24.09,50.03,0,0,1,0,0
2026-01-01T02:03:53Z,leak,LEAK,8424.5,39.87,89.27,-18.47,23.89,9.53,23.87,50.02,0,0,1,0,0
2026-01-01T02:03:54Z,leak,LEAK,8424.1,40.04,89.01,-17.22,24.11,9.54,24.06,49.99,0,0,1,0,0
2026-01-01T02:03:55Z,leak,LEAK,8404.4,40.08,89.04,-17.36,24.19,9.42,23.99,50.02,0,0,1,0,0
2026-01-01T02:03:56Z,leak,LEAK,8399.1,39.99,89.07,-19.19,23.98,9.48,24.06,50.0,0,0,1,0,0
2026-01-01T02:03:57Z,leak,LEAK,8421.1,40.29,89.88,-18.13,23.91,9.53,24.01,49.94,0,0,1,0,0
2026-01-01T02:03:58Z,leak,LEAK,8395.7,40.08,89.61,-17.73,23.95,9.38,24.2,49.99,0,0,1,0,0
2026-01-01T02:03:59Z,leak,LEAK,8394.7,39.84,88.73,-18.13,24.13,9.53,24.11,50.07,0,0,1,0,0
2026-01-01T02:04:00Z,leak,LEAK,8428.8,40.07,89.38,-18.47,23.97,9.6,24.13,49.95,0,0,1,0,0
2026-01-01T02:04:01Z,leak,LEAK,8407.0,39.78,88.78,-18.19,24.15,9.62,24.05,49.94,0,0,1,0,0
2026-01-01T02:04:02Z,leak,LEAK,8415.4,40.54,89.05,-17.81,24.22,9.62,24.15,50.1,0,0,1,0,0
2026-01-01T02:04:03Z,leak,LEAK,8411.0,40.23,89.29,-17.36,24.01,9.54,24.18,49.99,0,0,1,0,0
2026-01-01T02:04:04Z,leak,LEAK,8415.6,39.77,89.85,-18.81,23.82,9.71,24.06,49.91,0,0,1,0,0
2026-01-01T02:04:05Z,leak,LEAK,8423.1,40.23,89.04,-18.11,23.97,9.69,24.08,49.9,0,0,1,0,0
2026-01-01T02:04:06Z,leak,LEAK,8418.7,39.86,89.73,-18.69,24.08,9.45,24.2,49.96,0,0,1,0,0
2026-01-01T02:04:07Z,leak,LEAK,8414.7,40.16,89.32,-17.99,24.16,9.59,24.13,50.09,0,0,1,0,0
2026-01-01T02:04:08Z,leak,LEAK,8417.8,40.22,90.37,-18.2,24.13,9.45,24.08,50.07,0,0,1,0,0
2026-01-01T02:04:09Z,leak,LEAK,8414.4,39.94,89.86,-17.23,23.78,9.65,24.04,49.94,0,0,1,0,0
2026-01-01T02:04:10Z,leak,LEAK,8397.3,39.91,89.48,-18.77,24.03,9.5,24.13,49.96,0,0,1,0,0
2026-01-01T02:04:11Z,leak,LEAK,8420.0,40.3,88.72,-17.4,23.91,9.82,24.15,50.03,0,0,1,0,0
2026-01-01T02:04:12Z,leak,LEAK,8413.8,40.01,89.63,-18.7,23.94,9.47,24.23,50.01,0,0,1,0,0
2026-01-01T02:04:13Z,leak,LEAK,8421.4,40.11,89.0,-17.28,24.02,9.74,24.18,50.0,0,0,1,0,0
2026-01-01T02:04:14Z,leak,LEAK,8422.3,39.68,89.32,-17.42,24.03,9.58,24.13,50.0,0,0,1,0,0
2026-01-01T02:04:15Z,leak,LEAK,8416.6,39.85,89.75,-18.01,24.03,9.85,24.09,50.04,0,0,1,0,0
2026-01-01T02:04:16Z,leak,LEAK,8408.0,40.1,89.92,-16.39,24.0,9.57,24.12,49.94,0,0,1,0,0
2026-01-01T02:04:17Z,leak,LEAK,8411.1,39.7,88.88,-17.28,23.99,9.55,24.26,50.01,0,0,1,0,0
2026-01-01T02:04:18Z,leak,LEAK,8431.2,40.14,88.74,-17.17,24.05,9.62,24.2,50.04,0,0,1,0,0
2026-01-01T02:04:19Z,leak,LEAK,8429.7,39.62,89.09,-17.77,24.14,9.38,24.21,50.02,0,0,1,0,0
2026-01-01T02:04:20Z,leak,LEAK,8425.1,40.09,88.65,-18.89,24.0,9.47,24.2,50.0,0,0,1,0,0
2026-01-01T02:04:21Z,leak,LEAK,8423.6,40.13,89.08,-18.8,24.0,9.55,24.06,49.97,0,0,1,0,0
2026-01-01T02:04:22Z,leak,LEAK,8434.5,40.24,88.73,-17.04,23.95,9.6,24.31,49.99,0,0,1,0,0
2026-01-01T02:04:23Z,leak,LEAK,8422.2,40.11,89.47,-17.77,24.13,9.55,24.16,50.01,0,0,1,0,0
2026-01-01T02:04:24Z,leak,LEAK,8423.8,39.92,89.45,-18.59,24.01,9.65,24.28,50.02,0,0,1,0,0
2026-01-01T02:04:25Z,leak,LEAK,8411.8,40.04,90.04,-18.0,24.08,9.42,24.19,49.98,0,0,1,0,0
2026-01-01T02:04:26Z,leak,LEAK,8422.8,40.28,89.18,-17.56,24.11,9.7,24.13,49.94,0,0,1,0,0
2026-01-01T02:04:27Z,leak,LEAK,8441.6,40.27,88.5,-17.87,23.96,9.59,24.21,50.01,0,0,1,0,0
2026-01-01T02:04:28Z,leak,LEAK,8442.5,40.23,89.16,-18.95,24.07,9.66,24.25,49.97,0,0,1,0,0
2026-01-01T02:04:29Z,leak,LEAK,8436.8,40.14,89.03,-17.95,23.98,9.56,24.45,49.95,0,0,1,0,0
2026-01-01T02:04:30Z,leak,LEAK,8444.0,39.93,89.72,-18.37,24.02,9.62,24.23,50.05,0,0,1,0,0
2026-01-01T02:04:31Z,leak,LEAK,8443.9,39.91,89.31,-17.98,23.86,9.56,24.23,49.97,0,0,1,0,0
2026-01-01T02:04:32Z,leak,LEAK,8431.4,39.89,88.97,-18.6,24.03,9.71,24.15,50.05,0,0,1,0,0
2026-01-01T02:04:33Z,leak,LEAK,8430.6,39.94,89.65,-18.0,23.91,9.72,24.1,50.02,0,0,1,0,0
2026-01-01T02:04:34Z,leak,LEAK,8440.0,39.86,89.4,-18.06,24.11,9.59,24.34,49.9,0,0,1,0,0
2026-01-01T02:04:35Z,leak,LEAK,8430.1,40.15,89.58,-17.96,23.92,9.71,24.39,50.07,0,0,1,0,0
2026-01-01T02:04:36Z,leak,LEAK,8434.0,40.33,88.98,-17.34,23.97,9.61,24.27,49.99,0,0,1,0,0
2026-01-01T02:04:37Z,leak,LEAK,8415.7,39.86,87.95,-18.08,24.1,9.44,24.07,49.95,0,0,1,0,0
2026-01-01T02:04:38Z,leak,LEAK,8442.5,39.72,89.51,-18.08,23.96,9.48,24.27,50.01,0,0,1,0,0
2026-01-01T02:04:39Z,leak,LEAK,8446.1,40.02,90.09,-17.45,24.03,9.48,24.29,50.08,0,0,1,0,0
2026-01-01T02:04:40Z,leak,LEAK,8451.2,40.21,89.26,-18.26,23.93,9.7,24.16,49.99,0,0,1,0,0
2026-01-01T02:04:41Z,leak,LEAK,8439.2,40.0,88.92,-17.37,23.95,9.56,24.27,50.01,0,0,1,0,0
2026-01-01T02:04:42Z,leak,LEAK,8460.5,39.68,88.83,-17.31,23.95,9.76,24.23,49.91,0,0,1,0,0
2026-01-01T02:04:43Z,leak,LEAK,8442.3,40.08,88.8,-17.65,23.97,9.67,24.27,50.18,0,0,1,0,0
2026-01-01T02:04:44Z,leak,LEAK,8441.9,40.25,89.34,-18.09,23.93,9.52,24.21,50.02,0,0,1,0,0
2026-01-01T02:04:45Z,leak,LEAK,8442.3,40.09,89.61,-18.04,24.0,9.57,24.3,50.02,0,0,1,0,0
2026-01-01T02:04:46Z,leak,LEAK,8435.2,39.84,88.99,-17.48,24.08,9.59,24.46,50.02,0,0,1,0,0
2026-01-01T02:04:47Z,leak,LEAK,8436.4,40.15,88.96,-18.32,23.9,9.54,24.34,50.04,0,0,1,0,0
2026-01-01T02:04:48Z,leak,LEAK,8435.9,39.89,90.78,-17.68,23.95,9.75,24.28,49.94,0,0,1,0,0
2026-01-01T02:04:49Z,leak,LEAK,8454.4,39.77,89.08,-18.77,24.05,9.44,24.45,50.01,0,0,1,0,0
2026-01-01T02:04:50Z,leak,LEAK,8441.4,40.14,89.09,-18.19,23.96,9.59,24.45,50.03,0,0,1,0,0
2026-01-01T02:04:51Z,leak,LEAK,8439.2,39.63,89.95,-18.29,24.18,9.48,24.42,50.05,0,0,1,0,0
2026-01-01T02:04:52Z,leak,LEAK,8455.5,40.22,89.06,-17.49,23.8,9.65,24.51,50.1,0,0,1,0,0
2026-01-01T02:04:53Z,leak,LEAK,8464.8,39.77,89.6,-18.46,24.04,9.79,24.32,49.97,0,0,1,0,0
2026-01-01T02:04:54Z,leak,LEAK,8446.8,39.97,90.36,-18.22,24.12,9.58,24.32,49.93,0,0,1,0,0
2026-01-01T02:04:55Z,leak,LEAK,8458.7,40.09,88.48,-18.27,23.78,9.59,24.55,50.01,0,0,1,0,0
2026-01-01T02:04:56Z,leak,LEAK,8440.0,40.33,89.42,-18.46,24.03,9.64,24.51,49.96,0,0,1,0,0
2026-01-01T02:04:57Z,leak,LEAK,8457.7,39.86,89.41,-17.76,24.24,9.74,24.27,50.07,0,0,1,0,0
2026-01-01T02:04:58Z,leak,LEAK,8456.8,39.83,89.82,-18.33,24.01,9.63,24.34,49.92,0,0,1,0,0
2026-01-01T02:04:59Z,leak,LEAK,8455.0,39.88,88.53,-18.49,24.09,9.65,24.39,50.05,0,0,1,0,0
2026-01-01T02:05:00Z,leak,LEAK,8460.9,39.88,89.87,-18.05,23.93,9.65,24.62,50.06,0,0,1,0,0
2026-01-01T02:05:01Z,leak,LEAK,8475.9,39.93,89.89,-18.01,24.05,9.58,24.27,50.0,0,0,1,0,0
2026-01-01T02:05:02Z,leak,LEAK,8460.0,39.83,89.94,-17.33,24.05,9.54,24.52,50.03,0,0,1,0,0
2026-01-01T02:05:03Z,leak,LEAK,8463.4,39.61,89.87,-18.23,23.94,9.45,24.53,49.97,0,0,1,0,0
2026-01-01T02:05:04Z,leak,LEAK,8463.8,40.01,89.12,-17.69,23.92,9.67,24.54,50.03,0,0,1,0,0
2026-01-01T02:05:05Z,leak,LEAK,8462.7,39.8,89.2,-17.77,24.05,9.56,24.57,49.95,0,0,1,0,0
2026-01-01T02:05:06Z,leak,LEAK,8465.2,39.94,89.37,-17.49,24.1,9.54,24.43,50.04,0,0,1,0,0
2026-01-01T02:05:07Z,leak,LEAK,8464.4,40.22,90.17,-18.0,23.98,9.71,24.44,50.06,0,0,1,0,0
2026-01-01T02:05:08Z,leak,LEAK,8463.8,40.3,88.48,-17.39,24.19,9.77,24.7,49.96,0,0,1,0,0
2026-01-01T02:05:09Z,leak,LEAK,8444.4,40.05,89.84,-17.9,24.0,9.51,24.55,50.11,0,0,1,0,0
2026-01-01T02:05:10Z,leak,LEAK,8471.6,39.71,90.12,-17.56,24.05,9.46,24.61,49.97,0,0,1,0,0
2026-01-01T02:05:11Z,leak,LEAK,8473.9,39.82,89.07,-18.53,23.91,9.67,24.46,50.04,0,0,1,0,0
2026-01-01T02:05:12Z,leak,LEAK,8467.0,39.77,90.14,-17.98,24.19,9.55,24.57,49.98,0,0,1,0,0
2026-01-01T02:05:13Z,leak,LEAK,8465.8,39.96,90.16,-18.82,24.02,9.66,24.48,50.06,0,0,1,0,0
2026-01-01T02:05:14Z,leak,LEAK,8460.4,40.05,88.44,-18.0,24.05,9.59,24.42,50.01,0,0,1,0,0
2026-01-01T02:05:15Z,leak,LEAK,8466.9,39.82,89.06,-17.78,24.03,9.6,24.67,49.96,0,0,1,0,0
2026-01-01T02:05:16Z,leak,LEAK,8479.1,40.06,89.98,-17.37,24.01,9.37,24.48,49.96,0,0,1,0,0
2026-01-01T02:05:17Z,leak,LEAK,8466.5,39.8,90.1,-18.2,23.92,9.64,24.63,49.86,0,0,1,0,0
2026-01-01T02:05:18Z,leak,LEAK,8464.9,40.02,89.56,-16.93,24.03,9.64,24.5,49.92,0,0,1,0,0
2026-01-01T02:05:19Z,leak,LEAK,8475.4,40.09,90.03,-18.51,23.99,9.83,24.54,49.97,0,0,1,0,0
2026-01-01T02:05:20Z,leak,LEAK,8466.7,39.75,90.07,-17.72,23.79,9.55,24.48,50.02,0,0,1,0,0
2026-01-01T02:05:21Z,leak,LEAK,8468.8,39.99,88.67,-18.51,23.92,9.72,24.52,50.0,0,0,1,0,0
2026-01-01T02:05:22Z,leak,LEAK,8467.4,39.95,89.57,-18.07,24.07,9.6,24.57,50.02,0,0,1,0,0
2026-01-01T02:05:23Z,leak,LEAK,8466.4,40.13,89.19,-17.95,24.07,9.47,24.59,49.99,0,0,1,0,0
2026-01-01T02:05:24Z,leak,LEAK,8476.4,39.92,89.04,-18.14,23.92,9.67,24.53,50.02,0,0,1,0,0
2026-01-01T02:05:25Z,leak,LEAK,8489.1,39.99,89.25,-18.32,23.97,9.58,24.6,49.99,0,0,1,0,0
2026-01-01T02:05:26Z,leak,LEAK,8456.3,39.88,89.23,-17.83,23.9,9.68,24.58,49.99,0,0,1,0,0
2026-01-01T02:05:27Z,leak,LEAK,8477.5,40.36,89.71,-18.22,23.92,9.66,24.41,49.89,0,0,1,0,0
2026-01-01T02:05:28Z,leak,LEAK,8494.1,40.21,89.34,-17.73,23.94,9.59,24.65,49.99,0,0,1,0,0
2026-01-01T02:05:29Z,leak,LEAK,8486.7,39.67,90.08,-18.17,23.98,9.6,24.6,50.0,0,0,1,0,0
2026-01-01T02:05:30Z,leak,LEAK,8487.8,39.81,89.64,-16.99,23.86,9.52,24.5,50.01,0,0,1,0,0
2026-01-01T02:05:31Z,leak,LEAK,8499.8,39.99,89.9,-18.25,24.01,9.53,24.44,50.02,0,0,1,0,0
2026-01-01T02:05:32Z,leak,LEAK,8470.2,39.94,90.14,-17.49,24.02,9.75,24.64,49.91,0,0,1,0,0
2026-01-01T02:05:33Z,leak,LEAK,8480.8,39.83,90.68,-18.54,24.1,9.5,24.55,50.07,0,0,1,0,0
2026-01-01T02:05:34Z,leak,LEAK,8490.9,39.93,89.99,-17.9,24.0,9.51,24.51,50.05,0,0,1,0,0
2026-01-01T02:05:35Z,leak,LEAK,8480.8,39.66,89.19,-17.8,24.05,9.52,24.58,49.96,0,0,1,0,0
2026-01-01T02:05:36Z,leak,LEAK,8484.5,40.02,90.24,-17.61,24.06,9.63,24.53,50.03,0,0,1,0,0
2026-01-01T02:05:37Z,leak,LEAK,8488.9,40.09,89.46,-17.92,24.29,9.46,24.58,49.98,0,0,1,0,0
2026-01-01T02:05:38Z,leak,LEAK,8482.1,39.95,89.15,-18.31,23.85,9.65,24.65,49.99,0,0,1,0,0
2026-01-01T02:05:39Z,leak,LEAK,8501.6,40.2,90.01,-18.31,24.09,9.91,24.55,50.03,0,0,1,0,0
2026-01-01T02:05:40Z,leak,LEAK,8493.9,40.17,90.21,-17.1,24.0,9.67,24.61,50.04,0,0,1,0,0
2026-01-01T02:05:41Z,leak,LEAK,8493.2,39.88,90.16,-18.28,23.98,9.65,24.82,50.03,0,0,1,0,0
2026-01-01T02:05:42Z,leak,LEAK,8484.5,40.09,90.1,-17.37,24.02,9.42,24.64,49.95,0,0,1,0,0
2026-01-01T02:05:43Z,leak,LEAK,8499.0,40.12,89.12,-17.48,23.92,9.75,24.82,49.95,0,0,1,0,0
2026-01-01T02:05:44Z,leak,LEAK,8504.8,40.06,89.71,-18.09,24.17,9.63,24.66,49.96,0,0,1,0,0
2026-01-01T02:05:45Z,leak,LEAK,8486.0,39.93,89.74,-17.66,24.24,9.45,24.65,49.98,0,0,1,0,0
2026-01-01T02:05:46Z,leak,LEAK,8487.6,40.22,89.69,-17.99,23.99,9.55,24.85,49.92,0,0,1,0,0
2026-01-01T02:05:47Z,leak,LEAK,8491.7,39.84,89.89,-17.9,23.98,9.56,24.73,49.93,0,0,1,0,0
2026-01-01T02:05:48Z,leak,LEAK,8507.7,39.75,89.97,-17.69,24.21,9.63,24.63,50.0,0,0,1,0,0
2026-01-01T02:05:49Z,leak,LEAK,8498.7,40.14,90.53,-18.06,23.76,9.75,24.75,50.01,0,0,1,0,0
2026-01-01T02:05:50Z,leak,LEAK,8499.9,39.84,90.27,-17.64,23.86,9.59,24.73,49.92,0,0,1,0,0
2026-01-01T02:05:51Z,leak,LEAK,8500.9,40.16,90.35,-18.15,24.05,9.59,24.85,50.02,0,0,1,0,0
2026-01-01T02:05:52Z,leak,LEAK,8500.1,39.68,89.77,-18.1,24.08,9.63,24.76,50.05,0,0,1,0,0
2026-01-01T02:05:53Z,leak,LEAK,8492.5,39.92,90.09,-16.66,23.99,9.33,24.59,50.08,0,0,1,0,0
2026-01-01T02:05:54Z,leak,LEAK,8515.6,39.96,89.9,-18.61,23.98,9.58,24.89,50.01,0,0,1,0,0
2026-01-01T02:05:55Z,leak,LEAK,8498.9,40.03,89.42,-18.02,23.81,9.61,24.83,49.97,0,0,1,0,0
2026-01-01T02:05:56Z,leak,LEAK,8498.0,39.99,89.02,-18.15,23.92,9.68,24.74,50.11,0,0,1,0,0
2026-01-01T02:05:57Z,leak,LEAK,8508.9,39.65,89.98,-17.36,23.92,9.69,24.93,49.98,0,0,1,0,0
2026-01-01T02:05:58Z,leak,LEAK,8510.6,40.05,89.9,-17.02,24.17,9.65,24.76,49.95,0,0,1,0,0
2026-01-01T02:05:59Z,leak,LEAK,8514.7,39.73,89.96,-17.4,23.99,9.6,24.93,50.06,0,0,1,0,0
2026-01-01T02:06:00Z,leak,LEAK,8508.3,40.03,89.19,-18.19,23.83,9.63,25.19,49.92,0,0,1,0,0
2026-01-01T02:06:01Z,leak,LEAK,8514.1,40.31,89.18,-18.54,24.01,9.49,24.83,49.95,0,0,1,0,0
2026-01-01T02:06:02Z,leak,LEAK,8515.5,40.0,90.06,-18.38,23.87,9.62,24.84,50.14,0,0,1,0,0
2026-01-01T02:06:03Z,leak,LEAK,8514.1,39.82,89.97,-18.98,24.1,9.51,24.96,49.97,0,0,1,0,0
2026-01-01T02:06:04Z,leak,LEAK,8512.2,39.87,90.13,-18.72,24.16,9.61,24.88,50.1,0,0,1,0,0
2026-01-01T02:06:05Z,leak,LEAK,8517.3,40.22,90.25,-18.1,24.1,9.6,24.77,50.0,0,0,1,0,0
2026-01-01T02:06:06Z,leak,LEAK,8526.3,39.57,89.39,-17.75,24.04,9.6,24.73,49.93,0,0,1,0,0
2026-01-01T02:06:07Z,leak,LEAK,8514.6,40.17,90.31,-17.77,23.76,9.58,24.79,49.98,0,0,1,0,0
2026-01-01T02:06:08Z,leak,LEAK,8529.9,40.01,89.97,-17.73,23.92,9.49,25.0,50.05,0,0,1,0,0
2026-01-01T02:06:09Z,leak,LEAK,8508.0,40.34,89.65,-17.61,24.06,9.45,24.88,49.98,0,0,1,0,0
2026-01-01T02:06:10Z,leak,LEAK,8538.6,39.84,89.52,-17.46,24.04,9.62,24.75,50.0,0,0,1,0,0
2026-01-01T02:06:11Z,leak,LEAK,8513.7,40.05,90.83,-18.27,24.07,9.66,24.71,50.05,0,0,1,0,0
2026-01-01T02:06:12Z,leak,LEAK,8517.6,40.07,90.09,-17.65,24.06,9.57,24.92,49.89,0,0,1,0,0
2026-01-01T02:06:13Z,leak,LEAK,8522.5,39.72,89.34,-17.96,23.96,9.66,24.8,50.01,0,0,1,0,0
2026-01-01T02:06:14Z,leak,LEAK,8508.1,40.27,89.39,-17.61,24.01,9.65,25.02,50.04,0,0,1,0,0
2026-01-01T02:06:15Z,leak,LEAK,8524.1,39.84,89.99,-18.08,24.08,9.52,24.81,49.97,0,0,1,0,0
2026-01-01T02:06:16Z,leak,LEAK,8543.0,39.72,90.1,-18.21,23.98,9.57,24.82,49.97,0,0,1,0,0
2026-01-01T02:06:17Z,leak,LEAK,8523.5,39.79,89.96,-17.87,24.1,9.42,24.79,49.99,0,0,1,0,0
2026-01-01T02:06:18Z,leak,LEAK,8506.5,39.97,90.09,-17.99,23.99,9.59,24.97,50.03,0,0,1,0,0
2026-01-01T02:06:19Z,leak,LEAK,8528.0,39.97,88.73,-17.47,24.07,9.69,24.99,49.99,0,0,1,0,0
2026-01-01T02:06:20Z,leak,LEAK,8538.6,40.41,89.8,-17.97,23.85,9.56,25.03,50.03,0,0,1,0,0
2026-01-01T02:06:21Z,leak,LEAK,8526.0,40.17,90.21,-18.96,24.06,9.51,25.04,50.02,0,0,1,0,0
2026-01-01T02:06:22Z,leak,LEAK,8543.4,40.2,90.79,-18.03,24.05,9.52,25.02,50.03,0,0,1,0,0
2026-01-01T02:06:23Z,leak,LEAK,8545.4,39.96,89.84,-18.28,23.87,9.42,24.86,50.0,0,0,1,0,0
2026-01-01T02:06:24Z,leak,LEAK,8535.2,39.91,90.27,-18.18,24.04,9.66,24.93,49.92,0,0,1,0,0
2026-01-01T02:06:25Z,leak,LEAK,8549.4,39.89,90.54,-17.94,23.88,9.46,24.88,49.91,0,0,1,0,0
2026-01-01T02:06:26Z,leak,LEAK,8538.5,40.29,90.79,-18.38,23.93,9.57,24.92,49.96,0,0,1,0,0
2026-01-01T02:06:27Z,leak,LEAK,8530.5,40.37,90.84,-18.26,23.91,9.81,24.94,50.09,0,0,1,0,0
2026-01-01T02:06:28Z,leak,LEAK,8532.9,40.32,89.53,-18.82,24.05,9.71,25.13,49.97,0,0,1,0,0
2026-01-01T02:06:29Z,leak,LEAK,8531.0,40.07,90.32,-18.51,23.96,9.59,25.37,49.96,0,0,1,0,0
2026-01-01T02:06:30Z,leak,LEAK,8543.0,40.26,90.63,-17.69,24.17,9.7,25.06,49.92,0,0,1,0,0
2026-01-01T02:06:31Z,leak,LEAK,8542.8,40.13,90.76,-19.22,23.9,9.44,24.88,49.99,0,0,1,0,0
2026-01-01T02:06:32Z,leak,LEAK,8539.2,40.16,90.19,-18.08,24.02,9.6,24.97,50.09,0,0,1,0,0
2026-01-01T02:06:33Z,leak,LEAK,8544.0,40.27,91.32,-17.21,24.09,9.66,24.98,49.95,0,0,1,0,0
2026-01-01T02:06:34Z,leak,LEAK,8557.4,39.86,90.15,-18.91,24.13,9.81,25.09,50.01,0,0,1,0,0
2026-01-01T02:06:35Z,leak,LEAK,8546.5,39.83,90.11,-18.53,24.05,9.61,25.1,50.01,0,0,1,0,0
2026-01-01T02:06:36Z,leak,LEAK,8537.5,40.68,89.64,-17.22,24.14,9.66,25.09,50.02,0,0,1,0,0
2026-01-01T02:06:37Z,leak,LEAK,8539.8,40.09,90.5,-17.49,24.08,9.71,25.23,50.13,0,0,1,0,0
2026-01-01T02:06:38Z,leak,LEAK,8557.2,40.05,90.13,-17.61,23.88,9.67,24.95,49.93,0,0,1,0,0
2026-01-01T02:06:39Z,leak,LEAK,8554.0,40.04,90.95,-18.1,24.03,9.61,25.3,49.92,0,0,1,0,0
2026-01-01T02:06:40Z,leak,LEAK,8572.3,39.75,90.85,-18.4,24.07,9.59,24.95,50.0,0,0,1,0,0
2026-01-01T02:06:41Z,leak,LEAK,8545.4,39.43,90.53,-18.54,24.0,9.67,25.12,50.01,0,0,1,0,0
2026-01-01T02:06:42Z,leak,LEAK,8548.2,39.94,89.99,-18.91,23.82,9.53,25.06,49.95,0,0,1,0,0
2026-01-01T02:06:43Z,leak,LEAK,8554.2,40.04,90.28,-18.94,23.89,9.57,25.01,50.0,0,0,1,0,0
2026-01-01T02:06:44Z,leak,LEAK,8557.1,39.68,90.04,-17.48,24.1,9.7,25.04,50.02,0,0,1,0,0
2026-01-01T02:06:45Z,leak,LEAK,8556.4,40.23,91.15,-17.75,24.09,9.64,25.28,50.05,0,0,1,0,0
2026-01-01T02:06:46Z,leak,LEAK,8574.3,39.97,90.49,-18.07,24.02,9.61,25.24,49.96,0,0,1,0,0
2026-01-01T02:06:47Z,leak,LEAK,8566.5,40.11,90.36,-17.48,23.95,9.69,25.05,50.06,0,0,1,0,0
2026-01-01T02:06:48Z,leak,LEAK,8558.0,39.88,90.46,-17.98,23.9,9.57,25.16,49.99,0,0,1,0,0
2026-01-01T02:06:49Z,leak,LEAK,8566.8,39.98,90.57,-17.8,24.12,9.75,25.09,49.98,0,0,1,0,0
2026-01-01T02:06:50Z,leak,LEAK,8531.8,40.09,91.02,-16.64,23.81,9.7,25.3,50.06,0,0,1,0,0
2026-01-01T02:06:51Z,leak,LEAK,8557.9,40.02,90.77,-17.85,23.93,9.45,25.31,49.93,0,0,1,0,0
2026-01-01T02:06:52Z,leak,LEAK,8550.3,39.46,90.8,-18.0,23.95,9.64,25.16,50.03,0,0,1,0,0
2026-01-01T02:06:53Z,leak,LEAK,8590.5,39.94,90.58,-17.73,24.13,9.69,25.21,49.95,0,0,1,0,0
2026-01-01T02:06:54Z,leak,LEAK,8575.7,40.06,88.58,-18.01,24.05,9.6,25.1,49.99,0,0,1,0,0
2026-01-01T02:06:55Z,leak,LEAK,8548.2,39.84,90.25,-18.09,23.94,9.57,25.11,50.05,0,0,1,0,0
2026-01-01T02:06:56Z,leak,LEAK,8558.5,39.87,91.26,-18.44,23.79,9.67,25.26,49.95,0,0,1,0,0
2026-01-01T02:06:57Z,leak,LEAK,8568.4,40.14,90.4,-18.18,23.88,9.58,25.18,49.97,0,0,1,0,0
2026-01-01T02:06:58Z,leak,LEAK,8572.0,40.16,90.68,-17.75,23.86,9.58,25.2,50.03,0,0,1,0,0
2026-01-01T02:06:59Z,leak,LEAK,8560.8,39.79,90.3,-17.19,24.08,9.52,25.14,50.03,0,0,1,0,0
2026-01-01T02:07:00Z,leak,LEAK,8565.8,39.96,91.3,-18.34,23.91,9.61,25.32,50.13,0,0,1,0,0
2026-01-01T02:07:01Z,leak,LEAK,8575.0,39.9,90.69,-18.12,23.82,9.63,25.29,50.06,0,0,1,0,0
2026-01-01T02:07:02Z,leak,LEAK,8545.4,39.75,90.59,-17.77,23.93,9.41,25.1,50.01,0,0,1,0,0
2026-01-01T02:07:03Z,leak,LEAK,8556.9,39.98,90.64,-18.82,23.92,9.39,25.42,50.0,0,0,1,0,0
2026-01-01T02:07:04Z,leak,LEAK,8583.9,39.9,90.45,-17.45,23.98,9.71,25.16,50.04,0,0,1,0,0
2026-01-01T02:07:05Z,leak,LEAK,8562.9,40.03,89.78,-17.34,23.92,9.56,25.17,50.01,0,0,1,0,0
2026-01-01T02:07:06Z,leak,LEAK,8565.8,40.48,90.62,-18.25,24.08,9.55,25.05,49.94,0,0,1,0,0
2026-01-01T02:07:07Z,leak,LEAK,8564.9,40.4,91.08,-18.31,24.11,9.77,25.3,50.01,0,0,1,0,0
2026-01-01T02:07:08Z,leak,LEAK,8576.6,40.14,90.85,-18.45,24.11,9.48,25.39,50.02,0,0,1,0,0
2026-01-01T02:07:09Z,leak,LEAK,8581.7,39.87,90.36,-18.17,24.16,9.6,25.03,50.02,0,0,1,0,0
2026-01-01T02:07:10Z,leak,LEAK,8570.9,39.95,90.97,-17.04,23.98,9.73,25.34,49.94,0,0,1,0,0
2026-01-01T02:07:11Z,leak,LEAK,8585.9,40.28,91.11,-18.27,24.07,9.67,25.44,50.0,0,0,1,0,0
2026-01-01T02:07:12Z,leak,LEAK,8561.4,39.88,90.73,-17.37,24.15,9.62,25.31,49.93,0,0,1,0,0
2026-01-01T02:07:13Z,leak,LEAK,8583.1,39.98,91.16,-19.43,23.98,9.64,25.18,49.97,0,0,1,0,0
2026-01-01T02:07:14Z,leak,LEAK,8571.9,40.04,91.2,-18.21,24.01,9.54,25.51,49.99,0,0,1,0,0
2026-01-01T02:07:15Z,leak,LEAK,8588.6,40.13,92.18,-17.63,23.91,9.53,25.49,50.07,0,0,1,0,0
2026-01-01T02:07:16Z,leak,LEAK,8571.1,39.89,91.36,-17.16,23.68,9.68,25.3,50.06,0,0,1,0,0
2026-01-01T02:07:17Z,leak,LEAK,8568.8,39.94,90.33,-18.22,24.04,9.77,25.3,49.95,0,0,1,0,0
2026-01-01T02:07:18Z,leak,LEAK,8583.0,39.86,90.94,-18.01,23.95,9.76,25.28,49.94,0,0,1,0,0
2026-01-01T02:07:19Z,leak,LEAK,8586.6,40.18,90.1,-17.42,23.99,9.6,25.27,49.98,0,0,1,0,0
2026-01-01T02:07:20Z,leak,LEAK,8593.3,40.23,90.16,-18.19,24.08,9.7,25.57,49.9,0,0,1,0,0
2026-01-01T02:07:21Z,leak,LEAK,8570.0,40.01,91.37,-18.29,24.13,9.6,25.41,49.94,0,0,1,0,0
2026-01-01T02:07:22Z,leak,LEAK,8578.6,39.94,90.07,-17.71,23.94,9.69,25.17,49.97,0,0,1,0,0
2026-01-01T02:07:23Z,leak,LEAK,8587.8,40.1,90.57,-18.08,24.06,9.42,25.55,50.02,0,0,1,0,0
2026-01-01T02:07:24Z,leak,LEAK,8582.8,40.11,91.21,-17.94,24.05,9.69,25.31,50.01,0,0,1,0,0
2026-01-01T02:07:25Z,leak,LEAK,8589.0,39.97,90.93,-18.66,23.99,9.64,25.41,49.98,0,0,1,0,0
2026-01-01T02:07:26Z,leak,LEAK,8567.4,39.99,91.41,-18.31,24.05,9.76,25.35,49.97,0,0,1,0,0
2026-01-01T02:07:27Z,leak,LEAK,8577.7,40.25,90.65,-18.24,24.09,9.51,25.39,50.05,0,0,1,0,0
2026-01-01T02:07:28Z,leak,LEAK,8579.2,39.91,90.81,-18.43,24.01,9.56,25.41,49.95,0,0,1,0,0
2026-01-01T02:07:29Z,leak,LEAK,8571.3,39.86,91.05,-17.48,24.02,9.67,25.36,50.01,0,0,1,0,0
2026-01-01T02:07:30Z,leak,LEAK,8585.9,40.17,91.02,-17.06,24.02,9.62,25.44,50.01,0,0,1,0,0
2026-01-01T02:07:31Z,leak,LEAK,8571.5,39.68,91.17,-18.18,24.07,9.61,25.22,49.98,0,0,1,0,0
2026-01-01T02:07:32Z,leak,LEAK,8582.2,39.97,91.17,-18.63,24.03,9.65,25.3,49.94,0,0,1,0,0
2026-01-01T02:07:33Z,leak,LEAK,8586.8,39.65,89.82,-17.39,24.04,9.59,25.52,50.03,0,0,1,0,0
2026-01-01T02:07:34Z,leak,LEAK,8580.7,39.86,90.99,-18.08,23.98,9.63,25.32,49.97,0,0,1,0,0
2026-01-01T02:07:35Z,leak,LEAK,8599.8,40.11,90.44,-17.89,24.18,9.63,25.41,49.98,0,0,1,0,0
2026-01-01T02:07:36Z,leak,LEAK,8580.8,39.64,91.49,-18.82,24.15,9.62,25.59,50.06,0,0,1,0,0
2026-01-01T02:07:37Z,leak,LEAK,8586.5,39.82,91.01,-18.21,24.06,9.7,25.49,49.89,0,0,1,0,0
2026-01-01T02:07:38Z,leak,LEAK,8599.6,40.09,90.17,-17.45,24.01,9.63,25.33,50.01,0,0,1,0,0
2026-01-01T02:07:39Z,leak,LEAK,8576.4,40.1,90.62,-16.79,23.79,9.61,25.49,50.01,0,0,1,0,0
2026-01-01T02:07:40Z,leak,LEAK,8588.5,40.1,91.25,-17.66,23.83,9.56,25.55,50.04,0,0,1,0,0
2026-01-01T02:07:41Z,leak,LEAK,8589.7,39.93,90.32,-18.26,24.02,9.52,25.46,49.96,0,0,1,0,0
2026-01-01T02:07:42Z,leak,LEAK,8575.0,39.79,89.91,-17.79,24.16,9.56,25.42,50.1,0,0,1,0,0
2026-01-01T02:07:43Z,leak,LEAK,8580.1,39.82,91.21,-17.89,24.01,9.66,25.47,49.92,0,0,1,0,0
2026-01-01T02:07:44Z,leak,LEAK,8589.3,40.0,91.05,-18.91,24.13,9.43,25.4,49.99,0,0,1,0,0
2026-01-01T02:07:45Z,leak,LEAK,8571.6,40.21,90.23,-17.33,24.16,9.36,25.64,49.97,0,0,1,0,0
2026-01-01T02:07:46Z,leak,LEAK,8582.9,39.97,90.71,-18.07,23.92,9.68,25.75,50.07,0,0,1,0,0
2026-01-01T02:07:47Z,leak,LEAK,8581.9,40.08,89.25,-17.71,23.95,9.62,25.54,49.99,0,0,1,0,0
2026-01-01T02:07:48Z,leak,LEAK,8601.8,39.75,91.04,-17.92,24.08,9.75,25.52,50.06,0,0,1,0,0
2026-01-01T02:07:49Z,leak,LEAK,8607.2,39.85,90.99,-17.5,24.07,9.69,25.44,50.08,0,0,1,0,0
2026-01-01T02:07:50Z,leak,LEAK,8591.2,40.01,90.74,-19.14,23.93,9.5,25.7,49.93,0,0,1,0,0
2026-01-01T02:07:51Z,leak,LEAK,8593.2,40.0,91.14,-18.39,23.99,9.71,25.47,50.08,0,0,1,0,0
2026-01-01T02:07:52Z,leak,LEAK,8590.3,40.23,90.89,-16.86,24.01,9.73,25.51,50.08,0,0,1,0,0
2026-01-01T02:07:53Z,leak,LEAK,8599.2,40.18,90.66,-17.82,24.04,9.57,25.67,49.99,0,0,1,0,0
2026-01-01T02:07:54Z,leak,LEAK,8592.9,39.86,91.23,-18.25,23.97,9.75,25.49,49.97,0,0,1,0,0
2026-01-01T02:07:55Z,leak,LEAK,8614.4,40.21,91.5,-18.38,24.08,9.49,25.45,50.01,0,0,1,0,0
2026-01-01T02:07:56Z,leak,LEAK,8593.3,39.92,90.5,-17.49,24.14,9.57,25.7,50.06,0,0,1,0,0
2026-01-01T02:07:57Z,leak,LEAK,8599.5,40.01,91.27,-17.77,24.22,9.56,25.52,49.95,0,0,1,0,0
2026-01-01T02:07:58Z,leak,LEAK,8578.8,40.12,90.27,-18.19,24.03,9.46,25.39,49.99,0,0,1,0,0
2026-01-01T02:07:59Z,leak,LEAK,8605.9,40.34,91.14,-17.94,24.04,9.36,25.64,50.03,0,0,1,0,0
2026-01-01T02:08:00Z,leak,LEAK,8590.7,40.35,91.66,-17.77,24.15,9.41,25.58,49.99,0,0,1,0,0
2026-01-01T02:08:01Z,leak,LEAK,8604.5,40.0,90.78,-18.71,24.21,9.6,25.67,49.96,0,0,1,0,0
2026-01-01T02:08:02Z,leak,LEAK,8575.3,39.81,91.73,-18.55,23.99,9.44,25.68,49.95,0,0,1,0,0
2026-01-01T02:08:03Z,leak,LEAK,8597.0,39.78,90.38,-17.84,24.14,9.62,25.61,50.02,0,0,1,0,0
2026-01-01T02:08:04Z,leak,LEAK,8637.3,40.14,91.22,-18.46,23.9,9.38,25.25,50.0,0,0,1,0,0
2026-01-01T02:08:05Z,leak,LEAK,8601.7,40.22,90.44,-18.63,24.19,9.64,25.59,50.03,0,0,1,0,0
2026-01-01T02:08:06Z,leak,LEAK,8606.7,39.72,91.51,-17.56,23.91,9.77,25.53,49.99,0,0,1,0,0
2026-01-01T02:08:07Z,leak,LEAK,8590.5,40.05,90.41,-17.38,24.06,9.62,25.64,50.05,0,0,1,0,0
2026-01-01T02:08:08Z,leak,LEAK,8612.8,39.82,90.9,-17.62,23.8,9.61,25.72,49.98,0,0,1,0,0
2026-01-01T02:08:09Z,leak,LEAK,8600.4,40.22,90.65,-17.27,24.01,9.59,25.64,50.06,0,0,1,0,0
2026-01-01T02:08:10Z,leak,LEAK,8602.7,39.93,90.11,-18.22,24.02,9.61,25.62,49.91,0,0,1,0,0
2026-01-01T02:08:11Z,leak,LEAK,8605.3,40.11,91.75,-17.08,24.05,9.7,25.82,49.96,0,0,1,0,0
2026-01-01T02:08:12Z,leak,LEAK,8593.4,39.76,90.89,-18.57,23.98,9.56,25.67,49.95,0,0,1,0,0
2026-01-01T02:08:13Z,leak,LEAK,8574.5,39.65,91.08,-17.93,24.19,9.63,25.57,50.01,0,0,1,0,0
2026-01-01T02:08:14Z,leak,LEAK,8610.0,39.91,91.26,-18.68,23.88,9.53,25.81,50.08,0,0,1,0,0
2026-01-01T02:08:15Z,leak,LEAK,8602.4,40.27,91.08,-17.96,24.13,9.54,25.79,50.03,0,0,1,0,0
2026-01-01T02:08:16Z,leak,LEAK,8609.7,40.63,90.76,-17.51,24.03,9.58,25.64,49.93,0,0,1,0,0
2026-01-01T02:08:17Z,leak,LEAK,8585.7,40.17,90.52,-17.95,23.88,9.59,25.58,49.99,0,0,1,0,0
2026-01-01T02:08:18Z,leak,LEAK,8601.4,39.86,90.56,-17.89,24.04,9.61,25.69,49.98,0,0,1,0,0
2026-01-01T02:08:19Z,leak,LEAK,8608.0,39.95,91.55,-17.81,23.87,9.57,25.57,49.94,0,0,1,0,0
2026-01-01T02:08:20Z,leak,LEAK,8587.1,40.03,91.58,-18.91,24.0,9.63,25.65,49.99,0,0,1,0,0
2026-01-01T02:08:21Z,leak,LEAK,8606.7,39.93,91.09,-17.83,24.09,9.52,25.65,49.91,0,0,1,0,0
2026-01-01T02:08:22Z,leak,LEAK,8578.4,39.72,91.56,-17.81,24.07,9.65,25.58,50.03,0,0,1,0,0
2026-01-01T02:08:23Z,leak,LEAK,8599.7,40.23,91.37,-18.0,24.0,9.56,25.63,50.03,0,0,1,0,0
2026-01-01T02:08:24Z,leak,LEAK,8600.3,40.02,91.37,-18.08,23.99,9.5,25.8,49.98,0,0,1,0,0
2026-01-01T02:08:25Z,leak,LEAK,8604.7,40.0,91.94,-18.2,23.9,9.54,25.7,50.01,0,0,1,0,0
2026-01-01T02:08:26Z,leak,LEAK,8597.8,40.45,90.01,-17.32,24.01,9.53,25.8,49.95,0,0,1,0,0
2026-01-01T02:08:27Z,leak,LEAK,8593.5,39.85,91.24,-17.87,23.97,9.48,25.69,50.02,0,0,1,0,0
2026-01-01T02:08:28Z,leak,LEAK,8606.8,40.42,91.77,-18.43,24.19,9.75,25.78,49.96,0,0,1,0,0
2026-01-01T02:08:29Z,leak,LEAK,8604.2,40.2,90.87,-18.47,23.99,9.7,25.84,49.96,0,0,1,0,0
2026-01-01T02:08:30Z,leak,LEAK,8605.5,39.85,91.05,-17.59,23.88,9.46,25.65,49.97,0,0,1,0,0
2026-01-01T02:08:31Z,leak,LEAK,8601.8,40.21,90.57,-18.27,23.92,9.64,25.75,50.0,0,0,1,0,0
2026-01-01T02:08:32Z,leak,LEAK,8606.3,39.72,90.86,-17.4,24.06,9.51,25.82,49.99,0,0,1,0,0
2026-01-01T02:08:33Z,leak,LEAK,8588.1,40.3,91.76,-18.59,24.1,9.71,26.06,49.96,0,0,1,0,0
2026-01-01T02:08:34Z,leak,LEAK,8594.5,39.74,91.07,-16.58,23.93,9.59,25.67,49.96,0,0,1,0,0
2026-01-01T02:08:35Z,leak,LEAK,8615.9,40.1,90.39,-18.01,23.85,9.67,25.82,50.01,0,0,1,0,0
2026-01-01T02:08:36Z,leak,LEAK,8600.6,39.92,91.23,-18.09,24.02,9.59,25.77,49.97,0,0,1,0,0
2026-01-01T02:08:37Z,leak,LEAK,8588.8,40.13,91.31,-18.32,23.89,9.51,25.75,50.0,0,0,1,0,0
2026-01-01T02:08:38Z,leak,LEAK,8590.8,40.02,90.74,-17.98,23.97,9.71,25.95,49.98,0,0,1,0,0
2026-01-01T02:08:39Z,leak,LEAK,8589.1,40.35,90.94,-17.16,23.93,9.63,25.89,50.05,0,0,1,0,0
2026-01-01T02:08:40Z,leak,LEAK,8592.2,40.09,91.32,-18.15,23.89,9.57,25.87,50.01,0,0,1,0,0
2026-01-01T02:08:41Z,leak,LEAK,8611.7,39.97,91.27,-18.34,23.95,9.73,25.72,49.98,0,0,1,0,0
2026-01-01T02:08:42Z,leak,LEAK,8602.6,40.37,91.03,-17.86,24.06,9.6,25.75,49.89,0,0,1,0,0
2026-01-01T02:08:43Z,leak,LEAK,8621.3,39.91,90.98,-18.39,24.24,9.57,25.87,50.01,0,0,1,0,0
2026-01-01T02:08:44Z,leak,LEAK,8600.8,40.51,90.94,-17.9,24.17,9.65,25.89,50.03,0,0,1,0,0
2026-01-01T02:08:45Z,leak,LEAK,8587.8,39.82,90.72,-18.38,23.91,9.61,25.97,50.05,0,0,1,0,0
2026-01-01T02:08:46Z,leak,LEAK,8591.1,39.94,91.5,-17.66,24.14,9.58,25.99,50.02,0,0,1,0,0
2026-01-01T02:08:47Z,leak,LEAK,8595.8,40.09,91.1,-18.84,23.98,9.66,25.81,50.02,0,0,1,0,0
2026-01-01T02:08:48Z,leak,LEAK,8611.9,39.82,91.6,-17.75,24.07,9.6,25.87,50.05,0,0,1,0,0
2026-01-01T02:08:49Z,leak,LEAK,8593.8,39.8,91.04,-18.68,23.92,9.58,25.89,50.02,0,0,1,0,0
2026-01-01T02:08:50Z,leak,LEAK,8597.3,39.8,90.99,-18.0,23.98,9.54,25.87,49.99,0,0,1,0,0
2026-01-01T02:08:51Z,leak,LEAK,8603.4,40.14,90.69,-17.75,23.94,9.68,25.7,49.91,0,0,1,0,0
2026-01-01T02:08:52Z,leak,LEAK,8610.0,39.98,91.05,-18.57,24.18,9.57,26.17,50.05,0,0,1,0,0
2026-01-01T02:08:53Z,leak,LEAK,8604.5,40.08,91.69,-17.9,24.01,9.71,25.95,50.01,0,0,1,0,0
2026-01-01T02:08:54Z,leak,LEAK,8618.6,39.87,91.98,-17.86,23.99,9.53,26.04,49.98,0,0,1,0,0
2026-01-01T02:08:55Z,leak,LEAK,8591.0,39.94,90.1,-18.23,24.03,9.64,25.97,50.03,0,0,1,0,0
2026-01-01T02:08:56Z,leak,LEAK,8587.4,39.71,91.58,-17.69,23.79,9.61,25.94,49.98,0,0,1,0,0
2026-01-01T02:08:57Z,leak,LEAK,8587.7,40.0,91.21,-17.76,24.12,9.52,26.0,50.12,0,0,1,0,0
2026-01-01T02:08:58Z,leak,LEAK,8589.2,39.83,91.7,-18.19,24.02,9.69,26.07,49.99,0,0,1,0,0
2026-01-01T02:08:59Z,leak,LEAK,8593.3,40.11,91.15,-18.28,24.14,9.76,25.92,50.06,0,0,1,0,0
2026-01-01T02:09:00Z,leak,LEAK,8586.3,40.0,91.03,-17.57,24.01,9.74,26.16,50.03,0,0,1,0,0
2026-01-01T02:09:01Z,leak,LEAK,8590.8,39.87,91.49,-17.45,23.98,9.64,25.83,49.91,0,0,1,0,0
2026-01-01T02:09:02Z,leak,LEAK,8604.3,39.9,90.88,-17.63,24.15,9.5,25.99,50.07,0,0,1,0,0
2026-01-01T02:09:03Z,leak,LEAK,8598.9,39.66,90.74,-18.76,23.96,9.6,25.97,49.92,0,0,1,0,0
2026-01-01T02:09:04Z,leak,LEAK,8600.0,39.94,91.63,-18.39,23.97,9.78,26.03,50.05,0,0,1,0,0
2026-01-01T02:09:05Z,leak,LEAK,8594.7,40.36,90.71,-17.99,23.88,9.59,26.08,50.07,0,0,1,0,0
2026-01-01T02:09:06Z,leak,LEAK,8593.8,40.23,90.95,-17.37,24.08,9.43,25.88,49.96,0,0,1,0,0
2026-01-01T02:09:07Z,leak,LEAK,8582.3,40.12,90.86,-17.85,24.09,9.57,26.01,49.93,0,0,1,0,0
2026-01-01T02:09:08Z,leak,LEAK,8587.4,40.32,92.04,-16.72,24.09,9.54,26.01,50.03,0,0,1,0,0
2026-01-01T02:09:09Z,leak,LEAK,8584.9,39.95,91.15,-16.65,24.0,9.67,25.91,50.0,0,0,1,0,0
2026-01-01T02:09:10Z,leak,LEAK,8600.9,39.99,90.36,-18.69,24.02,9.72,26.23,50.07,0,0,1,0,0
2026-01-01T02:09:11Z,leak,LEAK,8596.8,40.41,91.84,-17.32,23.95,9.64,26.15,50.09,0,0,1,0,0
2026-01-01T02:09:12Z,leak,LEAK,8588.8,40.47,90.74,-18.65,23.91,9.63,25.94,50.02,0,0,1,0,0
2026-01-01T02:09:13Z,leak,LEAK,8604.4,40.25,91.55,-17.61,24.11,9.66,26.18,49.95,0,0,1,0,0
2026-01-01T02:09:14Z,leak,LEAK,8589.6,40.19,91.32,-17.39,24.03,9.51,26.1,50.03,0,0,1,0,0
2026-01-01T02:09:15Z,leak,LEAK,8583.1,39.97,91.09,-18.77,24.0,9.68,26.1,50.02,0,0,1,0,0
2026-01-01T02:09:16Z,leak,LEAK,8592.5,40.28,91.69,-17.89,23.97,9.56,26.25,50.06,0,0,1,0,0
2026-01-01T02:09:17Z,leak,LEAK,8589.3,40.37,91.93,-18.01,23.88,9.47,26.23,50.02,0,0,1,0,0
2026-01-01T02:09:18Z,leak,LEAK,8572.7,39.93,91.39,-18.46,24.0,9.5,26.08,50.08,0,0,1,0,0
2026-01-01T02:09:19Z,leak,LEAK,8599.7,40.03,90.6,-17.79,24.1,9.58,26.08,50.07,0,0,1,0,0
2026-01-01T02:09:20Z,leak,LEAK,8570.2,39.75,90.74,-17.51,24.12,9.56,25.95,49.94,0,0,1,0,0
2026-01-01T02:09:21Z,leak,LEAK,8562.0,39.77,91.02,-17.95,23.91,9.52,26.01,49.98,0,0,1,0,0
2026-01-01T02:09:22Z,leak,LEAK,8589.9,39.86,91.08,-18.34,24.09,9.56,26.19,50.06,0,0,1,0,0
2026-01-01T02:09:23Z,leak,LEAK,8568.5,39.76,90.92,-18.33,23.98,9.55,26.07,49.98,0,0,1,0,0
2026-01-01T02:09:24Z,leak,LEAK,8584.3,40.47,91.43,-17.96,23.97,9.66,26.15,50.06,0,0,1,0,0
2026-01-01T02:09:25Z,leak,LEAK,8603.7,39.87,91.11,-18.04,24.1,9.67,25.94,50.07,0,0,1,0,0
2026-01-01T02:09:26Z,leak,LEAK,8584.7,39.44,90.06,-16.63,23.86,9.72,26.13,49.91,0,0,1,0,0
2026-01-01T02:09:27Z,leak,LEAK,8597.4,39.84,90.69,-18.17,23.88,9.48,26.23,49.97,0,0,1,0,0
2026-01-01T02:09:28Z,leak,LEAK,8571.1,39.92,91.51,-17.93,24.11,9.6,26.13,50.03,0,0,1,0,0
2026-01-01T02:09:29Z,leak,LEAK,8581.9,40.01,90.05,-18.15,23.81,9.56,26.0,49.91,0,0,1,0,0
2026-01-01T02:09:30Z,leak,LEAK,8593.2,40.15,90.83,-17.45,24.15,9.74,26.22,50.01,0,0,1,0,0
2026-01-01T02:09:31Z,leak,LEAK,8567.8,39.91,90.7,-18.3,24.01,9.46,26.33,50.01,0,0,1,0,0
2026-01-01T02:09:32Z,leak,LEAK,8578.0,39.88,91.54,-18.64,24.01,9.7,25.98,50.04,0,0,1,0,0
2026-01-01T02:09:33Z,leak,LEAK,8604.1,40.07,91.11,-18.16,24.13,9.59,26.09,49.98,0,0,1,0,0
2026-01-01T02:09:34Z,leak,LEAK,8573.6,39.99,91.4,-18.76,24.04,9.63,26.11,50.02,0,0,1,0,0
2026-01-01T02:09:35Z,leak,LEAK,8599.8,39.73,91.27,-18.54,24.03,9.52,26.13,50.0,0,0,1,0,0
2026-01-01T02:09:36Z,leak,LEAK,8589.3,39.89,90.65,-18.63,23.89,9.38,26.21,49.96,0,0,1,0,0
2026-01-01T02:09:37Z,leak,LEAK,8587.9,39.84,90.93,-16.67,24.24,9.68,26.14,50.02,0,0,1,0,0
2026-01-01T02:09:38Z,leak,LEAK,8572.2,39.65,90.74,-18.39,24.05,9.65,26.08,50.08,0,0,1,0,0
2026-01-01T02:09:39Z,leak,LEAK,8576.2,40.07,91.28,-18.37,23.95,9.47,26.11,50.05,0,0,1,0,0
2026-01-01T02:09:40Z,leak,LEAK,8569.3,40.08,90.87,-17.74,24.04,9.38,26.08,50.05,0,0,1,0,0
2026-01-01T02:09:41Z,leak,LEAK,8571.5,40.17,91.11,-18.26,24.02,9.72,26.34,49.96,0,0,1,0,0
2026-01-01T02:09:42Z,leak,LEAK,8567.9,39.86,89.97,-18.48,24.01,9.6,26.29,50.0,0,0,1,0,0
2026-01-01T02:09:43Z,leak,LEAK,8560.3,40.09,91.64,-18.29,23.98,9.53,26.31,50.01,0,0,1,0,0
2026-01-01T02:09:44Z,leak,LEAK,8565.1,40.02,91.14,-18.28,23.95,9.66,26.2,50.03,0,0,1,0,0
2026-01-01T02:09:45Z,leak,LEAK,8583.7,40.25,91.08,-17.79,23.87,9.59,26.25,50.02,0,0,1,0,0
2026-01-01T02:09:46Z,leak,LEAK,8564.6,40.19,90.49,-18.04,23.89,9.39,26.24,50.15,0,0,1,0,0
2026-01-01T02:09:47Z,leak,LEAK,8584.0,39.67,90.51,-17.55,24.06,9.88,26.25,50.02,0,0,1,0,0
2026-01-01T02:09:48Z,leak,LEAK,8577.7,39.61,91.13,-17.62,24.05,9.62,26.06,49.91,0,0,1,0,0
2026-01-01T02:09:49Z,leak,LEAK,8580.5,40.33,90.17,-17.3,24.04,9.44,26.21,50.0,0,0,1,0,0
2026-01-01T02:09:50Z,leak,LEAK,8566.8,39.9,90.46,-18.36,24.05,9.65,26.21,50.02,0,0,1,0,0
2026-01-01T02:09:51Z,leak,LEAK,8558.5,39.96,90.06,-18.63,24.19,9.51,26.19,49.94,0,0,1,0,0
2026-01-01T02:09:52Z,leak,LEAK,8564.9,40.09,90.44,-18.24,23.89,9.65,26.24,49.97,0,0,1,0,0
2026-01-01T02:09:53Z,leak,LEAK,8571.3,39.74,90.68,-18.56,24.0,9.51,26.21,49.98,0,0,1,0,0
2026-01-01T02:09:54Z,leak,LEAK,8568.2,39.81,91.49,-18.23,23.95,9.62,26.07,50.0,0,0,1,0,0
2026-01-01T02:09:55Z,leak,LEAK,8553.5,39.59,91.17,-18.04,23.96,9.5,26.1,50.04,0,0,1,0,0
2026-01-01T02:09:56Z,leak,LEAK,8541.1,39.83,90.22,-17.44,23.98,9.58,26.2,49.99,0,0,1,0,0
2026-01-01T02:09:57Z,leak,LEAK,8567.0,39.82,90.51,-17.34,24.01,9.28,26.18,49.99,0,0,1,0,0
2026-01-01T02:09:58Z,leak,LEAK,8558.0,40.17,90.4,-17.71,24.06,9.46,26.3,50.0,0,0,1,0,0
2026-01-01T02:09:59Z,leak,LEAK,8568.4,40.15,90.41,-17.75,24.18,9.51,26.44,49.98,0,0,1,0,0
2026-01-01T02:10:00Z,leak,LEAK,8551.4,39.98,90.96,-17.72,24.02,9.58,26.24,50.08,0,0,1,0,0
2026-01-01T02:10:01Z,leak,LEAK,8560.7,40.4,91.08,-17.39,23.82,9.39,26.35,49.91,0,0,1,0,0
2026-01-01T02:10:02Z,leak,LEAK,8568.8,40.27,90.07,-17.82,24.14,9.48,26.44,50.02,0,0,1,0,0
2026-01-01T02:10:03Z,leak,LEAK,8558.8,40.02,90.72,-17.85,24.03,9.49,26.38,49.93,0,0,1,0,0
2026-01-01T02:10:04Z,leak,LEAK,8551.9,39.92,91.06,-17.75,24.03,9.67,26.26,50.0,0,0,1,0,0
2026-01-01T02:10:05Z,leak,LEAK,8546.3,39.92,90.04,-17.02,23.95,9.63,26.34,50.02,0,0,1,0,0
2026-01-01T02:10:06Z,leak,LEAK,8550.8,40.05,90.24,-18.09,24.0,9.57,26.15,50.07,0,0,1,0,0
2026-01-01T02:10:07Z,leak,LEAK,8541.3,40.21,89.99,-17.71,24.07,9.35,26.18,49.88,0,0,1,0,0
2026-01-01T02:10:08Z,leak,LEAK,8550.0,39.83,90.46,-17.87,24.09,9.6,26.47,49.92,0,0,1,0,0
2026-01-01T02:10:09Z,leak,LEAK,8557.4,39.81,90.49,-17.13,24.08,9.63,26.28,50.03,0,0,1,0,0
2026-01-01T02:10:10Z,leak,LEAK,8527.6,40.15,90.61,-18.58,24.02,9.61,26.25,49.98,0,0,1,0,0
2026-01-01T02:10:11Z,leak,LEAK,8552.3,39.96,90.38,-18.26,23.94,9.7,26.34,50.03,0,0,1,0,0
2026-01-01T02:10:12Z,leak,LEAK,8551.8,39.92,90.74,-17.58,23.96,9.74,26.42,50.11,0,0,1,0,0
2026-01-01T02:10:13Z,leak,LEAK,8548.4,40.06,90.54,-17.97,23.9,9.6,26.47,50.07,0,0,1,0,0
2026-01-01T02:10:14Z,leak,LEAK,8545.1,39.96,90.58,-17.63,23.85,9.71,26.39,50.01,0,0,1,0,0
2026-01-01T02:10:15Z,leak,LEAK,8553.2,39.75,90.06,-17.78,23.94,9.55,26.27,50.04,0,0,1,0,0
2026-01-01T02:10:16Z,leak,LEAK,8553.7,40.05,90.6,-18.82,23.93,9.56,26.63,49.98,0,0,1,0,0
2026-01-01T02:10:17Z,leak,LEAK,8542.4,40.31,91.21,-17.7,24.12,9.67,26.41,50.06,0,0,1,0,0
2026-01-01T02:10:18Z,leak,LEAK,8533.3,39.84,90.96,-17.4,24.06,9.67,26.46,49.97,0,0,1,0,0
2026-01-01T02:10:19Z,leak,LEAK,8536.5,40.33,90.25,-18.27,23.92,9.72,26.44,49.95,0,0,1,0,0
2026-01-01T02:10:20Z,leak,LEAK,8544.1,39.98,90.25,-17.76,24.0,9.62,26.28,49.94,0,0,1,0,0
2026-01-01T02:10:21Z,leak,LEAK,8520.5,40.37,91.06,-18.34,24.16,9.76,26.43,49.97,0,0,1,0,0
2026-01-01T02:10:22Z,leak,LEAK,8542.3,40.17,90.68,-18.59,23.99,9.67,26.46,50.08,0,0,1,0,0
2026-01-01T02:10:23Z,leak,LEAK,8538.3,40.16,90.07,-17.58,23.89,9.67,26.36,50.11,0,0,1,0,0
2026-01-01T02:10:24Z,leak,LEAK,8543.0,39.6,90.15,-18.39,24.21,9.78,26.32,49.97,0,0,1,0,0
2026-01-01T02:10:25Z,leak,LEAK,8522.7,40.06,91.05,-17.93,24.04,9.53,26.52,50.04,0,0,1,0,0
2026-01-01T02:10:26Z,leak,LEAK,8556.7,39.63,90.55,-17.98,23.99,9.48,26.46,50.0,0,0,1,0,0
2026-01-01T02:10:27Z,leak,LEAK,8531.7,40.03,91.21,-17.85,23.94,9.59,26.54,50.09,0,0,1,0,0
2026-01-01T02:10:28Z,leak,LEAK,8520.7,39.84,90.97,-17.77,24.12,9.59,26.27,49.94,0,0,1,0,0
2026-01-01T02:10:29Z,leak,LEAK,8550.2,40.07,91.18,-17.91,24.19,9.62,26.35,49.93,0,0,1,0,0
2026-01-01T02:10:30Z,leak,LEAK,8516.0,39.69,90.44,-18.52,24.03,9.5,26.33,49.94,0,0,1,0,0
2026-01-01T02:10:31Z,leak,LEAK,8529.2,40.03,90.0,-17.71,24.07,9.68,26.5,50.04,0,0,1,0,0
2026-01-01T02:10:32Z,leak,LEAK,8527.2,39.96,90.51,-18.15,24.05,9.41,26.29,50.0,0,0,1,0,0
2026-01-01T02:10:33Z,leak,LEAK,8539.3,40.39,90.61,-18.89,23.97,9.82,26.52,49.9,0,0,1,0,0
2026-01-01T02:10:34Z,leak,LEAK,8522.3,39.8,89.96,-17.62,23.97,9.64,26.33,50.03,0,0,1,0,0
2026-01-01T02:10:35Z,leak,LEAK,8510.7,39.73,89.68,-18.18,23.99,9.7,26.57,49.96,0,0,1,0,0
2026-01-01T02:10:36Z,leak,LEAK,8544.4,39.91,90.35,-18.72,24.1,9.55,26.5,49.94,0,0,1,0,0
2026-01-01T02:10:37Z,leak,LEAK,8518.1,40.05,90.55,-17.85,24.01,9.63,26.57,49.99,0,0,1,0,0
2026-01-01T02:10:38Z,leak,LEAK,8535.5,39.91,91.97,-17.27,24.14,9.56,26.45,49.97,0,0,1,0,0
2026-01-01T02:10:39Z,leak,LEAK,8511.9,39.75,90.55,-17.16,24.08,9.6,26.46,50.01,0,0,1,0,0
2026-01-01T02:10:40Z,leak,LEAK,8506.7,39.98,90.57,-17.62,24.04,9.57,26.61,49.98,0,0,1,0,0
2026-01-01T02:10:41Z,leak,LEAK,8512.9,39.95,91.08,-17.15,24.05,9.84,26.45,50.03,0,0,1,0,0
2026-01-01T02:10:42Z,leak,LEAK,8521.3,40.08,90.61,-18.31,24.05,9.48,26.32,50.02,0,0,1,0,0
2026-01-01T02:10:43Z,leak,LEAK,8523.2,39.86,89.8,-18.49,23.89,9.55,26.33,50.0,0,0,1,0,0
2026-01-01T02:10:44Z,leak,LEAK,8521.2,40.35,90.21,-18.3,23.98,9.62,26.55,49.94,0,0,1,0,0
2026-01-01T02:10:45Z,leak,LEAK,8523.8,39.88,90.29,-18.3,23.91,9.59,26.35,49.91,0,0,1,0,0
2026-01-01T02:10:46Z,leak,LEAK,8524.2,39.74,89.7,-18.24,23.93,9.39,26.49,50.02,0,0,1,0,0
2026-01-01T02:10:47Z,leak,LEAK,8503.8,40.1,91.38,-17.38,23.9,9.58,26.48,50.05,0,0,1,0,0
2026-01-01T02:10:48Z,leak,LEAK,8515.9,40.0,90.72,-17.18,24.1,9.68,26.3,50.01,0,0,1,0,0
2026-01-01T02:10:49Z,leak,LEAK,8497.3,40.19,90.22,-18.63,24.08,9.7,26.52,49.98,0,0,1,0,0
2026-01-01T02:10:50Z,leak,LEAK,8517.5,40.08,90.13,-18.01,24.02,9.48,26.71,50.02,0,0,1,0,0
2026-01-01T02:10:51Z,leak,LEAK,8512.2,40.12,89.31,-18.11,23.91,9.62,26.42,49.94,0,0,1,0,0
2026-01-01T02:10:52Z,leak,LEAK,8505.4,40.03,89.27,-18.02,23.99,9.59,26.33,50.05,0,0,1,0,0
2026-01-01T02:10:53Z,leak,LEAK,8500.7,39.77,89.27,-17.53,24.03,9.87,26.55,49.99,0,0,1,0,0
2026-01-01T02:10:54Z,leak,LEAK,8517.8,40.25,89.67,-17.98,23.83,9.65,26.46,50.01,0,0,1,0,0
2026-01-01T02:10:55Z,leak,LEAK,8498.0,39.83,89.68,-17.11,23.93,9.46,26.46,49.96,0,0,1,0,0
2026-01-01T02:10:56Z,leak,LEAK,8513.3,39.79,89.96,-18.13,23.97,9.76,26.63,50.09,0,0,1,0,0
2026-01-01T02:10:57Z,leak,LEAK,8492.8,39.99,89.82,-18.15,24.19,9.52,26.5,49.96,0,0,1,0,0
2026-01-01T02:10:58Z,leak,LEAK,8518.2,40.34,90.05,-17.11,23.89,9.56,26.47,49.96,0,0,1,0,0
2026-01-01T02:10:59Z,leak,LEAK,8499.6,40.05,89.59,-18.12,24.0,9.56,26.68,50.01,0,0,1,0,0
2026-01-01T02:11:00Z,leak,LEAK,8520.8,40.14,89.59,-17.92,24.09,9.54,26.49,50.07,0,0,1,0,0
2026-01-01T02:11:01Z,leak,LEAK,8508.8,39.6,88.99,-18.91,23.97,9.65,26.63,50.01,0,0,1,0,0
2026-01-01T02:11:02Z,leak,LEAK,8493.8,39.79,90.18,-18.18,23.91,9.68,26.47,49.91,0,0,1,0,0
2026-01-01T02:11:03Z,leak,LEAK,8522.2,39.84,89.89,-18.3,23.82,9.63,26.66,50.08,0,0,1,0,0
2026-01-01T02:11:04Z,leak,LEAK,8499.7,39.95,90.51,-18.16,23.98,9.55,26.59,49.92,0,0,1,0,0
2026-01-01T02:11:05Z,leak,LEAK,8518.5,40.21,90.74,-17.87,23.95,9.56,26.65,49.95,0,0,1,0,0
2026-01-01T02:11:06Z,leak,LEAK,8515.2,39.96,88.83,-18.18,24.13,9.68,26.63,50.02,0,0,1,0,0
2026-01-01T02:11:07Z,leak,LEAK,8490.4,40.21,89.09,-17.72,24.18,9.71,26.61,50.01,0,0,1,0,0
2026-01-01T02:11:08Z,leak,LEAK,8488.7,39.71,90.4,-18.55,23.86,9.59,26.41,49.93,0,0,1,0,0
2026-01-01T02:11:09Z,leak,LEAK,8496.2,40.29,89.84,-17.6,23.98,9.7,26.71,49.97,0,0,1,0,0
2026-01-01T02:11:10Z,leak,LEAK,8479.0,40.25,90.64,-18.5,24.06,9.62,26.5,50.02,0,0,1,0,0
2026-01-01T02:11:11Z,leak,LEAK,8472.3,40.09,90.46,-18.08,24.17,9.52,26.51,49.99,0,0,1,0,0
2026-01-01T02:11:12Z,leak,LEAK,8484.6,39.65,89.7,-19.15,24.03,9.49,26.65,49.97,0,0,1,0,0
2026-01-01T02:11:13Z,leak,LEAK,8491.6,39.76,89.64,-17.78,24.04,9.53,26.59,50.09,0,0,1,0,0
2026-01-01T02:11:14Z,leak,LEAK,8483.2,40.15,89.77,-17.71,24.03,9.61,26.68,50.04,0,0,1,0,0
2026-01-01T02:11:15Z,leak,LEAK,8476.5,40.11,89.85,-18.41,24.1,9.56,26.58,50.01,0,0,1,0,0
2026-01-01T02:11:16Z,leak,LEAK,8461.7,39.92,90.17,-17.57,24.03,9.63,26.56,50.02,0,0,1,0,0
2026-01-01T02:11:17Z,leak,LEAK,8477.0,39.85,89.95,-17.45,24.15,9.61,26.6,49.96,0,0,1,0,0
2026-01-01T02:11:18Z,leak,LEAK,8473.9,39.71,89.07,-17.5,23.97,9.73,26.71,50.08,0,0,1,0,0
2026-01-01T02:11:19Z,leak,LEAK,8478.3,40.14,90.1,-19.0,24.07,9.77,26.66,49.98,0,0,1,0,0
2026-01-01T02:11:20Z,leak,LEAK,8502.4,40.07,90.43,-16.73,23.98,9.38,26.62,49.97,0,0,1,0,0
2026-01-01T02:11:21Z,leak,LEAK,8494.3,39.78,89.77,-17.32,24.13,9.7,26.62,50.01,0,0,1,0,0
2026-01-01T02:11:22Z,leak,LEAK,8499.4,40.11,89.59,-18.57,24.11,9.7,26.58,49.94,0,0,1,0,0
2026-01-01T02:11:23Z,leak,LEAK,8492.2,40.1,90.41,-17.86,23.84,9.62,26.49,49.92,0,0,1,0,0
2026-01-01T02:11:24Z,leak,LEAK,8458.3,39.81,90.0,-17.6,23.97,9.63,26.8,50.0,0,0,1,0,0
2026-01-01T02:11:25Z,leak,LEAK,8492.7,39.75,89.14,-17.77,24.04,9.68,26.8,50.03,0,0,1,0,0
2026-01-01T02:11:26Z,leak,LEAK,8465.2,39.87,90.07,-18.77,23.89,9.47,26.6,50.01,0,0,1,0,0
2026-01-01T02:11:27Z,leak,LEAK,8484.0,39.96,90.31,-18.27,24.0,9.61,26.7,49.98,0,0,1,0,0
2026-01-01T02:11:28Z,leak,LEAK,8490.3,39.87,89.2,-17.94,24.12,9.66,26.64,49.98,0,0,1,0,0
2026-01-01T02:11:29Z,leak,LEAK,8472.5,39.97,89.99,-18.48,23.92,9.59,26.71,49.97,0,0,1,0,0
2026-01-01T02:11:30Z,leak,LEAK,8449.5,39.9,89.58,-17.3,24.06,9.57,26.79,49.99,0,0,1,0,0
2026-01-01T02:11:31Z,leak,LEAK,8471.6,39.87,90.66,-17.47,23.89,9.72,26.72,50.06,0,0,1,0,0
2026-01-01T02:11:32Z,leak,LEAK,8462.9,40.03,90.09,-19.07,23.97,9.67,26.73,50.11,0,0,1,0,0
2026-01-01T02:11:33Z,leak,LEAK,8483.3,40.21,89.96,-18.08,23.94,9.63,26.88,49.9,0,0,1,0,0
2026-01-01T02:11:34Z,leak,LEAK,8467.4,39.72,90.18,-17.91,23.82,9.68,26.78,49.99,0,0,1,0,0
2026-01-01T02:11:35Z,leak,LEAK,8478.2,39.9,89.59,-17.46,23.96,9.77,26.85,49.96,0,0,1,0,0
2026-01-01T02:11:36Z,leak,LEAK,8467.9,39.9,89.06,-17.9,23.83,9.62,26.55,50.01,0,0,1,0,0
2026-01-01T02:11:37Z,leak,LEAK,8484.5,40.05,89.33,-18.15,23.98,9.54,26.65,50.01,0,0,1,0,0
2026-01-01T02:11:38Z,leak,LEAK,8452.0,40.34,88.95,-17.97,23.84,9.63,26.74,50.08,0,0,1,0,0
2026-01-01T02:11:39Z,leak,LEAK,8498.7,40.39,89.73,-17.87,24.19,9.67,26.64,50.02,0,0,1,0,0
2026-01-01T02:11:40Z,leak,LEAK,8467.1,40.1,89.16,-17.53,24.14,9.58,26.64,49.89,0,0,1,0,0
2026-01-01T02:11:41Z,leak,LEAK,8466.9,39.79,88.98,-18.7,24.05,9.43,26.73,50.06,0,0,1,0,0
2026-01-01T02:11:42Z,leak,LEAK,8472.0,39.99,89.95,-18.82,23.97,9.49,26.79,50.03,0,0,1,0,0
2026-01-01T02:11:43Z,leak,LEAK,8471.4,39.94,90.21,-18.1,24.06,9.63,26.68,50.02,0,0,1,0,0
2026-01-01T02:11:44Z,leak,LEAK,8458.9,40.21,89.18,-18.14,23.95,9.48,26.82,50.01,0,0,1,0,0
2026-01-01T02:11:45Z,leak,LEAK,8486.8,39.75,91.19,-18.96,24.03,9.63,26.71,49.97,0,0,1,0,0
2026-01-01T02:11:46Z,leak,LEAK,8460.4,39.9,89.26,-18.37,23.99,9.58,26.81,49.93,0,0,1,0,0
2026-01-01T02:11:47Z,leak,LEAK,8452.9,40.02,89.34,-17.85,24.0,9.73,26.84,50.08,0,0,1,0,0
2026-01-01T02:11:48Z,leak,LEAK,8463.8,40.18,89.44,-17.89,23.82,9.66,26.81,50.0,0,0,1,0,0
2026-01-01T02:11:49Z,leak,LEAK,8439.5,40.46,89.69,-17.94,24.13,9.7,26.62,50.0,0,0,1,0,0
2026-01-01T02:11:50Z,leak,LEAK,8454.9,40.03,89.52,-17.31,24.11,9.45,26.69,50.01,0,0,1,0,0
2026-01-01T02:11:51Z,leak,LEAK,8451.1,39.82,88.84,-19.02,24.0,9.55,26.99,49.96,0,0,1,0,0
2026-01-01T02:11:52Z,leak,LEAK,8435.2,40.02,89.87,-18.05,23.93,9.69,26.8,50.14,0,0,1,0,0
2026-01-01T02:11:53Z,leak,LEAK,8450.6,39.93,88.78,-17.96,23.91,9.55,26.58,50.04,0,0,1,0,0
2026-01-01T02:11:54Z,leak,LEAK,8456.1,40.15,90.28,-17.61,23.97,9.5,26.88,50.0,0,0,1,0,0
2026-01-01T02:11:55Z,leak,LEAK,8455.4,40.04,89.43,-18.55,23.94,9.73,26.67,50.05,0,0,1,0,0
2026-01-01T02:11:56Z,leak,LEAK,8454.2,39.7,90.07,-18.08,23.92,9.52,26.81,49.99,0,0,1,0,0
2026-01-01T02:11:57Z,leak,LEAK,8449.3,39.63,89.84,-18.01,23.91,9.45,26.73,50.0,0,0,1,0,0
2026-01-01T02:11:58Z,leak,LEAK,8447.5,40.11,89.75,-17.3,23.86,9.61,26.75,50.04,0,0,1,0,0
2026-01-01T02:11:59Z,leak,LEAK,8458.1,40.0,89.19,-19.02,23.86,9.7,26.65,50.0,0,0,1,0,0
2026-01-01T02:12:00Z,leak,LEAK,8430.5,40.04,89.32,-18.57,24.09,9.62,26.76,50.13,0,0,1,0,0
2026-01-01T02:12:01Z,leak,LEAK,8447.4,40.31,89.1,-17.71,24.03,9.44,26.62,49.94,0,0,1,0,0
2026-01-01T02:12:02Z,leak,LEAK,8449.9,40.13,90.54,-17.05,23.94,9.68,26.74,49.99,0,0,1,0,0
2026-01-01T02:12:03Z,leak,LEAK,8433.9,39.7,90.12,-17.94,24.1,9.64,26.7,50.06,0,0,1,0,0
2026-01-01T02:12:04Z,leak,LEAK,8442.5,39.7,90.17,-18.17,24.08,9.47,26.81,50.02,0,0,1,0,0
2026-01-01T02:12:05Z,leak,LEAK,8443.4,40.17,89.05,-17.3,23.95,9.55,26.93,49.98,0,0,1,0,0
2026-01-01T02:12:06Z,leak,LEAK,8447.2,40.01,88.47,-18.39,24.21,9.52,26.77,50.02,0,0,1,0,0
2026-01-01T02:12:07Z,leak,LEAK,8450.3,39.86,90.33,-18.28,23.76,9.44,26.76,49.94,0,0,1,0,0
2026-01-01T02:12:08Z,leak,LEAK,8441.6,39.95,89.96,-17.34,23.83,9.63,26.87,50.01,0,0,1,0,0
2026-01-01T02:12:09Z,leak,LEAK,8433.3,40.31,88.42,-17.38,24.1,9.68,26.7,50.0,0,0,1,0,0
2026-01-01T02:12:10Z,leak,LEAK,8449.1,40.24,89.03,-18.43,23.99,9.65,26.8,49.93,0,0,1,0,0
2026-01-01T02:12:11Z,leak,LEAK,8442.3,39.84,89.85,-18.34,23.9,9.61,26.76,50.05,0,0,1,0,0
2026-01-01T02:12:12Z,leak,LEAK,8436.9,40.35,89.58,-17.61,24.04,9.48,26.73,50.09,0,0,1,0,0
2026-01-01T02:12:13Z,leak,LEAK,8435.1,39.93,89.33,-17.68,23.89,9.72,27.13,50.09,0,0,1,0,0
2026-01-01T02:12:14Z,leak,LEAK,8430.6,39.63,90.07,-17.78,23.99,9.54,26.69,49.88,0,0,1,0,0
2026-01-01T02:12:15Z,leak,LEAK,8443.1,39.89,89.88,-18.49,23.95,9.63,26.82,50.04,0,0,1,0,0
2026-01-01T02:12:16Z,leak,LEAK,8430.2,39.68,90.05,-18.56,24.04,9.6,26.76,50.07,0,0,1,0,0
2026-01-01T02:12:17Z,leak,LEAK,8446.1,40.07,89.81,-18.16,23.97,9.37,26.75,50.03,0,0,1,0,0
2026-01-01T02:12:18Z,leak,LEAK,8421.0,39.81,90.44,-18.23,23.93,9.42,26.84,50.07,0,0,1,0,0
2026-01-01T02:12:19Z,leak,LEAK,8415.2,39.92,87.89,-17.81,24.03,9.65,26.71,50.0,0,0,1,0,0
2026-01-01T02:12:20Z,leak,LEAK,8438.2,40.01,89.14,-17.47,24.09,9.64,26.81,50.02,0,0,1,0,0
2026-01-01T02:12:21Z,leak,LEAK,8432.5,39.96,89.49,-17.96,24.05,9.57,26.8,49.92,0,0,1,0,0
2026-01-01T02:12:22Z,leak,LEAK,8427.3,39.83,89.11,-18.68,24.05,9.64,26.89,50.01,0,0,1,0,0
2026-01-01T02:12:23Z,leak,LEAK,8432.2,40.04,89.64,-17.29,24.1,9.74,26.75,49.98,0,0,1,0,0
2026-01-01T02:12:24Z,leak,LEAK,8434.5,39.96,90.25,-16.94,24.15,9.74,26.7,50.04,0,0,1,0,0
2026-01-01T02:12:25Z,leak,LEAK,8430.1,39.98,88.89,-18.17,23.86,9.69,26.84,49.9,0,0,1,0,0
2026-01-01T02:12:26Z,leak,LEAK,8426.5,39.98,89.65,-17.49,24.01,9.56,26.91,49.93,0,0,1,0,0
2026-01-01T02:12:27Z,leak,LEAK,8424.3,39.96,89.1,-17.78,23.97,9.63,26.89,49.96,0,0,1,0,0
2026-01-01T02:12:28Z,leak,LEAK,8429.5,39.69,88.16,-17.74,23.8,9.67,26.82,49.99,0,0,1,0,0
2026-01-01T02:12:29Z,leak,LEAK,8445.7,40.14,89.67,-17.54,23.92,9.61,26.62,50.05,0,0,1,0,0
2026-01-01T02:12:30Z,leak,LEAK,8448.0,40.07,88.68,-18.53,24.0,9.74,26.8,50.04,0,0,1,0,0
2026-01-01T02:12:31Z,leak,LEAK,8412.8,40.35,90.06,-18.16,24.18,9.55,26.84,49.95,0,0,1,0,0
2026-01-01T02:12:32Z,leak,LEAK,8442.7,39.98,88.33,-17.92,23.96,9.58,26.87,50.02,0,0,1,0,0
2026-01-01T02:12:33Z,leak,LEAK,8421.0,40.25,89.73,-18.17,23.94,9.6,26.82,50.04,0,0,1,0,0
2026-01-01T02:12:34Z,leak,LEAK,8405.2,39.91,89.99,-18.18,23.99,9.43,26.95,49.98,0,0,1,0,0
2026-01-01T02:12:35Z,leak,LEAK,8430.9,39.58,89.51,-18.36,24.04,9.49,26.9,49.96,0,0,1,0,0
2026-01-01T02:12:36Z,leak,LEAK,8430.1,40.24,88.95,-16.77,24.13,9.48,26.84,49.99,0,0,1,0,0
2026-01-01T02:12:37Z,leak,LEAK,8430.9,39.9,89.07,-18.51,23.97,9.47,26.74,50.04,0,0,1,0,0
2026-01-01T02:12:38Z,leak,LEAK,8419.4,40.32,89.06,-19.03,23.97,9.57,26.8,50.03,0,0,1,0,0
2026-01-01T02:12:39Z,leak,LEAK,8435.7,40.26,89.78,-17.97,23.86,9.46,26.84,49.98,0,0,1,0,0
2026-01-01T02:12:40Z,leak,LEAK,8418.6,40.02,88.59,-17.66,23.9,9.59,27.02,50.02,0,0,1,0,0
2026-01-01T02:12:41Z,leak,LEAK,8402.4,40.06,88.97,-17.93,23.86,9.76,26.62,50.11,0,0,1,0,0
2026-01-01T02:12:42Z,leak,LEAK,8422.5,40.28,88.75,-17.99,23.68,9.81,26.75,49.95,0,0,1,0,0
2026-01-01T02:12:43Z,leak,LEAK,8421.8,39.81,89.37,-18.67,23.9,9.3,26.86,49.93,0,0,1,0,0
2026-01-01T02:12:44Z,leak,LEAK,8427.4,40.22,89.27,-18.06,23.95,9.73,26.97,50.0,0,0,1,0,0
2026-01-01T02:12:45Z,leak,LEAK,8422.1,40.02,89.82,-17.31,24.09,9.46,26.98,50.06,0,0,1,0,0
2026-01-01T02:12:46Z,leak,LEAK,8414.3,39.93,89.95,-17.44,24.11,9.62,26.95,50.01,0,0,1,0,0
2026-01-01T02:12:47Z,leak,LEAK,8417.6,39.9,88.18,-17.39,23.88,9.67,26.75,50.04,0,0,1,0,0
2026-01-01T02:12:48Z,leak,LEAK,8423.2,39.9,90.32,-17.96,24.1,9.66,27.02,49.99,0,0,1,0,0
2026-01-01T02:12:49Z,leak,LEAK,8414.3,39.99,88.54,-18.88,23.92,9.53,26.92,50.04,0,0,1,0,0
2026-01-01T02:12:50Z,leak,LEAK,8421.7,39.99,89.85,-17.36,23.78,9.68,26.87,50.15,0,0,1,0,0
2026-01-01T02:12:51Z,leak,LEAK,8413.4,39.91,89.19,-18.19,24.07,9.62,26.82,49.97,0,0,1,0,0
2026-01-01T02:12:52Z,leak,LEAK,8397.7,40.01,88.8,-17.47,23.85,9.39,26.84,49.97,0,0,1,0,0
2026-01-01T02:12:53Z,leak,LEAK,8404.5,39.91,88.82,-18.29,23.93,9.67,26.79,50.04,0,0,1,0,0
2026-01-01T02:12:54Z,leak,LEAK,8404.1,40.22,89.59,-18.59,24.04,9.69,26.96,50.11,0,0,1,0,0
2026-01-01T02:12:55Z,leak,LEAK,8397.6,39.64,89.26,-16.58,24.03,9.62,26.83,50.04,0,0,1,0,0
2026-01-01T02:12:56Z,leak,LEAK,8409.4,40.09,88.14,-17.3,23.83,9.68,26.91,50.03,0,0,1,0,0
2026-01-01T02:12:57Z,leak,LEAK,8418.4,39.95,89.83,-17.7,23.91,9.56,26.89,50.03,0,0,1,0,0
2026-01-01T02:12:58Z,leak,LEAK,8416.9,39.8,88.65,-17.88,24.02,9.31,26.9,50.07,0,0,1,0,0
2026-01-01T02:12:59Z,leak,LEAK,8421.6,40.06,88.38,-18.79,24.11,9.76,27.0,50.02,0,0,1,0,0
2026-01-01T02:13:00Z,leak,LEAK,8415.2,40.13,89.5,-16.89,24.01,9.76,26.97,49.88,0,0,1,0,0
2026-01-01T02:13:01Z,leak,LEAK,8409.0,39.91,89.64,-17.37,24.03,9.47,26.78,49.93,0,0,1,0,0
2026-01-01T02:13:02Z,leak,LEAK,8407.0,39.58,88.49,-17.68,23.89,9.6,27.0,49.95,0,0,1,0,0
2026-01-01T02:13:03Z,leak,LEAK,8402.4,40.11,89.43,-17.95,24.07,9.5,26.92,49.94,0,0,1,0,0
2026-01-01T02:13:04Z,leak,LEAK,8407.7,39.87,88.86,-18.13,24.02,9.75,26.82,50.01,0,0,1,0,0
2026-01-01T02:13:05Z,leak,LEAK,8407.0,39.83,89.06,-16.78,23.86,9.61,26.91,50.03,0,0,1,0,0
2026-01-01T02:13:06Z,leak,LEAK,8401.6,40.1,89.08,-18.19,24.07,9.61,27.01,50.07,0,0,1,0,0
2026-01-01T02:13:07Z,leak,LEAK,8414.3,40.0,89.26,-17.76,24.08,9.56,26.93,49.99,0,0,1,0,0
2026-01-01T02:13:08Z,leak,LEAK,8415.8,40.24,89.34,-17.77,24.0,9.66,26.88,50.02,0,0,1,0,0
2026-01-01T02:13:09Z,leak,LEAK,8407.8,40.06,88.07,-18.95,24.08,9.61,26.96,50.01,0,0,1,0,0
2026-01-01T02:13:10Z,leak,LEAK,8400.4,39.82,88.45,-18.47,23.81,9.62,27.06,49.99,0,0,1,0,0
2026-01-01T02:13:11Z,leak,LEAK,8411.3,39.88,88.19,-18.11,24.01,9.44,27.01,49.97,0,0,1,0,0
2026-01-01T02:13:12Z,leak,LEAK,8411.3,39.63,88.67,-19.01,24.12,9.47,27.05,50.01,0,0,1,0,0
2026-01-01T02:13:13Z,leak,LEAK,8397.9,39.93,88.3,-17.62,24.11,9.63,27.01,50.02,0,0,1,0,0
2026-01-01T02:13:14Z,leak,LEAK,8420.8,40.21,88.38,-18.83,24.26,9.59,26.89,50.09,0,0,1,0,0
2026-01-01T02:13:15Z,leak,LEAK,8411.6,40.07,88.86,-18.35,24.21,9.73,26.96,50.03,0,0,1,0,0
2026-01-01T02:13:16Z,leak,LEAK,8407.2,39.85,89.35,-18.07,23.92,9.63,26.87,50.07,0,0,1,0,0
2026-01-01T02:13:17Z,leak,LEAK,8393.5,39.64,89.26,-18.24,23.94,9.57,26.79,50.01,0,0,1,0,0
2026-01-01T02:13:18Z,leak,LEAK,8415.7,39.93,89.44,-17.02,24.05,9.67,26.92,49.94,0,0,1,0,0
2026-01-01T02:13:19Z,leak,LEAK,8400.8,40.12,88.46,-18.65,24.08,9.63,26.93,50.08,0,0,1,0,0
2026-01-01T02:13:20Z,leak,LEAK,8409.2,40.13,88.82,-17.27,24.02,9.62,26.87,50.05,0,0,1,0,0
2026-01-01T02:13:21Z,leak,LEAK,8396.1,40.14,88.55,-18.12,23.96,9.58,27.05,49.96,0,0,1,0,0
2026-01-01T02:13:22Z,leak,LEAK,8381.8,39.82,89.06,-17.61,23.78,9.66,26.92,50.07,0,0,1,0,0
2026-01-01T02:13:23Z,leak,LEAK,8390.2,40.33,88.66,-18.12,23.87,9.49,27.07,50.05,0,0,1,0,0
2026-01-01T02:13:24Z,leak,LEAK,8402.8,39.93,89.63,-18.63,24.02,9.55,26.96,49.98,0,0,1,0,0
2026-01-01T02:13:25Z,leak,LEAK,8409.2,40.36,89.01,-18.23,24.15,9.52,27.15,49.97,0,0,1,0,0
2026-01-01T02:13:26Z,leak,LEAK,8393.2,40.09,89.72,-17.52,23.82,9.65,26.96,50.01,0,0,1,0,0
2026-01-01T02:13:27Z,leak,LEAK,8405.3,39.72,88.06,-18.1,24.01,9.64,26.73,50.04,0,0,1,0,0
2026-01-01T02:13:28Z,leak,LEAK,8408.6,40.18,89.14,-18.0,23.83,9.66,26.95,49.93,0,0,1,0,0
2026-01-01T02:13:29Z,leak,LEAK,8387.2,39.91,87.91,-17.86,23.92,9.7,27.12,50.02,0,0,1,0,0
2026-01-01T02:13:30Z,leak,LEAK,8413.6,39.74,89.09,-18.12,24.09,9.56,26.83,50.11,0,0,1,0,0
2026-01-01T02:13:31Z,leak,LEAK,8418.0,40.18,88.08,-18.85,23.96,9.64,27.07,49.94,0,0,1,0,0
2026-01-01T02:13:32Z,leak,LEAK,8425.8,39.78,88.32,-17.43,23.93,9.57,26.9,49.95,0,0,1,0,0
2026-01-01T02:13:33Z,leak,LEAK,8386.0,40.36,88.05,-18.38,24.08,9.61,26.86,49.98,0,0,1,0,0
2026-01-01T02:13:34Z,leak,LEAK,8393.9,40.03,88.5,-17.5,23.88,9.68,26.93,49.99,0,0,1,0,0
2026-01-01T02:13:35Z,leak,LEAK,8389.3,40.03,88.73,-17.87,24.09,9.81,27.09,50.02,0,0,1,0,0
2026-01-01T02:13:36Z,leak,LEAK,8395.9,40.06,90.0,-18.1,23.99,9.62,27.01,50.0,0,0,1,0,0
2026-01-01T02:13:37Z,leak,LEAK,8419.6,40.09,88.84,-17.45,24.11,9.55,26.98,50.02,0,0,1,0,0
2026-01-01T02:13:38Z,leak,LEAK,8406.5,40.12,88.66,-17.37,24.09,9.52,27.04,49.96,0,0,1,0,0
2026-01-01T02:13:39Z,leak,LEAK,8385.7,39.99,88.56,-17.96,24.07,9.6,26.86,50.03,0,0,1,0,0
2026-01-01T02:13:40Z,leak,LEAK,8396.7,39.8,89.58,-18.41,24.15,9.45,27.0,49.95,0,0,1,0,0
2026-01-01T02:13:41Z,leak,LEAK,8410.1,39.57,89.23,-18.57,24.1,9.62,27.07,49.95,0,0,1,0,0
2026-01-01T02:13:42Z,leak,LEAK,8388.8,39.88,88.95,-17.49,23.98,9.62,27.08,50.14,0,0,1,0,0
2026-01-01T02:13:43Z,leak,LEAK,8394.9,40.01,89.28,-17.36,23.97,9.81,26.94,49.88,0,0,1,0,0
2026-01-01T02:13:44Z,leak,LEAK,8406.8,39.94,89.23,-17.91,24.06,9.67,26.97,50.04,0,0,1,0,0
2026-01-01T02:13:45Z,leak,LEAK,8411.7,40.11,88.38,-17.9,24.08,9.57,26.84,49.97,0,0,1,0,0
2026-01-01T02:13:46Z,leak,LEAK,8409.6,40.17,88.34,-17.42,24.13,9.6,26.69,49.98,0,0,1,0,0
2026-01-01T02:13:47Z,leak,LEAK,8415.0,39.83,88.67,-18.17,24.13,9.62,26.93,50.08,0,0,1,0,0
2026-01-01T02:13:48Z,leak,LEAK,8401.1,39.93,89.55,-19.07,23.97,9.64,26.88,50.07,0,0,1,0,0
2026-01-01T02:13:49Z,leak,LEAK,8397.9,39.96,89.48,-16.82,23.97,9.64,26.87,50.1,0,0,1,0,0
2026-01-01T02:13:50Z,leak,LEAK,8401.3,39.87,88.22,-18.21,23.93,9.61,26.94,49.9,0,0,1,0,0
2026-01-01T02:13:51Z,leak,LEAK,8406.9,40.04,89.5,-18.13,24.24,9.53,26.96,50.1,0,0,1,0,0
2026-01-01T02:13:52Z,leak,LEAK,8412.0,40.19,89.37,-18.42,24.03,9.7,27.12,50.02,0,0,1,0,0
2026-01-01T02:13:53Z,leak,LEAK,8392.8,39.83,88.49,-17.33,23.75,9.72,26.99,50.07,0,0,1,0,0
2026-01-01T02:13:54Z,leak,LEAK,8413.1,40.03,88.51,-18.41,24.0,9.65,26.83,49.98,0,0,1,0,0
2026-01-01T02:13:55Z,leak,LEAK,8411.4,39.91,89.0,-18.03,24.03,9.59,26.83,49.96,0,0,1,0,0
2026-01-01T02:13:56Z,leak,LEAK,8377.8,40.11,88.37,-18.13,24.15,9.61,26.9,49.94,0,0,1,0,0
2026-01-01T02:13:57Z,leak,LEAK,8391.0,40.32,89.03,-17.34,24.06,9.55,26.87,49.98,0,0,1,0,0
2026-01-01T02:13:58Z,leak,LEAK,8402.6,40.03,88.94,-17.1,23.91,9.57,27.04,50.13,0,0,1,0,0
2026-01-01T02:13:59Z,leak,LEAK,8396.7,40.37,90.19,-17.51,23.85,9.64,27.06,50.03,0,0,1,0,0
2026-01-01T02:14:00Z,leak,LEAK,8406.9,39.88,89.33,-17.63,24.05,9.53,26.83,49.99,0,0,1,0,0
2026-01-01T02:14:01Z,leak,LEAK,8395.6,39.99,88.54,-18.3,24.02,9.62,26.91,49.97,0,0,1,0,0
2026-01-01T02:14:02Z,leak,LEAK,8395.2,39.81,88.99,-18.47,24.04,9.54,27.07,49.96,0,0,1,0,0
2026-01-01T02:14:03Z,leak,LEAK,8409.0,39.91,88.7,-17.82,24.07,9.62,27.09,50.07,0,0,1,0,0
2026-01-01T02:14:04Z,leak,LEAK,8399.2,40.22,89.65,-17.73,23.97,9.56,26.9,49.97,0,0,1,0,0
2026-01-01T02:14:05Z,leak,LEAK,8406.3,40.03,88.82,-17.54,24.02,9.59,27.06,50.0,0,0,1,0,0
2026-01-01T02:14:06Z,leak,LEAK,8413.4,39.79,90.02,-18.3,23.88,9.44,27.01,49.97,0,0,1,0,0
2026-01-01T02:14:07Z,leak,LEAK,8396.3,39.66,89.18,-17.69,23.96,9.37,27.0,50.06,0,0,1,0,0
2026-01-01T02:14:08Z,leak,LEAK,8408.8,39.89,88.01,-17.98,23.93,9.64,26.96,49.96,0,0,1,0,0
2026-01-01T02:14:09Z,leak,LEAK,8404.0,39.91,88.65,-18.34,24.05,9.47,26.83,49.98,0,0,1,0,0
2026-01-01T02:14:10Z,leak,LEAK,8408.3,39.9,89.32,-17.13,23.89,9.34,26.99,49.99,0,0,1,0,0
2026-01-01T02:14:11Z,leak,LEAK,8402.1,39.74,88.65,-18.68,23.83,9.72,27.01,50.01,0,0,1,0,0
2026-01-01T02:14:12Z,leak,LEAK,8421.9,39.78,88.91,-18.46,24.32,9.59,27.04,49.91,0,0,1,0,0
2026-01-01T02:14:13Z,leak,LEAK,8416.2,40.08,88.5,-17.71,23.76,9.62,27.05,50.07,0,0,1,0,0
2026-01-01T02:14:14Z,leak,LEAK,8398.6,39.99,89.25,-17.7,23.96,9.64,27.07,50.06,0,0,1,0,0
2026-01-01T02:14:15Z,leak,LEAK,8404.4,39.93,88.4,-17.92,24.08,9.66,27.02,49.92,0,0,1,0,0
2026-01-01T02:14:16Z,leak,LEAK,8417.7,39.93,88.64,-17.6,23.98,9.61,26.94,50.01,0,0,1,0,0
2026-01-01T02:14:17Z,leak,LEAK,8407.0,40.1,89.08,-17.58,23.98,9.57,27.06,50.1,0,0,1,0,0
2026-01-01T02:14:18Z,leak,LEAK,8403.9,40.07,89.61,-18.82,24.16,9.58,26.91,50.03,0,0,1,0,0
2026-01-01T02:14:19Z,leak,LEAK,8401.7,40.2,89.75,-17.97,24.0,9.64,27.03,50.03,0,0,1,0,0
2026-01-01T02:14:20Z,leak,LEAK,8402.1,40.15,89.43,-18.03,23.94,9.64,26.84,50.02,0,0,1,0,0
2026-01-01T02:14:21Z,leak,LEAK,8411.1,40.23,88.11,-17.83,24.08,9.44,27.0,50.03,0,0,1,0,0
2026-01-01T02:14:22Z,leak,LEAK,8409.4,39.62,88.68,-19.32,23.98,9.61,26.8,49.97,0,0,1,0,0
2026-01-01T02:14:23Z,leak,LEAK,8411.9,40.16,89.48,-17.39,24.03,9.61,27.03,50.07,0,0,1,0,0
2026-01-01T02:14:24Z,leak,LEAK,8390.3,40.0,88.9,-18.23,23.88,9.72,26.94,50.02,0,0,1,0,0
2026-01-01T02:14:25Z,leak,LEAK,8397.4,39.9,89.67,-18.78,23.95,9.6,27.02,50.0,0,0,1,0,0
2026-01-01T02:14:26Z,leak,LEAK,8421.5,40.14,89.44,-18.11,24.18,9.53,27.26,50.11,0,0,1,0,0
2026-01-01T02:14:27Z,leak,LEAK,8414.0,39.95,89.2,-17.81,23.87,9.52,27.13,50.0,0,0,1,0,0
2026-01-01T02:14:28Z,leak,LEAK,8428.5,40.11,88.9,-18.86,23.94,9.65,26.84,50.04,0,0,1,0,0
2026-01-01T02:14:29Z,leak,LEAK,8400.4,40.05,89.26,-17.39,24.04,9.7,26.99,50.07,0,0,1,0,0
2026-01-01T02:14:30Z,leak,LEAK,8416.8,40.37,88.58,-18.13,23.88,9.65,26.87,49.99,0,0,1,0,0
2026-01-01T02:14:31Z,leak,LEAK,8424.6,39.98,88.8,-17.99,23.96,9.67,26.89,49.98,0,0,1,0,0
2026-01-01T02:14:32Z,leak,LEAK,8414.1,40.11,89.01,-17.5,23.96,9.63,26.83,49.98,0,0,1,0,0
2026-01-01T02:14:33Z,leak,LEAK,8408.5,40.22,89.03,-18.02,23.88,9.5,26.94,49.98,0,0,1,0,0
2026-01-01T02:14:34Z,leak,LEAK,8416.6,40.13,88.62,-18.31,24.08,9.61,26.98,50.01,0,0,1,0,0
2026-01-01T02:14:35Z,leak,LEAK,8418.3,39.83,89.83,-17.64,23.97,9.59,26.87,49.92,0,0,1,0,0
2026-01-01T02:14:36Z,leak,LEAK,8422.9,39.98,89.26,-17.33,23.98,9.71,26.94,50.02,0,0,1,0,0
2026-01-01T02:14:37Z,leak,LEAK,8393.6,39.83,89.53,-18.52,24.13,9.52,26.88,50.03,0,0,1,0,0
2026-01-01T02:14:38Z,leak,LEAK,8423.1,39.76,89.38,-17.22,23.84,9.53,26.99,49.98,0,0,1,0,0
2026-01-01T02:14:39Z,leak,LEAK,8400.5,39.92,88.4,-17.27,24.0,9.71,26.99,49.96,0,0,1,0,0
2026-01-01T02:14:40Z,leak,LEAK,8419.6,40.02,89.77,-18.32,23.93,9.69,26.99,50.05,0,0,1,0,0
2026-01-01T02:14:41Z,leak,LEAK,8434.9,39.93,89.83,-18.72,23.9,9.64,26.9,49.92,0,0,1,0,0
2026-01-01T02:14:42Z,leak,LEAK,8414.6,40.01,88.73,-17.33,23.99,9.66,26.85,49.9,0,0,1,0,0
2026-01-01T02:14:43Z,leak,LEAK,8417.6,39.96,89.88,-18.2,23.92,9.68,27.1,49.94,0,0,1,0,0
2026-01-01T02:14:44Z,leak,LEAK,8431.7,40.35,89.69,-18.55,23.96,9.5,26.85,49.98,0,0,1,0,0
2026-01-01T02:14:45Z,leak,LEAK,8421.3,39.94,88.76,-18.18,23.94,9.75,27.15,49.97,0,0,1,0,0
2026-01-01T02:14:46Z,leak,LEAK,8423.4,40.08,88.61,-17.9,23.98,9.54,26.98,49.96,0,0,1,0,0
2026-01-01T02:14:47Z,leak,LEAK,8417.5,39.88,89.29,-17.91,24.0,9.61,26.92,49.98,0,0,1,0,0
2026-01-01T02:14:48Z,leak,LEAK,8419.2,40.0,88.13,-17.64,23.97,9.62,27.11,49.98,0,0,1,0,0
2026-01-01T02:14:49Z,leak,LEAK,8423.9,39.89,90.02,-17.11,23.96,9.83,27.02,49.94,0,0,1,0,0
2026-01-01T02:14:50Z,leak,LEAK,8424.7,39.79,89.13,-17.92,24.05,9.62,26.78,49.94,0,0,1,0,0
2026-01-01T02:14:51Z,leak,LEAK,8417.8,40.17,88.63,-17.26,23.93,9.72,27.18,49.96,0,0,1,0,0
2026-01-01T02:14:52Z,leak,LEAK,8412.8,40.16,89.37,-17.79,24.01,9.59,27.03,49.96,0,0,1,0,0
2026-01-01T02:14:53Z,leak,LEAK,8422.0,40.16,89.3,-18.06,23.99,9.58,26.99,49.96,0,0,1,0,0
2026-01-01T02:14:54Z,leak,LEAK,8417.1,39.81,88.88,-18.06,23.9,9.43,26.75,50.02,0,0,1,0,0
2026-01-01T02:14:55Z,leak,LEAK,8421.7,39.91,88.74,-17.42,24.03,9.65,26.89,49.99,0,0,1,0,0
2026-01-01T02:14:56Z,leak,LEAK,8432.1,39.94,88.94,-18.58,24.16,9.61,27.05,50.02,0,0,1,0,0
2026-01-01T02:14:57Z,leak,LEAK,8404.8,40.04,88.72,-19.15,23.88,9.57,26.89,49.98,0,0,1,0,0
2026-01-01T02:14:58Z,leak,LEAK,8432.9,40.29,89.64,-18.67,24.01,9.54,26.79,49.91,0,0,1,0,0
2026-01-01T02:14:59Z,leak,LEAK,8414.6,40.0,89.62,-17.52,24.07,9.62,26.79,50.0,0,0,1,0,0
2026-01-01T02:15:00Z,leak,LEAK,8439.2,39.81,88.35,-18.16,24.0,9.74,27.0,49.99,0,0,1,0,0
2026-01-01T02:15:01Z,leak,LEAK,8432.9,40.09,89.01,-18.29,24.01,9.66,27.13,50.07,0,0,1,0,0
2026-01-01T02:15:02Z,leak,LEAK,8441.9,40.07,89.83,-17.26,23.99,9.62,26.82,50.07,0,0,1,0,0
2026-01-01T02:15:03Z,leak,LEAK,8430.5,39.67,89.22,-18.74,24.12,9.56,26.9,49.98,0,0,1,0,0
2026-01-01T02:15:04Z,leak,LEAK,8440.2,39.97,88.98,-18.52,23.96,9.54,26.95,49.98,0,0,1,0,0
2026-01-01T02:15:05Z,leak,LEAK,8440.5,39.78,88.52,-18.61,23.89,9.54,26.9,49.94,0,0,1,0,0
2026-01-01T02:15:06Z,leak,LEAK,8426.9,40.0,89.17,-18.01,24.08,9.57,26.89,50.04,0,0,1,0,0
2026-01-01T02:15:07Z,leak,LEAK,8434.5,40.17,89.83,-18.85,23.97,9.61,26.86,50.03,0,0,1,0,0
2026-01-01T02:15:08Z,leak,LEAK,8428.7,40.04,89.09,-18.03,24.06,9.49,26.76,49.91,0,0,1,0,0
2026-01-01T02:15:09Z,leak,LEAK,8448.5,39.89,89.5,-18.04,24.05,9.66,26.87,49.96,0,0,1,0,0
2026-01-01T02:15:10Z,leak,LEAK,8441.2,40.28,88.45,-17.76,23.93,9.57,27.02,50.0,0,0,1,0,0
2026-01-01T02:15:11Z,leak,LEAK,8436.1,40.02,89.29,-17.93,24.11,9.59,27.02,50.0,0,0,1,0,0
2026-01-01T02:15:12Z,leak,LEAK,8456.2,40.27,89.24,-18.67,23.83,9.64,26.74,50.03,0,0,1,0,0
2026-01-01T02:15:13Z,leak,LEAK,8437.3,39.88,89.46,-17.98,24.08,9.75,27.19,49.98,0,0,1,0,0
2026-01-01T02:15:14Z,leak,LEAK,8451.3,40.35,89.71,-18.27,23.96,9.6,26.87,49.99,0,0,1,0,0
2026-01-01T02:15:15Z,leak,LEAK,8444.8,40.06,89.46,-17.24,23.86,9.59,26.97,49.99,0,0,1,0,0
2026-01-01T02:15:16Z,leak,LEAK,8426.3,40.23,89.39,-18.06,24.01,9.56,26.94,49.96,0,0,1,0,0
2026-01-01T02:15:17Z,leak,LEAK,8449.6,39.99,89.31,-16.86,23.85,9.54,27.07,49.98,0,0,1,0,0
2026-01-01T02:15:18Z,leak,LEAK,8434.0,40.29,89.24,-18.64,23.85,9.59,26.75,49.91,0,0,1,0,0
2026-01-01T02:15:19Z,leak,LEAK,8435.9,40.26,89.18,-17.56,23.95,9.78,26.74,49.95,0,0,1,0,0
2026-01-01T02:15:20Z,leak,LEAK,8434.6,39.72,89.54,-17.26,24.03,9.61,26.91,49.93,0,0,1,0,0
2026-01-01T02:15:21Z,leak,LEAK,8448.8,39.86,89.08,-17.63,24.09,9.5,27.04,50.01,0,0,1,0,0
2026-01-01T02:15:22Z,leak,LEAK,8443.0,39.83,89.85,-18.86,24.1,9.44,26.92,49.93,0,0,1,0,0
2026-01-01T02:15:23Z,leak,LEAK,8459.6,40.24,89.21,-18.11,24.13,9.46,26.81,49.91,0,0,1,0,0
2026-01-01T02:15:24Z,leak,LEAK,8440.9,40.02,89.77,-18.39,23.8,9.62,26.96,50.02,0,0,1,0,0
2026-01-01T02:15:25Z,leak,LEAK,8432.0,40.22,90.55,-18.43,24.3,9.85,27.03,50.04,0,0,1,0,0
2026-01-01T02:15:26Z,leak,LEAK,8461.4,40.54,89.64,-18.39,24.09,9.67,27.07,50.05,0,0,1,0,0
2026-01-01T02:15:27Z,leak,LEAK,8460.4,40.24,89.28,-17.71,23.86,9.64,26.94,50.04,0,0,1,0,0
2026-01-01T02:15:28Z,leak,LEAK,8457.5,40.04,89.33,-18.32,24.17,9.56,26.85,50.06,0,0,1,0,0
2026-01-01T02:15:29Z,leak,LEAK,8447.1,40.11,89.42,-17.89,23.94,9.72,26.8,50.0,0,0,1,0,0
2026-01-01T02:15:30Z,leak,LEAK,8458.6,40.41,89.71,-17.49,24.04,9.59,27.03,50.0,0,0,1,0,0
2026-01-01T02:15:31Z,leak,LEAK,8447.3,40.07,89.92,-17.88,24.01,9.59,26.8,49.92,0,0,1,0,0
2026-01-01T02:15:32Z,leak,LEAK,8468.9,40.04,89.08,-17.74,24.03,9.65,26.85,50.09,0,0,1,0,0
2026-01-01T02:15:33Z,leak,LEAK,8453.8,39.91,89.89,-18.37,24.04,9.53,26.64,49.98,0,0,1,0,0
2026-01-01T02:15:34Z,leak,LEAK,8450.3,40.54,89.67,-17.94,23.96,9.63,26.85,50.05,0,0,1,0,0
2026-01-01T02:15:35Z,leak,LEAK,8460.6,40.32,89.83,-18.5,24.12,9.51,26.82,49.91,0,0,1,0,0
2026-01-01T02:15:36Z,leak,LEAK,8458.6,40.07,89.23,-18.12,23.94,9.55,26.86,50.02,0,0,1,0,0
2026-01-01T02:15:37Z,leak,LEAK,8474.4,40.03,89.42,-19.14,24.11,9.62,26.78,49.91,0,0,1,0,0
2026-01-01T02:15:38Z,leak,LEAK,8464.2,40.18,90.1,-17.49,24.11,9.57,26.8,49.99,0,0,1,0,0
2026-01-01T02:15:39Z,leak,LEAK,8479.3,40.03,89.83,-17.42,23.93,9.6,26.85,49.99,0,0,1,0,0
2026-01-01T02:15:40Z,leak,LEAK,8463.9,40.04,89.49,-17.5,23.96,9.56,26.88,50.02,0,0,1,0,0
2026-01-01T02:15:41Z,leak,LEAK,8456.8,40.02,89.62,-18.11,23.8,9.34,27.04,49.94,0,0,1,0,0
2026-01-01T02:15:42Z,leak,LEAK,8472.5,39.8,89.35,-17.75,23.86,9.67,26.83,49.94,0,0,1,0,0
2026-01-01T02:15:43Z,leak,LEAK,8465.7,40.01,89.61,-17.91,23.77,9.5,26.67,49.98,0,0,1,0,0
2026-01-01T02:15:44Z,leak,LEAK,8464.3,39.79,89.97,-17.85,23.79,9.74,26.8,50.09,0,0,1,0,0
2026-01-01T02:15:45Z,leak,LEAK,8467.9,40.05,89.01,-18.15,24.05,9.56,26.86,50.0,0,0,1,0,0
2026-01-01T02:15:46Z,leak,LEAK,8471.6,39.87,89.51,-17.79,24.03,9.48,26.88,50.03,0,0,1,0,0
2026-01-01T02:15:47Z,leak,LEAK,8470.7,39.96,89.47,-18.51,24.16,9.66,26.69,50.0,0,0,1,0,0
2026-01-01T02:15:48Z,leak,LEAK,8469.6,40.1,90.3,-17.5,24.03,9.87,27.11,49.91,0,0,1,0,0
2026-01-01T02:15:49Z,leak,LEAK,8480.9,39.84,89.78,-18.22,23.89,9.75,26.79,50.0,0,0,1,0,0
2026-01-01T02:15:50Z,leak,LEAK,8471.6,40.17,89.71,-17.7,23.92,9.49,27.06,49.98,0,0,1,0,0
2026-01-01T02:15:51Z,leak,LEAK,8469.8,40.12,89.84,-18.3,24.22,9.64,26.86,49.96,0,0,1,0,0
2026-01-01T02:15:52Z,leak,LEAK,8480.2,40.24,90.7,-17.8,23.95,9.54,26.88,50.03,0,0,1,0,0
2026-01-01T02:15:53Z,leak,LEAK,8470.9,40.01,89.7,-18.32,24.0,9.55,26.95,50.08,0,0,1,0,0
2026-01-01T02:15:54Z,leak,LEAK,8478.8,40.33,89.72,-18.04,24.02,9.74,26.84,49.98,0,0,1,0,0
2026-01-01T02:15:55Z,leak,LEAK,8465.8,40.0,89.54,-18.88,23.86,9.3,26.87,49.99,0,0,1,0,0
2026-01-01T02:15:56Z,leak,LEAK,8475.5,39.92,88.94,-17.61,24.19,9.64,26.82,50.1,0,0,1,0,0
2026-01-01T02:15:57Z,leak,LEAK,8483.7,39.82,89.06,-18.37,23.85,9.6,26.81,50.01,0,0,1,0,0
2026-01-01T02:15:58Z,leak,LEAK,8489.2,40.19,89.97,-17.33,23.78,9.64,26.86,49.97,0,0,1,0,0
2026-01-01T02:15:59Z,leak,LEAK,8473.6,40.06,90.7,-18.07,23.81,9.64,26.72,49.99,0,0,1,0,0
2026-01-01T02:16:00Z,leak,LEAK,8499.0,40.04,89.63,-18.34,23.91,9.54,26.85,49.88,0,0,1,0,0
2026-01-01T02:16:01Z,leak,LEAK,8486.7,40.13,90.45,-18.46,23.94,9.51,26.96,49.96,0,0,1,0,0
2026-01-01T02:16:02Z,leak,LEAK,8487.9,40.03,89.92,-18.16,23.91,9.61,26.81,49.92,0,0,1,0,0
2026-01-01T02:16:03Z,leak,LEAK,8488.0,39.72,89.69,-18.0,24.23,9.63,26.91,49.98,0,0,1,0,0
2026-01-01T02:16:04Z,leak,LEAK,8492.9,40.37,89.86,-18.64,23.99,9.64,26.75,50.04,0,0,1,0,0
2026-01-01T02:16:05Z,leak,LEAK,8473.5,40.02,89.8,-17.37,24.02,9.76,26.73,49.89,0,0,1,0,0
2026-01-01T02:16:06Z,leak,LEAK,8474.9,39.56,89.42,-18.55,24.04,9.5,26.83,50.02,0,0,1,0,0
2026-01-01T02:16:07Z,leak,LEAK,8476.7,39.95,90.24,-17.42,24.02,9.61,26.89,50.01,0,0,1,0,0
2026-01-01T02:16:08Z,leak,LEAK,8485.5,40.15,90.65,-17.94,24.0,9.52,26.82,50.0,0,0,1,0,0
2026-01-01T02:16:09Z,leak,LEAK,8494.3,40.25,89.62,-18.55,23.92,9.61,26.79,50.1,0,0,1,0,0
2026-01-01T02:16:10Z,leak,LEAK,8511.7,40.05,89.52,-17.95,24.06,9.68,26.85,50.06,0,0,1,0,0
2026-01-01T02:16:11Z,leak,LEAK,8488.6,40.08,89.55,-18.79,23.81,9.73,26.85,49.98,0,0,1,0,0
2026-01-01T02:16:12Z,leak,LEAK,8498.3,39.9,90.65,-18.47,23.96,9.57,26.74,49.99,0,0,1,0,0
2026-01-01T02:16:13Z,leak,LEAK,8486.8,40.0,90.55,-18.22,24.1,9.56,26.74,50.05,0,0,1,0,0
2026-01-01T02:16:14Z,leak,LEAK,8503.1,39.94,89.81,-17.25,23.94,9.6,26.83,50.08,0,0,1,0,0
2026-01-01T02:16:15Z,leak,LEAK,8486.4,39.86,90.2,-18.1,24.0,9.7,26.85,49.91,0,0,1,0,0
2026-01-01T02:16:16Z,leak,LEAK,8481.7,40.22,89.75,-17.6,24.02,9.67,26.99,49.95,0,0,1,0,0
2026-01-01T02:16:17Z,leak,LEAK,8509.0,40.0,90.64,-18.82,23.99,9.59,26.71,49.96,0,0,1,0,0
2026-01-01T02:16:18Z,leak,LEAK,8480.5,40.02,88.5,-18.47,23.93,9.75,26.72,50.04,0,0,1,0,0
2026-01-01T02:16:19Z,leak,LEAK,8513.4,40.03,89.64,-17.28,24.0,9.49,26.9,50.04,0,0,1,0,0
2026-01-01T02:16:20Z,leak,LEAK,8500.8,40.01,90.38,-18.01,24.1,9.62,26.76,50.0,0,0,1,0,0
2026-01-01T02:16:21Z,leak,LEAK,8522.3,40.19,89.58,-18.8,24.02,9.6,26.73,50.02,0,0,1,0,0
2026-01-01T02:16:22Z,leak,LEAK,8494.3,40.02,89.52,-17.66,23.85,9.58,26.76,50.08,0,0,1,0,0
2026-01-01T02:16:23Z,leak,LEAK,8502.0,39.79,90.56,-18.74,23.96,9.64,26.69,50.05,0,0,1,0,0
2026-01-01T02:16:24Z,leak,LEAK,8495.6,40.2,88.96,-17.64,23.94,9.63,26.99,49.97,0,0,1,0,0
2026-01-01T02:16:25Z,leak,LEAK,8535.8,39.85,89.13,-17.97,23.84,9.62,26.88,49.99,0,0,1,0,0
2026-01-01T02:16:26Z,leak,LEAK,8508.7,40.19,90.17,-18.47,24.13,9.55,26.89,50.08,0,0,1,0,0
2026-01-01T02:16:27Z,leak,LEAK,8509.8,39.73,89.88,-18.22,23.94,9.68,26.7,50.07,0,0,1,0,0
2026-01-01T02:16:28Z,leak,LEAK,8524.2,39.93,90.49,-17.43,24.05,9.65,26.89,50.06,0,0,1,0,0
2026-01-01T02:16:29Z,leak,LEAK,8527.4,40.02,89.52,-17.77,23.83,9.46,26.67,49.98,0,0,1,0,0
2026-01-01T02:16:30Z,leak,LEAK,8513.6,39.94,89.65,-18.4,23.89,9.7,26.91,50.09,0,0,1,0,0
2026-01-01T02:16:31Z,leak,LEAK,8518.3,40.29,90.91,-17.3,24.02,9.76,26.94,50.02,0,0,1,0,0
2026-01-01T02:16:32Z,leak,LEAK,8505.2,39.85,90.18,-18.17,24.03,9.54,26.8,49.98,0,0,1,0,0
2026-01-01T02:16:33Z,leak,LEAK,8516.0,39.96,89.5,-17.98,24.09,9.51,26.81,50.03,0,0,1,0,0
2026-01-01T02:16:34Z,leak,LEAK,8529.8,39.88,89.58,-16.73,23.96,9.63,26.69,50.07,0,0,1,0,0
2026-01-01T02:16:35Z,leak,LEAK,8504.9,39.85,89.77,-17.95,24.01,9.59,26.74,50.0,0,0,1,0,0
2026-01-01T02:16:36Z,leak,LEAK,8536.6,40.15,90.43,-17.79,23.94,9.5,26.75,49.94,0,0,1,0,0
2026-01-01T02:16:37Z,leak,LEAK,8507.0,40.24,89.74,-18.33,24.08,9.6,26.81,50.06,0,0,1,0,0
2026-01-01T02:16:38Z,leak,LEAK,8514.1,40.04,90.64,-17.85,23.94,9.54,26.53,50.09,0,0,1,0,0
2026-01-01T02:16:39Z,leak,LEAK,8531.3,40.12,89.44,-17.81,24.0,9.73,26.76,50.04,0,0,1,0,0
2026-01-01T02:16:40Z,leak,LEAK,8520.4,40.11,90.27,-18.46,24.05,9.48,26.7,49.99,0,0,1,0,0
2026-01-01T02:16:41Z,leak,LEAK,8523.6,39.93,89.57,-18.48,23.89,9.79,26.76,50.0,0,0,1,0,0
2026-01-01T02:16:42Z,leak,LEAK,8516.4,39.85,90.39,-18.4,24.09,9.56,26.78,49.99,0,0,1,0,0
2026-01-01T02:16:43Z,leak,LEAK,8523.4,40.18,90.03,-18.04,24.31,9.54,26.78,49.94,0,0,1,0,0
2026-01-01T02:16:44Z,leak,LEAK,8537.5,39.98,90.27,-17.79,24.05,9.6,26.78,50.05,0,0,1,0,0
2026-01-01T02:16:45Z,leak,LEAK,8528.7,40.01,90.27,-17.78,24.06,9.76,26.72,49.98,0,0,1,0,0
2026-01-01T02:16:46Z,leak,LEAK,8534.6,39.47,91.11,-17.88,23.9,9.79,26.64,50.0,0,0,1,0,0
2026-01-01T02:16:47Z,leak,LEAK,8534.9,39.52,90.28,-18.2,24.05,9.59,26.56,49.97,0,0,1,0,0
2026-01-01T02:16:48Z,leak,LEAK,8533.1,39.86,89.77,-17.81,24.09,9.62,26.67,49.98,0,0,1,0,0
2026-01-01T02:16:49Z,leak,LEAK,8529.3,39.94,89.61,-18.17,23.85,9.62,26.8,49.97,0,0,1,0,0
2026-01-01T02:16:50Z,leak,LEAK,8525.0,39.97,90.13,-17.77,23.99,9.74,26.92,50.05,0,0,1,0,0
2026-01-01T02:16:51Z,leak,LEAK,8526.2,39.95,89.62,-18.18,24.05,9.71,26.63,49.96,0,0,1,0,0
2026-01-01T02:16:52Z,leak,LEAK,8526.1,40.18,90.16,-18.64,24.08,9.53,26.77,50.07,0,0,1,0,0
2026-01-01T02:16:53Z,leak,LEAK,8533.1,39.73,89.83,-17.59,24.23,9.65,26.65,50.07,0,0,1,0,0
2026-01-01T02:16:54Z,leak,LEAK,8530.3,39.83,90.14,-17.8,23.84,9.74,26.86,49.99,0,0,1,0,0
2026-01-01T02:16:55Z,leak,LEAK,8533.0,40.21,90.79,-18.03,23.98,9.8,26.73,49.99,0,0,1,0,0
2026-01-01T02:16:56Z,leak,LEAK,8559.5,40.15,89.96,-18.48,24.02,9.55,26.71,49.95,0,0,1,0,0
2026-01-01T02:16:57Z,leak,LEAK,8533.2,40.31,90.82,-17.24,24.12,9.64,26.62,50.09,0,0,1,0,0
2026-01-01T02:16:58Z,leak,LEAK,8534.5,40.2,90.23,-18.03,23.91,9.58,26.66,50.02,0,0,1,0,0
2026-01-01T02:16:59Z,leak,LEAK,8547.9,39.98,91.31,-18.53,24.04,9.69,26.75,49.95,0,0,1,0,0
2026-01-01T02:17:00Z,leak,LEAK,8540.5,39.95,91.42,-16.61,24.04,9.58,26.62,49.93,0,0,1,0,0
2026-01-01T02:17:01Z,leak,LEAK,8527.2,39.73,90.58,-18.04,24.12,9.56,26.82,49.98,0,0,1,0,0
2026-01-01T02:17:02Z,leak,LEAK,8538.3,40.19,90.82,-17.82,23.93,9.57,26.71,50.02,0,0,1,0,0
2026-01-01T02:17:03Z,leak,LEAK,8548.1,40.22,90.83,-18.24,23.96,9.66,26.72,50.0,0,0,1,0,0
2026-01-01T02:17:04Z,leak,LEAK,8545.2,39.38,90.14,-17.96,24.05,9.63,26.72,49.98,0,0,1,0,0
2026-01-01T02:17:05Z,leak,LEAK,8539.8,40.03,89.42,-17.23,23.85,9.61,26.58,49.95,0,0,1,0,0
2026-01-01T02:17:06Z,leak,LEAK,8567.9,39.43,89.74,-18.31,24.01,9.89,26.69,50.0,0,0,1,0,0
2026-01-01T02:17:07Z,leak,LEAK,8544.7,39.76,90.43,-17.59,23.93,9.56,26.79,50.07,0,0,1,0,0
2026-01-01T02:17:08Z,leak,LEAK,8552.3,39.92,90.89,-17.34,24.16,9.59,26.93,49.98,0,0,1,0,0
2026-01-01T02:17:09Z,leak,LEAK,8555.0,39.76,90.81,-18.4,24.07,9.67,26.7,50.06,0,0,1,0,0
2026-01-01T02:17:10Z,leak,LEAK,8547.3,39.94,91.06,-17.18,24.06,9.61,26.68,50.06,0,0,1,0,0
2026-01-01T02:17:11Z,leak,LEAK,8538.5,39.72,90.02,-18.9,24.18,9.62,26.83,49.99,0,0,1,0,0
2026-01-01T02:17:12Z,leak,LEAK,8554.7,40.15,90.1,-17.9,24.07,9.52,26.73,50.06,0,0,1,0,0
2026-01-01T02:17:13Z,leak,LEAK,8554.1,40.08,90.09,-18.25,23.9,9.49,26.84,49.93,0,0,1,0,0
2026-01-01T02:17:14Z,leak,LEAK,8551.2,40.07,90.69,-19.01,24.09,9.74,26.6,49.94,0,0,1,0,0
2026-01-01T02:17:15Z,leak,LEAK,8545.9,40.07,91.33,-18.21,23.88,9.71,26.65,50.03,0,0,1,0,0
2026-01-01T02:17:16Z,leak,LEAK,8552.4,39.87,90.82,-18.71,24.13,9.57,26.68,49.98,0,0,1,0,0
2026-01-01T02:17:17Z,leak,LEAK,8552.5,40.19,90.42,-17.65,24.04,9.6,26.61,49.97,0,0,1,0,0
2026-01-01T02:17:18Z,leak,LEAK,8549.0,39.91,90.74,-16.67,24.02,9.65,26.59,49.96,0,0,1,0,0
2026-01-01T02:17:19Z,leak,LEAK,8558.5,39.97,90.81,-17.46,23.85,9.6,26.56,49.99,0,0,1,0,0
2026-01-01T02:17:20Z,leak,LEAK,8551.7,40.12,90.66,-18.13,24.11,9.49,26.64,49.95,0,0,1,0,0
2026-01-01T02:17:21Z,leak,LEAK,8580.8,39.79,90.38,-18.09,24.05,9.55,26.49,50.04,0,0,1,0,0
2026-01-01T02:17:22Z,leak,LEAK,8547.0,40.24,90.18,-17.67,24.09,9.72,26.53,50.0,0,0,1,0,0
2026-01-01T02:17:23Z,leak,LEAK,8567.6,40.16,90.75,-17.62,24.1,9.63,26.46,49.98,0,0,1,0,0
2026-01-01T02:17:24Z,leak,LEAK,8550.3,40.01,91.38,-18.79,23.92,9.5,26.51,50.04,0,0,1,0,0
2026-01-01T02:17:25Z,leak,LEAK,8559.2,40.01,89.71,-17.68,23.9,9.92,26.78,50.06,0,0,1,0,0
2026-01-01T02:17:26Z,leak,LEAK,8580.0,40.03,89.81,-18.68,24.17,9.74,26.56,49.98,0,0,1,0,0
2026-01-01T02:17:27Z,leak,LEAK,8576.6,39.76,90.48,-18.64,24.02,9.44,26.61,50.08,0,0,1,0,0
2026-01-01T02:17:28Z,leak,LEAK,8574.3,40.21,91.11,-17.91,23.74,9.6,26.61,50.05,0,0,1,0,0
2026-01-01T02:17:29Z,leak,LEAK,8570.2,39.82,90.41,-17.55,24.1,9.51,26.75,49.97,0,0,1,0,0
2026-01-01T02:17:30Z,leak,LEAK,8559.6,39.56,90.12,-17.49,24.16,9.52,26.58,50.0,0,0,1,0,0
2026-01-01T02:17:31Z,leak,LEAK,8574.9,40.02,89.99,-17.72,24.16,9.62,26.77,50.08,0,0,1,0,0
2026-01-01T02:17:32Z,leak,LEAK,8578.3,40.15,90.61,-18.03,23.87,9.47,26.58,49.97,0,0,1,0,0
2026-01-01T02:17:33Z,leak,LEAK,8567.1,40.21,90.16,-17.84,23.83,9.65,26.63,49.96,0,0,1,0,0
2026-01-01T02:17:34Z,leak,LEAK,8569.8,40.34,90.54,-19.01,24.02,9.57,26.66,49.93,0,0,1,0,0
2026-01-01T02:17:35Z,leak,LEAK,8571.0,40.23,91.02,-17.18,24.06,9.6,26.51,50.06,0,0,1,0,0
2026-01-01T02:17:36Z,leak,LEAK,8561.3,39.81,90.25,-17.04,23.91,9.6,26.61,50.0,0,0,1,0,0
2026-01-01T02:17:37Z,leak,LEAK,8561.1,39.96,90.9,-18.44,24.04,9.57,26.42,50.05,0,0,1,0,0
2026-01-01T02:17:38Z,leak,LEAK,8577.1,40.24,90.06,-18.22,23.99,9.72,26.44,49.97,0,0,1,0,0
2026-01-01T02:17:39Z,leak,LEAK,8580.9,39.95,90.32,-19.04,24.12,9.72,26.52,49.96,0,0,1,0,0
2026-01-01T02:17:40Z,leak,LEAK,8568.0,39.99,90.77,-18.04,23.98,9.55,26.57,50.04,0,0,1,0,0
2026-01-01T02:17:41Z,leak,LEAK,8594.3,39.98,91.98,-17.69,23.98,9.62,26.45,49.93,0,0,1,0,0
2026-01-01T02:17:42Z,leak,LEAK,8561.1,39.86,90.6,-18.01,24.05,9.69,26.53,49.99,0,0,1,0,0
2026-01-01T02:17:43Z,leak,LEAK,8569.3,40.02,90.57,-17.64,24.0,9.6,26.44,49.97,0,0,1,0,0
2026-01-01T02:17:44Z,leak,LEAK,8567.2,39.72,90.25,-18.68,24.03,9.62,26.58,50.02,0,0,1,0,0
2026-01-01T02:17:45Z,leak,LEAK,8593.2,40.31,89.96,-18.17,23.88,9.57,26.52,49.98,0,0,1,0,0
2026-01-01T02:17:46Z,leak,LEAK,8571.2,39.84,91.39,-18.26,23.83,9.62,26.66,50.08,0,0,1,0,0
2026-01-01T02:17:47Z,leak,LEAK,8592.0,39.73,91.3,-18.3,24.03,9.52,26.62,49.99,0,0,1,0,0
2026-01-01T02:17:48Z,leak,LEAK,8589.4,40.14,90.79,-18.44,23.92,9.55,26.51,49.91,0,0,1,0,0
2026-01-01T02:17:49Z,leak,LEAK,8571.3,39.66,90.71,-17.97,23.94,9.55,26.47,49.93,0,0,1,0,0
2026-01-01T02:17:50Z,leak,LEAK,8600.7,40.2,90.59,-17.83,23.98,9.63,26.4,49.91,0,0,1,0,0
2026-01-01T02:17:51Z,leak,LEAK,8594.4,39.7,91.01,-16.91,24.01,9.64,26.48,49.98,0,0,1,0,0
2026-01-01T02:17:52Z,leak,LEAK,8572.8,40.16,91.7,-17.77,24.07,9.66,26.51,49.99,0,0,1,0,0
2026-01-01T02:17:53Z,leak,LEAK,8592.3,40.08,90.29,-17.77,23.89,9.7,26.43,50.04,0,0,1,0,0
2026-01-01T02:17:54Z,leak,LEAK,8613.1,39.77,90.94,-18.11,24.04,9.53,26.52,50.0,0,0,1,0,0
2026-01-01T02:17:55Z,leak,LEAK,8561.2,39.86,91.22,-18.08,23.99,9.64,26.52,49.94,0,0,1,0,0
2026-01-01T02:17:56Z,leak,LEAK,8588.6,40.2,91.51,-18.09,24.06,9.4,26.45,49.99,0,0,1,0,0
2026-01-01T02:17:57Z,leak,LEAK,8597.0,39.61,90.06,-17.65,24.05,9.47,26.52,50.03,0,0,1,0,0
2026-01-01T02:17:58Z,leak,LEAK,8583.9,39.64,90.56,-17.38,23.85,9.6,26.44,50.02,0,0,1,0,0
2026-01-01T02:17:59Z,leak,LEAK,8591.6,39.97,91.24,-18.24,23.94,9.57,26.46,50.09,0,0,1,0,0
2026-01-01T02:18:00Z,leak,LEAK,8595.7,40.5,90.64,-18.06,23.9,9.61,26.46,50.08,0,0,1,0,0
2026-01-01T02:18:01Z,leak,LEAK,8586.9,39.79,91.37,-18.45,24.0,9.43,26.42,49.98,0,0,1,0,0
2026-01-01T02:18:02Z,leak,LEAK,8579.6,39.82,90.3,-18.07,23.93,9.73,26.28,50.03,0,0,1,0,0
2026-01-01T02:18:03Z,leak,LEAK,8590.8,40.04,90.85,-18.52,23.87,9.67,26.5,49.99,0,0,1,0,0
2026-01-01T02:18:04Z,leak,LEAK,8580.0,39.66,90.24,-17.72,24.06,9.48,26.55,49.98,0,0,1,0,0
2026-01-01T02:18:05Z,leak,LEAK,8604.5,39.89,91.19,-17.65,23.95,9.51,26.34,49.97,0,0,1,0,0
2026-01-01T02:18:06Z,leak,LEAK,8595.6,39.91,91.21,-17.75,23.94,9.56,26.46,50.03,0,0,1,0,0
2026-01-01T02:18:07Z,leak,LEAK,8589.0,39.6,90.21,-18.62,23.98,9.61,26.65,50.05,0,0,1,0,0
2026-01-01T02:18:08Z,leak,LEAK,8579.6,40.01,90.63,-18.6,23.95,9.49,26.49,49.94,0,0,1,0,0
2026-01-01T02:18:09Z,leak,LEAK,8596.7,39.93,89.69,-19.18,23.97,9.57,26.56,50.02,0,0,1,0,0
2026-01-01T02:18:10Z,leak,LEAK,8596.9,39.83,90.5,-16.96,23.96,9.78,26.48,50.04,0,0,1,0,0
2026-01-01T02:18:11Z,leak,LEAK,8594.3,39.84,91.92,-18.8,24.09,9.7,26.44,49.98,0,0,1,0,0
2026-01-01T02:18:12Z,leak,LEAK,8577.9,40.06,90.15,-17.93,24.16,9.66,26.46,50.05,0,0,1,0,0
2026-01-01T02:18:13Z,leak,LEAK,8587.9,40.36,91.18,-18.24,23.98,9.56,26.37,50.01,0,0,1,0,0
2026-01-01T02:18:14Z,leak,LEAK,8599.3,39.98,90.27,-18.28,23.93,9.54,26.46,50.05,0,0,1,0,0
2026-01-01T02:18:15Z,leak,LEAK,8609.0,39.89,90.86,-18.01,23.97,9.67,26.36,50.0,0,0,1,0,0
2026-01-01T02:18:16Z,leak,LEAK,8607.0,39.65,91.28,-18.54,23.93,9.61,26.36,49.93,0,0,1,0,0
2026-01-01T02:18:17Z,leak,LEAK,8596.6,39.81,91.57,-17.33,23.99,9.46,26.4,50.05,0,0,1,0,0
2026-01-01T02:18:18Z,leak,LEAK,8592.1,40.34,90.68,-17.92,23.94,9.58,26.51,50.04,0,0,1,0,0
2026-01-01T02:18:19Z,leak,LEAK,8593.2,39.74,91.32,-17.25,24.01,9.53,26.51,50.01,0,0,1,0,0
2026-01-01T02:18:20Z,leak,LEAK,8594.0,39.78,91.54,-16.9,23.97,9.7,26.38,49.96,0,0,1,0,0
2026-01-01T02:18:21Z,leak,LEAK,8620.0,39.77,90.79,-18.95,24.2,9.55,26.27,50.03,0,0,1,0,0
2026-01-01T02:18:22Z,leak,LEAK,8601.8,39.93,91.28,-17.48,24.07,9.68,26.4,50.08,0,0,1,0,0
2026-01-01T02:18:23Z,leak,LEAK,8595.1,39.83,91.61,-18.64,24.06,9.7,26.25,49.96,0,0,1,0,0
2026-01-01T02:18:24Z,leak,LEAK,8594.0,40.23,90.73,-18.51,23.99,9.71,26.31,50.0,0,0,1,0,0
2026-01-01T02:18:25Z,leak,LEAK,8605.0,40.03,91.37,-18.7,23.82,9.55,26.48,49.97,0,0,1,0,0
2026-01-01T02:18:26Z,leak,LEAK,8598.0,40.21,90.93,-17.85,23.89,9.51,26.22,49.98,0,0,1,0,0
2026-01-01T02:18:27Z,leak,LEAK,8603.5,39.9,90.94,-18.13,23.91,9.49,26.37,50.06,0,0,1,0,0
2026-01-01T02:18:28Z,leak,LEAK,8593.4,40.19,90.26,-18.2,24.01,9.65,26.37,50.0,0,0,1,0,0
2026-01-01T02:18:29Z,leak,LEAK,8600.0,39.95,91.12,-18.01,24.09,9.82,26.36,49.98,0,0,1,0,0
2026-01-01T02:18:30Z,leak,LEAK,8595.9,40.14,90.96,-17.23,23.72,9.68,26.21,49.93,0,0,1,0,0
2026-01-01T02:18:31Z,leak,LEAK,8597.0,40.2,91.06,-18.36,23.81,9.58,26.25,50.06,0,0,1,0,0
2026-01-01T02:18:32Z,leak,LEAK,8592.3,39.82,90.59,-18.45,24.04,9.75,26.44,49.95,0,0,1,0,0
2026-01-01T02:18:33Z,leak,LEAK,8595.6,39.91,90.94,-18.22,23.87,9.69,26.33,49.95,0,0,1,0,0
2026-01-01T02:18:34Z,leak,LEAK,8595.8,40.17,90.02,-18.13,24.0,9.67,26.25,50.03,0,0,1,0,0
2026-01-01T02:18:35Z,leak,LEAK,8576.4,39.96,91.11,-19.08,24.06,9.69,26.53,50.0,0,0,1,0,0
2026-01-01T02:18:36Z,leak,LEAK,8607.8,39.83,90.47,-17.9,24.01,9.72,26.27,50.03,0,0,1,0,0
2026-01-01T02:18:37Z,leak,LEAK,8600.0,39.83,91.89,-17.65,24.05,9.61,26.25,50.01,0,0,1,0,0
2026-01-01T02:18:38Z,leak,LEAK,8612.2,40.1,91.61,-18.64,23.94,9.65,26.28,49.98,0,0,1,0,0
2026-01-01T02:18:39Z,leak,LEAK,8615.3,39.86,90.83,-17.81,24.0,9.73,26.31,49.98,0,0,1,0,0
2026-01-01T02:18:40Z,leak,LEAK,8601.4,40.11,91.73,-18.01,23.97,9.54,26.24,49.97,0,0,1,0,0
2026-01-01T02:18:41Z,leak,LEAK,8609.1,40.2,90.68,-18.18,23.95,9.57,26.13,50.04,0,0,1,0,0
2026-01-01T02:18:42Z,leak,LEAK,8596.8,40.08,90.27,-18.15,24.03,9.59,26.29,50.03,0,0,1,0,0
2026-01-01T02:18:43Z,leak,LEAK,8601.0,40.17,91.09,-18.3,23.92,9.46,26.14,49.98,0,0,1,0,0
2026-01-01T02:18:44Z,leak,LEAK,8594.1,40.06,91.29,-18.13,24.12,9.56,26.29,49.96,0,0,1,0,0
2026-01-01T02:18:45Z,leak,LEAK,8601.0,40.32,90.31,-18.49,24.14,9.61,26.33,50.01,0,0,1,0,0
2026-01-01T02:18:46Z,leak,LEAK,8611.8,40.33,90.8,-18.03,23.96,9.48,26.31,49.96,0,0,1,0,0
2026-01-01T02:18:47Z,leak,LEAK,8602.4,40.14,90.57,-17.32,23.99,9.53,26.33,50.0,0,0,1,0,0
2026-01-01T02:18:48Z,leak,LEAK,8582.7,39.99,91.03,-17.94,23.79,9.44,26.2,50.02,0,0,1,0,0
2026-01-01T02:18:49Z,leak,LEAK,8588.7,40.07,90.6,-18.48,24.04,9.64,26.29,50.07,0,0,1,0,0
2026-01-01T02:18:50Z,leak,LEAK,8595.8,40.34,90.42,-17.92,23.99,9.64,26.17,50.01,0,0,1,0,0
2026-01-01T02:18:51Z,leak,LEAK,8598.8,40.04,90.29,-17.72,23.89,9.49,26.08,50.02,0,0,1,0,0
2026-01-01T02:18:52Z,leak,LEAK,8583.3,39.65,91.53,-17.65,24.08,9.57,26.28,49.9,0,0,1,0,0
2026-01-01T02:18:53Z,leak,LEAK,8590.7,40.09,90.37,-18.48,24.05,9.72,26.46,50.02,0,0,1,0,0
2026-01-01T02:18:54Z,leak,LEAK,8612.7,40.34,91.19,-18.09,24.15,9.59,26.09,50.05,0,0,1,0,0
2026-01-01T02:18:55Z,leak,LEAK,8611.9,39.76,90.87,-17.75,23.93,9.44,26.22,50.01,0,0,1,0,0
2026-01-01T02:18:56Z,leak,LEAK,8628.9,39.89,90.12,-18.09,24.07,9.42,26.14,49.97,0,0,1,0,0
2026-01-01T02:18:57Z,leak,LEAK,8616.7,40.26,90.96,-18.43,23.9,9.59,26.05,49.95,0,0,1,0,0
2026-01-01T02:18:58Z,leak,LEAK,8601.1,39.97,90.89,-17.95,23.95,9.48,26.08,50.09,0,0,1,0,0
2026-01-01T02:18:59Z,leak,LEAK,8610.7,40.29,90.98,-17.98,23.91,9.66,26.14,50.06,0,0,1,0,0
2026-01-01T02:19:00Z,leak,LEAK,8571.6,39.96,91.75,-17.95,23.88,9.69,26.35,49.99,0,0,1,0,0
2026-01-01T02:19:01Z,leak,LEAK,8576.8,40.21,90.91,-17.0,24.18,9.5,26.4,49.99,0,0,1,0,0
2026-01-01T02:19:02Z,leak,LEAK,8587.6,40.1,89.89,-18.7,23.91,9.79,26.29,49.95,0,0,1,0,0
2026-01-01T02:19:03Z,leak,LEAK,8595.3,40.09,91.41,-17.54,23.86,9.55,25.94,50.0,0,0,1,0,0
2026-01-01T02:19:04Z,leak,LEAK,8591.7,39.72,91.35,-18.39,24.05,9.46,26.09,50.0,0,0,1,0,0
2026-01-01T02:19:05Z,leak,LEAK,8603.5,39.79,91.19,-18.66,23.89,9.67,26.03,50.01,0,0,1,0,0
2026-01-01T02:19:06Z,leak,LEAK,8606.3,39.86,91.07,-18.19,24.16,9.76,26.34,50.03,0,0,1,0,0
2026-01-01T02:19:07Z,leak,LEAK,8592.6,39.77,91.48,-17.4,24.04,9.81,26.14,49.97,0,0,1,0,0
2026-01-01T02:19:08Z,leak,LEAK,8614.7,40.06,91.32,-17.53,24.0,9.59,26.17,49.99,0,0,1,0,0
2026-01-01T02:19:09Z,leak,LEAK,8599.4,39.77,91.05,-18.15,23.89,9.55,26.13,50.08,0,0,1,0,0
2026-01-01T02:19:10Z,leak,LEAK,8588.2,40.11,91.53,-17.78,24.05,9.78,26.43,49.99,0,0,1,0,0
2026-01-01T02:19:11Z,leak,LEAK,8598.8,40.28,90.99,-18.3,23.92,9.84,26.18,50.02,0,0,1,0,0
2026-01-01T02:19:12Z,leak,LEAK,8584.7,39.92,90.64,-17.84,24.21,9.6,26.33,50.01,0,0,1,0,0
2026-01-01T02:19:13Z,leak,LEAK,8604.5,40.35,91.12,-19.02,24.05,9.61,25.93,50.04,0,0,1,0,0
2026-01-01T02:19:14Z,leak,LEAK,8592.7,40.01,92.16,-17.42,23.88,9.57,25.95,49.97,0,0,1,0,0
2026-01-01T02:19:15Z,leak,LEAK,8599.8,39.95,91.55,-17.2,23.97,9.71,26.18,50.02,0,0,1,0,0
2026-01-01T02:19:16Z,leak,LEAK,8594.9,40.12,90.99,-17.52,23.93,9.52,26.25,50.0,0,0,1,0,0
2026-01-01T02:19:17Z,leak,LEAK,8589.3,39.93,90.41,-18.15,24.06,9.67,25.89,50.0,0,0,1,0,0
2026-01-01T02:19:18Z,leak,LEAK,8591.1,39.57,90.56,-17.97,23.94,9.78,25.92,49.94,0,0,1,0,0
2026-01-01T02:19:19Z,leak,LEAK,8576.3,40.09,92.26,-17.58,24.08,9.72,25.94,50.02,0,0,1,0,0
2026-01-01T02:19:20Z,leak,LEAK,8582.5,40.03,90.76,-17.75,24.17,9.76,26.01,49.94,0,0,1,0,0
2026-01-01T02:19:21Z,leak,LEAK,8587.5,40.36,91.65,-17.88,24.09,9.54,26.23,50.03,0,0,1,0,0
2026-01-01T02:19:22Z,leak,LEAK,8598.2,40.04,91.58,-19.6,23.94,9.64,26.08,50.02,0,0,1,0,0
2026-01-01T02:19:23Z,leak,LEAK,8605.8,39.96,91.36,-18.3,24.05,9.45,26.04,50.05,0,0,1,0,0
2026-01-01T02:19:24Z,leak,LEAK,8602.6,40.24,90.86,-18.21,23.97,9.8,26.0,50.03,0,0,1,0,0
2026-01-01T02:19:25Z,leak,LEAK,8584.6,39.81,90.34,-17.77,23.98,9.55,26.12,50.01,0,0,1,0,0
2026-01-01T02:19:26Z,leak,LEAK,8600.1,39.98,91.26,-18.18,24.13,9.57,26.06,49.97,0,0,1,0,0
2026-01-01T02:19:27Z,leak,LEAK,8587.1,39.71,90.8,-18.44,23.87,9.68,26.13,50.0,0,0,1,0,0
2026-01-01T02:19:28Z,leak,LEAK,8610.4,40.31,90.65,-17.74,24.09,9.56,26.1,50.03,0,0,1,0,0
2026-01-01T02:19:29Z,leak,LEAK,8599.9,39.92,90.6,-17.52,24.04,9.48,26.25,50.04,0,0,1,0,0
2026-01-01T02:19:30Z,leak,LEAK,8591.7,39.94,90.91,-17.93,23.87,9.67,26.02,49.94,0,0,1,0,0
2026-01-01T02:19:31Z,leak,LEAK,8597.1,39.73,91.21,-17.5,24.17,9.64,25.98,49.9,0,0,1,0,0
2026-01-01T02:19:32Z,leak,LEAK,8570.9,39.89,91.44,-18.3,24.0,9.74,26.09,49.96,0,0,1,0,0
2026-01-01T02:19:33Z,leak,LEAK,8607.8,40.37,91.03,-17.34,24.02,9.59,25.92,49.93,0,0,1,0,0
2026-01-01T02:19:34Z,leak,LEAK,8579.5,40.0,91.5,-17.11,23.84,9.52,25.99,50.01,0,0,1,0,0
2026-01-01T02:19:35Z,leak,LEAK,8584.0,39.77,91.34,-17.71,23.97,9.61,25.97,50.06,0,0,1,0,0
2026-01-01T02:19:36Z,leak,LEAK,8596.3,40.08,90.26,-17.87,24.07,9.61,25.77,49.99,0,0,1,0,0
2026-01-01T02:19:37Z,leak,LEAK,8587.1,40.01,91.05,-17.85,23.97,9.37,26.06,49.98,0,0,1,0,0
2026-01-01T02:19:38Z,leak,LEAK,8587.4,39.92,89.84,-18.32,23.81,9.5,26.05,50.02,0,0,1,0,0
2026-01-01T02:19:39Z,leak,LEAK,8595.0,40.25,90.95,-17.64,23.91,9.72,26.01,49.98,0,0,1,0,0
2026-01-01T02:19:40Z,leak,LEAK,8593.8,40.26,90.84,-18.32,23.97,9.57,25.99,50.04,0,0,1,0,0
2026-01-01T02:19:41Z,leak,LEAK,8590.4,39.89,90.27,-18.07,24.04,9.75,25.97,50.07,0,0,1,0,0
2026-01-01T02:19:42Z,leak,LEAK,8588.8,40.11,90.45,-17.97,23.82,9.5,26.01,49.93,0,0,1,0,0
2026-01-01T02:19:43Z,leak,LEAK,8573.4,40.03,90.65,-16.97,24.01,9.59,25.85,49.96,0,0,1,0,0
2026-01-01T02:19:44Z,leak,LEAK,8589.3,40.03,90.91,-19.09,24.0,9.58,25.91,49.94,0,0,1,0,0
2026-01-01T02:19:45Z,leak,LEAK,8578.4,40.1,90.51,-18.08,24.07,9.59,25.88,49.98,0,0,1,0,0
2026-01-01T02:19:46Z,leak,LEAK,8587.2,40.3,90.55,-17.9,23.83,9.65,25.86,49.95,0,0,1,0,0
2026-01-01T02:19:47Z,leak,LEAK,8588.9,39.98,91.41,-16.65,24.05,9.55,25.95,50.08,0,0,1,0,0
2026-01-01T02:19:48Z,leak,LEAK,8580.7,40.19,90.81,-17.67,24.22,9.54,26.1,50.07,0,0,1,0,0
2026-01-01T02:19:49Z,leak,LEAK,8587.9,39.81,91.19,-18.77,24.02,9.47,25.96,49.98,0,0,1,0,0
2026-01-01T02:19:50Z,leak,LEAK,8594.6,39.78,89.75,-17.62,23.83,9.71,25.78,50.08,0,0,1,0,0
2026-01-01T02:19:51Z,leak,LEAK,8591.8,40.01,90.4,-18.73,24.0,9.59,25.82,50.01,0,0,1,0,0
2026-01-01T02:19:52Z,leak,LEAK,8592.4,39.91,90.73,-18.18,24.04,9.56,25.86,50.0,0,0,1,0,0
2026-01-01T02:19:53Z,leak,LEAK,8586.2,40.16,91.58,-17.94,23.96,9.6,25.88,50.0,0,0,1,0,0
2026-01-01T02:19:54Z,leak,LEAK,8585.1,40.14,90.38,-18.57,24.13,9.59,25.9,49.95,0,0,1,0,0
2026-01-01T02:19:55Z,leak,LEAK,8564.6,40.19,89.86,-18.4,23.95,9.54,25.86,49.93,0,0,1,0,0
2026-01-01T02:19:56Z,leak,LEAK,8575.6,39.78,91.7,-17.49,24.19,9.68,25.92,50.01,0,0,1,0,0
2026-01-01T02:19:57Z,leak,LEAK,8565.9,39.81,90.82,-17.7,24.03,9.66,25.83,50.03,0,0,1,0,0
2026-01-01T02:19:58Z,leak,LEAK,8591.9,40.25,91.16,-18.25,24.03,9.61,26.0,50.03,0,0,1,0,0
2026-01-01T02:19:59Z,leak,LEAK,8583.9,40.15,91.01,-18.0,24.05,9.65,25.93,50.0,0,0,1,0,0
2026-01-01T02:20:00Z,leak,LEAK,8564.4,39.99,90.99,-17.98,23.94,9.62,25.99,50.01,0,0,1,0,0
2026-01-01T02:20:01Z,leak,LEAK,8573.6,40.18,91.02,-17.42,23.9,9.64,25.92,50.08,0,0,1,0,0
2026-01-01T02:20:02Z,leak,LEAK,8579.4,39.85,90.47,-18.07,24.02,9.79,25.89,50.0,0,0,1,0,0
2026-01-01T02:20:03Z,leak,LEAK,8570.7,40.17,91.35,-18.18,24.16,9.61,25.93,50.0,0,0,1,0,0
2026-01-01T02:20:04Z,leak,LEAK,8578.4,39.54,90.57,-18.33,23.93,9.62,25.72,50.02,0,0,1,0,0
2026-01-01T02:20:05Z,leak,LEAK,8583.3,39.98,90.51,-18.11,23.93,9.56,25.85,49.97,0,0,1,0,0
2026-01-01T02:20:06Z,leak,LEAK,8557.7,40.0,90.53,-18.29,24.02,9.53,25.81,49.99,0,0,1,0,0
2026-01-01T02:20:07Z,leak,LEAK,8575.5,40.24,90.21,-17.89,24.07,9.72,25.8,50.09,0,0,1,0,0
2026-01-01T02:20:08Z,leak,LEAK,8571.6,39.78,90.17,-18.06,24.13,9.49,25.71,49.99,0,0,1,0,0
2026-01-01T02:20:09Z,leak,LEAK,8577.0,39.7,89.98,-18.18,24.07,9.54,25.72,49.95,0,0,1,0,0
2026-01-01T02:20:10Z,leak,LEAK,8577.4,40.23,90.73,-17.84,24.0,9.57,25.76,50.02,0,0,1,0,0
2026-01-01T02:20:11Z,leak,LEAK,8570.3,40.25,91.09,-18.38,24.18,9.72,25.65,50.08,0,0,1,0,0
2026-01-01T02:20:12Z,leak,LEAK,8569.3,40.45,90.96,-18.29,24.12,9.4,25.74,50.0,0,0,1,0,0
2026-01-01T02:20:13Z,leak,LEAK,8558.0,39.79,90.71,-18.62,24.08,9.51,25.72,50.09,0,0,1,0,0
2026-01-01T02:20:14Z,leak,LEAK,8564.8,39.84,90.77,-17.73,24.03,9.5,25.72,50.0,0,0,1,0,0
2026-01-01T02:20:15Z,leak,LEAK,8565.4,40.03,90.52,-17.58,23.89,9.36,25.78,49.98,0,0,1,0,0
2026-01-01T02:20:16Z,leak,LEAK,8563.8,39.8,91.0,-17.52,23.97,9.64,25.66,49.94,0,0,1,0,0
2026-01-01T02:20:17Z,leak,LEAK,8580.0,40.26,90.87,-17.27,24.16,9.38,25.79,50.03,0,0,1,0,0
2026-01-01T02:20:18Z,leak,LEAK,8563.4,39.84,91.45,-18.33,23.79,9.64,25.66,49.98,0,0,1,0,0
2026-01-01T02:20:19Z,leak,LEAK,8571.6,39.89,91.05,-17.79,24.0,9.63,25.7,49.96,0,0,1,0,0
2026-01-01T02:20:20Z,leak,LEAK,8561.0,40.31,91.56,-17.99,23.99,9.6,25.7,49.92,0,0,1,0,0
2026-01-01T02:20:21Z,leak,LEAK,8560.0,40.08,89.63,-18.05,24.15,9.65,25.85,49.96,0,0,1,0,0
2026-01-01T02:20:22Z,leak,LEAK,8571.8,40.13,90.69,-17.84,24.02,9.43,25.76,50.04,0,0,1,0,0
2026-01-01T02:20:23Z,leak,LEAK,8563.1,39.8,90.22,-18.49,23.98,9.6,25.71,49.94,0,0,1,0,0
2026-01-01T02:20:24Z,leak,LEAK,8564.6,39.92,90.11,-18.1,23.92,9.54,25.77,49.98,0,0,1,0,0
2026-01-01T02:20:25Z,leak,LEAK,8564.6,40.03,90.58,-17.22,24.13,9.57,25.72,50.0,0,0,1,0,0
2026-01-01T02:20:26Z,leak,LEAK,8560.9,39.92,90.78,-18.31,23.99,9.49,25.77,50.07,0,0,1,0,0
2026-01-01T02:20:27Z,leak,LEAK,8557.5,40.1,91.16,-17.76,23.82,9.67,25.72,50.1,0,0,1,0,0
2026-01-01T02:20:28Z,leak,LEAK,8548.8,39.89,90.2,-17.77,23.97,9.47,25.61,49.94,0,0,1,0,0
2026-01-01T02:20:29Z,leak,LEAK,8560.1,40.25,91.01,-18.66,23.92,9.71,25.61,50.01,0,0,1,0,0
2026-01-01T02:20:30Z,leak,LEAK,8558.9,39.92,89.6,-18.15,23.97,9.52,25.6,50.0,0,0,1,0,0
2026-01-01T02:20:31Z,leak,LEAK,8556.2,39.96,90.35,-17.86,23.87,9.46,25.64,50.05,0,0,1,0,0
2026-01-01T02:20:32Z,leak,LEAK,8551.2,39.67,90.34,-17.88,24.08,9.46,25.72,50.03,0,0,1,0,0
2026-01-01T02:20:33Z,leak,LEAK,8547.2,40.25,90.28,-18.33,24.15,9.65,25.74,50.06,0,0,1,0,0
2026-01-01T02:20:34Z,leak,LEAK,8549.7,39.91,90.51,-18.26,24.01,9.58,25.51,50.15,0,0,1,0,0
2026-01-01T02:20:35Z,leak,LEAK,8561.9,39.99,90.4,-18.21,24.02,9.56,25.62,50.09,0,0,1,0,0
2026-01-01T02:20:36Z,leak,LEAK,8549.8,40.27,90.54,-18.8,24.01,9.78,25.58,50.07,0,0,1,0,0
2026-01-01T02:20:37Z,leak,LEAK,8550.9,40.08,90.45,-17.77,24.05,9.54,25.63,49.92,0,0,1,0,0
2026-01-01T02:20:38Z,leak,LEAK,8548.6,39.91,90.68,-17.66,24.08,9.56,25.81,50.04,0,0,1,0,0
2026-01-01T02:20:39Z,leak,LEAK,8538.7,40.2,91.14,-18.39,24.09,9.59,25.67,50.01,0,0,1,0,0
2026-01-01T02:20:40Z,leak,LEAK,8550.4,39.81,89.92,-16.06,24.03,9.46,25.79,50.12,0,0,1,0,0
2026-01-01T02:20:41Z,leak,LEAK,8553.0,40.24,90.8,-17.69,24.13,9.37,25.69,49.99,0,0,1,0,0
2026-01-01T02:20:42Z,leak,LEAK,8537.6,40.11,90.14,-18.58,23.97,9.79,25.53,50.02,0,0,1,0,0
2026-01-01T02:20:43Z,leak,LEAK,8535.3,40.17,89.62,-17.96,24.17,9.65,25.61,50.02,0,0,1,0,0
2026-01-01T02:20:44Z,leak,LEAK,8545.9,40.08,89.85,-17.82,23.86,9.52,25.59,49.92,0,0,1,0,0
2026-01-01T02:20:45Z,leak,LEAK,8544.0,39.5,90.69,-17.89,23.95,9.66,25.62,49.96,0,0,1,0,0
2026-01-01T02:20:46Z,leak,LEAK,8540.3,39.94,90.56,-18.97,23.81,9.62,25.44,49.98,0,0,1,0,0
2026-01-01T02:20:47Z,leak,LEAK,8547.5,39.94,90.65,-18.71,23.94,9.57,25.6,50.02,0,0,1,0,0
2026-01-01T02:20:48Z,leak,LEAK,8556.6,40.2,90.8,-18.64,23.89,9.61,25.44,49.99,0,0,1,0,0
2026-01-01T02:20:49Z,leak,LEAK,8549.5,40.39,91.27,-18.13,24.09,9.66,25.42,50.03,0,0,1,0,0
2026-01-01T02:20:50Z,leak,LEAK,8516.1,40.35,89.95,-17.51,23.95,9.53,25.47,50.06,0,0,1,0,0
2026-01-01T02:20:51Z,leak,LEAK,8555.6,40.01,90.76,-18.12,23.94,9.68,25.58,49.94,0,0,1,0,0
2026-01-01T02:20:52Z,leak,LEAK,8534.8,39.64,89.98,-18.39,24.04,9.48,25.62,49.99,0,0,1,0,0
2026-01-01T02:20:53Z,leak,LEAK,8552.3,40.16,90.61,-18.31,23.98,9.53,25.51,49.97,0,0,1,0,0
2026-01-01T02:20:54Z,leak,LEAK,8541.8,40.1,91.04,-17.48,23.96,9.49,25.65,50.03,0,0,1,0,0
2026-01-01T02:20:55Z,leak,LEAK,8533.4,40.17,90.92,-18.41,24.19,9.51,25.36,49.97,0,0,1,0,0
2026-01-01T02:20:56Z,leak,LEAK,8538.7,39.86,89.85,-18.32,24.06,9.64,25.48,49.96,0,0,1,0,0
2026-01-01T02:20:57Z,leak,LEAK,8519.9,40.04,89.33,-17.24,24.0,9.6,25.41,49.97,0,0,1,0,0
2026-01-01T02:20:58Z,leak,LEAK,8542.5,40.07,90.42,-17.95,24.01,9.62,25.48,49.94,0,0,1,0,0
2026-01-01T02:20:59Z,leak,LEAK,8517.4,40.14,91.51,-17.34,23.88,9.71,25.44,50.01,0,0,1,0,0
2026-01-01T02:21:00Z,leak,LEAK,8527.9,40.25,90.74,-16.54,23.96,9.78,25.31,50.0,0,0,1,0,0
2026-01-01T02:21:01Z,leak,LEAK,8536.4,40.11,90.03,-16.78,24.01,9.77,25.63,49.96,0,0,1,0,0
2026-01-01T02:21:02Z,leak,LEAK,8522.9,40.26,90.22,-18.85,23.97,9.64,25.46,50.03,0,0,1,0,0
2026-01-01T02:21:03Z,leak,LEAK,8524.4,39.98,90.87,-18.69,23.86,9.6,25.41,50.0,0,0,1,0,0
2026-01-01T02:21:04Z,leak,LEAK,8530.9,39.89,89.99,-19.04,24.07,9.6,25.68,50.0,0,0,1,0,0
2026-01-01T02:21:05Z,leak,LEAK,8513.5,39.73,90.03,-17.55,23.94,9.64,25.37,49.95,0,0,1,0,0
2026-01-01T02:21:06Z,leak,LEAK,8520.0,40.0,89.99,-18.57,23.83,9.62,25.49,50.0,0,0,1,0,0
2026-01-01T02:21:07Z,leak,LEAK,8526.8,40.08,90.21,-18.1,23.96,9.57,25.32,49.96,0,0,1,0,0
2026-01-01T02:21:08Z,leak,LEAK,8532.8,40.23,89.36,-18.35,23.81,9.5,25.6,49.99,0,0,1,0,0
2026-01-01T02:21:09Z,leak,LEAK,8519.4,40.27,89.6,-18.63,24.02,9.7,25.62,49.98,0,0,1,0,0
2026-01-01T02:21:10Z,leak,LEAK,8509.7,39.83,90.1,-17.88,23.98,9.58,25.49,49.96,0,0,1,0,0
2026-01-01T02:21:11Z,leak,LEAK,8529.7,40.29,90.88,-17.22,23.85,9.55,25.43,50.04,0,0,1,0,0
2026-01-01T02:21:12Z,leak,LEAK,8510.5,40.05,90.02,-17.99,23.97,9.52,25.48,50.05,0,0,1,0,0
2026-01-01T02:21:13Z,leak,LEAK,8521.7,40.01,89.22,-18.3,24.06,9.51,25.51,50.02,0,0,1,0,0
2026-01-01T02:21:14Z,leak,LEAK,8506.2,40.26,90.42,-18.57,23.84,9.61,25.47,49.96,0,0,1,0,0
2026-01-01T02:21:15Z,leak,LEAK,8518.4,39.78,90.29,-17.93,23.87,9.47,25.23,50.0,0,0,1,0,0
2026-01-01T02:21:16Z,leak,LEAK,8530.3,40.33,89.84,-17.67,24.06,9.67,25.23,50.0,0,0,1,0,0
2026-01-01T02:21:17Z,leak,LEAK,8506.5,40.15,89.38,-18.01,24.02,9.33,25.19,50.06,0,0,1,0,0
2026-01-01T02:21:18Z,leak,LEAK,8506.3,39.84,90.94,-17.69,24.0,9.38,25.42,50.0,0,0,1,0,0
2026-01-01T02:21:19Z,leak,LEAK,8526.3,40.15,90.17,-17.84,24.04,9.72,25.43,50.0,0,0,1,0,0
2026-01-01T02:21:20Z,leak,LEAK,8513.8,40.18,90.27,-18.04,23.92,9.69,25.29,50.02,0,0,1,0,0
2026-01-01T02:21:21Z,leak,LEAK,8506.8,39.84,90.52,-18.26,24.04,9.68,25.53,50.05,0,0,1,0,0
2026-01-01T02:21:22Z,leak,LEAK,8539.2,39.63,89.62,-17.78,24.05,9.85,25.35,49.95,0,0,1,0,0
2026-01-01T02:21:23Z,leak,LEAK,8518.1,40.14,90.5,-18.05,23.9,9.72,25.26,50.0,0,0,1,0,0
2026-01-01T02:21:24Z,leak,LEAK,8503.1,39.74,89.89,-18.79,23.94,9.52,25.3,50.08,0,0,1,0,0
2026-01-01T02:21:25Z,leak,LEAK,8507.1,39.73,90.18,-18.53,23.99,9.76,25.19,50.1,0,0,1,0,0
2026-01-01T02:21:26Z,leak,LEAK,8521.5,40.04,89.82,-18.71,24.21,9.7,25.45,49.96,0,0,1,0,0
2026-01-01T02:21:27Z,leak,LEAK,8502.4,39.75,89.36,-18.05,23.92,9.6,25.27,49.96,0,0,1,0,0
2026-01-01T02:21:28Z,leak,LEAK,8524.1,39.96,89.62,-17.4,24.04,9.52,25.34,50.06,0,0,1,0,0
2026-01-01T02:21:29Z,leak,LEAK,8498.3,39.91,90.4,-17.58,23.95,9.57,25.28,49.96,0,0,1,0,0
2026-01-01T02:21:30Z,leak,LEAK,8499.7,39.58,89.9,-18.22,24.11,9.58,25.14,49.98,0,0,1,0,0
2026-01-01T02:21:31Z,leak,LEAK,8497.7,40.07,90.85,-17.79,24.02,9.73,25.32,50.01,0,0,1,0,0
2026-01-01T02:21:32Z,leak,LEAK,8503.1,39.83,90.17,-18.06,24.01,9.52,25.36,49.93,0,0,1,0,0
2026-01-01T02:21:33Z,leak,LEAK,8492.6,39.99,90.11,-18.89,24.2,9.62,25.16,49.96,0,0,1,0,0
2026-01-01T02:21:34Z,leak,LEAK,8478.0,39.85,90.56,-18.95,24.05,9.79,25.18,49.98,0,0,1,0,0
2026-01-01T02:21:35Z,leak,LEAK,8489.8,39.84,89.6,-18.13,24.1,9.71,25.34,50.08,0,0,1,0,0
2026-01-01T02:21:36Z,leak,LEAK,8498.8,39.74,90.7,-17.46,24.18,9.55,25.28,49.96,0,0,1,0,0
2026-01-01T02:21:37Z,leak,LEAK,8498.8,39.64,90.89,-18.29,23.84,9.71,25.16,50.01,0,0,1,0,0
2026-01-01T02:21:38Z,leak,LEAK,8496.9,40.01,89.49,-17.77,23.84,9.54,25.16,49.98,0,0,1,0,0
2026-01-01T02:21:39Z,leak,LEAK,8494.8,40.13,90.11,-18.2,24.05,9.56,25.45,49.93,0,0,1,0,0
2026-01-01T02:21:40Z,leak,LEAK,8475.7,40.06,90.06,-18.21,23.92,9.58,25.07,50.0,0,0,1,0,0
2026-01-01T02:21:41Z,leak,LEAK,8496.0,40.01,90.78,-17.42,23.97,9.73,25.43,50.05,0,0,1,0,0
2026-01-01T02:21:42Z,leak,LEAK,8484.5,40.15,89.39,-18.06,23.95,9.7,25.48,49.98,0,0,1,0,0
2026-01-01T02:21:43Z,leak,LEAK,8494.1,40.02,90.43,-19.16,23.82,9.65,25.27,49.98,0,0,1,0,0
2026-01-01T02:21:44Z,leak,LEAK,8504.2,40.09,89.75,-18.26,23.93,9.44,25.44,50.0,0,0,1,0,0
2026-01-01T02:21:45Z,leak,LEAK,8463.1,40.27,90.35,-18.65,23.91,9.57,25.32,50.03,0,0,1,0,0
2026-01-01T02:21:46Z,leak,LEAK,8498.2,39.89,89.88,-18.33,24.11,9.65,25.03,50.09,0,0,1,0,0
2026-01-01T02:21:47Z,leak,LEAK,8489.2,40.05,91.19,-19.14,23.99,9.42,25.14,50.04,0,0,1,0,0
2026-01-01T02:21:48Z,leak,LEAK,8478.8,39.98,90.19,-18.69,24.08,9.76,25.17,49.99,0,0,1,0,0
2026-01-01T02:21:49Z,leak,LEAK,8489.9,39.56,90.19,-17.87,23.99,9.62,25.11,49.99,0,0,1,0,0
2026-01-01T02:21:50Z,leak,LEAK,8458.9,40.05,89.75,-18.63,24.26,9.63,24.99,50.02,0,0,1,0,0
2026-01-01T02:21:51Z,leak,LEAK,8511.7,40.05,90.07,-17.6,24.02,9.57,25.3,49.96,0,0,1,0,0
2026-01-01T02:21:52Z,leak,LEAK,8477.5,40.07,89.52,-18.83,23.98,9.58,25.07,49.98,0,0,1,0,0
2026-01-01T02:21:53Z,leak,LEAK,8488.6,39.71,90.05,-16.99,23.96,9.46,25.01,50.01,0,0,1,0,0
2026-01-01T02:21:54Z,leak,LEAK,8475.5,39.72,89.71,-17.92,23.91,9.71,25.15,49.98,0,0,1,0,0
2026-01-01T02:21:55Z,leak,LEAK,8481.9,40.37,90.12,-18.96,24.0,9.64,25.24,50.05,0,0,1,0,0
2026-01-01T02:21:56Z,leak,LEAK,8470.2,40.21,90.44,-17.07,24.13,9.68,24.93,49.98,0,0,1,0,0
2026-01-01T02:21:57Z,leak,LEAK,8493.7,40.32,89.52,-18.69,24.0,9.64,25.01,49.97,0,0,1,0,0
2026-01-01T02:21:58Z,leak,LEAK,8474.1,40.03,89.75,-17.07,23.93,9.48,25.01,50.0,0,0,1,0,0
2026-01-01T02:21:59Z,leak,LEAK,8471.5,40.05,90.75,-18.97,23.9,9.5,25.08,50.04,0,0,1,0,0
2026-01-01T02:22:00Z,leak,LEAK,8455.6,39.75,89.94,-18.18,23.99,9.51,25.04,50.04,0,0,1,0,0
2026-01-01T02:22:01Z,leak,LEAK,8460.9,39.95,90.49,-17.75,24.05,9.44,24.97,50.0,0,0,1,0,0
2026-01-01T02:22:02Z,leak,LEAK,8487.0,39.86,90.05,-17.89,24.18,9.67,25.0,49.98,0,0,1,0,0
2026-01-01T02:22:03Z,leak,LEAK,8484.7,39.99,89.79,-18.1,24.1,9.63,24.88,49.97,0,0,1,0,0
2026-01-01T02:22:04Z,leak,LEAK,8474.9,40.01,89.97,-18.56,23.97,9.65,25.1,50.02,0,0,1,0,0
2026-01-01T02:22:05Z,leak,LEAK,8458.5,40.03,90.23,-19.05,24.13,9.46,25.09,49.98,0,0,1,0,0
2026-01-01T02:22:06Z,leak,LEAK,8446.6,40.38,89.81,-17.72,24.08,9.67,25.12,50.0,0,0,1,0,0
2026-01-01T02:22:07Z,leak,LEAK,8465.8,39.7,89.04,-17.29,24.03,9.61,24.9,49.97,0,0,1,0,0
2026-01-01T02:22:08Z,leak,LEAK,8450.8,39.74,89.47,-18.2,24.08,9.29,24.98,50.07,0,0,1,0,0
2026-01-01T02:22:09Z,leak,LEAK,8463.5,39.96,90.11,-17.95,23.97,9.63,24.98,50.02,0,0,1,0,0
2026-01-01T02:22:10Z,leak,LEAK,8467.0,39.93,90.0,-18.4,24.12,9.54,24.93,50.05,0,0,1,0,0
2026-01-01T02:22:11Z,leak,LEAK,8468.7,39.68,89.43,-17.31,23.99,9.52,24.99,50.07,0,0,1,0,0
2026-01-01T02:22:12Z,leak,LEAK,8452.8,40.07,90.07,-18.46,24.07,9.48,24.95,50.07,0,0,1,0,0
2026-01-01T02:22:13Z,leak,LEAK,8449.8,40.0,89.49,-17.91,24.03,9.57,24.79,49.98,0,0,1,0,0
2026-01-01T02:22:14Z,leak,LEAK,8472.2,39.72,89.01,-17.74,24.01,9.46,25.08,50.0,0,0,1,0,0
2026-01-01T02:22:15Z,leak,LEAK,8452.4,39.96,89.96,-17.93,23.93,9.68,24.78,50.02,0,0,1,0,0
2026-01-01T02:22:16Z,leak,LEAK,8454.9,40.09,89.87,-18.23,23.83,9.45,24.85,49.94,0,0,1,0,0
2026-01-01T02:22:17Z,leak,LEAK,8450.5,40.33,89.72,-18.07,23.92,9.64,24.64,50.04,0,0,1,0,0
2026-01-01T02:22:18Z,leak,LEAK,8450.6,39.99,89.42,-17.56,24.01,9.72,24.72,50.03,0,0,1,0,0
2026-01-01T02:22:19Z,leak,LEAK,8468.4,39.89,89.11,-18.86,24.15,9.77,24.83,50.0,0,0,1,0,0
2026-01-01T02:22:20Z,leak,LEAK,8451.7,40.11,90.05,-17.26,24.17,9.59,24.93,49.91,0,0,1,0,0
2026-01-01T02:22:21Z,leak,LEAK,8457.2,40.01,89.08,-16.96,24.02,9.65,24.81,49.94,0,0,1,0,0
2026-01-01T02:22:22Z,leak,LEAK,8466.1,40.32,89.55,-17.77,23.86,9.52,24.87,50.05,0,0,1,0,0
2026-01-01T02:22:23Z,leak,LEAK,8458.0,40.38,90.1,-17.74,23.99,9.61,25.08,50.01,0,0,1,0,0
2026-01-01T02:22:24Z,leak,LEAK,8456.0,40.1,89.88,-17.89,24.25,9.47,24.91,50.03,0,0,1,0,0
2026-01-01T02:22:25Z,leak,LEAK,8447.1,40.04,89.8,-18.73,24.1,9.74,24.88,49.97,0,0,1,0,0
2026-01-01T02:22:26Z,leak,LEAK,8465.4,40.16,89.58,-18.51,24.07,9.52,24.93,50.03,0,0,1,0,0
2026-01-01T02:22:27Z,leak,LEAK,8452.8,39.85,89.77,-17.73,24.04,9.61,24.87,50.01,0,0,1,0,0
2026-01-01T02:22:28Z,leak,LEAK,8449.0,40.02,89.6,-18.34,23.88,9.65,24.89,49.97,0,0,1,0,0
2026-01-01T02:22:29Z,leak,LEAK,8451.2,40.44,89.98,-17.98,24.0,9.51,25.05,50.04,0,0,1,0,0
2026-01-01T02:22:30Z,leak,LEAK,8437.5,39.76,89.68,-16.84,24.07,9.77,25.04,50.04,0,0,1,0,0
2026-01-01T02:22:31Z,leak,LEAK,8448.7,39.93,89.53,-18.04,24.18,9.57,24.83,49.99,0,0,1,0,0
2026-01-01T02:22:32Z,leak,LEAK,8440.8,40.01,88.8,-18.35,24.04,9.71,24.75,49.93,0,0,1,0,0
2026-01-01T02:22:33Z,leak,LEAK,8433.7,40.05,89.02,-17.99,23.93,9.52,24.81,50.02,0,0,1,0,0
2026-01-01T02:22:34Z,leak,LEAK,8451.2,40.11,89.28,-18.8,24.08,9.6,25.0,50.06,0,0,1,0,0
2026-01-01T02:22:35Z,leak,LEAK,8435.5,40.13,90.37,-18.31,24.15,9.46,24.71,50.11,0,0,1,0,0
2026-01-01T02:22:36Z,leak,LEAK,8434.8,39.93,89.63,-18.07,24.08,9.7,24.95,49.98,0,0,1,0,0
2026-01-01T02:22:37Z,leak,LEAK,8443.6,40.01,89.76,-17.31,23.95,9.66,24.81,50.05,0,0,1,0,0
2026-01-01T02:22:38Z,leak,LEAK,8440.6,40.11,89.35,-17.1,24.12,9.7,24.77,50.07,0,0,1,0,0
2026-01-01T02:22:39Z,leak,LEAK,8431.6,39.94,89.93,-17.86,23.99,9.55,24.71,50.12,0,0,1,0,0
2026-01-01T02:22:40Z,leak,LEAK,8436.0,40.21,89.03,-17.2,24.06,9.63,24.92,50.02,0,0,1,0,0
2026-01-01T02:22:41Z,leak,LEAK,8440.0,40.16,89.78,-17.45,23.88,9.64,24.92,50.06,0,0,1,0,0
2026-01-01T02:22:42Z,leak,LEAK,8436.2,40.05,88.74,-18.95,23.96,9.57,24.83,50.07,0,0,1,0,0
2026-01-01T02:22:43Z,leak,LEAK,8449.3,39.66,90.17,-17.55,24.03,9.55,24.73,49.85,0,0,1,0,0
2026-01-01T02:22:44Z,leak,LEAK,8444.1,40.15,89.46,-18.45,24.19,9.71,24.59,49.97,0,0,1,0,0
2026-01-01T02:22:45Z,leak,LEAK,8425.0,39.57,89.51,-17.79,23.97,9.66,24.91,50.04,0,0,1,0,0
2026-01-01T02:22:46Z,leak,LEAK,8435.2,40.27,89.29,-17.91,23.95,9.8,24.63,49.93,0,0,1,0,0
2026-01-01T02:22:47Z,leak,LEAK,8429.0,39.61,90.13,-17.48,23.95,9.65,24.65,50.04,0,0,1,0,0
2026-01-01T02:22:48Z,leak,LEAK,8417.4,40.11,88.1,-18.16,24.09,9.67,24.88,50.05,0,0,1,0,0
2026-01-01T02:22:49Z,leak,LEAK,8436.3,39.88,88.89,-18.29,24.12,9.79,24.75,50.1,0,0,1,0,0
2026-01-01T02:22:50Z,leak,LEAK,8422.7,40.11,88.9,-18.27,23.77,9.62,24.76,49.92,0,0,1,0,0
2026-01-01T02:22:51Z,leak,LEAK,8432.7,39.81,88.88,-18.32,23.99,9.54,24.59,49.94,0,0,1,0,0
2026-01-01T02:22:52Z,leak,LEAK,8441.2,40.09,89.5,-17.83,24.03,9.63,24.93,49.93,0,0,1,0,0
2026-01-01T02:22:53Z,leak,LEAK,8419.0,40.01,89.04,-16.97,23.86,9.56,24.75,49.97,0,0,1,0,0
2026-01-01T02:22:54Z,leak,LEAK,8425.8,40.06,89.82,-17.39,23.99,9.6,24.93,50.03,0,0,1,0,0
2026-01-01T02:22:55Z,leak,LEAK,8415.5,39.91,89.95,-18.22,23.94,9.64,24.75,50.02,0,0,1,0,0
2026-01-01T02:22:56Z,leak,LEAK,8415.7,40.44,90.1,-18.46,23.95,9.61,24.53,50.07,0,0,1,0,0
2026-01-01T02:22:57Z,leak,LEAK,8406.3,40.16,89.45,-18.06,23.75,9.78,24.77,50.01,0,0,1,0,0
2026-01-01T02:22:58Z,leak,LEAK,8417.4,40.21,88.91,-18.75,23.86,9.58,24.73,49.91,0,0,1,0,0
2026-01-01T02:22:59Z,leak,LEAK,8422.9,40.11,88.67,-17.1,23.98,9.44,24.6,50.0,0,0,1,0,0
2026-01-01T02:23:00Z,leak,LEAK,8415.6,40.19,87.84,-18.55,23.99,9.65,24.5,50.05,0,0,1,0,0
2026-01-01T02:23:01Z,leak,LEAK,8411.8,40.01,89.76,-18.17,24.24,9.56,24.64,50.03,0,0,1,0,0
2026-01-01T02:23:02Z,leak,LEAK,8423.9,39.93,88.63,-17.87,24.01,9.66,24.75,50.02,0,0,1,0,0
2026-01-01T02:23:03Z,leak,LEAK,8416.3,39.98,88.82,-17.75,24.06,9.52,24.58,50.12,0,0,1,0,0
2026-01-01T02:23:04Z,leak,LEAK,8411.4,39.97,89.21,-18.67,24.03,9.58,24.62,50.07,0,0,1,0,0
2026-01-01T02:23:05Z,leak,LEAK,8399.0,40.41,89.21,-18.64,23.86,9.66,24.59,50.09,0,0,1,0,0
2026-01-01T02:23:06Z,leak,LEAK,8423.0,40.17,89.61,-17.07,23.99,9.59,24.69,50.0,0,0,1,0,0
2026-01-01T02:23:07Z,leak,LEAK,8424.6,40.07,89.67,-16.98,24.05,9.53,24.73,49.98,0,0,1,0,0
2026-01-01T02:23:08Z,leak,LEAK,8413.5,40.0,89.14,-18.05,23.75,9.52,24.61,49.94,0,0,1,0,0
2026-01-01T02:23:09Z,leak,LEAK,8420.2,40.08,88.89,-18.32,24.05,9.64,24.63,49.95,0,0,1,0,0
2026-01-01T02:23:10Z,leak,LEAK,8423.7,40.14,88.93,-18.27,23.93,9.33,24.66,50.0,0,0,1,0,0
2026-01-01T02:23:11Z,leak,LEAK,8426.3,39.78,89.3,-18.52,23.82,9.45,24.49,49.95,0,0,1,0,0
2026-01-01T02:23:12Z,leak,LEAK,8407.8,40.03,89.4,-18.58,24.08,9.74,24.62,50.1,0,0,1,0,0
2026-01-01T02:23:13Z,leak,LEAK,8420.0,40.15,88.78,-18.04,23.93,9.68,24.62,49.97,0,0,1,0,0
2026-01-01T02:23:14Z,leak,LEAK,8408.7,39.79,88.73,-17.65,23.97,9.58,24.59,49.93,0,0,1,0,0
2026-01-01T02:23:15Z,leak,LEAK,8419.4,39.86,89.04,-17.79,24.03,9.5,24.52,49.92,0,0,1,0,0
2026-01-01T02:23:16Z,leak,LEAK,8408.4,40.27,89.35,-18.13,23.94,9.54,24.57,50.03,0,0,1,0,0
2026-01-01T02:23:17Z,leak,LEAK,8420.8,39.96,88.28,-17.14,23.94,9.57,24.59,49.96,0,0,1,0,0
2026-01-01T02:23:18Z,leak,LEAK,8431.9,40.25,88.37,-18.23,24.07,9.77,24.66,49.95,0,0,1,0,0
2026-01-01T02:23:19Z,leak,LEAK,8412.9,39.96,89.09,-18.4,23.74,9.68,24.32,50.02,0,0,1,0,0
2026-01-01T02:23:20Z,leak,LEAK,8413.1,40.04,89.53,-18.42,23.75,9.67,24.46,50.15,0,0,1,0,0
2026-01-01T02:23:21Z,leak,LEAK,8425.8,39.9,89.42,-19.09,24.11,9.64,24.3,49.97,0,0,1,0,0
2026-01-01T02:23:22Z,leak,LEAK,8411.4,40.1,89.71,-18.09,23.91,9.63,24.52,50.05,0,0,1,0,0
2026-01-01T02:23:23Z,leak,LEAK,8419.0,39.9,89.68,-18.43,23.91,9.35,24.62,50.04,0,0,1,0,0
2026-01-01T02:23:24Z,leak,LEAK,8393.1,39.95,89.43,-18.59,24.0,9.73,24.49,49.98,0,0,1,0,0
2026-01-01T02:23:25Z,leak,LEAK,8407.1,39.56,88.95,-18.2,24.03,9.51,24.65,49.94,0,0,1,0,0
2026-01-01T02:23:26Z,leak,LEAK,8409.4,40.15,89.96,-17.3,23.87,9.62,24.46,49.99,0,0,1,0,0
2026-01-01T02:23:27Z,leak,LEAK,8430.4,39.94,89.27,-18.13,23.8,9.64,24.48,49.99,0,0,1,0,0
2026-01-01T02:23:28Z,leak,LEAK,8415.5,39.55,89.55,-18.31,23.95,9.48,24.5,50.04,0,0,1,0,0
2026-01-01T02:23:29Z,leak,LEAK,8409.5,39.73,89.34,-18.72,23.98,9.38,24.6,49.96,0,0,1,0,0
2026-01-01T02:23:30Z,leak,LEAK,8413.4,39.92,89.06,-17.68,23.89,9.71,24.57,50.01,0,0,1,0,0
2026-01-01T02:23:31Z,leak,LEAK,8405.2,40.07,89.7,-17.83,23.96,9.63,24.6,49.99,0,0,1,0,0
2026-01-01T02:23:32Z,leak,LEAK,8411.1,39.86,88.89,-17.44,24.04,9.49,24.37,49.92,0,0,1,0,0
2026-01-01T02:23:33Z,leak,LEAK,8414.0,40.03,89.48,-18.3,24.12,9.61,24.39,50.01,0,0,1,0,0
2026-01-01T02:23:34Z,leak,LEAK,8391.4,39.67,89.18,-18.52,23.94,9.68,24.45,50.08,0,0,1,0,0
2026-01-01T02:23:35Z,leak,LEAK,8402.8,39.84,88.69,-17.45,24.0,9.72,24.32,50.0,0,0,1,0,0
2026-01-01T02:23:36Z,leak,LEAK,8401.1,40.23,89.35,-17.99,24.14,9.61,24.36,50.02,0,0,1,0,0
2026-01-01T02:23:37Z,leak,LEAK,8410.0,40.3,88.3,-17.99,23.95,9.47,24.39,49.99,0,0,1,0,0
2026-01-01T02:23:38Z,leak,LEAK,8399.6,39.8,89.27,-17.75,23.95,9.74,24.48,49.98,0,0,1,0,0
2026-01-01T02:23:39Z,leak,LEAK,8401.7,39.85,89.65,-18.34,23.93,9.61,24.37,50.04,0,0,1,0,0
2026-01-01T02:23:40Z,leak,LEAK,8396.6,39.86,88.69,-17.67,24.03,9.59,24.39,49.98,0,0,1,0,0
2026-01-01T02:23:41Z,leak,LEAK,8397.1,39.86,89.09,-18.35,24.07,9.67,24.46,49.99,0,0,1,0,0
2026-01-01T02:23:42Z,leak,LEAK,8417.4,39.93,88.97,-17.77,24.04,9.64,24.43,49.96,0,0,1,0,0
2026-01-01T02:23:43Z,leak,LEAK,8407.7,40.16,88.93,-17.76,23.96,9.66,24.35,50.07,0,0,1,0,0
2026-01-01T02:23:44Z,leak,LEAK,8390.6,39.7,88.82,-18.15,23.88,9.58,24.36,50.02,0,0,1,0,0
2026-01-01T02:23:45Z,leak,LEAK,8403.3,39.99,88.45,-18.57,23.89,9.51,24.36,50.01,0,0,1,0,0
2026-01-01T02:23:46Z,leak,LEAK,8389.9,40.02,88.96,-17.15,24.04,9.77,24.43,50.0,0,0,1,0,0
2026-01-01T02:23:47Z,leak,LEAK,8396.4,40.01,89.17,-17.43,24.09,9.62,24.44,50.03,0,0,1,0,0
2026-01-01T02:23:48Z,leak,LEAK,8403.9,39.82,88.5,-17.84,24.05,9.59,24.37,50.02,0,0,1,0,0
2026-01-01T02:23:49Z,leak,LEAK,8402.7,40.01,88.24,-17.94,23.92,9.57,24.31,49.93,0,0,1,0,0
2026-01-01T02:23:50Z,leak,LEAK,8395.4,40.28,89.04,-17.82,23.99,9.7,24.36,50.08,0,0,1,0,0
2026-01-01T02:23:51Z,leak,LEAK,8407.3,39.87,89.36,-18.04,23.81,9.54,24.47,50.03,0,0,1,0,0
2026-01-01T02:23:52Z,leak,LEAK,8386.1,39.94,89.26,-18.44,24.23,9.67,24.26,49.87,0,0,1,0,0
2026-01-01T02:23:53Z,leak,LEAK,8400.7,40.19,89.39,-19.09,24.02,9.58,24.3,50.03,0,0,1,0,0
2026-01-01T02:23:54Z,leak,LEAK,8395.2,39.95,88.36,-17.81,23.93,9.6,24.38,49.95,0,0,1,0,0
2026-01-01T02:23:55Z,leak,LEAK,8423.0,40.4,88.44,-18.38,24.16,9.58,24.32,49.98,0,0,1,0,0
2026-01-01T02:23:56Z,leak,LEAK,8392.4,40.04,88.77,-18.08,23.99,9.65,24.31,49.97,0,0,1,0,0
2026-01-01T02:23:57Z,leak,LEAK,8409.6,39.6,88.75,-18.38,24.07,9.62,24.28,49.98,0,0,1,0,0
2026-01-01T02:23:58Z,leak,LEAK,8417.9,39.69,89.41,-18.75,23.96,9.69,24.52,49.94,0,0,1,0,0
2026-01-01T02:23:59Z,leak,LEAK,8388.0,40.03,89.17,-18.06,23.9,9.73,24.31,50.02,0,0,1,0,0
2026-01-01T02:24:00Z,leak,LEAK,8396.2,39.7,88.92,-18.55,24.06,9.51,24.44,49.88,0,0,1,0,0
2026-01-01T02:24:01Z,leak,NORMAL,8411.5,39.86,87.94,-14.75,23.65,10.09,24.11,50.05,0,0,0,0,0
2026-01-01T02:24:02Z,leak,NORMAL,8387.7,39.77,88.17,-12.22,23.06,10.44,24.23,50.08,0,0,0,0,0
2026-01-01T02:24:03Z,leak,NORMAL,8388.4,39.83,89.08,-8.71,22.76,10.83,24.26,50.02,0,0,0,0,0
2026-01-01T02:24:04Z,leak,NORMAL,8392.3,40.48,89.74,-4.87,22.32,11.23,24.22,49.97,0,0,0,0,0
2026-01-01T02:24:05Z,leak,NORMAL,8377.7,39.9,89.74,-2.68,21.97,11.49,24.2,50.0,0,0,0,0,0
2026-01-01T02:24:06Z,leak,NORMAL,8428.8,39.82,88.65,0.19,21.55,11.89,24.28,49.92,0,0,0,0,0
2026-01-01T02:24:07Z,leak,NORMAL,8391.4,39.86,89.01,2.94,21.26,12.15,24.34,50.1,0,0,0,0,0
2026-01-01T02:24:08Z,leak,NORMAL,8417.1,39.81,90.05,4.84,21.02,12.26,24.42,50.0,0,0,0,0,0
2026-01-01T02:24:09Z,leak,NORMAL,8404.7,39.81,89.39,7.61,20.96,12.61,24.19,49.92,0,0,0,0,0
2026-01-01T02:24:10Z,leak,NORMAL,8397.6,39.91,89.79,11.49,20.53,12.81,24.2,50.09,0,0,0,0,0
2026-01-01T02:24:11Z,leak,NORMAL,8396.4,40.0,88.75,13.76,20.31,13.11,24.25,49.97,0,0,0,0,0
2026-01-01T02:24:12Z,leak,NORMAL,8387.5,40.26,88.94,15.94,19.7,13.19,24.42,50.05,0,0,0,0,0
2026-01-01T02:24:13Z,leak,NORMAL,8403.6,39.68,89.15,17.75,19.63,13.4,24.04,49.92,0,0,0,0,0
2026-01-01T02:24:14Z,leak,NORMAL,8399.5,39.56,88.25,20.57,19.45,13.63,24.23,50.04,0,0,0,0,0
2026-01-01T02:24:15Z,leak,NORMAL,8407.4,39.77,89.17,21.74,19.18,13.81,24.19,49.93,0,0,0,0,0
2026-01-01T02:24:16Z,leak,NORMAL,8402.0,39.87,88.67,23.17,18.97,14.13,23.95,50.02,0,0,0,0,0
2026-01-01T02:24:17Z,leak,NORMAL,8402.3,39.79,88.83,25.12,18.87,14.14,24.19,49.93,0,0,0,0,0
2026-01-01T02:24:18Z,leak,NORMAL,8382.4,40.2,89.33,28.62,18.67,14.14,24.19,49.97,0,0,0,0,0
2026-01-01T02:24:19Z,leak,NORMAL,8386.1,39.91,88.49,28.89,18.4,14.4,24.18,49.99,0,0,0,0,0
2026-01-01T02:24:20Z,leak,NORMAL,8405.6,39.92,89.85,31.33,18.22,14.43,24.12,49.9,0,0,0,0,0
2026-01-01T02:24:21Z,leak,NORMAL,8400.6,39.72,88.6,32.64,17.97,14.58,24.22,50.01,0,0,0,0,0
2026-01-01T02:24:22Z,leak,NORMAL,8400.5,39.56,88.82,35.28,17.65,14.51,24.19,50.05,0,0,0,0,0
2026-01-01T02:24:23Z,leak,NORMAL,8400.6,39.79,88.93,36.94,17.77,14.77,24.15,49.95,0,0,0,0,0
2026-01-01T02:24:24Z,leak,NORMAL,8424.6,40.0,89.46,39.21,17.64,14.96,24.25,50.06,0,0,0,0,0
2026-01-01T02:24:25Z,leak,NORMAL,8403.2,40.17,87.98,40.43,17.42,14.99,24.32,50.01,0,0,0,0,0
2026-01-01T02:24:26Z,leak,NORMAL,8404.0,39.95,88.57,41.22,17.53,15.04,24.15,49.96,0,0,0,0,0
2026-01-01T02:24:27Z,leak,NORMAL,8424.9,39.76,89.18,42.05,17.17,15.1,24.11,50.02,0,0,0,0,0
2026-01-01T02:24:28Z,leak,NORMAL,8399.4,39.9,88.97,43.91,17.26,15.1,24.18,50.08,0,0,0,0,0
2026-01-01T02:24:29Z,leak,NORMAL,8389.6,39.86,89.29,44.84,17.01,15.26,24.15,50.0,0,0,0,0,0
2026-01-01T02:24:30Z,leak,NORMAL,8397.5,40.27,89.29,46.9,16.73,15.21,24.27,50.01,0,0,0,0,0
2026-01-01T02:24:31Z,leak,NORMAL,8417.9,39.94,88.79,49.03,16.84,15.27,24.22,50.0,0,0,0,0,0
2026-01-01T02:24:32Z,leak,NORMAL,8416.3,39.99,88.29,48.72,16.78,15.57,24.04,50.02,0,0,0,0,0
2026-01-01T02:24:33Z,leak,NORMAL,8411.7,39.9,88.53,51.06,16.79,15.55,24.16,49.94,0,0,0,0,0
2026-01-01T02:24:34Z,leak,NORMAL,8409.6,39.79,89.18,50.11,16.47,15.44,24.19,49.88,0,0,0,0,0
2026-01-01T02:24:35Z,leak,NORMAL,8387.2,39.81,87.79,51.89,16.3,15.25,24.12,50.04,0,0,0,0,0
2026-01-01T02:24:36Z,leak,NORMAL,8417.0,40.26,88.56,52.2,16.35,15.61,24.07,49.99,0,0,0,0,0
2026-01-01T02:24:37Z,leak,NORMAL,8400.3,39.8,88.93,54.05,16.23,15.52,24.1,50.0,0,0,0,0,0
2026-01-01T02:24:38Z,leak,NORMAL,8404.6,39.83,88.8,54.84,16.27,15.6,24.08,50.07,0,0,0,0,0
2026-01-01T02:24:39Z,leak,NORMAL,8402.5,39.85,89.3,54.99,16.22,15.54,24.04,49.97,0,0,0,0,0
2026-01-01T02:24:40Z,leak,NORMAL,8416.9,39.96,88.88,56.44,16.32,15.49,24.16,49.94,0,0,0,0,0
2026-01-01T02:24:41Z,leak,NORMAL,8389.8,40.04,89.04,56.51,16.0,15.41,24.03,50.01,0,0,0,0,0
2026-01-01T02:24:42Z,leak,NORMAL,8401.1,39.66,88.89,57.74,16.05,15.64,24.09,50.03,0,0,0,0,0
2026-01-01T02:24:43Z,leak,NORMAL,8420.1,40.31,89.89,59.56,15.97,15.69,24.19,49.98,0,0,0,0,0
2026-01-01T02:24:44Z,leak,NORMAL,8382.0,39.94,89.54,60.69,15.8,15.48,24.11,50.02,0,0,0,0,0
2026-01-01T02:24:45Z,leak,NORMAL,8410.3,40.24,88.58,59.86,15.97,15.47,24.14,50.03,0,0,0,0,0
2026-01-01T02:24:46Z,leak,NORMAL,8408.7,39.8,88.91,60.88,15.74,15.61,24.18,50.01,0,0,0,0,0
2026-01-01T02:24:47Z,leak,NORMAL,8404.6,39.71,88.65,61.59,15.77,15.77,24.11,50.02,0,0,0,0,0
2026-01-01T02:24:48Z,leak,NORMAL,8409.6,40.29,88.98,62.31,15.81,15.69,23.97,50.01,0,0,0,0,0
2026-01-01T02:24:49Z,leak,NORMAL,8409.9,40.11,88.92,64.18,15.82,15.37,23.93,50.02,0,0,0,0,0
2026-01-01T02:24:50Z,leak,NORMAL,8416.4,39.83,88.96,64.07,15.65,15.62,24.01,49.95,0,0,0,0,0
2026-01-01T02:24:51Z,leak,NORMAL,8399.6,39.79,89.43,63.52,15.75,15.61,24.18,50.05,0,0,0,0,0
2026-01-01T02:24:52Z,leak,NORMAL,8417.3,40.19,90.08,64.43,15.58,15.6,23.95,49.99,0,0,0,0,0
2026-01-01T02:24:53Z,leak,NORMAL,8419.0,40.1,89.6,65.23,15.72,15.71,24.08,50.01,0,0,0,0,0
2026-01-01T02:24:54Z,leak,NORMAL,8423.0,39.86,89.05,66.04,15.62,15.7,23.92,50.03,0,0,0,0,0
2026-01-01T02:24:55Z,leak,NORMAL,8403.6,39.89,88.77,66.18,15.57,15.34,23.97,49.96,0,0,0,0,0
2026-01-01T02:24:56Z,leak,NORMAL,8410.9,40.01,88.3,67.26,15.49,15.68,23.81,49.94,0,0,0,0,0
2026-01-01T02:24:57Z,leak,NORMAL,8419.5,39.79,89.28,66.66,15.33,15.71,23.76,50.04,0,0,0,0,0
2026-01-01T02:24:58Z,leak,NORMAL,8414.9,39.97,89.01,67.65,15.6,15.71,23.92,49.93,0,0,0,0,0
2026-01-01T02:24:59Z,leak,NORMAL,8418.3,40.0,89.22,68.89,15.44,15.77,23.98,50.08,0,0,0,0,0
2026-01-01T02:25:00Z,leak,NORMAL,8412.0,39.85,89.18,69.1,15.47,15.52,23.97,49.95,0,0,0,0,0
2026-01-01T02:25:01Z,leak,NORMAL,8408.1,39.6,89.17,68.82,15.19,15.76,23.98,50.04,0,0,0,0,0
2026-01-01T02:25:02Z,leak,NORMAL,8433.2,39.75,89.68,70.47,15.5,15.52,24.03,50.06,0,0,0,0,0
2026-01-01T02:25:03Z,leak,NORMAL,8407.4,39.96,88.34,69.38,15.35,15.55,24.01,49.97,0,0,0,0,0
2026-01-01T02:25:04Z,leak,NORMAL,8425.9,40.07,89.43,71.02,15.58,15.58,23.91,50.01,0,0,0,0,0
2026-01-01T02:25:05Z,leak,NORMAL,8402.4,40.07,90.27,70.91,15.37,15.48,23.96,49.96,0,0,0,0,0
2026-01-01T02:25:06Z,leak,NORMAL,8413.2,39.83,88.9,70.17,15.3,15.52,23.76,50.09,0,0,0,0,0
2026-01-01T02:25:07Z,leak,NORMAL,8413.0,39.92,89.01,70.78,15.3,15.65,23.89,50.07,0,0,0,0,0
2026-01-01T02:25:08Z,leak,NORMAL,8411.9,39.86,88.96,70.96,15.43,15.51,23.8,49.88,0,0,0,0,0
2026-01-01T02:25:09Z,leak,NORMAL,8435.5,40.12,89.04,72.29,15.05,15.67,23.84,50.07,0,0,0,0,0
2026-01-01T02:25:10Z,leak,NORMAL,8422.4,39.75,89.71,71.54,15.23,15.68,23.8,49.94,0,0,0,0,0
2026-01-01T02:25:11Z,leak,NORMAL,8414.5,39.93,88.44,72.14,15.27,15.63,23.81,49.95,0,0,0,0,0
2026-01-01T02:25:12Z,leak,NORMAL,8415.3,39.99,88.98,72.02,15.21,15.44,23.96,50.01,0,0,0,0,0
2026-01-01T02:25:13Z,leak,NORMAL,8412.9,40.05,89.36,72.58,15.19,15.58,23.95,50.05,0,0,0,0,0
2026-01-01T02:25:14Z,leak,NORMAL,8423.5,39.93,88.79,72.96,15.18,15.53,23.92,50.04,0,0,0,0,0
2026-01-01T02:25:15Z,leak,NORMAL,8447.6,39.93,89.78,73.52,15.24,15.58,23.71,49.94,0,0,0,0,0
2026-01-01T02:25:16Z,leak,NORMAL,8430.5,40.14,88.89,72.86,15.13,15.5,23.93,50.04,0,0,0,0,0
2026-01-01T02:25:17Z,leak,NORMAL,8431.4,40.08,89.89,73.9,15.17,15.5,23.87,50.0,0,0,0,0,0
2026-01-01T02:25:18Z,leak,NORMAL,8419.9,39.84,89.98,73.26,15.04,15.53,23.81,49.98,0,0,0,0,0
2026-01-01T02:25:19Z,leak,NORMAL,8434.2,39.89,89.34,73.79,15.14,15.46,23.82,50.0,0,0,0,0,0
2026-01-01T02:25:20Z,leak,NORMAL,8427.5,39.9,88.51,73.26,15.06,15.48,23.79,50.08,0,0,0,0,0
2026-01-01T02:25:21Z,leak,NORMAL,8417.3,40.09,88.83,74.24,15.3,15.44,23.85,49.97,0,0,0,0,0
2026-01-01T02:25:22Z,leak,NORMAL,8422.3,39.94,89.18,75.09,15.15,15.37,23.6,50.02,0,0,0,0,0
2026-01-01T02:25:23Z,leak,NORMAL,8418.2,39.77,89.18,74.12,15.22,15.21,23.91,50.02,0,0,0,0,0
2026-01-01T02:25:24Z,leak,NORMAL,8433.8,40.15,88.92,74.74,15.17,15.34,23.76,49.9,0,0,0,0,0
2026-01-01T02:25:25Z,leak,NORMAL,8442.6,39.75,89.16,75.23,15.07,15.33,23.83,50.04,0,0,0,0,0
2026-01-01T02:25:26Z,leak,NORMAL,8436.8,39.87,89.9,74.64,15.2,15.5,23.88,50.04,0,0,0,0,0
2026-01-01T02:25:27Z,leak,NORMAL,8422.2,40.39,89.35,75.64,15.12,15.43,23.6,50.01,0,0,0,0,0
2026-01-01T02:25:28Z,leak,NORMAL,8439.0,39.8,89.31,75.83,15.35,15.56,23.72,50.02,0,0,0,0,0
2026-01-01T02:25:29Z,leak,NORMAL,8431.3,39.8,90.22,75.33,14.92,15.35,23.79,49.97,0,0,0,0,0
2026-01-01T02:25:30Z,leak,NORMAL,8422.7,39.9,88.93,74.93,15.06,15.35,23.71,50.0,0,0,0,0,0
2026-01-01T02:25:31Z,leak,NORMAL,8440.6,39.78,89.13,76.08,14.96,15.15,23.81,50.04,0,0,0,0,0
2026-01-01T02:25:32Z,leak,NORMAL,8426.0,40.0,89.23,75.49,14.88,15.29,23.78,50.06,0,0,0,0,0
2026-01-01T02:25:33Z,leak,NORMAL,8429.5,40.11,88.6,75.81,14.99,15.23,23.85,49.98,0,0,0,0,0
2026-01-01T02:25:34Z,leak,NORMAL,8453.4,39.78,89.29,77.46,15.09,15.38,23.75,50.07,0,0,0,0,0
2026-01-01T02:25:35Z,leak,NORMAL,8436.0,40.61,89.52,76.11,15.2,15.33,23.68,49.99,0,0,0,0,0
2026-01-01T02:25:36Z,leak,NORMAL,8434.0,40.13,89.16,76.57,15.03,15.38,23.75,49.93,0,0,0,0,0
2026-01-01T02:25:37Z,leak,NORMAL,8449.2,40.49,90.14,76.71,14.94,15.41,23.46,49.95,0,0,0,0,0
2026-01-01T02:25:38Z,leak,NORMAL,8455.7,39.93,89.47,76.04,14.96,15.39,23.55,50.07,0,0,0,0,0
2026-01-01T02:25:39Z,leak,NORMAL,8433.2,40.14,89.79,77.56,15.1,15.3,23.67,49.99,0,0,0,0,0
2026-01-01T02:25:40Z,leak,NORMAL,8467.3,40.2,90.16,76.77,15.16,15.16,23.89,50.01,0,0,0,0,0
2026-01-01T02:25:41Z,leak,NORMAL,8448.1,39.92,89.11,77.54,15.0,15.35,23.59,49.93,0,0,0,0,0
2026-01-01T02:25:42Z,leak,NORMAL,8444.2,40.13,89.81,77.04,15.13,15.25,23.68,49.98,0,0,0,0,0
2026-01-01T02:25:43Z,leak,NORMAL,8433.6,39.81,89.57,77.62,14.97,15.25,23.86,50.01,0,0,0,0,0
2026-01-01T02:25:44Z,leak,NORMAL,8457.3,39.95,88.91,77.1,14.96,15.11,23.7,49.93,0,0,0,0,0
2026-01-01T02:25:45Z,leak,NORMAL,8450.3,40.1,89.02,78.09,15.18,15.22,23.68,50.0,0,0,0,0,0
2026-01-01T02:25:46Z,leak,NORMAL,8442.7,39.69,89.73,77.21,14.89,15.16,23.64,50.02,0,0,0,0,0
2026-01-01T02:25:47Z,leak,NORMAL,8443.8,40.17,88.91,78.0,15.01,15.33,23.8,50.06,0,0,0,0,0
2026-01-01T02:25:48Z,leak,NORMAL,8440.9,40.23,89.34,78.28,15.06,15.25,23.84,50.02,0,0,0,0,0
2026-01-01T02:25:49Z,leak,NORMAL,8445.2,40.03,89.75,78.14,14.98,15.13,23.58,50.02,0,0,0,0,0
2026-01-01T02:25:50Z,leak,NORMAL,8446.9,39.74,90.0,77.94,14.96,15.23,23.6,50.02,0,0,0,0,0
2026-01-01T02:25:51Z,leak,NORMAL,8437.3,40.27,89.08,77.52,15.05,15.36,23.52,49.94,0,0,0,0,0
2026-01-01T02:25:52Z,leak,NORMAL,8460.1,39.97,89.81,78.15,15.05,15.14,23.8,50.13,0,0,0,0,0
2026-01-01T02:25:53Z,leak,NORMAL,8461.7,39.52,89.11,77.82,15.14,15.1,23.53,49.98,0,0,0,0,0
2026-01-01T02:25:54Z,leak,NORMAL,8455.5,40.28,88.82,77.26,14.93,15.34,23.77,50.0,0,0,0,0,0
2026-01-01T02:25:55Z,leak,NORMAL,8458.3,40.14,89.58,78.16,15.08,15.12,23.66,49.97,0,0,0,0,0
2026-01-01T02:25:56Z,leak,NORMAL,8456.6,40.01,89.59,78.68,15.12,15.12,23.51,50.02,0,0,0,0,0
2026-01-01T02:25:57Z,leak,NORMAL,8446.3,40.24,90.06,78.36,15.09,15.14,23.66,50.02,0,0,0,0,0
2026-01-01T02:25:58Z,leak,NORMAL,8457.3,40.13,88.66,78.71,14.97,15.04,23.61,50.0,0,0,0,0,0
2026-01-01T02:25:59Z,leak,NORMAL,8445.5,39.9,90.01,79.08,14.89,15.27,23.63,50.04,0,0,0,0,0
2026-01-01T02:26:00Z,leak,NORMAL,8454.0,39.81,90.02,78.35,15.23,15.18,23.63,50.0,0,0,0,0,0
2026-01-01T02:26:01Z,leak,NORMAL,8446.3,40.25,89.37,78.9,15.11,15.04,23.68,49.99,0,0,0,0,0
2026-01-01T02:26:02Z,leak,NORMAL,8441.7,40.04,88.74,78.11,14.95,15.23,23.69,49.97,0,0,0,0,0
2026-01-01T02:26:03Z,leak,NORMAL,8458.7,40.28,89.0,79.11,14.92,15.06,23.5,49.96,0,0,0,0,0
2026-01-01T02:26:04Z,leak,NORMAL,8459.1,40.08,89.16,77.63,15.05,15.12,23.5,49.99,0,0,0,0,0
2026-01-01T02:26:05Z,leak,NORMAL,8456.3,39.77,89.32,78.34,15.1,15.11,23.73,50.04,0,0,0,0,0
2026-01-01T02:26:06Z,leak,NORMAL,8474.5,40.02,89.48,79.76,14.93,15.23,23.71,49.94,0,0,0,0,0
2026-01-01T02:26:07Z,leak,NORMAL,8462.7,39.99,88.69,79.06,15.24,15.18,23.5,50.02,0,0,0,0,0
2026-01-01T02:26:08Z,leak,NORMAL,8464.0,40.32,89.41,79.86,15.02,15.16,23.64,49.95,0,0,0,0,0
2026-01-01T02:26:09Z,leak,NORMAL,8466.1,40.08,89.77,78.99,14.93,14.99,23.72,50.0,0,0,0,0,0
2026-01-01T02:26:10Z,leak,NORMAL,8466.1,40.5,89.22,78.43,15.04,15.01,23.68,50.04,0,0,0,0,0
2026-01-01T02:26:11Z,leak,NORMAL,8492.9,40.19,89.89,78.39,15.11,15.37,23.79,50.08,0,0,0,0,0
2026-01-01T02:26:12Z,leak,NORMAL,8467.0,39.96,90.76,78.18,14.83,15.21,23.49,50.02,0,0,0,0,0
2026-01-01T02:26:13Z,leak,NORMAL,8468.4,39.8,89.87,78.21,14.97,15.05,23.58,49.95,0,0,0,0,0
2026-01-01T02:26:14Z,leak,NORMAL,8474.7,39.87,89.01,78.69,15.18,14.96,23.66,49.93,0,0,0,0,0
2026-01-01T02:26:15Z,leak,NORMAL,8487.1,40.43,89.69,78.33,15.02,15.05,23.63,50.0,0,0,0,0,0
2026-01-01T02:26:16Z,leak,NORMAL,8452.3,39.91,89.67,78.9,15.05,15.09,23.51,50.01,0,0,0,0,0
2026-01-01T02:26:17Z,leak,NORMAL,8480.4,39.69,88.98,78.43,14.96,15.13,23.42,49.95,0,0,0,0,0
2026-01-01T02:26:18Z,leak,NORMAL,8491.4,39.66,90.0,79.23,15.04,15.11,23.55,49.97,0,0,0,0,0
2026-01-01T02:26:19Z,leak,NORMAL,8492.8,39.93,89.55,78.8,14.92,15.13,23.65,50.0,0,0,0,0,0
2026-01-01T02:26:20Z,leak,NORMAL,8462.9,39.94,89.55,78.36,15.03,14.89,23.56,49.92,0,0,0,0,0
2026-01-01T02:26:21Z,leak,NORMAL,8475.4,40.01,90.57,78.84,14.95,14.88,23.58,49.9,0,0,0,0,0
2026-01-01T02:26:22Z,leak,NORMAL,8483.2,39.94,90.42,79.12,15.11,15.17,23.49,50.02,0,0,0,0,0
2026-01-01T02:26:23Z,leak,NORMAL,8481.0,39.88,89.79,78.66,15.11,15.03,23.55,49.97,0,0,0,0,0
2026-01-01T02:26:24Z,leak,NORMAL,8473.4,40.13,88.62,78.72,14.98,15.13,23.58,50.06,0,0,0,0,0
2026-01-01T02:26:25Z,leak,NORMAL,8493.5,39.99,89.94,79.13,15.04,15.15,23.67,49.98,0,0,0,0,0
2026-01-01T02:26:26Z,leak,NORMAL,8503.3,40.04,90.24,79.53,14.94,15.1,23.64,49.98,0,0,0,0,0
2026-01-01T02:26:27Z,leak,NORMAL,8473.8,39.94,90.15,78.64,15.0,15.08,23.41,49.92,0,0,0,0,0
2026-01-01T02:26:28Z,leak,NORMAL,8495.2,39.65,90.24,78.97,15.05,14.95,23.58,50.01,0,0,0,0,0
2026-01-01T02:26:29Z,leak,NORMAL,8492.8,40.07,90.54,78.92,14.94,15.07,23.58,50.01,0,0,0,0,0
2026-01-01T02:26:30Z,leak,NORMAL,8497.1,39.84,89.15,78.85,15.06,14.95,23.51,49.92,0,0,0,0,0
2026-01-01T02:26:31Z,leak,NORMAL,8484.3,40.11,89.09,79.29,14.99,15.0,23.44,50.07,0,0,0,0,0
2026-01-01T02:26:32Z,leak,NORMAL,8493.6,40.11,88.62,79.21,15.02,15.12,23.54,50.1,0,0,0,0,0
2026-01-01T02:26:33Z,leak,NORMAL,8499.9,40.11,89.31,79.14,15.12,15.05,23.54,50.04,0,0,0,0,0
2026-01-01T02:26:34Z,leak,NORMAL,8496.0,39.97,89.63,79.39,15.05,15.02,23.58,50.03,0,0,0,0,0
2026-01-01T02:26:35Z,leak,NORMAL,8487.1,40.1,89.21,79.53,15.0,15.15,23.73,49.98,0,0,0,0,0
2026-01-01T02:26:36Z,leak,NORMAL,8511.5,39.79,89.36,78.79,14.98,15.14,23.51,49.93,0,0,0,0,0
2026-01-01T02:26:37Z,leak,NORMAL,8487.9,40.23,89.65,79.65,14.99,15.1,23.58,49.97,0,0,0,0,0
2026-01-01T02:26:38Z,leak,NORMAL,8487.9,39.98,90.09,78.89,15.12,15.1,23.34,50.03,0,0,0,0,0
2026-01-01T02:26:39Z,leak,NORMAL,8491.7,40.04,89.76,79.49,15.06,15.13,23.43,49.91,0,0,0,0,0
2026-01-01T02:26:40Z,leak,NORMAL,8493.8,40.05,88.93,79.69,15.03,15.02,23.55,50.0,0,0,0,0,0
2026-01-01T02:26:41Z,leak,NORMAL,8496.1,40.33,89.99,79.13,15.06,15.09,23.44,50.11,0,0,0,0,0
2026-01-01T02:26:42Z,leak,NORMAL,8486.8,39.87,89.62,79.31,15.03,15.09,23.42,49.94,0,0,0,0,0
2026-01-01T02:26:43Z,leak,NORMAL,8508.1,40.06,90.59,78.69,14.83,15.04,23.37,50.08,0,0,0,0,0
2026-01-01T02:26:44Z,leak,NORMAL,8495.6,39.94,89.44,79.08,14.98,15.0,23.46,49.95,0,0,0,0,0
2026-01-01T02:26:45Z,leak,NORMAL,8535.9,39.99,90.4,78.75,15.07,15.02,23.37,49.99,0,0,0,0,0
2026-01-01T02:26:46Z,leak,NORMAL,8481.7,40.02,89.45,79.73,14.96,15.06,23.36,50.03,0,0,0,0,0
2026-01-01T02:26:47Z,leak,NORMAL,8499.3,39.94,89.54,79.77,15.02,15.32,23.58,49.93,0,0,0,0,0
2026-01-01T02:26:48Z,leak,NORMAL,8502.6,39.97,89.59,79.03,14.8,15.18,23.63,50.07,0,0,0,0,0
2026-01-01T02:26:49Z,leak,NORMAL,8503.1,40.3,89.85,79.6,14.96,15.18,23.54,50.01,0,0,0,0,0
2026-01-01T02:26:50Z,leak,NORMAL,8499.4,40.08,90.65,79.32,15.03,14.95,23.59,50.1,0,0,0,0,0
2026-01-01T02:26:51Z,leak,NORMAL,8516.0,40.06,89.67,79.67,14.83,14.96,23.39,49.88,0,0,0,0,0
2026-01-01T02:26:52Z,leak,NORMAL,8499.8,39.96,89.73,79.01,15.1,15.05,23.44,49.94,0,0,0,0,0
2026-01-01T02:26:53Z,leak,NORMAL,8511.0,40.03,89.58,79.37,14.98,15.08,23.48,50.02,0,0,0,0,0
2026-01-01T02:26:54Z,leak,NORMAL,8501.3,39.62,89.86,80.24,14.81,15.09,23.35,50.02,0,0,0,0,0
2026-01-01T02:26:55Z,leak,NORMAL,8504.0,39.7,90.03,79.39,15.0,15.04,23.46,49.96,0,0,0,0,0
2026-01-01T02:26:56Z,leak,NORMAL,8515.0,40.06,89.62,79.9,15.14,15.07,23.52,49.96,0,0,0,0,0
2026-01-01T02:26:57Z,leak,NORMAL,8495.1,40.24,90.69,79.7,15.04,15.15,23.46,50.01,0,0,0,0,0
2026-01-01T02:26:58Z,leak,NORMAL,8509.0,40.17,90.08,79.37,14.94,14.97,23.42,50.02,0,0,0,0,0
2026-01-01T02:26:59Z,leak,NORMAL,8504.9,40.2,90.44,79.98,14.99,14.92,23.51,49.99,0,0,0,0,0
2026-01-01T02:27:00Z,leak,NORMAL,8520.1,40.07,90.33,79.25,15.15,15.01,23.28,50.08,0,0,0,0,0
2026-01-01T02:27:01Z,leak,NORMAL,8524.7,39.8,90.24,79.72,15.11,14.94,23.28,50.04,0,0,0,0,0
2026-01-01T02:27:02Z,leak,NORMAL,8516.1,40.08,90.35,79.09,15.13,14.99,23.4,50.01,0,0,0,0,0
2026-01-01T02:27:03Z,leak,NORMAL,8510.4,39.7,90.26,79.35,14.83,14.98,23.36,50.03,0,0,0,0,0
2026-01-01T02:27:04Z,leak,NORMAL,8521.6,39.92,90.51,80.42,15.11,14.9,23.2,49.98,0,0,0,0,0
2026-01-01T02:27:05Z,leak,NORMAL,8521.5,40.08,89.51,80.62,14.86,15.05,23.25,50.11,0,0,0,0,0
2026-01-01T02:27:06Z,leak,NORMAL,8526.2,39.93,90.49,80.04,14.96,14.89,23.41,49.98,0,0,0,0,0
2026-01-01T02:27:07Z,leak,NORMAL,8528.1,39.92,89.92,79.02,15.01,15.06,23.09,50.03,0,0,0,0,0
2026-01-01T02:27:08Z,leak,NORMAL,8510.6,39.71,89.63,80.75,15.07,14.91,23.3,49.94,0,0,0,0,0
2026-01-01T02:27:09Z,leak,NORMAL,8521.2,40.32,90.12,79.07,15.12,15.09,23.27,50.01,0,0,0,0,0
2026-01-01T02:27:10Z,leak,NORMAL,8524.9,39.86,89.75,79.6,15.0,14.99,23.36,50.05,0,0,0,0,0
2026-01-01T02:27:11Z,leak,NORMAL,8512.8,40.55,90.09,80.2,14.81,15.12,23.31,49.99,0,0,0,0,0
2026-01-01T02:27:12Z,leak,NORMAL,8522.6,40.29,90.51,79.6,15.07,15.07,23.31,50.03,0,0,0,0,0
2026-01-01T02:27:13Z,leak,NORMAL,8510.2,40.02,90.61,80.28,15.07,15.07,23.36,50.1,0,0,0,0,0
2026-01-01T02:27:14Z,leak,NORMAL,8534.5,40.0,90.71,80.01,15.06,15.02,23.25,49.95,0,0,0,0,0
2026-01-01T02:27:15Z,leak,NORMAL,8520.3,39.91,90.87,80.79,15.03,15.25,23.46,50.05,0,0,0,0,0
2026-01-01T02:27:16Z,leak,NORMAL,8521.0,40.2,89.11,80.34,15.06,14.99,23.21,49.99,0,0,0,0,0
2026-01-01T02:27:17Z,leak,NORMAL,8552.5,40.1,90.04,79.25,15.1,14.97,23.28,50.03,0,0,0,0,0
2026-01-01T02:27:18Z,leak,NORMAL,8535.4,39.66,90.64,79.29,14.92,15.21,23.37,50.02,0,0,0,0,0
2026-01-01T02:27:19Z,leak,NORMAL,8515.8,39.84,90.45,79.15,14.95,14.84,23.25,49.97,0,0,0,0,0
2026-01-01T02:27:20Z,leak,NORMAL,8527.3,39.86,89.16,79.93,15.02,15.05,23.33,50.02,0,0,0,0,0
2026-01-01T02:27:21Z,leak,NORMAL,8538.6,39.99,90.88,80.15,15.06,14.87,23.22,49.99,0,0,0,0,0
2026-01-01T02:27:22Z,leak,NORMAL,8545.3,40.06,89.67,80.63,15.05,14.94,23.38,49.93,0,0,0,0,0
2026-01-01T02:27:23Z,leak,NORMAL,8538.0,39.97,90.23,79.59,14.88,15.18,23.44,49.94,0,0,0,0,0
2026-01-01T02:27:24Z,leak,NORMAL,8529.5,40.13,89.55,79.52,14.92,15.02,23.28,50.0,0,0,0,0,0
2026-01-01T02:27:25Z,leak,NORMAL,8524.9,40.03,90.27,79.72,14.93,15.24,23.28,50.07,0,0,0,0,0
2026-01-01T02:27:26Z,leak,NORMAL,8528.9,39.94,90.83,79.63,14.98,15.04,23.22,50.03,0,0,0,0,0
2026-01-01T02:27:27Z,leak,NORMAL,8537.1,39.83,90.23,80.01,15.07,14.96,23.37,49.98,0,0,0,0,0
2026-01-01T02:27:28Z,leak,NORMAL,8541.6,39.79,90.37,79.61,15.21,15.18,23.43,49.97,0,0,0,0,0
2026-01-01T02:27:29Z,leak,NORMAL,8530.9,40.1,90.11,79.82,14.99,15.1,23.08,50.02,0,0,0,0,0
2026-01-01T02:27:30Z,leak,NORMAL,8554.0,39.82,89.26,79.99,14.99,14.98,23.45,49.97,0,0,0,0,0
2026-01-01T02:27:31Z,leak,NORMAL,8544.0,40.11,90.13,80.86,15.09,15.0,23.49,49.97,0,0,0,0,0
2026-01-01T02:27:32Z,leak,NORMAL,8549.0,39.99,91.19,80.82,14.99,15.13,23.24,49.98,0,0,0,0,0
2026-01-01T02:27:33Z,leak,NORMAL,8555.9,40.26,90.06,79.78,15.02,15.0,23.17,50.02,0,0,0,0,0
2026-01-01T02:27:34Z,leak,NORMAL,8539.9,40.23,89.67,79.78,15.23,15.31,23.36,50.02,0,0,0,0,0
2026-01-01T02:27:35Z,leak,NORMAL,8546.0,40.19,89.36,80.97,14.91,14.99,23.21,49.98,0,0,0,0,0
2026-01-01T02:27:36Z,leak,NORMAL,8534.2,39.95,91.07,80.57,14.85,15.07,23.27,49.98,0,0,0,0,0
2026-01-01T02:27:37Z,leak,NORMAL,8502.8,39.96,90.61,79.98,15.02,15.03,23.17,50.0,0,0,0,0,0
2026-01-01T02:27:38Z,leak,NORMAL,8555.5,40.22,89.61,79.7,14.92,15.15,23.39,50.02,0,0,0,0,0
2026-01-01T02:27:39Z,leak,NORMAL,8558.4,40.0,89.98,79.79,14.79,15.07,23.16,49.98,0,0,0,0,0
2026-01-01T02:27:40Z,leak,NORMAL,8550.9,40.11,91.59,80.33,14.96,15.05,23.35,50.02,0,0,0,0,0
2026-01-01T02:27:41Z,leak,NORMAL,8566.3,39.54,90.92,80.35,14.94,15.05,23.36,49.89,0,0,0,0,0
2026-01-01T02:27:42Z,leak,NORMAL,8566.3,40.16,89.31,78.96,15.13,15.05,23.3,50.04,0,0,0,0,0
2026-01-01T02:27:43Z,leak,NORMAL,8559.7,40.21,89.89,80.85,15.0,14.87,23.11,50.01,0,0,0,0,0
2026-01-01T02:27:44Z,leak,NORMAL,8554.5,40.39,90.2,80.2,15.05,14.9,23.35,50.03,0,0,0,0,0
2026-01-01T02:27:45Z,leak,NORMAL,8559.8,40.08,90.7,79.33,14.92,15.09,23.06,50.0,0,0,0,0,0
2026-01-01T02:27:46Z,leak,NORMAL,8546.7,39.82,90.26,80.37,15.09,15.19,23.49,50.1,0,0,0,0,0
2026-01-01T02:27:47Z,leak,NORMAL,8555.2,39.55,90.11,79.85,15.05,14.9,23.28,50.01,0,0,0,0,0
2026-01-01T02:27:48Z,leak,NORMAL,8546.7,39.94,90.17,80.03,14.91,14.96,23.17,50.01,0,0,0,0,0
2026-01-01T02:27:49Z,leak,NORMAL,8552.9,40.41,89.83,81.19,14.92,14.93,23.16,50.0,0,0,0,0,0
2026-01-01T02:27:50Z,leak,NORMAL,8549.8,39.91,90.83,80.85,14.91,14.97,23.06,50.04,0,0,0,0,0
2026-01-01T02:27:51Z,leak,NORMAL,8556.2,40.16,91.05,80.52,14.91,15.11,23.22,50.04,0,0,0,0,0
2026-01-01T02:27:52Z,leak,NORMAL,8574.9,39.98,90.19,80.06,15.07,15.11,23.26,49.97,0,0,0,0,0
2026-01-01T02:27:53Z,leak,NORMAL,8585.4,39.52,90.96,80.33,14.94,15.11,23.36,49.96,0,0,0,0,0
2026-01-01T02:27:54Z,leak,NORMAL,8554.5,40.18,90.87,79.65,14.9,14.97,23.24,50.01,0,0,0,0,0
2026-01-01T02:27:55Z,leak,NORMAL,8561.8,40.19,91.46,80.84,14.9,15.06,23.15,50.05,0,0,0,0,0
2026-01-01T02:27:56Z,leak,NORMAL,8554.4,39.64,91.44,80.98,14.91,15.03,23.19,49.96,0,0,0,0,0
2026-01-01T02:27:57Z,leak,NORMAL,8566.5,39.94,90.17,80.49,14.82,15.18,23.2,50.17,0,0,0,0,0
2026-01-01T02:27:58Z,leak,NORMAL,8575.6,39.83,90.54,80.94,14.93,14.89,23.21,49.99,0,0,0,0,0
2026-01-01T02:27:59Z,leak,NORMAL,8575.0,40.05,91.52,80.77,14.99,14.99,23.19,49.99,0,0,0,0,0
2026-01-01T02:28:00Z,leak,NORMAL,8579.3,40.01,90.78,79.62,14.93,15.0,23.05,50.07,0,0,0,0,0
2026-01-01T02:28:01Z,leak,NORMAL,8564.2,39.99,90.57,79.98,14.89,15.0,23.25,50.0,0,0,0,0,0
2026-01-01T02:28:02Z,leak,NORMAL,8578.3,39.61,90.64,80.92,15.07,14.97,23.17,49.98,0,0,0,0,0
2026-01-01T02:28:03Z,leak,NORMAL,8581.0,39.97,90.14,80.63,15.02,15.15,23.25,49.92,0,0,0,0,0
2026-01-01T02:28:04Z,leak,NORMAL,8573.6,40.04,89.57,80.39,14.93,14.93,23.27,50.01,0,0,0,0,0
2026-01-01T02:28:05Z,leak,NORMAL,8579.0,40.27,91.29,80.78,15.06,14.96,23.27,49.98,0,0,0,0,0
2026-01-01T02:28:06Z,leak,NORMAL,8595.7,40.06,91.33,79.84,15.0,15.0,23.21,50.0,0,0,0,0,0
2026-01-01T02:28:07Z,leak,NORMAL,8573.8,40.01,91.29,80.6,15.14,15.2,23.15,49.97,0,0,0,0,0
2026-01-01T02:28:08Z,leak,NORMAL,8578.1,39.97,90.0,79.94,15.06,14.89,23.29,49.94,0,0,0,0,0
2026-01-01T02:28:09Z,leak,NORMAL,8563.5,39.84,90.8,80.2,15.06,15.09,23.1,49.96,0,0,0,0,0
2026-01-01T02:28:10Z,leak,NORMAL,8571.9,39.82,90.67,80.62,14.88,14.88,23.12,49.94,0,0,0,0,0
2026-01-01T02:28:11Z,leak,NORMAL,8573.6,40.11,90.33,81.05,15.04,15.05,23.3,49.98,0,0,0,0,0
2026-01-01T02:28:12Z,leak,NORMAL,8584.9,39.7,91.65,80.66,15.2,14.86,23.22,49.97,0,0,0,0,0
2026-01-01T02:28:13Z,leak,NORMAL,8578.5,40.19,91.76,80.03,14.8,14.99,23.21,50.09,0,0,0,0,0
2026-01-01T02:28:14Z,leak,NORMAL,8594.0,40.09,89.87,80.79,14.99,15.04,22.97,50.05,0,0,0,0,0
2026-01-01T02:28:15Z,leak,NORMAL,8582.5,40.13,90.46,81.11,14.95,15.14,23.21,49.94,0,0,0,0,0
2026-01-01T02:28:16Z,leak,NORMAL,8587.5,39.86,91.39,80.89,14.91,14.88,23.01,50.04,0,0,0,0,0
2026-01-01T02:28:17Z,leak,NORMAL,8570.1,40.01,90.48,80.45,15.06,14.92,23.17,49.99,0,0,0,0,0
2026-01-01T02:28:18Z,leak,NORMAL,8581.2,39.7,91.19,80.4,15.04,15.01,23.09,50.1,0,0,0,0,0
2026-01-01T02:28:19Z,leak,NORMAL,8588.2,40.01,91.01,80.6,15.14,14.98,23.01,50.02,0,0,0,0,0
2026-01-01T02:28:20Z,leak,NORMAL,8592.7,40.15,90.28,80.49,15.04,15.03,23.22,49.96,0,0,0,0,0
2026-01-01T02:28:21Z,leak,NORMAL,8574.4,39.89,91.31,80.71,15.03,15.03,23.01,49.95,0,0,0,0,0
2026-01-01T02:28:22Z,leak,NORMAL,8578.8,39.63,90.72,80.89,14.97,14.92,23.2,50.04,0,0,0,0,0
2026-01-01T02:28:23Z,leak,NORMAL,8569.3,40.09,91.34,81.39,14.89,15.09,22.95,49.95,0,0,0,0,0
2026-01-01T02:28:24Z,leak,NORMAL,8578.3,39.87,90.72,81.24,15.13,15.01,23.08,50.06,0,0,0,0,0
2026-01-01T02:28:25Z,leak,NORMAL,8576.7,39.8,91.12,79.97,15.06,14.81,22.87,49.93,0,0,0,0,0
2026-01-01T02:28:26Z,leak,NORMAL,8580.1,39.8,91.42,80.59,14.88,14.91,23.18,50.0,0,0,0,0,0
2026-01-01T02:28:27Z,leak,NORMAL,8586.8,39.91,90.27,80.49,15.09,15.24,23.06,49.98,0,0,0,0,0
2026-01-01T02:28:28Z,leak,NORMAL,8596.9,39.47,91.16,80.63,14.9,15.09,23.12,49.96,0,0,0,0,0
2026-01-01T02:28:29Z,leak,NORMAL,8587.2,40.16,90.25,80.26,15.09,15.01,23.08,50.04,0,0,0,0,0
2026-01-01T02:28:30Z,leak,NORMAL,8566.7,39.92,91.26,81.26,14.98,15.13,22.96,50.03,0,0,0,0,0
2026-01-01T02:28:31Z,leak,NORMAL,8599.4,39.97,91.34,80.34,15.13,14.83,23.17,50.0,0,0,0,0,0
2026-01-01T02:28:32Z,leak,NORMAL,8581.4,40.0,91.12,81.07,15.23,14.99,22.97,50.07,0,0,0,0,0
2026-01-01T02:28:33Z,leak,NORMAL,8575.2,40.05,91.74,81.08,15.05,15.05,23.07,50.06,0,0,0,0,0
2026-01-01T02:28:34Z,leak,NORMAL,8598.4,40.32,91.15,82.05,14.84,15.0,23.13,50.05,0,0,0,0,0
2026-01-01T02:28:35Z,leak,NORMAL,8581.4,40.01,91.05,79.99,15.05,15.07,23.09,49.96,0,0,0,0,0
2026-01-01T02:28:36Z,leak,NORMAL,8580.9,39.79,91.72,81.12,15.0,15.1,23.0,50.06,0,0,0,0,0
2026-01-01T02:28:37Z,leak,NORMAL,8591.5,40.24,90.37,81.06,15.03,15.01,23.02,50.01,0,0,0,0,0
2026-01-01T02:28:38Z,leak,NORMAL,8594.3,40.09,90.71,80.77,14.89,14.98,23.3,50.06,0,0,0,0,0
2026-01-01T02:28:39Z,leak,NORMAL,8589.0,39.96,91.25,81.75,15.0,15.15,23.17,49.96,0,0,0,0,0
2026-01-01T02:28:40Z,leak,NORMAL,8601.7,39.96,91.15,81.18,15.1,15.1,23.14,49.94,0,0,0,0,0
2026-01-01T02:28:41Z,leak,NORMAL,8602.2,39.79,91.98,80.68,14.85,15.08,23.24,50.02,0,0,0,0,0
2026-01-01T02:28:42Z,leak,NORMAL,8602.4,39.83,90.69,81.43,14.94,15.07,22.92,49.98,0,0,0,0,0
2026-01-01T02:28:43Z,leak,NORMAL,8607.0,40.14,90.54,80.35,15.06,14.99,23.11,49.99,0,0,0,0,0
2026-01-01T02:28:44Z,leak,NORMAL,8587.6,39.97,90.35,80.71,15.05,15.0,23.02,49.93,0,0,0,0,0
2026-01-01T02:28:45Z,leak,NORMAL,8592.6,40.01,90.53,80.45,14.88,14.97,23.11,49.91,0,0,0,0,0
2026-01-01T02:28:46Z,leak,NORMAL,8580.3,39.93,90.78,80.64,15.08,15.22,23.16,50.04,0,0,0,0,0
2026-01-01T02:28:47Z,leak,NORMAL,8605.9,40.5,90.42,80.6,15.06,15.09,23.13,50.09,0,0,0,0,0
2026-01-01T02:28:48Z,leak,NORMAL,8589.4,39.82,91.17,81.66,15.18,15.19,23.08,49.87,0,0,0,0,0
2026-01-01T02:28:49Z,leak,NORMAL,8601.2,39.96,91.37,80.74,15.02,14.98,23.09,49.99,0,0,0,0,0
2026-01-01T02:28:50Z,leak,NORMAL,8590.2,40.36,91.19,80.4,14.94,14.98,23.18,49.94,0,0,0,0,0
2026-01-01T02:28:51Z,leak,NORMAL,8590.8,40.11,91.42,80.02,14.9,15.1,23.19,49.95,0,0,0,0,0
2026-01-01T02:28:52Z,leak,NORMAL,8605.9,39.86,90.36,81.74,14.98,14.86,22.98,50.03,0,0,0,0,0
2026-01-01T02:28:53Z,leak,NORMAL,8612.0,40.19,91.95,81.42,14.88,14.83,23.15,50.07,0,0,0,0,0
2026-01-01T02:28:54Z,leak,NORMAL,8592.3,40.02,91.3,80.97,15.0,14.96,22.97,49.96,0,0,0,0,0
2026-01-01T02:28:55Z,leak,NORMAL,8598.6,40.1,91.14,81.57,14.96,14.82,23.03,50.13,0,0,0,0,0
2026-01-01T02:28:56Z,leak,NORMAL,8590.6,39.86,92.1,80.32,15.06,15.08,23.07,50.0,0,0,0,0,0
2026-01-01T02:28:57Z,leak,NORMAL,8603.3,39.83,90.47,80.73,15.22,14.92,23.01,50.02,0,0,0,0,0
2026-01-01T02:28:58Z,leak,NORMAL,8588.4,39.7,91.11,80.78,14.93,15.01,22.98,49.94,0,0,0,0,0
2026-01-01T02:28:59Z,leak,NORMAL,8584.6,39.79,91.17,80.74,14.87,14.96,23.05,50.02,0,0,0,0,0
2026-01-01T02:29:00Z,leak,NORMAL,8596.0,39.67,91.03,80.86,14.99,15.07,23.11,50.01,0,0,0,0,0
2026-01-01T02:29:01Z,leak,NORMAL,8608.5,40.38,90.67,81.3,15.26,14.94,23.13,49.97,0,0,0,0,0
2026-01-01T02:29:02Z,leak,NORMAL,8587.9,40.14,90.67,81.16,15.11,15.02,22.99,49.95,0,0,0,0,0
2026-01-01T02:29:03Z,leak,NORMAL,8598.2,40.1,90.96,81.15,14.99,15.01,22.9,49.98,0,0,0,0,0
2026-01-01T02:29:04Z,leak,NORMAL,8601.9,40.0,90.78,81.49,14.99,15.15,23.17,49.91,0,0,0,0,0
2026-01-01T02:29:05Z,leak,NORMAL,8610.2,39.82,89.9,81.47,14.95,15.06,23.1,50.04,0,0,0,0,0
2026-01-01T02:29:06Z,leak,NORMAL,8601.5,40.09,90.91,80.89,15.01,15.06,23.19,50.0,0,0,0,0,0
2026-01-01T02:29:07Z,leak,NORMAL,8589.0,39.75,91.42,80.79,14.83,14.93,22.96,50.01,0,0,0,0,0
2026-01-01T02:29:08Z,leak,NORMAL,8604.9,39.75,90.14,81.19,15.15,14.93,23.08,50.02,0,0,0,0,0
2026-01-01T02:29:09Z,leak,NORMAL,8588.2,39.93,91.16,80.75,14.95,14.88,23.2,49.88,0,0,0,0,0
2026-01-01T02:29:10Z,leak,NORMAL,8604.7,39.99,89.83,80.78,14.74,15.13,23.15,49.91,0,0,0,0,0
2026-01-01T02:29:11Z,leak,NORMAL,8594.5,39.88,91.76,80.88,15.17,15.09,22.94,49.97,0,0,0,0,0
2026-01-01T02:29:12Z,leak,NORMAL,8608.2,39.6,90.86,80.76,14.96,15.01,22.93,49.99,0,0,0,0,0
2026-01-01T02:29:13Z,leak,NORMAL,8602.8,40.13,90.91,80.47,15.07,15.06,23.2,50.01,0,0,0,0,0
2026-01-01T02:29:14Z,leak,NORMAL,8580.9,39.79,90.59,81.23,15.17,15.06,23.12,49.99,0,0,0,0,0
2026-01-01T02:29:15Z,leak,NORMAL,8593.0,39.79,91.3,81.44,15.19,14.96,23.02,49.95,0,0,0,0,0
2026-01-01T02:29:16Z,leak,NORMAL,8615.5,40.09,91.49,81.22,15.09,14.95,23.1,49.99,0,0,0,0,0
2026-01-01T02:29:17Z,leak,NORMAL,8599.1,39.93,90.92,79.83,14.99,15.1,22.92,50.02,0,0,0,0,0
2026-01-01T02:29:18Z,leak,NORMAL,8614.0,39.73,90.64,80.0,15.03,15.19,23.09,50.02,0,0,0,0,0
2026-01-01T02:29:19Z,leak,NORMAL,8617.2,40.04,90.55,80.98,15.08,14.99,23.04,50.02,0,0,0,0,0
2026-01-01T02:29:20Z,leak,NORMAL,8597.2,40.08,91.37,81.24,15.2,14.89,23.02,49.98,0,0,0,0,0
2026-01-01T02:29:21Z,leak,NORMAL,8591.1,39.72,90.93,81.7,15.14,15.1,23.15,50.03,0,0,0,0,0
2026-01-01T02:29:22Z,leak,NORMAL,8591.2,40.06,91.32,80.78,14.89,14.88,23.0,49.9,0,0,0,0,0
2026-01-01T02:29:23Z,leak,NORMAL,8606.7,39.99,90.83,80.26,14.91,14.92,23.13,49.96,0,0,0,0,0
2026-01-01T02:29:24Z,leak,NORMAL,8602.3,40.08,90.74,81.25,15.03,14.98,22.99,50.02,0,0,0,0,0
2026-01-01T02:29:25Z,leak,NORMAL,8593.4,39.95,91.03,81.37,14.91,14.93,22.88,49.98,0,0,0,0,0
2026-01-01T02:29:26Z,leak,NORMAL,8618.2,40.07,91.06,80.64,15.07,15.11,23.15,49.99,0,0,0,0,0
2026-01-01T02:29:27Z,leak,NORMAL,8589.8,40.16,91.65,80.76,15.09,14.88,23.13,50.0,0,0,0,0,0
2026-01-01T02:29:28Z,leak,NORMAL,8614.4,39.85,92.51,81.41,14.83,15.0,23.05,50.1,0,0,0,0,0
2026-01-01T02:29:29Z,leak,NORMAL,8597.3,39.82,90.9,80.5,14.99,14.83,23.0,50.02,0,0,0,0,0
2026-01-01T02:29:30Z,leak,NORMAL,8592.8,40.0,91.78,80.42,14.98,15.06,22.99,50.05,0,0,0,0,0
2026-01-01T02:29:31Z,leak,NORMAL,8584.9,39.9,91.27,81.2,15.01,14.99,23.01,50.05,0,0,0,0,0
2026-01-01T02:29:32Z,leak,NORMAL,8597.6,39.86,90.44,80.94,14.86,14.93,23.04,49.95,0,0,0,0,0
2026-01-01T02:29:33Z,leak,NORMAL,8617.1,40.31,90.62,80.01,15.13,14.97,23.11,50.02,0,0,0,0,0
2026-01-01T02:29:34Z,leak,NORMAL,8587.0,40.32,91.17,81.77,15.06,15.05,22.89,50.0,0,0,0,0,0
2026-01-01T02:29:35Z,leak,NORMAL,8595.0,39.43,91.12,80.07,14.95,15.0,22.98,49.95,0,0,0,0,0
2026-01-01T02:29:36Z,leak,NORMAL,8612.7,40.21,90.74,81.29,15.1,14.92,23.11,49.89,0,0,0,0,0
2026-01-01T02:29:37Z,leak,NORMAL,8592.3,40.03,91.02,81.54,15.02,14.94,23.01,49.97,0,0,0,0,0
2026-01-01T02:29:38Z,leak,NORMAL,8613.3,40.28,91.42,80.83,14.97,14.98,22.96,50.03,0,0,0,0,0
2026-01-01T02:29:39Z,leak,NORMAL,8610.4,40.02,90.54,81.02,15.02,15.02,23.16,50.0,0,0,0,0,0
2026-01-01T02:29:40Z,leak,NORMAL,8604.6,39.95,91.16,80.95,14.9,14.95,23.04,50.04,0,0,0,0,0
2026-01-01T02:29:41Z,leak,NORMAL,8585.2,39.9,91.23,81.4,15.05,15.01,23.17,49.98,0,0,0,0,0
2026-01-01T02:29:42Z,leak,NORMAL,8604.5,40.21,90.39,81.88,15.08,15.04,22.87,50.0,0,0,0,0,0
2026-01-01T02:29:43Z,leak,NORMAL,8606.0,39.95,91.14,80.67,14.84,15.06,23.01,49.99,0,0,0,0,0
2026-01-01T02:29:44Z,leak,NORMAL,8583.0,40.23,90.64,80.94,14.92,14.93,23.12,50.08,0,0,0,0,0
2026-01-01T02:29:45Z,leak,NORMAL,8590.6,39.99,91.21,81.65,14.91,14.94,22.79,50.02,0,0,0,0,0
2026-01-01T02:29:46Z,leak,NORMAL,8597.7,40.06,91.28,81.68,14.94,15.05,22.97,50.06,0,0,0,0,0
2026-01-01T02:29:47Z,leak,NORMAL,8573.9,39.86,90.61,81.05,15.11,15.15,22.82,50.03,0,0,0,0,0
2026-01-01T02:29:48Z,leak,NORMAL,8589.7,39.97,90.9,80.72,15.01,14.64,23.14,49.95,0,0,0,0,0
2026-01-01T02:29:49Z,leak,NORMAL,8595.2,39.97,91.03,79.93,15.13,15.08,23.04,50.07,0,0,0,0,0
2026-01-01T02:29:50Z,leak,NORMAL,8619.4,40.69,90.7,80.94,14.96,15.02,23.0,49.92,0,0,0,0,0
2026-01-01T02:29:51Z,leak,NORMAL,8602.6,40.18,90.94,81.37,15.03,15.02,23.15,50.01,0,0,0,0,0
2026-01-01T02:29:52Z,leak,NORMAL,8609.2,40.29,90.79,80.99,15.05,15.04,22.97,50.01,0,0,0,0,0
2026-01-01T02:29:53Z,leak,NORMAL,8577.5,39.89,91.29,80.51,14.97,14.96,22.83,49.97,0,0,0,0,0
2026-01-01T02:29:54Z,leak,NORMAL,8604.9,39.99,91.43,81.34,15.06,15.09,23.04,50.08,0,0,0,0,0
2026-01-01T02:29:55Z,leak,NORMAL,8604.0,40.33,91.44,80.71,14.83,14.97,23.12,50.06,0,0,0,0,0
2026-01-01T02:29:56Z,leak,NORMAL,8590.0,39.58,90.27,80.71,14.91,14.96,22.93,50.04,0,0,0,0,0
2026-01-01T02:29:57Z,leak,NORMAL,8587.7,39.94,91.19,80.95,15.1,15.15,22.98,49.89,0,0,0,0,0
2026-01-01T02:29:58Z,leak,NORMAL,8603.1,40.09,90.77,80.6,15.06,15.25,23.15,50.02,0,0,0,0,0
2026-01-01T02:29:59Z,leak,NORMAL,8606.7,40.29,91.23,80.68,14.92,14.87,23.04,50.02,0,0,0,0,0
2026-01-01T02:30:00Z,leak,NORMAL,8601.6,40.19,91.54,81.11,15.27,14.93,23.05,50.02,0,0,0,0,0
2026-01-01T02:30:01Z,leak,NORMAL,8585.6,39.96,91.21,80.6,14.98,15.01,22.96,49.93,0,0,0,0,0
2026-01-01T02:30:02Z,leak,NORMAL,8596.4,39.75,91.61,81.52,15.01,15.08,23.13,49.98,0,0,0,0,0
2026-01-01T02:30:03Z,leak,NORMAL,8597.2,39.95,90.09,80.93,14.99,15.0,23.07,50.0,0,0,0,0,0
2026-01-01T02:30:04Z,leak,NORMAL,8592.2,39.92,91.39,80.4,15.13,14.97,22.98,50.01,0,0,0,0,0
2026-01-01T02:30:05Z,leak,NORMAL,8603.1,39.99,90.66,81.2,15.07,15.0,22.95,49.99,0,0,0,0,0
2026-01-01T02:30:06Z,leak,NORMAL,8591.0,39.88,90.61,81.49,15.27,14.92,23.06,50.0,0,0,0,0,0
2026-01-01T02:30:07Z,leak,NORMAL,8602.7,40.29,90.86,80.87,14.87,15.1,22.99,50.02,0,0,0,0,0
2026-01-01T02:30:08Z,leak,NORMAL,8596.5,40.07,89.54,81.57,15.0,14.93,22.97,50.14,0,0,0,0,0
2026-01-01T02:30:09Z,leak,NORMAL,8576.3,40.12,90.84,81.69,14.92,14.88,22.88,49.92,0,0,0,0,0
2026-01-01T02:30:10Z,leak,NORMAL,8588.9,39.98,90.98,81.11,14.87,15.12,23.35,50.05,0,0,0,0,0
2026-01-01T02:30:11Z,leak,NORMAL,8600.4,40.18,89.76,81.42,14.92,15.11,22.97,50.02,0,0,0,0,0
2026-01-01T02:30:12Z,leak,NORMAL,8569.4,40.11,91.39,80.59,14.88,15.08,23.22,50.0,0,0,0,0,0
2026-01-01T02:30:13Z,leak,NORMAL,8587.2,39.72,90.65,81.19,15.18,14.98,23.09,50.06,0,0,0,0,0
2026-01-01T02:30:14Z,leak,NORMAL,8592.2,40.11,90.88,80.56,14.9,15.01,22.98,49.97,0,0,0,0,0
2026-01-01T02:30:15Z,leak,NORMAL,8595.3,39.8,90.98,80.81,15.0,15.07,23.08,50.01,0,0,0,0,0
2026-01-01T02:30:16Z,leak,NORMAL,8588.7,40.36,90.79,80.28,14.68,15.07,22.92,50.04,0,0,0,0,0
2026-01-01T02:30:17Z,leak,NORMAL,8596.2,39.66,90.78,79.83,14.92,14.9,23.04,49.98,0,0,0,0,0
2026-01-01T02:30:18Z,leak,NORMAL,8595.3,39.8,92.21,80.85,15.0,15.04,22.92,50.1,0,0,0,0,0
2026-01-01T02:30:19Z,leak,NORMAL,8571.6,40.23,91.07,81.22,14.92,15.02,23.17,50.02,0,0,0,0,0
2026-01-01T02:30:20Z,leak,NORMAL,8566.3,40.13,90.93,79.91,15.05,15.1,23.05,49.88,0,0,0,0,0
2026-01-01T02:30:21Z,leak,NORMAL,8592.9,40.08,89.99,82.41,15.05,14.88,22.94,50.03,0,0,0,0,0
2026-01-01T02:30:22Z,leak,NORMAL,8583.1,39.84,90.99,81.38,14.79,14.96,23.05,49.98,0,0,0,0,0
2026-01-01T02:30:23Z,leak,NORMAL,8561.2,40.1,90.85,80.94,14.86,15.0,22.77,50.02,0,0,0,0,0
2026-01-01T02:30:24Z,leak,NORMAL,8601.3,40.03,90.13,81.82,14.94,14.98,23.2,50.07,0,0,0,0,0
2026-01-01T02:30:25Z,leak,NORMAL,8596.8,40.09,91.21,80.78,14.95,15.19,23.08,50.0,0,0,0,0,0
2026-01-01T02:30:26Z,leak,NORMAL,8586.3,40.0,91.47,81.26,15.02,15.01,23.2,49.92,0,0,0,0,0
2026-01-01T02:30:27Z,leak,NORMAL,8586.8,40.2,92.0,80.63,14.84,15.04,22.92,49.96,0,0,0,0,0
2026-01-01T02:30:28Z,leak,NORMAL,8572.8,40.01,90.56,81.15,14.8,14.91,23.07,50.11,0,0,0,0,0
2026-01-01T02:30:29Z,leak,NORMAL,8579.6,39.98,90.99,80.68,14.98,14.94,23.04,50.01,0,0,0,0,0
2026-01-01T02:30:30Z,leak,NORMAL,8573.5,40.07,90.8,81.53,14.96,15.12,23.13,50.01,0,0,0,0,0
2026-01-01T02:30:31Z,leak,NORMAL,8581.2,39.75,90.05,80.9,15.0,15.15,22.93,49.95,0,0,0,0,0
2026-01-01T02:30:32Z,leak,NORMAL,8589.5,39.94,91.07,80.72,14.87,15.09,22.87,49.95,0,0,0,0,0
2026-01-01T02:30:33Z,leak,NORMAL,8585.0,39.61,92.12,81.33,15.07,15.18,23.18,49.95,0,0,0,0,0
2026-01-01T02:30:34Z,leak,NORMAL,8576.8,39.68,91.12,80.94,14.82,14.94,22.99,49.98,0,0,0,0,0
2026-01-01T02:30:35Z,leak,NORMAL,8573.7,39.82,90.56,80.79,15.07,14.95,23.05,50.04,0,0,0,0,0
2026-01-01T02:30:36Z,leak,NORMAL,8579.6,40.06,90.03,80.72,15.22,15.05,23.12,49.98,0,0,0,0,0
2026-01-01T02:30:37Z,leak,NORMAL,8571.7,40.11,91.71,80.99,14.93,15.12,23.09,49.99,0,0,0,0,0
2026-01-01T02:30:38Z,leak,NORMAL,8584.6,39.98,90.87,80.32,15.25,14.9,22.96,49.97,0,0,0,0,0
2026-01-01T02:30:39Z,leak,NORMAL,8596.6,39.8,91.05,80.57,14.93,15.02,22.96,49.98,0,0,0,0,0
2026-01-01T02:30:40Z,leak,NORMAL,8585.2,40.26,91.16,81.33,15.04,14.99,23.08,50.04,0,0,0,0,0
2026-01-01T02:30:41Z,leak,NORMAL,8574.4,40.47,90.89,80.17,15.14,15.06,23.08,50.08,0,0,0,0,0
2026-01-01T02:30:42Z,leak,NORMAL,8583.7,39.95,90.46,80.62,15.01,14.92,23.06,49.96,0,0,0,0,0
2026-01-01T02:30:43Z,leak,NORMAL,8567.1,39.94,91.17,81.56,15.04,15.14,22.8,49.99,0,0,0,0,0
2026-01-01T02:30:44Z,leak,NORMAL,8557.8,39.73,90.72,80.53,14.92,14.91,22.95,50.01,0,0,0,0,0
2026-01-01T02:30:45Z,leak,NORMAL,8559.7,39.75,90.46,80.64,15.18,15.05,23.2,49.95,0,0,0,0,0
2026-01-01T02:30:46Z,leak,NORMAL,8572.7,40.01,90.64,80.38,14.72,15.08,23.08,49.94,0,0,0,0,0
2026-01-01T02:30:47Z,leak,NORMAL,8575.2,40.14,90.79,80.88,14.99,15.02,23.08,50.03,0,0,0,0,0
2026-01-01T02:30:48Z,leak,NORMAL,8580.3,40.04,90.86,81.86,15.03,15.0,23.08,50.0,0,0,0,0,0
2026-01-01T02:30:49Z,leak,NORMAL,8548.2,39.8,91.24,81.29,15.23,15.08,23.14,49.91,0,0,0,0,0
2026-01-01T02:30:50Z,leak,NORMAL,8583.0,40.33,91.72,80.9,14.78,14.94,23.0,50.0,0,0,0,0,0
2026-01-01T02:30:51Z,leak,NORMAL,8569.3,40.11,90.09,81.01,15.05,15.08,23.23,49.99,0,0,0,0,0
2026-01-01T02:30:52Z,leak,NORMAL,8577.4,39.69,90.91,81.23,15.06,15.07,23.01,49.96,0,0,0,0,0
2026-01-01T02:30:53Z,leak,NORMAL,8571.8,39.88,91.26,81.03,14.92,14.96,22.97,50.13,0,0,0,0,0
2026-01-01T02:30:54Z,leak,NORMAL,8567.9,40.28,91.01,80.49,14.87,14.79,23.04,49.97,0,0,0,0,0
2026-01-01T02:30:55Z,leak,NORMAL,8568.9,40.07,90.14,80.74,14.93,15.16,23.0,50.02,0,0,0,0,0
2026-01-01T02:30:56Z,leak,NORMAL,8578.5,39.42,91.14,80.61,15.11,15.04,22.96,49.97,0,0,0,0,0
2026-01-01T02:30:57Z,leak,NORMAL,8570.4,40.35,90.74,80.74,15.07,15.05,23.07,49.98,0,0,0,0,0
2026-01-01T02:30:58Z,leak,NORMAL,8561.1,40.02,90.25,80.3,14.98,14.84,23.03,50.0,0,0,0,0,0
2026-01-01T02:30:59Z,leak,NORMAL,8556.4,39.97,90.5,82.03,15.11,14.92,23.08,49.99,0,0,0,0,0
2026-01-01T02:31:00Z,leak,NORMAL,8555.4,39.97,90.63,81.13,15.02,15.09,23.04,50.05,0,0,0,0,0
2026-01-01T02:31:01Z,leak,NORMAL,8571.3,39.91,90.91,80.77,15.02,15.18,23.21,49.98,0,0,0,0,0
2026-01-01T02:31:02Z,leak,NORMAL,8551.1,39.93,91.0,81.01,14.99,14.93,23.05,49.93,0,0,0,0,0
2026-01-01T02:31:03Z,leak,NORMAL,8548.3,40.2,91.31,80.37,14.96,14.98,22.95,50.09,0,0,0,0,0
2026-01-01T02:31:04Z,leak,NORMAL,8555.1,39.9,90.53,80.31,14.94,15.18,23.02,50.0,0,0,0,0,0
2026-01-01T02:31:05Z,leak,NORMAL,8560.6,40.18,89.93,81.37,15.03,15.09,23.06,50.07,0,0,0,0,0
2026-01-01T02:31:06Z,leak,NORMAL,8544.1,39.78,89.31,81.09,14.89,14.89,22.96,49.97,0,0,0,0,0
2026-01-01T02:31:07Z,leak,NORMAL,8555.4,40.15,90.33,81.53,14.99,14.91,23.0,50.08,0,0,0,0,0
2026-01-01T02:31:08Z,leak,NORMAL,8537.6,40.2,90.87,80.93,15.2,15.03,23.14,49.96,0,0,0,0,0
2026-01-01T02:31:09Z,leak,NORMAL,8557.2,39.65,90.78,80.56,14.9,14.97,23.14,49.95,0,0,0,0,0
2026-01-01T02:31:10Z,leak,NORMAL,8548.9,39.83,90.93,80.36,15.11,15.03,22.96,50.0,0,0,0,0,0
2026-01-01T02:31:11Z,leak,NORMAL,8535.9,39.88,89.82,81.41,14.88,14.98,23.06,50.04,0,0,0,0,0
2026-01-01T02:31:12Z,leak,NORMAL,8552.1,39.75,91.32,80.42,15.1,14.93,22.98,50.07,0,0,0,0,0
2026-01-01T02:31:13Z,leak,NORMAL,8554.2,40.28,90.39,80.67,14.91,14.96,23.11,50.03,0,0,0,0,0
2026-01-01T02:31:14Z,leak,NORMAL,8552.6,40.0,89.59,80.37,14.95,14.83,23.11,50.08,0,0,0,0,0
2026-01-01T02:31:15Z,leak,NORMAL,8544.1,39.93,90.51,80.52,14.97,15.04,23.05,50.06,0,0,0,0,0
2026-01-01T02:31:16Z,leak,NORMAL,8527.6,39.53,90.88,80.89,15.03,14.76,23.04,49.98,0,0,0,0,0
2026-01-01T02:31:17Z,leak,NORMAL,8550.2,39.9,91.1,81.02,14.86,15.05,23.09,50.04,0,0,0,0,0
2026-01-01T02:31:18Z,leak,NORMAL,8530.1,40.06,90.29,80.93,15.13,14.93,23.09,50.0,0,0,0,0,0
2026-01-01T02:31:19Z,leak,NORMAL,8550.6,40.2,91.3,80.61,15.21,14.96,23.17,50.03,0,0,0,0,0
2026-01-01T02:31:20Z,leak,NORMAL,8520.5,39.91,89.75,80.75,15.08,14.95,23.01,49.95,0,0,0,0,0
2026-01-01T02:31:21Z,leak,NORMAL,8542.0,39.96,91.31,80.5,15.24,14.92,23.21,50.02,0,0,0,0,0
2026-01-01T02:31:22Z,leak,NORMAL,8534.5,40.08,91.01,80.03,14.98,15.0,23.11,49.99,0,0,0,0,0
2026-01-01T02:31:23Z,leak,NORMAL,8532.0,39.83,90.29,80.68,14.95,15.11,23.13,50.0,0,0,0,0,0
2026-01-01T02:31:24Z,leak,NORMAL,8531.4,39.93,90.46,80.43,15.01,14.91,23.29,50.11,0,0,0,0,0
2026-01-01T02:31:25Z,leak,NORMAL,8532.4,39.92,90.93,80.84,14.92,15.07,23.2,49.98,0,0,0,0,0
2026-01-01T02:31:26Z,leak,NORMAL,8541.8,40.25,89.83,80.74,15.09,15.04,23.07,50.1,0,0,0,0,0
2026-01-01T02:31:27Z,leak,NORMAL,8518.2,40.45,90.39,80.13,14.94,14.93,22.97,50.14,0,0,0,0,0
2026-01-01T02:31:28Z,leak,NORMAL,8515.6,39.8,90.01,81.35,14.99,15.11,23.09,50.02,0,0,0,0,0
2026-01-01T02:31:29Z,leak,NORMAL,8539.5,40.04,90.11,80.26,15.12,14.9,23.17,49.98,0,0,0,0,0
2026-01-01T02:31:30Z,leak,NORMAL,8531.6,39.66,90.14,80.84,15.19,14.98,23.2,50.0,0,0,0,0,0
2026-01-01T02:31:31Z,leak,NORMAL,8519.5,40.23,90.48,80.48,15.0,14.93,23.3,50.0,0,0,0,0,0
2026-01-01T02:31:32Z,leak,NORMAL,8518.2,40.17,90.37,79.82,14.83,14.95,23.12,50.02,0,0,0,0,0
2026-01-01T02:31:33Z,leak,NORMAL,8520.6,39.93,89.78,80.54,14.79,14.94,23.11,50.02,0,0,0,0,0
2026-01-01T02:31:34Z,leak,NORMAL,8526.1,39.89,90.97,79.93,14.97,15.0,23.15,50.02,0,0,0,0,0
2026-01-01T02:31:35Z,leak,NORMAL,8533.8,40.16,90.12,80.43,15.02,14.84,23.13,50.01,0,0,0,0,0
2026-01-01T02:31:36Z,leak,NORMAL,8523.9,39.58,90.28,80.46,14.97,14.97,23.09,50.04,0,0,0,0,0
2026-01-01T02:31:37Z,leak,NORMAL,8520.1,40.11,90.34,81.21,14.95,14.98,23.19,50.03,0,0,0,0,0
2026-01-01T02:31:38Z,leak,NORMAL,8519.7,40.0,90.63,80.5,14.99,15.08,23.25,50.09,0,0,0,0,0
2026-01-01T02:31:39Z,leak,NORMAL,8508.0,40.19,90.06,81.05,15.06,14.99,23.15,50.02,0,0,0,0,0
2026-01-01T02:31:40Z,leak,NORMAL,8525.4,40.09,90.69,81.46,14.87,14.91,23.09,50.04,0,0,0,0,0
2026-01-01T02:31:41Z,leak,NORMAL,8513.6,40.26,90.09,81.56,14.97,14.86,23.03,49.99,0,0,0,0,0
2026-01-01T02:31:42Z,leak,NORMAL,8527.4,40.16,90.38,80.99,14.83,15.11,23.03,50.04,0,0,0,0,0
2026-01-01T02:31:43Z,leak,NORMAL,8518.8,40.01,90.17,80.38,14.89,14.99,23.07,49.96,0,0,0,0,0
2026-01-01T02:31:44Z,leak,NORMAL,8523.5,39.85,90.53,80.24,15.02,15.05,23.17,50.04,0,0,0,0,0
2026-01-01T02:31:45Z,leak,NORMAL,8521.6,39.97,90.62,80.52,15.05,15.03,23.26,50.07,0,0,0,0,0
2026-01-01T02:31:46Z,leak,NORMAL,8504.2,40.27,90.73,81.8,14.99,15.04,23.1,49.99,0,0,0,0,0
2026-01-01T02:31:47Z,leak,NORMAL,8508.0,40.05,90.2,80.25,14.94,14.99,23.3,49.96,0,0,0,0,0
2026-01-01T02:31:48Z,leak,NORMAL,8495.3,39.6,89.97,80.63,15.0,15.05,23.05,50.04,0,0,0,0,0
2026-01-01T02:31:49Z,leak,NORMAL,8513.2,40.07,90.4,80.97,14.69,15.05,23.08,49.97,0,0,0,0,0
2026-01-01T02:31:50Z,leak,NORMAL,8508.6,40.02,89.46,80.37,15.0,15.02,23.21,49.97,0,0,0,0,0
2026-01-01T02:31:51Z,leak,NORMAL,8502.8,39.92,90.53,80.21,14.77,14.84,23.23,49.93,0,0,0,0,0
2026-01-01T02:31:52Z,leak,NORMAL,8526.1,40.11,88.95,80.61,14.97,15.02,23.23,50.05,0,0,0,0,0
2026-01-01T02:31:53Z,leak,NORMAL,8492.8,39.97,91.21,80.29,15.06,15.03,23.04,50.04,0,0,0,0,0
2026-01-01T02:31:54Z,leak,NORMAL,8491.0,40.38,89.4,79.78,14.88,15.07,23.14,50.03,0,0,0,0,0
2026-01-01T02:31:55Z,leak,NORMAL,8489.9,40.31,90.2,80.25,14.98,14.79,23.2,49.99,0,0,0,0,0
2026-01-01T02:31:56Z,leak,NORMAL,8510.8,40.19,90.06,80.02,14.96,14.93,23.4,50.01,0,0,0,0,0
2026-01-01T02:31:57Z,leak,NORMAL,8500.7,39.99,90.3,80.87,15.21,15.08,23.2,49.96,0,0,0,0,0
2026-01-01T02:31:58Z,leak,NORMAL,8500.6,40.35,90.21,80.1,14.99,15.09,23.16,49.91,0,0,0,0,0
2026-01-01T02:31:59Z,leak,NORMAL,8489.9,39.95,89.48,80.1,15.09,15.02,23.2,49.94,0,0,0,0,0
2026-01-01T02:32:00Z,leak,NORMAL,8504.7,40.18,89.69,80.84,15.11,14.88,23.43,49.95,0,0,0,0,0
2026-01-01T02:32:01Z,leak,NORMAL,8492.8,40.01,89.56,80.42,14.88,14.92,23.32,49.97,0,0,0,0,0
2026-01-01T02:32:02Z,leak,NORMAL,8495.4,40.05,90.13,80.7,15.05,14.84,23.36,50.05,0,0,0,0,0
2026-01-01T02:32:03Z,leak,NORMAL,8477.7,40.08,89.13,81.04,15.05,14.81,23.01,50.11,0,0,0,0,0
2026-01-01T02:32:04Z,leak,NORMAL,8495.1,40.0,90.57,80.43,14.97,15.11,23.19,50.06,0,0,0,0,0
2026-01-01T02:32:05Z,leak,NORMAL,8485.8,40.01,90.12,80.36,14.81,14.9,23.06,49.96,0,0,0,0,0
2026-01-01T02:32:06Z,leak,NORMAL,8505.7,39.98,89.69,79.37,14.94,14.89,23.18,50.02,0,0,0,0,0
2026-01-01T02:32:07Z,leak,NORMAL,8492.3,40.2,90.04,80.76,15.15,14.96,23.2,50.02,0,0,0,0,0
2026-01-01T02:32:08Z,leak,NORMAL,8488.6,39.98,89.49,79.96,15.11,15.0,23.08,49.94,0,0,0,0,0
2026-01-01T02:32:09Z,leak,NORMAL,8464.6,39.94,89.81,80.06,14.98,14.97,23.13,50.0,0,0,0,0,0
2026-01-01T02:32:10Z,leak,NORMAL,8499.5,39.85,90.73,80.39,15.14,15.09,23.12,50.0,0,0,0,0,0
2026-01-01T02:32:11Z,leak,NORMAL,8489.0,39.96,89.21,79.33,15.09,14.96,23.14,49.95,0,0,0,0,0
2026-01-01T02:32:12Z,leak,NORMAL,8484.5,40.22,91.25,79.64,14.84,14.92,23.38,50.03,0,0,0,0,0
2026-01-01T02:32:13Z,leak,NORMAL,8477.9,39.81,89.79,79.76,14.88,15.04,23.33,49.97,0,0,0,0,0
2026-01-01T02:32:14Z,leak,NORMAL,8488.4,39.93,89.81,80.07,15.03,14.99,23.13,50.09,0,0,0,0,0
2026-01-01T02:32:15Z,leak,NORMAL,8474.5,40.17,90.65,80.75,15.11,14.97,23.28,49.93,0,0,0,0,0
2026-01-01T02:32:16Z,leak,NORMAL,8487.5,40.23,90.36,80.69,14.93,14.99,23.22,50.05,0,0,0,0,0
2026-01-01T02:32:17Z,leak,NORMAL,8493.0,40.21,89.84,79.24,14.9,14.9,23.39,50.02,0,0,0,0,0
2026-01-01T02:32:18Z,leak,NORMAL,8480.6,40.04,90.06,80.33,14.97,14.84,23.29,49.93,0,0,0,0,0
2026-01-01T02:32:19Z,leak,NORMAL,8471.8,40.1,90.68,80.83,15.13,14.88,23.3,49.98,0,0,0,0,0
2026-01-01T02:32:20Z,leak,NORMAL,8484.5,40.28,90.25,79.41,15.13,15.04,23.28,49.95,0,0,0,0,0
2026-01-01T02:32:21Z,leak,NORMAL,8460.1,40.03,89.54,80.0,15.02,15.05,23.31,50.0,0,0,0,0,0
2026-01-01T02:32:22Z,leak,NORMAL,8483.6,39.86,89.43,79.74,14.83,14.92,23.18,50.03,0,0,0,0,0
2026-01-01T02:32:23Z,leak,NORMAL,8483.1,40.24,89.88,79.59,15.14,15.17,23.28,50.0,0,0,0,0,0
2026-01-01T02:32:24Z,leak,NORMAL,8472.2,39.92,88.89,80.8,14.96,15.01,23.19,50.15,0,0,0,0,0
2026-01-01T02:32:25Z,leak,NORMAL,8473.5,40.07,89.23,80.55,15.08,14.88,23.35,50.02,0,0,0,0,0
2026-01-01T02:32:26Z,leak,NORMAL,8453.3,40.04,89.17,79.77,14.96,15.15,23.22,50.09,0,0,0,0,0
2026-01-01T02:32:27Z,leak,NORMAL,8493.8,40.15,90.25,80.48,15.06,14.88,23.3,50.05,0,0,0,0,0
2026-01-01T02:32:28Z,leak,NORMAL,8485.4,39.79,90.47,79.43,15.02,15.17,23.35,49.99,0,0,0,0,0
2026-01-01T02:32:29Z,leak,NORMAL,8471.0,40.24,89.34,80.3,15.0,14.97,23.34,50.07,0,0,0,0,0
2026-01-01T02:32:30Z,leak,NORMAL,8455.6,39.83,90.27,79.72,15.02,15.13,23.35,49.99,0,0,0,0,0
2026-01-01T02:32:31Z,leak,NORMAL,8463.6,40.11,89.59,80.05,14.88,14.91,23.15,50.0,0,0,0,0,0
2026-01-01T02:32:32Z,leak,NORMAL,8452.1,39.74,89.63,79.17,15.1,15.1,23.32,50.06,0,0,0,0,0
2026-01-01T02:32:33Z,leak,NORMAL,8457.8,39.96,90.77,79.43,14.89,15.01,23.43,50.06,0,0,0,0,0
2026-01-01T02:32:34Z,leak,NORMAL,8466.8,39.79,90.04,80.85,14.97,15.08,23.25,49.93,0,0,0,0,0
2026-01-01T02:32:35Z,leak,NORMAL,8476.3,40.13,90.38,79.94,14.94,15.18,23.26,50.16,0,0,0,0,0
2026-01-01T02:32:36Z,leak,NORMAL,8466.9,39.58,89.71,80.14,14.93,15.12,23.33,50.04,0,0,0,0,0
2026-01-01T02:32:37Z,leak,NORMAL,8461.2,40.11,90.21,79.5,15.0,14.86,23.38,50.01,0,0,0,0,0
2026-01-01T02:32:38Z,leak,NORMAL,8465.9,40.01,90.25,79.92,14.79,14.98,23.38,49.96,0,0,0,0,0
2026-01-01T02:32:39Z,leak,NORMAL,8458.6,39.76,88.88,80.33,15.16,14.92,23.31,50.02,0,0,0,0,0
2026-01-01T02:32:40Z,leak,NORMAL,8449.0,39.99,89.08,79.39,14.93,14.86,23.35,50.0,0,0,0,0,0
2026-01-01T02:32:41Z,leak,NORMAL,8484.6,39.81,90.29,79.8,14.91,14.98,23.34,49.97,0,0,0,0,0
2026-01-01T02:32:42Z,leak,NORMAL,8447.8,39.85,89.43,79.9,14.99,14.98,23.34,50.09,0,0,0,0,0
2026-01-01T02:32:43Z,leak,NORMAL,8462.0,39.61,89.85,79.56,15.08,15.03,23.34,49.92,0,0,0,0,0
2026-01-01T02:32:44Z,leak,NORMAL,8463.5,40.05,88.71,79.81,15.0,14.94,23.2,49.96,0,0,0,0,0
2026-01-01T02:32:45Z,leak,NORMAL,8449.4,39.71,90.17,80.02,14.99,15.14,23.33,49.98,0,0,0,0,0
2026-01-01T02:32:46Z,leak,NORMAL,8455.5,39.97,89.14,79.68,15.09,14.81,23.29,49.94,0,0,0,0,0
2026-01-01T02:32:47Z,leak,NORMAL,8435.1,39.87,90.27,79.71,15.04,15.03,23.23,50.0,0,0,0,0,0
2026-01-01T02:32:48Z,leak,NORMAL,8445.8,40.02,89.2,79.71,15.17,15.04,23.48,50.05,0,0,0,0,0
2026-01-01T02:32:49Z,leak,NORMAL,8448.2,40.43,90.32,79.41,15.07,15.22,23.24,49.97,0,0,0,0,0
2026-01-01T02:32:50Z,leak,NORMAL,8448.9,39.96,89.68,79.73,14.99,15.02,23.28,50.01,0,0,0,0,0
2026-01-01T02:32:51Z,leak,NORMAL,8421.7,40.03,88.94,79.6,14.83,15.11,23.43,50.02,0,0,0,0,0
2026-01-01T02:32:52Z,leak,NORMAL,8441.2,40.1,89.27,79.56,14.85,14.85,23.46,49.96,0,0,0,0,0
2026-01-01T02:32:53Z,leak,NORMAL,8441.6,40.16,89.05,80.32,14.92,14.93,23.43,50.08,0,0,0,0,0
2026-01-01T02:32:54Z,leak,NORMAL,8442.5,39.71,89.03,79.4,15.01,14.92,23.21,50.02,0,0,0,0,0
2026-01-01T02:32:55Z,leak,NORMAL,8433.6,39.9,89.65,79.7,15.01,15.03,23.45,49.99,0,0,0,0,0
2026-01-01T02:32:56Z,leak,NORMAL,8444.7,40.03,89.99,78.88,14.97,15.06,23.41,49.97,0,0,0,0,0
2026-01-01T02:32:57Z,leak,NORMAL,8429.1,40.14,90.03,79.78,14.86,14.8,23.41,49.99,0,0,0,0,0
2026-01-01T02:32:58Z,leak,NORMAL,8455.1,40.1,88.64,80.15,15.03,14.95,23.34,49.98,0,0,0,0,0
2026-01-01T02:32:59Z,leak,NORMAL,8436.9,39.72,88.68,78.94,15.07,14.89,23.33,50.02,0,0,0,0,0
2026-01-01T02:33:00Z,leak,NORMAL,8449.4,40.02,89.68,79.43,15.02,14.97,23.39,50.04,0,0,0,0,0
2026-01-01T02:33:01Z,leak,NORMAL,8444.2,40.03,89.33,79.95,14.94,15.01,23.46,49.91,0,0,0,0,0
2026-01-01T02:33:02Z,leak,NORMAL,8431.1,39.72,88.63,79.94,14.82,15.08,23.31,50.07,0,0,0,0,0
2026-01-01T02:33:03Z,leak,NORMAL,8445.0,39.57,89.68,79.89,14.78,15.01,23.21,49.97,0,0,0,0,0
2026-01-01T02:33:04Z,leak,NORMAL,8435.7,39.86,89.15,80.65,15.14,15.18,23.55,50.0,0,0,0,0,0
2026-01-01T02:33:05Z,leak,NORMAL,8434.6,40.17,90.12,79.4,15.01,15.06,23.29,49.98,0,0,0,0,0
2026-01-01T02:33:06Z,leak,NORMAL,8444.6,40.09,89.39,78.78,15.08,15.1,23.26,49.9,0,0,0,0,0
2026-01-01T02:33:07Z,leak,NORMAL,8446.6,39.56,90.09,79.1,15.13,15.26,23.28,50.0,0,0,0,0,0
2026-01-01T02:33:08Z,leak,NORMAL,8432.0,39.74,89.27,79.63,14.98,14.94,23.54,49.9,0,0,0,0,0
2026-01-01T02:33:09Z,leak,NORMAL,8440.2,39.65,88.7,79.63,14.97,14.99,23.37,50.02,0,0,0,0,0
2026-01-01T02:33:10Z,leak,NORMAL,8416.2,40.08,90.3,78.32,15.02,15.04,23.31,50.02,0,0,0,0,0
2026-01-01T02:33:11Z,leak,NORMAL,8433.8,40.09,89.02,79.88,15.04,14.88,23.57,50.03,0,0,0,0,0
2026-01-01T02:33:12Z,leak,NORMAL,8430.2,39.99,89.02,78.78,14.82,15.09,23.27,49.93,0,0,0,0,0
2026-01-01T02:33:13Z,leak,NORMAL,8433.2,39.93,89.52,79.79,15.08,15.09,23.48,49.97,0,0,0,0,0
2026-01-01T02:33:14Z,leak,NORMAL,8437.6,39.67,89.41,80.15,14.92,15.18,23.39,50.06,0,0,0,0,0
2026-01-01T02:33:15Z,leak,NORMAL,8429.4,39.86,88.96,79.07,14.84,14.99,23.56,50.12,0,0,0,0,0
2026-01-01T02:33:16Z,leak,NORMAL,8424.7,39.95,88.91,78.89,14.97,14.88,23.52,50.03,0,0,0,0,0
2026-01-01T02:33:17Z,leak,NORMAL,8428.4,40.36,90.03,80.11,14.95,15.1,23.34,49.98,0,0,0,0,0
2026-01-01T02:33:18Z,leak,NORMAL,8432.0,39.95,89.24,80.45,14.93,15.1,23.34,49.98,0,0,0,0,0
2026-01-01T02:33:19Z,leak,NORMAL,8440.5,40.19,89.71,78.84,14.85,15.01,23.35,49.92,0,0,0,0,0
2026-01-01T02:33:20Z,leak,NORMAL,8442.5,40.23,88.96,79.37,14.97,15.09,23.6,50.04,0,0,0,0,0
2026-01-01T02:33:21Z,leak,NORMAL,8429.0,39.79,88.36,79.53,14.95,15.14,23.53,49.98,0,0,0,0,0
2026-01-01T02:33:22Z,leak,NORMAL,8433.0,39.66,89.16,79.07,15.02,15.09,23.34,50.0,0,0,0,0,0
2026-01-01T02:33:23Z,leak,NORMAL,8418.7,39.91,90.21,79.53,15.08,14.99,23.55,50.04,0,0,0,0,0
2026-01-01T02:33:24Z,leak,NORMAL,8422.9,39.93,88.98,80.33,14.95,14.96,23.34,49.95,0,0,0,0,0
2026-01-01T02:33:25Z,leak,NORMAL,8428.4,40.19,89.54,79.97,14.84,15.18,23.37,49.98,0,0,0,0,0
2026-01-01T02:33:26Z,leak,NORMAL,8428.7,39.69,88.81,79.18,14.92,15.04,23.46,49.91,0,0,0,0,0
2026-01-01T02:33:27Z,leak,NORMAL,8430.5,39.74,89.62,79.59,15.03,14.87,23.33,49.9,0,0,0,0,0
2026-01-01T02:33:28Z,leak,NORMAL,8414.9,39.89,88.65,79.63,15.05,15.08,23.58,50.03,0,0,0,0,0
2026-01-01T02:33:29Z,leak,NORMAL,8428.9,39.88,89.39,79.48,15.09,15.09,23.41,50.09,0,0,0,0,0
2026-01-01T02:33:30Z,leak,NORMAL,8423.2,39.91,90.04,78.97,14.97,14.83,23.66,50.01,0,0,0,0,0
2026-01-01T02:33:31Z,leak,NORMAL,8426.6,40.31,89.34,79.08,14.94,15.05,23.38,49.96,0,0,0,0,0
2026-01-01T02:33:32Z,leak,NORMAL,8407.2,39.98,88.67,79.71,14.74,15.03,23.47,50.06,0,0,0,0,0
2026-01-01T02:33:33Z,leak,NORMAL,8430.3,39.78,90.58,78.47,15.02,14.94,23.53,49.99,0,0,0,0,0
2026-01-01T02:33:34Z,leak,NORMAL,8425.9,40.01,89.83,79.03,14.82,15.13,23.47,50.01,0,0,0,0,0
2026-01-01T02:33:35Z,leak,NORMAL,8419.4,39.79,89.53,79.14,14.99,14.92,23.5,49.93,0,0,0,0,0
2026-01-01T02:33:36Z,leak,NORMAL,8408.1,40.19,88.96,80.08,15.0,14.98,23.38,50.02,0,0,0,0,0
2026-01-01T02:33:37Z,leak,NORMAL,8401.6,39.63,89.44,80.36,15.01,15.1,23.62,49.95,0,0,0,0,0
2026-01-01T02:33:38Z,leak,NORMAL,8420.0,39.93,89.72,79.24,15.02,15.0,23.56,49.96,0,0,0,0,0
2026-01-01T02:33:39Z,leak,NORMAL,8401.4,40.15,90.07,79.26,15.02,15.13,23.47,49.99,0,0,0,0,0
2026-01-01T02:33:40Z,leak,NORMAL,8403.8,40.63,89.94,79.12,14.99,14.86,23.65,50.0,0,0,0,0,0
2026-01-01T02:33:41Z,leak,NORMAL,8408.1,39.58,88.85,79.86,14.94,14.93,23.76,50.05,0,0,0,0,0
2026-01-01T02:33:42Z,leak,NORMAL,8419.6,39.97,89.18,79.95,14.95,14.79,23.45,50.02,0,0,0,0,0
2026-01-01T02:33:43Z,leak,NORMAL,8415.4,39.79,88.71,78.49,15.06,14.98,23.47,50.06,0,0,0,0,0
2026-01-01T02:33:44Z,leak,NORMAL,8435.7,40.07,90.22,79.02,14.93,14.75,23.39,50.01,0,0,0,0,0
2026-01-01T02:33:45Z,leak,NORMAL,8410.8,40.23,90.2,78.8,15.17,15.17,23.37,50.03,0,0,0,0,0
2026-01-01T02:33:46Z,leak,NORMAL,8400.4,39.94,89.34,79.99,15.19,14.92,23.61,49.98,0,0,0,0,0
2026-01-01T02:33:47Z,leak,NORMAL,8403.5,40.22,89.41,78.79,15.03,14.85,23.49,49.91,0,0,0,0,0
2026-01-01T02:33:48Z,leak,NORMAL,8413.8,40.02,88.77,79.1,14.83,14.89,23.59,50.01,0,0,0,0,0
2026-01-01T02:33:49Z,leak,NORMAL,8411.4,40.07,89.19,79.21,15.07,15.07,23.69,50.05,0,0,0,0,0
2026-01-01T02:33:50Z,leak,NORMAL,8412.9,39.59,88.85,79.74,15.09,15.05,23.84,50.02,0,0,0,0,0
2026-01-01T02:33:51Z,leak,NORMAL,8417.4,39.86,89.42,79.25,14.96,14.87,23.64,49.95,0,0,0,0,0
2026-01-01T02:33:52Z,leak,NORMAL,8419.3,40.14,89.38,79.19,14.91,14.98,23.72,49.98,0,0,0,0,0
2026-01-01T02:33:53Z,leak,NORMAL,8390.2,39.91,89.52,79.44,15.09,15.1,23.75,50.04,0,0,0,0,0
2026-01-01T02:33:54Z,leak,NORMAL,8402.7,39.67,89.15,79.08,14.71,15.0,23.49,50.05,0,0,0,0,0
2026-01-01T02:33:55Z,leak,NORMAL,8400.6,40.1,88.55,79.31,15.0,14.99,23.66,49.98,0,0,0,0,0
2026-01-01T02:33:56Z,leak,NORMAL,8425.3,39.72,88.34,79.63,14.84,15.15,23.68,50.02,0,0,0,0,0
2026-01-01T02:33:57Z,leak,NORMAL,8402.0,40.5,89.5,79.18,15.01,14.95,23.87,49.97,0,0,0,0,0
2026-01-01T02:33:58Z,leak,NORMAL,8409.0,39.8,89.89,78.93,14.81,14.91,23.52,50.03,0,0,0,0,0
2026-01-01T02:33:59Z,leak,NORMAL,8411.6,39.64,89.6,79.4,15.08,15.16,23.75,50.06,0,0,0,0,0
2026-01-01T02:34:00Z,leak,NORMAL,8412.0,40.01,89.08,79.89,14.97,14.9,23.58,49.96,0,0,0,0,0
2026-01-01T02:34:01Z,leak,NORMAL,8388.0,39.84,88.71,79.26,15.0,15.04,23.63,50.1,0,0,0,0,0
2026-01-01T02:34:02Z,leak,NORMAL,8414.8,40.08,89.06,78.21,15.12,15.04,23.78,50.01,0,0,0,0,0
2026-01-01T02:34:03Z,leak,NORMAL,8397.6,40.03,89.56,78.91,15.0,14.69,23.52,50.05,0,0,0,0,0
2026-01-01T02:34:04Z,leak,NORMAL,8403.4,39.84,89.07,79.48,15.05,15.05,23.8,50.02,0,0,0,0,0
2026-01-01T02:34:05Z,leak,NORMAL,8406.8,39.9,88.39,78.89,14.95,14.94,23.64,50.05,0,0,0,0,0
2026-01-01T02:34:06Z,leak,NORMAL,8405.8,40.13,87.83,78.71,15.0,15.06,23.61,50.0,0,0,0,0,0
2026-01-01T02:34:07Z,leak,NORMAL,8408.7,39.74,89.69,78.75,14.94,15.13,23.68,49.94,0,0,0,0,0
2026-01-01T02:34:08Z,leak,NORMAL,8414.3,39.6,88.51,80.24,15.1,14.99,23.6,49.95,0,0,0,0,0
2026-01-01T02:34:09Z,leak,NORMAL,8375.1,40.2,88.53,79.47,15.04,15.05,23.65,49.95,0,0,0,0,0
2026-01-01T02:34:10Z,leak,NORMAL,8409.4,39.77,88.98,79.6,14.92,14.95,23.59,49.91,0,0,0,0,0
2026-01-01T02:34:11Z,leak,NORMAL,8388.1,39.78,89.96,79.3,15.01,15.1,23.55,49.96,0,0,0,0,0
2026-01-01T02:34:12Z,leak,NORMAL,8394.6,40.12,90.21,78.58,15.03,14.98,23.74,49.94,0,0,0,0,0
2026-01-01T02:34:13Z,leak,NORMAL,8390.7,39.73,89.13,79.22,14.97,15.05,23.61,49.99,0,0,0,0,0
2026-01-01T02:34:14Z,leak,NORMAL,8398.3,39.56,89.19,79.54,14.98,14.9,23.49,49.96,0,0,0,0,0
2026-01-01T02:34:15Z,leak,NORMAL,8401.1,40.07,89.11,78.97,15.18,15.06,23.64,50.04,0,0,0,0,0
2026-01-01T02:34:16Z,leak,NORMAL,8412.6,40.13,89.28,79.0,14.88,15.07,23.75,50.08,0,0,0,0,0
2026-01-01T02:34:17Z,leak,NORMAL,8395.2,39.99,88.84,80.13,15.09,14.96,23.75,50.01,0,0,0,0,0
2026-01-01T02:34:18Z,leak,NORMAL,8423.8,40.09,88.73,79.04,14.96,15.09,23.64,49.93,0,0,0,0,0
2026-01-01T02:34:19Z,leak,NORMAL,8407.8,40.06,88.5,79.09,14.94,15.08,23.7,50.01,0,0,0,0,0
2026-01-01T02:34:20Z,leak,NORMAL,8398.2,40.23,89.88,78.58,14.82,14.97,23.68,49.99,0,0,0,0,0
2026-01-01T02:34:21Z,leak,NORMAL,8400.6,40.0,89.1,78.06,14.8,15.11,23.71,50.08,0,0,0,0,0
2026-01-01T02:34:22Z,leak,NORMAL,8399.2,39.42,89.48,78.93,15.09,14.95,23.76,50.0,0,0,0,0,0
2026-01-01T02:34:23Z,leak,NORMAL,8403.3,40.17,89.02,79.14,14.92,15.04,23.69,50.01,0,0,0,0,0
2026-01-01T02:34:24Z,leak,NORMAL,8389.3,40.16,89.29,79.78,14.94,15.11,23.65,50.05,0,0,0,0,0
2026-01-01T02:34:25Z,leak,NORMAL,8403.2,40.08,89.26,79.61,15.12,14.97,23.76,50.04,0,0,0,0,0
2026-01-01T02:34:26Z,leak,NORMAL,8401.0,40.09,88.98,79.3,15.11,14.94,23.83,50.09,0,0,0,0,0
2026-01-01T02:34:27Z,leak,NORMAL,8393.9,40.04,89.07,79.34,15.14,14.89,23.72,50.02,0,0,0,0,0
2026-01-01T02:34:28Z,leak,NORMAL,8408.1,39.94,89.07,79.69,14.98,15.07,23.78,50.0,0,0,0,0,0
2026-01-01T02:34:29Z,leak,NORMAL,8399.4,40.05,88.57,79.2,15.03,14.9,23.8,50.01,0,0,0,0,0
2026-01-01T02:34:30Z,leak,NORMAL,8403.1,40.25,90.11,79.58,15.27,14.95,23.83,49.93,0,0,0,0,0
2026-01-01T02:34:31Z,leak,NORMAL,8388.9,40.04,88.75,79.09,14.87,15.04,23.67,49.97,0,0,0,0,0
2026-01-01T02:34:32Z,leak,NORMAL,8401.6,39.92,89.32,78.36,14.93,14.98,23.78,50.03,0,0,0,0,0
2026-01-01T02:34:33Z,leak,NORMAL,8392.4,40.09,88.33,78.11,15.05,14.84,23.86,50.02,0,0,0,0,0
2026-01-01T02:34:34Z,leak,NORMAL,8404.2,40.08,88.86,78.77,15.13,15.14,23.75,49.98,0,0,0,0,0
2026-01-01T02:34:35Z,leak,NORMAL,8376.0,40.03,89.17,79.08,15.01,15.03,23.7,50.07,0,0,0,0,0
2026-01-01T02:34:36Z,leak,NORMAL,8409.7,39.76,88.26,79.25,14.98,15.12,23.73,49.98,0,0,0,0,0
2026-01-01T02:34:37Z,leak,NORMAL,8399.0,39.91,88.35,78.78,14.91,14.97,23.85,50.01,0,0,0,0,0
2026-01-01T02:34:38Z,leak,NORMAL,8395.9,40.18,88.93,79.86,14.89,15.09,23.63,50.07,0,0,0,0,0
2026-01-01T02:34:39Z,leak,NORMAL,8417.9,39.78,89.55,79.07,14.81,14.84,23.82,49.98,0,0,0,0,0
2026-01-01T02:34:40Z,leak,NORMAL,8394.2,40.0,88.99,79.01,15.02,14.85,23.9,49.97,0,0,0,0,0
2026-01-01T02:34:41Z,leak,NORMAL,8407.7,40.2,89.33,79.79,14.96,15.08,23.73,50.0,0,0,0,0,0
2026-01-01T02:34:42Z,leak,NORMAL,8402.5,40.1,88.79,79.38,14.98,14.95,23.9,50.01,0,0,0,0,0
2026-01-01T02:34:43Z,leak,NORMAL,8392.4,39.98,89.73,78.91,15.1,15.14,23.81,50.09,0,0,0,0,0
2026-01-01T02:34:44Z,leak,NORMAL,8388.5,40.64,87.93,79.02,14.89,15.02,23.86,49.91,0,0,0,0,0
2026-01-01T02:34:45Z,leak,NORMAL,8416.8,39.77,89.84,78.71,15.12,15.08,24.16,50.03,0,0,0,0,0
2026-01-01T02:34:46Z,leak,NORMAL,8403.5,39.66,88.34,78.22,14.96,14.94,23.86,49.99,0,0,0,0,0
2026-01-01T02:34:47Z,leak,NORMAL,8399.1,40.24,88.19,80.15,14.94,15.02,24.07,50.03,0,0,0,0,0
2026-01-01T02:34:48Z,leak,NORMAL,8415.7,39.99,88.27,80.17,15.08,14.97,23.76,50.05,0,0,0,0,0
2026-01-01T02:34:49Z,leak,NORMAL,8408.4,39.97,89.13,79.45,15.29,15.09,23.89,49.95,0,0,0,0,0
2026-01-01T02:34:50Z,leak,NORMAL,8398.9,39.6,88.71,78.23,14.82,14.81,23.84,49.86,0,0,0,0,0
2026-01-01T02:34:51Z,leak,NORMAL,8402.2,40.17,89.68,79.12,15.0,14.83,23.75,50.08,0,0,0,0,0
2026-01-01T02:34:52Z,leak,NORMAL,8400.0,39.92,89.0,79.05,15.02,14.88,24.07,49.9,0,0,0,0,0
2026-01-01T02:34:53Z,leak,NORMAL,8404.9,40.31,89.25,78.66,15.16,15.07,23.83,49.97,0,0,0,0,0
2026-01-01T02:34:54Z,leak,NORMAL,8391.1,39.7,88.47,79.63,14.87,15.14,24.01,50.08,0,0,0,0,0
2026-01-01T02:34:55Z,leak,NORMAL,8411.3,39.89,88.54,78.11,15.3,14.93,23.96,50.08,0,0,0,0,0
2026-01-01T02:34:56Z,leak,NORMAL,8414.9,39.99,88.67,79.09,15.06,15.03,23.95,50.05,0,0,0,0,0
2026-01-01T02:34:57Z,leak,NORMAL,8409.3,40.32,88.76,79.59,15.02,15.0,23.9,50.03,0,0,0,0,0
2026-01-01T02:34:58Z,leak,NORMAL,8400.3,40.19,89.8,78.59,14.84,15.0,23.97,49.91,0,0,0,0,0
2026-01-01T02:34:59Z,leak,NORMAL,8391.3,40.0,88.56,79.03,15.0,15.08,23.77,50.02,0,0,0,0,0
2026-01-01T02:35:00Z,leak,NORMAL,8400.9,40.45,89.07,78.61,15.01,15.19,24.14,50.0,0,0,0,0,0
2026-01-01T02:35:01Z,leak,NORMAL,8411.1,40.2,89.4,79.6,14.92,14.96,23.81,49.98,0,0,0,0,0
2026-01-01T02:35:02Z,leak,NORMAL,8403.2,39.49,88.68,79.39,14.91,15.09,23.74,50.04,0,0,0,0,0
2026-01-01T02:35:03Z,leak,NORMAL,8387.8,39.65,88.68,78.39,15.25,14.93,23.95,50.0,0,0,0,0,0
2026-01-01T02:35:04Z,leak,NORMAL,8408.9,39.71,89.06,78.78,14.94,15.03,23.96,49.93,0,0,0,0,0
2026-01-01T02:35:05Z,leak,NORMAL,8399.0,40.09,89.22,79.18,15.1,14.87,23.98,49.96,0,0,0,0,0
2026-01-01T02:35:06Z,leak,NORMAL,8405.5,39.8,88.87,79.41,15.13,14.84,23.85,50.05,0,0,0,0,0
2026-01-01T02:35:07Z,leak,NORMAL,8397.2,40.27,89.71,79.03,14.86,15.01,23.93,50.08,0,0,0,0,0
2026-01-01T02:35:08Z,leak,NORMAL,8424.3,40.21,88.9,78.33,15.13,15.11,23.9,50.01,0,0,0,0,0
2026-01-01T02:35:09Z,leak,NORMAL,8400.5,39.63,89.39,78.17,15.01,14.91,23.94,49.99,0,0,0,0,0
2026-01-01T02:35:10Z,leak,NORMAL,8391.6,39.89,89.2,79.36,14.98,15.14,24.02,50.12,0,0,0,0,0
2026-01-01T02:35:11Z,leak,NORMAL,8392.4,40.3,88.57,79.54,15.1,15.06,23.94,50.06,0,0,0,0,0
2026-01-01T02:35:12Z,leak,NORMAL,8405.8,40.03,89.5,79.61,14.92,15.14,23.98,49.93,0,0,0,0,0
2026-01-01T02:35:13Z,leak,NORMAL,8397.0,39.92,88.84,79.13,14.94,15.06,24.21,50.0,0,0,0,0,0
2026-01-01T02:35:14Z,leak,NORMAL,8402.5,39.99,88.19,78.44,14.87,15.05,24.07,50.03,0,0,0,0,0
2026-01-01T02:35:15Z,leak,NORMAL,8404.7,40.33,89.41,79.06,14.73,14.99,24.24,49.95,0,0,0,0,0
2026-01-01T02:35:16Z,leak,NORMAL,8422.3,40.08,89.19,78.76,15.07,14.85,24.06,50.03,0,0,0,0,0
2026-01-01T02:35:17Z,leak,NORMAL,8426.2,40.03,89.06,78.62,15.13,15.14,24.0,50.07,0,0,0,0,0
2026-01-01T02:35:18Z,leak,NORMAL,8417.1,39.98,88.88,79.25,15.02,14.91,24.11,50.02,0,0,0,0,0
2026-01-01T02:35:19Z,leak,NORMAL,8413.5,39.86,88.4,78.44,15.09,15.1,24.08,49.92,0,0,0,0,0
2026-01-01T02:35:20Z,leak,NORMAL,8427.2,39.84,88.97,78.86,15.01,15.04,24.09,50.01,0,0,0,0,0
2026-01-01T02:35:21Z,leak,NORMAL,8403.9,40.07,89.33,78.62,14.86,14.9,23.88,50.01,0,0,0,0,0
2026-01-01T02:35:22Z,leak,NORMAL,8433.9,39.92,88.78,79.65,15.1,14.94,24.15,49.98,0,0,0,0,0
2026-01-01T02:35:23Z,leak,NORMAL,8420.3,39.96,88.49,78.17,14.96,15.09,24.06,49.93,0,0,0,0,0
2026-01-01T02:35:24Z,leak,NORMAL,8407.2,40.1,88.81,78.79,14.73,14.88,23.89,49.98,0,0,0,0,0
2026-01-01T02:35:25Z,leak,NORMAL,8425.8,39.9,88.93,78.89,14.94,15.29,24.06,50.08,0,0,0,0,0
2026-01-01T02:35:26Z,leak,NORMAL,8423.8,39.87,89.87,79.46,14.94,14.97,23.97,49.99,0,0,0,0,0
2026-01-01T02:35:27Z,leak,NORMAL,8415.4,39.96,88.57,79.41,15.0,15.0,23.99,50.09,0,0,0,0,0
2026-01-01T02:35:28Z,leak,NORMAL,8408.8,40.07,89.0,79.25,15.08,15.08,24.11,50.1,0,0,0,0,0
2026-01-01T02:35:29Z,leak,NORMAL,8411.8,40.19,89.01,78.61,14.96,14.85,23.91,49.97,0,0,0,0,0
2026-01-01T02:35:30Z,leak,NORMAL,8410.9,40.18,88.88,79.07,15.08,14.97,24.11,49.97,0,0,0,0,0
2026-01-01T02:35:31Z,leak,NORMAL,8412.3,39.67,88.8,80.51,14.99,14.9,24.09,49.98,0,0,0,0,0
2026-01-01T02:35:32Z,leak,NORMAL,8433.1,40.12,89.32,79.0,14.86,14.99,24.13,50.02,0,0,0,0,0
2026-01-01T02:35:33Z,leak,NORMAL,8418.4,40.04,90.13,79.66,14.77,14.99,24.24,49.96,0,0,0,0,0
2026-01-01T02:35:34Z,leak,NORMAL,8412.6,40.28,89.79,79.01,14.95,15.13,24.14,50.0,0,0,0,0,0
2026-01-01T02:35:35Z,leak,NORMAL,8426.8,40.15,88.94,79.28,15.05,15.03,24.13,49.97,0,0,0,0,0
2026-01-01T02:35:36Z,leak,NORMAL,8432.8,40.08,89.33,78.92,14.84,14.93,23.94,49.95,0,0,0,0,0
2026-01-01T02:35:37Z,leak,NORMAL,8424.9,39.93,89.19,79.24,15.14,14.84,24.17,49.91,0,0,0,0,0
2026-01-01T02:35:38Z,leak,NORMAL,8430.6,40.02,90.42,78.59,15.03,14.95,24.16,49.99,0,0,0,0,0
2026-01-01T02:35:39Z,leak,NORMAL,8435.5,40.02,88.4,79.82,15.05,14.99,24.08,49.95,0,0,0,0,0
2026-01-01T02:35:40Z,leak,NORMAL,8407.0,39.68,89.3,79.83,14.75,15.01,24.13,50.04,0,0,0,0,0
2026-01-01T02:35:41Z,leak,NORMAL,8407.0,39.99,88.83,79.11,14.95,14.86,24.12,49.99,0,0,0,0,0
2026-01-01T02:35:42Z,leak,NORMAL,8406.6,40.19,89.05,78.52,14.95,14.91,24.05,50.04,0,0,0,0,0
2026-01-01T02:35:43Z,leak,NORMAL,8425.8,40.19,88.71,78.33,14.95,15.0,24.28,49.99,0,0,0,0,0
2026-01-01T02:35:44Z,leak,NORMAL,8411.3,39.73,88.55,79.56,15.06,15.08,24.1,49.95,0,0,0,0,0
2026-01-01T02:35:45Z,leak,NORMAL,8418.6,40.18,90.03,78.28,14.92,15.04,24.2,49.96,0,0,0,0,0
2026-01-01T02:35:46Z,leak,NORMAL,8415.1,39.99,89.19,79.16,14.96,15.06,24.41,50.1,0,0,0,0,0
2026-01-01T02:35:47Z,leak,NORMAL,8426.2,40.13,89.37,78.83,14.92,14.85,24.05,50.01,0,0,0,0,0
2026-01-01T02:35:48Z,leak,NORMAL,8425.5,39.95,89.35,79.56,15.08,14.96,24.19,50.03,0,0,0,0,0
2026-01-01T02:35:49Z,leak,NORMAL,8446.0,39.85,90.12,79.7,15.03,15.06,24.46,50.0,0,0,0,0,0
2026-01-01T02:35:50Z,leak,NORMAL,8425.2,39.76,89.08,78.97,15.0,14.86,24.29,50.0,0,0,0,0,0
2026-01-01T02:35:51Z,leak,NORMAL,8440.4,40.38,89.49,78.64,14.97,14.93,24.16,49.96,0,0,0,0,0
2026-01-01T02:35:52Z,leak,NORMAL,8432.2,40.26,88.91,79.03,14.85,14.96,24.41,50.12,0,0,0,0,0
2026-01-01T02:35:53Z,leak,NORMAL,8428.9,39.98,89.11,78.86,15.03,15.04,24.23,49.97,0,0,0,0,0
2026-01-01T02:35:54Z,leak,NORMAL,8415.2,40.03,88.71,79.04,14.91,14.96,24.21,49.99,0,0,0,0,0
2026-01-01T02:35:55Z,leak,NORMAL,8448.8,40.24,89.64,78.63,15.06,15.01,24.27,50.01,0,0,0,0,0
2026-01-01T02:35:56Z,leak,NORMAL,8455.6,39.91,89.22,79.19,15.0,15.1,24.26,49.98,0,0,0,0,0
2026-01-01T02:35:57Z,leak,NORMAL,8412.8,40.0,89.31,79.27,14.83,14.93,24.16,49.95,0,0,0,0,0
2026-01-01T02:35:58Z,leak,NORMAL,8435.1,39.77,89.22,79.12,15.11,15.01,24.36,50.06,0,0,0,0,0
2026-01-01T02:35:59Z,leak,NORMAL,8444.7,40.27,88.22,78.51,14.97,14.98,24.26,50.0,0,0,0,0,0
2026-01-01T02:36:00Z,leak,NORMAL,8426.4,39.99,88.61,78.4,15.08,15.05,24.32,50.06,0,0,0,0,0
2026-01-01T02:36:01Z,leak,NORMAL,8446.9,39.49,89.85,79.5,15.14,15.13,24.28,49.97,0,0,0,0,0
2026-01-01T02:36:02Z,leak,NORMAL,8430.1,40.65,88.96,78.89,15.08,15.05,24.31,49.97,0,0,0,0,0
2026-01-01T02:36:03Z,leak,NORMAL,8454.9,39.96,89.75,79.56,14.9,15.09,24.24,50.04,0,0,0,0,0
2026-01-01T02:36:04Z,leak,NORMAL,8431.6,40.25,90.28,79.65,14.77,14.92,24.09,49.96,0,0,0,0,0
2026-01-01T02:36:05Z,leak,NORMAL,8429.5,40.01,89.82,79.68,15.03,15.06,24.37,49.98,0,0,0,0,0
2026-01-01T02:36:06Z,leak,NORMAL,8428.3,39.75,88.65,79.33,15.03,14.99,24.29,50.08,0,0,0,0,0
2026-01-01T02:36:07Z,leak,NORMAL,8429.2,39.51,89.14,79.88,14.86,14.88,24.17,50.04,0,0,0,0,0
2026-01-01T02:36:08Z,leak,NORMAL,8436.0,39.78,89.91,78.59,15.05,14.94,24.29,50.03,0,0,0,0,0
2026-01-01T02:36:09Z,leak,NORMAL,8452.3,40.14,89.85,78.98,15.24,14.84,24.48,50.05,0,0,0,0,0
2026-01-01T02:36:10Z,leak,NORMAL,8451.2,39.73,88.72,79.32,14.9,14.85,24.32,49.94,0,0,0,0,0
2026-01-01T02:36:11Z,leak,NORMAL,8417.9,40.14,89.36,78.71,15.13,15.04,24.39,50.01,0,0,0,0,0
2026-01-01T02:36:12Z,leak,NORMAL,8447.5,40.39,88.49,79.1,15.01,15.1,24.29,50.06,0,0,0,0,0
2026-01-01T02:36:13Z,leak,NORMAL,8430.6,40.02,89.4,79.45,15.02,15.09,24.39,50.0,0,0,0,0,0
2026-01-01T02:36:14Z,leak,NORMAL,8439.2,40.16,89.94,80.08,15.05,14.81,24.49,49.9,0,0,0,0,0
2026-01-01T02:36:15Z,leak,NORMAL,8436.6,40.27,89.24,79.01,15.15,15.03,24.09,49.96,0,0,0,0,0
2026-01-01T02:36:16Z,leak,NORMAL,8456.8,40.06,89.47,78.63,15.08,15.08,24.5,50.05,0,0,0,0,0
2026-01-01T02:36:17Z,leak,NORMAL,8435.3,39.88,89.29,79.2,14.87,14.99,24.59,50.03,0,0,0,0,0
2026-01-01T02:36:18Z,leak,NORMAL,8449.6,40.25,89.21,79.04,15.0,14.93,24.44,49.98,0,0,0,0,0
2026-01-01T02:36:19Z,leak,NORMAL,8458.1,40.03,89.59,79.76,14.91,14.96,24.44,50.01,0,0,0,0,0
2026-01-01T02:36:20Z,leak,NORMAL,8448.5,39.99,89.93,79.81,15.1,15.04,24.4,50.04,0,0,0,0,0
2026-01-01T02:36:21Z,leak,NORMAL,8445.1,40.35,88.85,78.81,14.97,14.96,24.42,50.02,0,0,0,0,0
2026-01-01T02:36:22Z,leak,NORMAL,8451.6,39.78,89.32,78.53,14.98,14.88,24.44,49.96,0,0,0,0,0
2026-01-01T02:36:23Z,leak,NORMAL,8452.0,39.99,88.76,79.26,15.12,15.07,24.41,50.03,0,0,0,0,0
2026-01-01T02:36:24Z,leak,NORMAL,8445.1,40.27,89.32,79.1,14.93,15.01,24.28,49.87,0,0,0,0,0
2026-01-01T02:36:25Z,leak,NORMAL,8458.2,39.62,88.86,78.95,14.97,15.0,24.41,50.01,0,0,0,0,0
2026-01-01T02:36:26Z,leak,NORMAL,8447.9,40.41,89.48,79.48,15.11,14.92,24.41,50.01,0,0,0,0,0
2026-01-01T02:36:27Z,leak,NORMAL,8452.5,40.08,89.38,79.11,14.91,15.22,24.49,50.08,0,0,0,0,0
2026-01-01T02:36:28Z,leak,NORMAL,8470.7,39.93,89.64,79.6,14.95,15.05,24.46,49.95,0,0,0,0,0
2026-01-01T02:36:29Z,leak,NORMAL,8443.5,39.94,89.91,79.73,14.86,15.12,24.51,50.06,0,0,0,0,0
2026-01-01T02:36:30Z,leak,NORMAL,8456.4,40.24,89.78,78.89,14.92,15.0,24.34,50.04,0,0,0,0,0
2026-01-01T02:36:31Z,leak,NORMAL,8451.2,39.97,89.15,79.43,14.91,14.91,24.33,49.97,0,0,0,0,0
2026-01-01T02:36:32Z,leak,NORMAL,8468.7,40.11,90.71,79.08,15.05,14.98,24.49,50.02,0,0,0,0,0
2026-01-01T02:36:33Z,leak,NORMAL,8456.5,39.99,89.93,78.47,15.05,15.01,24.3,49.98,0,0,0,0,0
2026-01-01T02:36:34Z,leak,NORMAL,8466.9,39.97,89.58,78.26,15.06,15.05,24.73,49.94,0,0,0,0,0
2026-01-01T02:36:35Z,leak,NORMAL,8463.0,40.05,90.34,79.04,15.09,15.03,24.47,49.9,0,0,0,0,0
2026-01-01T02:36:36Z,leak,NORMAL,8460.4,40.37,89.71,79.12,14.85,15.06,24.36,50.02,0,0,0,0,0
2026-01-01T02:36:37Z,leak,NORMAL,8468.8,39.95,89.14,79.31,15.01,14.99,24.56,49.99,0,0,0,0,0
2026-01-01T02:36:38Z,leak,NORMAL,8460.0,39.98,89.6,79.45,14.94,14.95,24.63,50.01,0,0,0,0,0
2026-01-01T02:36:39Z,leak,NORMAL,8470.4,39.94,90.12,79.3,14.96,14.89,24.49,50.05,0,0,0,0,0
2026-01-01T02:36:40Z,leak,NORMAL,8464.3,39.69,89.9,79.3,14.88,15.15,24.58,50.02,0,0,0,0,0
2026-01-01T02:36:41Z,leak,NORMAL,8463.9,40.02,90.12,78.84,15.09,15.01,24.71,50.07,0,0,0,0,0
2026-01-01T02:36:42Z,leak,NORMAL,8471.3,39.67,88.5,79.6,15.02,15.03,24.66,50.06,0,0,0,0,0
2026-01-01T02:36:43Z,leak,NORMAL,8470.9,39.73,89.96,79.22,15.02,14.96,24.61,49.97,0,0,0,0,0
2026-01-01T02:36:44Z,leak,NORMAL,8457.4,39.92,89.78,79.13,14.86,15.03,24.65,49.94,0,0,0,0,0
2026-01-01T02:36:45Z,leak,NORMAL,8488.1,39.56,89.05,79.41,14.99,15.14,24.58,49.96,0,0,0,0,0
2026-01-01T02:36:46Z,leak,NORMAL,8463.6,39.63,90.46,78.9,15.08,15.04,24.56,49.97,0,0,0,0,0
2026-01-01T02:36:47Z,leak,NORMAL,8460.6,40.15,87.81,79.57,15.02,14.96,24.55,49.95,0,0,0,0,0
2026-01-01T02:36:48Z,leak,NORMAL,8474.6,40.09,89.82,79.22,14.99,14.94,24.65,50.05,0,0,0,0,0
2026-01-01T02:36:49Z,leak,NORMAL,8469.4,40.07,89.48,80.0,15.1,14.89,24.45,50.01,0,0,0,0,0
2026-01-01T02:36:50Z,leak,NORMAL,8495.9,39.99,90.18,79.36,15.11,14.99,24.57,49.92,0,0,0,0,0
2026-01-01T02:36:51Z,leak,NORMAL,8503.0,40.07,90.07,79.26,14.99,14.91,24.69,50.0,0,0,0,0,0
2026-01-01T02:36:52Z,leak,NORMAL,8474.7,39.93,89.66,79.75,15.07,14.97,24.68,50.05,0,0,0,0,0
2026-01-01T02:36:53Z,leak,NORMAL,8489.5,40.08,88.12,79.45,15.08,15.0,24.57,50.03,0,0,0,0,0
2026-01-01T02:36:54Z,leak,NORMAL,8479.4,40.12,90.49,80.22,15.07,15.11,24.72,49.97,0,0,0,0,0
2026-01-01T02:36:55Z,leak,NORMAL,8463.0,39.78,89.8,79.93,15.12,14.93,24.65,50.0,0,0,0,0,0
2026-01-01T02:36:56Z,leak,NORMAL,8468.5,39.85,89.76,80.37,14.98,15.09,24.54,50.04,0,0,0,0,0
2026-01-01T02:36:57Z,leak,NORMAL,8476.7,39.89,89.79,80.32,15.2,15.06,24.69,50.02,0,0,0,0,0
2026-01-01T02:36:58Z,leak,NORMAL,8492.5,40.01,90.24,79.76,15.05,15.01,24.79,50.04,0,0,0,0,0
2026-01-01T02:36:59Z,leak,NORMAL,8490.9,39.76,89.01,79.2,15.07,15.03,24.73,49.98,0,0,0,0,0
2026-01-01T02:37:00Z,leak,NORMAL,8495.8,39.9,90.68,79.62,14.81,14.93,24.66,50.04,0,0,0,0,0
2026-01-01T02:37:01Z,leak,NORMAL,8484.5,39.81,90.31,78.71,14.93,14.97,24.62,50.02,0,0,0,0,0
2026-01-01T02:37:02Z,leak,NORMAL,8497.3,40.0,89.5,79.58,14.91,14.98,24.65,49.96,0,0,0,0,0
2026-01-01T02:37:03Z,leak,NORMAL,8487.7,40.16,89.31,79.22,15.13,14.99,24.64,49.97,0,0,0,0,0
2026-01-01T02:37:04Z,leak,NORMAL,8488.2,39.55,90.09,79.28,14.97,15.02,24.82,49.92,0,0,0,0,0
2026-01-01T02:37:05Z,leak,NORMAL,8495.1,39.83,90.21,80.25,14.96,15.02,24.73,49.99,0,0,0,0,0
2026-01-01T02:37:06Z,leak,NORMAL,8490.8,40.09,89.9,79.52,15.05,15.08,24.63,49.88,0,0,0,0,0
2026-01-01T02:37:07Z,leak,NORMAL,8522.2,39.92,89.69,79.46,15.01,14.89,24.71,50.0,0,0,0,0,0
2026-01-01T02:37:08Z,leak,NORMAL,8487.7,40.06,89.67,80.18,15.11,15.09,24.82,49.93,0,0,0,0,0
2026-01-01T02:37:09Z,leak,NORMAL,8499.6,40.05,89.74,78.6,15.07,15.04,24.61,49.99,0,0,0,0,0
2026-01-01T02:37:10Z,leak,NORMAL,8506.2,39.86,89.95,80.39,15.01,15.0,24.85,49.99,0,0,0,0,0
2026-01-01T02:37:11Z,leak,NORMAL,8488.5,39.98,90.09,79.34,14.97,15.0,24.57,50.05,0,0,0,0,0
2026-01-01T02:37:12Z,leak,NORMAL,8493.4,39.94,88.97,79.62,14.99,14.91,24.8,50.04,0,0,0,0,0
2026-01-01T02:37:13Z,leak,NORMAL,8507.7,39.81,88.76,79.86,15.03,15.07,24.61,50.03,0,0,0,0,0
2026-01-01T02:37:14Z,leak,NORMAL,8484.5,40.01,90.13,79.13,14.95,15.08,24.9,50.09,0,0,0,0,0
2026-01-01T02:37:15Z,leak,NORMAL,8516.9,40.2,90.44,78.79,14.93,15.04,24.63,49.95,0,0,0,0,0
2026-01-01T02:37:16Z,leak,NORMAL,8481.7,39.81,90.23,79.3,15.15,14.92,24.73,49.96,0,0,0,0,0
2026-01-01T02:37:17Z,leak,NORMAL,8521.5,39.96,90.08,79.65,14.93,14.81,24.65,50.07,0,0,0,0,0
2026-01-01T02:37:18Z,leak,NORMAL,8522.3,39.94,89.86,80.38,14.98,15.14,24.72,49.92,0,0,0,0,0
2026-01-01T02:37:19Z,leak,NORMAL,8504.0,39.91,90.02,79.72,14.91,14.92,24.63,50.02,0,0,0,0,0
2026-01-01T02:37:20Z,leak,NORMAL,8495.4,40.21,89.56,80.28,14.98,15.04,24.65,50.0,0,0,0,0,0
2026-01-01T02:37:21Z,leak,NORMAL,8520.0,39.73,89.01,80.62,14.82,15.18,24.87,49.95,0,0,0,0,0
2026-01-01T02:37:22Z,leak,NORMAL,8519.3,40.11,90.07,78.95,15.03,15.07,24.78,49.92,0,0,0,0,0
2026-01-01T02:37:23Z,leak,NORMAL,8510.2,39.87,90.11,79.32,14.95,15.29,24.89,50.01,0,0,0,0,0
2026-01-01T02:37:24Z,leak,NORMAL,8506.3,40.27,89.43,79.79,15.23,15.09,24.69,49.99,0,0,0,0,0
2026-01-01T02:37:25Z,leak,NORMAL,8510.0,39.79,90.56,79.88,15.01,14.87,24.88,49.97,0,0,0,0,0
2026-01-01T02:37:26Z,leak,NORMAL,8523.1,39.63,89.4,79.88,15.06,14.92,24.8,49.98,0,0,0,0,0
2026-01-01T02:37:27Z,leak,NORMAL,8523.4,39.81,90.73,80.98,15.12,15.04,24.69,49.97,0,0,0,0,0
2026-01-01T02:37:28Z,leak,NORMAL,8512.2,39.67,89.26,80.11,15.02,14.98,24.77,50.08,0,0,0,0,0
2026-01-01T02:37:29Z,leak,NORMAL,8526.8,40.07,91.47,80.12,14.87,14.94,24.78,49.95,0,0,0,0,0
2026-01-01T02:37:30Z,leak,NORMAL,8516.8,40.03,90.53,80.45,14.92,15.09,24.67,49.95,0,0,0,0,0
2026-01-01T02:37:31Z,leak,NORMAL,8521.1,39.92,90.24,79.85,15.17,14.96,24.73,49.96,0,0,0,0,0
2026-01-01T02:37:32Z,leak,NORMAL,8513.3,39.83,89.42,79.37,15.05,14.89,24.83,50.09,0,0,0,0,0
2026-01-01T02:37:33Z,leak,NORMAL,8510.1,40.26,90.24,80.17,15.01,14.99,25.02,50.0,0,0,0,0,0
2026-01-01T02:37:34Z,leak,NORMAL,8520.0,40.35,89.5,80.1,14.86,15.07,24.92,50.11,0,0,0,0,0
2026-01-01T02:37:35Z,leak,NORMAL,8524.5,39.92,89.99,79.42,15.03,14.97,24.92,49.93,0,0,0,0,0
2026-01-01T02:37:36Z,leak,NORMAL,8533.3,39.91,90.39,79.31,14.97,14.88,24.94,50.03,0,0,0,0,0
2026-01-01T02:37:37Z,leak,NORMAL,8527.9,39.69,90.56,78.84,14.96,14.98,24.98,50.1,0,0,0,0,0
2026-01-01T02:37:38Z,leak,NORMAL,8515.5,40.02,90.2,80.03,15.03,15.09,24.87,49.96,0,0,0,0,0
2026-01-01T02:37:39Z,leak,NORMAL,8539.5,40.01,90.46,79.77,14.77,14.99,24.91,50.08,0,0,0,0,0
2026-01-01T02:37:40Z,leak,NORMAL,8532.7,39.84,89.9,80.88,15.08,15.02,24.74,50.02,0,0,0,0,0
2026-01-01T02:37:41Z,leak,NORMAL,8517.9,39.9,90.31,80.69,14.92,14.83,25.05,50.02,0,0,0,0,0
2026-01-01T02:37:42Z,leak,NORMAL,8524.5,40.01,90.27,80.02,14.79,15.0,24.86,49.95,0,0,0,0,0
2026-01-01T02:37:43Z,leak,NORMAL,8522.9,39.98,89.93,79.2,14.99,15.02,24.85,50.02,0,0,0,0,0
2026-01-01T02:37:44Z,leak,NORMAL,8545.0,39.7,90.4,80.06,15.04,15.04,24.88,50.0,0,0,0,0,0
2026-01-01T02:37:45Z,leak,NORMAL,8554.3,39.79,90.44,80.17,14.97,15.03,25.08,50.07,0,0,0,0,0
2026-01-01T02:37:46Z,leak,NORMAL,8533.4,39.75,90.29,79.9,15.01,14.87,24.75,49.92,0,0,0,0,0
2026-01-01T02:37:47Z,leak,NORMAL,8543.3,39.89,90.05,79.47,14.98,14.98,24.99,50.05,0,0,0,0,0
2026-01-01T02:37:48Z,leak,NORMAL,8544.3,40.04,89.79,80.17,14.97,15.26,25.02,50.01,0,0,0,0,0
2026-01-01T02:37:49Z,leak,NORMAL,8527.3,40.12,90.38,79.73,15.08,15.0,24.89,50.0,0,0,0,0,0
2026-01-01T02:37:50Z,leak,NORMAL,8532.7,39.94,90.26,79.86,14.94,14.99,25.0,50.06,0,0,0,0,0
2026-01-01T02:37:51Z,leak,NORMAL,8536.8,39.87,90.04,80.09,15.1,15.07,24.89,49.95,0,0,0,0,0
2026-01-01T02:37:52Z,leak,NORMAL,8522.7,39.9,90.9,79.55,14.97,15.07,25.13,49.99,0,0,0,0,0
2026-01-01T02:37:53Z,leak,NORMAL,8514.6,40.06,90.16,79.7,14.97,14.9,25.06,49.95,0,0,0,0,0
2026-01-01T02:37:54Z,leak,NORMAL,8535.8,39.98,90.29,80.26,15.13,14.97,25.05,49.96,0,0,0,0,0
2026-01-01T02:37:55Z,leak,NORMAL,8558.9,39.91,89.72,79.71,15.0,15.04,25.07,49.97,0,0,0,0,0
2026-01-01T02:37:56Z,leak,NORMAL,8535.9,39.87,91.04,80.03,15.16,14.8,24.86,49.97,0,0,0,0,0
2026-01-01T02:37:57Z,leak,NORMAL,8544.8,39.94,89.82,80.44,14.83,15.01,24.99,50.1,0,0,0,0,0
2026-01-01T02:37:58Z,leak,NORMAL,8546.6,40.04,90.93,80.65,14.92,14.96,24.9,49.95,0,0,0,0,0
2026-01-01T02:37:59Z,leak,NORMAL,8524.6,39.91,90.58,80.29,14.98,15.1,24.9,49.9,0,0,0,0,0
2026-01-01T02:38:00Z,leak,NORMAL,8534.1,39.93,89.78,79.98,14.92,14.92,25.08,49.94,0,0,0,0,0
2026-01-01T02:38:01Z,leak,NORMAL,8558.0,40.04,90.42,80.44,15.06,15.0,25.14,50.06,0,0,0,0,0
2026-01-01T02:38:02Z,leak,NORMAL,8551.5,39.98,90.7,79.79,15.05,15.06,25.1,49.96,0,0,0,0,0
2026-01-01T02:38:03Z,leak,NORMAL,8558.4,40.22,91.05,80.05,15.14,15.14,24.9,50.15,0,0,0,0,0
2026-01-01T02:38:04Z,leak,NORMAL,8535.4,40.1,90.27,80.16,14.95,15.13,24.96,50.02,0,0,0,0,0
2026-01-01T02:38:05Z,leak,NORMAL,8553.6,40.1,91.0,80.23,15.15,14.89,24.85,49.94,0,0,0,0,0
2026-01-01T02:38:06Z,leak,NORMAL,8531.6,40.11,89.53,80.47,14.92,14.99,25.06,50.06,0,0,0,0,0
2026-01-01T02:38:07Z,leak,NORMAL,8544.9,39.4,89.98,80.51,15.14,14.96,25.15,50.03,0,0,0,0,0
2026-01-01T02:38:08Z,leak,NORMAL,8547.0,39.71,90.18,79.05,14.87,14.88,25.16,50.07,0,0,0,0,0
2026-01-01T02:38:09Z,leak,NORMAL,8537.9,39.83,90.58,79.61,15.01,14.97,24.97,50.09,0,0,0,0,0
2026-01-01T02:38:10Z,leak,NORMAL,8548.6,40.04,90.84,79.59,15.03,15.12,25.05,50.05,0,0,0,0,0
2026-01-01T02:38:11Z,leak,NORMAL,8544.8,39.7,91.18,80.4,15.15,14.87,24.98,49.95,0,0,0,0,0
2026-01-01T02:38:12Z,leak,NORMAL,8553.5,40.3,89.49,79.31,14.87,15.16,25.07,50.0,0,0,0,0,0
2026-01-01T02:38:13Z,leak,NORMAL,8547.1,40.11,90.99,80.45,14.93,14.85,25.08,50.01,0,0,0,0,0
2026-01-01T02:38:14Z,leak,NORMAL,8566.8,39.91,90.32,80.16,14.99,15.06,25.07,49.95,0,0,0,0,0
2026-01-01T02:38:15Z,leak,NORMAL,8575.7,39.94,90.7,80.14,14.96,14.9,25.12,50.05,0,0,0,0,0
2026-01-01T02:38:16Z,leak,NORMAL,8581.2,39.64,90.77,80.35,15.06,15.2,25.09,50.0,0,0,0,0,0
2026-01-01T02:38:17Z,leak,NORMAL,8554.6,40.07,90.88,80.74,15.08,15.03,25.17,50.08,0,0,0,0,0
2026-01-01T02:38:18Z,leak,NORMAL,8564.9,39.71,91.16,79.84,15.12,15.14,25.24,49.97,0,0,0,0,0
2026-01-01T02:38:19Z,leak,NORMAL,8555.1,39.79,91.3,80.62,14.86,15.04,25.14,49.95,0,0,0,0,0
2026-01-01T02:38:20Z,leak,NORMAL,8549.5,39.86,90.11,80.4,15.01,14.88,25.1,50.02,0,0,0,0,0
2026-01-01T02:38:21Z,leak,NORMAL,8549.8,40.06,91.01,80.25,14.97,15.03,25.06,49.99,0,0,0,0,0
2026-01-01T02:38:22Z,leak,NORMAL,8558.7,39.88,90.77,79.98,15.03,15.09,25.24,50.1,0,0,0,0,0
2026-01-01T02:38:23Z,leak,NORMAL,8563.2,39.88,90.33,81.33,15.14,15.07,25.34,50.03,0,0,0,0,0
2026-01-01T02:38:24Z,leak,NORMAL,8555.2,40.26,90.53,79.54,14.99,15.06,25.27,49.99,0,0,0,0,0
2026-01-01T02:38:25Z,leak,NORMAL,8563.9,40.15,90.43,80.86,15.1,14.94,25.19,49.93,0,0,0,0,0
2026-01-01T02:38:26Z,leak,NORMAL,8567.9,40.17,90.23,80.04,14.98,14.91,25.22,49.87,0,0,0,0,0
2026-01-01T02:38:27Z,leak,NORMAL,8568.1,40.2,91.05,80.8,14.88,14.94,25.25,49.96,0,0,0,0,0
2026-01-01T02:38:28Z,leak,NORMAL,8548.1,40.05,90.08,80.83,14.94,14.9,25.34,50.0,0,0,0,0,0
2026-01-01T02:38:29Z,leak,NORMAL,8575.8,39.98,90.68,80.43,15.04,15.09,25.14,50.0,0,0,0,0,0
2026-01-01T02:38:30Z,leak,NORMAL,8569.6,40.05,91.41,80.83,14.98,14.89,24.97,49.94,0,0,0,0,0
2026-01-01T02:38:31Z,leak,NORMAL,8582.1,40.35,89.95,80.74,15.18,15.15,25.26,50.03,0,0,0,0,0
2026-01-01T02:38:32Z,leak,NORMAL,8574.0,40.26,91.5,81.02,15.22,15.03,25.4,50.11,0,0,0,0,0
2026-01-01T02:38:33Z,leak,NORMAL,8579.3,40.08,90.93,81.65,15.02,15.1,25.38,50.02,0,0,0,0,0
2026-01-01T02:38:34Z,leak,NORMAL,8577.3,39.94,90.17,80.74,15.05,14.9,25.26,50.01,0,0,0,0,0
2026-01-01T02:38:35Z,leak,NORMAL,8572.1,39.94,91.0,81.1,15.13,14.92,25.29,49.98,0,0,0,0,0
2026-01-01T02:38:36Z,leak,NORMAL,8554.2,39.52,91.25,80.4,15.19,14.93,25.2,49.99,0,0,0,0,0
2026-01-01T02:38:37Z,leak,NORMAL,8569.3,39.94,90.34,80.08,14.87,14.86,25.25,49.93,0,0,0,0,0
2026-01-01T02:38:38Z,leak,NORMAL,8566.6,40.03,90.07,81.14,15.01,14.96,25.26,50.05,0,0,0,0,0
2026-01-01T02:38:39Z,leak,NORMAL,8570.6,40.23,90.72,80.39,14.77,15.22,25.38,49.98,0,0,0,0,0
2026-01-01T02:38:40Z,leak,NORMAL,8575.8,40.15,90.32,80.84,14.99,15.05,25.38,49.9,0,0,0,0,0
2026-01-01T02:38:41Z,leak,NORMAL,8573.6,40.27,90.12,81.34,14.91,15.02,25.32,50.09,0,0,0,0,0
2026-01-01T02:38:42Z,leak,NORMAL,8563.4,40.14,91.0,79.81,15.0,15.01,25.25,50.06,0,0,0,0,0
2026-01-01T02:38:43Z,leak,NORMAL,8580.5,40.12,91.57,80.48,14.96,15.09,25.33,49.97,0,0,0,0,0
2026-01-01T02:38:44Z,leak,NORMAL,8580.1,40.28,91.22,80.31,15.07,14.99,25.3,49.93,0,0,0,0,0
2026-01-01T02:38:45Z,leak,NORMAL,8560.5,39.75,90.57,80.87,15.03,14.94,25.33,50.01,0,0,0,0,0
2026-01-01T02:38:46Z,leak,NORMAL,8578.9,39.6,90.32,80.67,14.92,15.18,25.39,49.92,0,0,0,0,0
2026-01-01T02:38:47Z,leak,NORMAL,8581.6,39.68,91.2,81.49,15.2,14.88,25.46,50.01,0,0,0,0,0
2026-01-01T02:38:48Z,leak,NORMAL,8581.0,39.93,90.74,79.9,15.04,14.97,25.4,50.02,0,0,0,0,0
2026-01-01T02:38:49Z,leak,NORMAL,8566.1,39.93,91.66,80.39,14.87,14.9,25.5,50.03,0,0,0,0,0
2026-01-01T02:38:50Z,leak,NORMAL,8570.1,40.0,90.72,81.07,14.84,14.87,25.25,50.05,0,0,0,0,0
2026-01-01T02:38:51Z,leak,NORMAL,8556.1,39.83,90.79,79.65,14.82,14.9,25.32,49.94,0,0,0,0,0
2026-01-01T02:38:52Z,leak,NORMAL,8576.6,39.98,90.85,80.18,14.91,15.15,25.5,49.96,0,0,0,0,0
2026-01-01T02:38:53Z,leak,NORMAL,8576.7,40.06,91.99,80.96,15.03,14.94,25.28,49.96,0,0,0,0,0
2026-01-01T02:38:54Z,leak,NORMAL,8573.8,40.4,90.94,80.47,15.11,14.88,25.51,50.12,0,0,0,0,0
2026-01-01T02:38:55Z,leak,NORMAL,8589.7,39.79,90.19,79.84,14.98,15.05,25.39,49.97,0,0,0,0,0
2026-01-01T02:38:56Z,leak,NORMAL,8584.7,40.09,91.21,80.8,15.1,15.11,25.53,50.04,0,0,0,0,0
2026-01-01T02:38:57Z,leak,NORMAL,8599.6,40.17,90.65,80.95,14.89,14.94,25.58,50.02,0,0,0,0,0
2026-01-01T02:38:58Z,leak,NORMAL,8577.9,40.23,91.55,80.49,14.98,15.07,25.51,50.09,0,0,0,0,0
2026-01-01T02:38:59Z,leak,NORMAL,8588.5,39.88,90.56,80.16,14.92,15.2,25.51,50.05,0,0,0,0,0
2026-01-01T02:39:00Z,leak,NORMAL,8600.1,40.16,90.55,81.47,14.97,14.99,25.36,49.98,0,0,0,0,0
2026-01-01T02:39:01Z,leak,NORMAL,8581.8,40.07,90.68,80.73,14.94,14.91,25.47,49.82,0,0,0,0,0
2026-01-01T02:39:02Z,leak,NORMAL,8584.0,39.68,90.24,80.19,15.04,15.07,25.34,50.02,0,0,0,0,0
2026-01-01T02:39:03Z,leak,NORMAL,8581.9,40.14,90.4,80.89,14.91,14.93,25.39,50.07,0,0,0,0,0
2026-01-01T02:39:04Z,leak,NORMAL,8591.8,39.86,91.12,80.76,14.98,14.97,25.46,50.01,0,0,0,0,0
2026-01-01T02:39:05Z,leak,NORMAL,8605.2,40.08,90.27,80.5,14.96,14.97,25.51,49.97,0,0,0,0,0
2026-01-01T02:39:06Z,leak,NORMAL,8589.5,40.14,90.93,80.01,15.07,14.98,25.45,49.98,0,0,0,0,0
2026-01-01T02:39:07Z,leak,NORMAL,8585.0,40.17,91.07,81.17,14.96,15.09,25.49,50.01,0,0,0,0,0
2026-01-01T02:39:08Z,leak,NORMAL,8594.6,40.22,90.69,81.11,14.83,15.09,25.51,49.99,0,0,0,0,0
2026-01-01T02:39:09Z,leak,NORMAL,8596.1,40.07,90.35,80.29,15.0,14.99,25.49,49.98,0,0,0,0,0
2026-01-01T02:39:10Z,leak,NORMAL,8566.3,40.07,90.84,80.98,15.19,14.95,25.55,49.96,0,0,0,0,0
2026-01-01T02:39:11Z,leak,NORMAL,8599.1,40.21,90.77,80.46,14.9,14.96,25.42,50.06,0,0,0,0,0
2026-01-01T02:39:12Z,leak,NORMAL,8601.5,39.99,91.17,81.27,14.75,15.1,25.45,49.95,0,0,0,0,0
2026-01-01T02:39:13Z,leak,NORMAL,8598.5,39.99,90.29,80.0,15.0,14.89,25.56,50.07,0,0,0,0,0
2026-01-01T02:39:14Z,leak,NORMAL,8598.1,40.14,90.38,81.03,14.81,15.06,25.6,50.02,0,0,0,0,0
2026-01-01T02:39:15Z,leak,NORMAL,8599.0,39.67,90.15,81.79,15.03,15.01,25.65,49.98,0,0,0,0,0
2026-01-01T02:39:16Z,leak,NORMAL,8591.7,39.79,91.13,81.67,15.07,14.94,25.57,50.04,0,0,0,0,0
2026-01-01T02:39:17Z,leak,NORMAL,8598.3,40.06,90.5,80.39,14.9,14.93,25.58,50.09,0,0,0,0,0
2026-01-01T02:39:18Z,leak,NORMAL,8599.3,40.12,90.63,80.78,14.96,15.16,25.64,50.06,0,0,0,0,0
2026-01-01T02:39:19Z,leak,NORMAL,8598.8,39.94,92.19,80.66,15.0,15.06,25.48,50.06,0,0,0,0,0
2026-01-01T02:39:20Z,leak,NORMAL,8611.3,39.86,90.69,80.87,15.03,14.92,25.26,49.95,0,0,0,0,0
2026-01-01T02:39:21Z,leak,NORMAL,8594.2,40.15,91.39,80.99,15.06,15.18,25.67,49.95,0,0,0,0,0
2026-01-01T02:39:22Z,leak,NORMAL,8592.2,39.98,90.51,81.59,14.97,14.99,25.51,50.01,0,0,0,0,0
2026-01-01T02:39:23Z,leak,NORMAL,8593.0,40.1,90.11,80.4,14.97,15.07,25.73,49.98,0,0,0,0,0
2026-01-01T02:39:24Z,leak,NORMAL,8590.1,39.99,91.28,81.74,15.01,14.95,25.65,50.02,0,0,0,0,0
2026-01-01T02:39:25Z,leak,NORMAL,8590.2,39.79,91.57,80.21,15.01,15.06,25.71,50.02,0,0,0,0,0
2026-01-01T02:39:26Z,leak,NORMAL,8589.8,39.44,91.0,80.37,14.93,15.05,25.63,50.0,0,0,0,0,0
2026-01-01T02:39:27Z,leak,NORMAL,8585.7,39.98,90.32,81.12,15.07,14.98,25.64,49.94,0,0,0,0,0
2026-01-01T02:39:28Z,leak,NORMAL,8592.4,40.27,91.15,80.92,15.03,14.95,25.6,50.07,0,0,0,0,0
2026-01-01T02:39:29Z,leak,NORMAL,8616.6,40.02,91.79,81.14,15.02,15.15,25.66,49.93,0,0,0,0,0
2026-01-01T02:39:30Z,leak,NORMAL,8613.3,39.98,90.68,81.22,14.95,15.05,25.53,50.07,0,0,0,0,0
2026-01-01T02:39:31Z,leak,NORMAL,8600.7,39.72,91.12,82.09,15.12,14.96,25.52,49.99,0,0,0,0,0
2026-01-01T02:39:32Z,leak,NORMAL,8616.3,40.39,91.35,80.89,15.04,15.09,25.66,49.95,0,0,0,0,0
2026-01-01T02:39:33Z,leak,NORMAL,8590.7,40.21,90.91,80.82,14.89,15.1,25.71,50.0,0,0,0,0,0
2026-01-01T02:39:34Z,leak,NORMAL,8607.0,40.13,90.52,81.79,15.07,15.05,25.55,50.09,0,0,0,0,0
2026-01-01T02:39:35Z,leak,NORMAL,8575.0,40.2,91.55,81.99,14.96,15.03,25.75,50.07,0,0,0,0,0
2026-01-01T02:39:36Z,leak,NORMAL,8610.2,39.93,90.31,81.3,14.94,15.01,25.67,50.02,0,0,0,0,0
2026-01-01T02:39:37Z,leak,NORMAL,8609.1,40.17,90.78,80.16,15.01,14.75,25.93,49.9,0,0,0,0,0
2026-01-01T02:39:38Z,leak,NORMAL,8606.9,40.35,91.92,80.88,15.06,15.03,25.44,49.99,0,0,0,0,0
2026-01-01T02:39:39Z,leak,NORMAL,8586.9,39.97,90.1,80.77,14.89,15.0,25.7,50.01,0,0,0,0,0
2026-01-01T02:39:40Z,leak,NORMAL,8596.3,39.97,89.97,80.29,14.9,14.86,25.91,50.01,0,0,0,0,0
2026-01-01T02:39:41Z,leak,NORMAL,8576.9,39.54,90.65,81.36,15.12,15.07,25.51,50.04,0,0,0,0,0
2026-01-01T02:39:42Z,leak,NORMAL,8587.0,39.91,90.67,79.91,15.04,15.0,25.64,49.99,0,0,0,0,0
2026-01-01T02:39:43Z,leak,NORMAL,8603.6,40.01,91.34,80.72,15.1,14.96,25.77,49.88,0,0,0,0,0
2026-01-01T02:39:44Z,leak,NORMAL,8611.4,40.06,91.37,80.79,14.87,15.01,25.73,49.95,0,0,0,0,0
2026-01-01T02:39:45Z,leak,NORMAL,8593.7,39.74,90.43,80.39,15.08,15.04,25.58,49.99,0,0,0,0,0
2026-01-01T02:39:46Z,leak,NORMAL,8602.7,40.16,90.91,81.53,14.88,14.99,25.61,49.99,0,0,0,0,0
2026-01-01T02:39:47Z,leak,NORMAL,8600.4,40.13,90.03,81.1,15.02,15.12,25.53,50.02,0,0,0,0,0
2026-01-01T02:39:48Z,leak,NORMAL,8605.8,39.97,91.07,80.11,15.04,15.06,25.87,49.99,0,0,0,0,0
2026-01-01T02:39:49Z,leak,NORMAL,8603.8,39.96,90.57,80.73,15.04,14.81,25.58,50.0,0,0,0,0,0
2026-01-01T02:39:50Z,leak,NORMAL,8601.5,40.09,91.28,80.68,14.93,15.08,25.64,50.0,0,0,0,0,0
2026-01-01T02:39:51Z,leak,NORMAL,8604.0,40.17,90.61,80.62,15.06,15.11,25.85,50.07,0,0,0,0,0
2026-01-01T02:39:52Z,leak,NORMAL,8589.5,39.98,90.76,80.3,14.94,14.88,25.8,50.0,0,0,0,0,0
2026-01-01T02:39:53Z,leak,NORMAL,8598.4,39.57,91.14,81.57,15.06,15.01,25.89,49.98,0,0,0,0,0
2026-01-01T02:39:54Z,leak,NORMAL,8610.7,39.83,90.84,81.78,15.02,15.06,25.59,50.03,0,0,0,0,0
2026-01-01T02:39:55Z,leak,NORMAL,8602.0,39.82,90.36,80.62,15.05,14.84,25.84,50.01,0,0,0,0,0
2026-01-01T02:39:56Z,leak,NORMAL,8601.2,39.89,91.31,81.1,15.04,15.13,25.7,49.91,0,0,0,0,0
2026-01-01T02:39:57Z,leak,NORMAL,8614.3,40.08,91.22,80.39,15.11,14.75,25.79,49.98,0,0,0,0,0
2026-01-01T02:39:58Z,leak,NORMAL,8589.5,40.17,90.43,81.67,15.07,14.99,25.65,49.94,0,0,0,0,0
2026-01-01T02:39:59Z,leak,NORMAL,8601.1,40.05,91.37,80.95,15.02,14.86,25.87,50.12,0,0,0,0,0
2026-01-01T02:40:00Z,leak,NORMAL,8606.5,40.2,90.36,80.64,15.12,15.08,25.85,50.04,0,0,0,0,0
2026-01-01T02:40:01Z,leak,NORMAL,8615.1,40.33,91.49,80.89,14.98,14.92,25.72,49.98,0,0,0,0,0
2026-01-01T02:40:02Z,leak,NORMAL,8590.1,39.69,91.14,80.16,14.91,15.1,25.8,49.97,0,0,0,0,0
2026-01-01T02:40:03Z,leak,NORMAL,8605.4,40.37,90.98,81.36,14.93,14.91,25.83,50.06,0,0,0,0,0
2026-01-01T02:40:04Z,leak,NORMAL,8588.4,40.03,90.86,80.78,15.02,15.06,25.72,49.97,0,0,0,0,0
2026-01-01T02:40:05Z,leak,NORMAL,8592.7,40.11,91.06,81.18,14.84,15.08,25.98,50.1,0,0,0,0,0
2026-01-01T02:40:06Z,leak,NORMAL,8597.1,40.01,91.09,80.44,14.92,15.04,25.97,49.98,0,0,0,0,0
2026-01-01T02:40:07Z,leak,NORMAL,8603.5,40.33,91.4,80.86,15.14,15.11,25.84,50.01,0,0,0,0,0
2026-01-01T02:40:08Z,leak,NORMAL,8603.6,39.81,91.31,81.45,14.78,14.94,25.84,49.98,0,0,0,0,0
2026-01-01T02:40:09Z,leak,NORMAL,8593.0,40.05,90.58,80.33,14.68,15.03,25.95,50.0,0,0,0,0,0
2026-01-01T02:40:10Z,leak,NORMAL,8607.7,40.1,91.26,80.47,15.24,14.97,25.9,50.02,0,0,0,0,0
2026-01-01T02:40:11Z,leak,NORMAL,8596.2,39.92,90.73,81.51,14.89,15.01,25.97,50.02,0,0,0,0,0
2026-01-01T02:40:12Z,leak,NORMAL,8605.7,39.85,90.54,80.16,14.82,15.05,25.95,49.97,0,0,0,0,0
2026-01-01T02:40:13Z,leak,NORMAL,8588.1,39.7,90.93,80.92,14.99,14.8,25.77,49.95,0,0,0,0,0
2026-01-01T02:40:14Z,leak,NORMAL,8591.5,40.15,90.95,81.38,15.11,14.94,25.96,50.04,0,0,0,0,0
2026-01-01T02:40:15Z,leak,NORMAL,8594.4,40.17,91.35,79.86,15.04,14.88,25.96,49.99,0,0,0,0,0
2026-01-01T02:40:16Z,leak,NORMAL,8604.4,39.94,91.37,81.26,14.95,15.06,26.03,49.92,0,0,0,0,0
2026-01-01T02:40:17Z,leak,NORMAL,8600.2,39.78,90.55,81.74,14.95,15.05,25.71,49.95,0,0,0,0,0
2026-01-01T02:40:18Z,leak,NORMAL,8611.2,40.43,90.41,81.26,14.93,15.08,25.87,50.02,0,0,0,0,0
2026-01-01T02:40:19Z,leak,NORMAL,8574.8,39.67,90.71,81.15,15.09,15.0,25.88,50.13,0,0,0,0,0
2026-01-01T02:40:20Z,leak,NORMAL,8597.3,40.2,91.07,79.72,14.9,14.94,26.1,49.99,0,0,0,0,0
2026-01-01T02:40:21Z,leak,NORMAL,8593.5,40.0,90.04,80.65,14.99,14.77,26.04,49.99,0,0,0,0,0
2026-01-01T02:40:22Z,leak,NORMAL,8588.3,39.96,91.06,80.27,14.99,14.92,25.85,49.97,0,0,0,0,0
2026-01-01T02:40:23Z,leak,NORMAL,8578.0,40.03,90.12,81.39,14.99,14.81,26.2,49.9,0,0,0,0,0
2026-01-01T02:40:24Z,leak,NORMAL,8593.3,40.05,91.05,80.23,14.85,15.26,25.88,49.92,0,0,0,0,0
2026-01-01T02:40:25Z,leak,NORMAL,8595.5,39.79,90.82,80.16,14.89,15.02,25.84,49.98,0,0,0,0,0
2026-01-01T02:40:26Z,leak,NORMAL,8587.4,39.94,91.28,80.55,14.9,15.03,25.9,50.01,0,0,0,0,0
2026-01-01T02:40:27Z,leak,NORMAL,8591.6,39.97,91.15,81.99,15.06,15.05,26.0,50.0,0,0,0,0,0
2026-01-01T02:40:28Z,leak,NORMAL,8609.8,39.89,91.29,80.69,15.15,15.08,26.12,50.08,0,0,0,0,0
2026-01-01T02:40:29Z,leak,NORMAL,8597.3,39.86,91.12,81.01,15.11,15.02,26.04,49.97,0,0,0,0,0
2026-01-01T02:40:30Z,leak,NORMAL,8595.0,40.1,90.95,81.17,14.89,15.08,26.12,49.98,0,0,0,0,0
2026-01-01T02:40:31Z,leak,NORMAL,8605.9,40.04,91.26,81.12,15.01,15.03,25.89,50.04,0,0,0,0,0
2026-01-01T02:40:32Z,leak,NORMAL,8596.7,40.21,90.48,81.43,14.96,15.08,25.86,50.06,0,0,0,0,0
2026-01-01T02:40:33Z,leak,NORMAL,8591.2,40.01,91.37,80.53,15.1,14.96,25.91,50.05,0,0,0,0,0
2026-01-01T02:40:34Z,leak,NORMAL,8582.9,39.51,91.39,80.2,15.01,15.0,26.2,50.03,0,0,0,0,0
2026-01-01T02:40:35Z,leak,NORMAL,8587.9,40.22,90.94,80.59,15.0,14.97,26.1,50.03,0,0,0,0,0
2026-01-01T02:40:36Z,leak,NORMAL,8585.2,40.43,89.93,80.96,14.8,14.99,26.08,50.01,0,0,0,0,0
2026-01-01T02:40:37Z,leak,NORMAL,8588.7,39.66,90.81,80.74,14.91,15.02,26.02,49.89,0,0,0,0,0
2026-01-01T02:40:38Z,leak,NORMAL,8583.7,39.87,90.39,81.29,15.33,15.08,25.97,50.04,0,0,0,0,0
2026-01-01T02:40:39Z,leak,NORMAL,8590.0,40.09,91.18,81.41,14.97,15.05,25.9,50.02,0,0,0,0,0
2026-01-01T02:40:40Z,leak,NORMAL,8577.6,39.97,90.26,81.15,15.04,14.96,26.23,49.98,0,0,0,0,0
2026-01-01T02:40:41Z,leak,NORMAL,8583.7,39.75,90.23,80.76,14.83,14.97,25.81,49.96,0,0,0,0,0
2026-01-01T02:40:42Z,leak,NORMAL,8592.0,39.8,90.3,81.01,14.78,15.01,25.92,50.1,0,0,0,0,0
2026-01-01T02:40:43Z,leak,NORMAL,8572.8,39.82,90.26,81.16,14.93,14.98,25.97,49.96,0,0,0,0,0
2026-01-01T02:40:44Z,leak,NORMAL,8582.9,39.74,91.19,80.41,15.02,14.94,26.13,50.03,0,0,0,0,0
2026-01-01T02:40:45Z,leak,NORMAL,8599.3,40.08,91.35,80.07,15.2,14.99,26.12,49.93,0,0,0,0,0
2026-01-01T02:40:46Z,leak,NORMAL,8580.5,39.88,90.36,81.33,14.99,15.02,26.16,50.04,0,0,0,0,0
2026-01-01T02:40:47Z,leak,NORMAL,8585.8,40.21,91.07,81.13,15.1,14.82,26.07,50.08,0,0,0,0,0
2026-01-01T02:40:48Z,leak,NORMAL,8597.3,40.26,90.95,81.42,14.98,14.96,26.23,50.0,0,0,0,0,0
2026-01-01T02:40:49Z,leak,NORMAL,8587.7,39.85,90.47,80.79,14.84,15.06,26.03,50.02,0,0,0,0,0
2026-01-01T02:40:50Z,leak,NORMAL,8578.6,39.98,90.83,81.42,14.96,14.81,26.31,49.94,0,0,0,0,0
2026-01-01T02:40:51Z,leak,NORMAL,8590.7,39.81,90.61,80.2,15.08,14.98,26.12,50.09,0,0,0,0,0
2026-01-01T02:40:52Z,leak,NORMAL,8584.3,40.03,90.64,80.02,14.98,14.98,26.17,49.99,0,0,0,0,0
2026-01-01T02:40:53Z,leak,NORMAL,8584.7,39.97,90.68,80.48,15.13,15.03,26.07,50.09,0,0,0,0,0
2026-01-01T02:40:54Z,leak,NORMAL,8575.1,40.12,90.97,81.59,15.03,14.98,26.19,49.97,0,0,0,0,0
2026-01-01T02:40:55Z,leak,NORMAL,8588.3,39.97,90.94,81.39,15.19,15.0,26.11,49.96,0,0,0,0,0
2026-01-01T02:40:56Z,leak,NORMAL,8574.3,39.94,90.85,81.2,14.74,14.97,26.08,49.94,0,0,0,0,0
2026-01-01T02:40:57Z,leak,NORMAL,8601.3,39.79,91.64,80.48,14.81,15.1,26.09,50.1,0,0,0,0,0
2026-01-01T02:40:58Z,leak,NORMAL,8589.8,40.02,90.59,79.91,15.12,15.14,26.08,49.99,0,0,0,0,0
2026-01-01T02:40:59Z,leak,NORMAL,8569.0,39.99,90.96,80.65,15.03,15.2,26.28,49.98,0,0,0,0,0
2026-01-01T02:41:00Z,leak,NORMAL,8571.3,39.86,90.35,80.45,15.21,15.12,26.12,50.1,0,0,0,0,0
2026-01-01T02:41:01Z,leak,NORMAL,8587.9,40.05,91.81,80.6,15.0,14.97,26.16,50.0,0,0,0,0,0
2026-01-01T02:41:02Z,leak,NORMAL,8567.3,40.03,90.55,80.06,14.97,14.98,26.19,50.0,0,0,0,0,0
2026-01-01T02:41:03Z,leak,NORMAL,8572.3,39.92,90.87,79.97,14.94,14.85,26.24,50.05,0,0,0,0,0
2026-01-01T02:41:04Z,leak,NORMAL,8576.2,39.95,90.37,81.61,14.96,15.2,26.13,49.93,0,0,0,0,0
2026-01-01T02:41:05Z,leak,NORMAL,8563.9,39.73,90.2,80.58,15.14,14.95,26.34,50.0,0,0,0,0,0
2026-01-01T02:41:06Z,leak,NORMAL,8560.3,39.78,90.88,80.8,14.98,15.05,26.34,50.05,0,0,0,0,0
2026-01-01T02:41:07Z,leak,NORMAL,8580.1,39.92,91.09,81.05,14.88,14.92,26.05,49.96,0,0,0,0,0
2026-01-01T02:41:08Z,leak,NORMAL,8579.5,39.9,90.81,81.67,14.88,15.05,26.05,50.08,0,0,0,0,0
2026-01-01T02:41:09Z,leak,NORMAL,8554.5,39.79,90.77,81.18,14.85,15.16,26.18,49.98,0,0,0,0,0
2026-01-01T02:41:10Z,leak,NORMAL,8578.4,40.19,90.07,81.4,14.97,14.92,26.19,50.0,0,0,0,0,0
2026-01-01T02:41:11Z,leak,NORMAL,8582.7,40.07,90.91,81.37,15.08,14.97,26.27,50.02,0,0,0,0,0
2026-01-01T02:41:12Z,leak,NORMAL,8567.6,40.1,91.07,81.13,14.97,15.03,26.16,49.92,0,0,0,0,0
2026-01-01T02:41:13Z,leak,NORMAL,8566.9,40.05,89.64,81.48,15.05,15.04,26.15,49.95,0,0,0,0,0
2026-01-01T02:41:14Z,leak,NORMAL,8554.0,40.07,91.19,81.21,15.12,15.2,26.23,49.99,0,0,0,0,0
2026-01-01T02:41:15Z,leak,NORMAL,8563.6,39.86,90.94,80.48,14.76,15.13,26.01,50.03,0,0,0,0,0
2026-01-01T02:41:16Z,leak,NORMAL,8561.4,40.08,90.65,80.82,15.02,14.95,26.2,49.99,0,0,0,0,0
2026-01-01T02:41:17Z,leak,NORMAL,8556.2,39.88,91.24,80.51,15.05,15.06,26.0,50.03,0,0,0,0,0
2026-01-01T02:41:18Z,leak,NORMAL,8564.7,39.98,90.89,81.27,15.0,14.97,26.26,49.99,0,0,0,0,0
2026-01-01T02:41:19Z,leak,NORMAL,8555.5,40.05,91.73,80.95,14.91,14.96,26.2,50.02,0,0,0,0,0
2026-01-01T02:41:20Z,leak,NORMAL,8545.8,40.21,90.72,81.19,15.24,14.91,26.38,49.9,0,0,0,0,0
2026-01-01T02:41:21Z,leak,NORMAL,8555.0,40.2,90.89,80.36,14.89,15.0,26.3,50.13,0,0,0,0,0
2026-01-01T02:41:22Z,leak,NORMAL,8550.2,40.02,90.97,80.54,15.04,15.08,26.17,49.97,0,0,0,0,0
2026-01-01T02:41:23Z,leak,NORMAL,8549.7,39.98,90.77,80.59,15.18,15.07,26.22,50.04,0,0,0,0,0
2026-01-01T02:41:24Z,leak,NORMAL,8562.8,40.08,90.23,81.23,15.25,14.99,26.3,50.03,0,0,0,0,0
2026-01-01T02:41:25Z,leak,NORMAL,8586.1,40.31,91.07,80.02,15.1,14.99,26.4,49.96,0,0,0,0,0
2026-01-01T02:41:26Z,leak,NORMAL,8572.5,39.89,90.89,79.78,15.08,15.09,26.49,49.98,0,0,0,0,0
2026-01-01T02:41:27Z,leak,NORMAL,8559.0,39.64,90.7,80.52,14.98,14.93,26.34,50.02,0,0,0,0,0
2026-01-01T02:41:28Z,leak,NORMAL,8574.1,39.97,91.52,80.26,14.86,14.89,26.32,50.01,0,0,0,0,0
2026-01-01T02:41:29Z,leak,NORMAL,8544.5,39.77,90.87,80.56,15.16,15.13,26.27,50.05,0,0,0,0,0
2026-01-01T02:41:30Z,leak,NORMAL,8551.7,40.19,90.46,81.3,15.11,15.08,26.26,50.01,0,0,0,0,0
2026-01-01T02:41:31Z,leak,NORMAL,8560.2,39.94,90.1,79.93,14.9,15.11,26.35,49.98,0,0,0,0,0
2026-01-01T02:41:32Z,leak,NORMAL,8558.3,39.95,90.69,80.36,14.9,14.95,26.35,50.03,0,0,0,0,0
2026-01-01T02:41:33Z,leak,NORMAL,8558.6,40.06,90.55,80.46,15.2,15.14,26.3,50.04,0,0,0,0,0
2026-01-01T02:41:34Z,leak,NORMAL,8561.3,39.86,91.1,80.46,14.97,14.96,26.36,50.04,0,0,0,0,0
2026-01-01T02:41:35Z,leak,NORMAL,8543.2,40.02,90.95,80.81,14.99,15.26,26.27,50.03,0,0,0,0,0
2026-01-01T02:41:36Z,leak,NORMAL,8550.2,39.88,91.14,80.95,14.85,14.88,26.41,50.02,0,0,0,0,0
2026-01-01T02:41:37Z,leak,NORMAL,8539.1,40.03,91.52,80.59,14.92,15.05,26.52,50.03,0,0,0,0,0
2026-01-01T02:41:38Z,leak,NORMAL,8545.2,40.0,90.44,79.78,15.02,14.9,26.38,50.03,0,0,0,0,0
2026-01-01T02:41:39Z,leak,NORMAL,8548.6,40.25,90.35,80.41,15.09,14.97,26.46,50.03,0,0,0,0,0
2026-01-01T02:41:40Z,leak,NORMAL,8546.6,39.69,89.81,80.18,14.95,14.97,26.45,50.02,0,0,0,0,0
2026-01-01T02:41:41Z,leak,NORMAL,8549.7,40.0,90.84,80.88,15.16,14.84,26.42,49.9,0,0,0,0,0
2026-01-01T02:41:42Z,leak,NORMAL,8553.9,40.16,89.56,81.55,15.13,15.01,26.51,50.02,0,0,0,0,0
2026-01-01T02:41:43Z,leak,NORMAL,8550.9,39.85,90.73,80.83,15.04,15.03,26.21,49.96,0,0,0,0,0
2026-01-01T02:41:44Z,leak,NORMAL,8534.9,40.04,89.9,79.98,15.0,15.05,26.33,50.02,0,0,0,0,0
2026-01-01T02:41:45Z,leak,NORMAL,8541.6,39.87,90.73,80.22,15.1,15.09,26.32,50.02,0,0,0,0,0
2026-01-01T02:41:46Z,leak,NORMAL,8540.7,39.94,91.03,80.83,14.85,14.78,26.35,49.98,0,0,0,0,0
2026-01-01T02:41:47Z,leak,NORMAL,8541.9,40.35,91.4,80.73,14.94,15.06,26.26,49.99,0,0,0,0,0
2026-01-01T02:41:48Z,leak,NORMAL,8547.5,39.94,89.85,80.32,15.04,14.98,26.21,50.04,0,0,0,0,0
2026-01-01T02:41:49Z,leak,NORMAL,8525.1,39.91,91.19,81.07,14.86,14.93,26.26,49.98,0,0,0,0,0
2026-01-01T02:41:50Z,leak,NORMAL,8541.7,39.96,90.53,80.77,15.0,14.98,26.36,49.93,0,0,0,0,0
2026-01-01T02:41:51Z,leak,NORMAL,8541.2,40.52,90.6,80.35,15.09,15.0,26.31,50.01,0,0,0,0,0
2026-01-01T02:41:52Z,leak,NORMAL,8527.0,39.9,90.45,80.78,15.08,14.96,26.44,49.97,0,0,0,0,0
2026-01-01T02:41:53Z,leak,NORMAL,8514.2,40.13,91.16,80.68,14.94,15.25,26.47,49.9,0,0,0,0,0
2026-01-01T02:41:54Z,leak,NORMAL,8528.5,40.03,90.19,80.77,14.82,14.86,26.53,49.91,0,0,0,0,0
2026-01-01T02:41:55Z,leak,NORMAL,8514.2,39.99,90.57,79.59,14.92,15.24,26.71,50.07,0,0,0,0,0
2026-01-01T02:41:56Z,leak,NORMAL,8519.0,40.3,91.04,80.38,15.06,14.95,26.29,50.07,0,0,0,0,0
2026-01-01T02:41:57Z,leak,NORMAL,8523.6,40.13,90.08,81.04,14.95,14.94,26.32,49.98,0,0,0,0,0
2026-01-01T02:41:58Z,leak,NORMAL,8529.6,39.97,90.73,80.69,14.94,14.95,26.49,49.94,0,0,0,0,0
2026-01-01T02:41:59Z,leak,NORMAL,8546.7,39.97,91.33,80.65,15.18,14.92,26.44,50.03,0,0,0,0,0
2026-01-01T02:42:00Z,leak,NORMAL,8545.1,39.92,90.86,81.98,15.06,14.97,26.45,50.0,0,0,0,0,0
2026-01-01T02:42:01Z,leak,NORMAL,8522.2,40.53,89.42,80.8,15.02,14.94,26.5,49.91,0,0,0,0,0
2026-01-01T02:42:02Z,leak,NORMAL,8528.9,40.0,90.09,80.08,14.96,15.14,26.61,50.02,0,0,0,0,0
2026-01-01T02:42:03Z,leak,NORMAL,8516.4,40.17,90.19,80.11,14.94,15.02,26.49,49.96,0,0,0,0,0
2026-01-01T02:42:04Z,leak,NORMAL,8515.0,40.13,89.98,80.76,15.04,14.97,26.53,50.03,0,0,0,0,0
2026-01-01T02:42:05Z,leak,NORMAL,8497.4,39.67,90.01,80.58,14.99,14.98,26.58,50.03,0,0,0,0,0
2026-01-01T02:42:06Z,leak,NORMAL,8515.9,40.03,90.43,81.21,15.22,14.93,26.42,49.94,0,0,0,0,0
2026-01-01T02:42:07Z,leak,NORMAL,8509.6,39.91,90.84,80.52,14.96,15.04,26.17,49.98,0,0,0,0,0
2026-01-01T02:42:08Z,leak,NORMAL,8522.2,39.99,90.17,81.14,14.86,15.07,26.5,50.04,0,0,0,0,0
2026-01-01T02:42:09Z,leak,NORMAL,8535.9,39.71,90.99,80.54,15.02,15.09,26.42,49.96,0,0,0,0,0
2026-01-01T02:42:10Z,leak,NORMAL,8504.1,40.0,90.52,81.04,15.06,14.92,26.74,50.0,0,0,0,0,0
2026-01-01T02:42:11Z,leak,NORMAL,8519.8,39.48,89.88,80.39,14.96,15.09,26.43,49.96,0,0,0,0,0
2026-01-01T02:42:12Z,leak,NORMAL,8534.3,39.77,90.67,79.94,14.98,14.88,26.23,50.02,0,0,0,0,0
2026-01-01T02:42:13Z,leak,NORMAL,8525.2,39.89,90.58,80.44,14.86,15.14,26.52,49.96,0,0,0,0,0
2026-01-01T02:42:14Z,leak,NORMAL,8524.2,39.5,90.58,81.13,15.08,14.96,26.45,50.08,0,0,0,0,0
2026-01-01T02:42:15Z,leak,NORMAL,8514.6,40.05,89.77,80.69,15.04,15.06,26.48,49.93,0,0,0,0,0
2026-01-01T02:42:16Z,leak,NORMAL,8509.2,40.1,90.08,80.39,15.04,15.01,26.41,50.0,0,0,0,0,0
2026-01-01T02:42:17Z,leak,NORMAL,8514.1,39.81,90.96,79.79,14.89,14.89,26.59,50.04,0,0,0,0,0
2026-01-01T02:42:18Z,leak,NORMAL,8495.5,39.69,89.84,80.03,14.99,14.87,26.46,50.05,0,0,0,0,0
2026-01-01T02:42:19Z,leak,NORMAL,8500.9,39.84,90.61,80.18,14.84,14.94,26.58,49.92,0,0,0,0,0
2026-01-01T02:42:20Z,leak,NORMAL,8509.7,39.99,89.36,80.68,15.05,14.95,26.6,50.04,0,0,0,0,0
2026-01-01T02:42:21Z,leak,NORMAL,8505.0,40.07,90.46,80.73,14.9,14.96,26.36,49.95,0,0,0,0,0
2026-01-01T02:42:22Z,leak,NORMAL,8512.3,39.92,90.31,80.34,15.02,14.96,26.36,49.93,0,0,0,0,0
2026-01-01T02:42:23Z,leak,NORMAL,8512.5,40.06,90.54,80.03,15.03,14.9,26.54,49.96,0,0,0,0,0
2026-01-01T02:42:24Z,leak,NORMAL,8512.0,39.75,89.24,80.57,15.09,15.15,26.56,49.99,0,0,0,0,0
2026-01-01T02:42:25Z,leak,NORMAL,8498.8,40.11,89.84,80.25,15.06,14.93,26.56,49.93,0,0,0,0,0
2026-01-01T02:42:26Z,leak,NORMAL,8505.8,39.95,90.07,79.59,14.98,14.89,26.55,49.94,0,0,0,0,0
2026-01-01T02:42:27Z,leak,NORMAL,8503.8,39.76,89.59,80.75,15.07,14.92,26.56,50.06,0,0,0,0,0
2026-01-01T02:42:28Z,leak,NORMAL,8499.6,39.9,90.18,80.59,14.82,15.04,26.65,50.03,0,0,0,0,0
2026-01-01T02:42:29Z,leak,NORMAL,8490.7,39.91,90.46,81.07,14.78,15.1,26.63,50.0,0,0,0,0,0
2026-01-01T02:42:30Z,leak,NORMAL,8492.2,39.87,90.62,80.69,15.16,14.91,26.55,49.98,0,0,0,0,0
2026-01-01T02:42:31Z,leak,NORMAL,8504.9,39.87,90.27,80.24,15.1,15.05,26.62,50.0,0,0,0,0,0
2026-01-01T02:42:32Z,leak,NORMAL,8487.4,39.64,90.13,80.37,14.82,15.07,26.55,50.02,0,0,0,0,0
2026-01-01T02:42:33Z,leak,NORMAL,8487.2,40.01,89.97,80.02,15.0,14.96,26.48,50.05,0,0,0,0,0
2026-01-01T02:42:34Z,leak,NORMAL,8496.2,40.23,89.61,80.18,14.91,14.92,26.7,49.99,0,0,0,0,0
2026-01-01T02:42:35Z,leak,NORMAL,8484.9,39.78,89.96,80.72,15.0,14.89,26.44,50.03,0,0,0,0,0
2026-01-01T02:42:36Z,leak,NORMAL,8480.1,39.97,89.48,80.09,15.11,15.11,26.51,49.98,0,0,0,0,0
2026-01-01T02:42:37Z,leak,NORMAL,8499.7,40.3,90.44,81.53,15.02,14.97,26.47,50.01,0,0,0,0,0
2026-01-01T02:42:38Z,leak,NORMAL,8498.1,39.84,90.7,80.49,15.04,15.06,26.53,49.99,0,0,0,0,0
2026-01-01T02:42:39Z,leak,NORMAL,8500.4,39.9,89.76,79.72,14.89,15.02,26.5,49.97,0,0,0,0,0
2026-01-01T02:42:40Z,leak,NORMAL,8481.8,40.09,89.35,80.27,15.0,14.87,26.59,50.07,0,0,0,0,0
2026-01-01T02:42:41Z,leak,NORMAL,8473.7,40.1,89.12,80.03,15.22,15.1,26.71,50.03,0,0,0,0,0
2026-01-01T02:42:42Z,leak,NORMAL,8483.1,39.87,89.49,81.03,15.05,14.82,26.74,50.04,0,0,0,0,0
2026-01-01T02:42:43Z,leak,NORMAL,8504.1,40.0,90.65,80.16,15.0,14.95,26.65,49.98,0,0,0,0,0
2026-01-01T02:42:44Z,leak,NORMAL,8481.7,40.09,89.41,80.62,15.07,14.95,26.68,50.02,0,0,0,0,0
2026-01-01T02:42:45Z,leak,NORMAL,8468.3,39.91,89.73,80.09,15.01,14.88,26.74,49.96,0,0,0,0,0
2026-01-01T02:42:46Z,leak,NORMAL,8491.6,39.73,89.23,79.51,15.04,15.03,26.71,49.98,0,0,0,0,0
2026-01-01T02:42:47Z,leak,NORMAL,8475.6,39.81,90.35,78.95,15.0,14.92,26.67,50.0,0,0,0,0,0
2026-01-01T02:42:48Z,leak,NORMAL,8477.9,39.8,90.0,80.0,15.05,14.98,26.65,50.06,0,0,0,0,0
2026-01-01T02:42:49Z,leak,NORMAL,8460.3,39.68,89.69,79.47,15.11,14.97,26.55,50.04,0,0,0,0,0
2026-01-01T02:42:50Z,leak,NORMAL,8464.6,39.98,90.04,79.25,15.04,15.11,26.6,50.07,0,0,0,0,0
2026-01-01T02:42:51Z,leak,NORMAL,8474.8,39.87,89.8,79.0,15.11,15.12,26.53,50.07,0,0,0,0,0
2026-01-01T02:42:52Z,leak,NORMAL,8476.8,40.22,90.55,80.17,15.14,14.94,26.75,49.97,0,0,0,0,0
2026-01-01T02:42:53Z,leak,NORMAL,8477.9,40.18,89.66,80.18,15.08,15.21,26.75,50.0,0,0,0,0,0
2026-01-01T02:42:54Z,leak,NORMAL,8473.3,40.08,89.57,80.33,15.03,14.99,26.66,49.9,0,0,0,0,0
2026-01-01T02:42:55Z,leak,NORMAL,8456.9,40.1,89.92,79.84,14.9,15.02,26.7,50.04,0,0,0,0,0
2026-01-01T02:42:56Z,leak,NORMAL,8478.0,39.73,88.68,80.15,14.88,14.99,26.51,49.96,0,0,0,0,0
2026-01-01T02:42:57Z,leak,NORMAL,8471.5,39.83,89.87,80.4,15.02,14.95,26.64,49.96,0,0,0,0,0
2026-01-01T02:42:58Z,leak,NORMAL,8466.4,39.91,90.31,79.66,15.13,14.87,26.7,50.09,0,0,0,0,0
2026-01-01T02:42:59Z,leak,NORMAL,8473.8,39.94,91.61,79.73,15.17,14.91,26.7,49.99,0,0,0,0,0
2026-01-01T02:43:00Z,leak,NORMAL,8469.8,40.15,89.92,79.7,15.12,15.06,26.55,50.02,0,0,0,0,0
2026-01-01T02:43:01Z,leak,NORMAL,8456.1,39.7,89.44,80.49,15.25,14.96,26.64,49.96,0,0,0,0,0
2026-01-01T02:43:02Z,leak,NORMAL,8462.0,40.09,90.0,79.88,15.05,15.1,26.6,50.03,0,0,0,0,0
2026-01-01T02:43:03Z,leak,NORMAL,8458.5,39.96,89.89,80.89,14.9,15.05,26.74,50.03,0,0,0,0,0
2026-01-01T02:43:04Z,leak,NORMAL,8454.6,40.02,88.78,79.57,15.03,14.94,26.75,50.07,0,0,0,0,0
2026-01-01T02:43:05Z,leak,NORMAL,8463.1,39.65,89.65,80.7,14.92,14.87,26.6,49.99,0,0,0,0,0
2026-01-01T02:43:06Z,leak,NORMAL,8456.6,39.86,88.99,79.73,15.08,15.06,26.68,50.06,0,0,0,0,0
2026-01-01T02:43:07Z,leak,NORMAL,8446.8,40.05,90.5,80.08,15.04,14.8,26.83,49.95,0,0,0,0,0
2026-01-01T02:43:08Z,leak,NORMAL,8439.5,40.19,89.83,80.14,14.95,14.93,26.78,50.01,0,0,0,0,0
2026-01-01T02:43:09Z,leak,NORMAL,8472.7,40.34,90.14,79.28,14.96,15.04,26.77,49.93,0,0,0,0,0
2026-01-01T02:43:10Z,leak,NORMAL,8471.3,40.32,89.52,79.34,14.84,15.19,26.74,50.01,0,0,0,0,0
2026-01-01T02:43:11Z,leak,NORMAL,8463.6,40.13,89.86,80.17,15.02,15.01,26.62,49.92,0,0,0,0,0
2026-01-01T02:43:12Z,leak,NORMAL,8457.5,40.39,90.23,80.07,15.01,15.07,26.86,50.05,0,0,0,0,0
2026-01-01T02:43:13Z,leak,NORMAL,8452.3,39.84,90.47,79.66,15.0,14.99,26.62,50.05,0,0,0,0,0
2026-01-01T02:43:14Z,leak,NORMAL,8455.4,40.27,89.23,80.1,15.08,14.95,26.7,49.96,0,0,0,0,0
2026-01-01T02:43:15Z,leak,NORMAL,8450.8,40.02,89.46,79.14,15.06,15.1,26.56,50.11,0,0,0,0,0
2026-01-01T02:43:16Z,leak,NORMAL,8435.2,39.81,88.81,79.71,14.99,15.17,26.7,49.94,0,0,0,0,0
2026-01-01T02:43:17Z,leak,NORMAL,8463.7,39.99,90.08,80.31,14.92,14.98,26.87,50.0,0,0,0,0,0
2026-01-01T02:43:18Z,leak,NORMAL,8452.5,39.96,89.22,79.28,15.05,14.96,26.62,49.88,0,0,0,0,0
2026-01-01T02:43:19Z,leak,NORMAL,8464.1,40.05,89.36,79.52,14.9,15.1,26.75,50.0,0,0,0,0,0
2026-01-01T02:43:20Z,leak,NORMAL,8472.0,40.29,88.99,79.39,15.05,15.11,26.78,50.03,0,0,0,0,0
2026-01-01T02:43:21Z,leak,NORMAL,8441.7,40.2,89.03,80.44,15.17,15.03,26.8,49.88,0,0,0,0,0
2026-01-01T02:43:22Z,leak,NORMAL,8455.0,40.06,90.17,79.68,15.0,15.12,26.86,50.06,0,0,0,0,0
2026-01-01T02:43:23Z,leak,NORMAL,8441.4,40.28,91.02,79.76,14.9,14.96,26.64,49.95,0,0,0,0,0
2026-01-01T02:43:24Z,leak,NORMAL,8446.3,39.88,89.63,80.67,14.8,14.9,26.72,49.95,0,0,0,0,0
2026-01-01T02:43:25Z,leak,NORMAL,8447.2,40.01,89.42,80.25,14.91,14.99,26.82,50.03,0,0,0,0,0
2026-01-01T02:43:26Z,leak,NORMAL,8448.7,39.72,90.0,79.93,15.13,15.19,26.83,49.91,0,0,0,0,0
2026-01-01T02:43:27Z,leak,NORMAL,8444.0,39.83,89.73,79.81,15.07,15.05,26.64,49.97,0,0,0,0,0
2026-01-01T02:43:28Z,leak,NORMAL,8446.1,39.95,89.72,79.33,15.09,14.97,26.56,50.04,0,0,0,0,0
2026-01-01T02:43:29Z,leak,NORMAL,8447.7,40.06,89.45,79.72,15.18,15.15,26.87,49.98,0,0,0,0,0
2026-01-01T02:43:30Z,leak,NORMAL,8446.1,39.37,89.24,79.85,14.87,14.91,26.74,50.06,0,0,0,0,0
2026-01-01T02:43:31Z,leak,NORMAL,8428.0,40.01,89.56,79.45,14.96,15.12,26.83,49.98,0,0,0,0,0
2026-01-01T02:43:32Z,leak,NORMAL,8439.6,39.85,89.85,80.18,15.03,14.81,26.66,50.04,0,0,0,0,0
2026-01-01T02:43:33Z,leak,NORMAL,8435.2,39.95,88.92,79.76,14.8,15.2,26.8,50.05,0,0,0,0,0
2026-01-01T02:43:34Z,leak,NORMAL,8434.4,40.07,89.36,79.44,15.12,15.15,27.04,49.95,0,0,0,0,0
2026-01-01T02:43:35Z,leak,NORMAL,8448.8,40.3,90.07,80.07,14.94,14.99,26.8,49.93,0,0,0,0,0
2026-01-01T02:43:36Z,leak,NORMAL,8442.7,40.31,89.41,79.1,14.84,15.05,26.83,50.02,0,0,0,0,0
2026-01-01T02:43:37Z,leak,NORMAL,8434.6,40.16,89.09,79.58,15.23,14.92,26.86,49.95,0,0,0,0,0
2026-01-01T02:43:38Z,leak,NORMAL,8436.4,40.18,89.25,78.72,15.11,15.06,26.82,49.94,0,0,0,0,0
2026-01-01T02:43:39Z,leak,NORMAL,8442.7,40.01,89.98,79.06,14.92,15.09,26.75,49.99,0,0,0,0,0
2026-01-01T02:43:40Z,leak,NORMAL,8431.7,40.2,89.53,80.73,15.02,15.03,26.75,49.97,0,0,0,0,0
2026-01-01T02:43:41Z,leak,NORMAL,8453.4,40.08,90.28,80.04,14.96,14.94,26.74,49.99,0,0,0,0,0
2026-01-01T02:43:42Z,leak,NORMAL,8430.1,39.94,89.93,79.14,15.12,14.92,26.76,49.93,0,0,0,0,0
2026-01-01T02:43:43Z,leak,NORMAL,8445.7,40.07,89.69,80.06,14.91,15.0,26.75,50.01,0,0,0,0,0
2026-01-01T02:43:44Z,leak,NORMAL,8423.1,39.77,89.87,79.85,14.94,15.17,26.82,50.01,0,0,0,0,0
2026-01-01T02:43:45Z,leak,NORMAL,8447.0,39.93,90.28,79.49,14.95,15.03,26.62,50.04,0,0,0,0,0
2026-01-01T02:43:46Z,leak,NORMAL,8408.6,39.74,90.02,79.43,14.77,14.98,26.72,49.99,0,0,0,0,0
2026-01-01T02:43:47Z,leak,NORMAL,8425.5,39.81,89.67,79.9,15.0,15.09,26.7,50.04,0,0,0,0,0
2026-01-01T02:43:48Z,leak,NORMAL,8431.9,39.6,88.95,79.49,15.1,15.04,26.9,49.96,0,0,0,0,0
2026-01-01T02:43:49Z,leak,NORMAL,8424.1,40.26,90.57,78.98,15.04,15.15,26.82,50.06,0,0,0,0,0
2026-01-01T02:43:50Z,leak,NORMAL,8411.4,40.05,89.74,78.67,14.86,15.02,26.69,49.98,0,0,0,0,0
2026-01-01T02:43:51Z,leak,NORMAL,8435.8,40.06,89.02,79.11,15.18,15.06,26.76,49.95,0,0,0,0,0
2026-01-01T02:43:52Z,leak,NORMAL,8414.3,40.3,88.79,79.56,15.05,14.95,26.79,50.02,0,0,0,0,0
2026-01-01T02:43:53Z,leak,NORMAL,8429.4,40.24,90.16,79.96,15.25,15.07,26.97,50.0,0,0,0,0,0
2026-01-01T02:43:54Z,leak,NORMAL,8413.6,40.31,89.64,79.34,15.08,14.94,26.82,49.99,0,0,0,0,0
2026-01-01T02:43:55Z,leak,NORMAL,8417.6,40.28,89.84,79.0,15.09,15.01,26.79,50.05,0,0,0,0,0
2026-01-01T02:43:56Z,leak,NORMAL,8412.3,39.93,89.14,79.97,15.08,15.11,26.91,50.03,0,0,0,0,0
2026-01-01T02:43:57Z,leak,NORMAL,8415.3,40.09,89.87,79.09,15.11,14.98,26.94,49.98,0,0,0,0,0
2026-01-01T02:43:58Z,leak,NORMAL,8419.8,39.91,90.69,78.64,15.03,15.07,26.79,49.96,0,0,0,0,0
2026-01-01T02:43:59Z,leak,NORMAL,8420.3,39.66,89.23,79.23,15.1,14.9,26.84,50.06,0,0,0,0,0
2026-01-01T02:44:00Z,leak,NORMAL,8407.4,39.95,88.68,80.12,15.01,15.1,26.9,49.9,0,0,0,0,0
2026-01-01T02:44:01Z,leak,NORMAL,8425.1,40.32,89.82,79.37,15.15,14.9,26.92,49.95,0,0,0,0,0
2026-01-01T02:44:02Z,leak,NORMAL,8428.3,40.17,88.27,80.39,15.1,15.08,26.77,49.97,0,0,0,0,0
2026-01-01T02:44:03Z,leak,NORMAL,8418.5,40.42,89.26,79.32,14.96,14.84,26.91,49.94,0,0,0,0,0
2026-01-01T02:44:04Z,leak,NORMAL,8423.3,40.2,88.44,78.92,14.97,14.95,26.96,49.96,0,0,0,0,0
2026-01-01T02:44:05Z,leak,NORMAL,8418.4,40.04,89.36,78.62,15.04,14.99,26.92,49.99,0,0,0,0,0
2026-01-01T02:44:06Z,leak,NORMAL,8423.0,40.25,89.46,79.19,15.02,14.65,26.75,49.97,0,0,0,0,0
2026-01-01T02:44:07Z,leak,NORMAL,8411.3,39.55,90.15,79.78,14.9,15.13,26.91,49.98,0,0,0,0,0
2026-01-01T02:44:08Z,leak,NORMAL,8405.0,40.0,89.64,79.47,15.08,14.79,27.07,49.95,0,0,0,0,0
2026-01-01T02:44:09Z,leak,NORMAL,8426.1,40.13,89.27,78.67,14.95,14.97,26.96,49.97,0,0,0,0,0
2026-01-01T02:44:10Z,leak,NORMAL,8407.8,40.1,88.77,79.11,15.06,14.96,26.88,49.93,0,0,0,0,0
2026-01-01T02:44:11Z,leak,NORMAL,8408.0,40.17,89.1,79.54,15.12,15.09,26.81,49.98,0,0,0,0,0
2026-01-01T02:44:12Z,leak,NORMAL,8409.2,40.12,89.62,79.12,15.04,15.18,26.84,50.01,0,0,0,0,0
2026-01-01T02:44:13Z,leak,NORMAL,8408.2,39.72,89.37,79.31,14.9,14.99,26.92,50.04,0,0,0,0,0
2026-01-01T02:44:14Z,leak,NORMAL,8403.1,40.04,87.95,79.34,14.91,14.93,26.98,50.1,0,0,0,0,0
2026-01-01T02:44:15Z,leak,NORMAL,8440.9,40.2,89.39,79.6,15.12,14.91,26.73,50.03,0,0,0,0,0
2026-01-01T02:44:16Z,leak,NORMAL,8414.2,40.08,89.39,79.64,15.03,15.13,26.98,50.03,0,0,0,0,0
2026-01-01T02:44:17Z,leak,NORMAL,8416.3,39.93,89.77,79.52,15.05,15.02,26.75,49.92,0,0,0,0,0
2026-01-01T02:44:18Z,leak,NORMAL,8405.3,40.58,88.61,79.99,15.14,15.09,26.82,50.01,0,0,0,0,0
2026-01-01T02:44:19Z,leak,NORMAL,8415.6,40.11,88.77,79.27,14.93,14.94,26.85,50.03,0,0,0,0,0
2026-01-01T02:44:20Z,leak,NORMAL,8395.5,40.28,89.19,78.96,14.96,14.85,26.92,49.94,0,0,0,0,0
2026-01-01T02:44:21Z,leak,NORMAL,8406.3,40.49,88.66,78.7,14.95,15.13,26.97,50.1,0,0,0,0,0
2026-01-01T02:44:22Z,leak,NORMAL,8409.1,39.74,89.83,79.93,15.28,15.12,26.89,50.0,0,0,0,0,0
2026-01-01T02:44:23Z,leak,NORMAL,8401.4,40.0,88.73,78.43,14.93,14.96,26.81,50.02,0,0,0,0,0
2026-01-01T02:44:24Z,leak,NORMAL,8412.5,40.12,88.7,79.33,14.94,14.98,26.84,49.94,0,0,0,0,0
2026-01-01T02:44:25Z,leak,NORMAL,8416.2,40.35,88.18,79.83,15.07,14.99,26.76,50.0,0,0,0,0,0
2026-01-01T02:44:26Z,leak,NORMAL,8395.3,39.7,88.9,79.35,15.05,15.18,27.07,49.98,0,0,0,0,0
2026-01-01T02:44:27Z,leak,NORMAL,8399.8,40.16,88.51,79.52,15.05,14.98,27.06,50.03,0,0,0,0,0
2026-01-01T02:44:28Z,leak,NORMAL,8423.4,40.2,88.97,80.1,15.2,14.98,26.77,49.96,0,0,0,0,0
2026-01-01T02:44:29Z,leak,NORMAL,8408.8,40.0,89.03,79.85,15.06,14.88,26.97,50.08,0,0,0,0,0
2026-01-01T02:44:30Z,leak,NORMAL,8421.8,40.19,88.7,79.46,15.12,14.79,27.0,50.07,0,0,0,0,0
2026-01-01T02:44:31Z,leak,NORMAL,8419.3,39.46,89.16,79.39,15.0,15.08,26.9,50.07,0,0,0,0,0
2026-01-01T02:44:32Z,leak,NORMAL,8387.4,39.98,88.07,79.3,15.03,15.03,27.0,50.05,0,0,0,0,0
2026-01-01T02:44:33Z,leak,NORMAL,8415.7,40.09,88.99,78.06,15.04,15.01,26.96,50.02,0,0,0,0,0
2026-01-01T02:44:34Z,leak,NORMAL,8409.4,40.07,89.71,79.02,15.17,15.02,26.9,50.08,0,0,0,0,0
2026-01-01T02:44:35Z,leak,NORMAL,8390.6,40.43,87.95,80.38,15.0,14.92,26.99,49.93,0,0,0,0,0
2026-01-01T02:44:36Z,leak,NORMAL,8409.3,39.96,88.62,79.19,15.1,15.06,26.97,49.93,0,0,0,0,0
2026-01-01T02:44:37Z,leak,NORMAL,8404.9,39.79,88.97,79.31,14.89,15.0,27.25,49.95,0,0,0,0,0
2026-01-01T02:44:38Z,leak,NORMAL,8404.5,39.9,89.73,79.66,14.88,15.11,26.88,50.02,0,0,0,0,0
2026-01-01T02:44:39Z,leak,NORMAL,8405.9,40.02,88.34,78.91,14.82,14.88,26.78,49.98,0,0,0,0,0
2026-01-01T02:44:40Z,leak,NORMAL,8395.0,39.86,88.93,78.51,15.04,15.06,26.86,50.02,0,0,0,0,0
2026-01-01T02:44:41Z,leak,NORMAL,8409.1,40.29,89.01,79.12,14.99,15.08,26.9,50.09,0,0,0,0,0
2026-01-01T02:44:42Z,leak,NORMAL,8406.0,39.88,89.08,79.67,15.06,14.88,26.98,49.93,0,0,0,0,0
2026-01-01T02:44:43Z,leak,NORMAL,8407.4,39.95,88.72,78.7,14.93,15.16,26.81,49.97,0,0,0,0,0
2026-01-01T02:44:44Z,leak,NORMAL,8405.9,39.98,88.44,79.38,14.95,15.08,26.85,49.97,0,0,0,0,0
2026-01-01T02:44:45Z,leak,NORMAL,8395.6,39.93,88.75,79.17,14.86,15.02,26.89,49.92,0,0,0,0,0
2026-01-01T02:44:46Z,leak,NORMAL,8410.6,39.62,88.71,79.47,15.08,15.07,26.9,50.03,0,0,0,0,0
2026-01-01T02:44:47Z,leak,NORMAL,8399.5,39.79,89.57,79.14,14.94,14.98,26.91,49.98,0,0,0,0,0
2026-01-01T02:44:48Z,leak,NORMAL,8410.2,40.14,89.4,79.55,14.93,14.89,26.81,49.96,0,0,0,0,0
2026-01-01T02:44:49Z,leak,NORMAL,8402.5,40.03,89.54,78.65,15.19,15.05,26.95,49.94,0,0,0,0,0
2026-01-01T02:44:50Z,leak,NORMAL,8408.2,39.53,88.37,79.32,15.11,15.24,26.89,50.06,0,0,0,0,0
2026-01-01T02:44:51Z,leak,NORMAL,8387.4,39.98,88.64,78.47,14.82,14.99,26.85,49.99,0,0,0,0,0
2026-01-01T02:44:52Z,leak,NORMAL,8387.3,39.92,88.82,78.48,14.87,14.98,26.79,50.07,0,0,0,0,0
2026-01-01T02:44:53Z,leak,NORMAL,8407.5,40.17,87.77,78.96,15.05,14.86,27.08,49.96,0,0,0,0,0
2026-01-01T02:44:54Z,leak,NORMAL,8398.2,40.14,88.49,79.77,15.18,15.07,26.87,50.04,0,0,0,0,0
2026-01-01T02:44:55Z,leak,NORMAL,8407.0,40.06,88.24,78.12,14.86,14.83,27.01,50.05,0,0,0,0,0
2026-01-01T02:44:56Z,leak,NORMAL,8409.7,40.09,88.93,79.41,15.21,15.03,27.08,50.04,0,0,0,0,0
2026-01-01T02:44:57Z,leak,NORMAL,8415.2,40.1,89.17,79.64,14.98,15.02,27.01,49.96,0,0,0,0,0
2026-01-01T02:44:58Z,leak,NORMAL,8402.0,39.81,88.54,78.47,15.03,14.91,26.88,49.99,0,0,0,0,0
2026-01-01T02:44:59Z,leak,NORMAL,8403.0,39.88,89.06,78.12,14.99,15.02,26.78,50.06,0,0,0,0,0
2026-01-01T02:45:00Z,leak,NORMAL,8401.4,40.33,89.27,79.42,15.08,15.07,26.96,49.97,0,0,0,0,0
2026-01-01T02:45:01Z,leak,NORMAL,8412.2,40.32,88.8,78.41,14.92,14.95,27.04,50.02,0,0,0,0,0
2026-01-01T02:45:02Z,leak,NORMAL,8399.9,40.31,89.33,78.77,14.99,14.95,26.84,49.94,0,0,0,0,0
2026-01-01T02:45:03Z,leak,NORMAL,8382.2,39.82,88.53,79.4,14.94,14.94,27.01,50.04,0,0,0,0,0
2026-01-01T02:45:04Z,leak,NORMAL,8367.7,39.98,89.67,78.53,14.82,15.03,27.09,49.94,0,0,0,0,0
2026-01-01T02:45:05Z,leak,NORMAL,8402.1,40.29,88.57,78.39,15.06,14.98,27.0,49.95,0,0,0,0,0
2026-01-01T02:45:06Z,leak,NORMAL,8412.6,39.91,89.88,79.61,15.06,15.02,27.07,50.08,0,0,0,0,0
2026-01-01T02:45:07Z,leak,NORMAL,8405.4,40.02,89.23,78.25,15.04,14.75,26.88,50.08,0,0,0,0,0
2026-01-01T02:45:08Z,leak,NORMAL,8411.3,39.81,87.77,79.59,15.19,14.98,26.95,50.01,0,0,0,0,0
2026-01-01T02:45:09Z,leak,NORMAL,8405.0,39.75,88.99,79.76,14.77,15.06,26.89,50.06,0,0,0,0,0
2026-01-01T02:45:10Z,leak,NORMAL,8424.5,40.45,88.99,79.32,14.71,15.11,27.0,50.03,0,0,0,0,0
2026-01-01T02:45:11Z,leak,NORMAL,8419.8,39.77,89.18,79.4,14.94,14.98,27.18,50.05,0,0,0,0,0
2026-01-01T02:45:12Z,leak,NORMAL,8394.7,40.11,88.16,80.12,14.97,15.05,26.97,49.97,0,0,0,0,0
2026-01-01T02:45:13Z,leak,NORMAL,8405.3,40.17,89.05,78.2,15.05,14.99,26.92,49.94,0,0,0,0,0
2026-01-01T02:45:14Z,leak,NORMAL,8399.7,40.12,89.52,79.13,15.08,15.17,26.67,50.03,0,0,0,0,0
2026-01-01T02:45:15Z,leak,NORMAL,8398.5,39.95,88.3,79.32,15.05,15.01,27.11,49.99,0,0,0,0,0
2026-01-01T02:45:16Z,leak,NORMAL,8413.1,40.29,88.64,78.39,14.8,15.07,26.85,50.07,0,0,0,0,0
2026-01-01T02:45:17Z,leak,NORMAL,8392.5,40.29,88.5,79.52,14.88,14.86,26.85,50.0,0,0,0,0,0
2026-01-01T02:45:18Z,leak,NORMAL,8405.1,40.27,89.11,79.27,15.0,15.0,26.93,50.06,0,0,0,0,0
2026-01-01T02:45:19Z,leak,NORMAL,8399.1,40.07,89.15,78.97,15.12,15.02,26.82,49.99,0,0,0,0,0
2026-01-01T02:45:20Z,leak,NORMAL,8415.3,40.29,88.32,79.27,15.0,14.98,27.04,49.96,0,0,0,0,0
2026-01-01T02:45:21Z,leak,NORMAL,8389.9,39.97,89.03,79.43,14.95,15.11,27.03,49.97,0,0,0,0,0
2026-01-01T02:45:22Z,leak,NORMAL,8403.2,40.09,89.34,78.64,15.14,15.15,27.09,50.04,0,0,0,0,0
2026-01-01T02:45:23Z,leak,NORMAL,8414.3,39.81,87.69,79.8,15.21,15.13,27.0,49.99,0,0,0,0,0
2026-01-01T02:45:24Z,leak,NORMAL,8401.0,40.39,89.1,78.79,15.13,15.06,26.92,50.11,0,0,0,0,0
2026-01-01T02:45:25Z,leak,NORMAL,8402.8,39.87,88.8,78.9,14.9,14.94,26.93,49.99,0,0,0,0,0
2026-01-01T02:45:26Z,leak,NORMAL,8406.9,40.13,87.93,78.29,15.05,15.14,27.01,49.95,0,0,0,0,0
2026-01-01T02:45:27Z,leak,NORMAL,8411.4,40.21,87.67,80.38,14.83,14.91,27.02,50.02,0,0,0,0,0
2026-01-01T02:45:28Z,leak,NORMAL,8404.7,39.99,88.62,78.94,15.05,14.94,27.09,50.0,0,0,0,0,0
2026-01-01T02:45:29Z,leak,NORMAL,8395.5,39.99,89.27,79.62,14.93,15.05,27.11,49.97,0,0,0,0,0
2026-01-01T02:45:30Z,leak,NORMAL,8397.9,40.07,89.64,79.0,14.97,15.11,27.1,50.01,0,0,0,0,0
2026-01-01T02:45:31Z,leak,NORMAL,8407.7,40.02,88.73,79.25,14.96,14.95,27.07,50.01,0,0,0,0,0
2026-01-01T02:45:32Z,leak,NORMAL,8401.2,39.65,89.1,80.19,15.03,15.0,26.93,50.02,0,0,0,0,0
2026-01-01T02:45:33Z,leak,NORMAL,8394.7,40.12,88.45,79.77,15.08,14.98,26.93,50.04,0,0,0,0,0
2026-01-01T02:45:34Z,leak,NORMAL,8401.7,40.09,88.79,79.08,15.0,15.08,26.93,50.05,0,0,0,0,0
2026-01-01T02:45:35Z,leak,NORMAL,8417.8,39.81,90.04,79.03,14.95,14.97,27.0,50.01,0,0,0,0,0
2026-01-01T02:45:36Z,leak,NORMAL,8398.6,39.99,88.41,78.73,15.15,14.99,27.08,49.97,0,0,0,0,0
2026-01-01T02:45:37Z,leak,NORMAL,8405.2,40.07,89.01,78.47,14.94,15.03,27.16,49.99,0,0,0,0,0
2026-01-01T02:45:38Z,leak,NORMAL,8410.5,39.86,88.68,78.46,15.02,15.01,27.01,50.02,0,0,0,0,0
2026-01-01T02:45:39Z,leak,NORMAL,8404.3,39.73,89.42,78.85,15.06,14.98,27.0,49.98,0,0,0,0,0
2026-01-01T02:45:40Z,leak,NORMAL,8396.1,40.26,89.09,78.67,14.85,15.09,27.13,50.0,0,0,0,0,0
2026-01-01T02:45:41Z,leak,NORMAL,8430.6,39.87,88.94,78.78,15.12,14.82,26.9,49.98,0,0,0,0,0
2026-01-01T02:45:42Z,leak,NORMAL,8404.3,40.36,89.69,79.74,15.0,14.96,26.98,50.04,0,0,0,0,0
2026-01-01T02:45:43Z,leak,NORMAL,8406.3,39.98,89.12,78.96,15.02,15.05,26.89,50.02,0,0,0,0,0
2026-01-01T02:45:44Z,leak,NORMAL,8405.8,40.26,89.08,78.05,14.95,14.92,26.89,50.01,0,0,0,0,0
2026-01-01T02:45:45Z,leak,NORMAL,8416.9,39.76,88.67,78.59,15.06,15.21,27.01,50.04,0,0,0,0,0
2026-01-01T02:45:46Z,leak,NORMAL,8414.2,40.02,89.78,78.01,14.89,15.04,26.95,49.94,0,0,0,0,0
2026-01-01T02:45:47Z,leak,NORMAL,8400.0,39.73,88.94,78.73,14.91,15.07,27.06,49.99,0,0,0,0,0
2026-01-01T02:45:48Z,leak,NORMAL,8402.7,39.99,88.74,79.92,14.89,15.0,26.92,50.0,0,0,0,0,0
2026-01-01T02:45:49Z,leak,NORMAL,8405.5,40.2,88.15,78.88,15.02,15.17,27.08,50.01,0,0,0,0,0
2026-01-01T02:45:50Z,leak,NORMAL,8418.5,39.75,89.79,79.65,15.01,15.03,26.97,49.98,0,0,0,0,0
2026-01-01T02:45:51Z,leak,NORMAL,8413.0,40.34,88.85,78.76,15.13,14.89,26.85,50.06,0,0,0,0,0
2026-01-01T02:45:52Z,leak,NORMAL,8421.4,39.75,88.76,79.19,15.04,14.8,27.06,50.04,0,0,0,0,0
2026-01-01T02:45:53Z,leak,NORMAL,8419.2,40.0,89.23,78.68,14.81,14.88,27.01,49.95,0,0,0,0,0
2026-01-01T02:45:54Z,leak,NORMAL,8400.2,39.87,88.93,78.37,15.0,14.98,27.1,49.95,0,0,0,0,0
2026-01-01T02:45:55Z,leak,NORMAL,8406.5,40.22,88.78,78.94,15.12,14.93,26.97,50.0,0,0,0,0,0
2026-01-01T02:45:56Z,leak,NORMAL,8407.5,39.99,90.1,79.55,15.0,15.07,27.1,49.98,0,0,0,0,0
2026-01-01T02:45:57Z,leak,NORMAL,8417.0,40.04,89.13,79.04,15.13,14.95,26.78,50.13,0,0,0,0,0
2026-01-01T02:45:58Z,leak,NORMAL,8410.9,40.14,89.74,79.32,15.09,15.0,26.86,50.03,0,0,0,0,0
2026-01-01T02:45:59Z,leak,NORMAL,8419.7,39.75,89.42,78.39,14.89,14.9,26.94,49.95,0,0,0,0,0
2026-01-01T02:46:00Z,leak,NORMAL,8414.5,40.19,89.3,78.82,15.11,15.05,26.97,49.99,0,0,0,0,0
2026-01-01T02:46:01Z,leak,NORMAL,8413.7,39.83,88.7,78.81,14.99,15.11,26.94,50.05,0,0,0,0,0
2026-01-01T02:46:02Z,leak,NORMAL,8409.9,39.99,88.62,79.79,14.98,15.01,26.92,50.0,0,0,0,0,0
2026-01-01T02:46:03Z,leak,NORMAL,8419.6,39.98,88.63,78.62,15.08,14.82,27.13,50.16,0,0,0,0,0
2026-01-01T02:46:04Z,leak,NORMAL,8413.8,39.8,88.46,78.54,14.82,14.95,27.05,50.0,0,0,0,0,0
2026-01-01T02:46:05Z,leak,NORMAL,8427.0,39.59,89.04,79.41,14.99,14.8,27.02,50.03,0,0,0,0,0
2026-01-01T02:46:06Z,leak,NORMAL,8432.9,39.87,89.25,78.44,15.13,14.88,27.04,49.92,0,0,0,0,0
2026-01-01T02:46:07Z,leak,NORMAL,8416.6,40.18,88.69,78.73,14.96,15.0,26.93,50.02,0,0,0,0,0
2026-01-01T02:46:08Z,leak,NORMAL,8416.9,40.28,89.04,79.37,15.04,14.97,26.99,49.95,0,0,0,0,0
2026-01-01T02:46:09Z,leak,NORMAL,8423.7,40.2,88.65,78.88,14.99,14.96,26.94,49.99,0,0,0,0,0
2026-01-01T02:46:10Z,leak,NORMAL,8427.6,40.05,88.84,79.77,14.81,14.94,26.91,50.01,0,0,0,0,0
2026-01-01T02:46:11Z,leak,NORMAL,8427.5,40.26,88.83,79.05,14.79,14.91,26.73,50.0,0,0,0,0,0
2026-01-01T02:46:12Z,leak,NORMAL,8403.7,39.97,88.11,78.71,14.89,15.22,26.86,50.06,0,0,0,0,0
2026-01-01T02:46:13Z,leak,NORMAL,8429.6,39.84,89.07,79.32,15.13,14.95,27.12,49.98,0,0,0,0,0
2026-01-01T02:46:14Z,leak,NORMAL,8414.8,39.88,88.71,78.51,15.01,15.01,27.07,49.98,0,0,0,0,0
2026-01-01T02:46:15Z,leak,NORMAL,8418.1,39.81,88.92,79.02,14.88,14.98,26.94,49.97,0,0,0,0,0
2026-01-01T02:46:16Z,leak,NORMAL,8437.4,39.94,89.28,79.54,15.09,14.98,27.04,50.02,0,0,0,0,0
2026-01-01T02:46:17Z,leak,NORMAL,8422.3,40.15,89.09,78.55,15.13,14.95,26.92,49.97,0,0,0,0,0
2026-01-01T02:46:18Z,leak,NORMAL,8414.8,39.82,89.34,79.18,15.18,14.93,26.98,49.98,0,0,0,0,0
2026-01-01T02:46:19Z,leak,NORMAL,8439.2,40.03,89.37,79.11,15.09,14.88,26.94,49.99,0,0,0,0,0
2026-01-01T02:46:20Z,leak,NORMAL,8426.1,39.97,89.37,79.62,14.96,14.93,26.95,50.01,0,0,0,0,0
2026-01-01T02:46:21Z,leak,NORMAL,8445.6,39.55,88.89,78.95,15.16,15.1,26.93,50.01,0,0,0,0,0
2026-01-01T02:46:22Z,leak,NORMAL,8426.8,40.17,89.68,79.61,15.11,14.97,26.92,49.97,0,0,0,0,0
2026-01-01T02:46:23Z,leak,NORMAL,8439.6,40.09,89.37,79.39,15.0,14.89,27.13,50.08,0,0,0,0,0
2026-01-01T02:46:24Z,leak,NORMAL,8425.0,39.7,89.61,78.29,15.12,14.91,26.85,49.94,0,0,0,0,0
2026-01-01T02:46:25Z,leak,NORMAL,8451.6,40.02,88.54,78.97,14.9,14.92,26.61,50.0,0,0,0,0,0
2026-01-01T02:46:26Z,leak,NORMAL,8445.2,40.39,89.28,78.87,15.06,14.91,26.85,49.97,0,0,0,0,0
2026-01-01T02:46:27Z,leak,NORMAL,8448.0,39.97,88.68,79.0,14.91,15.0,27.13,49.97,0,0,0,0,0
2026-01-01T02:46:28Z,leak,NORMAL,8432.2,39.92,88.98,79.95,14.89,15.08,26.88,49.95,0,0,0,0,0
2026-01-01T02:46:29Z,leak,NORMAL,8433.4,40.22,88.84,78.78,15.13,15.12,26.95,50.0,0,0,0,0,0
2026-01-01T02:46:30Z,leak,NORMAL,8431.0,39.8,90.4,78.88,15.0,15.17,26.92,49.99,0,0,0,0,0
2026-01-01T02:46:31Z,leak,NORMAL,8436.6,39.61,89.34,78.55,14.99,14.92,27.08,50.09,0,0,0,0,0
2026-01-01T02:46:32Z,leak,NORMAL,8430.1,39.93,88.83,78.44,14.91,15.22,26.85,50.01,0,0,0,0,0
2026-01-01T02:46:33Z,leak,NORMAL,8426.9,40.01,88.88,79.95,15.13,15.17,26.85,49.99,0,0,0,0,0
2026-01-01T02:46:34Z,leak,NORMAL,8440.4,39.83,89.5,78.65,14.95,15.0,26.91,50.0,0,0,0,0,0
2026-01-01T02:46:35Z,leak,NORMAL,8435.3,40.5,89.54,79.27,15.16,15.0,27.08,49.99,0,0,0,0,0
2026-01-01T02:46:36Z,leak,NORMAL,8432.4,40.1,89.5,78.88,14.96,14.87,26.89,50.05,0,0,0,0,0
2026-01-01T02:46:37Z,leak,NORMAL,8434.5,39.99,89.9,79.2,14.88,14.96,26.85,49.94,0,0,0,0,0
2026-01-01T02:46:38Z,leak,NORMAL,8456.4,39.94,89.11,78.75,15.03,14.82,26.94,50.03,0,0,0,0,0
2026-01-01T02:46:39Z,leak,NORMAL,8435.5,40.82,89.49,79.21,14.83,15.02,27.02,50.02,0,0,0,0,0
2026-01-01T02:46:40Z,leak,NORMAL,8451.2,39.83,89.4,78.81,14.81,15.09,27.06,49.97,0,0,0,0,0
2026-01-01T02:46:41Z,leak,NORMAL,8444.9,39.74,89.38,79.1,14.95,14.96,27.17,49.97,0,0,0,0,0
2026-01-01T02:46:42Z,leak,NORMAL,8444.5,39.98,88.81,78.79,14.84,14.99,27.0,49.96,0,0,0,0,0
2026-01-01T02:46:43Z,leak,NORMAL,8436.5,40.03,89.72,79.48,15.18,14.98,26.97,50.03,0,0,0,0,0
2026-01-01T02:46:44Z,leak,NORMAL,8445.0,40.03,88.12,78.87,14.98,14.96,26.89,49.99,0,0,0,0,0
2026-01-01T02:46:45Z,leak,NORMAL,8445.4,39.91,88.82,79.23,15.0,15.06,26.85,50.06,0,0,0,0,0
2026-01-01T02:46:46Z,leak,NORMAL,8464.9,40.2,89.47,78.84,14.93,15.06,27.04,50.0,0,0,0,0,0
2026-01-01T02:46:47Z,leak,NORMAL,8445.0,40.51,89.46,79.45,15.07,14.84,26.88,49.98,0,0,0,0,0
2026-01-01T02:46:48Z,leak,NORMAL,8443.4,39.71,90.63,79.69,15.08,14.92,26.86,49.99,0,0,0,0,0
2026-01-01T02:46:49Z,leak,NORMAL,8440.0,40.22,89.77,79.24,15.02,15.01,26.84,50.0,0,0,0,0,0
2026-01-01T02:46:50Z,leak,NORMAL,8466.0,40.2,90.16,79.19,15.06,14.98,26.92,49.94,0,0,0,0,0
2026-01-01T02:46:51Z,leak,NORMAL,8461.1,40.08,89.34,79.03,14.95,14.99,27.04,49.98,0,0,0,0,0
2026-01-01T02:46:52Z,leak,NORMAL,8461.5,40.07,88.64,79.27,14.92,14.96,27.02,49.97,0,0,0,0,0
2026-01-01T02:46:53Z,leak,NORMAL,8457.9,39.92,89.52,79.75,15.09,14.8,27.03,50.0,0,0,0,0,0
2026-01-01T02:46:54Z,leak,NORMAL,8453.7,39.87,89.74,79.23,14.93,14.98,26.79,50.05,0,0,0,0,0
2026-01-01T02:46:55Z,leak,NORMAL,8471.2,39.87,89.7,79.15,14.98,15.1,26.93,49.97,0,0,0,0,0
2026-01-01T02:46:56Z,leak,NORMAL,8448.5,39.98,89.33,79.79,14.96,15.02,26.89,50.07,0,0,0,0,0
2026-01-01T02:46:57Z,leak,NORMAL,8448.8,40.19,88.94,79.48,14.74,14.96,26.8,49.96,0,0,0,0,0
2026-01-01T02:46:58Z,leak,NORMAL,8455.3,40.13,89.73,79.44,14.98,15.15,26.82,50.04,0,0,0,0,0
2026-01-01T02:46:59Z,leak,NORMAL,8472.2,40.04,89.27,78.84,15.02,15.05,26.95,49.99,0,0,0,0,0
2026-01-01T02:47:00Z,leak,NORMAL,8454.8,39.98,90.5,79.66,14.95,15.11,26.83,49.99,0,0,0,0,0
2026-01-01T02:47:01Z,leak,NORMAL,8445.6,40.12,89.56,78.94,15.18,15.01,26.92,50.01,0,0,0,0,0
2026-01-01T02:47:02Z,leak,NORMAL,8445.0,40.05,89.7,79.59,14.95,14.98,26.86,50.01,0,0,0,0,0
2026-01-01T02:47:03Z,leak,NORMAL,8453.5,40.1,88.95,79.36,14.96,15.12,26.83,49.99,0,0,0,0,0
2026-01-01T02:47:04Z,leak,NORMAL,8444.6,39.88,88.77,79.46,14.93,14.91,26.81,49.94,0,0,0,0,0
2026-01-01T02:47:05Z,leak,NORMAL,8465.0,39.87,89.8,79.45,14.99,15.1,27.06,49.94,0,0,0,0,0
2026-01-01T02:47:06Z,leak,NORMAL,8467.2,39.98,89.7,78.98,15.04,15.03,26.85,50.06,0,0,0,0,0
2026-01-01T02:47:07Z,leak,NORMAL,8475.3,40.03,89.1,78.63,15.09,15.05,26.94,49.99,0,0,0,0,0
2026-01-01T02:47:08Z,leak,NORMAL,8465.3,40.26,90.24,78.98,15.05,15.05,26.8,49.89,0,0,0,0,0
2026-01-01T02:47:09Z,leak,NORMAL,8447.1,40.04,90.48,78.71,15.02,15.03,26.73,50.04,0,0,0,0,0
2026-01-01T02:47:10Z,leak,NORMAL,8479.1,39.95,89.95,79.16,15.11,14.89,26.87,49.99,0,0,0,0,0
2026-01-01T02:47:11Z,leak,NORMAL,8471.1,40.08,88.74,79.33,15.05,14.86,26.89,49.97,0,0,0,0,0
2026-01-01T02:47:12Z,leak,NORMAL,8485.1,39.86,90.62,78.04,15.05,15.11,27.0,49.94,0,0,0,0,0
2026-01-01T02:47:13Z,leak,NORMAL,8454.2,40.17,90.02,80.36,15.21,14.86,27.16,49.97,0,0,0,0,0
2026-01-01T02:47:14Z,leak,NORMAL,8460.1,39.56,90.78,79.77,14.88,15.03,26.87,50.09,0,0,0,0,0
2026-01-01T02:47:15Z,leak,NORMAL,8465.1,39.79,90.43,79.76,14.99,15.13,26.76,49.99,0,0,0,0,0
2026-01-01T02:47:16Z,leak,NORMAL,8489.9,40.1,89.69,79.95,14.8,14.98,26.77,50.03,0,0,0,0,0
2026-01-01T02:47:17Z,leak,NORMAL,8484.6,40.15,89.4,78.71,14.85,14.96,26.78,50.01,0,0,0,0,0
2026-01-01T02:47:18Z,leak,NORMAL,8480.2,40.09,89.59,80.49,14.96,15.01,26.87,49.93,0,0,0,0,0
2026-01-01T02:47:19Z,leak,NORMAL,8489.4,40.26,89.48,79.73,14.92,15.07,26.81,50.01,0,0,0,0,0
2026-01-01T02:47:20Z,leak,NORMAL,8484.4,39.87,89.56,80.02,14.88,15.22,26.82,50.0,0,0,0,0,0
2026-01-01T02:47:21Z,leak,NORMAL,8468.5,40.4,90.1,80.09,14.78,15.02,26.97,49.96,0,0,0,0,0
2026-01-01T02:47:22Z,leak,NORMAL,8475.8,40.15,89.02,79.79,15.03,15.0,26.99,50.02,0,0,0,0,0
2026-01-01T02:47:23Z,leak,NORMAL,8472.1,39.95,89.52,80.16,14.97,15.0,26.79,50.04,0,0,0,0,0
2026-01-01T02:47:24Z,leak,NORMAL,8478.6,40.04,88.83,80.01,14.95,15.11,26.84,50.03,0,0,0,0,0
2026-01-01T02:47:25Z,leak,NORMAL,8493.0,40.42,90.23,79.48,15.23,14.85,26.61,49.98,0,0,0,0,0
2026-01-01T02:47:26Z,leak,NORMAL,8484.7,39.9,89.87,79.42,15.15,14.68,26.86,49.98,0,0,0,0,0
2026-01-01T02:47:27Z,leak,NORMAL,8481.8,40.05,89.89,80.19,15.08,15.09,26.78,49.92,0,0,0,0,0
2026-01-01T02:47:28Z,leak,NORMAL,8477.8,39.7,89.9,80.14,14.94,15.0,26.74,49.94,0,0,0,0,0
2026-01-01T02:47:29Z,leak,NORMAL,8491.0,39.66,89.66,79.9,14.99,15.2,27.02,50.02,0,0,0,0,0
2026-01-01T02:47:30Z,leak,NORMAL,8483.9,39.96,89.82,79.4,15.19,14.84,26.83,49.98,0,0,0,0,0
2026-01-01T02:47:31Z,leak,NORMAL,8513.9,39.95,90.54,79.45,14.96,14.96,26.82,50.09,0,0,0,0,0
2026-01-01T02:47:32Z,leak,NORMAL,8491.1,39.93,89.5,79.67,15.14,15.15,27.05,49.97,0,0,0,0,0
2026-01-01T02:47:33Z,leak,NORMAL,8490.8,40.25,89.94,79.69,15.05,15.0,26.85,49.92,0,0,0,0,0
2026-01-01T02:47:34Z,leak,NORMAL,8496.1,39.71,89.8,79.73,14.92,15.0,26.91,50.07,0,0,0,0,0
2026-01-01T02:47:35Z,leak,NORMAL,8500.1,39.95,90.22,79.4,15.09,15.21,26.75,50.0,0,0,0,0,0
2026-01-01T02:47:36Z,leak,NORMAL,8483.5,39.55,89.3,78.71,15.1,14.92,26.69,50.02,0,0,0,0,0
2026-01-01T02:47:37Z,leak,NORMAL,8485.6,39.89,90.05,79.92,15.06,14.91,26.8,50.06,0,0,0,0,0
2026-01-01T02:47:38Z,leak,NORMAL,8476.2,40.11,89.04,78.75,14.99,15.04,26.91,49.96,0,0,0,0,0
2026-01-01T02:47:39Z,leak,NORMAL,8483.8,40.36,89.87,78.62,14.85,14.9,26.73,50.03,0,0,0,0,0
2026-01-01T02:47:40Z,leak,NORMAL,8491.3,40.16,90.84,79.4,15.0,14.94,26.89,49.98,0,0,0,0,0
2026-01-01T02:47:41Z,leak,NORMAL,8490.6,40.28,90.74,79.99,14.95,14.97,26.73,50.0,0,0,0,0,0
2026-01-01T02:47:42Z,leak,NORMAL,8480.7,40.06,90.14,78.57,14.86,15.03,26.99,50.02,0,0,0,0,0
2026-01-01T02:47:43Z,leak,NORMAL,8499.2,40.44,89.89,80.15,14.99,15.02,26.89,50.02,0,0,0,0,0
2026-01-01T02:47:44Z,leak,NORMAL,8485.5,39.89,90.04,80.07,14.87,15.05,26.84,50.06,0,0,0,0,0
2026-01-01T02:47:45Z,leak,NORMAL,8517.5,39.94,89.56,79.84,15.03,15.02,26.66,50.04,0,0,0,0,0
2026-01-01T02:47:46Z,leak,NORMAL,8507.1,40.19,90.26,79.28,15.1,15.01,26.62,50.05,0,0,0,0,0
2026-01-01T02:47:47Z,leak,NORMAL,8503.9,39.78,89.34,79.16,15.08,15.09,26.81,50.02,0,0,0,0,0
2026-01-01T02:47:48Z,leak,NORMAL,8514.2,40.31,90.26,79.52,14.86,14.87,26.89,50.0,0,0,0,0,0
2026-01-01T02:47:49Z,leak,NORMAL,8524.0,40.14,89.53,79.11,15.03,15.0,26.84,49.98,0,0,0,0,0
2026-01-01T02:47:50Z,leak,NORMAL,8513.0,39.89,90.46,79.18,15.07,14.92,26.95,49.97,0,0,0,0,0
2026-01-01T02:47:51Z,leak,NORMAL,8529.1,40.05,90.51,79.75,15.09,15.03,26.72,50.04,0,0,0,0,0
2026-01-01T02:47:52Z,leak,NORMAL,8494.1,39.89,89.71,79.91,15.07,15.0,26.95,50.06,0,0,0,0,0
2026-01-01T02:47:53Z,leak,NORMAL,8511.3,39.81,89.8,79.22,14.9,15.02,26.71,50.02,0,0,0,0,0
2026-01-01T02:47:54Z,leak,NORMAL,8512.1,40.1,89.7,79.15,15.07,15.09,26.73,50.03,0,0,0,0,0
2026-01-01T02:47:55Z,leak,NORMAL,8484.8,39.7,89.36,79.68,15.03,15.12,26.83,49.93,0,0,0,0,0
2026-01-01T02:47:56Z,leak,NORMAL,8534.9,39.57,90.23,79.63,15.03,15.09,26.78,50.04,0,0,0,0,0
2026-01-01T02:47:57Z,leak,NORMAL,8505.4,40.37,89.83,79.36,15.06,15.0,27.1,49.94,0,0,0,0,0
2026-01-01T02:47:58Z,leak,NORMAL,8514.9,39.93,90.46,78.9,15.15,15.07,26.85,49.95,0,0,0,0,0
2026-01-01T02:47:59Z,leak,NORMAL,8507.4,39.87,89.71,79.08,14.76,14.95,26.79,49.95,0,0,0,0,0
2026-01-01T02:48:00Z,leak,NORMAL,8506.5,40.26,90.43,79.85,15.09,14.99,27.0,49.96,0,0,0,0,0
2026-01-01T02:48:01Z,leak,NORMAL,8508.3,39.82,90.5,80.29,15.21,15.07,26.84,49.96,0,0,0,0,0
2026-01-01T02:48:02Z,leak,NORMAL,8522.2,40.03,90.12,79.21,14.98,14.9,26.78,50.02,0,0,0,0,0
2026-01-01T02:48:03Z,leak,NORMAL,8505.9,40.2,89.92,80.17,14.83,15.05,26.75,50.02,0,0,0,0,0
2026-01-01T02:48:04Z,leak,NORMAL,8531.4,39.86,90.36,79.9,14.9,14.93,26.74,49.97,0,0,0,0,0
2026-01-01T02:48:05Z,leak,NORMAL,8527.1,40.09,90.02,80.28,15.13,15.13,26.71,49.98,0,0,0,0,0
2026-01-01T02:48:06Z,leak,NORMAL,8518.0,39.98,90.71,79.9,14.81,15.27,26.73,49.96,0,0,0,0,0
2026-01-01T02:48:07Z,leak,NORMAL,8517.2,40.24,91.16,79.77,14.96,15.17,26.89,49.99,0,0,0,0,0
2026-01-01T02:48:08Z,leak,NORMAL,8521.4,40.03,89.3,79.08,14.8,15.13,26.76,49.99,0,0,0,0,0
2026-01-01T02:48:09Z,leak,NORMAL,8531.7,40.09,89.74,80.17,15.12,14.92,26.59,49.9,0,0,0,0,0
2026-01-01T02:48:10Z,leak,NORMAL,8525.0,39.7,90.24,80.37,14.88,14.88,26.82,50.05,0,0,0,0,0
2026-01-01T02:48:11Z,leak,NORMAL,8525.9,39.9,89.54,78.63,15.06,15.0,26.93,50.01,0,0,0,0,0
2026-01-01T02:48:12Z,leak,NORMAL,8519.5,40.0,90.02,79.8,15.04,14.92,26.77,50.05,0,0,0,0,0
2026-01-01T02:48:13Z,leak,NORMAL,8533.5,40.01,89.8,79.7,14.82,14.83,26.8,49.91,0,0,0,0,0
2026-01-01T02:48:14Z,leak,NORMAL,8531.7,40.06,90.82,80.41,14.96,15.19,26.8,50.01,0,0,0,0,0
2026-01-01T02:48:15Z,leak,NORMAL,8540.7,40.15,89.98,80.2,15.13,15.04,26.54,50.07,0,0,0,0,0
2026-01-01T02:48:16Z,leak,NORMAL,8545.5,40.13,90.46,79.99,14.91,14.96,26.82,49.96,0,0,0,0,0
2026-01-01T02:48:17Z,leak,NORMAL,8506.0,40.31,89.78,80.12,15.22,15.11,26.64,49.98,0,0,0,0,0
2026-01-01T02:48:18Z,leak,NORMAL,8543.1,40.24,90.45,80.53,15.14,14.99,26.76,50.05,0,0,0,0,0
2026-01-01T02:48:19Z,leak,NORMAL,8531.1,39.54,90.22,80.63,14.99,15.25,26.77,50.03,0,0,0,0,0
2026-01-01T02:48:20Z,leak,NORMAL,8528.0,39.77,90.54,80.56,15.16,14.97,26.79,50.0,0,0,0,0,0
2026-01-01T02:48:21Z,leak,NORMAL,8547.6,39.97,90.91,81.04,15.03,15.09,26.52,49.9,0,0,0,0,0
2026-01-01T02:48:22Z,leak,NORMAL,8534.9,39.84,90.99,80.73,15.05,14.9,26.51,50.03,0,0,0,0,0
2026-01-01T02:48:23Z,leak,NORMAL,8546.9,39.82,89.47,80.74,15.01,14.97,26.86,49.93,0,0,0,0,0
2026-01-01T02:48:24Z,leak,NORMAL,8541.0,39.37,90.67,79.76,14.97,14.78,26.57,49.97,0,0,0,0,0
2026-01-01T02:48:25Z,leak,NORMAL,8535.9,39.89,89.62,79.72,15.34,15.16,26.63,50.11,0,0,0,0,0
2026-01-01T02:48:26Z,leak,NORMAL,8542.4,39.85,89.73,80.18,14.77,14.95,26.73,49.95,0,0,0,0,0
2026-01-01T02:48:27Z,leak,NORMAL,8546.7,40.0,90.98,79.77,15.1,14.84,26.91,49.96,0,0,0,0,0
2026-01-01T02:48:28Z,leak,NORMAL,8559.5,39.86,90.26,80.05,14.86,14.95,26.73,49.99,0,0,0,0,0
2026-01-01T02:48:29Z,leak,NORMAL,8540.6,39.92,90.84,80.05,15.05,14.97,26.72,49.94,0,0,0,0,0
2026-01-01T02:48:30Z,leak,NORMAL,8562.3,40.1,90.13,79.72,14.98,15.01,26.68,49.97,0,0,0,0,0
2026-01-01T02:48:31Z,leak,NORMAL,8559.0,39.82,90.61,80.73,14.9,15.01,26.66,49.95,0,0,0,0,0
2026-01-01T02:48:32Z,leak,NORMAL,8547.7,39.97,90.43,80.51,14.83,14.86,26.81,49.96,0,0,0,0,0
2026-01-01T02:48:33Z,leak,NORMAL,8572.5,40.28,89.83,80.46,14.82,15.04,26.64,50.05,0,0,0,0,0
2026-01-01T02:48:34Z,leak,NORMAL,8547.5,40.3,90.29,79.62,15.01,15.03,26.55,50.01,0,0,0,0,0
2026-01-01T02:48:35Z,leak,NORMAL,8555.8,39.93,91.18,79.96,14.99,14.87,26.83,50.02,0,0,0,0,0
2026-01-01T02:48:36Z,leak,NORMAL,8561.3,39.86,91.04,80.07,14.94,14.88,26.68,50.05,0,0,0,0,0
2026-01-01T02:48:37Z,leak,NORMAL,8531.0,40.15,90.38,80.14,15.13,14.89,26.64,50.02,0,0,0,0,0
2026-01-01T02:48:38Z,leak,NORMAL,8549.8,39.76,90.34,79.66,15.08,14.89,26.71,49.96,0,0,0,0,0
2026-01-01T02:48:39Z,leak,NORMAL,8562.7,40.07,90.72,80.09,15.11,15.05,26.57,49.94,0,0,0,0,0
2026-01-01T02:48:40Z,leak,NORMAL,8557.7,39.83,91.05,80.31,14.93,14.98,26.48,49.96,0,0,0,0,0
2026-01-01T02:48:41Z,leak,NORMAL,8547.1,39.76,91.34,80.18,14.82,14.86,26.67,50.01,0,0,0,0,0
2026-01-01T02:48:42Z,leak,NORMAL,8544.1,39.79,91.39,79.67,15.06,15.26,26.67,49.97,0,0,0,0,0
2026-01-01T02:48:43Z,leak,NORMAL,8557.7,39.88,89.96,80.17,15.02,14.99,26.58,50.06,0,0,0,0,0
2026-01-01T02:48:44Z,leak,NORMAL,8560.7,40.32,91.0,80.01,14.76,15.09,26.73,50.04,0,0,0,0,0
2026-01-01T02:48:45Z,leak,NORMAL,8551.5,39.95,90.22,80.63,15.03,14.97,26.67,50.0,0,0,0,0,0
2026-01-01T02:48:46Z,leak,NORMAL,8572.0,39.9,90.32,80.49,15.16,14.92,26.64,50.03,0,0,0,0,0
2026-01-01T02:48:47Z,leak,NORMAL,8555.2,39.98,90.31,80.61,15.05,15.06,26.67,50.03,0,0,0,0,0
2026-01-01T02:48:48Z,leak,NORMAL,8566.2,39.94,90.12,79.91,15.04,14.73,26.54,50.02,0,0,0,0,0
2026-01-01T02:48:49Z,leak,NORMAL,8562.6,40.17,89.76,81.32,14.76,15.08,26.63,49.89,0,0,0,0,0
2026-01-01T02:48:50Z,leak,NORMAL,8562.9,39.91,90.14,80.44,14.88,15.04,26.73,49.91,0,0,0,0,0
2026-01-01T02:48:51Z,leak,NORMAL,8571.4,39.9,90.62,80.63,15.02,14.79,26.71,50.04,0,0,0,0,0
2026-01-01T02:48:52Z,leak,NORMAL,8567.3,40.06,90.47,79.99,15.09,14.77,26.49,49.99,0,0,0,0,0
2026-01-01T02:48:53Z,leak,NORMAL,8558.5,39.81,90.18,80.31,15.06,14.9,26.58,50.1,0,0,0,0,0
2026-01-01T02:48:54Z,leak,NORMAL,8575.4,40.01,90.97,80.37,15.05,14.92,26.46,49.93,0,0,0,0,0
2026-01-01T02:48:55Z,leak,NORMAL,8568.6,40.0,90.81,80.65,15.03,14.97,26.6,49.99,0,0,0,0,0
2026-01-01T02:48:56Z,leak,NORMAL,8584.2,39.97,90.95,80.13,14.93,14.9,26.5,49.94,0,0,0,0,0
2026-01-01T02:48:57Z,leak,NORMAL,8564.8,40.2,90.08,81.11,15.17,14.97,26.66,49.96,0,0,0,0,0
2026-01-01T02:48:58Z,leak,NORMAL,8545.2,39.93,90.47,81.32,15.02,14.84,26.47,50.02,0,0,0,0,0
2026-01-01T02:48:59Z,leak,NORMAL,8562.1,40.21,89.97,80.62,14.96,15.09,26.58,49.95,0,0,0,0,0
2026-01-01T02:49:00Z,leak,NORMAL,8576.0,39.64,90.35,81.34,14.87,15.0,26.51,50.01,0,0,0,0,0
2026-01-01T02:49:01Z,leak,NORMAL,8571.2,39.92,90.25,80.62,14.81,15.06,26.57,50.12,0,0,0,0,0
2026-01-01T02:49:02Z,leak,NORMAL,8567.1,39.63,90.97,81.35,15.04,14.93,26.68,49.93,0,0,0,0,0
2026-01-01T02:49:03Z,leak,NORMAL,8562.4,39.64,90.78,80.84,15.04,14.94,26.44,49.97,0,0,0,0,0
2026-01-01T02:49:04Z,leak,NORMAL,8575.1,39.93,90.37,79.96,15.03,14.79,26.49,49.95,0,0,0,0,0
2026-01-01T02:49:05Z,leak,NORMAL,8560.3,39.8,90.77,81.02,14.95,15.06,26.47,50.07,0,0,0,0,0
2026-01-01T02:49:06Z,leak,NORMAL,8576.8,39.72,90.41,81.34,15.14,15.14,26.33,50.0,0,0,0,0,0
2026-01-01T02:49:07Z,leak,NORMAL,8589.4,40.06,90.23,79.86,15.26,15.18,26.4,49.95,0,0,0,0,0
2026-01-01T02:49:08Z,leak,NORMAL,8577.7,39.94,90.18,80.33,15.0,14.96,26.52,49.96,0,0,0,0,0
2026-01-01T02:49:09Z,leak,NORMAL,8582.8,40.08,90.87,79.99,14.91,15.18,26.39,49.96,0,0,0,0,0
2026-01-01T02:49:10Z,leak,NORMAL,8589.2,39.89,90.77,80.04,15.11,14.87,26.52,49.99,0,0,0,0,0
2026-01-01T02:49:11Z,leak,NORMAL,8563.2,39.87,91.33,80.5,14.98,15.25,26.42,50.06,0,0,0,0,0
2026-01-01T02:49:12Z,leak,NORMAL,8572.8,39.6,91.05,81.06,15.08,14.99,26.5,49.92,0,0,0,0,0
2026-01-01T02:49:13Z,leak,NORMAL,8573.9,39.96,91.36,80.29,15.15,14.92,26.41,50.09,0,0,0,0,0
2026-01-01T02:49:14Z,leak,NORMAL,8590.7,40.02,91.16,80.93,14.99,15.0,26.33,50.11,0,0,0,0,0
2026-01-01T02:49:15Z,leak,NORMAL,8572.4,40.13,90.89,81.28,14.97,15.24,26.66,50.05,0,0,0,0,0
2026-01-01T02:49:16Z,leak,NORMAL,8578.4,39.93,90.68,81.31,14.93,15.02,26.48,49.96,0,0,0,0,0
2026-01-01T02:49:17Z,leak,NORMAL,8600.5,40.41,91.62,79.96,15.0,14.92,26.27,49.99,0,0,0,0,0
2026-01-01T02:49:18Z,leak,NORMAL,8601.8,40.05,90.59,80.14,14.85,14.95,26.29,50.02,0,0,0,0,0
2026-01-01T02:49:19Z,leak,NORMAL,8569.4,40.04,90.64,80.76,14.79,14.89,26.35,49.91,0,0,0,0,0
2026-01-01T02:49:20Z,leak,NORMAL,8588.2,39.31,90.32,81.19,15.06,14.86,26.73,50.01,0,0,0,0,0
2026-01-01T02:49:21Z,leak,NORMAL,8583.8,39.82,91.29,80.92,15.13,14.85,26.38,50.02,0,0,0,0,0
2026-01-01T02:49:22Z,leak,NORMAL,8587.0,39.96,91.1,79.83,14.96,14.95,26.47,50.0,0,0,0,0,0
2026-01-01T02:49:23Z,leak,NORMAL,8602.5,40.01,91.02,80.01,14.96,14.99,26.53,50.06,0,0,0,0,0
2026-01-01T02:49:24Z,leak,NORMAL,8587.0,40.11,90.03,81.08,14.94,15.14,26.49,50.09,0,0,0,0,0
2026-01-01T02:49:25Z,leak,NORMAL,8592.0,39.81,91.75,80.05,15.02,14.99,26.46,49.97,0,0,0,0,0
2026-01-01T02:49:26Z,leak,NORMAL,8594.8,40.22,90.82,81.04,14.85,15.09,26.48,49.96,0,0,0,0,0
2026-01-01T02:49:27Z,leak,NORMAL,8584.7,39.66,90.59,80.26,14.96,14.93,26.35,49.98,0,0,0,0,0
2026-01-01T02:49:28Z,leak,NORMAL,8586.9,39.95,90.81,81.02,14.96,14.97,26.42,50.04,0,0,0,0,0
2026-01-01T02:49:29Z,leak,NORMAL,8585.5,39.9,91.52,80.59,14.98,15.16,26.22,50.01,0,0,0,0,0
2026-01-01T02:49:30Z,leak,NORMAL,8584.0,39.95,91.56,80.2,14.83,15.07,26.45,50.05,0,0,0,0,0
2026-01-01T02:49:31Z,leak,NORMAL,8593.8,39.93,90.62,80.67,14.85,15.06,26.4,49.92,0,0,0,0,0
2026-01-01T02:49:32Z,leak,NORMAL,8601.5,40.27,91.86,80.16,14.95,15.26,26.36,50.03,0,0,0,0,0
2026-01-01T02:49:33Z,leak,NORMAL,8564.7,40.08,91.59,80.42,14.99,14.99,26.42,50.0,0,0,0,0,0
2026-01-01T02:49:34Z,leak,NORMAL,8585.8,40.07,90.72,80.31,15.05,15.12,26.47,50.03,0,0,0,0,0
2026-01-01T02:49:35Z,leak,NORMAL,8574.9,39.88,90.91,81.01,15.1,14.87,26.61,49.99,0,0,0,0,0
2026-01-01T02:49:36Z,leak,NORMAL,8605.8,39.9,91.1,81.24,15.08,14.9,26.27,49.95,0,0,0,0,0
2026-01-01T02:49:37Z,leak,NORMAL,8584.8,39.8,90.83,80.41,15.11,14.93,26.52,50.05,0,0,0,0,0
2026-01-01T02:49:38Z,leak,NORMAL,8577.9,40.26,90.7,80.67,15.04,14.95,26.48,50.02,0,0,0,0,0
2026-01-01T02:49:39Z,leak,NORMAL,8587.4,40.1,90.62,80.17,15.06,15.01,26.41,50.02,0,0,0,0,0
2026-01-01T02:49:40Z,leak,NORMAL,8588.6,40.38,90.71,80.36,15.2,14.86,26.25,49.95,0,0,0,0,0
2026-01-01T02:49:41Z,leak,NORMAL,8591.4,39.78,90.06,80.68,15.02,15.08,26.5,49.92,0,0,0,0,0
2026-01-01T02:49:42Z,leak,NORMAL,8584.0,40.11,91.87,81.12,15.07,14.87,26.46,49.99,0,0,0,0,0
2026-01-01T02:49:43Z,leak,NORMAL,8598.8,40.22,91.01,81.29,14.88,14.97,26.26,50.05,0,0,0,0,0
2026-01-01T02:49:44Z,leak,NORMAL,8584.5,40.22,91.39,81.1,14.93,15.04,26.44,49.99,0,0,0,0,0
2026-01-01T02:49:45Z,leak,NORMAL,8585.9,39.58,91.28,80.48,14.99,14.97,26.35,50.1,0,0,0,0,0
2026-01-01T02:49:46Z,leak,NORMAL,8584.6,39.84,90.64,81.14,15.22,15.07,26.51,49.99,0,0,0,0,0
2026-01-01T02:49:47Z,leak,NORMAL,8601.3,39.85,90.56,81.27,15.11,14.96,26.43,50.03,0,0,0,0,0
2026-01-01T02:49:48Z,leak,NORMAL,8582.6,39.91,90.04,80.44,14.93,14.89,26.47,50.03,0,0,0,0,0
2026-01-01T02:49:49Z,leak,NORMAL,8606.8,39.91,91.52,80.83,15.11,15.09,26.32,49.98,0,0,0,0,0
2026-01-01T02:49:50Z,leak,NORMAL,8602.3,40.12,91.17,80.43,14.88,14.96,26.47,50.09,0,0,0,0,0
2026-01-01T02:49:51Z,leak,NORMAL,8597.2,40.22,92.05,81.68,14.91,14.87,26.29,49.96,0,0,0,0,0
2026-01-01T02:49:52Z,leak,NORMAL,8606.1,40.11,89.99,81.29,14.97,15.03,26.25,49.99,0,0,0,0,0
2026-01-01T02:49:53Z,leak,NORMAL,8578.2,40.05,90.94,81.1,15.01,14.99,26.41,49.96,0,0,0,0,0
2026-01-01T02:49:54Z,leak,NORMAL,8605.1,40.08,91.65,80.09,14.86,15.17,26.29,50.09,0,0,0,0,0
2026-01-01T02:49:55Z,leak,NORMAL,8587.7,40.38,92.41,80.38,14.97,15.06,26.29,49.95,0,0,0,0,0
2026-01-01T02:49:56Z,leak,NORMAL,8596.8,40.08,91.82,80.01,14.83,15.05,26.29,49.99,0,0,0,0,0
2026-01-01T02:49:57Z,leak,NORMAL,8622.9,40.17,91.29,80.29,14.97,15.14,26.09,50.03,0,0,0,0,0
2026-01-01T02:49:58Z,leak,NORMAL,8619.7,39.93,90.81,80.81,14.98,15.0,26.26,49.92,0,0,0,0,0
2026-01-01T02:49:59Z,leak,NORMAL,8589.1,39.89,91.25,81.74,14.94,14.94,26.3,50.04,0,0,0,0,0
2026-01-01T02:50:00Z,leak,NORMAL,8601.2,40.09,91.51,81.18,14.96,14.93,26.34,50.01,0,0,0,0,0
2026-01-01T02:50:01Z,leak,NORMAL,8607.5,39.92,91.48,80.19,14.71,15.02,26.1,49.95,0,0,0,0,0
2026-01-01T02:50:02Z,leak,NORMAL,8602.1,39.97,91.24,81.68,15.04,15.14,26.42,49.95,0,0,0,0,0
2026-01-01T02:50:03Z,leak,NORMAL,8612.2,39.94,91.46,80.68,15.13,15.04,26.45,49.96,0,0,0,0,0
2026-01-01T02:50:04Z,leak,NORMAL,8599.8,40.22,91.56,81.45,14.97,15.03,26.27,49.97,0,0,0,0,0
2026-01-01T02:50:05Z,leak,NORMAL,8603.6,39.85,90.85,80.97,15.13,14.97,26.2,50.03,0,0,0,0,0
2026-01-01T02:50:06Z,leak,NORMAL,8606.2,40.2,91.26,81.4,14.84,15.07,26.3,50.01,0,0,0,0,0
2026-01-01T02:50:07Z,leak,NORMAL,8613.5,40.06,91.55,81.26,14.87,14.98,26.24,50.08,0,0,0,0,0
2026-01-01T02:50:08Z,leak,NORMAL,8603.0,39.8,90.75,80.81,14.81,14.99,26.31,50.0,0,0,0,0,0
2026-01-01T02:50:09Z,leak,NORMAL,8594.3,39.89,90.79,81.11,14.91,14.95,26.34,49.97,0,0,0,0,0
2026-01-01T02:50:10Z,leak,NORMAL,8594.0,39.81,91.88,80.55,15.17,15.0,26.33,49.94,0,0,0,0,0
2026-01-01T02:50:11Z,leak,NORMAL,8622.8,39.82,91.29,80.54,15.02,14.79,26.29,50.01,0,0,0,0,0
2026-01-01T02:50:12Z,leak,NORMAL,8607.2,39.89,90.61,81.34,15.02,14.94,26.14,50.14,0,0,0,0,0
2026-01-01T02:50:13Z,leak,NORMAL,8587.9,40.07,91.66,81.33,14.98,15.04,26.25,50.0,0,0,0,0,0
2026-01-01T02:50:14Z,leak,NORMAL,8597.2,39.88,90.7,81.23,14.99,14.91,26.09,50.08,0,0,0,0,0
2026-01-01T02:50:15Z,leak,NORMAL,8597.1,40.03,90.75,80.85,14.93,14.97,26.19,49.91,0,0,0,0,0
2026-01-01T02:50:16Z,leak,NORMAL,8594.0,39.74,90.92,80.35,15.0,15.01,26.33,49.91,0,0,0,0,0
2026-01-01T02:50:17Z,leak,NORMAL,8610.6,39.97,90.8,80.06,14.84,15.05,26.34,49.92,0,0,0,0,0
2026-01-01T02:50:18Z,leak,NORMAL,8592.8,40.09,91.33,81.08,15.06,14.87,26.07,50.08,0,0,0,0,0
2026-01-01T02:50:19Z,leak,NORMAL,8622.1,40.15,91.7,80.84,15.03,15.03,26.06,50.04,0,0,0,0,0
2026-01-01T02:50:20Z,leak,NORMAL,8611.6,39.94,91.4,80.55,14.96,14.95,26.13,49.94,0,0,0,0,0
2026-01-01T02:50:21Z,leak,NORMAL,8592.4,40.14,91.15,80.81,15.2,15.01,26.3,50.03,0,0,0,0,0
2026-01-01T02:50:22Z,leak,NORMAL,8597.4,39.85,90.83,80.77,14.93,14.88,26.33,49.9,0,0,0,0,0
2026-01-01T02:50:23Z,leak,NORMAL,8584.1,39.98,91.8,80.01,14.8,14.96,26.15,50.03,0,0,0,0,0
2026-01-01T02:50:24Z,leak,NORMAL,8574.4,40.02,90.92,80.56,15.19,15.08,26.23,50.0,0,0,0,0,0
2026-01-01T02:50:25Z,leak,NORMAL,8596.9,40.17,91.48,80.75,14.94,14.82,26.06,50.0,0,0,0,0,0
2026-01-01T02:50:26Z,leak,NORMAL,8588.4,39.94,89.9,80.26,15.05,14.95,26.13,49.89,0,0,0,0,0
2026-01-01T02:50:27Z,leak,NORMAL,8586.6,39.96,90.16,80.51,15.05,15.01,26.07,50.05,0,0,0,0,0
2026-01-01T02:50:28Z,leak,NORMAL,8598.1,39.8,91.31,80.28,14.99,15.13,26.1,49.99,0,0,0,0,0
2026-01-01T02:50:29Z,leak,NORMAL,8612.1,40.07,91.62,80.63,14.92,15.04,26.12,50.03,0,0,0,0,0
2026-01-01T02:50:30Z,leak,NORMAL,8594.6,40.09,90.77,79.81,14.85,15.05,26.17,49.98,0,0,0,0,0
2026-01-01T02:50:31Z,leak,NORMAL,8588.1,40.48,90.84,80.41,14.89,14.95,26.33,50.03,0,0,0,0,0
2026-01-01T02:50:32Z,leak,NORMAL,8578.8,40.06,91.22,81.19,14.77,14.99,26.08,49.98,0,0,0,0,0
2026-01-01T02:50:33Z,leak,NORMAL,8602.3,39.98,91.44,80.82,15.18,14.91,26.07,49.92,0,0,0,0,0
2026-01-01T02:50:34Z,leak,NORMAL,8589.6,39.86,90.48,81.47,15.0,15.05,26.12,49.97,0,0,0,0,0
2026-01-01T02:50:35Z,leak,NORMAL,8618.6,40.13,91.21,80.08,14.93,14.93,26.2,50.06,0,0,0,0,0
2026-01-01T02:50:36Z,leak,NORMAL,8591.0,39.97,91.04,80.87,14.84,14.93,26.2,50.0,0,0,0,0,0
2026-01-01T02:50:37Z,leak,NORMAL,8598.9,40.19,91.05,81.44,14.92,14.97,26.24,49.97,0,0,0,0,0
2026-01-01T02:50:38Z,leak,NORMAL,8602.9,40.13,91.61,80.9,14.82,15.0,26.16,50.05,0,0,0,0,0
2026-01-01T02:50:39Z,leak,NORMAL,8575.3,40.28,90.5,81.62,15.09,15.01,26.15,50.03,0,0,0,0,0
2026-01-01T02:50:40Z,leak,NORMAL,8604.1,39.9,90.84,81.71,14.97,15.08,26.08,50.05,0,0,0,0,0
2026-01-01T02:50:41Z,leak,NORMAL,8601.1,40.12,91.01,81.15,14.84,15.21,26.1,49.96,0,0,0,0,0
2026-01-01T02:50:42Z,leak,NORMAL,8586.7,39.71,90.04,82.02,15.03,14.88,26.14,50.07,0,0,0,0,0
2026-01-01T02:50:43Z,leak,NORMAL,8591.1,39.86,90.79,80.67,14.88,15.18,26.01,49.95,0,0,0,0,0
2026-01-01T02:50:44Z,leak,NORMAL,8603.9,39.75,90.88,81.29,14.97,15.09,26.01,49.92,0,0,0,0,0
2026-01-01T02:50:45Z,leak,NORMAL,8586.4,40.34,90.92,81.02,15.1,15.19,26.06,50.02,0,0,0,0,0
2026-01-01T02:50:46Z,leak,NORMAL,8600.7,40.0,91.06,80.69,15.0,14.91,26.18,50.0,0,0,0,0,0
2026-01-01T02:50:47Z,leak,NORMAL,8602.8,40.0,89.81,81.19,15.14,15.11,25.95,49.99,0,0,0,0,0
2026-01-01T02:50:48Z,leak,NORMAL,8593.9,40.07,90.56,81.66,14.91,15.1,26.05,49.94,0,0,0,0,0
2026-01-01T02:50:49Z,leak,NORMAL,8615.9,39.77,92.47,80.47,14.88,15.02,26.09,49.94,0,0,0,0,0
2026-01-01T02:50:50Z,leak,NORMAL,8582.7,40.24,90.89,81.26,14.97,14.93,25.96,49.98,0,0,0,0,0
2026-01-01T02:50:51Z,leak,NORMAL,8594.4,39.52,90.53,80.44,14.98,14.96,26.14,50.08,0,0,0,0,0
2026-01-01T02:50:52Z,leak,NORMAL,8585.8,39.7,90.56,81.47,14.93,14.95,25.97,50.04,0,0,0,0,0
2026-01-01T02:50:53Z,leak,NORMAL,8596.8,39.52,90.73,82.05,15.04,15.02,26.22,49.93,0,0,0,0,0
2026-01-01T02:50:54Z,leak,NORMAL,8593.7,40.18,91.23,80.92,14.89,15.02,26.17,49.95,0,0,0,0,0
2026-01-01T02:50:55Z,leak,NORMAL,8572.9,40.01,91.33,81.65,15.03,15.05,25.92,50.08,0,0,0,0,0
2026-01-01T02:50:56Z,leak,NORMAL,8590.3,40.14,90.73,80.78,14.82,14.77,25.89,50.02,0,0,0,0,0
2026-01-01T02:50:57Z,leak,NORMAL,8597.6,39.8,91.72,81.03,14.93,14.9,26.06,49.96,0,0,0,0,0
2026-01-01T02:50:58Z,leak,NORMAL,8603.4,40.23,90.78,80.85,14.96,15.02,25.91,49.98,0,0,0,0,0
2026-01-01T02:50:59Z,leak,NORMAL,8611.1,39.85,91.58,81.81,15.09,15.03,25.89,49.93,0,0,0,0,0
2026-01-01T02:51:00Z,leak,NORMAL,8589.4,39.89,90.55,81.32,14.97,15.0,26.06,49.9,0,0,0,0,0
2026-01-01T02:51:01Z,leak,NORMAL,8576.4,40.21,91.32,81.59,14.88,15.13,25.8,49.98,0,0,0,0,0
2026-01-01T02:51:02Z,leak,NORMAL,8587.6,39.96,91.21,81.19,15.1,15.05,26.04,49.91,0,0,0,0,0
2026-01-01T02:51:03Z,leak,NORMAL,8583.0,40.07,91.62,80.42,15.13,15.08,25.98,50.04,0,0,0,0,0
2026-01-01T02:51:04Z,leak,NORMAL,8588.1,40.02,90.34,80.93,15.14,15.14,25.84,50.0,0,0,0,0,0
2026-01-01T02:51:05Z,leak,NORMAL,8577.1,40.03,91.09,81.92,15.02,14.93,25.94,50.07,0,0,0,0,0
2026-01-01T02:51:06Z,leak,NORMAL,8604.2,40.24,91.73,81.22,15.0,14.85,25.95,49.98,0,0,0,0,0
2026-01-01T02:51:07Z,leak,NORMAL,8590.7,39.93,90.92,81.13,15.1,14.96,25.91,50.1,0,0,0,0,0
2026-01-01T02:51:08Z,leak,NORMAL,8597.0,39.79,90.5,80.93,15.07,14.97,25.98,50.0,0,0,0,0,0
2026-01-01T02:51:09Z,leak,NORMAL,8582.8,39.71,91.08,80.27,15.09,14.92,25.96,49.99,0,0,0,0,0
2026-01-01T02:51:10Z,leak,NORMAL,8591.1,39.8,91.18,80.81,15.05,14.88,26.05,50.05,0,0,0,0,0
2026-01-01T02:51:11Z,leak,NORMAL,8584.1,40.15,91.32,80.94,14.85,15.09,26.07,50.01,0,0,0,0,0
2026-01-01T02:51:12Z,leak,NORMAL,8603.7,39.89,90.7,80.77,15.13,14.98,26.09,50.01,0,0,0,0,0
2026-01-01T02:51:13Z,leak,NORMAL,8598.9,40.11,90.02,81.63,14.81,15.09,25.78,49.93,0,0,0,0,0
2026-01-01T02:51:14Z,leak,NORMAL,8571.2,40.31,90.92,82.25,14.94,15.1,25.91,49.98,0,0,0,0,0
2026-01-01T02:51:15Z,leak,NORMAL,8587.0,40.02,91.7,82.09,14.94,15.07,25.76,50.08,0,0,0,0,0
2026-01-01T02:51:16Z,leak,NORMAL,8604.4,39.64,91.31,80.55,15.05,15.07,25.88,50.05,0,0,0,0,0
2026-01-01T02:51:17Z,leak,NORMAL,8587.4,39.86,92.36,81.05,15.1,15.27,25.87,49.96,0,0,0,0,0
2026-01-01T02:51:18Z,leak,NORMAL,8572.4,39.83,91.14,80.8,14.97,15.18,25.79,49.93,0,0,0,0,0
2026-01-01T02:51:19Z,leak,NORMAL,8584.5,40.08,91.08,80.44,14.96,15.09,25.88,49.9,0,0,0,0,0
2026-01-01T02:51:20Z,leak,NORMAL,8593.5,40.01,90.26,80.76,14.93,15.02,25.82,49.98,0,0,0,0,0
2026-01-01T02:51:21Z,leak,NORMAL,8579.1,40.03,90.68,80.96,14.98,15.13,25.79,49.95,0,0,0,0,0
2026-01-01T02:51:22Z,leak,NORMAL,8581.3,39.95,90.79,81.84,15.18,14.98,25.7,49.95,0,0,0,0,0
2026-01-01T02:51:23Z,leak,NORMAL,8585.2,39.82,91.41,81.31,14.86,14.98,25.69,49.92,0,0,0,0,0
2026-01-01T02:51:24Z,leak,NORMAL,8569.2,39.86,91.61,80.91,15.03,15.09,25.62,49.93,0,0,0,0,0
2026-01-01T02:51:25Z,leak,NORMAL,8591.6,40.03,89.8,80.93,14.93,15.13,25.79,50.04,0,0,0,0,0
2026-01-01T02:51:26Z,leak,NORMAL,8590.3,40.17,90.21,80.61,15.05,15.08,25.78,50.04,0,0,0,0,0
2026-01-01T02:51:27Z,leak,NORMAL,8556.0,39.97,91.92,81.89,14.88,14.97,25.67,49.96,0,0,0,0,0
2026-01-01T02:51:28Z,leak,NORMAL,8555.4,39.93,90.86,80.57,14.99,14.95,25.82,49.98,0,0,0,0,0
2026-01-01T02:51:29Z,leak,NORMAL,8561.7,40.06,90.71,80.69,15.03,15.09,25.88,50.05,0,0,0,0,0
2026-01-01T02:51:30Z,leak,NORMAL,8595.9,39.68,90.83,80.86,15.01,14.93,25.8,50.05,0,0,0,0,0
2026-01-01T02:51:31Z,leak,NORMAL,8593.4,39.94,90.38,81.37,14.98,14.88,25.57,49.97,0,0,0,0,0
2026-01-01T02:51:32Z,leak,NORMAL,8575.8,39.75,90.26,81.57,14.97,14.92,25.72,50.02,0,0,0,0,0
2026-01-01T02:51:33Z,leak,NORMAL,8557.3,39.94,91.55,81.22,14.96,14.94,25.8,49.95,0,0,0,0,0
2026-01-01T02:51:34Z,leak,NORMAL,8563.4,39.85,91.54,80.99,15.0,15.15,25.83,49.95,0,0,0,0,0
2026-01-01T02:51:35Z,leak,NORMAL,8579.6,39.79,90.77,80.76,14.76,15.14,25.74,49.98,0,0,0,0,0
2026-01-01T02:51:36Z,leak,NORMAL,8553.4,40.16,91.13,80.84,15.0,14.93,25.7,49.99,0,0,0,0,0
2026-01-01T02:51:37Z,leak,NORMAL,8570.8,39.94,90.41,80.3,14.89,15.08,25.68,49.96,0,0,0,0,0
2026-01-01T02:51:38Z,leak,NORMAL,8567.2,39.84,91.11,81.65,15.04,14.97,25.7,49.98,0,0,0,0,0
2026-01-01T02:51:39Z,leak,NORMAL,8571.7,40.02,91.5,80.08,14.93,15.04,25.67,50.04,0,0,0,0,0
2026-01-01T02:51:40Z,leak,NORMAL,8578.6,39.58,90.25,82.21,14.93,14.99,25.62,50.07,0,0,0,0,0
2026-01-01T02:51:41Z,leak,NORMAL,8575.9,39.82,91.12,79.86,14.97,15.13,25.95,50.01,0,0,0,0,0
2026-01-01T02:51:42Z,leak,NORMAL,8572.3,39.89,90.98,80.7,15.05,15.09,25.8,50.1,0,0,0,0,0
2026-01-01T02:51:43Z,leak,NORMAL,8568.0,40.06,90.24,80.71,15.02,15.07,25.68,49.98,0,0,0,0,0
2026-01-01T02:51:44Z,leak,NORMAL,8550.0,40.12,91.05,80.41,14.96,15.11,25.8,49.95,0,0,0,0,0
2026-01-01T02:51:45Z,leak,NORMAL,8553.6,39.69,90.22,80.69,14.99,15.07,25.74,49.95,0,0,0,0,0
2026-01-01T02:51:46Z,leak,NORMAL,8551.6,40.09,90.91,80.83,15.04,15.1,25.87,50.01,0,0,0,0,0
2026-01-01T02:51:47Z,leak,NORMAL,8562.2,40.13,90.79,81.5,14.98,14.8,25.69,49.93,0,0,0,0,0
2026-01-01T02:51:48Z,leak,NORMAL,8559.7,40.01,90.86,80.07,15.14,15.09,25.82,49.98,0,0,0,0,0
2026-01-01T02:51:49Z,leak,NORMAL,8542.7,39.87,90.16,80.86,14.99,15.05,25.6,49.99,0,0,0,0,0
2026-01-01T02:51:50Z,leak,NORMAL,8561.2,40.14,91.12,80.42,15.0,14.85,25.82,50.02,0,0,0,0,0
2026-01-01T02:51:51Z,leak,NORMAL,8572.9,40.2,91.48,80.57,15.08,14.97,25.6,50.03,0,0,0,0,0
2026-01-01T02:51:52Z,leak,NORMAL,8563.5,39.72,90.72,81.65,15.11,14.97,25.6,50.02,0,0,0,0,0
2026-01-01T02:51:53Z,leak,NORMAL,8563.3,40.04,90.83,79.97,15.12,15.22,25.72,50.03,0,0,0,0,0
2026-01-01T02:51:54Z,leak,NORMAL,8566.0,39.74,91.29,80.98,14.94,15.17,25.59,50.05,0,0,0,0,0
2026-01-01T02:51:55Z,leak,NORMAL,8555.3,39.75,90.14,81.1,15.08,14.97,25.5,50.02,0,0,0,0,0
2026-01-01T02:51:56Z,leak,NORMAL,8557.9,39.7,90.23,80.96,15.08,15.02,25.58,50.05,0,0,0,0,0
2026-01-01T02:51:57Z,leak,NORMAL,8553.5,39.96,90.49,81.1,14.95,15.11,25.55,49.96,0,0,0,0,0
2026-01-01T02:51:58Z,leak,NORMAL,8550.0,40.23,90.34,80.27,15.05,14.88,25.7,49.97,0,0,0,0,0
2026-01-01T02:51:59Z,leak,NORMAL,8555.1,40.05,90.36,81.63,14.93,14.88,25.66,50.03,0,0,0,0,0
2026-01-01T02:52:00Z,leak,NORMAL,8569.2,39.88,90.57,80.54,15.02,14.99,25.89,49.97,0,0,0,0,0
2026-01-01T02:52:01Z,leak,NORMAL,8571.8,39.94,90.01,80.86,14.87,15.0,25.72,49.91,0,0,0,0,0
2026-01-01T02:52:02Z,leak,NORMAL,8536.1,39.95,91.04,80.52,15.09,14.92,25.58,49.96,0,0,0,0,0
2026-01-01T02:52:03Z,leak,NORMAL,8532.0,39.81,90.06,80.45,14.99,14.98,25.51,50.05,0,0,0,0,0
2026-01-01T02:52:04Z,leak,NORMAL,8541.3,39.94,90.79,80.77,15.25,15.19,25.57,50.07,0,0,0,0,0
2026-01-01T02:52:05Z,leak,NORMAL,8544.7,40.1,90.52,81.19,15.12,15.06,25.53,50.0,0,0,0,0,0
2026-01-01T02:52:06Z,leak,NORMAL,8537.1,39.82,90.27,81.11,15.07,14.96,25.44,50.06,0,0,0,0,0
2026-01-01T02:52:07Z,leak,NORMAL,8532.2,39.76,91.4,80.57,15.14,15.11,25.47,50.02,0,0,0,0,0
2026-01-01T02:52:08Z,leak,NORMAL,8551.5,39.82,90.69,80.67,14.98,15.01,25.72,49.98,0,0,0,0,0
2026-01-01T02:52:09Z,leak,NORMAL,8555.4,40.29,90.98,79.85,14.87,15.14,25.61,49.98,0,0,0,0,0
2026-01-01T02:52:10Z,leak,NORMAL,8532.6,39.95,90.22,80.26,15.06,15.07,25.46,49.99,0,0,0,0,0
2026-01-01T02:52:11Z,leak,NORMAL,8535.6,39.81,90.15,80.6,14.92,14.93,25.55,49.95,0,0,0,0,0
2026-01-01T02:52:12Z,leak,NORMAL,8536.2,39.9,90.37,80.25,14.95,14.97,25.32,50.03,0,0,0,0,0
2026-01-01T02:52:13Z,leak,NORMAL,8528.7,40.08,89.4,80.77,14.89,15.21,25.56,49.99,0,0,0,0,0
2026-01-01T02:52:14Z,leak,NORMAL,8536.4,39.82,90.13,80.26,14.88,14.85,25.5,50.05,0,0,0,0,0
2026-01-01T02:52:15Z,leak,NORMAL,8548.5,39.76,90.79,80.2,15.07,14.98,25.57,50.08,0,0,0,0,0
2026-01-01T02:52:16Z,leak,NORMAL,8531.9,39.99,90.85,79.84,15.08,15.04,25.53,49.97,0,0,0,0,0
2026-01-01T02:52:17Z,leak,NORMAL,8536.8,39.9,90.8,80.47,15.11,14.99,25.44,50.17,0,0,0,0,0
2026-01-01T02:52:18Z,leak,NORMAL,8545.0,39.97,89.89,80.33,15.01,15.05,25.48,49.96,0,0,0,0,0
2026-01-01T02:52:19Z,leak,NORMAL,8519.1,39.78,90.58,80.68,15.11,14.94,25.58,50.0,0,0,0,0,0
2026-01-01T02:52:20Z,leak,NORMAL,8532.0,39.99,89.62,79.95,14.9,15.05,25.46,49.94,0,0,0,0,0
2026-01-01T02:52:21Z,leak,NORMAL,8540.3,40.22,90.38,80.36,14.94,15.13,25.34,49.93,0,0,0,0,0
2026-01-01T02:52:22Z,leak,NORMAL,8550.5,39.91,90.97,81.25,15.08,14.99,25.56,50.09,0,0,0,0,0
2026-01-01T02:52:23Z,leak,NORMAL,8515.0,39.8,91.01,80.3,15.11,14.78,25.53,50.02,0,0,0,0,0
2026-01-01T02:52:24Z,leak,NORMAL,8548.9,39.98,90.4,80.75,15.05,15.11,25.25,49.97,0,0,0,0,0
2026-01-01T02:52:25Z,leak,NORMAL,8521.9,39.75,91.0,80.56,14.97,15.08,25.4,50.05,0,0,0,0,0
2026-01-01T02:52:26Z,leak,NORMAL,8517.1,40.4,90.48,80.67,15.01,14.83,25.44,50.04,0,0,0,0,0
2026-01-01T02:52:27Z,leak,NORMAL,8538.1,39.53,90.46,80.52,15.06,15.0,25.23,49.96,0,0,0,0,0
2026-01-01T02:52:28Z,leak,NORMAL,8548.3,39.99,89.97,80.67,14.9,14.98,25.42,49.99,0,0,0,0,0
2026-01-01T02:52:29Z,leak,NORMAL,8536.1,40.09,90.88,80.23,15.03,15.11,25.44,50.1,0,0,0,0,0
2026-01-01T02:52:30Z,leak,NORMAL,8546.0,39.7,90.46,80.95,15.06,15.13,25.56,50.02,0,0,0,0,0
2026-01-01T02:52:31Z,leak,NORMAL,8521.8,40.22,90.48,81.09,15.2,15.15,25.35,50.07,0,0,0,0,0
2026-01-01T02:52:32Z,leak,NORMAL,8532.2,40.21,89.93,81.18,14.93,14.97,25.48,50.0,0,0,0,0,0
2026-01-01T02:52:33Z,leak,NORMAL,8517.7,40.34,90.31,79.79,14.99,14.84,25.36,50.03,0,0,0,0,0
2026-01-01T02:52:34Z,leak,NORMAL,8531.1,39.93,89.95,80.68,14.87,15.1,25.28,50.06,0,0,0,0,0
2026-01-01T02:52:35Z,leak,NORMAL,8523.9,40.04,90.27,80.38,15.02,15.16,25.34,50.02,0,0,0,0,0
2026-01-01T02:52:36Z,leak,NORMAL,8522.1,40.46,91.08,79.91,14.97,14.99,25.59,49.96,0,0,0,0,0
2026-01-01T02:52:37Z,leak,NORMAL,8522.2,40.14,89.71,81.12,14.92,14.88,25.37,49.99,0,0,0,0,0
2026-01-01T02:52:38Z,leak,NORMAL,8506.6,40.21,90.95,80.65,15.06,15.16,25.35,50.03,0,0,0,0,0
2026-01-01T02:52:39Z,leak,NORMAL,8503.2,40.13,91.09,80.33,15.02,15.12,25.51,49.95,0,0,0,0,0
2026-01-01T02:52:40Z,leak,NORMAL,8510.2,39.87,90.07,80.06,15.13,15.07,25.47,49.97,0,0,0,0,0
2026-01-01T02:52:41Z,leak,NORMAL,8530.7,40.11,90.13,80.67,15.13,15.1,25.38,50.06,0,0,0,0,0
2026-01-01T02:52:42Z,leak,NORMAL,8513.9,40.14,90.95,80.12,14.97,15.02,25.38,49.97,0,0,0,0,0
2026-01-01T02:52:43Z,leak,NORMAL,8505.9,39.62,90.26,79.75,14.91,14.97,25.47,49.96,0,0,0,0,0
2026-01-01T02:52:44Z,leak,NORMAL,8501.6,40.45,89.84,80.05,14.9,15.14,25.25,49.96,0,0,0,0,0
2026-01-01T02:52:45Z,leak,NORMAL,8511.8,39.98,90.39,80.35,15.04,15.02,25.32,50.01,0,0,0,0,0
2026-01-01T02:52:46Z,leak,NORMAL,8514.5,40.16,89.58,80.19,14.99,14.97,25.33,50.01,0,0,0,0,0
2026-01-01T02:52:47Z,leak,NORMAL,8495.7,39.86,89.62,80.4,15.1,14.92,25.29,50.0,0,0,0,0,0
2026-01-01T02:52:48Z,leak,NORMAL,8516.6,40.0,89.84,80.63,14.87,14.86,25.16,50.03,0,0,0,0,0
2026-01-01T02:52:49Z,leak,NORMAL,8503.8,39.98,89.42,80.03,14.94,15.04,25.21,50.05,0,0,0,0,0
2026-01-01T02:52:50Z,leak,NORMAL,8501.0,40.05,90.69,81.09,14.92,14.87,25.41,50.03,0,0,0,0,0
2026-01-01T02:52:51Z,leak,NORMAL,8511.5,39.99,88.99,80.62,15.09,14.86,25.23,49.91,0,0,0,0,0
2026-01-01T02:52:52Z,leak,NORMAL,8517.2,40.14,90.19,80.08,14.99,14.96,25.43,50.04,0,0,0,0,0
2026-01-01T02:52:53Z,leak,NORMAL,8477.8,39.85,89.77,80.35,15.05,14.96,25.27,50.03,0,0,0,0,0
2026-01-01T02:52:54Z,leak,NORMAL,8495.8,40.08,90.1,81.27,15.0,14.95,25.09,50.01,0,0,0,0,0
2026-01-01T02:52:55Z,leak,NORMAL,8498.2,40.07,89.62,79.1,15.0,15.07,25.3,50.1,0,0,0,0,0
2026-01-01T02:52:56Z,leak,NORMAL,8483.2,40.25,89.82,80.44,15.12,14.98,25.19,49.92,0,0,0,0,0
2026-01-01T02:52:57Z,leak,NORMAL,8488.3,39.85,90.11,80.23,15.12,15.14,25.34,49.99,0,0,0,0,0
2026-01-01T02:52:58Z,leak,NORMAL,8490.5,39.94,90.33,79.84,15.01,14.95,25.35,50.01,0,0,0,0,0
2026-01-01T02:52:59Z,leak,NORMAL,8496.2,39.75,89.56,80.19,14.85,14.96,24.93,49.95,0,0,0,0,0
2026-01-01T02:53:00Z,leak,NORMAL,8502.1,40.11,91.24,80.68,14.93,15.18,25.28,50.06,0,0,0,0,0
2026-01-01T02:53:01Z,leak,NORMAL,8476.8,39.83,89.69,80.91,15.09,14.93,25.43,49.98,0,0,0,0,0
2026-01-01T02:53:02Z,leak,NORMAL,8496.6,40.21,89.91,79.74,14.83,15.04,25.3,49.94,0,0,0,0,0
2026-01-01T02:53:03Z,leak,NORMAL,8513.2,40.32,90.52,79.71,14.85,14.87,25.27,50.08,0,0,0,0,0
2026-01-01T02:53:04Z,leak,NORMAL,8492.3,40.2,90.62,80.5,15.05,14.89,25.5,49.96,0,0,0,0,0
2026-01-01T02:53:05Z,leak,NORMAL,8509.9,39.63,90.72,81.37,15.05,15.06,25.07,50.06,0,0,0,0,0
2026-01-01T02:53:06Z,leak,NORMAL,8496.3,39.75,90.22,80.0,15.22,14.94,25.16,49.95,0,0,0,0,0
2026-01-01T02:53:07Z,leak,NORMAL,8476.9,39.89,89.49,80.65,15.02,15.06,25.22,50.04,0,0,0,0,0
2026-01-01T02:53:08Z,leak,NORMAL,8502.5,40.19,89.69,79.95,14.99,15.11,25.15,49.96,0,0,0,0,0
2026-01-01T02:53:09Z,leak,NORMAL,8478.0,39.7,88.95,80.52,15.07,14.9,25.17,49.93,0,0,0,0,0
2026-01-01T02:53:10Z,leak,NORMAL,8483.6,40.23,89.67,79.87,15.08,14.99,25.19,50.0,0,0,0,0,0
2026-01-01T02:53:11Z,leak,NORMAL,8488.4,39.77,89.95,79.56,14.98,15.03,25.1,50.03,0,0,0,0,0
2026-01-01T02:53:12Z,leak,NORMAL,8487.2,39.87,89.85,79.72,14.96,15.04,25.32,49.98,0,0,0,0,0
2026-01-01T02:53:13Z,leak,NORMAL,8482.0,39.94,89.27,81.03,14.83,15.26,25.29,50.05,0,0,0,0,0
2026-01-01T02:53:14Z,leak,NORMAL,8473.5,39.87,90.67,80.09,14.91,14.96,25.44,50.03,0,0,0,0,0
2026-01-01T02:53:15Z,leak,NORMAL,8473.9,39.86,89.68,80.59,15.09,15.05,25.01,50.02,0,0,0,0,0
2026-01-01T02:53:16Z,leak,NORMAL,8481.6,39.93,89.34,80.15,15.12,14.88,25.22,50.04,0,0,0,0,0
2026-01-01T02:53:17Z,leak,NORMAL,8489.3,40.29,90.72,79.73,14.87,15.13,25.27,50.02,0,0,0,0,0
2026-01-01T02:53:18Z,leak,NORMAL,8484.3,40.01,90.96,80.45,15.1,15.04,25.13,50.01,0,0,0,0,0
2026-01-01T02:53:19Z,leak,NORMAL,8477.4,40.3,90.36,79.45,15.01,14.91,25.03,50.04,0,0,0,0,0
2026-01-01T02:53:20Z,leak,NORMAL,8468.3,39.89,89.09,79.81,14.92,14.94,25.12,50.03,0,0,0,0,0
2026-01-01T02:53:21Z,leak,NORMAL,8467.0,40.1,89.61,81.19,14.81,14.88,25.26,50.03,0,0,0,0,0
2026-01-01T02:53:22Z,leak,NORMAL,8477.1,40.04,90.41,79.9,15.03,15.03,25.18,50.04,0,0,0,0,0
2026-01-01T02:53:23Z,leak,NORMAL,8471.5,40.29,90.13,79.48,14.91,15.04,25.04,50.03,0,0,0,0,0
2026-01-01T02:53:24Z,leak,NORMAL,8469.3,39.82,89.08,80.15,15.05,15.1,25.12,49.96,0,0,0,0,0
2026-01-01T02:53:25Z,leak,NORMAL,8470.9,39.77,89.83,80.77,15.08,15.16,25.0,50.01,0,0,0,0,0
2026-01-01T02:53:26Z,leak,NORMAL,8477.8,40.2,89.69,79.99,14.93,15.05,25.21,49.9,0,0,0,0,0
2026-01-01T02:53:27Z,leak,NORMAL,8464.8,39.87,89.89,80.46,14.98,15.12,24.95,49.98,0,0,0,0,0
2026-01-01T02:53:28Z,leak,NORMAL,8474.9,40.3,90.38,80.19,14.97,14.85,24.94,50.01,0,0,0,0,0
2026-01-01T02:53:29Z,leak,NORMAL,8464.7,40.0,90.11,80.26,15.0,15.05,24.81,49.94,0,0,0,0,0
2026-01-01T02:53:30Z,leak,NORMAL,8472.6,40.15,89.6,79.33,14.88,15.07,25.08,50.03,0,0,0,0,0
2026-01-01T02:53:31Z,leak,NORMAL,8462.9,40.01,90.14,79.58,14.99,14.86,25.04,50.05,0,0,0,0,0
2026-01-01T02:53:32Z,leak,NORMAL,8476.4,40.05,89.63,80.41,15.01,14.9,24.98,50.04,0,0,0,0,0
2026-01-01T02:53:33Z,leak,NORMAL,8476.0,39.9,89.88,79.97,14.95,14.9,24.96,49.98,0,0,0,0,0
2026-01-01T02:53:34Z,leak,NORMAL,8453.2,40.29,90.28,80.82,14.98,14.91,25.03,50.02,0,0,0,0,0
2026-01-01T02:53:35Z,leak,NORMAL,8447.1,40.24,90.7,80.32,15.19,14.97,24.91,49.99,0,0,0,0,0
2026-01-01T02:53:36Z,leak,NORMAL,8458.5,39.61,89.86,80.09,14.9,15.04,24.94,50.02,0,0,0,0,0
2026-01-01T02:53:37Z,leak,NORMAL,8463.8,40.15,90.74,79.76,14.89,14.95,25.17,49.95,0,0,0,0,0
2026-01-01T02:53:38Z,leak,NORMAL,8464.4,40.39,90.43,80.13,15.1,15.13,24.96,49.94,0,0,0,0,0
2026-01-01T02:53:39Z,leak,NORMAL,8463.9,40.18,89.85,80.3,14.95,14.99,25.18,49.91,0,0,0,0,0
2026-01-01T02:53:40Z,leak,NORMAL,8455.0,39.75,90.98,80.22,15.11,15.08,24.88,49.99,0,0,0,0,0
2026-01-01T02:53:41Z,leak,NORMAL,8462.6,39.85,90.56,80.26,14.91,15.11,25.17,50.05,0,0,0,0,0
2026-01-01T02:53:42Z,leak,NORMAL,8452.9,40.24,88.65,80.31,14.98,14.96,25.02,49.98,0,0,0,0,0
2026-01-01T02:53:43Z,leak,NORMAL,8453.9,40.22,89.84,79.89,15.06,15.29,24.96,50.01,0,0,0,0,0
2026-01-01T02:53:44Z,leak,NORMAL,8451.5,40.16,89.78,80.45,15.12,15.13,24.97,50.01,0,0,0,0,0
2026-01-01T02:53:45Z,leak,NORMAL,8432.5,40.02,89.33,78.89,15.11,15.04,24.87,50.05,0,0,0,0,0
2026-01-01T02:53:46Z,leak,NORMAL,8473.5,39.71,90.15,79.83,15.03,15.06,24.87,49.96,0,0,0,0,0
2026-01-01T02:53:47Z,leak,NORMAL,8433.4,40.12,89.15,79.56,15.04,15.04,25.11,50.0,0,0,0,0,0
2026-01-01T02:53:48Z,leak,NORMAL,8433.0,39.92,88.89,80.85,14.87,14.92,25.01,49.95,0,0,0,0,0
2026-01-01T02:53:49Z,leak,NORMAL,8451.9,40.27,89.24,79.81,14.83,15.09,24.8,50.01,0,0,0,0,0
2026-01-01T02:53:50Z,leak,NORMAL,8451.9,39.89,90.14,79.43,14.93,14.98,24.82,49.93,0,0,0,0,0
2026-01-01T02:53:51Z,leak,NORMAL,8444.1,39.98,89.13,80.18,14.93,15.09,24.92,50.06,0,0,0,0,0
2026-01-01T02:53:52Z,leak,NORMAL,8433.1,40.16,90.07,79.44,14.96,14.97,24.92,50.04,0,0,0,0,0
2026-01-01T02:53:53Z,leak,NORMAL,8438.3,40.12,89.36,80.0,14.89,14.99,24.85,50.03,0,0,0,0,0
2026-01-01T02:53:54Z,leak,NORMAL,8445.9,40.36,89.63,79.12,14.97,15.02,25.09,49.98,0,0,0,0,0
2026-01-01T02:53:55Z,leak,NORMAL,8436.8,40.25,89.9,79.29,14.88,14.89,24.81,49.92,0,0,0,0,0
2026-01-01T02:53:56Z,leak,NORMAL,8426.5,39.83,89.55,79.33,14.87,14.99,24.72,49.94,0,0,0,0,0
2026-01-01T02:53:57Z,leak,NORMAL,8449.7,39.98,89.86,80.13,14.96,15.07,24.95,50.0,0,0,0,0,0
2026-01-01T02:53:58Z,leak,NORMAL,8440.5,40.04,89.7,79.05,15.01,14.77,24.84,50.03,0,0,0,0,0
2026-01-01T02:53:59Z,leak,NORMAL,8445.5,39.76,89.14,79.4,14.97,15.07,24.8,49.99,0,0,0,0,0
2026-01-01T02:54:00Z,leak,NORMAL,8438.9,39.77,88.15,79.0,14.99,14.88,25.06,49.95,0,0,0,0,0
2026-01-01T02:54:01Z,leak,NORMAL,8442.6,40.07,89.35,79.26,15.06,14.93,24.89,49.94,0,0,0,0,0
2026-01-01T02:54:02Z,leak,NORMAL,8458.9,39.78,89.62,78.73,14.9,15.11,24.92,49.98,0,0,0,0,0
2026-01-01T02:54:03Z,leak,NORMAL,8433.5,39.64,89.72,79.06,14.97,14.96,24.99,49.94,0,0,0,0,0
2026-01-01T02:54:04Z,leak,NORMAL,8449.0,40.09,89.55,79.7,15.01,15.13,24.95,50.05,0,0,0,0,0
2026-01-01T02:54:05Z,leak,NORMAL,8416.1,40.13,89.74,80.29,15.18,15.05,24.87,50.02,0,0,0,0,0
2026-01-01T02:54:06Z,leak,NORMAL,8438.0,40.05,89.26,79.4,14.96,14.87,24.82,49.91,0,0,0,0,0
2026-01-01T02:54:07Z,leak,NORMAL,8433.1,39.67,89.35,80.85,15.03,15.05,24.93,50.0,0,0,0,0,0
2026-01-01T02:54:08Z,leak,NORMAL,8432.0,40.23,89.41,80.25,15.01,15.04,24.73,50.02,0,0,0,0,0
2026-01-01T02:54:09Z,leak,NORMAL,8428.9,40.16,89.48,78.74,15.21,15.02,24.7,49.96,0,0,0,0,0
2026-01-01T02:54:10Z,leak,NORMAL,8432.4,40.01,89.6,79.8,15.12,14.93,24.79,49.94,0,0,0,0,0
2026-01-01T02:54:11Z,leak,NORMAL,8436.4,40.0,89.29,79.32,15.2,14.85,24.7,50.0,0,0,0,0,0
2026-01-01T02:54:12Z,leak,NORMAL,8429.1,40.29,89.16,79.28,15.0,15.1,24.79,50.05,0,0,0,0,0
2026-01-01T02:54:13Z,leak,NORMAL,8427.1,39.84,89.36,79.29,14.86,14.95,24.8,50.05,0,0,0,0,0
2026-01-01T02:54:14Z,leak,NORMAL,8437.5,39.71,89.04,79.33,15.12,15.06,24.9,49.97,0,0,0,0,0
2026-01-01T02:54:15Z,leak,NORMAL,8430.1,39.91,89.83,79.88,15.0,14.83,24.79,49.95,0,0,0,0,0
2026-01-01T02:54:16Z,leak,NORMAL,8433.6,39.88,89.17,79.07,14.86,15.0,24.68,49.92,0,0,0,0,0
2026-01-01T02:54:17Z,leak,NORMAL,8424.5,39.9,88.56,80.1,15.22,14.91,24.84,49.97,0,0,0,0,0
2026-01-01T02:54:18Z,leak,NORMAL,8443.5,39.46,88.35,80.19,15.15,15.09,24.72,50.04,0,0,0,0,0
2026-01-01T02:54:19Z,leak,NORMAL,8428.4,40.07,88.33,80.08,14.85,14.95,24.58,49.96,0,0,0,0,0
2026-01-01T02:54:20Z,leak,NORMAL,8437.4,40.11,89.85,79.38,15.07,14.87,24.88,50.08,0,0,0,0,0
2026-01-01T02:54:21Z,leak,NORMAL,8407.1,39.72,89.18,78.96,15.02,14.92,24.67,50.12,0,0,0,0,0
2026-01-01T02:54:22Z,leak,NORMAL,8420.9,39.87,88.47,79.63,15.05,14.97,24.8,49.9,0,0,0,0,0
2026-01-01T02:54:23Z,leak,NORMAL,8420.9,39.88,89.33,79.24,14.99,15.01,24.56,50.04,0,0,0,0,0
2026-01-01T02:54:24Z,leak,NORMAL,8413.8,39.76,89.19,79.41,14.98,15.1,24.73,49.99,0,0,0,0,0
2026-01-01T02:54:25Z,leak,NORMAL,8422.6,39.82,89.37,79.22,14.87,15.2,24.65,49.97,0,0,0,0,0
2026-01-01T02:54:26Z,leak,NORMAL,8425.3,39.46,88.94,78.63,15.01,14.99,24.75,50.06,0,0,0,0,0
2026-01-01T02:54:27Z,leak,NORMAL,8406.1,39.94,89.15,79.75,14.96,14.97,24.62,49.87,0,0,0,0,0
2026-01-01T02:54:28Z,leak,NORMAL,8422.8,39.96,88.94,79.45,15.0,15.22,24.64,50.05,0,0,0,0,0
2026-01-01T02:54:29Z,leak,NORMAL,8421.5,40.13,88.6,79.57,14.95,14.84,24.62,50.09,0,0,0,0,0
2026-01-01T02:54:30Z,leak,NORMAL,8421.5,40.17,88.53,79.71,14.91,14.97,24.63,49.97,0,0,0,0,0
2026-01-01T02:54:31Z,leak,NORMAL,8404.4,40.41,89.11,80.08,15.02,14.87,24.54,50.0,0,0,0,0,0
2026-01-01T02:54:32Z,leak,NORMAL,8435.3,39.96,89.95,79.61,14.93,14.97,24.6,49.98,0,0,0,0,0
2026-01-01T02:54:33Z,leak,NORMAL,8420.1,39.84,88.79,78.71,15.06,14.91,24.82,50.05,0,0,0,0,0
2026-01-01T02:54:34Z,leak,NORMAL,8415.2,40.18,89.34,79.28,15.09,15.03,24.9,49.95,0,0,0,0,0
2026-01-01T02:54:35Z,leak,NORMAL,8408.0,40.01,89.74,79.16,14.9,15.1,24.62,50.05,0,0,0,0,0
2026-01-01T02:54:36Z,leak,NORMAL,8428.3,39.81,89.7,79.22,14.93,15.07,24.73,50.02,0,0,0,0,0
2026-01-01T02:54:37Z,leak,NORMAL,8427.7,40.14,88.39,79.72,15.02,15.17,24.64,50.03,0,0,0,0,0
2026-01-01T02:54:38Z,leak,NORMAL,8408.5,39.98,89.29,79.23,14.95,14.95,24.52,49.93,0,0,0,0,0
2026-01-01T02:54:39Z,leak,NORMAL,8406.9,39.69,88.66,79.75,15.1,14.97,24.66,50.01,0,0,0,0,0
2026-01-01T02:54:40Z,leak,NORMAL,8405.4,39.71,89.21,79.86,14.92,14.96,24.41,50.06,0,0,0,0,0
2026-01-01T02:54:41Z,leak,NORMAL,8397.2,39.83,89.21,79.22,14.98,14.99,24.6,49.99,0,0,0,0,0
2026-01-01T02:54:42Z,leak,NORMAL,8417.5,39.69,89.51,78.96,15.11,15.09,24.5,50.05,0,0,0,0,0
2026-01-01T02:54:43Z,leak,NORMAL,8412.4,40.07,89.3,79.42,15.01,15.13,24.56,49.99,0,0,0,0,0
2026-01-01T02:54:44Z,leak,NORMAL,8425.4,39.76,89.2,79.13,15.18,15.07,24.58,49.95,0,0,0,0,0
2026-01-01T02:54:45Z,leak,NORMAL,8394.8,39.93,89.07,78.78,14.87,14.92,24.63,50.04,0,0,0,0,0
2026-01-01T02:54:46Z,leak,NORMAL,8409.2,39.81,89.21,80.51,15.06,14.99,24.57,49.98,0,0,0,0,0
2026-01-01T02:54:47Z,leak,NORMAL,8413.7,40.13,88.42,79.12,15.0,15.08,24.62,50.11,0,0,0,0,0
2026-01-01T02:54:48Z,leak,NORMAL,8431.7,40.33,89.13,79.7,15.18,15.05,24.48,50.06,0,0,0,0,0
2026-01-01T02:54:49Z,leak,NORMAL,8398.0,40.58,88.49,79.74,14.92,15.05,24.5,50.11,0,0,0,0,0
2026-01-01T02:54:50Z,leak,NORMAL,8412.9,40.06,88.54,78.61,14.84,14.84,24.44,50.02,0,0,0,0,0
2026-01-01T02:54:51Z,leak,NORMAL,8410.9,39.72,90.2,78.58,14.94,14.95,24.62,49.98,0,0,0,0,0
2026-01-01T02:54:52Z,leak,NORMAL,8410.7,40.04,89.16,78.9,15.01,15.0,24.56,49.98,0,0,0,0,0
2026-01-01T02:54:53Z,leak,NORMAL,8410.7,39.98,89.01,79.78,15.07,15.09,24.55,50.08,0,0,0,0,0
2026-01-01T02:54:54Z,leak,NORMAL,8383.8,40.11,89.29,79.91,14.92,15.04,24.47,49.94,0,0,0,0,0
2026-01-01T02:54:55Z,leak,NORMAL,8402.7,39.86,88.57,78.88,15.08,14.95,24.47,49.93,0,0,0,0,0
2026-01-01T02:54:56Z,leak,NORMAL,8414.9,40.15,89.08,80.17,14.91,15.06,24.43,50.02,0,0,0,0,0
2026-01-01T02:54:57Z,leak,NORMAL,8401.2,40.03,88.67,80.05,15.0,15.05,24.49,49.97,0,0,0,0,0
2026-01-01T02:54:58Z,leak,NORMAL,8399.5,40.14,89.9,79.39,15.08,15.02,24.4,49.98,0,0,0,0,0
2026-01-01T02:54:59Z,leak,NORMAL,8397.9,39.81,89.95,79.76,14.96,15.13,24.55,49.97,0,0,0,0,0
2026-01-01T02:55:00Z,leak,NORMAL,8417.9,39.93,89.81,79.05,14.97,15.09,24.31,49.99,0,0,0,0,0
2026-01-01T02:55:01Z,leak,NORMAL,8418.7,39.8,89.11,79.89,15.01,15.04,24.36,50.04,0,0,0,0,0
2026-01-01T02:55:02Z,leak,NORMAL,8404.2,40.04,89.26,80.01,15.23,14.97,24.35,49.96,0,0,0,0,0
2026-01-01T02:55:03Z,leak,NORMAL,8398.9,39.96,88.82,79.43,14.92,14.92,24.43,49.95,0,0,0,0,0
2026-01-01T02:55:04Z,leak,NORMAL,8416.9,39.97,88.31,77.91,15.03,14.77,24.34,49.97,0,0,0,0,0
2026-01-01T02:55:05Z,leak,NORMAL,8407.9,40.12,88.91,80.55,15.26,15.2,24.46,49.97,0,0,0,0,0
2026-01-01T02:55:06Z,leak,NORMAL,8387.6,40.6,89.32,78.9,14.99,15.14,24.53,50.0,0,0,0,0,0
2026-01-01T02:55:07Z,leak,NORMAL,8406.8,40.06,89.84,79.57,15.04,15.04,24.23,49.95,0,0,0,0,0
2026-01-01T02:55:08Z,leak,NORMAL,8385.2,40.28,88.39,79.35,14.97,14.9,24.5,50.05,0,0,0,0,0
2026-01-01T02:55:09Z,leak,NORMAL,8401.7,39.86,89.32,79.3,14.8,15.14,24.42,50.04,0,0,0,0,0
2026-01-01T02:55:10Z,leak,NORMAL,8386.5,40.03,88.42,79.23,15.0,14.83,24.19,50.0,0,0,0,0,0
2026-01-01T02:55:11Z,leak,NORMAL,8411.5,40.13,89.4,78.8,15.13,15.11,24.36,49.97,0,0,0,0,0
2026-01-01T02:55:12Z,leak,NORMAL,8400.3,39.64,89.14,79.24,14.88,14.94,24.46,50.0,0,0,0,0,0
2026-01-01T02:55:13Z,leak,NORMAL,8398.8,39.99,88.65,78.74,15.02,14.98,24.29,50.03,0,0,0,0,0
2026-01-01T02:55:14Z,leak,NORMAL,8408.4,40.01,89.21,79.17,14.91,15.03,24.29,49.93,0,0,0,0,0
2026-01-01T02:55:15Z,leak,NORMAL,8383.3,39.51,88.99,78.74,14.93,15.02,24.4,50.01,0,0,0,0,0
2026-01-01T02:55:16Z,leak,NORMAL,8405.1,40.01,89.08,79.94,14.87,14.97,24.36,50.01,0,0,0,0,0
2026-01-01T02:55:17Z,leak,NORMAL,8416.1,40.25,88.77,79.52,14.81,14.89,24.38,50.09,0,0,0,0,0
2026-01-01T02:55:18Z,leak,NORMAL,8401.3,39.88,89.34,79.5,15.02,14.98,24.36,49.99,0,0,0,0,0
2026-01-01T02:55:19Z,leak,NORMAL,8382.8,40.05,88.82,78.19,14.96,14.9,24.41,49.98,0,0,0,0,0
2026-01-01T02:55:20Z,leak,NORMAL,8400.9,39.95,88.56,79.9,15.01,14.92,24.43,50.05,0,0,0,0,0
2026-01-01T02:55:21Z,leak,NORMAL,8397.4,40.1,89.92,79.37,14.9,15.15,24.3,50.03,0,0,0,0,0
2026-01-01T02:55:22Z,leak,NORMAL,8394.3,39.96,88.56,79.42,14.9,15.0,23.96,49.94,0,0,0,0,0
2026-01-01T02:55:23Z,leak,NORMAL,8387.4,39.75,88.93,79.94,15.11,15.02,24.28,49.98,0,0,0,0,0
2026-01-01T02:55:24Z,leak,NORMAL,8380.3,40.11,88.7,79.54,14.94,14.94,24.35,50.04,0,0,0,0,0
2026-01-01T02:55:25Z,leak,NORMAL,8412.4,40.06,89.04,78.61,14.98,14.9,24.41,49.98,0,0,0,0,0
2026-01-01T02:55:26Z,leak,NORMAL,8407.7,39.88,89.75,79.42,15.14,14.93,24.33,50.04,0,0,0,0,0
2026-01-01T02:55:27Z,leak,NORMAL,8378.9,40.21,88.01,79.21,15.11,15.06,24.28,49.97,0,0,0,0,0
2026-01-01T02:55:28Z,leak,NORMAL,8394.9,39.91,89.53,78.31,14.88,15.05,24.35,49.96,0,0,0,0,0
2026-01-01T02:55:29Z,leak,NORMAL,8401.0,39.99,88.82,79.52,14.99,15.08,24.25,50.02,0,0,0,0,0
2026-01-01T02:55:30Z,leak,NORMAL,8410.6,39.88,88.43,79.35,15.02,15.06,24.14,49.86,0,0,0,0,0
2026-01-01T02:55:31Z,leak,NORMAL,8395.6,39.87,89.23,78.98,15.03,15.11,24.24,50.04,0,0,0,0,0
2026-01-01T02:55:32Z,leak,NORMAL,8413.6,40.17,89.44,79.28,14.86,15.02,24.26,50.03,0,0,0,0,0
2026-01-01T02:55:33Z,leak,NORMAL,8402.1,40.09,88.53,78.98,15.17,15.02,24.33,50.04,0,0,0,0,0
2026-01-01T02:55:34Z,leak,NORMAL,8415.0,39.91,88.75,77.88,14.9,15.06,24.21,50.02,0,0,0,0,0
2026-01-01T02:55:35Z,leak,NORMAL,8397.5,40.09,89.17,78.67,14.95,14.97,24.09,50.02,0,0,0,0,0
2026-01-01T02:55:36Z,leak,NORMAL,8406.4,39.63,89.21,79.11,14.99,14.98,24.12,50.08,0,0,0,0,0
2026-01-01T02:55:37Z,leak,NORMAL,8414.2,39.81,88.27,79.27,15.04,15.02,24.26,50.0,0,0,0,0,0
2026-01-01T02:55:38Z,leak,NORMAL,8405.0,39.86,89.03,79.0,15.01,15.03,24.11,50.03,0,0,0,0,0
2026-01-01T02:55:39Z,leak,NORMAL,8395.8,40.02,89.1,78.5,14.92,15.09,24.11,49.97,0,0,0,0,0
2026-01-01T02:55:40Z,leak,NORMAL,8397.1,39.65,89.06,78.74,15.1,14.85,24.12,49.93,0,0,0,0,0
2026-01-01T02:55:41Z,leak,NORMAL,8404.2,40.27,88.62,78.52,14.92,15.06,24.22,50.02,0,0,0,0,0
2026-01-01T02:55:42Z,leak,NORMAL,8402.3,40.52,88.43,78.96,14.85,15.11,24.38,50.01,0,0,0,0,0
2026-01-01T02:55:43Z,leak,NORMAL,8392.9,40.3,90.06,78.08,15.07,14.82,24.17,50.01,0,0,0,0,0
2026-01-01T02:55:44Z,leak,NORMAL,8410.8,40.06,89.14,79.68,15.09,15.0,24.19,49.98,0,0,0,0,0
2026-01-01T02:55:45Z,leak,NORMAL,8390.5,39.87,89.6,78.95,15.08,14.95,24.17,49.94,0,0,0,0,0
2026-01-01T02:55:46Z,leak,NORMAL,8403.6,40.12,88.24,79.4,15.07,15.03,24.23,50.04,0,0,0,0,0
2026-01-01T02:55:47Z,leak,NORMAL,8414.4,40.22,89.32,79.54,14.9,14.84,23.99,49.96,0,0,0,0,0
2026-01-01T02:55:48Z,leak,NORMAL,8392.7,39.75,89.41,79.36,15.09,14.88,24.13,50.03,0,0,0,0,0
2026-01-01T02:55:49Z,leak,NORMAL,8410.6,40.17,89.15,78.63,15.03,14.91,24.33,49.96,0,0,0,0,0
2026-01-01T02:55:50Z,leak,NORMAL,8372.0,40.15,88.49,79.58,15.07,14.83,24.24,49.98,0,0,0,0,0
2026-01-01T02:55:51Z,leak,NORMAL,8402.7,39.63,89.24,78.91,15.05,14.94,24.16,49.95,0,0,0,0,0
2026-01-01T02:55:52Z,leak,NORMAL,8397.8,40.18,88.75,79.62,14.8,14.87,24.03,49.95,0,0,0,0,0
2026-01-01T02:55:53Z,leak,NORMAL,8391.4,39.97,89.28,79.55,15.05,14.96,24.15,50.01,0,0,0,0,0
2026-01-01T02:55:54Z,leak,NORMAL,8407.1,39.94,88.77,79.42,15.05,15.07,24.1,49.98,0,0,0,0,0
2026-01-01T02:55:55Z,leak,NORMAL,8406.5,39.92,88.2,78.75,14.88,14.99,24.02,49.88,0,0,0,0,0
2026-01-01T02:55:56Z,leak,NORMAL,8404.7,40.02,88.09,79.55,14.88,15.08,24.09,50.02,0,0,0,0,0
2026-01-01T02:55:57Z,leak,NORMAL,8399.8,40.34,88.5,79.26,15.03,14.95,24.26,49.94,0,0,0,0,0
2026-01-01T02:55:58Z,leak,NORMAL,8396.0,40.25,87.82,78.36,14.95,15.05,24.12,50.04,0,0,0,0,0
2026-01-01T02:55:59Z,leak,NORMAL,8394.3,39.9,89.48,79.43,14.91,15.13,24.1,49.98,0,0,0,0,0
2026-01-01T02:56:00Z,leak,NORMAL,8388.6,40.32,88.86,78.68,15.08,14.98,23.95,50.03,0,0,0,0,0
2026-01-01T02:56:01Z,leak,NORMAL,8395.6,40.24,88.42,78.9,15.05,15.27,24.03,49.99,0,0,0,0,0
2026-01-01T02:56:02Z,leak,NORMAL,8403.6,39.79,90.0,79.42,15.05,15.15,23.92,50.07,0,0,0,0,0
2026-01-01T02:56:03Z,leak,NORMAL,8413.4,39.72,88.56,78.56,14.86,15.08,24.15,50.0,0,0,0,0,0
2026-01-01T02:56:04Z,leak,NORMAL,8425.5,39.81,89.96,79.35,15.11,14.99,24.13,50.05,0,0,0,0,0
2026-01-01T02:56:05Z,leak,NORMAL,8398.7,40.59,89.51,79.02,14.99,14.9,24.16,49.94,0,0,0,0,0
2026-01-01T02:56:06Z,leak,NORMAL,8404.3,39.96,87.94,79.5,15.02,15.03,24.01,49.89,0,0,0,0,0
2026-01-01T02:56:07Z,leak,NORMAL,8399.3,39.98,89.71,78.4,15.0,14.91,24.01,49.99,0,0,0,0,0
2026-01-01T02:56:08Z,leak,NORMAL,8420.2,39.84,89.8,79.28,14.92,14.91,24.0,50.03,0,0,0,0,0
2026-01-01T02:56:09Z,leak,NORMAL,8404.6,40.02,89.03,78.65,14.99,15.02,24.08,49.97,0,0,0,0,0
2026-01-01T02:56:10Z,leak,NORMAL,8405.7,40.0,89.09,79.61,15.03,14.91,24.01,50.07,0,0,0,0,0
2026-01-01T02:56:11Z,leak,NORMAL,8409.6,40.4,88.44,78.34,14.94,14.96,23.88,50.01,0,0,0,0,0
2026-01-01T02:56:12Z,leak,NORMAL,8378.5,40.36,88.55,78.98,14.9,15.06,24.04,49.86,0,0,0,0,0
2026-01-01T02:56:13Z,leak,NORMAL,8403.7,39.91,88.73,78.56,14.97,15.11,24.01,50.08,0,0,0,0,0
2026-01-01T02:56:14Z,leak,NORMAL,8412.2,40.04,89.39,79.06,15.08,15.19,24.04,49.99,0,0,0,0,0
2026-01-01T02:56:15Z,leak,NORMAL,8423.7,40.17,88.74,78.71,14.91,14.99,24.0,50.01,0,0,0,0,0
2026-01-01T02:56:16Z,leak,NORMAL,8414.6,40.04,89.03,79.06,15.0,14.91,23.96,49.94,0,0,0,0,0
2026-01-01T02:56:17Z,leak,NORMAL,8408.3,40.15,88.93,78.57,14.88,14.89,23.98,49.95,0,0,0,0,0
2026-01-01T02:56:18Z,leak,NORMAL,8416.7,39.61,90.11,79.01,14.76,15.06,23.94,50.03,0,0,0,0,0
2026-01-01T02:56:19Z,leak,NORMAL,8407.6,40.14,89.28,78.97,15.06,14.96,24.14,50.03,0,0,0,0,0
2026-01-01T02:56:20Z,leak,NORMAL,8409.4,39.6,88.93,78.68,14.85,15.16,24.04,49.96,0,0,0,0,0
2026-01-01T02:56:21Z,leak,NORMAL,8410.9,39.98,88.29,78.69,14.74,14.9,23.88,50.06,0,0,0,0,0
2026-01-01T02:56:22Z,leak,NORMAL,8415.8,39.73,88.53,79.37,15.14,15.06,23.89,50.02,0,0,0,0,0
2026-01-01T02:56:23Z,leak,NORMAL,8423.2,40.04,88.6,78.95,15.11,15.15,23.82,49.98,0,0,0,0,0
2026-01-01T02:56:24Z,leak,NORMAL,8416.5,40.19,89.06,78.77,14.99,15.04,23.76,50.03,0,0,0,0,0
2026-01-01T02:56:25Z,leak,NORMAL,8404.1,40.33,88.88,79.62,15.09,14.91,24.03,50.02,0,0,0,0,0
2026-01-01T02:56:26Z,leak,NORMAL,8399.5,40.03,88.87,78.44,15.08,15.16,23.91,49.99,0,0,0,0,0
2026-01-01T02:56:27Z,leak,NORMAL,8417.6,40.18,89.7,78.62,14.77,15.09,23.79,50.01,0,0,0,0,0
2026-01-01T02:56:28Z,leak,NORMAL,8428.7,40.08,89.12,78.29,15.03,15.13,23.84,50.05,0,0,0,0,0
2026-01-01T02:56:29Z,leak,NORMAL,8414.0,39.92,89.99,78.81,15.01,15.12,23.81,50.03,0,0,0,0,0
2026-01-01T02:56:30Z,leak,NORMAL,8397.9,39.86,88.33,78.71,14.94,14.96,23.84,49.99,0,0,0,0,0
2026-01-01T02:56:31Z,leak,NORMAL,8419.8,40.02,88.13,79.23,14.87,15.08,23.71,49.92,0,0,0,0,0
2026-01-01T02:56:32Z,leak,NORMAL,8414.5,39.89,89.3,78.69,15.11,15.08,24.02,50.04,0,0,0,0,0
2026-01-01T02:56:33Z,leak,NORMAL,8415.0,39.89,89.49,78.49,15.06,15.04,24.04,49.9,0,0,0,0,0
2026-01-01T02:56:34Z,leak,NORMAL,8409.7,40.28,88.87,79.7,15.1,15.01,23.81,49.87,0,0,0,0,0
2026-01-01T02:56:35Z,leak,NORMAL,8421.4,39.94,88.84,78.97,15.17,14.88,23.91,50.08,0,0,0,0,0
2026-01-01T02:56:36Z,leak,NORMAL,8408.5,40.27,89.48,79.07,14.98,14.88,23.86,50.08,0,0,0,0,0
2026-01-01T02:56:37Z,leak,NORMAL,8418.2,39.87,88.94,78.47,15.09,14.99,24.08,49.93,0,0,0,0,0
2026-01-01T02:56:38Z,leak,NORMAL,8422.1,39.82,88.53,78.42,14.91,14.89,23.83,50.04,0,0,0,0,0
2026-01-01T02:56:39Z,leak,NORMAL,8418.2,40.16,88.71,79.32,15.06,15.01,23.86,49.98,0,0,0,0,0
2026-01-01T02:56:40Z,leak,NORMAL,8411.8,39.64,89.3,79.18,14.74,15.11,23.78,50.0,0,0,0,0,0
2026-01-01T02:56:41Z,leak,NORMAL,8426.1,40.39,88.68,79.07,14.89,14.69,23.68,49.97,0,0,0,0,0
2026-01-01T02:56:42Z,leak,NORMAL,8427.3,39.77,89.41,79.14,14.94,15.04,23.81,49.97,0,0,0,0,0
2026-01-01T02:56:43Z,leak,NORMAL,8416.1,39.86,89.85,79.46,15.01,14.99,23.98,50.02,0,0,0,0,0
2026-01-01T02:56:44Z,leak,NORMAL,8418.0,40.11,89.33,79.71,14.95,15.11,23.97,50.01,0,0,0,0,0
2026-01-01T02:56:45Z,leak,NORMAL,8428.3,39.94,89.69,78.89,14.94,15.15,23.67,50.02,0,0,0,0,0
2026-01-01T02:56:46Z,leak,NORMAL,8429.7,40.12,90.32,79.23,15.18,14.98,23.75,49.97,0,0,0,0,0
2026-01-01T02:56:47Z,leak,NORMAL,8413.4,40.11,90.01,79.48,14.88,15.03,23.74,50.06,0,0,0,0,0
2026-01-01T02:56:48Z,leak,NORMAL,8425.7,40.16,89.64,79.38,15.0,14.96,23.77,50.01,0,0,0,0,0
2026-01-01T02:56:49Z,leak,NORMAL,8433.7,40.07,89.03,79.28,14.87,15.03,24.02,50.05,0,0,0,0,0
2026-01-01T02:56:50Z,leak,NORMAL,8430.0,39.76,90.27,79.07,15.04,14.83,23.66,50.05,0,0,0,0,0
2026-01-01T02:56:51Z,leak,NORMAL,8422.8,40.35,88.7,78.89,15.05,15.06,23.83,50.01,0,0,0,0,0
2026-01-01T02:56:52Z,leak,NORMAL,8433.4,39.93,89.17,78.8,14.91,15.1,23.86,50.02,0,0,0,0,0
2026-01-01T02:56:53Z,leak,NORMAL,8439.0,40.27,89.09,78.89,14.98,15.11,23.77,49.94,0,0,0,0,0
2026-01-01T02:56:54Z,leak,NORMAL,8432.7,39.93,87.82,78.71,15.04,14.97,23.91,50.0,0,0,0,0,0
2026-01-01T02:56:55Z,leak,NORMAL,8408.2,39.96,89.37,79.21,15.06,14.96,23.83,50.0,0,0,0,0,0
2026-01-01T02:56:56Z,leak,NORMAL,8418.2,40.21,89.06,79.29,15.01,15.14,23.73,50.0,0,0,0,0,0
2026-01-01T02:56:57Z,leak,NORMAL,8430.5,39.87,88.93,79.28,15.12,15.08,23.61,49.89,0,0,0,0,0
2026-01-01T02:56:58Z,leak,NORMAL,8427.7,39.94,89.78,79.57,15.18,15.12,23.87,49.88,0,0,0,0,0
2026-01-01T02:56:59Z,leak,NORMAL,8428.5,39.76,89.19,79.09,14.95,15.1,23.95,49.94,0,0,0,0,0
2026-01-01T02:57:00Z,leak,NORMAL,8446.9,39.93,88.44,79.63,14.91,14.93,23.66,50.04,0,0,0,0,0
2026-01-01T02:57:01Z,leak,NORMAL,8436.7,39.93,89.35,79.34,15.13,15.09,23.78,50.07,0,0,0,0,0
2026-01-01T02:57:02Z,leak,NORMAL,8444.3,40.14,89.31,79.35,14.94,14.96,23.65,50.01,0,0,0,0,0
2026-01-01T02:57:03Z,leak,NORMAL,8424.8,40.01,89.08,79.83,14.8,14.89,23.78,49.96,0,0,0,0,0
2026-01-01T02:57:04Z,leak,NORMAL,8445.7,39.9,89.23,79.6,15.04,15.04,23.75,49.94,0,0,0,0,0
2026-01-01T02:57:05Z,leak,NORMAL,8437.8,39.72,89.56,78.29,14.97,14.92,23.75,49.91,0,0,0,0,0
2026-01-01T02:57:06Z,leak,NORMAL,8449.1,39.78,88.42,78.43,14.98,15.01,23.57,50.04,0,0,0,0,0
2026-01-01T02:57:07Z,leak,NORMAL,8437.7,39.5,90.11,79.44,14.96,15.26,23.79,50.02,0,0,0,0,0
2026-01-01T02:57:08Z,leak,NORMAL,8455.4,40.09,88.29,79.39,15.05,15.09,23.79,50.03,0,0,0,0,0
2026-01-01T02:57:09Z,leak,NORMAL,8443.4,40.18,88.81,79.3,14.95,15.07,23.76,49.97,0,0,0,0,0
2026-01-01T02:57:10Z,leak,NORMAL,8441.2,40.08,89.39,79.56,14.89,14.92,23.96,49.96,0,0,0,0,0
2026-01-01T02:57:11Z,leak,NORMAL,8433.9,40.19,89.24,79.66,15.1,15.13,23.63,49.96,0,0,0,0,0
2026-01-01T02:57:12Z,leak,NORMAL,8452.5,40.24,89.2,79.75,15.03,14.97,23.61,49.96,0,0,0,0,0
2026-01-01T02:57:13Z,leak,NORMAL,8448.6,40.04,89.95,78.63,14.85,14.86,23.75,49.9,0,0,0,0,0
2026-01-01T02:57:14Z,leak,NORMAL,8453.7,39.81,89.61,78.77,15.03,15.0,23.53,50.05,0,0,0,0,0
2026-01-01T02:57:15Z,leak,NORMAL,8441.4,40.06,89.33,80.02,15.16,14.94,23.5,49.93,0,0,0,0,0
2026-01-01T02:57:16Z,leak,NORMAL,8432.1,39.68,88.49,79.46,15.17,15.11,23.65,50.01,0,0,0,0,0
2026-01-01T02:57:17Z,leak,NORMAL,8434.7,40.02,90.2,79.31,15.22,15.14,23.65,50.0,0,0,0,0,0
2026-01-01T02:57:18Z,leak,NORMAL,8449.0,40.07,89.96,78.5,15.02,14.99,23.61,50.0,0,0,0,0,0
2026-01-01T02:57:19Z,leak,NORMAL,8441.4,39.76,89.75,79.2,15.02,15.09,23.76,49.95,0,0,0,0,0
2026-01-01T02:57:20Z,leak,NORMAL,8451.6,40.03,88.75,78.97,15.03,15.07,23.6,50.06,0,0,0,0,0
2026-01-01T02:57:21Z,leak,NORMAL,8447.2,40.19,88.73,78.57,15.14,15.06,23.77,49.93,0,0,0,0,0
2026-01-01T02:57:22Z,leak,NORMAL,8454.6,39.76,89.9,79.14,14.98,15.13,23.63,50.03,0,0,0,0,0
2026-01-01T02:57:23Z,leak,NORMAL,8438.0,39.91,89.89,79.96,15.12,15.04,23.7,49.98,0,0,0,0,0
2026-01-01T02:57:24Z,leak,NORMAL,8462.6,40.47,89.35,78.72,15.12,15.03,23.75,50.08,0,0,0,0,0
2026-01-01T02:57:25Z,leak,NORMAL,8463.3,39.87,88.82,79.12,14.78,15.08,23.5,49.99,0,0,0,0,0
2026-01-01T02:57:26Z,leak,NORMAL,8448.7,40.06,88.52,78.74,15.06,15.14,23.53,50.01,0,0,0,0,0
2026-01-01T02:57:27Z,leak,NORMAL,8454.2,39.87,89.93,78.65,15.0,15.03,23.58,50.05,0,0,0,0,0
2026-01-01T02:57:28Z,leak,NORMAL,8446.8,39.99,88.81,78.99,15.07,14.96,23.78,50.0,0,0,0,0,0
2026-01-01T02:57:29Z,leak,NORMAL,8462.7,39.97,89.13,78.69,14.91,15.02,23.65,50.01,0,0,0,0,0
2026-01-01T02:57:30Z,leak,NORMAL,8459.0,39.95,88.36,80.34,14.97,14.98,23.82,49.93,0,0,0,0,0
2026-01-01T02:57:31Z,leak,NORMAL,8461.4,40.0,89.71,79.91,15.16,14.88,23.64,50.01,0,0,0,0,0
2026-01-01T02:57:32Z,leak,NORMAL,8454.2,40.01,91.09,79.1,15.06,14.98,23.55,50.02,0,0,0,0,0
2026-01-01T02:57:33Z,leak,NORMAL,8451.6,39.76,89.87,80.26,14.94,14.9,23.59,49.89,0,0,0,0,0
2026-01-01T02:57:34Z,leak,NORMAL,8472.3,39.88,89.09,79.23,14.87,14.84,23.65,50.05,0,0,0,0,0
2026-01-01T02:57:35Z,leak,NORMAL,8463.1,40.01,90.14,79.08,14.98,15.09,23.73,50.01,0,0,0,0,0
2026-01-01T02:57:36Z,leak,NORMAL,8457.5,40.19,89.08,79.75,14.89,14.98,23.64,50.02,0,0,0,0,0
2026-01-01T02:57:37Z,leak,NORMAL,8466.0,40.04,89.24,78.69,15.08,15.0,23.61,50.05,0,0,0,0,0
2026-01-01T02:57:38Z,leak,NORMAL,8479.0,39.89,89.45,79.23,14.99,14.94,23.69,49.97,0,0,0,0,0
2026-01-01T02:57:39Z,leak,NORMAL,8450.1,40.17,89.68,79.59,15.07,15.13,23.79,49.97,0,0,0,0,0
2026-01-01T02:57:40Z,leak,NORMAL,8458.5,40.08,89.73,79.93,14.99,15.0,23.66,49.97,0,0,0,0,0
2026-01-01T02:57:41Z,leak,NORMAL,8468.6,40.02,89.47,79.15,14.95,14.93,23.61,49.98,0,0,0,0,0
2026-01-01T02:57:42Z,leak,NORMAL,8488.8,39.77,89.59,80.19,14.95,15.09,23.52,50.06,0,0,0,0,0
2026-01-01T02:57:43Z,leak,NORMAL,8472.5,39.81,90.1,79.42,15.08,14.91,23.45,50.05,0,0,0,0,0
2026-01-01T02:57:44Z,leak,NORMAL,8480.3,39.92,90.25,78.82,14.96,14.95,23.44,50.1,0,0,0,0,0
2026-01-01T02:57:45Z,leak,NORMAL,8480.1,39.67,88.9,78.93,14.97,14.87,23.61,50.0,0,0,0,0,0
2026-01-01T02:57:46Z,leak,NORMAL,8480.2,40.07,89.07,78.66,15.13,15.12,23.49,50.03,0,0,0,0,0
2026-01-01T02:57:47Z,leak,NORMAL,8477.0,39.97,90.75,79.6,14.91,15.05,23.42,50.07,0,0,0,0,0
2026-01-01T02:57:48Z,leak,NORMAL,8494.3,39.84,90.04,79.63,14.87,15.2,23.49,50.07,0,0,0,0,0
2026-01-01T02:57:49Z,leak,NORMAL,8484.7,39.79,89.32,79.67,14.81,14.99,23.64,49.9,0,0,0,0,0
2026-01-01T02:57:50Z,leak,NORMAL,8477.3,40.41,89.62,79.24,15.07,14.94,23.6,50.0,0,0,0,0,0
2026-01-01T02:57:51Z,leak,NORMAL,8488.1,40.07,90.13,80.41,14.82,14.91,23.48,50.04,0,0,0,0,0
2026-01-01T02:57:52Z,leak,NORMAL,8488.8,40.19,89.41,78.89,15.02,14.94,23.42,50.07,0,0,0,0,0
2026-01-01T02:57:53Z,leak,NORMAL,8489.1,40.53,89.33,78.96,14.93,15.04,23.59,50.0,0,0,0,0,0
2026-01-01T02:57:54Z,leak,NORMAL,8491.2,40.09,90.65,79.44,15.02,15.09,23.64,50.03,0,0,0,0,0
2026-01-01T02:57:55Z,leak,NORMAL,8483.4,40.21,88.39,80.32,15.02,14.99,23.46,49.99,0,0,0,0,0
2026-01-01T02:57:56Z,leak,NORMAL,8484.8,40.46,89.57,79.26,15.16,15.0,23.6,50.08,0,0,0,0,0
2026-01-01T02:57:57Z,leak,NORMAL,8475.6,39.87,88.67,80.82,15.1,15.05,23.57,50.07,0,0,0,0,0
2026-01-01T02:57:58Z,leak,NORMAL,8498.1,40.15,89.3,79.29,14.87,15.21,23.42,50.04,0,0,0,0,0
2026-01-01T02:57:59Z,leak,NORMAL,8488.4,40.1,89.04,79.29,15.12,14.96,23.4,49.98,0,0,0,0,0
2026-01-01T02:58:00Z,leak,NORMAL,8502.4,39.82,88.96,78.87,14.98,14.78,23.5,49.92,0,0,0,0,0
2026-01-01T02:58:01Z,leak,NORMAL,8474.4,39.76,90.67,80.47,14.86,14.97,23.49,50.03,0,0,0,0,0
2026-01-01T02:58:02Z,leak,NORMAL,8481.9,39.99,89.38,78.84,14.92,15.07,23.48,50.02,0,0,0,0,0
2026-01-01T02:58:03Z,leak,NORMAL,8484.1,39.82,89.76,80.15,15.1,14.85,23.39,49.97,0,0,0,0,0
2026-01-01T02:58:04Z,leak,NORMAL,8489.8,39.97,90.43,79.08,15.1,15.0,23.4,50.04,0,0,0,0,0
2026-01-01T02:58:05Z,leak,NORMAL,8496.4,39.97,89.93,79.17,15.07,15.0,23.38,50.03,0,0,0,0,0
2026-01-01T02:58:06Z,leak,NORMAL,8473.8,40.19,89.44,79.55,15.0,14.92,23.51,50.03,0,0,0,0,0
2026-01-01T02:58:07Z,leak,NORMAL,8487.3,39.71,89.26,78.98,15.12,15.21,23.44,50.0,0,0,0,0,0
2026-01-01T02:58:08Z,leak,NORMAL,8489.4,39.79,89.92,79.43,15.02,15.03,23.52,49.99,0,0,0,0,0
2026-01-01T02:58:09Z,leak,NORMAL,8508.2,40.04,89.76,80.14,14.99,15.17,23.34,49.97,0,0,0,0,0
2026-01-01T02:58:10Z,leak,NORMAL,8507.6,39.79,90.1,79.55,15.07,14.91,23.44,50.02,0,0,0,0,0
2026-01-01T02:58:11Z,leak,NORMAL,8510.8,40.11,90.19,79.79,14.94,15.04,23.41,50.13,0,0,0,0,0
2026-01-01T02:58:12Z,leak,NORMAL,8505.8,40.15,90.4,79.46,15.0,15.04,23.46,49.9,0,0,0,0,0
2026-01-01T02:58:13Z,leak,NORMAL,8512.9,40.15,89.31,80.03,15.09,15.06,23.49,50.03,0,0,0,0,0
2026-01-01T02:58:14Z,leak,NORMAL,8495.3,40.22,89.99,79.52,15.08,15.0,23.46,49.94,0,0,0,0,0
2026-01-01T02:58:15Z,leak,NORMAL,8498.3,40.15,89.05,80.13,15.17,14.91,23.37,50.16,0,0,0,0,0
2026-01-01T02:58:16Z,leak,NORMAL,8511.2,39.59,89.27,79.68,15.01,15.07,23.57,50.02,0,0,0,0,0
2026-01-01T02:58:17Z,leak,NORMAL,8509.5,39.85,89.97,79.54,14.97,14.85,23.47,49.91,0,0,0,0,0
2026-01-01T02:58:18Z,leak,NORMAL,8522.1,40.25,90.15,80.43,14.92,14.83,23.35,50.02,0,0,0,0,0
2026-01-01T02:58:19Z,leak,NORMAL,8497.3,39.85,90.6,79.85,14.97,14.86,23.32,49.99,0,0,0,0,0
2026-01-01T02:58:20Z,leak,NORMAL,8507.2,39.97,90.22,80.55,14.9,14.77,23.36,50.02,0,0,0,0,0
2026-01-01T02:58:21Z,leak,NORMAL,8514.8,39.72,89.66,80.39,15.12,15.09,23.29,50.01,0,0,0,0,0
2026-01-01T02:58:22Z,leak,NORMAL,8496.9,39.94,90.51,79.22,15.07,14.97,23.52,50.01,0,0,0,0,0
2026-01-01T02:58:23Z,leak,NORMAL,8503.0,40.23,89.66,79.74,14.99,15.05,23.46,50.05,0,0,0,0,0
2026-01-01T02:58:24Z,leak,NORMAL,8509.3,40.01,89.99,80.0,15.08,15.09,23.28,50.01,0,0,0,0,0
2026-01-01T02:58:25Z,leak,NORMAL,8528.2,39.78,90.55,80.86,14.99,15.16,23.53,50.11,0,0,0,0,0
2026-01-01T02:58:26Z,leak,NORMAL,8507.2,39.97,90.84,80.52,14.91,15.09,23.29,49.94,0,0,0,0,0
2026-01-01T02:58:27Z,leak,NORMAL,8531.7,40.09,90.53,79.8,15.11,14.96,23.43,50.0,0,0,0,0,0
2026-01-01T02:58:28Z,leak,NORMAL,8522.3,39.89,90.35,79.83,14.81,15.06,23.31,50.01,0,0,0,0,0
2026-01-01T02:58:29Z,leak,NORMAL,8506.7,39.96,90.33,80.34,14.93,15.06,23.42,49.94,0,0,0,0,0
2026-01-01T02:58:30Z,leak,NORMAL,8508.9,39.97,90.72,79.2,15.09,14.86,23.3,50.0,0,0,0,0,0
2026-01-01T02:58:31Z,leak,NORMAL,8517.4,40.22,90.61,80.91,15.09,14.94,23.35,49.97,0,0,0,0,0
2026-01-01T02:58:32Z,leak,NORMAL,8519.7,39.95,88.78,79.85,15.01,14.81,23.12,49.98,0,0,0,0,0
2026-01-01T02:58:33Z,leak,NORMAL,8518.8,40.27,90.9,79.11,15.14,15.01,23.45,50.07,0,0,0,0,0
2026-01-01T02:58:34Z,leak,NORMAL,8519.4,39.97,89.78,79.73,15.09,15.04,23.31,49.94,0,0,0,0,0
2026-01-01T02:58:35Z,leak,NORMAL,8512.3,40.15,89.82,79.69,14.86,14.96,23.2,50.01,0,0,0,0,0
2026-01-01T02:58:36Z,leak,NORMAL,8512.3,39.81,89.78,79.72,14.98,15.02,23.42,49.94,0,0,0,0,0
2026-01-01T02:58:37Z,leak,NORMAL,8527.7,39.97,90.19,80.08,15.12,15.08,23.36,50.06,0,0,0,0,0
2026-01-01T02:58:38Z,leak,NORMAL,8538.3,40.27,90.82,79.83,15.12,14.96,23.26,50.0,0,0,0,0,0
2026-01-01T02:58:39Z,leak,NORMAL,8516.3,39.86,89.72,79.68,14.95,15.02,23.49,50.01,0,0,0,0,0
2026-01-01T02:58:40Z,leak,NORMAL,8510.5,39.97,90.91,80.57,15.06,14.91,23.37,50.0,0,0,0,0,0
2026-01-01T02:58:41Z,leak,NORMAL,8543.9,39.77,90.59,79.49,15.04,15.11,23.39,49.92,0,0,0,0,0
2026-01-01T02:58:42Z,leak,NORMAL,8519.5,40.32,91.2,79.41,14.86,15.0,23.27,50.09,0,0,0,0,0
2026-01-01T02:58:43Z,leak,NORMAL,8527.1,40.15,90.05,79.93,15.0,14.9,23.43,50.02,0,0,0,0,0
2026-01-01T02:58:44Z,leak,NORMAL,8534.6,39.97,88.81,79.59,15.02,15.09,23.22,49.98,0,0,0,0,0
2026-01-01T02:58:45Z,leak,NORMAL,8536.7,40.16,90.08,80.52,15.08,14.88,23.36,49.92,0,0,0,0,0
2026-01-01T02:58:46Z,leak,NORMAL,8538.1,40.22,90.72,80.49,14.97,15.0,23.24,50.06,0,0,0,0,0
2026-01-01T02:58:47Z,leak,NORMAL,8544.1,39.9,90.33,80.01,15.08,15.1,23.26,50.02,0,0,0,0,0
2026-01-01T02:58:48Z,leak,NORMAL,8538.1,39.61,90.15,80.03,15.14,14.88,23.31,49.98,0,0,0,0,0
2026-01-01T02:58:49Z,leak,NORMAL,8542.1,40.05,89.96,80.59,15.0,15.15,23.45,49.94,0,0,0,0,0
2026-01-01T02:58:50Z,leak,NORMAL,8535.3,40.08,90.79,80.07,14.91,15.07,23.29,49.97,0,0,0,0,0
2026-01-01T02:58:51Z,leak,NORMAL,8527.0,39.97,90.87,80.36,15.09,14.97,23.32,49.92,0,0,0,0,0
2026-01-01T02:58:52Z,leak,NORMAL,8524.3,39.97,90.45,80.29,15.07,15.12,23.16,50.03,0,0,0,0,0
2026-01-01T02:58:53Z,leak,NORMAL,8534.8,40.01,90.62,79.82,15.05,14.94,23.29,50.02,0,0,0,0,0
2026-01-01T02:58:54Z,leak,NORMAL,8534.4,40.06,90.53,80.48,14.9,15.17,23.36,50.01,0,0,0,0,0
2026-01-01T02:58:55Z,leak,NORMAL,8535.6,40.05,91.11,79.62,15.2,14.92,23.23,49.96,0,0,0,0,0
2026-01-01T02:58:56Z,leak,NORMAL,8542.2,40.09,90.74,79.44,14.85,15.01,23.38,49.97,0,0,0,0,0
2026-01-01T02:58:57Z,leak,NORMAL,8548.3,40.2,91.52,79.03,14.96,15.05,23.34,49.95,0,0,0,0,0
2026-01-01T02:58:58Z,leak,NORMAL,8543.5,39.79,90.25,79.79,14.99,15.14,23.26,50.06,0,0,0,0,0
2026-01-01T02:58:59Z,leak,NORMAL,8537.2,39.91,90.45,80.73,14.99,15.04,23.27,49.97,0,0,0,0,0
2026-01-01T02:59:00Z,leak,NORMAL,8546.1,40.4,90.33,79.85,15.06,14.84,23.42,49.98,0,0,0,0,0
2026-01-01T02:59:01Z,leak,NORMAL,8537.2,39.83,90.1,80.01,15.05,15.16,23.24,49.94,0,0,0,0,0
2026-01-01T02:59:02Z,leak,NORMAL,8562.7,40.04,90.18,80.33,15.07,14.82,23.16,50.0,0,0,0,0,0
2026-01-01T02:59:03Z,leak,NORMAL,8554.9,40.12,90.06,80.24,15.2,15.23,23.39,50.02,0,0,0,0,0
2026-01-01T02:59:04Z,leak,NORMAL,8542.0,40.09,89.97,80.43,14.82,15.14,23.08,50.02,0,0,0,0,0
2026-01-01T02:59:05Z,leak,NORMAL,8567.2,40.03,90.41,80.39,15.11,15.12,23.29,49.93,0,0,0,0,0
2026-01-01T02:59:06Z,leak,NORMAL,8545.6,40.21,90.3,80.41,15.02,15.13,23.35,50.06,0,0,0,0,0
2026-01-01T02:59:07Z,leak,NORMAL,8543.3,39.92,90.08,80.1,14.98,14.98,23.13,49.98,0,0,0,0,0
2026-01-01T02:59:08Z,leak,NORMAL,8549.3,39.99,90.59,81.01,15.22,15.1,23.25,49.96,0,0,0,0,0
2026-01-01T02:59:09Z,leak,NORMAL,8551.8,40.05,89.83,79.78,14.91,14.88,23.23,50.11,0,0,0,0,0
2026-01-01T02:59:10Z,leak,NORMAL,8550.7,39.92,90.3,80.41,15.03,14.9,23.15,50.0,0,0,0,0,0
2026-01-01T02:59:11Z,leak,NORMAL,8566.6,39.89,91.16,80.58,14.98,15.22,23.37,50.05,0,0,0,0,0
2026-01-01T02:59:12Z,leak,NORMAL,8575.1,40.1,91.06,80.88,15.0,15.16,23.16,49.98,0,0,0,0,0
2026-01-01T02:59:13Z,leak,NORMAL,8560.3,39.77,89.76,80.87,15.13,15.06,23.21,50.02,0,0,0,0,0
2026-01-01T02:59:14Z,leak,NORMAL,8562.0,39.85,90.78,80.93,15.12,15.15,23.15,49.93,0,0,0,0,0
2026-01-01T02:59:15Z,leak,NORMAL,8552.7,40.23,90.28,80.15,15.06,14.97,23.2,49.94,0,0,0,0,0
2026-01-01T02:59:16Z,leak,NORMAL,8556.9,40.1,90.36,79.17,15.06,14.93,23.08,50.08,0,0,0,0,0
2026-01-01T02:59:17Z,leak,NORMAL,8552.2,40.27,90.8,80.22,15.09,15.11,23.22,49.96,0,0,0,0,0
2026-01-01T02:59:18Z,leak,NORMAL,8566.5,39.81,90.29,80.71,15.12,14.96,23.22,50.05,0,0,0,0,0
2026-01-01T02:59:19Z,leak,NORMAL,8577.6,39.9,90.82,80.43,15.0,14.96,23.28,50.03,0,0,0,0,0
2026-01-01T02:59:20Z,leak,NORMAL,8564.3,39.99,90.63,80.11,14.96,15.08,23.22,50.01,0,0,0,0,0
2026-01-01T02:59:21Z,leak,NORMAL,8558.7,39.88,91.1,80.93,15.12,15.02,23.17,49.92,0,0,0,0,0
2026-01-01T02:59:22Z,leak,NORMAL,8573.5,39.8,90.76,80.41,15.05,14.93,23.1,50.01,0,0,0,0,0
2026-01-01T02:59:23Z,leak,NORMAL,8560.5,40.37,91.1,80.55,14.93,15.05,23.2,49.97,0,0,0,0,0
2026-01-01T02:59:24Z,leak,NORMAL,8576.4,39.92,91.92,80.35,15.14,15.16,23.22,50.03,0,0,0,0,0
2026-01-01T02:59:25Z,leak,NORMAL,8573.7,39.85,91.04,81.28,14.94,14.99,23.06,49.98,0,0,0,0,0
2026-01-01T02:59:26Z,leak,NORMAL,8553.1,40.15,91.69,80.2,15.02,14.91,22.9,50.02,0,0,0,0,0
2026-01-01T02:59:27Z,leak,NORMAL,8555.2,39.74,89.85,79.92,14.9,15.06,22.98,49.92,0,0,0,0,0
2026-01-01T02:59:28Z,leak,NORMAL,8567.7,40.24,90.72,79.91,14.98,15.1,23.11,50.08,0,0,0,0,0
2026-01-01T02:59:29Z,leak,NORMAL,8555.3,40.35,90.11,80.36,15.05,15.03,22.98,49.87,0,0,0,0,0
2026-01-01T02:59:30Z,leak,NORMAL,8560.9,39.64,90.85,80.61,15.09,15.11,23.18,49.95,0,0,0,0,0
2026-01-01T02:59:31Z,leak,NORMAL,8556.1,40.03,90.91,79.83,15.08,14.95,23.16,49.98,0,0,0,0,0
2026-01-01T02:59:32Z,leak,NORMAL,8575.5,39.89,89.49,80.66,15.09,14.95,23.17,49.9,0,0,0,0,0
2026-01-01T02:59:33Z,leak,NORMAL,8559.6,39.64,90.72,80.56,15.04,14.84,23.26,50.04,0,0,0,0,0
2026-01-01T02:59:34Z,leak,NORMAL,8585.9,39.95,91.14,80.55,15.05,14.95,23.2,50.05,0,0,0,0,0
2026-01-01T02:59:35Z,leak,NORMAL,8569.3,39.79,90.78,80.78,14.98,15.11,23.1,49.98,0,0,0,0,0
2026-01-01T02:59:36Z,leak,NORMAL,8589.6,40.16,91.05,80.9,15.0,15.08,23.14,50.04,0,0,0,0,0
2026-01-01T02:59:37Z,leak,NORMAL,8587.0,40.02,90.69,81.53,14.88,15.02,23.15,49.99,0,0,0,0,0
2026-01-01T02:59:38Z,leak,NORMAL,8570.2,40.19,90.96,80.92,14.9,15.11,23.24,50.11,0,0,0,0,0
2026-01-01T02:59:39Z,leak,NORMAL,8563.0,39.78,90.11,80.3,14.92,15.06,23.15,49.94,0,0,0,0,0
2026-01-01T02:59:40Z,leak,NORMAL,8588.4,40.01,90.77,80.64,14.75,15.03,23.2,50.0,0,0,0,0,0
2026-01-01T02:59:41Z,leak,NORMAL,8588.5,39.73,90.63,80.2,15.09,14.83,23.16,50.03,0,0,0,0,0
2026-01-01T02:59:42Z,leak,NORMAL,8583.1,39.95,89.01,80.06,14.84,15.1,23.28,49.99,0,0,0,0,0
2026-01-01T02:59:43Z,leak,NORMAL,8577.0,40.36,91.21,81.4,14.87,15.03,23.23,49.99,0,0,0,0,0
2026-01-01T02:59:44Z,leak,NORMAL,8575.7,39.96,90.16,80.05,14.89,14.99,23.25,49.98,0,0,0,0,0
2026-01-01T02:59:45Z,leak,NORMAL,8593.3,39.79,90.18,80.85,15.13,15.0,23.19,49.94,0,0,0,0,0
2026-01-01T02:59:46Z,leak,NORMAL,8592.1,39.83,90.55,80.36,14.99,15.06,23.31,49.94,0,0,0,0,0
2026-01-01T02:59:47Z,leak,NORMAL,8578.6,39.95,91.43,80.26,15.11,15.02,23.3,50.09,0,0,0,0,0
2026-01-01T02:59:48Z,leak,NORMAL,8574.5,39.75,90.11,79.93,14.88,15.06,23.33,50.08,0,0,0,0,0
2026-01-01T02:59:49Z,leak,NORMAL,8587.8,40.02,90.98,80.41,15.04,14.95,23.06,50.09,0,0,0,0,0
2026-01-01T02:59:50Z,leak,NORMAL,8597.0,40.05,90.9,80.69,14.94,15.07,23.22,50.01,0,0,0,0,0
2026-01-01T02:59:51Z,leak,NORMAL,8585.7,39.63,91.01,81.21,14.93,15.05,23.13,49.99,0,0,0,0,0
2026-01-01T02:59:52Z,leak,NORMAL,8597.6,40.21,91.32,81.19,14.93,14.98,23.18,49.94,0,0,0,0,0
2026-01-01T02:59:53Z,leak,NORMAL,8584.0,39.97,90.46,80.91,14.97,15.08,23.15,49.9,0,0,0,0,0
2026-01-01T02:59:54Z,leak,NORMAL,8595.6,40.09,91.29,80.19,15.04,15.03,23.21,50.08,0,0,0,0,0
2026-01-01T02:59:55Z,leak,NORMAL,8582.4,39.9,91.29,80.98,15.01,15.17,23.18,50.01,0,0,0,0,0
2026-01-01T02:59:56Z,leak,NORMAL,8588.1,39.74,90.85,80.97,15.14,14.97,23.2,50.0,0,0,0,0,0
2026-01-01T02:59:57Z,leak,NORMAL,8582.6,40.33,91.14,80.8,14.91,15.03,22.98,50.07,0,0,0,0,0
2026-01-01T02:59:58Z,leak,NORMAL,8581.7,39.92,90.61,79.92,14.85,15.24,23.07,49.98,0,0,0,0,0
2026-01-01T02:59:59Z,leak,NORMAL,8576.8,39.77,90.48,79.55,15.07,14.84,23.22,49.99,0,0,0,0,0
