timestamp,scenario,operating_state,active_power_mw,main_steam_flow_th,main_steam_pressure_bar,main_steam_temp_c,feedwater_flow_th,drum_level_mm,condenser_vacuum_bar,fuel_flow_th,boiler_tube_leak_alarm,condenser_fouling_alarm
2026-01-01T00:00:00Z,tube_leak,NORMAL,474.64,1595.7,159.94,540.7,1599.2,-7.5,-0.0897,174.47,0,0
2026-01-01T00:00:01Z,tube_leak,NORMAL,474.46,1592.4,160.12,541.2,1600.8,0.6,-0.0907,173.47,0,0
2026-01-01T00:00:02Z,tube_leak,NORMAL,475.62,1591.2,160.02,539.9,1599.4,-7.3,-0.0903,174.73,0,0
2026-01-01T00:00:03Z,tube_leak,NORMAL,477.18,1584.7,160.19,540.2,1598.9,-5.5,-0.0894,172.48,0,0
2026-01-01T00:00:04Z,tube_leak,NORMAL,468.45,1580.7,159.54,540.9,1597.1,-6.1,-0.0892,172.76,0,0
2026-01-01T00:00:05Z,tube_leak,NORMAL,474.78,1578.2,160.06,540.8,1595.4,1.8,-0.0894,174.02,0,0
2026-01-01T00:00:06Z,tube_leak,NORMAL,473.43,1574.4,159.77,540.5,1591.0,11.8,-0.0908,172.22,0,0
2026-01-01T00:00:07Z,tube_leak,NORMAL,476.92,1575.9,160.25,540.8,1594.1,-0.4,-0.0914,172.58,0,0
2026-01-01T00:00:08Z,tube_leak,NORMAL,477.38,1567.5,160.02,540.3,1587.0,3.8,-0.0894,175.22,0,0
2026-01-01T00:00:09Z,tube_leak,NORMAL,476.55,1566.7,159.72,539.2,1588.8,-2.7,-0.0901,173.45,0,0
2026-01-01T00:00:10Z,tube_leak,NORMAL,473.19,1564.9,159.08,538.9,1582.2,2.3,-0.0888,172.49,0,0
2026-01-01T00:00:11Z,tube_leak,NORMAL,475.65,1563.6,160.54,540.9,1582.6,-4.8,-0.0891,172.7,0,0
2026-01-01T00:00:12Z,tube_leak,NORMAL,478.07,1561.0,160.98,539.6,1584.5,0.8,-0.0905,171.01,0,0
2026-01-01T00:00:13Z,tube_leak,NORMAL,474.62,1561.9,160.41,540.7,1570.5,3.9,-0.0894,171.41,0,0
2026-01-01T00:00:14Z,tube_leak,NORMAL,473.43,1557.1,160.86,538.9,1574.3,7.2,-0.0904,171.43,0,0
2026-01-01T00:00:15Z,tube_leak,NORMAL,475.24,1552.7,160.11,538.8,1576.2,0.4,-0.0877,171.91,0,0
2026-01-01T00:00:16Z,tube_leak,NORMAL,478.41,1550.8,159.94,540.3,1576.8,-8.0,-0.089,172.05,0,0
2026-01-01T00:00:17Z,tube_leak,NORMAL,478.83,1553.2,160.03,539.5,1565.8,1.5,-0.0902,173.33,0,0
2026-01-01T00:00:18Z,tube_leak,NORMAL,473.47,1550.8,159.22,539.6,1568.4,4.7,-0.0886,171.11,0,0
2026-01-01T00:00:19Z,tube_leak,NORMAL,472.21,1549.6,160.26,540.5,1563.6,6.3,-0.0899,171.71,0,0
2026-01-01T00:00:20Z,tube_leak,NORMAL,478.19,1548.5,160.14,542.2,1564.6,-0.8,-0.0899,172.35,0,0
2026-01-01T00:00:21Z,tube_leak,NORMAL,475.3,1546.9,160.6,539.5,1556.9,2.2,-0.0898,170.12,0,0
2026-01-01T00:00:22Z,tube_leak,NORMAL,477.18,1545.8,159.5,540.5,1559.7,-6.7,-0.0895,170.55,0,0
2026-01-01T00:00:23Z,tube_leak,NORMAL,473.14,1544.4,160.24,539.4,1559.8,5.9,-0.0907,170.84,0,0
2026-01-01T00:00:24Z,tube_leak,NORMAL,475.01,1546.7,159.07,540.7,1556.1,0.4,-0.0881,170.33,0,0
2026-01-01T00:00:25Z,tube_leak,NORMAL,480.6,1540.2,160.18,539.5,1553.3,1.2,-0.0903,170.42,0,0
2026-01-01T00:00:26Z,tube_leak,NORMAL,469.74,1544.0,159.92,541.7,1550.8,2.4,-0.0868,169.22,0,0
2026-01-01T00:00:27Z,tube_leak,NORMAL,471.26,1537.9,160.24,540.7,1556.3,-0.2,-0.0916,169.54,0,0
2026-01-01T00:00:28Z,tube_leak,NORMAL,478.1,1539.0,159.02,540.0,1555.1,11.7,-0.0894,170.18,0,0
2026-01-01T00:00:29Z,tube_leak,NORMAL,471.9,1535.5,160.02,540.5,1551.3,-1.2,-0.0912,168.98,0,0
2026-01-01T00:00:30Z,tube_leak,NORMAL,472.11,1537.6,158.84,539.7,1549.6,8.8,-0.0899,170.65,0,0
2026-01-01T00:00:31Z,tube_leak,NORMAL,474.0,1534.0,159.66,541.5,1550.0,3.7,-0.0867,169.52,0,0
2026-01-01T00:00:32Z,tube_leak,NORMAL,476.55,1535.3,159.89,542.3,1550.3,-5.6,-0.0904,169.88,0,0
2026-01-01T00:00:33Z,tube_leak,NORMAL,476.96,1531.3,158.87,538.1,1544.4,0.9,-0.0897,168.59,0,0
2026-01-01T00:00:34Z,tube_leak,NORMAL,471.94,1529.2,160.16,540.4,1546.4,5.4,-0.0902,170.61,0,0
2026-01-01T00:00:35Z,tube_leak,NORMAL,474.66,1531.3,159.74,539.4,1535.9,2.3,-0.0898,168.81,0,0
2026-01-01T00:00:36Z,tube_leak,NORMAL,473.22,1532.7,160.86,540.0,1539.8,-1.4,-0.0901,167.82,0,0
2026-01-01T00:00:37Z,tube_leak,NORMAL,474.69,1531.5,160.92,540.9,1543.4,-1.9,-0.0893,167.86,0,0
2026-01-01T00:00:38Z,tube_leak,NORMAL,475.78,1531.7,159.62,542.0,1541.1,-7.8,-0.0894,168.51,0,0
2026-01-01T00:00:39Z,tube_leak,NORMAL,475.0,1531.2,160.2,538.0,1535.0,5.7,-0.0887,170.74,0,0
2026-01-01T00:00:40Z,tube_leak,NORMAL,479.51,1525.7,160.38,538.1,1542.4,3.1,-0.0911,170.77,0,0
2026-01-01T00:00:41Z,tube_leak,NORMAL,476.61,1525.5,160.15,539.3,1537.1,-0.4,-0.0886,167.26,0,0
2026-01-01T00:00:42Z,tube_leak,NORMAL,475.79,1532.4,159.59,540.2,1536.6,-1.5,-0.0894,168.71,0,0
2026-01-01T00:00:43Z,tube_leak,NORMAL,472.64,1531.9,160.4,539.8,1533.3,-1.9,-0.0888,168.39,0,0
2026-01-01T00:00:44Z,tube_leak,NORMAL,476.15,1527.6,160.31,539.9,1536.8,1.2,-0.0892,169.14,0,0
2026-01-01T00:00:45Z,tube_leak,NORMAL,474.71,1525.8,159.53,539.3,1530.8,6.5,-0.09,169.98,0,0
2026-01-01T00:00:46Z,tube_leak,NORMAL,480.7,1527.2,159.23,539.6,1532.9,-5.2,-0.0903,168.63,0,0
2026-01-01T00:00:47Z,tube_leak,NORMAL,473.85,1525.3,159.62,541.8,1532.0,-1.8,-0.0904,169.23,0,0
2026-01-01T00:00:48Z,tube_leak,NORMAL,473.29,1527.4,160.36,540.7,1536.1,-0.4,-0.0889,167.42,0,0
2026-01-01T00:00:49Z,tube_leak,NORMAL,474.01,1528.5,160.41,540.0,1527.8,5.2,-0.0906,167.23,0,0
2026-01-01T00:00:50Z,tube_leak,NORMAL,473.38,1526.3,158.94,540.4,1531.3,-0.4,-0.089,168.71,0,0
2026-01-01T00:00:51Z,tube_leak,NORMAL,473.48,1524.2,160.35,538.5,1529.3,-0.6,-0.0899,168.26,0,0
2026-01-01T00:00:52Z,tube_leak,NORMAL,475.09,1527.5,160.11,539.7,1526.1,6.2,-0.0895,169.44,0,0
2026-01-01T00:00:53Z,tube_leak,NORMAL,473.13,1525.1,159.97,539.9,1529.3,-5.9,-0.0892,168.59,0,0
2026-01-01T00:00:54Z,tube_leak,NORMAL,477.83,1529.3,159.84,540.0,1528.9,12.5,-0.0917,168.37,0,0
2026-01-01T00:00:55Z,tube_leak,NORMAL,471.32,1519.4,158.99,538.6,1531.6,-1.5,-0.0902,166.68,0,0
2026-01-01T00:00:56Z,tube_leak,NORMAL,476.53,1522.1,160.66,539.0,1525.7,3.5,-0.09,169.22,0,0
2026-01-01T00:00:57Z,tube_leak,NORMAL,475.3,1521.7,159.72,539.4,1529.8,4.9,-0.0901,168.62,0,0
2026-01-01T00:00:58Z,tube_leak,NORMAL,473.68,1523.6,160.09,541.5,1526.9,1.2,-0.091,168.39,0,0
2026-01-01T00:00:59Z,tube_leak,NORMAL,473.53,1524.4,159.05,541.0,1522.9,-0.8,-0.0889,166.32,0,0
2026-01-01T00:01:00Z,tube_leak,NORMAL,474.8,1523.6,159.5,541.3,1531.0,-6.8,-0.0914,168.42,0,0
2026-01-01T00:01:01Z,tube_leak,NORMAL,471.74,1522.5,160.06,540.7,1525.5,3.6,-0.0908,168.87,0,0
2026-01-01T00:01:02Z,tube_leak,NORMAL,473.76,1523.8,159.74,540.1,1525.4,2.4,-0.091,168.33,0,0
2026-01-01T00:01:03Z,tube_leak,NORMAL,478.54,1523.5,160.37,540.8,1528.4,4.8,-0.0898,168.36,0,0
2026-01-01T00:01:04Z,tube_leak,NORMAL,475.17,1520.9,160.01,538.1,1525.3,5.4,-0.0888,167.61,0,0
2026-01-01T00:01:05Z,tube_leak,NORMAL,477.32,1522.7,159.49,538.6,1522.2,-3.4,-0.0894,167.21,0,0
2026-01-01T00:01:06Z,tube_leak,NORMAL,476.43,1522.7,160.52,541.1,1522.9,2.1,-0.0905,165.77,0,0
2026-01-01T00:01:07Z,tube_leak,NORMAL,476.69,1524.8,160.0,539.5,1527.9,-8.2,-0.0898,167.5,0,0
2026-01-01T00:01:08Z,tube_leak,NORMAL,473.57,1525.1,160.49,539.7,1524.1,1.6,-0.0905,166.01,0,0
2026-01-01T00:01:09Z,tube_leak,NORMAL,478.45,1524.3,160.4,538.9,1530.4,13.5,-0.0898,166.38,0,0
2026-01-01T00:01:10Z,tube_leak,NORMAL,472.83,1522.9,159.54,540.0,1527.2,-3.9,-0.088,168.82,0,0
2026-01-01T00:01:11Z,tube_leak,NORMAL,471.91,1519.2,159.86,539.0,1523.0,-9.2,-0.0902,169.03,0,0
2026-01-01T00:01:12Z,tube_leak,NORMAL,472.21,1521.3,159.26,540.6,1522.9,13.4,-0.0898,166.82,0,0
2026-01-01T00:01:13Z,tube_leak,NORMAL,476.38,1520.8,159.33,540.3,1522.9,4.6,-0.0896,166.66,0,0
2026-01-01T00:01:14Z,tube_leak,NORMAL,476.05,1525.2,159.45,541.7,1522.5,0.0,-0.0876,167.3,0,0
2026-01-01T00:01:15Z,tube_leak,NORMAL,478.43,1523.3,159.16,540.1,1521.5,-2.8,-0.0918,167.22,0,0
2026-01-01T00:01:16Z,tube_leak,NORMAL,476.48,1522.3,159.85,539.2,1519.9,1.2,-0.091,166.89,0,0
2026-01-01T00:01:17Z,tube_leak,NORMAL,474.94,1519.7,159.88,539.2,1522.7,6.5,-0.0898,167.54,0,0
2026-01-01T00:01:18Z,tube_leak,NORMAL,470.87,1520.6,160.14,540.6,1517.8,4.8,-0.0888,166.86,0,0
2026-01-01T00:01:19Z,tube_leak,NORMAL,474.76,1522.2,160.12,540.7,1522.7,4.8,-0.0908,166.84,0,0
2026-01-01T00:01:20Z,tube_leak,NORMAL,478.13,1520.8,159.92,539.5,1524.7,-0.2,-0.0891,166.06,0,0
2026-01-01T00:01:21Z,tube_leak,NORMAL,472.36,1521.6,160.07,540.3,1525.4,2.1,-0.0896,166.06,0,0
2026-01-01T00:01:22Z,tube_leak,NORMAL,478.15,1522.4,160.27,540.2,1519.8,2.5,-0.0895,166.93,0,0
2026-01-01T00:01:23Z,tube_leak,NORMAL,475.31,1518.4,160.09,539.3,1518.8,3.4,-0.0919,167.63,0,0
2026-01-01T00:01:24Z,tube_leak,NORMAL,477.13,1520.9,159.5,539.1,1521.5,-7.9,-0.0898,167.57,0,0
2026-01-01T00:01:25Z,tube_leak,NORMAL,474.22,1520.0,160.09,540.4,1525.1,4.4,-0.0907,166.43,0,0
2026-01-01T00:01:26Z,tube_leak,NORMAL,475.45,1524.0,159.84,538.9,1519.1,-6.2,-0.0897,165.51,0,0
2026-01-01T00:01:27Z,tube_leak,NORMAL,471.92,1516.9,159.44,540.6,1517.7,-4.4,-0.0898,166.51,0,0
2026-01-01T00:01:28Z,tube_leak,NORMAL,476.08,1522.3,160.0,538.7,1521.2,6.9,-0.0906,165.39,0,0
2026-01-01T00:01:29Z,tube_leak,NORMAL,477.76,1520.0,159.8,540.0,1524.6,5.7,-0.0903,167.5,0,0
2026-01-01T00:01:30Z,tube_leak,NORMAL,480.37,1523.5,160.34,538.9,1532.7,-1.6,-0.0904,166.1,0,0
2026-01-01T00:01:31Z,tube_leak,NORMAL,479.07,1521.6,159.29,540.3,1523.0,2.9,-0.0912,166.06,0,0
2026-01-01T00:01:32Z,tube_leak,NORMAL,473.91,1520.7,159.74,540.7,1518.4,-4.2,-0.0907,168.11,0,0
2026-01-01T00:01:33Z,tube_leak,NORMAL,473.57,1525.3,160.25,538.8,1518.7,5.7,-0.0912,169.12,0,0
2026-01-01T00:01:34Z,tube_leak,NORMAL,472.52,1522.0,160.73,539.9,1518.2,3.2,-0.0896,167.61,0,0
2026-01-01T00:01:35Z,tube_leak,NORMAL,475.14,1517.8,160.02,539.3,1514.6,1.1,-0.0914,167.31,0,0
2026-01-01T00:01:36Z,tube_leak,NORMAL,479.86,1524.3,159.71,539.5,1523.1,9.9,-0.0904,166.56,0,0
2026-01-01T00:01:37Z,tube_leak,NORMAL,480.52,1520.3,159.76,540.1,1522.7,-0.5,-0.0902,165.53,0,0
2026-01-01T00:01:38Z,tube_leak,NORMAL,474.3,1524.3,160.37,539.9,1518.1,3.1,-0.0889,166.12,0,0
2026-01-01T00:01:39Z,tube_leak,NORMAL,478.63,1517.7,159.85,541.7,1514.9,10.6,-0.0919,166.58,0,0
2026-01-01T00:01:40Z,tube_leak,NORMAL,474.57,1522.1,158.42,538.1,1519.2,4.8,-0.0909,166.43,0,0
2026-01-01T00:01:41Z,tube_leak,NORMAL,472.03,1519.6,159.58,540.2,1522.6,11.8,-0.0907,166.32,0,0
2026-01-01T00:01:42Z,tube_leak,NORMAL,475.12,1519.8,159.97,538.4,1521.9,0.1,-0.091,165.04,0,0
2026-01-01T00:01:43Z,tube_leak,NORMAL,477.9,1520.1,160.57,540.3,1515.6,-0.7,-0.0892,165.85,0,0
2026-01-01T00:01:44Z,tube_leak,NORMAL,472.27,1520.0,159.91,539.0,1519.7,2.3,-0.0926,167.11,0,0
2026-01-01T00:01:45Z,tube_leak,NORMAL,472.97,1523.0,159.42,538.4,1524.2,-3.2,-0.0906,167.19,0,0
2026-01-01T00:01:46Z,tube_leak,NORMAL,474.18,1517.0,160.09,539.8,1524.5,7.7,-0.087,164.94,0,0
2026-01-01T00:01:47Z,tube_leak,NORMAL,474.95,1518.2,160.58,540.8,1522.9,0.9,-0.0907,164.55,0,0
2026-01-01T00:01:48Z,tube_leak,NORMAL,479.27,1521.3,159.87,540.9,1522.8,9.6,-0.0916,165.85,0,0
2026-01-01T00:01:49Z,tube_leak,NORMAL,475.49,1521.0,160.48,539.0,1520.9,15.8,-0.0893,167.43,0,0
2026-01-01T00:01:50Z,tube_leak,NORMAL,474.95,1521.8,160.9,540.1,1524.2,0.4,-0.0894,167.45,0,0
2026-01-01T00:01:51Z,tube_leak,NORMAL,473.12,1522.5,159.66,539.2,1520.5,14.4,-0.0897,167.47,0,0
2026-01-01T00:01:52Z,tube_leak,NORMAL,473.17,1520.4,159.41,539.4,1523.0,4.6,-0.0885,166.33,0,0
2026-01-01T00:01:53Z,tube_leak,NORMAL,474.51,1522.8,159.68,538.5,1524.3,6.8,-0.0922,166.57,0,0
2026-01-01T00:01:54Z,tube_leak,NORMAL,473.99,1523.7,159.64,539.4,1517.7,-0.5,-0.0907,165.08,0,0
2026-01-01T00:01:55Z,tube_leak,NORMAL,472.42,1517.0,159.25,538.4,1518.8,1.3,-0.0912,166.98,0,0
2026-01-01T00:01:56Z,tube_leak,NORMAL,474.88,1519.3,159.77,541.6,1521.1,7.1,-0.0926,165.84,0,0
2026-01-01T00:01:57Z,tube_leak,NORMAL,469.57,1519.3,160.19,539.3,1521.9,-0.4,-0.0894,164.94,0,0
2026-01-01T00:01:58Z,tube_leak,NORMAL,474.35,1521.0,160.27,539.9,1526.2,2.7,-0.0905,163.72,0,0
2026-01-01T00:01:59Z,tube_leak,NORMAL,479.42,1519.4,159.41,541.3,1524.0,5.3,-0.0914,166.9,0,0
2026-01-01T00:02:00Z,tube_leak,NORMAL,473.45,1517.8,160.52,537.9,1522.0,7.0,-0.0879,166.79,0,0
2026-01-01T00:02:01Z,tube_leak,NORMAL,469.85,1518.5,160.03,540.4,1523.2,-5.1,-0.0903,167.43,0,0
2026-01-01T00:02:02Z,tube_leak,NORMAL,478.86,1523.9,159.8,541.1,1525.4,10.7,-0.0893,167.28,0,0
2026-01-01T00:02:03Z,tube_leak,NORMAL,473.03,1517.2,160.49,539.7,1520.2,1.8,-0.0904,166.68,0,0
2026-01-01T00:02:04Z,tube_leak,NORMAL,472.45,1520.3,160.12,539.9,1518.0,8.6,-0.0881,165.84,0,0
2026-01-01T00:02:05Z,tube_leak,NORMAL,478.09,1521.9,158.67,539.2,1518.3,8.6,-0.0898,166.91,0,0
2026-01-01T00:02:06Z,tube_leak,NORMAL,476.59,1518.3,159.63,538.8,1519.7,4.0,-0.0898,165.71,0,0
2026-01-01T00:02:07Z,tube_leak,NORMAL,477.27,1521.9,160.77,540.7,1520.8,8.0,-0.0894,165.78,0,0
2026-01-01T00:02:08Z,tube_leak,NORMAL,478.22,1523.5,160.99,540.0,1521.2,6.7,-0.09,167.04,0,0
2026-01-01T00:02:09Z,tube_leak,NORMAL,474.7,1519.7,160.88,540.2,1520.4,9.0,-0.0898,166.71,0,0
2026-01-01T00:02:10Z,tube_leak,NORMAL,474.84,1517.7,159.98,538.9,1520.8,-1.3,-0.0891,167.16,0,0
2026-01-01T00:02:11Z,tube_leak,NORMAL,475.7,1519.9,160.21,538.0,1516.9,3.8,-0.0897,166.33,0,0
2026-01-01T00:02:12Z,tube_leak,NORMAL,472.49,1520.4,159.77,538.9,1521.2,3.5,-0.0888,167.07,0,0
2026-01-01T00:02:13Z,tube_leak,NORMAL,476.84,1520.7,159.58,539.1,1515.7,18.9,-0.0911,166.19,0,0
2026-01-01T00:02:14Z,tube_leak,NORMAL,474.1,1519.5,159.71,538.1,1517.2,-2.5,-0.0901,165.71,0,0
2026-01-01T00:02:15Z,tube_leak,NORMAL,473.28,1520.5,159.71,540.9,1519.0,5.6,-0.0913,167.05,0,0
2026-01-01T00:02:16Z,tube_leak,NORMAL,473.99,1520.9,160.17,539.8,1520.8,2.5,-0.0887,167.32,0,0
2026-01-01T00:02:17Z,tube_leak,NORMAL,476.21,1517.7,159.45,539.3,1519.4,6.6,-0.0909,167.56,0,0
2026-01-01T00:02:18Z,tube_leak,NORMAL,475.01,1516.0,159.76,537.4,1517.9,1.6,-0.0906,166.05,0,0
2026-01-01T00:02:19Z,tube_leak,NORMAL,474.01,1518.9,160.75,541.2,1516.7,10.6,-0.0916,165.56,0,0
2026-01-01T00:02:20Z,tube_leak,NORMAL,478.81,1515.6,160.29,538.7,1519.7,3.4,-0.0883,165.56,0,0
2026-01-01T00:02:21Z,tube_leak,NORMAL,474.83,1521.3,159.87,539.2,1519.9,4.7,-0.0891,165.42,0,0
2026-01-01T00:02:22Z,tube_leak,NORMAL,473.88,1520.7,159.92,539.8,1520.0,0.7,-0.0908,166.8,0,0
2026-01-01T00:02:23Z,tube_leak,NORMAL,472.26,1522.4,160.11,538.7,1520.9,5.0,-0.0892,167.52,0,0
2026-01-01T00:02:24Z,tube_leak,NORMAL,474.08,1518.6,159.7,539.0,1517.9,5.5,-0.09,165.86,0,0
2026-01-01T00:02:25Z,tube_leak,NORMAL,473.15,1520.7,159.75,539.0,1519.6,2.8,-0.0911,167.18,0,0
2026-01-01T00:02:26Z,tube_leak,NORMAL,477.12,1520.1,160.07,540.5,1520.0,8.5,-0.0883,166.43,0,0
2026-01-01T00:02:27Z,tube_leak,NORMAL,476.1,1521.8,159.83,538.9,1522.8,-3.8,-0.0882,167.22,0,0
2026-01-01T00:02:28Z,tube_leak,NORMAL,475.47,1520.1,160.88,539.1,1516.6,1.0,-0.0903,165.34,0,0
2026-01-01T00:02:29Z,tube_leak,NORMAL,475.38,1520.3,159.59,541.6,1515.9,-2.5,-0.0896,166.13,0,0
2026-01-01T00:02:30Z,tube_leak,NORMAL,476.04,1518.8,159.48,539.4,1518.0,6.5,-0.0905,167.1,0,0
2026-01-01T00:02:31Z,tube_leak,NORMAL,476.47,1522.1,160.45,540.8,1522.4,1.2,-0.0903,164.51,0,0
2026-01-01T00:02:32Z,tube_leak,NORMAL,475.73,1518.7,160.2,540.5,1516.0,-1.3,-0.0903,165.82,0,0
2026-01-01T00:02:33Z,tube_leak,NORMAL,475.42,1517.7,160.02,538.3,1513.6,7.3,-0.0913,165.77,0,0
2026-01-01T00:02:34Z,tube_leak,NORMAL,471.46,1517.2,159.8,539.6,1523.0,5.9,-0.0903,167.09,0,0
2026-01-01T00:02:35Z,tube_leak,NORMAL,477.79,1520.8,159.8,541.0,1525.4,6.9,-0.0882,167.25,0,0
2026-01-01T00:02:36Z,tube_leak,NORMAL,477.12,1517.8,159.44,540.0,1515.0,0.6,-0.0891,165.66,0,0
2026-01-01T00:02:37Z,tube_leak,NORMAL,476.33,1517.3,159.75,541.0,1520.7,5.0,-0.0883,167.62,0,0
2026-01-01T00:02:38Z,tube_leak,NORMAL,472.81,1522.7,159.69,540.0,1520.1,8.8,-0.0911,166.77,0,0
2026-01-01T00:02:39Z,tube_leak,NORMAL,476.31,1521.6,159.89,541.0,1517.9,9.1,-0.0896,164.92,0,0
2026-01-01T00:02:40Z,tube_leak,NORMAL,476.02,1520.4,159.82,539.3,1519.3,-3.9,-0.0883,165.19,0,0
2026-01-01T00:02:41Z,tube_leak,NORMAL,473.35,1522.3,160.29,540.7,1524.6,1.7,-0.091,167.16,0,0
2026-01-01T00:02:42Z,tube_leak,NORMAL,476.99,1519.4,159.37,541.2,1521.8,-3.6,-0.0892,164.87,0,0
2026-01-01T00:02:43Z,tube_leak,NORMAL,473.79,1517.8,159.68,539.2,1518.2,6.8,-0.0897,166.94,0,0
2026-01-01T00:02:44Z,tube_leak,NORMAL,477.73,1519.3,160.04,540.5,1525.2,7.6,-0.0886,167.33,0,0
2026-01-01T00:02:45Z,tube_leak,NORMAL,477.64,1516.4,160.44,540.2,1520.2,0.4,-0.0904,166.72,0,0
2026-01-01T00:02:46Z,tube_leak,NORMAL,477.1,1517.0,160.11,539.4,1517.2,5.0,-0.0903,165.65,0,0
2026-01-01T00:02:47Z,tube_leak,NORMAL,473.08,1520.6,159.99,538.9,1517.5,2.0,-0.0896,165.25,0,0
2026-01-01T00:02:48Z,tube_leak,NORMAL,476.22,1518.4,161.36,539.1,1517.7,3.8,-0.0909,167.13,0,0
2026-01-01T00:02:49Z,tube_leak,NORMAL,479.5,1519.2,160.09,539.5,1520.0,10.0,-0.0891,165.4,0,0
2026-01-01T00:02:50Z,tube_leak,NORMAL,478.86,1522.3,160.24,539.3,1520.2,-1.2,-0.0895,165.98,0,0
2026-01-01T00:02:51Z,tube_leak,NORMAL,469.41,1521.9,160.1,541.1,1519.6,3.6,-0.0889,166.68,0,0
2026-01-01T00:02:52Z,tube_leak,NORMAL,475.72,1526.4,159.92,540.2,1525.2,-1.4,-0.091,164.86,0,0
2026-01-01T00:02:53Z,tube_leak,NORMAL,476.33,1521.3,160.37,538.6,1523.0,8.5,-0.0901,166.33,0,0
2026-01-01T00:02:54Z,tube_leak,NORMAL,476.69,1520.7,160.32,538.9,1519.5,-3.6,-0.0894,166.82,0,0
2026-01-01T00:02:55Z,tube_leak,NORMAL,474.75,1520.6,159.22,540.9,1518.6,3.1,-0.0889,165.53,0,0
2026-01-01T00:02:56Z,tube_leak,NORMAL,477.99,1520.3,160.01,540.6,1516.3,5.3,-0.0899,167.33,0,0
2026-01-01T00:02:57Z,tube_leak,NORMAL,474.46,1519.3,160.18,539.9,1516.5,1.3,-0.0887,166.2,0,0
2026-01-01T00:02:58Z,tube_leak,NORMAL,472.82,1521.4,159.07,537.9,1520.0,3.1,-0.0898,165.39,0,0
2026-01-01T00:02:59Z,tube_leak,NORMAL,474.62,1517.2,160.11,538.4,1519.6,3.4,-0.0918,165.76,0,0
2026-01-01T00:03:00Z,tube_leak,NORMAL,476.97,1523.1,159.25,540.3,1516.3,-4.7,-0.0884,166.95,0,0
2026-01-01T00:03:01Z,tube_leak,NORMAL,472.99,1520.4,160.32,540.2,1526.8,5.0,-0.093,165.99,0,0
2026-01-01T00:03:02Z,tube_leak,NORMAL,473.16,1519.6,160.01,539.3,1516.8,8.7,-0.0894,165.61,0,0
2026-01-01T00:03:03Z,tube_leak,NORMAL,476.7,1521.4,160.63,538.9,1522.4,-1.2,-0.0888,166.09,0,0
2026-01-01T00:03:04Z,tube_leak,NORMAL,469.32,1520.1,159.11,539.8,1519.8,-0.2,-0.0915,165.17,0,0
2026-01-01T00:03:05Z,tube_leak,NORMAL,472.89,1519.5,160.64,540.7,1518.6,8.1,-0.0914,166.97,0,0
2026-01-01T00:03:06Z,tube_leak,NORMAL,474.56,1520.5,160.32,539.3,1522.4,1.6,-0.0876,165.98,0,0
2026-01-01T00:03:07Z,tube_leak,NORMAL,478.17,1521.3,159.41,541.4,1516.8,-9.6,-0.0891,167.35,0,0
2026-01-01T00:03:08Z,tube_leak,NORMAL,475.13,1519.5,160.79,540.7,1518.0,5.1,-0.0912,165.72,0,0
2026-01-01T00:03:09Z,tube_leak,NORMAL,472.37,1515.6,159.41,541.2,1516.7,-1.4,-0.0912,167.14,0,0
2026-01-01T00:03:10Z,tube_leak,NORMAL,475.0,1521.0,159.95,538.8,1517.1,5.5,-0.0901,167.05,0,0
2026-01-01T00:03:11Z,tube_leak,NORMAL,467.09,1522.2,159.75,542.2,1518.5,1.4,-0.0893,165.4,0,0
2026-01-01T00:03:12Z,tube_leak,NORMAL,477.18,1518.7,160.64,540.8,1521.5,-2.5,-0.0902,166.57,0,0
2026-01-01T00:03:13Z,tube_leak,NORMAL,469.92,1518.9,160.47,538.7,1523.8,-2.1,-0.0897,165.13,0,0
2026-01-01T00:03:14Z,tube_leak,NORMAL,476.21,1520.9,160.57,541.4,1523.8,2.1,-0.0912,167.6,0,0
2026-01-01T00:03:15Z,tube_leak,NORMAL,471.74,1519.1,160.37,540.4,1524.8,0.9,-0.0917,166.0,0,0
2026-01-01T00:03:16Z,tube_leak,NORMAL,475.44,1519.3,160.71,539.8,1515.7,3.2,-0.0911,167.97,0,0
2026-01-01T00:03:17Z,tube_leak,NORMAL,475.68,1517.2,160.54,542.4,1514.0,5.3,-0.0895,166.45,0,0
2026-01-01T00:03:18Z,tube_leak,NORMAL,475.86,1521.0,159.65,541.4,1516.0,10.5,-0.0885,165.08,0,0
2026-01-01T00:03:19Z,tube_leak,NORMAL,474.99,1522.8,159.75,539.8,1518.8,6.5,-0.0906,166.26,0,0
2026-01-01T00:03:20Z,tube_leak,NORMAL,476.35,1519.6,159.57,538.7,1515.5,-5.4,-0.0917,165.54,0,0
2026-01-01T00:03:21Z,tube_leak,NORMAL,475.75,1520.1,159.59,539.0,1517.0,-6.5,-0.0912,166.98,0,0
2026-01-01T00:03:22Z,tube_leak,NORMAL,471.49,1520.0,159.69,542.4,1514.6,1.4,-0.0903,165.5,0,0
2026-01-01T00:03:23Z,tube_leak,NORMAL,475.79,1520.3,159.47,540.4,1521.2,6.9,-0.0906,167.74,0,0
2026-01-01T00:03:24Z,tube_leak,NORMAL,474.51,1516.1,160.26,539.9,1517.4,4.9,-0.0905,167.28,0,0
2026-01-01T00:03:25Z,tube_leak,NORMAL,474.79,1521.5,160.34,540.5,1516.9,4.7,-0.09,168.27,0,0
2026-01-01T00:03:26Z,tube_leak,NORMAL,476.2,1521.5,159.62,539.6,1520.3,-5.8,-0.0912,166.16,0,0
2026-01-01T00:03:27Z,tube_leak,NORMAL,474.81,1520.4,160.56,539.6,1522.0,-0.7,-0.0902,166.52,0,0
2026-01-01T00:03:28Z,tube_leak,NORMAL,469.83,1520.1,159.68,539.1,1514.3,-2.3,-0.0919,167.14,0,0
2026-01-01T00:03:29Z,tube_leak,NORMAL,474.4,1516.6,159.66,540.8,1518.2,-1.6,-0.0904,166.14,0,0
2026-01-01T00:03:30Z,tube_leak,NORMAL,470.75,1519.9,159.72,543.0,1519.4,-2.5,-0.089,166.11,0,0
2026-01-01T00:03:31Z,tube_leak,NORMAL,475.63,1518.3,160.78,539.4,1521.1,5.3,-0.0903,166.26,0,0
2026-01-01T00:03:32Z,tube_leak,NORMAL,476.47,1521.4,159.45,540.2,1517.2,-4.1,-0.0906,167.48,0,0
2026-01-01T00:03:33Z,tube_leak,NORMAL,478.99,1525.2,159.97,539.2,1517.1,7.6,-0.0915,165.95,0,0
2026-01-01T00:03:34Z,tube_leak,NORMAL,473.58,1523.5,159.49,541.1,1523.9,-1.4,-0.0895,164.72,0,0
2026-01-01T00:03:35Z,tube_leak,NORMAL,474.78,1519.6,158.71,540.4,1521.1,-9.1,-0.0914,165.51,0,0
2026-01-01T00:03:36Z,tube_leak,NORMAL,473.68,1519.4,159.52,539.0,1520.9,-3.1,-0.0901,166.03,0,0
2026-01-01T00:03:37Z,tube_leak,NORMAL,476.14,1519.7,160.43,540.1,1522.7,5.4,-0.0915,167.18,0,0
2026-01-01T00:03:38Z,tube_leak,NORMAL,479.46,1518.1,159.98,539.6,1521.3,1.7,-0.0907,167.57,0,0
2026-01-01T00:03:39Z,tube_leak,NORMAL,472.86,1519.7,160.51,542.0,1518.5,3.0,-0.0898,164.68,0,0
2026-01-01T00:03:40Z,tube_leak,NORMAL,472.61,1517.6,159.75,539.6,1520.1,5.4,-0.0896,168.91,0,0
2026-01-01T00:03:41Z,tube_leak,NORMAL,474.39,1521.6,160.21,541.5,1518.9,3.1,-0.0884,165.54,0,0
2026-01-01T00:03:42Z,tube_leak,NORMAL,474.81,1521.0,159.78,539.1,1525.5,-2.3,-0.0883,165.75,0,0
2026-01-01T00:03:43Z,tube_leak,NORMAL,474.48,1521.6,159.9,539.1,1517.8,0.1,-0.0907,166.35,0,0
2026-01-01T00:03:44Z,tube_leak,NORMAL,469.36,1518.9,159.91,539.5,1517.0,-5.8,-0.0899,167.75,0,0
2026-01-01T00:03:45Z,tube_leak,NORMAL,471.5,1519.4,160.49,540.3,1519.7,-3.7,-0.09,166.16,0,0
2026-01-01T00:03:46Z,tube_leak,NORMAL,469.53,1518.6,159.03,541.3,1522.5,-5.4,-0.0892,168.71,0,0
2026-01-01T00:03:47Z,tube_leak,NORMAL,473.44,1522.6,160.18,539.8,1516.7,-4.3,-0.0904,163.94,0,0
2026-01-01T00:03:48Z,tube_leak,NORMAL,476.33,1519.4,160.23,539.6,1529.0,-9.9,-0.0909,166.96,0,0
2026-01-01T00:03:49Z,tube_leak,NORMAL,480.9,1518.0,160.91,539.1,1523.9,-1.3,-0.0878,168.04,0,0
2026-01-01T00:03:50Z,tube_leak,NORMAL,473.38,1525.9,159.44,539.7,1525.4,-5.5,-0.0906,166.39,0,0
2026-01-01T00:03:51Z,tube_leak,NORMAL,476.13,1520.8,159.63,540.2,1521.9,5.7,-0.0897,165.0,0,0
2026-01-01T00:03:52Z,tube_leak,NORMAL,475.07,1518.8,160.66,538.3,1521.7,-7.3,-0.0887,167.03,0,0
2026-01-01T00:03:53Z,tube_leak,NORMAL,475.55,1521.0,159.83,540.7,1519.9,1.6,-0.0899,163.78,0,0
2026-01-01T00:03:54Z,tube_leak,NORMAL,473.72,1523.0,160.73,540.1,1519.6,-3.8,-0.0894,166.84,0,0
2026-01-01T00:03:55Z,tube_leak,NORMAL,472.55,1521.3,160.62,539.0,1519.4,0.2,-0.0893,165.84,0,0
2026-01-01T00:03:56Z,tube_leak,NORMAL,473.68,1519.1,160.19,540.4,1519.9,-9.0,-0.0911,166.89,0,0
2026-01-01T00:03:57Z,tube_leak,NORMAL,471.95,1520.5,159.82,539.4,1520.1,6.1,-0.0897,165.96,0,0
2026-01-01T00:03:58Z,tube_leak,NORMAL,471.32,1521.0,160.57,540.6,1523.5,0.0,-0.0913,166.21,0,0
2026-01-01T00:03:59Z,tube_leak,NORMAL,476.31,1521.4,159.75,539.9,1521.1,3.9,-0.089,166.9,0,0
2026-01-01T00:04:00Z,tube_leak,NORMAL,475.99,1517.9,159.45,539.9,1523.1,-0.5,-0.0894,164.75,0,0
2026-01-01T00:04:01Z,tube_leak,NORMAL,471.35,1522.2,159.98,538.7,1522.6,-1.3,-0.087,167.51,0,0
2026-01-01T00:04:02Z,tube_leak,NORMAL,475.87,1519.7,160.12,539.9,1515.7,2.0,-0.0897,163.5,0,0
2026-01-01T00:04:03Z,tube_leak,NORMAL,473.41,1518.3,160.49,540.0,1524.5,-10.7,-0.0911,167.32,0,0
2026-01-01T00:04:04Z,tube_leak,NORMAL,473.36,1517.9,159.74,539.2,1521.6,2.8,-0.0916,165.96,0,0
2026-01-01T00:04:05Z,tube_leak,NORMAL,475.04,1520.2,160.42,540.1,1518.3,-8.4,-0.0918,165.88,0,0
2026-01-01T00:04:06Z,tube_leak,NORMAL,475.04,1521.8,159.81,542.3,1519.8,-5.3,-0.0896,165.28,0,0
2026-01-01T00:04:07Z,tube_leak,NORMAL,475.52,1515.9,160.34,540.1,1520.6,-2.2,-0.0913,165.36,0,0
2026-01-01T00:04:08Z,tube_leak,NORMAL,478.92,1521.0,159.7,540.4,1521.2,6.8,-0.0889,166.67,0,0
2026-01-01T00:04:09Z,tube_leak,NORMAL,473.88,1523.6,159.95,539.1,1516.3,-7.4,-0.0904,167.02,0,0
2026-01-01T00:04:10Z,tube_leak,NORMAL,477.28,1522.3,160.08,540.8,1526.8,1.4,-0.0884,164.74,0,0
2026-01-01T00:04:11Z,tube_leak,NORMAL,473.15,1518.5,158.66,540.1,1524.2,-5.9,-0.0898,165.4,0,0
2026-01-01T00:04:12Z,tube_leak,NORMAL,473.77,1520.6,159.4,541.2,1514.2,-1.6,-0.0905,167.74,0,0
2026-01-01T00:04:13Z,tube_leak,NORMAL,476.9,1515.8,158.79,539.0,1518.5,-4.3,-0.09,166.93,0,0
2026-01-01T00:04:14Z,tube_leak,NORMAL,471.59,1516.4,160.13,539.6,1519.7,-6.6,-0.0902,167.74,0,0
2026-01-01T00:04:15Z,tube_leak,NORMAL,470.94,1517.5,160.32,541.6,1519.4,-9.7,-0.092,166.51,0,0
2026-01-01T00:04:16Z,tube_leak,NORMAL,471.88,1524.4,161.17,540.2,1521.5,-4.1,-0.0889,166.25,0,0
2026-01-01T00:04:17Z,tube_leak,NORMAL,475.16,1522.7,160.31,542.1,1515.1,-6.3,-0.0909,167.1,0,0
2026-01-01T00:04:18Z,tube_leak,NORMAL,473.77,1521.2,159.42,539.9,1526.9,4.6,-0.0919,166.62,0,0
2026-01-01T00:04:19Z,tube_leak,NORMAL,477.07,1519.0,159.45,540.7,1520.3,-0.9,-0.0902,168.58,0,0
2026-01-01T00:04:20Z,tube_leak,NORMAL,472.72,1519.0,160.26,540.7,1515.9,2.8,-0.0915,166.26,0,0
2026-01-01T00:04:21Z,tube_leak,NORMAL,474.23,1518.6,160.57,537.7,1517.8,-8.2,-0.0891,167.8,0,0
2026-01-01T00:04:22Z,tube_leak,NORMAL,476.94,1522.8,158.89,540.2,1515.9,-5.7,-0.0898,166.35,0,0
2026-01-01T00:04:23Z,tube_leak,NORMAL,478.44,1516.0,159.58,538.5,1515.1,1.2,-0.0898,167.81,0,0
2026-01-01T00:04:24Z,tube_leak,NORMAL,477.96,1520.1,159.52,541.0,1517.9,-9.9,-0.0912,166.37,0,0
2026-01-01T00:04:25Z,tube_leak,NORMAL,478.16,1520.1,160.61,540.1,1518.7,9.7,-0.0882,166.45,0,0
2026-01-01T00:04:26Z,tube_leak,NORMAL,472.92,1516.8,160.2,539.7,1521.4,-2.3,-0.0896,167.39,0,0
2026-01-01T00:04:27Z,tube_leak,NORMAL,475.79,1518.6,159.61,540.6,1516.8,-0.4,-0.0893,166.21,0,0
2026-01-01T00:04:28Z,tube_leak,NORMAL,473.05,1516.4,159.44,538.4,1520.1,-6.3,-0.0909,167.13,0,0
2026-01-01T00:04:29Z,tube_leak,NORMAL,475.32,1520.1,160.28,541.0,1515.2,-0.6,-0.0918,165.46,0,0
2026-01-01T00:04:30Z,tube_leak,NORMAL,477.53,1521.4,160.33,540.2,1524.2,-11.8,-0.0903,166.3,0,0
2026-01-01T00:04:31Z,tube_leak,NORMAL,480.09,1522.1,160.52,539.2,1526.7,-1.8,-0.091,168.6,0,0
2026-01-01T00:04:32Z,tube_leak,NORMAL,471.43,1518.3,159.88,539.0,1521.6,-2.8,-0.0899,168.15,0,0
2026-01-01T00:04:33Z,tube_leak,NORMAL,470.92,1522.7,159.59,541.5,1525.7,7.3,-0.0902,165.09,0,0
2026-01-01T00:04:34Z,tube_leak,NORMAL,475.82,1519.9,159.12,540.7,1517.2,2.9,-0.089,165.97,0,0
2026-01-01T00:04:35Z,tube_leak,NORMAL,475.09,1519.5,159.77,543.1,1517.2,-4.0,-0.089,165.87,0,0
2026-01-01T00:04:36Z,tube_leak,NORMAL,473.43,1517.3,160.6,540.7,1521.4,-11.9,-0.0895,166.54,0,0
2026-01-01T00:04:37Z,tube_leak,NORMAL,474.15,1517.2,159.97,539.1,1520.2,-4.1,-0.0903,167.13,0,0
2026-01-01T00:04:38Z,tube_leak,NORMAL,474.83,1521.1,160.21,541.0,1517.1,-6.1,-0.0891,166.41,0,0
2026-01-01T00:04:39Z,tube_leak,NORMAL,477.81,1521.5,159.78,540.9,1519.2,0.3,-0.0881,167.34,0,0
2026-01-01T00:04:40Z,tube_leak,NORMAL,480.72,1516.9,159.73,539.7,1518.8,-2.6,-0.0904,167.36,0,0
2026-01-01T00:04:41Z,tube_leak,NORMAL,477.46,1520.8,159.49,540.5,1522.0,-2.7,-0.09,167.65,0,0
2026-01-01T00:04:42Z,tube_leak,NORMAL,473.63,1519.3,160.33,540.5,1522.6,-5.9,-0.0913,165.01,0,0
2026-01-01T00:04:43Z,tube_leak,NORMAL,473.92,1521.6,160.4,538.2,1521.6,-5.0,-0.091,168.44,0,0
2026-01-01T00:04:44Z,tube_leak,NORMAL,475.66,1521.7,161.28,539.4,1518.8,2.9,-0.0913,166.33,0,0
2026-01-01T00:04:45Z,tube_leak,NORMAL,475.12,1521.9,160.2,539.1,1522.9,-0.4,-0.0911,165.56,0,0
2026-01-01T00:04:46Z,tube_leak,NORMAL,473.69,1517.7,160.53,539.7,1519.2,-9.8,-0.0904,167.74,0,0
2026-01-01T00:04:47Z,tube_leak,NORMAL,476.87,1516.8,159.51,540.6,1518.5,-7.4,-0.0909,164.92,0,0
2026-01-01T00:04:48Z,tube_leak,NORMAL,475.24,1519.2,160.57,539.9,1517.1,-1.2,-0.0887,165.52,0,0
2026-01-01T00:04:49Z,tube_leak,NORMAL,470.74,1519.0,159.33,541.6,1515.8,-6.3,-0.0885,167.12,0,0
2026-01-01T00:04:50Z,tube_leak,NORMAL,473.72,1518.4,159.91,539.8,1524.5,-5.4,-0.0913,167.24,0,0
2026-01-01T00:04:51Z,tube_leak,NORMAL,477.59,1519.5,160.39,540.1,1516.4,-5.1,-0.0911,165.62,0,0
2026-01-01T00:04:52Z,tube_leak,NORMAL,472.65,1520.7,160.09,538.7,1517.2,-4.7,-0.0895,166.32,0,0
2026-01-01T00:04:53Z,tube_leak,NORMAL,469.48,1522.6,160.89,541.6,1521.6,-1.4,-0.0907,166.44,0,0
2026-01-01T00:04:54Z,tube_leak,NORMAL,472.17,1520.2,159.29,540.6,1518.9,-0.9,-0.0898,165.79,0,0
2026-01-01T00:04:55Z,tube_leak,NORMAL,477.11,1517.7,159.87,539.5,1522.2,-5.1,-0.0897,166.78,0,0
2026-01-01T00:04:56Z,tube_leak,NORMAL,469.13,1518.1,160.06,541.0,1521.7,1.8,-0.0902,166.35,0,0
2026-01-01T00:04:57Z,tube_leak,NORMAL,473.75,1519.1,159.58,539.5,1519.4,-8.0,-0.09,164.43,0,0
2026-01-01T00:04:58Z,tube_leak,NORMAL,476.07,1520.4,160.22,539.5,1518.5,0.2,-0.0902,168.24,0,0
2026-01-01T00:04:59Z,tube_leak,NORMAL,471.48,1519.5,159.44,539.2,1517.6,-7.2,-0.0892,165.11,0,0
2026-01-01T00:05:00Z,tube_leak,NORMAL,476.53,1517.1,159.8,541.3,1521.4,-3.4,-0.0894,166.83,0,0
2026-01-01T00:05:01Z,tube_leak,NORMAL,476.57,1522.8,159.48,539.9,1521.9,-1.0,-0.0894,167.56,0,0
2026-01-01T00:05:02Z,tube_leak,NORMAL,473.75,1517.3,160.64,540.0,1518.4,-4.6,-0.0904,167.26,0,0
2026-01-01T00:05:03Z,tube_leak,NORMAL,477.23,1520.6,160.27,540.0,1523.1,-16.6,-0.0912,166.21,0,0
2026-01-01T00:05:04Z,tube_leak,NORMAL,473.97,1518.1,160.31,539.0,1520.7,-4.1,-0.0899,165.42,0,0
2026-01-01T00:05:05Z,tube_leak,NORMAL,474.52,1522.5,160.27,541.0,1519.8,-13.3,-0.0905,166.1,0,0
2026-01-01T00:05:06Z,tube_leak,NORMAL,478.25,1522.3,160.21,539.1,1520.4,-6.0,-0.0902,165.02,0,0
2026-01-01T00:05:07Z,tube_leak,NORMAL,476.16,1519.9,160.4,538.5,1516.6,13.5,-0.0909,166.54,0,0
2026-01-01T00:05:08Z,tube_leak,NORMAL,476.09,1518.0,160.86,539.9,1520.4,4.4,-0.0908,165.76,0,0
2026-01-01T00:05:09Z,tube_leak,NORMAL,474.14,1517.3,160.14,540.5,1520.5,-1.4,-0.0891,166.59,0,0
2026-01-01T00:05:10Z,tube_leak,NORMAL,474.4,1522.4,159.65,541.4,1519.4,-0.9,-0.0882,163.99,0,0
2026-01-01T00:05:11Z,tube_leak,NORMAL,474.52,1519.2,160.85,539.6,1528.2,-12.3,-0.0897,165.86,0,0
2026-01-01T00:05:12Z,tube_leak,NORMAL,476.26,1518.9,159.77,538.2,1520.3,-12.2,-0.0913,166.34,0,0
2026-01-01T00:05:13Z,tube_leak,NORMAL,474.7,1522.1,159.32,540.4,1521.0,-6.2,-0.0908,166.17,0,0
2026-01-01T00:05:14Z,tube_leak,NORMAL,477.21,1519.3,160.42,539.7,1525.2,-4.5,-0.0902,164.64,0,0
2026-01-01T00:05:15Z,tube_leak,NORMAL,471.43,1520.8,159.89,540.3,1517.9,-5.4,-0.0906,166.55,0,0
2026-01-01T00:05:16Z,tube_leak,NORMAL,474.45,1523.7,159.66,541.1,1516.8,-6.9,-0.0908,167.51,0,0
2026-01-01T00:05:17Z,tube_leak,NORMAL,476.09,1520.3,160.12,538.9,1524.2,2.4,-0.09,166.26,0,0
2026-01-01T00:05:18Z,tube_leak,NORMAL,476.62,1519.6,159.9,539.5,1519.0,-6.9,-0.0893,165.92,0,0
2026-01-01T00:05:19Z,tube_leak,NORMAL,473.93,1518.7,159.25,541.6,1521.5,-0.2,-0.0905,167.71,0,0
2026-01-01T00:05:20Z,tube_leak,NORMAL,475.36,1522.9,159.99,540.0,1518.4,-4.1,-0.0898,167.74,0,0
2026-01-01T00:05:21Z,tube_leak,NORMAL,478.85,1520.2,160.61,537.3,1518.6,-3.2,-0.0891,166.67,0,0
2026-01-01T00:05:22Z,tube_leak,NORMAL,474.86,1519.1,159.6,541.9,1523.4,2.1,-0.09,165.72,0,0
2026-01-01T00:05:23Z,tube_leak,NORMAL,476.39,1520.0,159.94,540.0,1518.1,-8.8,-0.0902,164.87,0,0
2026-01-01T00:05:24Z,tube_leak,NORMAL,476.5,1521.7,159.62,538.2,1521.2,-3.2,-0.09,164.92,0,0
2026-01-01T00:05:25Z,tube_leak,NORMAL,470.21,1523.4,159.89,540.5,1519.8,-2.3,-0.0913,165.8,0,0
2026-01-01T00:05:26Z,tube_leak,NORMAL,471.61,1517.8,159.65,538.2,1518.6,-7.9,-0.0912,166.12,0,0
2026-01-01T00:05:27Z,tube_leak,NORMAL,474.97,1518.3,161.01,540.7,1523.4,-6.0,-0.0891,167.02,0,0
2026-01-01T00:05:28Z,tube_leak,NORMAL,472.45,1518.6,161.46,539.6,1521.5,-5.4,-0.0892,165.26,0,0
2026-01-01T00:05:29Z,tube_leak,NORMAL,472.49,1522.3,160.1,537.5,1520.1,-5.2,-0.0893,166.57,0,0
2026-01-01T00:05:30Z,tube_leak,NORMAL,475.86,1520.2,160.15,538.8,1517.6,-8.5,-0.0913,167.04,0,0
2026-01-01T00:05:31Z,tube_leak,NORMAL,477.69,1521.2,159.7,539.5,1518.7,1.4,-0.0895,167.99,0,0
2026-01-01T00:05:32Z,tube_leak,NORMAL,472.58,1519.5,159.37,538.6,1519.5,-5.8,-0.0905,164.72,0,0
2026-01-01T00:05:33Z,tube_leak,NORMAL,475.49,1519.4,160.46,540.6,1516.1,-2.1,-0.0906,167.78,0,0
2026-01-01T00:05:34Z,tube_leak,NORMAL,474.93,1519.0,159.8,538.5,1523.8,6.5,-0.0917,166.0,0,0
2026-01-01T00:05:35Z,tube_leak,NORMAL,474.72,1518.8,160.61,541.2,1519.3,6.3,-0.09,166.01,0,0
2026-01-01T00:05:36Z,tube_leak,NORMAL,475.7,1518.5,160.73,540.6,1518.9,-4.9,-0.0909,166.51,0,0
2026-01-01T00:05:37Z,tube_leak,NORMAL,471.77,1520.0,159.74,540.6,1523.1,0.0,-0.0901,165.54,0,0
2026-01-01T00:05:38Z,tube_leak,NORMAL,474.25,1520.0,160.24,539.4,1517.1,-3.0,-0.0886,168.12,0,0
2026-01-01T00:05:39Z,tube_leak,NORMAL,476.98,1518.0,160.7,539.2,1517.7,-1.7,-0.0914,167.05,0,0
2026-01-01T00:05:40Z,tube_leak,NORMAL,474.87,1520.8,159.59,540.8,1521.5,-5.6,-0.0891,163.59,0,0
2026-01-01T00:05:41Z,tube_leak,NORMAL,475.91,1519.8,159.6,540.2,1521.5,-7.4,-0.0901,166.21,0,0
2026-01-01T00:05:42Z,tube_leak,NORMAL,475.98,1522.5,159.77,541.3,1516.1,-2.2,-0.0917,166.32,0,0
2026-01-01T00:05:43Z,tube_leak,NORMAL,476.81,1524.0,160.02,539.3,1523.1,-3.4,-0.0899,167.17,0,0
2026-01-01T00:05:44Z,tube_leak,NORMAL,477.73,1516.5,160.03,540.0,1516.8,-11.7,-0.0901,165.79,0,0
2026-01-01T00:05:45Z,tube_leak,NORMAL,473.19,1519.7,159.82,540.0,1524.7,-3.7,-0.0881,167.49,0,0
2026-01-01T00:05:46Z,tube_leak,NORMAL,477.42,1518.5,159.85,539.1,1521.2,-3.8,-0.0896,166.55,0,0
2026-01-01T00:05:47Z,tube_leak,NORMAL,475.42,1519.3,159.51,539.6,1522.1,-4.2,-0.0901,167.12,0,0
2026-01-01T00:05:48Z,tube_leak,NORMAL,476.22,1517.1,159.96,539.1,1519.8,-1.4,-0.0895,167.91,0,0
2026-01-01T00:05:49Z,tube_leak,NORMAL,473.75,1519.4,160.29,541.0,1516.9,0.1,-0.0893,166.1,0,0
2026-01-01T00:05:50Z,tube_leak,NORMAL,474.3,1521.5,160.21,540.4,1517.8,-11.9,-0.0901,165.98,0,0
2026-01-01T00:05:51Z,tube_leak,NORMAL,476.15,1518.5,160.32,540.4,1517.8,1.5,-0.0903,165.55,0,0
2026-01-01T00:05:52Z,tube_leak,NORMAL,475.63,1520.0,159.55,540.6,1520.0,-6.9,-0.0918,166.68,0,0
2026-01-01T00:05:53Z,tube_leak,NORMAL,475.25,1520.2,160.69,537.5,1523.8,3.7,-0.091,167.26,0,0
2026-01-01T00:05:54Z,tube_leak,NORMAL,472.97,1517.9,159.95,541.8,1521.1,-2.8,-0.0891,165.63,0,0
2026-01-01T00:05:55Z,tube_leak,NORMAL,478.74,1523.1,160.21,539.2,1523.2,-1.5,-0.0894,167.39,0,0
2026-01-01T00:05:56Z,tube_leak,NORMAL,476.09,1518.2,160.75,540.3,1521.0,0.2,-0.0897,167.0,0,0
2026-01-01T00:05:57Z,tube_leak,NORMAL,475.49,1519.6,159.72,539.5,1519.1,2.1,-0.0903,166.14,0,0
2026-01-01T00:05:58Z,tube_leak,NORMAL,474.75,1521.1,160.32,542.0,1515.8,-3.9,-0.0894,164.57,0,0
2026-01-01T00:05:59Z,tube_leak,NORMAL,479.35,1519.8,159.6,541.0,1513.4,-1.6,-0.091,166.24,0,0
2026-01-01T00:06:00Z,tube_leak,NORMAL,475.94,1521.6,160.21,542.1,1520.2,-4.4,-0.0888,166.18,0,0
2026-01-01T00:06:01Z,tube_leak,NORMAL,476.05,1512.1,160.23,539.9,1518.7,-5.9,-0.0891,164.21,0,0
2026-01-01T00:06:02Z,tube_leak,NORMAL,482.87,1522.3,160.18,541.9,1520.8,-7.0,-0.089,164.61,0,0
2026-01-01T00:06:03Z,tube_leak,NORMAL,476.5,1522.4,160.27,538.5,1520.6,-3.1,-0.0907,163.94,0,0
2026-01-01T00:06:04Z,tube_leak,NORMAL,472.04,1519.0,160.56,542.8,1522.6,-6.3,-0.0904,167.33,0,0
2026-01-01T00:06:05Z,tube_leak,NORMAL,476.53,1520.8,160.12,541.2,1526.7,-2.3,-0.0898,166.75,0,0
2026-01-01T00:06:06Z,tube_leak,NORMAL,473.84,1515.6,160.25,539.3,1523.9,-1.3,-0.0885,165.39,0,0
2026-01-01T00:06:07Z,tube_leak,NORMAL,477.83,1516.7,160.47,539.8,1522.8,-4.0,-0.0893,166.75,0,0
2026-01-01T00:06:08Z,tube_leak,NORMAL,475.96,1520.9,160.84,539.4,1524.2,-3.9,-0.0888,168.59,0,0
2026-01-01T00:06:09Z,tube_leak,NORMAL,473.0,1515.7,160.08,539.3,1518.4,-3.7,-0.0905,167.68,0,0
2026-01-01T00:06:10Z,tube_leak,NORMAL,477.81,1522.3,161.16,539.2,1512.5,8.2,-0.0897,166.19,0,0
2026-01-01T00:06:11Z,tube_leak,NORMAL,470.49,1517.3,160.35,539.9,1513.5,-6.6,-0.089,167.53,0,0
2026-01-01T00:06:12Z,tube_leak,NORMAL,475.54,1525.7,160.51,541.8,1524.0,2.4,-0.0913,164.65,0,0
2026-01-01T00:06:13Z,tube_leak,NORMAL,473.15,1520.5,160.0,540.4,1519.9,0.7,-0.089,166.26,0,0
2026-01-01T00:06:14Z,tube_leak,NORMAL,474.28,1514.8,160.44,539.2,1517.3,2.7,-0.0891,166.93,0,0
2026-01-01T00:06:15Z,tube_leak,NORMAL,477.38,1517.8,159.89,539.4,1525.2,2.7,-0.0902,167.09,0,0
2026-01-01T00:06:16Z,tube_leak,NORMAL,475.94,1519.8,160.23,540.9,1519.6,-7.8,-0.0896,165.99,0,0
2026-01-01T00:06:17Z,tube_leak,NORMAL,472.14,1518.5,159.88,540.0,1521.7,-2.5,-0.0896,165.88,0,0
2026-01-01T00:06:18Z,tube_leak,NORMAL,476.36,1520.8,160.28,541.4,1519.2,-9.3,-0.0901,167.06,0,0
2026-01-01T00:06:19Z,tube_leak,NORMAL,475.06,1520.6,159.14,539.2,1521.6,2.6,-0.0908,166.62,0,0
2026-01-01T00:06:20Z,tube_leak,NORMAL,473.22,1517.7,160.04,540.2,1521.2,2.4,-0.0883,167.2,0,0
2026-01-01T00:06:21Z,tube_leak,NORMAL,474.1,1521.9,159.27,540.1,1523.2,2.3,-0.0892,168.16,0,0
2026-01-01T00:06:22Z,tube_leak,NORMAL,473.15,1521.6,159.95,541.1,1520.4,2.9,-0.0885,166.88,0,0
2026-01-01T00:06:23Z,tube_leak,NORMAL,474.48,1519.3,159.65,541.0,1523.9,-2.2,-0.0918,165.62,0,0
2026-01-01T00:06:24Z,tube_leak,NORMAL,476.08,1518.1,159.02,539.6,1513.9,0.7,-0.0904,166.31,0,0
2026-01-01T00:06:25Z,tube_leak,NORMAL,478.24,1518.2,158.93,540.0,1521.4,-8.0,-0.0904,165.9,0,0
2026-01-01T00:06:26Z,tube_leak,NORMAL,475.07,1518.8,161.33,539.7,1520.6,-3.2,-0.0926,167.63,0,0
2026-01-01T00:06:27Z,tube_leak,NORMAL,467.11,1522.7,159.34,538.6,1519.7,10.3,-0.0897,166.06,0,0
2026-01-01T00:06:28Z,tube_leak,NORMAL,473.08,1521.3,159.81,540.7,1514.1,2.1,-0.0897,164.89,0,0
2026-01-01T00:06:29Z,tube_leak,NORMAL,472.42,1519.7,159.76,540.3,1515.7,-4.9,-0.0879,165.41,0,0
2026-01-01T00:06:30Z,tube_leak,NORMAL,473.93,1519.6,159.86,541.2,1518.3,3.9,-0.0909,167.02,0,0
2026-01-01T00:06:31Z,tube_leak,NORMAL,474.46,1519.7,159.96,540.6,1516.4,-5.2,-0.088,166.76,0,0
2026-01-01T00:06:32Z,tube_leak,NORMAL,474.1,1521.3,159.97,537.7,1520.5,-0.9,-0.0897,165.48,0,0
2026-01-01T00:06:33Z,tube_leak,NORMAL,474.45,1522.3,159.92,539.6,1521.1,-2.2,-0.0889,166.08,0,0
2026-01-01T00:06:34Z,tube_leak,NORMAL,475.91,1518.6,159.38,540.7,1520.8,3.1,-0.0893,164.78,0,0
2026-01-01T00:06:35Z,tube_leak,NORMAL,475.3,1516.0,160.26,538.9,1521.4,3.6,-0.0905,166.23,0,0
2026-01-01T00:06:36Z,tube_leak,NORMAL,478.06,1516.7,160.32,540.1,1522.8,-8.2,-0.09,167.35,0,0
2026-01-01T00:06:37Z,tube_leak,NORMAL,478.4,1518.5,159.86,541.8,1515.7,-0.1,-0.0898,166.42,0,0
2026-01-01T00:06:38Z,tube_leak,NORMAL,472.66,1521.9,160.44,541.8,1517.6,-2.2,-0.0889,168.07,0,0
2026-01-01T00:06:39Z,tube_leak,NORMAL,474.98,1516.9,159.89,541.0,1522.0,5.9,-0.0881,165.82,0,0
2026-01-01T00:06:40Z,tube_leak,NORMAL,472.74,1517.6,159.94,541.0,1525.2,1.5,-0.09,166.12,0,0
2026-01-01T00:06:41Z,tube_leak,NORMAL,478.07,1518.5,159.95,539.9,1519.9,9.5,-0.0909,168.71,0,0
2026-01-01T00:06:42Z,tube_leak,NORMAL,473.36,1518.4,159.67,540.6,1520.0,6.1,-0.0908,164.58,0,0
2026-01-01T00:06:43Z,tube_leak,NORMAL,474.07,1520.6,159.27,539.9,1521.6,-3.4,-0.0908,165.15,0,0
2026-01-01T00:06:44Z,tube_leak,NORMAL,474.64,1520.9,161.37,541.2,1516.2,-7.0,-0.0901,167.82,0,0
2026-01-01T00:06:45Z,tube_leak,NORMAL,476.64,1518.9,160.5,541.4,1524.4,-4.6,-0.0896,164.97,0,0
2026-01-01T00:06:46Z,tube_leak,NORMAL,472.99,1517.4,159.87,538.6,1522.3,0.8,-0.0909,166.74,0,0
2026-01-01T00:06:47Z,tube_leak,NORMAL,478.83,1520.7,159.71,539.7,1519.7,-2.6,-0.0917,165.87,0,0
2026-01-01T00:06:48Z,tube_leak,NORMAL,478.11,1518.3,159.03,539.9,1523.3,-7.6,-0.0898,166.66,0,0
2026-01-01T00:06:49Z,tube_leak,NORMAL,476.34,1521.1,160.3,538.4,1521.8,8.0,-0.0902,166.62,0,0
2026-01-01T00:06:50Z,tube_leak,NORMAL,472.46,1522.6,159.69,541.6,1518.9,4.5,-0.0905,168.13,0,0
2026-01-01T00:06:51Z,tube_leak,NORMAL,470.07,1520.7,158.96,538.8,1525.7,5.8,-0.092,166.24,0,0
2026-01-01T00:06:52Z,tube_leak,NORMAL,473.45,1521.1,160.93,540.7,1521.3,3.8,-0.0911,166.95,0,0
2026-01-01T00:06:53Z,tube_leak,NORMAL,477.3,1518.8,159.68,541.4,1520.6,-4.3,-0.0904,165.79,0,0
2026-01-01T00:06:54Z,tube_leak,NORMAL,474.84,1519.9,159.88,541.7,1522.5,8.9,-0.0917,166.36,0,0
2026-01-01T00:06:55Z,tube_leak,NORMAL,477.94,1521.5,159.66,539.2,1522.9,0.5,-0.0894,166.41,0,0
2026-01-01T00:06:56Z,tube_leak,NORMAL,474.71,1520.2,159.59,541.7,1521.6,8.6,-0.0905,165.71,0,0
2026-01-01T00:06:57Z,tube_leak,NORMAL,474.2,1518.3,160.34,540.7,1518.5,0.1,-0.0896,165.5,0,0
2026-01-01T00:06:58Z,tube_leak,NORMAL,473.98,1523.1,159.63,539.5,1527.5,-8.9,-0.0912,168.05,0,0
2026-01-01T00:06:59Z,tube_leak,NORMAL,473.98,1521.0,161.06,539.3,1518.2,3.9,-0.0901,165.73,0,0
2026-01-01T00:07:00Z,tube_leak,NORMAL,474.67,1517.3,160.23,540.8,1519.5,0.8,-0.0895,165.71,0,0
2026-01-01T00:07:01Z,tube_leak,NORMAL,474.23,1519.9,160.74,540.0,1519.7,1.2,-0.0904,165.29,0,0
2026-01-01T00:07:02Z,tube_leak,NORMAL,472.7,1521.7,159.72,540.1,1518.6,-4.6,-0.0905,167.65,0,0
2026-01-01T00:07:03Z,tube_leak,NORMAL,473.96,1518.6,159.79,539.7,1520.7,0.1,-0.0901,165.76,0,0
2026-01-01T00:07:04Z,tube_leak,NORMAL,475.89,1520.6,160.11,540.6,1519.7,8.3,-0.0895,167.74,0,0
2026-01-01T00:07:05Z,tube_leak,NORMAL,474.8,1520.5,159.66,540.0,1522.5,0.4,-0.0885,166.28,0,0
2026-01-01T00:07:06Z,tube_leak,NORMAL,478.96,1517.9,159.86,539.5,1523.0,5.5,-0.0901,165.79,0,0
2026-01-01T00:07:07Z,tube_leak,NORMAL,474.93,1521.4,160.42,539.9,1518.7,2.9,-0.0899,166.5,0,0
2026-01-01T00:07:08Z,tube_leak,NORMAL,473.87,1523.5,159.69,541.5,1524.2,7.2,-0.0881,166.81,0,0
2026-01-01T00:07:09Z,tube_leak,NORMAL,474.21,1519.0,159.66,540.8,1515.6,-4.6,-0.0885,167.26,0,0
2026-01-01T00:07:10Z,tube_leak,NORMAL,476.04,1521.8,160.39,539.8,1515.6,9.0,-0.0896,164.87,0,0
2026-01-01T00:07:11Z,tube_leak,NORMAL,475.36,1519.1,159.94,539.7,1521.7,1.6,-0.0912,166.92,0,0
2026-01-01T00:07:12Z,tube_leak,NORMAL,476.21,1517.1,160.2,540.9,1519.5,3.7,-0.0908,164.5,0,0
2026-01-01T00:07:13Z,tube_leak,NORMAL,476.3,1519.8,160.21,539.8,1519.2,3.6,-0.0901,167.12,0,0
2026-01-01T00:07:14Z,tube_leak,NORMAL,473.94,1517.1,160.07,538.7,1512.4,-2.6,-0.0904,165.45,0,0
2026-01-01T00:07:15Z,tube_leak,NORMAL,471.16,1519.6,160.61,540.8,1520.0,7.5,-0.0904,165.37,0,0
2026-01-01T00:07:16Z,tube_leak,NORMAL,476.7,1517.8,160.17,540.0,1518.9,0.7,-0.0889,164.66,0,0
2026-01-01T00:07:17Z,tube_leak,NORMAL,475.67,1519.4,159.63,540.0,1520.9,2.7,-0.0898,167.66,0,0
2026-01-01T00:07:18Z,tube_leak,NORMAL,473.5,1520.8,159.13,540.5,1514.4,6.3,-0.0905,166.41,0,0
2026-01-01T00:07:19Z,tube_leak,NORMAL,471.36,1520.0,160.41,540.6,1519.9,3.1,-0.0889,166.99,0,0
2026-01-01T00:07:20Z,tube_leak,NORMAL,473.44,1518.8,159.66,540.0,1516.5,-7.6,-0.0902,166.5,0,0
2026-01-01T00:07:21Z,tube_leak,NORMAL,475.47,1522.2,159.35,539.5,1515.7,4.5,-0.0901,165.77,0,0
2026-01-01T00:07:22Z,tube_leak,NORMAL,475.1,1518.6,159.49,541.6,1522.4,2.4,-0.0915,166.04,0,0
2026-01-01T00:07:23Z,tube_leak,NORMAL,476.44,1520.3,160.5,541.2,1519.7,1.1,-0.0905,165.84,0,0
2026-01-01T00:07:24Z,tube_leak,NORMAL,477.26,1519.2,159.16,540.5,1519.7,1.1,-0.092,167.42,0,0
2026-01-01T00:07:25Z,tube_leak,NORMAL,476.74,1517.7,160.08,538.9,1515.9,-7.0,-0.0892,167.13,0,0
2026-01-01T00:07:26Z,tube_leak,NORMAL,474.23,1519.9,160.88,539.2,1516.4,4.2,-0.0895,165.95,0,0
2026-01-01T00:07:27Z,tube_leak,NORMAL,471.43,1518.5,160.34,540.7,1515.0,-2.5,-0.091,166.22,0,0
2026-01-01T00:07:28Z,tube_leak,NORMAL,480.52,1519.4,160.03,539.2,1527.8,0.6,-0.0905,166.41,0,0
2026-01-01T00:07:29Z,tube_leak,NORMAL,471.69,1521.6,160.0,539.2,1518.2,-5.8,-0.0906,163.98,0,0
2026-01-01T00:07:30Z,tube_leak,NORMAL,473.87,1519.0,159.71,539.4,1517.5,9.9,-0.0886,166.08,0,0
2026-01-01T00:07:31Z,tube_leak,NORMAL,477.86,1519.4,159.85,539.2,1522.1,6.9,-0.0913,166.41,0,0
2026-01-01T00:07:32Z,tube_leak,NORMAL,473.71,1518.2,159.99,538.1,1518.7,13.3,-0.0896,165.11,0,0
2026-01-01T00:07:33Z,tube_leak,NORMAL,476.38,1520.2,159.84,539.4,1520.0,0.9,-0.0902,166.99,0,0
2026-01-01T00:07:34Z,tube_leak,NORMAL,477.04,1517.4,159.77,541.6,1525.4,5.8,-0.0884,167.46,0,0
2026-01-01T00:07:35Z,tube_leak,NORMAL,474.67,1516.0,159.97,538.7,1520.4,12.7,-0.0898,165.46,0,0
2026-01-01T00:07:36Z,tube_leak,NORMAL,472.08,1516.1,159.05,541.6,1522.6,3.4,-0.0902,166.2,0,0
2026-01-01T00:07:37Z,tube_leak,NORMAL,474.97,1522.8,160.2,538.0,1523.2,-5.6,-0.0904,164.86,0,0
2026-01-01T00:07:38Z,tube_leak,NORMAL,475.1,1517.5,159.31,539.0,1522.4,3.2,-0.0893,167.61,0,0
2026-01-01T00:07:39Z,tube_leak,NORMAL,475.6,1521.1,159.52,539.9,1516.6,6.9,-0.0891,167.22,0,0
2026-01-01T00:07:40Z,tube_leak,NORMAL,474.93,1521.8,159.93,539.4,1521.5,7.8,-0.0878,166.98,0,0
2026-01-01T00:07:41Z,tube_leak,NORMAL,472.25,1518.0,159.35,540.1,1516.7,11.0,-0.0903,166.89,0,0
2026-01-01T00:07:42Z,tube_leak,NORMAL,475.38,1520.7,159.48,540.0,1518.7,3.8,-0.0899,166.93,0,0
2026-01-01T00:07:43Z,tube_leak,NORMAL,473.84,1521.6,160.16,541.6,1510.1,1.1,-0.0887,163.73,0,0
2026-01-01T00:07:44Z,tube_leak,NORMAL,478.71,1520.2,158.98,540.7,1516.8,-0.2,-0.0885,165.86,0,0
2026-01-01T00:07:45Z,tube_leak,NORMAL,472.6,1524.0,160.46,539.7,1517.6,3.3,-0.0884,165.27,0,0
2026-01-01T00:07:46Z,tube_leak,NORMAL,471.82,1522.5,159.86,540.1,1521.6,2.4,-0.0924,166.04,0,0
2026-01-01T00:07:47Z,tube_leak,NORMAL,478.1,1524.3,159.94,540.0,1524.1,7.4,-0.0897,164.27,0,0
2026-01-01T00:07:48Z,tube_leak,NORMAL,473.96,1520.4,159.24,539.6,1525.1,3.2,-0.0914,164.36,0,0
2026-01-01T00:07:49Z,tube_leak,NORMAL,474.97,1518.8,159.57,540.2,1520.9,5.4,-0.0896,165.02,0,0
2026-01-01T00:07:50Z,tube_leak,NORMAL,473.4,1519.3,159.97,541.0,1517.8,0.6,-0.0885,166.41,0,0
2026-01-01T00:07:51Z,tube_leak,NORMAL,471.5,1519.4,159.38,538.9,1516.0,0.5,-0.0879,167.26,0,0
2026-01-01T00:07:52Z,tube_leak,NORMAL,478.45,1522.2,159.93,540.4,1520.3,-0.8,-0.0912,167.15,0,0
2026-01-01T00:07:53Z,tube_leak,NORMAL,471.95,1520.4,160.33,540.8,1521.1,-1.4,-0.0895,166.11,0,0
2026-01-01T00:07:54Z,tube_leak,NORMAL,472.56,1516.0,160.23,538.4,1514.9,13.3,-0.0912,165.83,0,0
2026-01-01T00:07:55Z,tube_leak,NORMAL,475.18,1520.1,159.49,539.3,1522.4,3.2,-0.09,164.09,0,0
2026-01-01T00:07:56Z,tube_leak,NORMAL,473.57,1521.7,159.64,539.0,1521.1,7.6,-0.0897,165.68,0,0
2026-01-01T00:07:57Z,tube_leak,NORMAL,476.87,1523.3,160.58,538.4,1528.8,-2.0,-0.0912,166.55,0,0
2026-01-01T00:07:58Z,tube_leak,NORMAL,474.76,1520.7,160.66,540.9,1517.3,5.0,-0.089,167.3,0,0
2026-01-01T00:07:59Z,tube_leak,NORMAL,477.81,1521.6,160.35,539.5,1516.0,6.8,-0.0905,167.49,0,0
2026-01-01T00:08:00Z,tube_leak,NORMAL,472.82,1519.2,159.79,541.0,1522.3,4.8,-0.0897,167.86,0,0
2026-01-01T00:08:01Z,tube_leak,NORMAL,470.59,1521.5,160.54,541.2,1522.4,0.8,-0.0905,166.91,0,0
2026-01-01T00:08:02Z,tube_leak,NORMAL,473.53,1519.6,159.25,538.8,1521.0,2.6,-0.0908,166.06,0,0
2026-01-01T00:08:03Z,tube_leak,NORMAL,475.75,1519.5,160.09,540.1,1519.2,4.7,-0.0909,165.75,0,0
2026-01-01T00:08:04Z,tube_leak,NORMAL,470.41,1517.7,159.41,539.6,1523.4,4.7,-0.0898,165.31,0,0
2026-01-01T00:08:05Z,tube_leak,NORMAL,475.72,1523.4,159.96,539.2,1516.5,6.1,-0.0909,166.96,0,0
2026-01-01T00:08:06Z,tube_leak,NORMAL,472.47,1516.7,160.24,538.7,1521.8,9.9,-0.0906,166.46,0,0
2026-01-01T00:08:07Z,tube_leak,NORMAL,478.48,1519.1,160.8,539.7,1517.2,5.2,-0.0898,167.38,0,0
2026-01-01T00:08:08Z,tube_leak,NORMAL,477.22,1520.7,160.33,540.2,1522.4,2.2,-0.0911,166.46,0,0
2026-01-01T00:08:09Z,tube_leak,NORMAL,481.72,1521.6,159.65,541.4,1514.4,3.5,-0.0896,165.58,0,0
2026-01-01T00:08:10Z,tube_leak,NORMAL,473.51,1519.7,159.73,539.2,1516.7,-3.0,-0.091,166.15,0,0
2026-01-01T00:08:11Z,tube_leak,NORMAL,477.52,1518.7,159.39,541.6,1516.6,5.2,-0.0909,165.53,0,0
2026-01-01T00:08:12Z,tube_leak,NORMAL,475.97,1520.9,160.64,540.7,1520.5,7.9,-0.091,167.46,0,0
2026-01-01T00:08:13Z,tube_leak,NORMAL,476.33,1521.0,160.3,538.5,1516.6,5.4,-0.0899,166.83,0,0
2026-01-01T00:08:14Z,tube_leak,NORMAL,475.27,1519.6,160.63,540.3,1522.2,10.7,-0.0887,166.57,0,0
2026-01-01T00:08:15Z,tube_leak,NORMAL,476.81,1520.5,160.54,542.3,1516.9,1.0,-0.0884,166.44,0,0
2026-01-01T00:08:16Z,tube_leak,NORMAL,473.93,1518.6,160.47,540.6,1526.0,4.3,-0.0891,167.9,0,0
2026-01-01T00:08:17Z,tube_leak,NORMAL,471.42,1517.9,160.14,539.4,1518.7,1.4,-0.0901,165.35,0,0
2026-01-01T00:08:18Z,tube_leak,NORMAL,471.8,1520.8,160.06,541.0,1521.6,6.8,-0.0892,165.34,0,0
2026-01-01T00:08:19Z,tube_leak,NORMAL,473.75,1520.5,160.47,540.6,1519.4,3.8,-0.0898,165.09,0,0
2026-01-01T00:08:20Z,tube_leak,NORMAL,477.12,1521.5,160.46,541.0,1523.0,-4.7,-0.0898,164.82,0,0
2026-01-01T00:08:21Z,tube_leak,NORMAL,472.62,1519.7,160.59,540.3,1520.7,13.6,-0.0898,165.3,0,0
2026-01-01T00:08:22Z,tube_leak,NORMAL,471.52,1518.3,160.06,538.5,1521.3,6.2,-0.0907,166.35,0,0
2026-01-01T00:08:23Z,tube_leak,NORMAL,476.29,1518.7,160.37,539.3,1521.8,11.9,-0.0897,164.98,0,0
2026-01-01T00:08:24Z,tube_leak,NORMAL,475.22,1520.2,159.57,538.7,1518.9,9.0,-0.0892,167.45,0,0
2026-01-01T00:08:25Z,tube_leak,NORMAL,474.89,1523.9,159.58,540.4,1519.3,12.1,-0.09,165.22,0,0
2026-01-01T00:08:26Z,tube_leak,NORMAL,475.6,1517.8,159.56,540.9,1519.9,8.9,-0.0909,167.55,0,0
2026-01-01T00:08:27Z,tube_leak,NORMAL,474.56,1516.1,159.55,538.6,1515.6,7.1,-0.0896,166.84,0,0
2026-01-01T00:08:28Z,tube_leak,NORMAL,473.16,1521.1,159.27,539.5,1519.5,1.7,-0.0899,166.23,0,0
2026-01-01T00:08:29Z,tube_leak,NORMAL,476.18,1520.6,160.48,539.5,1522.0,5.9,-0.0898,166.38,0,0
2026-01-01T00:08:30Z,tube_leak,NORMAL,469.61,1523.8,159.54,539.2,1519.0,-2.1,-0.0883,165.63,0,0
2026-01-01T00:08:31Z,tube_leak,NORMAL,473.29,1518.3,160.22,541.4,1520.8,0.6,-0.0887,166.53,0,0
2026-01-01T00:08:32Z,tube_leak,NORMAL,473.19,1519.9,160.07,540.2,1520.0,4.5,-0.0881,169.08,0,0
2026-01-01T00:08:33Z,tube_leak,NORMAL,475.43,1518.2,159.47,540.8,1515.1,3.5,-0.0896,166.43,0,0
2026-01-01T00:08:34Z,tube_leak,NORMAL,473.99,1523.7,160.4,539.5,1522.3,3.4,-0.0905,165.84,0,0
2026-01-01T00:08:35Z,tube_leak,NORMAL,477.96,1518.9,159.96,541.0,1520.9,5.5,-0.0907,168.58,0,0
2026-01-01T00:08:36Z,tube_leak,NORMAL,477.05,1515.3,160.65,538.7,1515.9,0.8,-0.0887,165.98,0,0
2026-01-01T00:08:37Z,tube_leak,NORMAL,475.53,1516.7,160.54,539.7,1516.1,5.9,-0.0895,166.34,0,0
2026-01-01T00:08:38Z,tube_leak,NORMAL,478.23,1521.2,160.75,539.9,1520.3,8.6,-0.0888,165.92,0,0
2026-01-01T00:08:39Z,tube_leak,NORMAL,479.71,1520.2,160.0,540.4,1517.4,-4.0,-0.0879,167.31,0,0
2026-01-01T00:08:40Z,tube_leak,NORMAL,472.69,1520.3,160.31,539.5,1524.3,1.7,-0.089,165.62,0,0
2026-01-01T00:08:41Z,tube_leak,NORMAL,476.27,1523.1,160.24,539.5,1520.7,7.7,-0.0904,165.86,0,0
2026-01-01T00:08:42Z,tube_leak,NORMAL,479.41,1522.8,159.67,538.7,1516.1,-1.5,-0.0903,166.17,0,0
2026-01-01T00:08:43Z,tube_leak,NORMAL,471.54,1520.3,158.55,540.1,1524.8,-2.0,-0.0929,166.42,0,0
2026-01-01T00:08:44Z,tube_leak,NORMAL,476.75,1519.2,160.11,541.3,1525.1,7.0,-0.0912,166.42,0,0
2026-01-01T00:08:45Z,tube_leak,NORMAL,472.5,1520.0,159.88,539.4,1524.6,2.8,-0.0915,166.63,0,0
2026-01-01T00:08:46Z,tube_leak,NORMAL,476.72,1520.1,159.61,539.6,1518.2,1.4,-0.0907,166.03,0,0
2026-01-01T00:08:47Z,tube_leak,NORMAL,471.61,1520.5,159.61,540.9,1521.1,11.4,-0.0914,167.66,0,0
2026-01-01T00:08:48Z,tube_leak,NORMAL,474.71,1521.2,160.44,541.0,1520.2,6.1,-0.0901,166.98,0,0
2026-01-01T00:08:49Z,tube_leak,NORMAL,472.77,1520.8,160.77,542.0,1523.2,11.1,-0.0895,167.3,0,0
2026-01-01T00:08:50Z,tube_leak,NORMAL,479.86,1519.9,159.21,539.8,1520.6,-0.4,-0.0912,165.76,0,0
2026-01-01T00:08:51Z,tube_leak,NORMAL,471.92,1521.8,160.85,540.7,1515.8,4.7,-0.0909,166.53,0,0
2026-01-01T00:08:52Z,tube_leak,NORMAL,472.94,1522.0,160.35,539.7,1521.5,3.9,-0.0883,164.35,0,0
2026-01-01T00:08:53Z,tube_leak,NORMAL,476.03,1522.5,159.82,539.5,1520.5,-1.0,-0.0905,165.23,0,0
2026-01-01T00:08:54Z,tube_leak,NORMAL,474.56,1515.8,159.7,540.6,1518.9,1.5,-0.0891,167.83,0,0
2026-01-01T00:08:55Z,tube_leak,NORMAL,473.16,1522.4,159.12,539.2,1521.6,4.7,-0.0899,167.11,0,0
2026-01-01T00:08:56Z,tube_leak,NORMAL,474.49,1521.5,159.76,539.4,1514.4,6.8,-0.0909,167.26,0,0
2026-01-01T00:08:57Z,tube_leak,NORMAL,477.52,1519.6,160.04,540.2,1519.4,-3.9,-0.0886,165.68,0,0
2026-01-01T00:08:58Z,tube_leak,NORMAL,476.32,1520.6,160.14,540.2,1522.7,-1.1,-0.089,166.42,0,0
2026-01-01T00:08:59Z,tube_leak,NORMAL,475.1,1519.2,159.98,540.6,1516.5,-5.4,-0.0903,166.95,0,0
2026-01-01T00:09:00Z,tube_leak,NORMAL,474.25,1522.7,160.65,541.4,1524.4,4.5,-0.0894,165.57,0,0
2026-01-01T00:09:01Z,tube_leak,NORMAL,468.29,1520.8,159.61,539.8,1512.5,7.6,-0.0902,165.66,0,0
2026-01-01T00:09:02Z,tube_leak,NORMAL,472.11,1518.4,159.58,539.0,1515.8,2.0,-0.0903,167.11,0,0
2026-01-01T00:09:03Z,tube_leak,NORMAL,470.62,1519.1,159.55,540.3,1519.8,7.2,-0.0882,166.25,0,0
2026-01-01T00:09:04Z,tube_leak,NORMAL,476.32,1518.5,159.94,540.0,1526.4,-2.8,-0.0901,166.27,0,0
2026-01-01T00:09:05Z,tube_leak,NORMAL,473.11,1520.7,160.01,540.1,1517.8,6.5,-0.0909,165.88,0,0
2026-01-01T00:09:06Z,tube_leak,NORMAL,477.12,1522.8,159.62,540.6,1519.7,8.0,-0.0899,167.95,0,0
2026-01-01T00:09:07Z,tube_leak,NORMAL,478.83,1518.1,159.84,539.2,1519.8,-6.3,-0.0917,167.27,0,0
2026-01-01T00:09:08Z,tube_leak,NORMAL,475.85,1521.5,159.55,538.9,1519.4,9.6,-0.0899,166.43,0,0
2026-01-01T00:09:09Z,tube_leak,NORMAL,477.94,1520.8,160.09,540.4,1519.4,10.5,-0.0901,165.53,0,0
2026-01-01T00:09:10Z,tube_leak,NORMAL,476.7,1521.9,159.76,540.7,1523.2,-14.2,-0.0917,166.65,0,0
2026-01-01T00:09:11Z,tube_leak,NORMAL,472.67,1523.4,160.16,539.9,1520.2,0.6,-0.0906,166.37,0,0
2026-01-01T00:09:12Z,tube_leak,NORMAL,477.51,1516.9,160.12,539.6,1520.3,-1.4,-0.0899,165.18,0,0
2026-01-01T00:09:13Z,tube_leak,NORMAL,474.95,1519.5,159.17,540.4,1511.6,0.5,-0.0915,166.51,0,0
2026-01-01T00:09:14Z,tube_leak,NORMAL,474.16,1521.6,159.9,539.8,1523.4,-0.1,-0.09,167.68,0,0
2026-01-01T00:09:15Z,tube_leak,NORMAL,476.65,1524.0,160.23,539.5,1523.2,6.8,-0.0903,166.79,0,0
2026-01-01T00:09:16Z,tube_leak,NORMAL,474.79,1521.0,160.02,539.9,1525.1,4.4,-0.0913,166.46,0,0
2026-01-01T00:09:17Z,tube_leak,NORMAL,474.25,1520.6,160.12,540.4,1514.9,-5.8,-0.0886,166.22,0,0
2026-01-01T00:09:18Z,tube_leak,NORMAL,478.35,1521.1,159.73,538.3,1521.5,4.6,-0.0882,166.05,0,0
2026-01-01T00:09:19Z,tube_leak,NORMAL,475.19,1516.4,159.7,540.2,1518.9,-2.5,-0.0886,167.85,0,0
2026-01-01T00:09:20Z,tube_leak,NORMAL,472.33,1520.2,159.79,541.5,1520.7,4.8,-0.0909,167.58,0,0
2026-01-01T00:09:21Z,tube_leak,NORMAL,474.25,1523.7,160.55,539.3,1521.6,3.0,-0.0902,167.0,0,0
2026-01-01T00:09:22Z,tube_leak,NORMAL,474.94,1520.1,159.68,539.3,1520.2,2.6,-0.0889,164.9,0,0
2026-01-01T00:09:23Z,tube_leak,NORMAL,475.28,1523.2,159.66,539.0,1517.2,5.6,-0.0913,166.27,0,0
2026-01-01T00:09:24Z,tube_leak,NORMAL,473.33,1518.8,159.85,539.6,1518.9,1.3,-0.0897,165.8,0,0
2026-01-01T00:09:25Z,tube_leak,NORMAL,476.18,1519.0,159.77,540.0,1514.9,-2.6,-0.0907,165.23,0,0
2026-01-01T00:09:26Z,tube_leak,NORMAL,474.42,1518.5,159.54,541.0,1526.2,6.4,-0.0897,167.37,0,0
2026-01-01T00:09:27Z,tube_leak,NORMAL,475.79,1519.5,160.06,539.7,1513.4,-2.9,-0.0908,166.73,0,0
2026-01-01T00:09:28Z,tube_leak,NORMAL,473.8,1516.4,159.99,540.3,1522.3,3.1,-0.0876,165.38,0,0
2026-01-01T00:09:29Z,tube_leak,NORMAL,478.29,1521.8,159.68,539.9,1517.8,0.5,-0.0904,165.81,0,0
2026-01-01T00:09:30Z,tube_leak,NORMAL,474.99,1517.9,160.56,540.9,1517.9,5.4,-0.0911,164.47,0,0
2026-01-01T00:09:31Z,tube_leak,NORMAL,475.79,1521.1,159.63,540.5,1525.9,16.1,-0.0909,166.58,0,0
2026-01-01T00:09:32Z,tube_leak,NORMAL,471.93,1525.7,159.78,540.9,1520.3,-4.4,-0.0902,164.9,0,0
2026-01-01T00:09:33Z,tube_leak,NORMAL,473.4,1519.5,160.11,537.7,1519.8,13.6,-0.091,166.58,0,0
2026-01-01T00:09:34Z,tube_leak,NORMAL,473.94,1514.4,159.5,539.3,1522.5,0.6,-0.0902,166.92,0,0
2026-01-01T00:09:35Z,tube_leak,NORMAL,475.32,1519.7,160.33,538.6,1519.4,7.0,-0.0921,165.46,0,0
2026-01-01T00:09:36Z,tube_leak,NORMAL,475.39,1520.5,159.83,540.4,1517.3,5.5,-0.0898,168.07,0,0
2026-01-01T00:09:37Z,tube_leak,NORMAL,477.12,1521.1,160.71,539.2,1519.1,-8.2,-0.0891,167.9,0,0
2026-01-01T00:09:38Z,tube_leak,NORMAL,473.79,1517.6,160.56,539.3,1518.5,8.2,-0.0904,166.06,0,0
2026-01-01T00:09:39Z,tube_leak,NORMAL,479.03,1521.2,159.47,541.5,1514.8,5.4,-0.0895,165.73,0,0
2026-01-01T00:09:40Z,tube_leak,NORMAL,473.05,1517.8,160.86,540.1,1518.1,3.2,-0.0888,166.57,0,0
2026-01-01T00:09:41Z,tube_leak,NORMAL,476.74,1521.9,160.03,540.3,1519.7,-4.7,-0.0913,166.7,0,0
2026-01-01T00:09:42Z,tube_leak,NORMAL,473.23,1520.0,159.88,541.0,1520.8,1.7,-0.0903,166.11,0,0
2026-01-01T00:09:43Z,tube_leak,NORMAL,474.15,1520.5,159.14,540.0,1521.1,2.0,-0.0911,165.83,0,0
2026-01-01T00:09:44Z,tube_leak,NORMAL,474.05,1518.9,159.39,538.9,1520.0,1.9,-0.0899,165.38,0,0
2026-01-01T00:09:45Z,tube_leak,NORMAL,475.96,1519.6,159.75,539.1,1518.5,3.5,-0.0902,166.13,0,0
2026-01-01T00:09:46Z,tube_leak,NORMAL,472.5,1525.6,158.87,538.0,1518.4,0.8,-0.0882,166.76,0,0
2026-01-01T00:09:47Z,tube_leak,NORMAL,475.75,1521.8,160.05,538.0,1520.8,0.8,-0.0878,165.53,0,0
2026-01-01T00:09:48Z,tube_leak,NORMAL,478.14,1517.3,160.77,540.1,1522.5,3.2,-0.0893,166.35,0,0
2026-01-01T00:09:49Z,tube_leak,NORMAL,473.36,1519.7,159.62,539.9,1515.2,0.5,-0.089,167.45,0,0
2026-01-01T00:09:50Z,tube_leak,NORMAL,478.28,1520.3,159.92,539.7,1521.2,3.1,-0.0897,164.9,0,0
2026-01-01T00:09:51Z,tube_leak,NORMAL,478.45,1521.0,160.5,540.1,1519.2,9.1,-0.0911,164.56,0,0
2026-01-01T00:09:52Z,tube_leak,NORMAL,479.99,1520.5,159.79,539.4,1514.0,8.7,-0.0893,166.76,0,0
2026-01-01T00:09:53Z,tube_leak,NORMAL,477.06,1518.2,160.23,541.1,1513.4,2.3,-0.0893,166.35,0,0
2026-01-01T00:09:54Z,tube_leak,NORMAL,472.79,1519.7,159.77,540.4,1518.4,3.0,-0.0905,165.73,0,0
2026-01-01T00:09:55Z,tube_leak,NORMAL,477.92,1519.7,160.27,538.7,1524.6,-8.1,-0.0899,166.03,0,0
2026-01-01T00:09:56Z,tube_leak,NORMAL,473.09,1519.5,160.62,541.7,1519.3,-2.7,-0.0919,167.97,0,0
2026-01-01T00:09:57Z,tube_leak,NORMAL,472.33,1518.2,160.05,540.7,1524.6,9.8,-0.0892,165.77,0,0
2026-01-01T00:09:58Z,tube_leak,NORMAL,473.36,1519.6,160.4,541.0,1521.9,-10.6,-0.0906,167.71,0,0
2026-01-01T00:09:59Z,tube_leak,NORMAL,473.67,1519.8,161.36,539.9,1524.3,8.0,-0.0892,165.82,0,0
2026-01-01T00:10:00Z,tube_leak,NORMAL,469.3,1518.3,160.32,540.6,1523.5,-6.8,-0.0898,164.2,0,0
2026-01-01T00:10:01Z,tube_leak,NORMAL,472.79,1521.1,158.91,540.8,1525.5,-8.5,-0.0903,167.97,0,0
2026-01-01T00:10:02Z,tube_leak,NORMAL,476.25,1520.8,160.05,538.6,1519.6,5.0,-0.0899,166.97,0,0
2026-01-01T00:10:03Z,tube_leak,NORMAL,474.1,1518.3,159.78,538.9,1515.9,-1.6,-0.0902,165.31,0,0
2026-01-01T00:10:04Z,tube_leak,NORMAL,476.74,1518.1,160.21,540.5,1525.0,0.1,-0.0892,166.32,0,0
2026-01-01T00:10:05Z,tube_leak,NORMAL,471.48,1521.7,160.84,539.9,1526.3,3.0,-0.088,166.07,0,0
2026-01-01T00:10:06Z,tube_leak,NORMAL,472.79,1520.1,159.64,540.2,1519.3,-0.9,-0.0901,165.28,0,0
2026-01-01T00:10:07Z,tube_leak,NORMAL,473.68,1522.5,159.97,538.7,1513.9,-3.4,-0.0897,165.07,0,0
2026-01-01T00:10:08Z,tube_leak,NORMAL,470.53,1521.1,161.6,540.9,1517.0,-2.5,-0.0901,164.98,0,0
2026-01-01T00:10:09Z,tube_leak,NORMAL,471.49,1519.7,160.4,540.3,1518.0,0.6,-0.0895,165.27,0,0
2026-01-01T00:10:10Z,tube_leak,NORMAL,471.96,1521.3,160.57,540.4,1523.5,5.3,-0.0915,166.73,0,0
2026-01-01T00:10:11Z,tube_leak,NORMAL,478.29,1522.3,160.71,539.4,1522.0,1.8,-0.0906,166.44,0,0
2026-01-01T00:10:12Z,tube_leak,NORMAL,471.67,1518.3,160.16,541.1,1520.0,5.5,-0.0885,165.27,0,0
2026-01-01T00:10:13Z,tube_leak,NORMAL,474.75,1519.0,160.41,540.7,1517.6,2.4,-0.0913,167.43,0,0
2026-01-01T00:10:14Z,tube_leak,NORMAL,468.9,1519.6,159.65,540.7,1520.8,-13.2,-0.0913,165.66,0,0
2026-01-01T00:10:15Z,tube_leak,NORMAL,477.96,1523.3,160.34,541.4,1517.7,-0.3,-0.0899,165.17,0,0
2026-01-01T00:10:16Z,tube_leak,NORMAL,474.12,1519.3,160.23,540.5,1518.4,-5.1,-0.0919,166.76,0,0
2026-01-01T00:10:17Z,tube_leak,NORMAL,474.74,1519.9,160.27,539.5,1517.1,-5.5,-0.0903,166.47,0,0
2026-01-01T00:10:18Z,tube_leak,NORMAL,473.49,1519.1,159.34,539.6,1514.8,-5.9,-0.0895,166.42,0,0
2026-01-01T00:10:19Z,tube_leak,NORMAL,474.61,1519.6,160.45,538.8,1521.3,-6.2,-0.0897,166.1,0,0
2026-01-01T00:10:20Z,tube_leak,NORMAL,473.64,1520.6,159.68,538.8,1518.6,-9.0,-0.0899,165.64,0,0
2026-01-01T00:10:21Z,tube_leak,NORMAL,471.84,1520.7,160.2,539.8,1519.1,1.8,-0.0903,166.51,0,0
2026-01-01T00:10:22Z,tube_leak,NORMAL,472.16,1521.1,159.93,540.5,1519.2,-6.6,-0.0912,166.04,0,0
2026-01-01T00:10:23Z,tube_leak,NORMAL,473.85,1517.4,160.63,541.0,1513.9,-13.6,-0.0915,166.41,0,0
2026-01-01T00:10:24Z,tube_leak,NORMAL,481.7,1517.6,159.84,541.3,1518.5,2.6,-0.0891,166.22,0,0
2026-01-01T00:10:25Z,tube_leak,NORMAL,477.21,1521.9,159.3,539.8,1518.1,-2.9,-0.0912,165.25,0,0
2026-01-01T00:10:26Z,tube_leak,NORMAL,475.14,1520.0,160.69,540.2,1524.3,3.5,-0.0889,162.72,0,0
2026-01-01T00:10:27Z,tube_leak,NORMAL,473.07,1520.9,159.34,539.5,1522.0,-2.9,-0.0903,167.98,0,0
2026-01-01T00:10:28Z,tube_leak,NORMAL,473.94,1522.2,159.98,540.1,1518.9,-7.4,-0.0902,164.88,0,0
2026-01-01T00:10:29Z,tube_leak,NORMAL,476.53,1520.2,159.78,540.8,1516.9,-13.1,-0.0896,164.87,0,0
2026-01-01T00:10:30Z,tube_leak,NORMAL,471.51,1520.3,160.48,539.2,1517.3,4.2,-0.0914,167.1,0,0
2026-01-01T00:10:31Z,tube_leak,NORMAL,476.07,1518.5,159.93,539.1,1518.0,-4.1,-0.0907,164.6,0,0
2026-01-01T00:10:32Z,tube_leak,NORMAL,476.78,1518.8,160.4,539.8,1528.4,-0.6,-0.0913,164.88,0,0
2026-01-01T00:10:33Z,tube_leak,NORMAL,472.76,1519.1,159.17,538.9,1520.0,-11.3,-0.0901,166.48,0,0
2026-01-01T00:10:34Z,tube_leak,NORMAL,472.49,1521.2,160.04,541.1,1522.0,-4.6,-0.0902,166.71,0,0
2026-01-01T00:10:35Z,tube_leak,NORMAL,475.94,1516.6,160.46,539.4,1523.4,-2.7,-0.0906,166.25,0,0
2026-01-01T00:10:36Z,tube_leak,NORMAL,478.6,1518.5,159.15,539.7,1523.8,4.3,-0.089,164.13,0,0
2026-01-01T00:10:37Z,tube_leak,NORMAL,474.41,1519.0,159.91,538.9,1519.2,-9.6,-0.0877,166.31,0,0
2026-01-01T00:10:38Z,tube_leak,NORMAL,473.71,1517.5,160.48,540.6,1523.5,-2.0,-0.0905,165.52,0,0
2026-01-01T00:10:39Z,tube_leak,NORMAL,473.09,1519.2,160.34,539.4,1520.9,-0.0,-0.0905,167.23,0,0
2026-01-01T00:10:40Z,tube_leak,NORMAL,476.05,1520.8,159.99,540.2,1517.4,-8.0,-0.0897,167.14,0,0
2026-01-01T00:10:41Z,tube_leak,NORMAL,474.42,1521.0,159.88,539.2,1520.0,-2.0,-0.0907,165.66,0,0
2026-01-01T00:10:42Z,tube_leak,NORMAL,473.76,1520.4,159.26,540.3,1520.8,-2.9,-0.0906,166.53,0,0
2026-01-01T00:10:43Z,tube_leak,NORMAL,472.24,1518.5,160.4,538.7,1518.1,-6.9,-0.0894,164.81,0,0
2026-01-01T00:10:44Z,tube_leak,NORMAL,473.53,1517.8,160.83,539.7,1518.4,-3.4,-0.0891,164.18,0,0
2026-01-01T00:10:45Z,tube_leak,NORMAL,472.3,1520.4,159.69,538.6,1517.9,-3.3,-0.0897,168.21,0,0
2026-01-01T00:10:46Z,tube_leak,NORMAL,470.9,1517.0,159.4,541.0,1517.3,-11.7,-0.0892,165.51,0,0
2026-01-01T00:10:47Z,tube_leak,NORMAL,477.79,1520.4,159.67,540.9,1522.4,3.4,-0.0904,165.93,0,0
2026-01-01T00:10:48Z,tube_leak,NORMAL,478.68,1522.2,160.13,539.1,1516.9,-11.3,-0.091,166.04,0,0
2026-01-01T00:10:49Z,tube_leak,NORMAL,472.02,1521.4,158.71,539.2,1518.0,-1.2,-0.0895,165.02,0,0
2026-01-01T00:10:50Z,tube_leak,NORMAL,475.57,1517.9,160.15,538.8,1520.4,3.1,-0.088,167.34,0,0
2026-01-01T00:10:51Z,tube_leak,NORMAL,472.42,1519.0,159.53,539.4,1514.8,-7.4,-0.0889,168.48,0,0
2026-01-01T00:10:52Z,tube_leak,NORMAL,476.09,1520.4,160.34,538.4,1517.5,-0.3,-0.0902,165.88,0,0
2026-01-01T00:10:53Z,tube_leak,NORMAL,477.14,1516.2,160.58,539.2,1521.7,-4.3,-0.0893,167.24,0,0
2026-01-01T00:10:54Z,tube_leak,NORMAL,472.47,1521.7,160.25,541.4,1518.4,1.6,-0.0893,165.81,0,0
2026-01-01T00:10:55Z,tube_leak,NORMAL,477.5,1519.3,160.46,539.9,1520.3,-4.1,-0.089,166.16,0,0
2026-01-01T00:10:56Z,tube_leak,NORMAL,476.45,1521.2,159.57,540.9,1524.4,-1.9,-0.0896,165.4,0,0
2026-01-01T00:10:57Z,tube_leak,NORMAL,478.22,1516.9,160.07,541.5,1517.9,-1.8,-0.0907,166.91,0,0
2026-01-01T00:10:58Z,tube_leak,NORMAL,471.46,1519.2,159.68,540.1,1514.9,3.0,-0.0897,165.76,0,0
2026-01-01T00:10:59Z,tube_leak,NORMAL,478.72,1520.0,160.13,540.3,1524.8,-3.7,-0.0911,166.34,0,0
2026-01-01T00:11:00Z,tube_leak,NORMAL,476.05,1519.9,159.68,539.2,1514.9,-2.1,-0.0908,165.61,0,0
2026-01-01T00:11:01Z,tube_leak,NORMAL,476.27,1522.2,159.48,539.6,1518.8,-2.0,-0.091,165.45,0,0
2026-01-01T00:11:02Z,tube_leak,NORMAL,476.05,1518.8,159.49,540.0,1517.3,-6.0,-0.0887,166.07,0,0
2026-01-01T00:11:03Z,tube_leak,NORMAL,474.66,1519.1,159.24,540.2,1523.1,1.7,-0.0871,165.95,0,0
2026-01-01T00:11:04Z,tube_leak,NORMAL,475.5,1517.8,160.93,541.0,1522.9,-1.6,-0.0901,163.71,0,0
2026-01-01T00:11:05Z,tube_leak,NORMAL,478.13,1521.3,160.13,539.2,1522.6,-3.1,-0.0898,165.14,0,0
2026-01-01T00:11:06Z,tube_leak,NORMAL,472.2,1519.8,159.95,539.0,1525.2,-6.9,-0.0901,166.51,0,0
2026-01-01T00:11:07Z,tube_leak,NORMAL,478.68,1518.4,159.91,538.7,1523.1,-2.5,-0.0898,166.53,0,0
2026-01-01T00:11:08Z,tube_leak,NORMAL,479.54,1519.8,159.71,539.4,1523.1,-1.7,-0.0895,165.6,0,0
2026-01-01T00:11:09Z,tube_leak,NORMAL,476.37,1521.2,160.05,539.9,1521.4,-2.7,-0.0905,165.94,0,0
2026-01-01T00:11:10Z,tube_leak,NORMAL,470.71,1521.2,159.95,541.5,1514.6,-3.9,-0.0894,165.55,0,0
2026-01-01T00:11:11Z,tube_leak,NORMAL,476.21,1520.6,160.26,539.8,1510.5,-4.3,-0.0899,165.52,0,0
2026-01-01T00:11:12Z,tube_leak,NORMAL,471.69,1521.0,160.2,541.6,1517.6,1.2,-0.09,165.75,0,0
2026-01-01T00:11:13Z,tube_leak,NORMAL,476.25,1521.8,159.74,541.6,1520.1,-10.9,-0.0911,167.32,0,0
2026-01-01T00:11:14Z,tube_leak,NORMAL,473.62,1520.2,160.05,539.9,1522.9,-7.2,-0.0911,163.95,0,0
2026-01-01T00:11:15Z,tube_leak,NORMAL,474.7,1519.5,160.62,539.3,1523.1,-6.2,-0.0883,165.28,0,0
2026-01-01T00:11:16Z,tube_leak,NORMAL,474.0,1521.4,160.59,540.8,1516.0,0.7,-0.09,164.62,0,0
2026-01-01T00:11:17Z,tube_leak,NORMAL,473.6,1519.3,159.6,541.3,1521.6,0.9,-0.0909,164.58,0,0
2026-01-01T00:11:18Z,tube_leak,NORMAL,476.13,1520.1,160.43,540.7,1520.5,-0.7,-0.0899,166.46,0,0
2026-01-01T00:11:19Z,tube_leak,NORMAL,479.95,1522.6,159.47,538.4,1524.1,-6.9,-0.0901,165.76,0,0
2026-01-01T00:11:20Z,tube_leak,NORMAL,475.82,1519.2,159.4,538.2,1512.8,-10.0,-0.0888,165.31,0,0
2026-01-01T00:11:21Z,tube_leak,NORMAL,474.94,1522.2,160.66,539.4,1522.1,-6.6,-0.0919,167.21,0,0
2026-01-01T00:11:22Z,tube_leak,NORMAL,475.28,1518.2,160.1,540.3,1520.5,-9.6,-0.0902,166.56,0,0
2026-01-01T00:11:23Z,tube_leak,NORMAL,476.88,1519.6,159.46,540.4,1523.7,-7.7,-0.0895,167.3,0,0
2026-01-01T00:11:24Z,tube_leak,NORMAL,477.65,1522.7,160.14,541.4,1524.1,-8.9,-0.0897,166.49,0,0
2026-01-01T00:11:25Z,tube_leak,NORMAL,473.29,1519.3,159.0,540.7,1522.5,1.0,-0.0887,165.65,0,0
2026-01-01T00:11:26Z,tube_leak,NORMAL,474.6,1523.1,160.54,539.3,1512.9,-5.9,-0.0911,166.31,0,0
2026-01-01T00:11:27Z,tube_leak,NORMAL,477.43,1517.1,160.14,538.8,1527.4,-4.4,-0.0895,165.21,0,0
2026-01-01T00:11:28Z,tube_leak,NORMAL,469.67,1518.1,159.52,541.2,1516.6,-0.6,-0.0896,166.14,0,0
2026-01-01T00:11:29Z,tube_leak,NORMAL,468.78,1518.9,160.49,540.5,1520.4,-11.9,-0.0899,166.5,0,0
2026-01-01T00:11:30Z,tube_leak,NORMAL,473.78,1520.9,159.64,538.0,1518.1,-8.1,-0.0888,166.97,0,0
2026-01-01T00:11:31Z,tube_leak,NORMAL,474.87,1518.9,160.28,541.5,1517.1,-7.8,-0.0888,166.73,0,0
2026-01-01T00:11:32Z,tube_leak,NORMAL,473.9,1522.3,160.28,539.1,1520.8,-4.7,-0.0883,166.86,0,0
2026-01-01T00:11:33Z,tube_leak,NORMAL,476.21,1520.3,160.26,538.6,1515.6,-2.7,-0.0896,165.85,0,0
2026-01-01T00:11:34Z,tube_leak,NORMAL,470.0,1517.8,160.27,540.1,1518.1,-9.2,-0.0897,166.1,0,0
2026-01-01T00:11:35Z,tube_leak,NORMAL,474.6,1519.0,160.08,540.3,1518.1,3.7,-0.0906,166.42,0,0
2026-01-01T00:11:36Z,tube_leak,NORMAL,471.12,1518.0,160.46,540.7,1520.6,-7.9,-0.0896,165.26,0,0
2026-01-01T00:11:37Z,tube_leak,NORMAL,477.68,1514.7,159.81,539.2,1523.9,-5.5,-0.0888,167.7,0,0
2026-01-01T00:11:38Z,tube_leak,NORMAL,476.14,1516.7,159.62,539.5,1521.2,-2.6,-0.0913,167.03,0,0
2026-01-01T00:11:39Z,tube_leak,NORMAL,472.46,1519.3,160.13,539.9,1524.7,1.2,-0.0913,165.12,0,0
2026-01-01T00:11:40Z,tube_leak,NORMAL,477.87,1520.2,160.31,540.0,1523.7,-0.6,-0.0892,165.57,0,0
2026-01-01T00:11:41Z,tube_leak,NORMAL,476.52,1516.8,159.88,539.4,1517.7,-9.1,-0.092,167.49,0,0
2026-01-01T00:11:42Z,tube_leak,NORMAL,474.47,1519.6,160.25,541.1,1524.0,-6.5,-0.0898,165.34,0,0
2026-01-01T00:11:43Z,tube_leak,NORMAL,476.83,1520.0,160.45,540.8,1522.3,-1.7,-0.0899,165.01,0,0
2026-01-01T00:11:44Z,tube_leak,NORMAL,475.82,1523.4,159.78,539.3,1521.9,4.1,-0.091,163.83,0,0
2026-01-01T00:11:45Z,tube_leak,NORMAL,473.46,1520.2,159.93,539.7,1518.5,-7.5,-0.0908,166.61,0,0
2026-01-01T00:11:46Z,tube_leak,NORMAL,476.43,1516.8,160.79,540.4,1521.7,-5.7,-0.0897,165.13,0,0
2026-01-01T00:11:47Z,tube_leak,NORMAL,478.96,1522.8,159.88,538.7,1519.1,-1.3,-0.0904,165.45,0,0
2026-01-01T00:11:48Z,tube_leak,NORMAL,475.4,1518.3,160.67,540.9,1522.0,-7.7,-0.0898,167.36,0,0
2026-01-01T00:11:49Z,tube_leak,NORMAL,469.77,1520.4,160.7,541.8,1517.1,-2.8,-0.089,167.46,0,0
2026-01-01T00:11:50Z,tube_leak,NORMAL,470.4,1516.0,160.08,540.5,1519.6,-5.7,-0.0887,167.73,0,0
2026-01-01T00:11:51Z,tube_leak,NORMAL,473.52,1520.3,159.42,541.7,1515.8,-9.4,-0.0909,165.2,0,0
2026-01-01T00:11:52Z,tube_leak,NORMAL,478.19,1524.6,160.13,539.7,1522.2,-8.6,-0.0887,166.21,0,0
2026-01-01T00:11:53Z,tube_leak,NORMAL,476.05,1518.6,159.9,538.4,1520.1,0.5,-0.0919,165.24,0,0
2026-01-01T00:11:54Z,tube_leak,NORMAL,473.81,1519.4,159.95,540.0,1520.9,-4.1,-0.0917,166.56,0,0
2026-01-01T00:11:55Z,tube_leak,NORMAL,478.01,1520.5,159.11,540.2,1521.4,-8.8,-0.0899,167.53,0,0
2026-01-01T00:11:56Z,tube_leak,NORMAL,479.04,1520.3,160.25,539.8,1518.8,3.1,-0.089,166.87,0,0
2026-01-01T00:11:57Z,tube_leak,NORMAL,473.68,1522.9,160.52,538.7,1523.3,-2.9,-0.0897,164.23,0,0
2026-01-01T00:11:58Z,tube_leak,NORMAL,471.34,1522.0,159.62,540.8,1516.0,-11.1,-0.0881,167.16,0,0
2026-01-01T00:11:59Z,tube_leak,NORMAL,474.68,1520.4,159.65,540.4,1523.5,-5.8,-0.0895,164.56,0,0
2026-01-01T00:12:00Z,tube_leak,NORMAL,479.5,1522.0,159.98,539.7,1524.2,-6.2,-0.0896,165.94,0,0
2026-01-01T00:12:01Z,tube_leak,NORMAL,472.69,1522.1,159.79,540.5,1519.0,-4.3,-0.0902,165.6,0,0
2026-01-01T00:12:02Z,tube_leak,NORMAL,476.83,1519.8,160.43,540.7,1523.7,-6.0,-0.0893,166.08,0,0
2026-01-01T00:12:03Z,tube_leak,NORMAL,474.94,1518.6,159.76,540.6,1519.0,-7.1,-0.0892,166.61,0,0
2026-01-01T00:12:04Z,tube_leak,NORMAL,471.95,1520.2,160.56,541.1,1518.4,-9.0,-0.0904,167.59,0,0
2026-01-01T00:12:05Z,tube_leak,NORMAL,476.86,1515.4,160.43,537.8,1525.8,0.9,-0.0904,166.36,0,0
2026-01-01T00:12:06Z,tube_leak,NORMAL,476.65,1519.0,160.23,539.9,1519.2,4.3,-0.092,166.3,0,0
2026-01-01T00:12:07Z,tube_leak,NORMAL,471.52,1519.6,159.65,542.5,1518.5,-3.9,-0.0906,167.14,0,0
2026-01-01T00:12:08Z,tube_leak,NORMAL,473.72,1518.7,160.94,540.8,1520.8,8.9,-0.0906,165.44,0,0
2026-01-01T00:12:09Z,tube_leak,NORMAL,473.02,1522.4,159.69,541.2,1518.1,-12.2,-0.0908,166.54,0,0
2026-01-01T00:12:10Z,tube_leak,NORMAL,477.98,1522.6,160.18,540.7,1512.1,-1.8,-0.09,165.94,0,0
2026-01-01T00:12:11Z,tube_leak,NORMAL,473.34,1521.8,160.57,542.0,1519.4,-7.0,-0.0881,165.93,0,0
2026-01-01T00:12:12Z,tube_leak,NORMAL,473.7,1517.2,160.21,540.6,1522.5,-1.8,-0.0895,166.8,0,0
2026-01-01T00:12:13Z,tube_leak,NORMAL,476.29,1522.4,160.43,540.2,1518.4,1.1,-0.0906,166.1,0,0
2026-01-01T00:12:14Z,tube_leak,NORMAL,473.21,1524.3,159.51,540.7,1522.0,1.5,-0.09,166.33,0,0
2026-01-01T00:12:15Z,tube_leak,NORMAL,474.51,1514.6,159.62,541.4,1517.6,-2.1,-0.0874,165.28,0,0
2026-01-01T00:12:16Z,tube_leak,NORMAL,473.74,1519.5,159.0,539.1,1515.7,0.0,-0.0902,164.12,0,0
2026-01-01T00:12:17Z,tube_leak,NORMAL,477.03,1521.9,159.82,540.9,1521.8,-7.2,-0.0897,166.43,0,0
2026-01-01T00:12:18Z,tube_leak,NORMAL,472.91,1517.9,160.2,542.3,1519.9,-1.5,-0.0911,165.99,0,0
2026-01-01T00:12:19Z,tube_leak,NORMAL,474.49,1519.2,159.67,540.0,1518.3,3.7,-0.088,165.49,0,0
2026-01-01T00:12:20Z,tube_leak,NORMAL,474.09,1520.9,160.29,539.2,1518.3,0.5,-0.0916,168.47,0,0
2026-01-01T00:12:21Z,tube_leak,NORMAL,475.75,1519.4,159.92,538.9,1525.4,-2.8,-0.0904,168.01,0,0
2026-01-01T00:12:22Z,tube_leak,NORMAL,477.58,1519.6,160.22,539.7,1518.9,-3.4,-0.0897,167.34,0,0
2026-01-01T00:12:23Z,tube_leak,NORMAL,479.94,1515.7,161.16,541.0,1520.0,-4.4,-0.0919,167.44,0,0
2026-01-01T00:12:24Z,tube_leak,NORMAL,472.26,1521.3,159.79,538.4,1521.3,0.3,-0.0909,167.11,0,0
2026-01-01T00:12:25Z,tube_leak,NORMAL,479.51,1521.0,160.22,539.3,1516.9,-4.1,-0.0899,166.26,0,0
2026-01-01T00:12:26Z,tube_leak,NORMAL,474.5,1525.0,160.29,539.0,1516.4,-10.7,-0.091,166.83,0,0
2026-01-01T00:12:27Z,tube_leak,NORMAL,474.29,1518.6,160.29,540.5,1521.1,-2.0,-0.09,164.93,0,0
2026-01-01T00:12:28Z,tube_leak,NORMAL,470.39,1518.4,159.61,539.2,1519.5,-4.2,-0.0913,166.15,0,0
2026-01-01T00:12:29Z,tube_leak,NORMAL,475.84,1519.0,160.41,540.3,1521.2,-3.7,-0.0896,166.93,0,0
2026-01-01T00:12:30Z,tube_leak,NORMAL,470.18,1522.1,159.74,540.7,1513.1,-3.9,-0.0917,166.1,0,0
2026-01-01T00:12:31Z,tube_leak,NORMAL,475.45,1520.8,160.01,538.7,1523.9,-8.4,-0.0903,165.47,0,0
2026-01-01T00:12:32Z,tube_leak,NORMAL,473.49,1517.2,160.54,540.7,1520.2,-2.3,-0.091,166.14,0,0
2026-01-01T00:12:33Z,tube_leak,NORMAL,472.73,1520.2,160.2,539.8,1521.2,1.4,-0.0892,168.22,0,0
2026-01-01T00:12:34Z,tube_leak,NORMAL,471.43,1517.5,159.39,539.8,1515.2,-4.1,-0.0892,166.98,0,0
2026-01-01T00:12:35Z,tube_leak,NORMAL,479.1,1521.7,160.51,539.5,1518.9,3.0,-0.0891,164.33,0,0
2026-01-01T00:12:36Z,tube_leak,NORMAL,471.53,1518.0,159.57,541.3,1525.4,0.4,-0.0897,168.19,0,0
2026-01-01T00:12:37Z,tube_leak,NORMAL,476.12,1521.1,160.19,540.4,1524.0,2.4,-0.0899,165.86,0,0
2026-01-01T00:12:38Z,tube_leak,NORMAL,475.65,1516.7,160.23,540.1,1521.0,-6.9,-0.0895,166.43,0,0
2026-01-01T00:12:39Z,tube_leak,NORMAL,474.98,1520.7,159.59,538.5,1521.4,-12.1,-0.0894,168.32,0,0
2026-01-01T00:12:40Z,tube_leak,NORMAL,475.93,1521.7,160.81,541.0,1526.8,-5.3,-0.0903,166.73,0,0
2026-01-01T00:12:41Z,tube_leak,NORMAL,470.96,1520.0,160.03,541.3,1523.2,2.9,-0.0893,166.31,0,0
2026-01-01T00:12:42Z,tube_leak,NORMAL,475.73,1521.5,160.51,539.3,1521.3,-1.2,-0.0897,167.4,0,0
2026-01-01T00:12:43Z,tube_leak,NORMAL,474.37,1518.2,159.54,539.4,1521.8,-1.6,-0.0906,167.02,0,0
2026-01-01T00:12:44Z,tube_leak,NORMAL,475.4,1521.4,161.1,541.9,1521.0,1.0,-0.0889,167.53,0,0
2026-01-01T00:12:45Z,tube_leak,NORMAL,474.1,1517.5,160.43,540.2,1521.8,2.1,-0.0907,165.74,0,0
2026-01-01T00:12:46Z,tube_leak,NORMAL,477.68,1519.7,159.61,539.7,1521.2,-3.1,-0.0883,167.06,0,0
2026-01-01T00:12:47Z,tube_leak,NORMAL,471.27,1520.5,160.78,543.3,1518.6,-0.3,-0.0914,166.81,0,0
2026-01-01T00:12:48Z,tube_leak,NORMAL,476.2,1520.6,159.46,540.8,1525.5,6.5,-0.0896,166.2,0,0
2026-01-01T00:12:49Z,tube_leak,NORMAL,477.25,1519.7,158.74,538.3,1524.1,6.4,-0.0901,165.45,0,0
2026-01-01T00:12:50Z,tube_leak,NORMAL,474.25,1517.4,159.87,541.7,1518.1,-4.2,-0.0913,166.46,0,0
2026-01-01T00:12:51Z,tube_leak,NORMAL,472.63,1521.3,159.85,541.7,1521.8,2.3,-0.0914,166.27,0,0
2026-01-01T00:12:52Z,tube_leak,NORMAL,475.76,1520.7,160.18,540.1,1516.5,-12.1,-0.0911,167.26,0,0
2026-01-01T00:12:53Z,tube_leak,NORMAL,477.0,1522.3,160.16,540.2,1520.1,-8.5,-0.0898,165.6,0,0
2026-01-01T00:12:54Z,tube_leak,NORMAL,473.48,1518.0,159.97,540.9,1522.4,-4.7,-0.0898,166.18,0,0
2026-01-01T00:12:55Z,tube_leak,NORMAL,469.97,1521.9,159.68,540.6,1517.6,4.1,-0.0888,166.51,0,0
2026-01-01T00:12:56Z,tube_leak,NORMAL,476.36,1518.7,159.84,538.9,1523.2,6.2,-0.0905,166.29,0,0
2026-01-01T00:12:57Z,tube_leak,NORMAL,473.33,1517.4,159.74,538.8,1514.2,1.8,-0.091,166.21,0,0
2026-01-01T00:12:58Z,tube_leak,NORMAL,468.36,1520.2,159.65,539.4,1522.6,-0.2,-0.0897,166.3,0,0
2026-01-01T00:12:59Z,tube_leak,NORMAL,476.2,1518.4,159.99,539.8,1522.1,-2.4,-0.0892,166.78,0,0
2026-01-01T00:13:00Z,tube_leak,NORMAL,473.55,1521.5,159.8,539.4,1517.6,-4.8,-0.0897,166.05,0,0
2026-01-01T00:13:01Z,tube_leak,NORMAL,474.23,1521.7,160.44,540.1,1514.2,3.1,-0.092,165.36,0,0
2026-01-01T00:13:02Z,tube_leak,NORMAL,474.6,1523.1,158.76,538.5,1517.9,4.2,-0.0916,165.45,0,0
2026-01-01T00:13:03Z,tube_leak,NORMAL,478.03,1521.8,159.7,541.0,1520.3,-3.7,-0.0907,165.62,0,0
2026-01-01T00:13:04Z,tube_leak,NORMAL,472.3,1520.9,160.5,538.6,1522.0,-4.3,-0.0901,166.55,0,0
2026-01-01T00:13:05Z,tube_leak,NORMAL,477.53,1520.0,160.12,541.6,1524.8,6.3,-0.0892,166.76,0,0
2026-01-01T00:13:06Z,tube_leak,NORMAL,479.1,1521.5,159.66,540.1,1521.2,-5.9,-0.0906,167.96,0,0
2026-01-01T00:13:07Z,tube_leak,NORMAL,472.16,1521.0,160.16,541.0,1517.7,-2.7,-0.0899,165.62,0,0
2026-01-01T00:13:08Z,tube_leak,NORMAL,478.87,1520.4,160.43,539.0,1521.8,13.7,-0.0901,165.13,0,0
2026-01-01T00:13:09Z,tube_leak,NORMAL,477.85,1519.1,159.36,538.9,1516.5,3.9,-0.0908,165.38,0,0
2026-01-01T00:13:10Z,tube_leak,NORMAL,474.07,1520.9,160.45,541.2,1519.0,6.5,-0.0908,167.96,0,0
2026-01-01T00:13:11Z,tube_leak,NORMAL,476.55,1520.5,159.21,541.0,1518.6,-1.6,-0.0908,165.64,0,0
2026-01-01T00:13:12Z,tube_leak,NORMAL,476.23,1520.9,160.03,541.9,1516.3,3.0,-0.0913,166.81,0,0
2026-01-01T00:13:13Z,tube_leak,NORMAL,476.43,1520.3,160.25,540.6,1521.5,-5.3,-0.0891,168.0,0,0
2026-01-01T00:13:14Z,tube_leak,NORMAL,477.81,1519.5,160.98,540.2,1523.5,5.1,-0.0886,164.66,0,0
2026-01-01T00:13:15Z,tube_leak,NORMAL,473.02,1521.0,159.88,539.6,1524.5,-1.1,-0.0897,166.63,0,0
2026-01-01T00:13:16Z,tube_leak,NORMAL,474.43,1515.4,159.07,539.7,1526.6,-1.8,-0.09,168.33,0,0
2026-01-01T00:13:17Z,tube_leak,NORMAL,475.1,1521.0,160.16,539.2,1517.4,-0.6,-0.09,165.52,0,0
2026-01-01T00:13:18Z,tube_leak,NORMAL,473.77,1520.5,160.6,542.4,1517.9,3.4,-0.091,165.63,0,0
2026-01-01T00:13:19Z,tube_leak,NORMAL,470.7,1523.5,159.79,541.0,1516.8,-9.7,-0.0883,164.63,0,0
2026-01-01T00:13:20Z,tube_leak,NORMAL,472.42,1522.4,160.04,539.8,1524.0,0.7,-0.0892,165.01,0,0
2026-01-01T00:13:21Z,tube_leak,NORMAL,478.57,1518.9,160.09,539.3,1517.6,0.8,-0.0891,166.01,0,0
2026-01-01T00:13:22Z,tube_leak,NORMAL,475.49,1519.1,160.66,538.5,1515.0,9.3,-0.0922,167.97,0,0
2026-01-01T00:13:23Z,tube_leak,NORMAL,474.96,1520.9,160.16,539.3,1521.6,12.5,-0.0888,165.54,0,0
2026-01-01T00:13:24Z,tube_leak,NORMAL,478.1,1517.7,159.89,540.1,1523.7,-4.5,-0.0889,165.84,0,0
2026-01-01T00:13:25Z,tube_leak,NORMAL,470.9,1522.0,159.79,538.0,1522.4,-6.0,-0.0904,165.12,0,0
2026-01-01T00:13:26Z,tube_leak,NORMAL,472.97,1522.2,160.32,538.5,1519.3,2.9,-0.0886,166.71,0,0
2026-01-01T00:13:27Z,tube_leak,NORMAL,471.97,1517.4,160.33,540.8,1518.2,-0.5,-0.0895,166.54,0,0
2026-01-01T00:13:28Z,tube_leak,NORMAL,468.42,1519.5,160.41,538.5,1522.6,-3.6,-0.0898,165.4,0,0
2026-01-01T00:13:29Z,tube_leak,NORMAL,470.96,1520.4,159.95,541.5,1522.5,-5.2,-0.0897,167.23,0,0
2026-01-01T00:13:30Z,tube_leak,NORMAL,477.12,1523.7,160.98,539.3,1521.2,14.8,-0.0887,165.58,0,0
2026-01-01T00:13:31Z,tube_leak,NORMAL,471.19,1516.9,160.33,539.9,1519.5,-0.0,-0.0909,166.87,0,0
2026-01-01T00:13:32Z,tube_leak,NORMAL,474.93,1520.9,159.18,541.8,1523.5,8.3,-0.0921,167.14,0,0
2026-01-01T00:13:33Z,tube_leak,NORMAL,471.42,1520.9,160.58,541.1,1522.2,12.2,-0.0898,165.44,0,0
2026-01-01T00:13:34Z,tube_leak,NORMAL,473.68,1520.0,160.42,538.9,1522.4,2.9,-0.0905,165.32,0,0
2026-01-01T00:13:35Z,tube_leak,NORMAL,473.82,1520.6,159.9,540.8,1515.2,-4.2,-0.091,167.36,0,0
2026-01-01T00:13:36Z,tube_leak,NORMAL,474.65,1520.1,160.3,540.7,1518.4,-4.0,-0.0904,164.72,0,0
2026-01-01T00:13:37Z,tube_leak,NORMAL,474.83,1518.5,160.14,540.2,1518.9,6.4,-0.0872,164.41,0,0
2026-01-01T00:13:38Z,tube_leak,NORMAL,481.07,1518.1,159.32,539.0,1522.2,4.4,-0.0906,165.67,0,0
2026-01-01T00:13:39Z,tube_leak,NORMAL,473.1,1521.2,160.63,539.7,1518.0,1.5,-0.0923,166.2,0,0
2026-01-01T00:13:40Z,tube_leak,NORMAL,475.96,1519.3,159.75,541.1,1520.9,5.3,-0.0895,166.39,0,0
2026-01-01T00:13:41Z,tube_leak,NORMAL,478.28,1517.3,159.98,537.7,1518.7,13.5,-0.0913,165.15,0,0
2026-01-01T00:13:42Z,tube_leak,NORMAL,474.81,1521.7,160.34,539.5,1525.1,3.2,-0.0889,167.84,0,0
2026-01-01T00:13:43Z,tube_leak,NORMAL,472.54,1517.0,160.27,540.2,1520.1,4.9,-0.0901,167.81,0,0
2026-01-01T00:13:44Z,tube_leak,NORMAL,467.47,1522.5,160.13,539.9,1517.1,9.8,-0.0912,166.36,0,0
2026-01-01T00:13:45Z,tube_leak,NORMAL,477.84,1516.7,160.16,540.3,1521.3,1.3,-0.0894,167.29,0,0
2026-01-01T00:13:46Z,tube_leak,NORMAL,474.25,1524.2,159.43,539.3,1523.6,2.6,-0.0909,165.8,0,0
2026-01-01T00:13:47Z,tube_leak,NORMAL,478.79,1521.6,159.54,538.1,1524.5,5.0,-0.0904,165.34,0,0
2026-01-01T00:13:48Z,tube_leak,NORMAL,469.82,1517.4,160.15,539.5,1524.9,8.4,-0.0906,165.32,0,0
2026-01-01T00:13:49Z,tube_leak,NORMAL,478.23,1519.3,161.32,540.1,1515.9,-6.4,-0.0907,167.7,0,0
2026-01-01T00:13:50Z,tube_leak,NORMAL,474.38,1515.0,159.69,539.7,1524.1,6.1,-0.0901,166.55,0,0
2026-01-01T00:13:51Z,tube_leak,NORMAL,480.56,1522.1,159.63,540.7,1523.4,15.6,-0.0897,165.93,0,0
2026-01-01T00:13:52Z,tube_leak,NORMAL,475.89,1519.0,160.08,539.2,1520.1,-3.3,-0.0892,167.05,0,0
2026-01-01T00:13:53Z,tube_leak,NORMAL,470.87,1521.5,159.72,541.4,1523.0,9.5,-0.0894,165.21,0,0
2026-01-01T00:13:54Z,tube_leak,NORMAL,469.81,1520.3,159.36,540.2,1515.5,8.0,-0.0895,164.97,0,0
2026-01-01T00:13:55Z,tube_leak,NORMAL,472.59,1520.8,160.44,540.2,1517.9,4.9,-0.0902,165.72,0,0
2026-01-01T00:13:56Z,tube_leak,NORMAL,471.48,1520.1,159.59,539.9,1514.0,8.3,-0.0906,166.33,0,0
2026-01-01T00:13:57Z,tube_leak,NORMAL,478.75,1523.1,160.33,539.0,1519.7,5.7,-0.0897,166.39,0,0
2026-01-01T00:13:58Z,tube_leak,NORMAL,477.05,1521.3,160.61,540.8,1517.9,2.6,-0.09,166.66,0,0
2026-01-01T00:13:59Z,tube_leak,NORMAL,473.77,1520.0,159.83,539.5,1521.2,8.8,-0.0882,167.27,0,0
2026-01-01T00:14:00Z,tube_leak,NORMAL,474.02,1522.5,159.28,540.4,1518.3,1.5,-0.088,165.83,0,0
2026-01-01T00:14:01Z,tube_leak,NORMAL,475.61,1521.2,159.99,538.6,1521.0,2.6,-0.0901,166.23,0,0
2026-01-01T00:14:02Z,tube_leak,NORMAL,476.14,1520.8,159.24,540.2,1525.3,-5.2,-0.0909,165.56,0,0
2026-01-01T00:14:03Z,tube_leak,NORMAL,470.03,1516.3,159.52,541.1,1518.9,-0.3,-0.0902,166.74,0,0
2026-01-01T00:14:04Z,tube_leak,NORMAL,476.21,1520.1,161.32,540.3,1521.3,1.8,-0.0909,165.09,0,0
2026-01-01T00:14:05Z,tube_leak,NORMAL,471.78,1521.1,160.08,539.4,1518.9,9.7,-0.0902,166.28,0,0
2026-01-01T00:14:06Z,tube_leak,NORMAL,475.72,1521.0,159.62,537.5,1514.1,6.2,-0.0906,165.91,0,0
2026-01-01T00:14:07Z,tube_leak,NORMAL,470.71,1518.4,160.06,540.0,1516.8,-1.3,-0.0881,166.0,0,0
2026-01-01T00:14:08Z,tube_leak,NORMAL,474.73,1517.3,159.61,539.7,1516.5,5.0,-0.0912,165.51,0,0
2026-01-01T00:14:09Z,tube_leak,NORMAL,473.0,1516.7,159.21,540.1,1516.9,3.6,-0.0901,166.58,0,0
2026-01-01T00:14:10Z,tube_leak,NORMAL,477.03,1518.7,159.42,540.2,1522.6,2.8,-0.0901,166.06,0,0
2026-01-01T00:14:11Z,tube_leak,NORMAL,474.61,1521.3,159.8,540.6,1521.2,15.3,-0.0907,167.4,0,0
2026-01-01T00:14:12Z,tube_leak,NORMAL,477.01,1517.6,160.28,540.6,1518.2,-7.7,-0.0893,164.95,0,0
2026-01-01T00:14:13Z,tube_leak,NORMAL,474.57,1516.5,160.3,538.2,1518.2,1.8,-0.09,164.77,0,0
2026-01-01T00:14:14Z,tube_leak,NORMAL,476.15,1521.0,159.82,539.7,1511.7,12.7,-0.0902,166.9,0,0
2026-01-01T00:14:15Z,tube_leak,NORMAL,475.46,1520.1,160.34,539.4,1523.1,12.5,-0.0898,166.09,0,0
2026-01-01T00:14:16Z,tube_leak,NORMAL,477.44,1520.8,159.81,539.7,1520.4,8.5,-0.0905,167.04,0,0
2026-01-01T00:14:17Z,tube_leak,NORMAL,479.91,1521.2,159.97,540.6,1518.7,-0.9,-0.0908,164.88,0,0
2026-01-01T00:14:18Z,tube_leak,NORMAL,477.4,1519.0,159.07,540.5,1521.1,6.2,-0.0913,165.13,0,0
2026-01-01T00:14:19Z,tube_leak,NORMAL,479.4,1518.8,160.23,540.1,1515.8,-2.7,-0.0895,165.94,0,0
2026-01-01T00:14:20Z,tube_leak,NORMAL,474.29,1522.1,159.19,539.9,1523.5,8.9,-0.0903,166.72,0,0
2026-01-01T00:14:21Z,tube_leak,NORMAL,476.56,1518.2,159.26,540.9,1520.2,13.8,-0.0906,167.25,0,0
2026-01-01T00:14:22Z,tube_leak,NORMAL,477.08,1521.0,160.01,539.1,1519.1,2.3,-0.09,165.2,0,0
2026-01-01T00:14:23Z,tube_leak,NORMAL,475.61,1523.6,159.56,540.5,1514.3,7.3,-0.0897,165.34,0,0
2026-01-01T00:14:24Z,tube_leak,NORMAL,476.38,1520.2,160.9,540.1,1521.2,4.0,-0.0911,168.85,0,0
2026-01-01T00:14:25Z,tube_leak,NORMAL,475.46,1520.6,160.04,538.5,1515.9,-3.6,-0.0887,166.75,0,0
2026-01-01T00:14:26Z,tube_leak,NORMAL,474.16,1517.1,159.58,539.9,1516.3,9.1,-0.0908,165.97,0,0
2026-01-01T00:14:27Z,tube_leak,NORMAL,474.75,1515.6,160.4,540.0,1513.4,2.8,-0.0903,165.22,0,0
2026-01-01T00:14:28Z,tube_leak,NORMAL,475.87,1522.4,160.17,538.6,1518.0,-5.1,-0.0898,165.25,0,0
2026-01-01T00:14:29Z,tube_leak,NORMAL,475.69,1521.6,160.44,540.2,1519.2,-3.4,-0.0878,168.46,0,0
2026-01-01T00:14:30Z,tube_leak,NORMAL,474.77,1520.9,159.42,539.6,1520.1,1.8,-0.0882,166.56,0,0
2026-01-01T00:14:31Z,tube_leak,NORMAL,473.45,1519.2,160.12,538.4,1521.4,4.5,-0.0891,166.61,0,0
2026-01-01T00:14:32Z,tube_leak,NORMAL,473.37,1518.7,160.69,540.4,1521.8,7.7,-0.0901,165.16,0,0
2026-01-01T00:14:33Z,tube_leak,NORMAL,479.5,1519.6,160.64,539.9,1523.3,0.4,-0.0913,165.97,0,0
2026-01-01T00:14:34Z,tube_leak,NORMAL,473.79,1521.3,160.17,538.5,1517.8,-2.3,-0.0907,166.16,0,0
2026-01-01T00:14:35Z,tube_leak,NORMAL,473.45,1522.3,160.21,539.2,1523.9,9.3,-0.0898,165.89,0,0
2026-01-01T00:14:36Z,tube_leak,NORMAL,479.84,1521.6,159.46,540.2,1517.5,9.2,-0.091,165.61,0,0
2026-01-01T00:14:37Z,tube_leak,NORMAL,473.46,1521.0,159.48,540.0,1513.5,8.9,-0.0927,166.43,0,0
2026-01-01T00:14:38Z,tube_leak,NORMAL,475.62,1519.0,160.55,541.1,1523.2,10.3,-0.0897,165.87,0,0
2026-01-01T00:14:39Z,tube_leak,NORMAL,475.66,1522.2,159.97,537.6,1515.0,13.7,-0.0908,165.64,0,0
2026-01-01T00:14:40Z,tube_leak,NORMAL,477.36,1521.8,160.28,540.1,1513.6,15.7,-0.0904,167.34,0,0
2026-01-01T00:14:41Z,tube_leak,NORMAL,475.35,1518.9,159.87,539.8,1525.0,-1.8,-0.0896,168.06,0,0
2026-01-01T00:14:42Z,tube_leak,NORMAL,473.73,1520.1,159.41,541.6,1516.6,7.8,-0.092,165.39,0,0
2026-01-01T00:14:43Z,tube_leak,NORMAL,475.56,1517.8,159.87,538.7,1520.3,-1.3,-0.0911,166.52,0,0
2026-01-01T00:14:44Z,tube_leak,NORMAL,470.24,1521.3,159.59,541.6,1518.4,0.1,-0.0899,167.25,0,0
2026-01-01T00:14:45Z,tube_leak,NORMAL,468.91,1518.7,160.63,539.0,1516.3,-3.4,-0.0903,164.99,0,0
2026-01-01T00:14:46Z,tube_leak,NORMAL,476.12,1517.0,159.76,539.8,1518.2,3.3,-0.091,165.36,0,0
2026-01-01T00:14:47Z,tube_leak,NORMAL,478.07,1520.8,160.21,541.1,1521.2,3.0,-0.0894,166.0,0,0
2026-01-01T00:14:48Z,tube_leak,NORMAL,479.36,1520.4,160.02,541.6,1522.5,0.9,-0.0895,164.97,0,0
2026-01-01T00:14:49Z,tube_leak,NORMAL,474.38,1520.4,160.07,539.8,1517.1,6.4,-0.0894,165.58,0,0
2026-01-01T00:14:50Z,tube_leak,NORMAL,474.94,1521.0,160.25,540.4,1521.4,7.4,-0.0893,166.71,0,0
2026-01-01T00:14:51Z,tube_leak,NORMAL,473.73,1520.7,159.67,539.4,1521.0,4.7,-0.0907,166.81,0,0
2026-01-01T00:14:52Z,tube_leak,NORMAL,473.11,1520.9,159.33,541.3,1521.5,6.7,-0.09,164.92,0,0
2026-01-01T00:14:53Z,tube_leak,NORMAL,470.83,1520.1,159.81,540.3,1523.1,6.4,-0.091,166.88,0,0
2026-01-01T00:14:54Z,tube_leak,NORMAL,473.48,1520.8,160.3,539.5,1524.4,2.6,-0.09,167.52,0,0
2026-01-01T00:14:55Z,tube_leak,NORMAL,475.47,1518.3,159.83,540.2,1518.7,1.7,-0.0891,166.06,0,0
2026-01-01T00:14:56Z,tube_leak,NORMAL,479.35,1519.7,159.49,539.8,1522.8,1.3,-0.0889,166.26,0,0
2026-01-01T00:14:57Z,tube_leak,NORMAL,475.99,1518.5,160.02,540.0,1523.1,1.8,-0.0916,165.15,0,0
2026-01-01T00:14:58Z,tube_leak,NORMAL,473.3,1521.3,159.55,539.0,1519.1,4.0,-0.0901,164.97,0,0
2026-01-01T00:14:59Z,tube_leak,NORMAL,474.22,1521.9,160.2,540.4,1517.7,2.7,-0.0912,166.82,0,0
2026-01-01T00:15:00Z,tube_leak,NORMAL,477.11,1519.5,159.81,539.2,1519.6,12.4,-0.0907,166.47,0,0
2026-01-01T00:15:01Z,tube_leak,NORMAL,477.27,1519.8,159.35,540.3,1524.6,4.8,-0.09,166.2,0,0
2026-01-01T00:15:02Z,tube_leak,NORMAL,469.68,1520.6,159.76,539.1,1523.7,-0.8,-0.0899,165.01,0,0
2026-01-01T00:15:03Z,tube_leak,NORMAL,475.84,1517.2,160.11,540.1,1522.2,-2.6,-0.0904,165.43,0,0
2026-01-01T00:15:04Z,tube_leak,NORMAL,476.8,1516.5,159.8,540.5,1520.5,-3.8,-0.0889,166.31,0,0
2026-01-01T00:15:05Z,tube_leak,NORMAL,477.5,1519.2,160.02,540.2,1518.7,14.9,-0.0903,166.59,0,0
2026-01-01T00:15:06Z,tube_leak,NORMAL,473.39,1518.9,159.93,539.3,1517.2,4.0,-0.0904,168.38,0,0
2026-01-01T00:15:07Z,tube_leak,NORMAL,474.54,1518.7,160.31,541.7,1515.2,9.9,-0.0911,165.76,0,0
2026-01-01T00:15:08Z,tube_leak,NORMAL,471.52,1519.1,159.31,539.4,1519.0,2.9,-0.0897,166.51,0,0
2026-01-01T00:15:09Z,tube_leak,NORMAL,474.8,1522.6,160.08,541.2,1520.4,0.4,-0.0914,163.46,0,0
2026-01-01T00:15:10Z,tube_leak,NORMAL,473.92,1517.7,159.99,541.3,1513.2,6.9,-0.0915,164.4,0,0
2026-01-01T00:15:11Z,tube_leak,NORMAL,480.6,1521.5,158.51,541.3,1519.3,11.0,-0.0909,166.45,0,0
2026-01-01T00:15:12Z,tube_leak,NORMAL,475.29,1515.9,160.06,540.8,1517.1,6.1,-0.0893,166.27,0,0
2026-01-01T00:15:13Z,tube_leak,NORMAL,477.84,1521.3,160.81,540.3,1523.1,2.7,-0.0893,166.59,0,0
2026-01-01T00:15:14Z,tube_leak,NORMAL,476.1,1521.5,159.84,539.7,1514.6,4.5,-0.0912,165.48,0,0
2026-01-01T00:15:15Z,tube_leak,NORMAL,474.04,1521.3,160.29,540.5,1519.5,4.7,-0.0909,167.79,0,0
2026-01-01T00:15:16Z,tube_leak,NORMAL,479.05,1518.8,159.38,538.8,1517.2,-1.4,-0.0897,166.43,0,0
2026-01-01T00:15:17Z,tube_leak,NORMAL,477.12,1520.4,160.11,539.7,1524.7,11.2,-0.0908,166.55,0,0
2026-01-01T00:15:18Z,tube_leak,NORMAL,474.35,1519.5,159.72,538.9,1519.2,7.8,-0.0886,167.2,0,0
2026-01-01T00:15:19Z,tube_leak,NORMAL,475.36,1522.7,159.96,539.9,1516.0,9.0,-0.089,165.3,0,0
2026-01-01T00:15:20Z,tube_leak,NORMAL,471.86,1524.0,160.11,538.9,1519.1,5.9,-0.0889,167.06,0,0
2026-01-01T00:15:21Z,tube_leak,NORMAL,479.02,1521.5,160.23,541.2,1518.5,0.0,-0.0914,167.01,0,0
2026-01-01T00:15:22Z,tube_leak,NORMAL,473.25,1520.5,160.05,539.7,1518.8,7.8,-0.0884,165.83,0,0
2026-01-01T00:15:23Z,tube_leak,NORMAL,473.05,1523.9,160.05,539.4,1519.0,7.1,-0.0901,166.34,0,0
2026-01-01T00:15:24Z,tube_leak,NORMAL,471.78,1518.4,160.56,540.4,1523.0,-5.8,-0.0906,166.56,0,0
2026-01-01T00:15:25Z,tube_leak,NORMAL,476.68,1524.2,160.1,539.1,1517.7,-4.0,-0.0887,166.1,0,0
2026-01-01T00:15:26Z,tube_leak,NORMAL,473.4,1522.3,160.67,539.7,1518.4,4.1,-0.0917,166.75,0,0
2026-01-01T00:15:27Z,tube_leak,NORMAL,476.7,1520.4,160.36,540.0,1520.5,9.5,-0.0899,167.87,0,0
2026-01-01T00:15:28Z,tube_leak,NORMAL,477.14,1519.5,159.98,539.3,1523.7,16.4,-0.0903,166.55,0,0
2026-01-01T00:15:29Z,tube_leak,NORMAL,476.21,1520.2,159.92,540.6,1515.6,-2.0,-0.0898,166.32,0,0
2026-01-01T00:15:30Z,tube_leak,NORMAL,475.5,1521.2,160.6,538.9,1518.0,7.7,-0.0899,166.44,0,0
2026-01-01T00:15:31Z,tube_leak,NORMAL,478.03,1516.3,160.75,540.2,1516.2,8.3,-0.0882,167.76,0,0
2026-01-01T00:15:32Z,tube_leak,NORMAL,474.37,1521.4,160.27,538.6,1527.7,-2.8,-0.0879,166.22,0,0
2026-01-01T00:15:33Z,tube_leak,NORMAL,475.66,1519.5,160.7,541.8,1520.5,-1.0,-0.0907,166.92,0,0
2026-01-01T00:15:34Z,tube_leak,NORMAL,469.43,1516.8,160.01,540.3,1518.6,-0.1,-0.0917,165.86,0,0
2026-01-01T00:15:35Z,tube_leak,NORMAL,474.61,1520.6,160.29,538.1,1524.7,-8.6,-0.0895,165.8,0,0
2026-01-01T00:15:36Z,tube_leak,NORMAL,477.46,1521.1,159.91,539.7,1515.0,1.5,-0.0907,165.31,0,0
2026-01-01T00:15:37Z,tube_leak,NORMAL,472.21,1520.0,159.79,540.9,1518.4,-5.6,-0.0908,166.28,0,0
2026-01-01T00:15:38Z,tube_leak,NORMAL,470.42,1522.6,159.88,539.9,1520.4,5.1,-0.0893,165.49,0,0
2026-01-01T00:15:39Z,tube_leak,NORMAL,473.19,1523.9,158.95,539.0,1517.3,6.2,-0.0897,166.56,0,0
2026-01-01T00:15:40Z,tube_leak,NORMAL,472.81,1520.6,159.52,539.4,1517.7,-2.0,-0.091,166.46,0,0
2026-01-01T00:15:41Z,tube_leak,NORMAL,475.73,1518.4,159.77,540.4,1520.4,8.7,-0.0903,166.57,0,0
2026-01-01T00:15:42Z,tube_leak,NORMAL,476.65,1518.0,159.46,538.6,1521.2,0.5,-0.0897,166.37,0,0
2026-01-01T00:15:43Z,tube_leak,NORMAL,475.51,1521.3,159.8,540.7,1521.8,-5.6,-0.0902,167.8,0,0
2026-01-01T00:15:44Z,tube_leak,NORMAL,483.97,1519.9,160.01,538.4,1520.3,1.0,-0.0906,168.02,0,0
2026-01-01T00:15:45Z,tube_leak,NORMAL,475.53,1518.0,159.45,540.7,1518.1,-3.4,-0.0917,166.12,0,0
2026-01-01T00:15:46Z,tube_leak,NORMAL,476.49,1521.6,160.12,541.6,1516.4,2.1,-0.0896,164.61,0,0
2026-01-01T00:15:47Z,tube_leak,NORMAL,474.52,1517.8,160.11,539.2,1522.0,9.0,-0.0902,165.6,0,0
2026-01-01T00:15:48Z,tube_leak,NORMAL,471.96,1520.8,159.54,540.9,1525.0,9.7,-0.0882,166.36,0,0
2026-01-01T00:15:49Z,tube_leak,NORMAL,476.15,1518.4,159.34,540.7,1515.7,5.9,-0.0909,166.04,0,0
2026-01-01T00:15:50Z,tube_leak,NORMAL,479.34,1520.5,160.25,539.7,1522.6,-0.5,-0.0909,165.26,0,0
2026-01-01T00:15:51Z,tube_leak,NORMAL,471.09,1517.5,160.34,539.9,1517.1,4.7,-0.0898,166.69,0,0
2026-01-01T00:15:52Z,tube_leak,NORMAL,472.52,1519.1,160.17,539.7,1523.0,4.6,-0.0885,166.56,0,0
2026-01-01T00:15:53Z,tube_leak,NORMAL,473.4,1520.1,161.16,541.1,1519.5,4.2,-0.0902,165.93,0,0
2026-01-01T00:15:54Z,tube_leak,NORMAL,477.83,1520.9,160.47,541.7,1518.5,2.1,-0.089,167.04,0,0
2026-01-01T00:15:55Z,tube_leak,NORMAL,474.07,1520.1,160.96,539.4,1521.4,2.9,-0.0914,166.9,0,0
2026-01-01T00:15:56Z,tube_leak,NORMAL,471.64,1520.4,160.62,539.5,1515.4,0.3,-0.09,166.37,0,0
2026-01-01T00:15:57Z,tube_leak,NORMAL,475.57,1520.6,159.27,541.1,1513.5,-1.5,-0.0892,165.49,0,0
2026-01-01T00:15:58Z,tube_leak,NORMAL,471.37,1518.5,159.76,542.0,1515.5,2.3,-0.0902,165.43,0,0
2026-01-01T00:15:59Z,tube_leak,NORMAL,471.55,1517.6,160.17,540.7,1523.9,-4.6,-0.0921,166.83,0,0
2026-01-01T00:16:00Z,tube_leak,NORMAL,476.32,1522.4,159.05,541.5,1520.4,10.2,-0.0902,167.64,0,0
2026-01-01T00:16:01Z,tube_leak,NORMAL,473.55,1524.3,159.74,538.5,1520.7,5.7,-0.0887,166.19,0,0
2026-01-01T00:16:02Z,tube_leak,NORMAL,476.0,1520.0,160.67,541.0,1518.5,4.8,-0.09,167.44,0,0
2026-01-01T00:16:03Z,tube_leak,NORMAL,474.05,1520.2,159.72,538.4,1516.4,5.5,-0.0894,165.46,0,0
2026-01-01T00:16:04Z,tube_leak,NORMAL,476.23,1520.1,160.39,539.6,1520.0,-6.0,-0.0889,166.77,0,0
2026-01-01T00:16:05Z,tube_leak,NORMAL,475.3,1524.9,160.59,541.4,1521.0,-2.9,-0.0895,166.3,0,0
2026-01-01T00:16:06Z,tube_leak,NORMAL,474.15,1522.4,159.84,540.3,1520.4,-7.9,-0.0895,167.02,0,0
2026-01-01T00:16:07Z,tube_leak,NORMAL,475.14,1520.5,159.84,539.4,1518.1,-9.5,-0.0895,164.92,0,0
2026-01-01T00:16:08Z,tube_leak,NORMAL,473.88,1515.8,159.67,540.5,1520.3,-0.4,-0.0898,164.56,0,0
2026-01-01T00:16:09Z,tube_leak,NORMAL,477.18,1519.2,160.02,540.4,1512.0,6.5,-0.0903,166.81,0,0
2026-01-01T00:16:10Z,tube_leak,NORMAL,474.14,1518.8,160.66,538.8,1520.9,-3.4,-0.0895,167.15,0,0
2026-01-01T00:16:11Z,tube_leak,NORMAL,476.74,1521.1,159.7,539.8,1521.0,5.2,-0.0895,166.06,0,0
2026-01-01T00:16:12Z,tube_leak,NORMAL,475.53,1521.8,160.23,540.9,1518.8,3.7,-0.0904,166.34,0,0
2026-01-01T00:16:13Z,tube_leak,NORMAL,476.44,1517.3,159.87,540.3,1520.5,3.2,-0.0923,164.59,0,0
2026-01-01T00:16:14Z,tube_leak,NORMAL,477.49,1521.5,160.97,539.9,1523.6,10.1,-0.0923,164.59,0,0
2026-01-01T00:16:15Z,tube_leak,NORMAL,473.75,1517.2,160.76,539.7,1517.9,5.1,-0.0893,165.67,0,0
2026-01-01T00:16:16Z,tube_leak,NORMAL,476.71,1518.2,159.65,541.2,1517.5,-3.7,-0.0905,165.69,0,0
2026-01-01T00:16:17Z,tube_leak,NORMAL,468.64,1516.9,160.08,541.4,1522.1,-3.9,-0.0901,164.57,0,0
2026-01-01T00:16:18Z,tube_leak,NORMAL,474.36,1519.5,159.7,540.6,1521.2,1.4,-0.0878,166.78,0,0
2026-01-01T00:16:19Z,tube_leak,NORMAL,470.07,1517.2,159.97,539.1,1519.2,5.7,-0.0899,165.04,0,0
2026-01-01T00:16:20Z,tube_leak,NORMAL,478.58,1519.6,159.97,540.2,1521.5,-5.2,-0.0899,167.49,0,0
2026-01-01T00:16:21Z,tube_leak,NORMAL,478.08,1518.4,160.01,541.5,1519.2,-8.3,-0.0906,166.85,0,0
2026-01-01T00:16:22Z,tube_leak,NORMAL,474.74,1520.1,160.13,539.7,1521.5,5.0,-0.0896,166.77,0,0
2026-01-01T00:16:23Z,tube_leak,NORMAL,477.81,1521.5,160.57,538.0,1520.1,0.3,-0.0901,165.4,0,0
2026-01-01T00:16:24Z,tube_leak,NORMAL,474.67,1518.5,160.17,540.7,1519.3,3.5,-0.0905,165.65,0,0
2026-01-01T00:16:25Z,tube_leak,NORMAL,475.2,1519.2,160.5,539.8,1521.6,2.8,-0.0916,166.2,0,0
2026-01-01T00:16:26Z,tube_leak,NORMAL,475.3,1516.3,160.03,539.8,1515.7,4.7,-0.0899,164.0,0,0
2026-01-01T00:16:27Z,tube_leak,NORMAL,473.81,1519.4,159.94,539.2,1516.8,-0.8,-0.091,167.21,0,0
2026-01-01T00:16:28Z,tube_leak,NORMAL,476.22,1520.5,159.72,540.1,1520.2,-1.3,-0.0916,166.24,0,0
2026-01-01T00:16:29Z,tube_leak,NORMAL,469.31,1520.2,161.23,539.0,1517.6,2.0,-0.0908,165.22,0,0
2026-01-01T00:16:30Z,tube_leak,NORMAL,474.41,1520.3,160.43,539.5,1518.2,-3.5,-0.0907,166.55,0,0
2026-01-01T00:16:31Z,tube_leak,NORMAL,478.42,1518.3,159.42,539.9,1518.3,-9.4,-0.0913,164.39,0,0
2026-01-01T00:16:32Z,tube_leak,NORMAL,474.83,1518.5,160.89,540.4,1516.9,-7.9,-0.0905,164.89,0,0
2026-01-01T00:16:33Z,tube_leak,NORMAL,474.8,1522.2,159.84,539.3,1514.1,-9.8,-0.0899,166.12,0,0
2026-01-01T00:16:34Z,tube_leak,NORMAL,475.47,1517.1,160.44,539.5,1514.5,-8.0,-0.0906,166.17,0,0
2026-01-01T00:16:35Z,tube_leak,NORMAL,470.84,1521.8,159.99,540.8,1524.3,-4.0,-0.0906,166.83,0,0
2026-01-01T00:16:36Z,tube_leak,NORMAL,470.66,1522.2,159.97,539.6,1516.6,-9.2,-0.0903,166.71,0,0
2026-01-01T00:16:37Z,tube_leak,NORMAL,474.95,1515.4,159.66,540.5,1525.5,-3.4,-0.0896,166.25,0,0
2026-01-01T00:16:38Z,tube_leak,NORMAL,473.99,1517.7,159.54,538.7,1521.4,1.5,-0.0902,165.61,0,0
2026-01-01T00:16:39Z,tube_leak,NORMAL,477.52,1524.4,159.13,540.6,1520.4,-1.2,-0.0893,167.79,0,0
2026-01-01T00:16:40Z,tube_leak,NORMAL,474.68,1524.3,159.41,540.8,1515.7,-10.0,-0.0896,166.97,0,0
2026-01-01T00:16:41Z,tube_leak,NORMAL,473.55,1521.1,159.64,541.1,1515.6,-1.9,-0.0897,166.46,0,0
2026-01-01T00:16:42Z,tube_leak,NORMAL,475.0,1519.8,158.71,538.5,1523.0,0.5,-0.0886,166.31,0,0
2026-01-01T00:16:43Z,tube_leak,NORMAL,479.22,1519.7,160.52,539.5,1518.3,1.5,-0.0914,167.77,0,0
2026-01-01T00:16:44Z,tube_leak,NORMAL,479.61,1520.0,160.69,539.5,1519.3,-1.9,-0.0906,166.95,0,0
2026-01-01T00:16:45Z,tube_leak,NORMAL,477.23,1521.3,159.74,538.5,1521.3,-5.0,-0.0916,165.05,0,0
2026-01-01T00:16:46Z,tube_leak,NORMAL,474.29,1523.0,160.19,539.1,1516.8,-8.2,-0.091,166.41,0,0
2026-01-01T00:16:47Z,tube_leak,NORMAL,477.78,1525.4,160.88,539.5,1522.8,-2.8,-0.0883,166.76,0,0
2026-01-01T00:16:48Z,tube_leak,NORMAL,473.76,1521.9,159.6,539.4,1519.1,-4.7,-0.0921,167.26,0,0
2026-01-01T00:16:49Z,tube_leak,NORMAL,481.68,1517.5,160.68,538.3,1519.8,-7.6,-0.0898,166.77,0,0
2026-01-01T00:16:50Z,tube_leak,NORMAL,471.77,1519.7,160.37,539.1,1523.7,2.9,-0.0905,167.67,0,0
2026-01-01T00:16:51Z,tube_leak,NORMAL,470.14,1518.8,160.27,540.9,1523.3,1.4,-0.09,166.94,0,0
2026-01-01T00:16:52Z,tube_leak,NORMAL,475.08,1517.1,160.45,540.6,1519.6,-6.5,-0.0881,165.32,0,0
2026-01-01T00:16:53Z,tube_leak,NORMAL,475.18,1518.6,159.97,541.1,1521.2,-5.2,-0.0892,167.18,0,0
2026-01-01T00:16:54Z,tube_leak,NORMAL,474.83,1519.1,159.64,538.1,1524.7,-7.2,-0.0912,165.4,0,0
2026-01-01T00:16:55Z,tube_leak,NORMAL,472.15,1522.2,159.96,539.0,1517.6,-8.7,-0.0889,164.82,0,0
2026-01-01T00:16:56Z,tube_leak,NORMAL,475.21,1521.0,160.18,540.2,1519.6,-15.5,-0.09,165.75,0,0
2026-01-01T00:16:57Z,tube_leak,NORMAL,471.7,1522.9,160.63,539.6,1521.1,-3.8,-0.0919,165.82,0,0
2026-01-01T00:16:58Z,tube_leak,NORMAL,477.18,1519.8,159.5,541.1,1521.0,-9.7,-0.0906,165.83,0,0
2026-01-01T00:16:59Z,tube_leak,NORMAL,472.54,1521.5,159.73,540.1,1525.4,-7.3,-0.0911,166.25,0,0
2026-01-01T00:17:00Z,tube_leak,NORMAL,473.87,1519.3,159.54,538.5,1518.8,-10.4,-0.0911,169.09,0,0
2026-01-01T00:17:01Z,tube_leak,NORMAL,481.06,1524.8,159.85,538.9,1521.7,-9.2,-0.0903,165.32,0,0
2026-01-01T00:17:02Z,tube_leak,NORMAL,477.23,1519.8,160.16,539.4,1519.4,-13.1,-0.0901,165.94,0,0
2026-01-01T00:17:03Z,tube_leak,NORMAL,476.04,1519.1,159.5,540.1,1524.4,-4.8,-0.0882,163.75,0,0
2026-01-01T00:17:04Z,tube_leak,NORMAL,472.83,1519.5,159.33,537.3,1520.1,-9.1,-0.0908,166.11,0,0
2026-01-01T00:17:05Z,tube_leak,NORMAL,474.46,1518.8,160.31,539.2,1523.4,2.0,-0.0916,165.37,0,0
2026-01-01T00:17:06Z,tube_leak,NORMAL,477.31,1517.5,159.71,540.2,1523.0,1.7,-0.0901,166.79,0,0
2026-01-01T00:17:07Z,tube_leak,NORMAL,475.83,1523.3,159.99,539.9,1519.4,-10.7,-0.0913,163.56,0,0
2026-01-01T00:17:08Z,tube_leak,NORMAL,478.68,1523.9,159.14,540.8,1521.2,-5.3,-0.0894,166.15,0,0
2026-01-01T00:17:09Z,tube_leak,NORMAL,481.63,1521.8,159.61,538.9,1524.1,-5.6,-0.0902,166.4,0,0
2026-01-01T00:17:10Z,tube_leak,NORMAL,475.17,1522.3,159.53,537.7,1518.3,-8.3,-0.0906,164.59,0,0
2026-01-01T00:17:11Z,tube_leak,NORMAL,472.64,1517.1,160.48,538.9,1519.3,2.8,-0.0903,166.62,0,0
2026-01-01T00:17:12Z,tube_leak,NORMAL,477.52,1521.2,159.71,539.0,1523.9,-3.5,-0.0907,165.9,0,0
2026-01-01T00:17:13Z,tube_leak,NORMAL,474.87,1516.4,160.24,541.0,1518.0,-8.6,-0.0904,166.05,0,0
2026-01-01T00:17:14Z,tube_leak,NORMAL,480.04,1521.7,160.09,539.4,1520.2,-5.4,-0.0912,165.82,0,0
2026-01-01T00:17:15Z,tube_leak,NORMAL,476.1,1517.9,159.34,539.8,1518.8,-13.1,-0.0888,167.43,0,0
2026-01-01T00:17:16Z,tube_leak,NORMAL,480.21,1519.1,160.29,541.2,1521.6,1.2,-0.0898,165.76,0,0
2026-01-01T00:17:17Z,tube_leak,NORMAL,476.17,1521.0,160.34,541.1,1520.5,-5.6,-0.0888,166.1,0,0
2026-01-01T00:17:18Z,tube_leak,NORMAL,472.95,1521.9,158.93,541.1,1522.5,-4.6,-0.0889,165.85,0,0
2026-01-01T00:17:19Z,tube_leak,NORMAL,475.75,1517.1,159.38,540.4,1518.8,-10.3,-0.0891,166.17,0,0
2026-01-01T00:17:20Z,tube_leak,NORMAL,473.33,1519.7,160.75,541.1,1520.2,-1.4,-0.0906,168.05,0,0
2026-01-01T00:17:21Z,tube_leak,NORMAL,478.27,1519.3,160.1,540.9,1522.9,0.4,-0.0893,166.6,0,0
2026-01-01T00:17:22Z,tube_leak,NORMAL,471.02,1522.9,159.83,540.2,1519.9,0.6,-0.0904,165.09,0,0
2026-01-01T00:17:23Z,tube_leak,NORMAL,478.67,1521.4,160.77,540.0,1521.0,-0.1,-0.091,164.7,0,0
2026-01-01T00:17:24Z,tube_leak,NORMAL,472.94,1518.7,160.89,542.6,1519.4,-4.2,-0.0903,166.01,0,0
2026-01-01T00:17:25Z,tube_leak,NORMAL,475.86,1520.7,159.82,539.9,1518.2,-8.3,-0.0904,166.94,0,0
2026-01-01T00:17:26Z,tube_leak,NORMAL,476.21,1519.0,160.49,540.1,1522.9,-5.7,-0.0882,167.65,0,0
2026-01-01T00:17:27Z,tube_leak,NORMAL,476.82,1522.9,159.68,541.7,1516.3,-4.3,-0.0906,164.34,0,0
2026-01-01T00:17:28Z,tube_leak,NORMAL,471.76,1519.1,160.24,539.6,1522.8,-6.4,-0.0909,167.61,0,0
2026-01-01T00:17:29Z,tube_leak,NORMAL,478.02,1519.5,159.19,538.9,1518.4,-4.4,-0.0888,166.32,0,0
2026-01-01T00:17:30Z,tube_leak,NORMAL,475.73,1520.9,159.41,541.1,1524.6,-2.1,-0.0885,166.0,0,0
2026-01-01T00:17:31Z,tube_leak,NORMAL,475.02,1522.7,159.91,539.4,1525.3,-5.5,-0.0908,166.24,0,0
2026-01-01T00:17:32Z,tube_leak,NORMAL,469.64,1522.1,160.67,538.8,1518.0,4.5,-0.089,165.92,0,0
2026-01-01T00:17:33Z,tube_leak,NORMAL,474.58,1520.8,160.71,540.8,1521.7,-5.8,-0.0885,166.83,0,0
2026-01-01T00:17:34Z,tube_leak,NORMAL,472.25,1519.2,160.9,538.2,1516.8,-2.0,-0.0901,165.12,0,0
2026-01-01T00:17:35Z,tube_leak,NORMAL,466.24,1519.3,160.59,539.0,1516.6,-0.9,-0.0886,165.37,0,0
2026-01-01T00:17:36Z,tube_leak,NORMAL,474.13,1517.0,160.0,539.3,1519.5,-17.0,-0.0891,164.4,0,0
2026-01-01T00:17:37Z,tube_leak,NORMAL,471.63,1519.5,158.99,538.4,1517.2,-13.9,-0.0907,166.14,0,0
2026-01-01T00:17:38Z,tube_leak,NORMAL,479.26,1521.7,158.77,539.8,1517.4,-2.5,-0.0903,166.6,0,0
2026-01-01T00:17:39Z,tube_leak,NORMAL,476.63,1519.2,159.17,539.6,1521.9,-1.9,-0.0902,166.92,0,0
2026-01-01T00:17:40Z,tube_leak,NORMAL,474.76,1517.4,160.09,540.8,1523.9,-7.7,-0.0899,166.01,0,0
2026-01-01T00:17:41Z,tube_leak,NORMAL,471.63,1520.6,159.53,540.1,1518.0,-7.7,-0.0901,166.33,0,0
2026-01-01T00:17:42Z,tube_leak,NORMAL,476.24,1519.2,159.86,540.4,1518.7,-4.6,-0.0906,166.2,0,0
2026-01-01T00:17:43Z,tube_leak,NORMAL,477.06,1521.6,160.41,541.2,1520.5,0.2,-0.0903,167.26,0,0
2026-01-01T00:17:44Z,tube_leak,NORMAL,476.89,1523.3,160.42,540.7,1520.9,-7.2,-0.0906,167.1,0,0
2026-01-01T00:17:45Z,tube_leak,NORMAL,471.8,1523.1,160.1,540.6,1522.9,-3.4,-0.0901,164.1,0,0
2026-01-01T00:17:46Z,tube_leak,NORMAL,475.89,1521.1,159.27,540.2,1519.7,0.5,-0.0917,165.69,0,0
2026-01-01T00:17:47Z,tube_leak,NORMAL,474.51,1518.3,160.09,537.9,1513.2,-4.8,-0.0895,165.42,0,0
2026-01-01T00:17:48Z,tube_leak,NORMAL,475.92,1520.6,160.29,540.1,1514.9,-4.6,-0.0899,167.75,0,0
2026-01-01T00:17:49Z,tube_leak,NORMAL,471.25,1524.6,159.96,538.9,1519.2,1.0,-0.0899,165.5,0,0
2026-01-01T00:17:50Z,tube_leak,NORMAL,476.72,1522.0,160.0,541.7,1526.3,-16.7,-0.09,168.1,0,0
2026-01-01T00:17:51Z,tube_leak,NORMAL,476.25,1523.0,160.29,538.6,1518.1,-4.6,-0.0887,166.19,0,0
2026-01-01T00:17:52Z,tube_leak,NORMAL,473.8,1518.9,160.09,540.2,1526.9,-5.3,-0.0912,166.87,0,0
2026-01-01T00:17:53Z,tube_leak,NORMAL,475.68,1520.3,159.64,540.5,1518.5,-7.2,-0.0906,167.23,0,0
2026-01-01T00:17:54Z,tube_leak,NORMAL,471.41,1519.8,159.87,540.7,1519.5,0.0,-0.0908,166.68,0,0
2026-01-01T00:17:55Z,tube_leak,NORMAL,475.69,1520.2,160.78,540.5,1520.8,1.0,-0.0896,166.0,0,0
2026-01-01T00:17:56Z,tube_leak,NORMAL,477.42,1524.5,159.72,540.6,1520.4,-4.0,-0.0919,165.61,0,0
2026-01-01T00:17:57Z,tube_leak,NORMAL,472.99,1522.9,159.44,541.3,1517.2,-5.3,-0.0904,165.69,0,0
2026-01-01T00:17:58Z,tube_leak,NORMAL,471.1,1522.8,160.56,541.2,1522.9,0.1,-0.0888,165.49,0,0
2026-01-01T00:17:59Z,tube_leak,NORMAL,476.43,1522.9,160.18,539.8,1517.4,-5.7,-0.0905,163.26,0,0
2026-01-01T00:18:00Z,tube_leak,NORMAL,476.19,1523.1,160.31,540.2,1517.8,-5.5,-0.0886,164.88,0,0
2026-01-01T00:18:01Z,tube_leak,NORMAL,480.66,1517.0,160.43,539.3,1518.7,-15.1,-0.0891,166.68,0,0
2026-01-01T00:18:02Z,tube_leak,NORMAL,477.69,1519.0,160.67,540.2,1519.5,-6.8,-0.0888,166.61,0,0
2026-01-01T00:18:03Z,tube_leak,NORMAL,476.06,1517.0,159.97,539.0,1517.6,-13.5,-0.0894,166.14,0,0
2026-01-01T00:18:04Z,tube_leak,NORMAL,475.01,1518.0,160.09,539.0,1519.7,-1.1,-0.0896,166.84,0,0
2026-01-01T00:18:05Z,tube_leak,NORMAL,473.31,1516.1,160.14,538.9,1519.0,-10.1,-0.0902,166.92,0,0
2026-01-01T00:18:06Z,tube_leak,NORMAL,474.18,1517.6,160.07,540.3,1520.1,-2.7,-0.0888,167.91,0,0
2026-01-01T00:18:07Z,tube_leak,NORMAL,476.78,1519.3,160.18,538.6,1520.0,5.2,-0.0901,166.24,0,0
2026-01-01T00:18:08Z,tube_leak,NORMAL,473.04,1522.2,159.86,540.3,1519.0,-10.1,-0.0902,165.24,0,0
2026-01-01T00:18:09Z,tube_leak,NORMAL,473.31,1518.9,160.86,540.6,1520.9,-7.2,-0.0894,166.11,0,0
2026-01-01T00:18:10Z,tube_leak,NORMAL,478.05,1519.6,160.86,539.8,1520.3,-6.3,-0.09,165.27,0,0
2026-01-01T00:18:11Z,tube_leak,NORMAL,472.13,1516.7,159.58,539.1,1520.9,-7.2,-0.0902,167.56,0,0
2026-01-01T00:18:12Z,tube_leak,NORMAL,476.48,1516.9,160.2,540.6,1519.6,-8.6,-0.0896,165.99,0,0
2026-01-01T00:18:13Z,tube_leak,NORMAL,475.67,1521.2,160.21,539.5,1515.2,-3.4,-0.0901,166.09,0,0
2026-01-01T00:18:14Z,tube_leak,NORMAL,475.81,1521.1,159.46,540.8,1521.1,-3.0,-0.0899,168.44,0,0
2026-01-01T00:18:15Z,tube_leak,NORMAL,476.13,1519.8,159.21,539.7,1521.5,-10.1,-0.0901,166.39,0,0
2026-01-01T00:18:16Z,tube_leak,NORMAL,476.96,1517.0,159.91,539.8,1520.0,-1.6,-0.0891,167.35,0,0
2026-01-01T00:18:17Z,tube_leak,NORMAL,481.49,1520.4,160.23,539.9,1519.8,-8.2,-0.0902,165.6,0,0
2026-01-01T00:18:18Z,tube_leak,NORMAL,471.81,1520.3,159.72,540.2,1519.1,-1.1,-0.0886,166.78,0,0
2026-01-01T00:18:19Z,tube_leak,NORMAL,474.11,1519.3,160.11,539.6,1519.0,2.2,-0.0897,165.78,0,0
2026-01-01T00:18:20Z,tube_leak,NORMAL,475.47,1519.8,159.75,540.2,1518.8,-6.4,-0.0893,165.57,0,0
2026-01-01T00:18:21Z,tube_leak,NORMAL,478.47,1517.5,160.23,540.4,1521.1,-2.0,-0.0891,165.99,0,0
2026-01-01T00:18:22Z,tube_leak,NORMAL,474.06,1519.3,161.0,539.0,1523.2,-7.5,-0.0895,167.36,0,0
2026-01-01T00:18:23Z,tube_leak,NORMAL,471.94,1518.2,160.44,541.2,1518.2,5.4,-0.0903,166.63,0,0
2026-01-01T00:18:24Z,tube_leak,NORMAL,478.18,1518.5,160.83,539.3,1519.7,-5.2,-0.0877,166.28,0,0
2026-01-01T00:18:25Z,tube_leak,NORMAL,477.17,1522.3,159.79,540.9,1519.1,-11.8,-0.0904,166.3,0,0
2026-01-01T00:18:26Z,tube_leak,NORMAL,469.41,1517.6,159.96,540.4,1521.9,-3.2,-0.0907,166.83,0,0
2026-01-01T00:18:27Z,tube_leak,NORMAL,471.59,1521.4,159.24,540.9,1517.3,4.7,-0.0904,165.63,0,0
2026-01-01T00:18:28Z,tube_leak,NORMAL,472.44,1521.1,159.4,539.7,1521.3,-7.5,-0.0909,165.74,0,0
2026-01-01T00:18:29Z,tube_leak,NORMAL,471.61,1518.6,159.99,538.4,1520.0,-2.6,-0.0898,166.24,0,0
2026-01-01T00:18:30Z,tube_leak,NORMAL,469.13,1518.2,160.15,539.8,1516.6,5.0,-0.0888,164.88,0,0
2026-01-01T00:18:31Z,tube_leak,NORMAL,474.61,1521.1,160.81,537.9,1521.9,-4.8,-0.0898,165.95,0,0
2026-01-01T00:18:32Z,tube_leak,NORMAL,479.14,1523.9,159.86,539.1,1527.7,-0.6,-0.0911,167.37,0,0
2026-01-01T00:18:33Z,tube_leak,NORMAL,474.49,1519.3,160.53,538.3,1522.8,-1.8,-0.0896,166.44,0,0
2026-01-01T00:18:34Z,tube_leak,NORMAL,470.84,1518.5,160.19,540.5,1519.8,-10.9,-0.0903,165.45,0,0
2026-01-01T00:18:35Z,tube_leak,NORMAL,473.07,1521.0,160.15,538.5,1519.6,0.3,-0.0898,166.08,0,0
2026-01-01T00:18:36Z,tube_leak,NORMAL,475.02,1517.6,160.94,540.1,1517.4,-11.7,-0.0918,165.62,0,0
2026-01-01T00:18:37Z,tube_leak,NORMAL,477.58,1518.9,159.87,539.0,1524.5,8.8,-0.0927,165.88,0,0
2026-01-01T00:18:38Z,tube_leak,NORMAL,476.22,1521.0,159.74,539.5,1522.0,5.2,-0.0918,165.55,0,0
2026-01-01T00:18:39Z,tube_leak,NORMAL,476.14,1517.9,159.72,541.3,1520.8,-5.0,-0.0895,164.89,0,0
2026-01-01T00:18:40Z,tube_leak,NORMAL,475.41,1520.9,160.6,540.6,1520.4,-3.2,-0.0903,167.47,0,0
2026-01-01T00:18:41Z,tube_leak,NORMAL,478.09,1521.1,160.02,539.1,1515.9,-4.4,-0.0892,166.41,0,0
2026-01-01T00:18:42Z,tube_leak,NORMAL,478.19,1519.6,159.19,539.3,1522.5,-0.9,-0.0899,166.2,0,0
2026-01-01T00:18:43Z,tube_leak,NORMAL,473.74,1521.3,159.74,540.4,1520.1,-10.1,-0.0885,166.0,0,0
2026-01-01T00:18:44Z,tube_leak,NORMAL,477.09,1521.2,159.99,539.5,1520.6,-4.6,-0.0908,165.74,0,0
2026-01-01T00:18:45Z,tube_leak,NORMAL,470.81,1518.0,159.93,540.6,1513.9,0.5,-0.0887,167.13,0,0
2026-01-01T00:18:46Z,tube_leak,NORMAL,478.39,1517.6,159.52,538.6,1524.1,9.1,-0.0916,166.08,0,0
2026-01-01T00:18:47Z,tube_leak,NORMAL,471.65,1516.2,159.52,541.5,1518.5,2.3,-0.0893,165.41,0,0
2026-01-01T00:18:48Z,tube_leak,NORMAL,478.33,1517.8,159.74,540.4,1519.1,-2.9,-0.0892,167.4,0,0
2026-01-01T00:18:49Z,tube_leak,NORMAL,470.48,1520.1,160.63,541.6,1512.4,-5.4,-0.0899,165.83,0,0
2026-01-01T00:18:50Z,tube_leak,NORMAL,476.8,1521.0,160.27,539.8,1519.5,3.2,-0.0895,166.58,0,0
2026-01-01T00:18:51Z,tube_leak,NORMAL,475.27,1518.5,159.62,540.1,1523.1,-6.5,-0.0897,166.65,0,0
2026-01-01T00:18:52Z,tube_leak,NORMAL,474.35,1519.8,160.32,539.2,1524.2,-10.1,-0.0893,166.94,0,0
2026-01-01T00:18:53Z,tube_leak,NORMAL,478.46,1515.9,159.47,541.1,1517.7,-1.4,-0.0889,165.18,0,0
2026-01-01T00:18:54Z,tube_leak,NORMAL,472.39,1518.0,159.98,539.3,1520.2,-1.8,-0.0895,165.59,0,0
2026-01-01T00:18:55Z,tube_leak,NORMAL,476.38,1521.7,160.44,540.4,1518.7,-0.6,-0.0914,166.56,0,0
2026-01-01T00:18:56Z,tube_leak,NORMAL,477.26,1518.7,160.7,540.8,1525.9,-6.7,-0.0899,165.59,0,0
2026-01-01T00:18:57Z,tube_leak,NORMAL,473.96,1521.5,160.58,540.0,1519.0,-6.4,-0.09,166.52,0,0
2026-01-01T00:18:58Z,tube_leak,NORMAL,476.57,1521.9,159.72,539.3,1524.0,0.4,-0.0917,167.85,0,0
2026-01-01T00:18:59Z,tube_leak,NORMAL,473.29,1521.6,159.84,540.1,1525.0,-9.9,-0.0903,165.52,0,0
2026-01-01T00:19:00Z,tube_leak,NORMAL,474.31,1519.4,160.46,540.4,1518.6,6.8,-0.0892,165.37,0,0
2026-01-01T00:19:01Z,tube_leak,NORMAL,474.06,1518.6,160.11,539.6,1522.2,-3.3,-0.09,165.65,0,0
2026-01-01T00:19:02Z,tube_leak,NORMAL,473.48,1521.7,159.25,540.2,1522.5,6.0,-0.0909,167.47,0,0
2026-01-01T00:19:03Z,tube_leak,NORMAL,474.73,1520.2,160.14,538.7,1523.9,3.0,-0.0907,165.66,0,0
2026-01-01T00:19:04Z,tube_leak,NORMAL,480.89,1519.6,159.96,538.4,1519.3,2.2,-0.0905,166.4,0,0
2026-01-01T00:19:05Z,tube_leak,NORMAL,475.81,1519.3,160.5,539.8,1519.7,-0.4,-0.0918,166.83,0,0
2026-01-01T00:19:06Z,tube_leak,NORMAL,476.92,1521.6,160.22,539.9,1521.6,13.4,-0.0911,166.85,0,0
2026-01-01T00:19:07Z,tube_leak,NORMAL,476.22,1521.7,159.29,542.0,1523.9,-1.3,-0.0882,166.42,0,0
2026-01-01T00:19:08Z,tube_leak,NORMAL,480.3,1520.4,158.99,540.0,1518.6,-7.0,-0.091,166.53,0,0
2026-01-01T00:19:09Z,tube_leak,NORMAL,473.13,1522.0,159.16,539.8,1521.4,2.0,-0.0906,166.52,0,0
2026-01-01T00:19:10Z,tube_leak,NORMAL,472.41,1518.6,159.29,541.3,1518.8,-4.9,-0.0903,167.61,0,0
2026-01-01T00:19:11Z,tube_leak,NORMAL,479.4,1518.2,160.91,539.9,1523.5,4.5,-0.0908,165.56,0,0
2026-01-01T00:19:12Z,tube_leak,NORMAL,470.83,1520.1,160.21,539.8,1516.3,2.5,-0.0892,166.42,0,0
2026-01-01T00:19:13Z,tube_leak,NORMAL,473.44,1520.7,159.53,540.3,1521.1,5.6,-0.0881,168.1,0,0
2026-01-01T00:19:14Z,tube_leak,NORMAL,477.21,1518.9,160.33,538.6,1520.0,-0.2,-0.0905,166.75,0,0
2026-01-01T00:19:15Z,tube_leak,NORMAL,473.92,1524.0,159.91,541.9,1520.9,-4.5,-0.0899,168.39,0,0
2026-01-01T00:19:16Z,tube_leak,NORMAL,474.62,1520.2,160.28,540.8,1522.3,-7.9,-0.0907,165.72,0,0
2026-01-01T00:19:17Z,tube_leak,NORMAL,482.6,1518.4,160.07,542.7,1521.5,7.3,-0.0891,164.67,0,0
2026-01-01T00:19:18Z,tube_leak,NORMAL,473.84,1519.5,159.1,537.9,1523.0,10.3,-0.0911,166.13,0,0
2026-01-01T00:19:19Z,tube_leak,NORMAL,478.64,1522.1,159.29,540.0,1521.2,-8.6,-0.0905,165.69,0,0
2026-01-01T00:19:20Z,tube_leak,NORMAL,469.24,1518.4,160.06,540.4,1516.1,3.5,-0.0902,166.12,0,0
2026-01-01T00:19:21Z,tube_leak,NORMAL,473.52,1515.7,160.43,540.5,1519.9,-1.7,-0.0914,166.66,0,0
2026-01-01T00:19:22Z,tube_leak,NORMAL,473.84,1521.2,160.34,539.5,1517.8,0.2,-0.0897,164.53,0,0
2026-01-01T00:19:23Z,tube_leak,NORMAL,475.47,1517.1,159.82,542.3,1517.0,-4.0,-0.0904,166.03,0,0
2026-01-01T00:19:24Z,tube_leak,NORMAL,471.74,1520.7,160.32,540.5,1521.0,-0.2,-0.0909,166.28,0,0
2026-01-01T00:19:25Z,tube_leak,NORMAL,476.31,1518.3,159.89,540.0,1526.8,6.9,-0.0886,166.95,0,0
2026-01-01T00:19:26Z,tube_leak,NORMAL,473.46,1521.2,160.76,539.0,1520.2,1.9,-0.0894,167.42,0,0
2026-01-01T00:19:27Z,tube_leak,NORMAL,474.5,1519.7,161.57,539.5,1515.9,2.1,-0.0906,166.08,0,0
2026-01-01T00:19:28Z,tube_leak,NORMAL,474.7,1515.4,160.04,540.2,1523.6,2.3,-0.0888,167.89,0,0
2026-01-01T00:19:29Z,tube_leak,NORMAL,476.31,1520.9,159.84,540.6,1519.0,-10.2,-0.0901,167.39,0,0
2026-01-01T00:19:30Z,tube_leak,NORMAL,477.22,1519.5,159.6,539.7,1519.9,-4.2,-0.091,166.17,0,0
2026-01-01T00:19:31Z,tube_leak,NORMAL,475.54,1521.2,159.6,538.1,1519.4,6.6,-0.0915,165.39,0,0
2026-01-01T00:19:32Z,tube_leak,NORMAL,473.32,1523.3,160.55,539.7,1522.3,-1.8,-0.09,164.41,0,0
2026-01-01T00:19:33Z,tube_leak,NORMAL,472.55,1518.1,159.42,540.6,1517.0,6.9,-0.0894,166.49,0,0
2026-01-01T00:19:34Z,tube_leak,NORMAL,477.92,1520.5,159.64,539.6,1522.0,-4.5,-0.0891,166.05,0,0
2026-01-01T00:19:35Z,tube_leak,NORMAL,476.55,1520.2,159.61,541.6,1519.3,3.5,-0.0905,165.45,0,0
2026-01-01T00:19:36Z,tube_leak,NORMAL,475.24,1519.0,159.97,540.1,1518.4,7.0,-0.0894,164.2,0,0
2026-01-01T00:19:37Z,tube_leak,NORMAL,472.72,1519.3,159.51,539.3,1521.9,4.5,-0.0916,164.95,0,0
2026-01-01T00:19:38Z,tube_leak,NORMAL,475.63,1519.4,160.41,539.3,1520.1,-2.2,-0.0903,166.85,0,0
2026-01-01T00:19:39Z,tube_leak,NORMAL,475.96,1517.8,160.52,539.9,1521.3,4.4,-0.0905,167.12,0,0
2026-01-01T00:19:40Z,tube_leak,NORMAL,473.18,1519.2,159.39,538.5,1526.6,1.5,-0.0904,168.13,0,0
2026-01-01T00:19:41Z,tube_leak,NORMAL,470.64,1522.4,160.12,539.9,1519.3,0.9,-0.0885,167.26,0,0
2026-01-01T00:19:42Z,tube_leak,NORMAL,474.66,1518.4,160.01,539.0,1517.6,1.0,-0.0908,165.6,0,0
2026-01-01T00:19:43Z,tube_leak,NORMAL,474.09,1517.9,160.76,537.9,1522.1,5.9,-0.0902,166.09,0,0
2026-01-01T00:19:44Z,tube_leak,NORMAL,475.35,1520.1,160.35,540.5,1518.8,-2.3,-0.0897,166.82,0,0
2026-01-01T00:19:45Z,tube_leak,NORMAL,476.96,1518.9,161.24,538.3,1525.5,-1.4,-0.0901,168.0,0,0
2026-01-01T00:19:46Z,tube_leak,NORMAL,479.65,1523.1,160.4,540.4,1515.8,-3.2,-0.0901,166.86,0,0
2026-01-01T00:19:47Z,tube_leak,NORMAL,476.8,1521.7,160.7,541.4,1520.1,-7.7,-0.089,166.03,0,0
2026-01-01T00:19:48Z,tube_leak,NORMAL,473.79,1520.3,159.35,539.8,1515.7,-8.8,-0.0907,167.71,0,0
2026-01-01T00:19:49Z,tube_leak,NORMAL,475.3,1521.5,159.94,540.4,1514.3,-0.7,-0.0909,164.88,0,0
2026-01-01T00:19:50Z,tube_leak,NORMAL,475.28,1520.8,160.17,539.9,1522.1,3.3,-0.0897,165.66,0,0
2026-01-01T00:19:51Z,tube_leak,NORMAL,476.35,1520.8,159.48,539.3,1523.2,-3.5,-0.0904,167.27,0,0
2026-01-01T00:19:52Z,tube_leak,NORMAL,476.68,1522.0,160.3,539.6,1514.7,13.4,-0.0892,165.36,0,0
2026-01-01T00:19:53Z,tube_leak,NORMAL,475.3,1518.7,159.95,540.6,1517.9,12.6,-0.0903,165.8,0,0
2026-01-01T00:19:54Z,tube_leak,NORMAL,477.94,1517.7,160.06,542.1,1520.3,4.3,-0.0906,165.32,0,0
2026-01-01T00:19:55Z,tube_leak,NORMAL,474.44,1524.6,160.46,540.5,1522.1,8.1,-0.0903,166.23,0,0
2026-01-01T00:19:56Z,tube_leak,NORMAL,474.84,1520.9,159.52,538.7,1517.8,5.3,-0.0911,167.02,0,0
2026-01-01T00:19:57Z,tube_leak,NORMAL,472.13,1519.6,159.31,540.6,1515.4,-6.7,-0.0899,166.57,0,0
2026-01-01T00:19:58Z,tube_leak,NORMAL,476.92,1520.3,160.21,540.2,1520.6,10.3,-0.0902,165.28,0,0
2026-01-01T00:19:59Z,tube_leak,NORMAL,478.27,1521.9,160.29,539.5,1521.4,11.9,-0.0905,166.92,0,0
2026-01-01T00:20:00Z,tube_leak,NORMAL,471.65,1518.1,160.49,540.7,1519.0,-1.9,-0.0907,168.3,0,0
2026-01-01T00:20:01Z,tube_leak,NORMAL,475.16,1521.7,160.29,540.3,1521.3,2.0,-0.0889,166.34,0,0
2026-01-01T00:20:02Z,tube_leak,NORMAL,474.21,1521.1,159.98,540.4,1517.5,-5.2,-0.0922,164.78,0,0
2026-01-01T00:20:03Z,tube_leak,NORMAL,472.49,1518.8,160.0,540.5,1521.6,-2.2,-0.0881,166.14,0,0
2026-01-01T00:20:04Z,tube_leak,NORMAL,473.51,1519.8,160.13,540.4,1518.4,11.4,-0.0916,166.73,0,0
2026-01-01T00:20:05Z,tube_leak,NORMAL,476.92,1519.9,159.53,540.1,1522.8,4.2,-0.0905,164.21,0,0
2026-01-01T00:20:06Z,tube_leak,NORMAL,475.76,1516.1,160.55,539.2,1523.5,8.8,-0.09,166.05,0,0
2026-01-01T00:20:07Z,tube_leak,NORMAL,479.88,1519.5,159.85,539.5,1517.8,3.9,-0.0902,163.56,0,0
2026-01-01T00:20:08Z,tube_leak,NORMAL,472.38,1522.6,160.43,542.3,1515.0,-6.0,-0.0889,165.2,0,0
2026-01-01T00:20:09Z,tube_leak,NORMAL,477.2,1518.7,160.59,539.7,1519.6,11.5,-0.0892,165.61,0,0
2026-01-01T00:20:10Z,tube_leak,NORMAL,468.07,1523.2,159.95,540.3,1517.3,3.5,-0.0908,165.56,0,0
2026-01-01T00:20:11Z,tube_leak,NORMAL,468.7,1521.5,160.11,539.2,1523.5,3.0,-0.0904,165.22,0,0
2026-01-01T00:20:12Z,tube_leak,NORMAL,478.83,1524.2,159.47,539.0,1519.2,8.0,-0.0899,166.08,0,0
2026-01-01T00:20:13Z,tube_leak,NORMAL,476.97,1520.4,159.86,539.8,1518.9,9.1,-0.09,166.22,0,0
2026-01-01T00:20:14Z,tube_leak,NORMAL,474.98,1521.9,159.79,541.9,1517.4,-3.2,-0.0898,166.6,0,0
2026-01-01T00:20:15Z,tube_leak,NORMAL,473.93,1526.6,160.22,541.3,1521.8,5.9,-0.0909,166.41,0,0
2026-01-01T00:20:16Z,tube_leak,NORMAL,476.35,1517.4,158.85,541.2,1521.9,6.5,-0.0903,167.07,0,0
2026-01-01T00:20:17Z,tube_leak,NORMAL,471.53,1518.8,159.71,541.2,1519.2,1.2,-0.0892,167.21,0,0
2026-01-01T00:20:18Z,tube_leak,NORMAL,474.67,1520.8,159.36,539.4,1517.2,3.0,-0.0892,165.5,0,0
2026-01-01T00:20:19Z,tube_leak,NORMAL,476.74,1521.7,159.55,542.2,1519.2,-1.1,-0.0909,166.71,0,0
2026-01-01T00:20:20Z,tube_leak,NORMAL,474.5,1520.3,158.83,539.1,1515.6,8.4,-0.0906,165.69,0,0
2026-01-01T00:20:21Z,tube_leak,NORMAL,475.14,1522.4,160.44,540.9,1517.7,2.8,-0.09,165.25,0,0
2026-01-01T00:20:22Z,tube_leak,NORMAL,474.78,1520.1,160.36,538.1,1519.0,4.9,-0.0882,166.88,0,0
2026-01-01T00:20:23Z,tube_leak,NORMAL,473.67,1518.5,160.34,540.5,1517.3,5.0,-0.0885,166.86,0,0
2026-01-01T00:20:24Z,tube_leak,NORMAL,473.13,1517.1,160.32,540.2,1523.0,11.0,-0.0907,166.27,0,0
2026-01-01T00:20:25Z,tube_leak,NORMAL,472.8,1516.5,159.86,540.8,1520.3,4.5,-0.0915,166.39,0,0
2026-01-01T00:20:26Z,tube_leak,NORMAL,475.02,1520.0,159.8,539.7,1521.7,6.5,-0.0919,166.56,0,0
2026-01-01T00:20:27Z,tube_leak,NORMAL,474.21,1520.2,160.37,540.7,1525.5,3.6,-0.0893,165.2,0,0
2026-01-01T00:20:28Z,tube_leak,NORMAL,476.65,1517.3,160.44,538.9,1516.1,7.5,-0.0893,167.94,0,0
2026-01-01T00:20:29Z,tube_leak,NORMAL,474.16,1519.0,159.97,538.7,1517.5,5.2,-0.0913,164.05,0,0
2026-01-01T00:20:30Z,tube_leak,NORMAL,471.29,1520.1,159.4,541.0,1522.4,7.9,-0.0902,166.36,0,0
2026-01-01T00:20:31Z,tube_leak,NORMAL,471.89,1520.7,160.42,540.1,1516.1,-3.7,-0.0902,166.05,0,0
2026-01-01T00:20:32Z,tube_leak,NORMAL,480.35,1517.2,159.21,540.3,1518.6,18.6,-0.0912,167.78,0,0
2026-01-01T00:20:33Z,tube_leak,NORMAL,472.68,1520.0,159.86,539.0,1524.0,7.5,-0.091,167.53,0,0
2026-01-01T00:20:34Z,tube_leak,NORMAL,472.89,1522.7,160.09,539.2,1520.2,0.5,-0.0918,167.63,0,0
2026-01-01T00:20:35Z,tube_leak,NORMAL,473.51,1518.5,159.28,540.3,1513.9,-0.6,-0.0898,165.04,0,0
2026-01-01T00:20:36Z,tube_leak,NORMAL,476.52,1521.3,160.44,539.7,1517.7,1.3,-0.0881,166.79,0,0
2026-01-01T00:20:37Z,tube_leak,NORMAL,475.61,1520.8,160.92,541.4,1515.0,6.0,-0.0882,166.04,0,0
2026-01-01T00:20:38Z,tube_leak,NORMAL,474.8,1518.5,160.25,539.6,1523.9,-0.5,-0.0903,166.43,0,0
2026-01-01T00:20:39Z,tube_leak,NORMAL,474.06,1519.4,160.11,539.7,1520.3,-2.1,-0.0888,164.34,0,0
2026-01-01T00:20:40Z,tube_leak,NORMAL,473.33,1522.8,158.92,542.1,1518.2,3.3,-0.09,167.32,0,0
2026-01-01T00:20:41Z,tube_leak,NORMAL,474.62,1521.3,160.48,541.6,1520.7,1.7,-0.0912,165.56,0,0
2026-01-01T00:20:42Z,tube_leak,NORMAL,474.18,1518.8,160.39,538.0,1518.0,8.7,-0.0904,166.14,0,0
2026-01-01T00:20:43Z,tube_leak,NORMAL,476.6,1523.0,160.61,539.2,1514.3,5.0,-0.091,165.77,0,0
2026-01-01T00:20:44Z,tube_leak,NORMAL,472.92,1522.2,159.75,539.8,1522.9,6.9,-0.0903,166.52,0,0
2026-01-01T00:20:45Z,tube_leak,NORMAL,478.85,1521.6,159.93,540.5,1520.5,11.5,-0.0903,166.87,0,0
2026-01-01T00:20:46Z,tube_leak,NORMAL,480.26,1518.4,159.99,541.6,1525.5,8.9,-0.0896,166.17,0,0
2026-01-01T00:20:47Z,tube_leak,NORMAL,470.64,1518.2,160.54,539.5,1519.2,5.8,-0.0902,165.79,0,0
2026-01-01T00:20:48Z,tube_leak,NORMAL,469.51,1520.8,159.99,540.2,1518.8,8.1,-0.0909,167.72,0,0
2026-01-01T00:20:49Z,tube_leak,NORMAL,477.02,1521.9,159.89,537.7,1516.8,-4.0,-0.09,166.64,0,0
2026-01-01T00:20:50Z,tube_leak,NORMAL,480.13,1518.6,159.75,538.4,1528.2,7.8,-0.0887,165.83,0,0
2026-01-01T00:20:51Z,tube_leak,NORMAL,474.22,1519.5,158.85,539.2,1519.9,6.2,-0.0888,166.51,0,0
2026-01-01T00:20:52Z,tube_leak,NORMAL,473.44,1518.3,159.68,541.8,1520.6,4.5,-0.0884,166.84,0,0
2026-01-01T00:20:53Z,tube_leak,NORMAL,476.16,1517.7,160.48,538.8,1519.7,-1.6,-0.0884,166.8,0,0
2026-01-01T00:20:54Z,tube_leak,NORMAL,474.11,1518.0,159.76,540.2,1514.1,8.7,-0.089,166.15,0,0
2026-01-01T00:20:55Z,tube_leak,NORMAL,475.93,1522.0,160.34,540.3,1518.2,2.8,-0.09,164.16,0,0
2026-01-01T00:20:56Z,tube_leak,NORMAL,475.87,1517.5,160.09,540.0,1519.0,-4.3,-0.0895,166.49,0,0
2026-01-01T00:20:57Z,tube_leak,NORMAL,475.32,1520.5,159.57,541.2,1520.1,8.8,-0.0909,165.54,0,0
2026-01-01T00:20:58Z,tube_leak,NORMAL,475.72,1520.6,160.0,541.3,1515.1,4.9,-0.0914,167.99,0,0
2026-01-01T00:20:59Z,tube_leak,NORMAL,475.73,1523.1,160.81,539.4,1518.8,11.6,-0.0908,166.12,0,0
2026-01-01T00:21:00Z,tube_leak,NORMAL,474.05,1517.8,161.01,540.7,1518.8,-2.1,-0.0901,166.91,0,0
2026-01-01T00:21:01Z,tube_leak,NORMAL,479.44,1524.1,160.1,541.6,1520.7,9.2,-0.0898,165.74,0,0
2026-01-01T00:21:02Z,tube_leak,NORMAL,478.83,1519.6,159.68,539.1,1522.7,8.4,-0.0892,166.42,0,0
2026-01-01T00:21:03Z,tube_leak,NORMAL,471.5,1522.5,160.35,540.4,1517.3,0.8,-0.0894,165.5,0,0
2026-01-01T00:21:04Z,tube_leak,NORMAL,476.63,1520.4,160.21,541.0,1522.4,5.9,-0.0909,166.01,0,0
2026-01-01T00:21:05Z,tube_leak,NORMAL,478.38,1520.4,160.89,538.6,1524.6,-0.6,-0.0914,165.34,0,0
2026-01-01T00:21:06Z,tube_leak,NORMAL,472.46,1523.2,159.52,540.4,1519.4,-3.7,-0.0895,166.42,0,0
2026-01-01T00:21:07Z,tube_leak,NORMAL,471.95,1522.1,159.57,538.2,1523.1,2.3,-0.0912,165.68,0,0
2026-01-01T00:21:08Z,tube_leak,NORMAL,473.52,1519.9,159.39,541.1,1521.4,3.2,-0.0882,166.42,0,0
2026-01-01T00:21:09Z,tube_leak,NORMAL,476.01,1519.7,160.0,541.3,1518.4,8.6,-0.0907,165.62,0,0
2026-01-01T00:21:10Z,tube_leak,NORMAL,472.64,1517.1,160.25,538.7,1522.8,8.9,-0.0903,166.96,0,0
2026-01-01T00:21:11Z,tube_leak,NORMAL,476.21,1522.0,159.48,540.4,1523.4,3.1,-0.0896,165.67,0,0
2026-01-01T00:21:12Z,tube_leak,NORMAL,480.51,1521.7,159.89,541.4,1519.6,5.9,-0.0893,167.79,0,0
2026-01-01T00:21:13Z,tube_leak,NORMAL,474.18,1524.0,160.49,541.0,1522.5,9.7,-0.0895,166.4,0,0
2026-01-01T00:21:14Z,tube_leak,NORMAL,478.69,1520.7,160.42,539.0,1524.6,6.2,-0.0885,166.84,0,0
2026-01-01T00:21:15Z,tube_leak,NORMAL,474.89,1521.5,159.57,538.2,1517.1,10.5,-0.0907,165.7,0,0
2026-01-01T00:21:16Z,tube_leak,NORMAL,477.39,1521.0,159.63,539.9,1518.7,8.4,-0.0895,165.32,0,0
2026-01-01T00:21:17Z,tube_leak,NORMAL,471.79,1516.8,160.28,540.7,1520.6,-0.4,-0.0912,167.04,0,0
2026-01-01T00:21:18Z,tube_leak,NORMAL,468.38,1521.0,159.79,539.6,1526.7,7.2,-0.0898,166.13,0,0
2026-01-01T00:21:19Z,tube_leak,NORMAL,471.48,1517.7,159.13,539.9,1516.0,3.6,-0.0904,166.83,0,0
2026-01-01T00:21:20Z,tube_leak,NORMAL,475.31,1519.5,159.93,539.0,1521.2,3.9,-0.0879,167.34,0,0
2026-01-01T00:21:21Z,tube_leak,NORMAL,475.47,1522.3,159.44,539.4,1515.8,7.9,-0.0893,165.25,0,0
2026-01-01T00:21:22Z,tube_leak,NORMAL,477.68,1520.7,159.47,539.8,1519.3,13.3,-0.0902,166.97,0,0
2026-01-01T00:21:23Z,tube_leak,NORMAL,475.19,1523.4,159.64,540.8,1520.0,1.3,-0.0899,167.87,0,0
2026-01-01T00:21:24Z,tube_leak,NORMAL,476.73,1518.7,159.65,541.0,1523.8,-0.0,-0.0909,165.58,0,0
2026-01-01T00:21:25Z,tube_leak,NORMAL,472.17,1521.3,160.12,539.5,1515.0,1.6,-0.0911,166.98,0,0
2026-01-01T00:21:26Z,tube_leak,NORMAL,476.25,1521.2,159.9,540.8,1522.7,6.2,-0.0887,166.11,0,0
2026-01-01T00:21:27Z,tube_leak,NORMAL,472.11,1517.5,160.83,538.8,1521.5,3.8,-0.0901,167.52,0,0
2026-01-01T00:21:28Z,tube_leak,NORMAL,478.73,1518.6,160.09,540.2,1515.8,6.7,-0.0895,166.22,0,0
2026-01-01T00:21:29Z,tube_leak,NORMAL,478.75,1516.7,160.39,539.5,1516.9,7.1,-0.0901,165.76,0,0
2026-01-01T00:21:30Z,tube_leak,NORMAL,479.27,1517.4,159.42,539.2,1520.9,3.3,-0.0901,165.32,0,0
2026-01-01T00:21:31Z,tube_leak,NORMAL,472.57,1520.6,159.1,540.6,1519.2,8.9,-0.0896,166.73,0,0
2026-01-01T00:21:32Z,tube_leak,NORMAL,475.56,1515.6,160.19,539.8,1523.2,-0.8,-0.091,167.31,0,0
2026-01-01T00:21:33Z,tube_leak,NORMAL,473.05,1521.5,159.34,539.9,1521.3,2.5,-0.0903,167.12,0,0
2026-01-01T00:21:34Z,tube_leak,NORMAL,470.09,1518.3,159.15,539.1,1517.6,5.1,-0.0903,166.82,0,0
2026-01-01T00:21:35Z,tube_leak,NORMAL,477.85,1522.9,159.85,537.0,1520.9,9.0,-0.0912,165.62,0,0
2026-01-01T00:21:36Z,tube_leak,NORMAL,476.66,1521.0,160.29,540.5,1514.2,6.9,-0.0905,168.42,0,0
2026-01-01T00:21:37Z,tube_leak,NORMAL,479.17,1519.8,160.66,539.3,1521.3,5.6,-0.0891,164.83,0,0
2026-01-01T00:21:38Z,tube_leak,NORMAL,480.32,1520.7,160.6,539.7,1520.1,2.4,-0.0899,166.05,0,0
2026-01-01T00:21:39Z,tube_leak,NORMAL,476.73,1524.6,159.27,539.3,1514.4,1.6,-0.0901,166.71,0,0
2026-01-01T00:21:40Z,tube_leak,NORMAL,473.69,1516.3,159.5,540.4,1519.5,12.8,-0.0884,166.18,0,0
2026-01-01T00:21:41Z,tube_leak,NORMAL,476.74,1521.2,160.78,540.8,1519.6,-1.7,-0.0908,166.21,0,0
2026-01-01T00:21:42Z,tube_leak,NORMAL,472.96,1518.2,160.13,538.5,1517.3,13.1,-0.0921,167.19,0,0
2026-01-01T00:21:43Z,tube_leak,NORMAL,475.6,1518.3,160.4,538.8,1520.6,1.7,-0.0901,166.16,0,0
2026-01-01T00:21:44Z,tube_leak,NORMAL,476.58,1521.5,160.7,539.5,1519.8,5.4,-0.0894,164.75,0,0
2026-01-01T00:21:45Z,tube_leak,NORMAL,474.66,1521.3,160.87,538.3,1523.1,-4.0,-0.0896,166.26,0,0
2026-01-01T00:21:46Z,tube_leak,NORMAL,473.4,1519.5,160.23,540.9,1519.8,7.3,-0.0912,165.53,0,0
2026-01-01T00:21:47Z,tube_leak,NORMAL,471.36,1520.3,160.18,540.8,1520.3,6.5,-0.0918,166.42,0,0
2026-01-01T00:21:48Z,tube_leak,NORMAL,473.17,1521.2,159.78,540.1,1524.7,9.0,-0.09,165.43,0,0
2026-01-01T00:21:49Z,tube_leak,NORMAL,477.18,1519.7,159.87,539.6,1517.4,3.2,-0.0888,167.26,0,0
2026-01-01T00:21:50Z,tube_leak,NORMAL,473.79,1516.7,159.1,540.2,1516.9,2.5,-0.0899,167.08,0,0
2026-01-01T00:21:51Z,tube_leak,NORMAL,469.76,1519.8,160.04,539.7,1520.3,-1.8,-0.0904,167.16,0,0
2026-01-01T00:21:52Z,tube_leak,NORMAL,472.64,1520.7,160.34,539.6,1519.6,-2.5,-0.0896,165.47,0,0
2026-01-01T00:21:53Z,tube_leak,NORMAL,472.25,1521.4,160.17,540.6,1514.9,-6.7,-0.0907,165.67,0,0
2026-01-01T00:21:54Z,tube_leak,NORMAL,474.6,1519.8,159.84,538.2,1524.0,6.0,-0.0885,165.36,0,0
2026-01-01T00:21:55Z,tube_leak,NORMAL,471.55,1519.0,159.53,539.9,1520.6,4.5,-0.0919,165.81,0,0
2026-01-01T00:21:56Z,tube_leak,NORMAL,475.58,1523.6,160.38,539.5,1521.0,9.6,-0.0897,166.15,0,0
2026-01-01T00:21:57Z,tube_leak,NORMAL,480.89,1520.6,160.4,540.6,1518.3,1.9,-0.0902,166.94,0,0
2026-01-01T00:21:58Z,tube_leak,NORMAL,475.26,1518.5,159.96,540.5,1520.9,-5.6,-0.0889,167.46,0,0
2026-01-01T00:21:59Z,tube_leak,NORMAL,474.87,1520.8,160.72,540.7,1520.2,-3.7,-0.0881,166.42,0,0
2026-01-01T00:22:00Z,tube_leak,NORMAL,473.87,1519.3,159.92,538.2,1521.4,7.8,-0.0903,167.07,0,0
2026-01-01T00:22:01Z,tube_leak,NORMAL,474.46,1520.0,159.95,540.7,1519.6,8.6,-0.0908,166.4,0,0
2026-01-01T00:22:02Z,tube_leak,NORMAL,480.44,1522.9,159.47,539.6,1523.1,-2.1,-0.09,166.44,0,0
2026-01-01T00:22:03Z,tube_leak,NORMAL,472.5,1520.0,159.56,540.9,1521.7,3.4,-0.089,166.09,0,0
2026-01-01T00:22:04Z,tube_leak,NORMAL,475.27,1521.9,159.34,539.4,1517.3,9.0,-0.0896,166.18,0,0
2026-01-01T00:22:05Z,tube_leak,NORMAL,477.43,1523.5,159.62,540.0,1522.6,6.4,-0.0916,166.52,0,0
2026-01-01T00:22:06Z,tube_leak,NORMAL,473.34,1519.4,160.04,539.2,1519.0,5.1,-0.0895,166.96,0,0
2026-01-01T00:22:07Z,tube_leak,NORMAL,472.66,1519.2,160.77,540.1,1520.2,-8.0,-0.0908,166.01,0,0
2026-01-01T00:22:08Z,tube_leak,NORMAL,473.73,1518.6,159.85,538.8,1525.9,-11.4,-0.0896,166.48,0,0
2026-01-01T00:22:09Z,tube_leak,NORMAL,474.24,1518.2,160.01,539.4,1520.0,-2.3,-0.0925,167.27,0,0
2026-01-01T00:22:10Z,tube_leak,NORMAL,477.55,1520.5,160.43,541.6,1515.0,1.3,-0.091,165.96,0,0
2026-01-01T00:22:11Z,tube_leak,NORMAL,474.23,1522.0,159.69,542.2,1518.4,-4.9,-0.0907,165.61,0,0
2026-01-01T00:22:12Z,tube_leak,NORMAL,474.19,1519.1,159.67,539.9,1516.4,-4.7,-0.0908,166.16,0,0
2026-01-01T00:22:13Z,tube_leak,NORMAL,469.29,1521.1,160.72,539.3,1521.0,-1.8,-0.0919,165.96,0,0
2026-01-01T00:22:14Z,tube_leak,NORMAL,477.59,1520.1,160.11,540.3,1522.6,-0.3,-0.0894,167.67,0,0
2026-01-01T00:22:15Z,tube_leak,NORMAL,472.82,1519.6,160.52,540.4,1521.5,4.1,-0.0907,165.99,0,0
2026-01-01T00:22:16Z,tube_leak,NORMAL,471.04,1516.7,159.86,541.8,1522.7,-4.7,-0.0905,167.56,0,0
2026-01-01T00:22:17Z,tube_leak,NORMAL,473.43,1520.9,159.29,539.6,1521.5,1.4,-0.0901,165.45,0,0
2026-01-01T00:22:18Z,tube_leak,NORMAL,474.91,1520.9,160.19,538.7,1520.3,-4.5,-0.0898,164.92,0,0
2026-01-01T00:22:19Z,tube_leak,NORMAL,474.23,1523.6,160.51,538.9,1518.2,0.4,-0.0894,163.31,0,0
2026-01-01T00:22:20Z,tube_leak,NORMAL,478.79,1522.0,160.18,540.5,1521.9,-3.3,-0.0897,166.05,0,0
2026-01-01T00:22:21Z,tube_leak,NORMAL,472.32,1519.8,159.77,539.2,1518.5,-0.3,-0.0909,165.89,0,0
2026-01-01T00:22:22Z,tube_leak,NORMAL,472.87,1521.5,159.77,541.1,1513.9,-2.3,-0.0886,164.16,0,0
2026-01-01T00:22:23Z,tube_leak,NORMAL,479.46,1518.7,159.77,538.1,1516.8,-2.6,-0.0896,164.77,0,0
2026-01-01T00:22:24Z,tube_leak,NORMAL,472.5,1519.2,159.93,540.2,1517.8,3.7,-0.0908,164.83,0,0
2026-01-01T00:22:25Z,tube_leak,NORMAL,475.72,1522.5,161.18,540.0,1518.6,1.5,-0.09,166.1,0,0
2026-01-01T00:22:26Z,tube_leak,NORMAL,472.15,1520.9,160.43,540.0,1522.4,2.0,-0.0901,168.51,0,0
2026-01-01T00:22:27Z,tube_leak,NORMAL,474.49,1519.7,159.91,541.1,1524.5,1.4,-0.09,167.65,0,0
2026-01-01T00:22:28Z,tube_leak,NORMAL,479.58,1519.3,160.75,538.3,1524.2,-0.9,-0.0911,166.32,0,0
2026-01-01T00:22:29Z,tube_leak,NORMAL,477.94,1517.6,160.05,539.7,1526.3,1.0,-0.0891,167.59,0,0
2026-01-01T00:22:30Z,tube_leak,NORMAL,475.91,1519.2,159.15,540.9,1524.0,1.5,-0.0896,166.42,0,0
2026-01-01T00:22:31Z,tube_leak,NORMAL,468.12,1518.4,160.24,541.3,1525.7,-0.0,-0.0895,165.54,0,0
2026-01-01T00:22:32Z,tube_leak,NORMAL,473.63,1515.8,158.97,538.8,1512.9,-2.3,-0.0916,167.34,0,0
2026-01-01T00:22:33Z,tube_leak,NORMAL,474.56,1519.4,160.27,538.9,1519.8,-3.3,-0.0908,166.53,0,0
2026-01-01T00:22:34Z,tube_leak,NORMAL,475.94,1522.3,160.39,541.5,1520.1,-1.6,-0.0901,167.17,0,0
2026-01-01T00:22:35Z,tube_leak,NORMAL,473.24,1522.2,159.79,538.8,1518.5,-0.8,-0.0886,167.12,0,0
2026-01-01T00:22:36Z,tube_leak,NORMAL,476.32,1522.5,160.83,539.6,1520.5,-4.8,-0.0903,166.54,0,0
2026-01-01T00:22:37Z,tube_leak,NORMAL,474.7,1518.5,160.37,538.8,1521.6,-3.4,-0.09,165.72,0,0
2026-01-01T00:22:38Z,tube_leak,NORMAL,478.69,1521.0,160.12,540.5,1519.1,1.7,-0.0892,168.17,0,0
2026-01-01T00:22:39Z,tube_leak,NORMAL,475.92,1521.5,159.87,539.3,1516.1,-1.2,-0.0908,167.42,0,0
2026-01-01T00:22:40Z,tube_leak,NORMAL,471.64,1520.9,160.07,539.8,1521.5,-6.0,-0.0907,166.09,0,0
2026-01-01T00:22:41Z,tube_leak,NORMAL,474.32,1518.2,160.33,538.3,1521.2,5.7,-0.0919,166.21,0,0
2026-01-01T00:22:42Z,tube_leak,NORMAL,475.3,1519.2,160.06,539.2,1519.3,-1.6,-0.0889,167.22,0,0
2026-01-01T00:22:43Z,tube_leak,NORMAL,475.53,1521.0,159.59,539.5,1517.1,2.7,-0.0885,166.58,0,0
2026-01-01T00:22:44Z,tube_leak,NORMAL,471.54,1517.1,160.52,540.1,1517.8,4.2,-0.0882,167.55,0,0
2026-01-01T00:22:45Z,tube_leak,NORMAL,474.03,1522.1,160.04,540.2,1521.2,-7.2,-0.0909,165.76,0,0
2026-01-01T00:22:46Z,tube_leak,NORMAL,471.18,1522.2,159.99,541.0,1517.6,4.3,-0.0908,168.78,0,0
2026-01-01T00:22:47Z,tube_leak,NORMAL,478.05,1517.6,160.48,539.3,1515.5,1.9,-0.089,165.96,0,0
2026-01-01T00:22:48Z,tube_leak,NORMAL,477.95,1520.4,160.92,539.0,1527.0,-4.9,-0.0891,168.79,0,0
2026-01-01T00:22:49Z,tube_leak,NORMAL,475.02,1518.9,159.37,542.2,1522.5,-3.2,-0.0898,164.46,0,0
2026-01-01T00:22:50Z,tube_leak,NORMAL,473.55,1520.3,160.28,540.0,1521.9,-5.3,-0.0894,166.61,0,0
2026-01-01T00:22:51Z,tube_leak,NORMAL,475.31,1520.8,160.03,541.5,1521.6,-6.5,-0.0909,166.38,0,0
2026-01-01T00:22:52Z,tube_leak,NORMAL,471.25,1520.6,159.65,537.9,1517.2,-10.8,-0.0905,164.62,0,0
2026-01-01T00:22:53Z,tube_leak,NORMAL,476.08,1520.6,160.02,539.5,1520.9,-13.2,-0.0893,164.78,0,0
2026-01-01T00:22:54Z,tube_leak,NORMAL,472.77,1520.9,160.52,540.5,1519.8,-9.3,-0.0898,167.6,0,0
2026-01-01T00:22:55Z,tube_leak,NORMAL,475.27,1518.1,159.5,541.6,1516.2,-8.1,-0.0888,165.51,0,0
2026-01-01T00:22:56Z,tube_leak,NORMAL,476.04,1521.0,160.13,541.0,1517.7,3.3,-0.0907,166.62,0,0
2026-01-01T00:22:57Z,tube_leak,NORMAL,471.49,1522.4,161.23,540.5,1518.4,-1.5,-0.0908,164.52,0,0
2026-01-01T00:22:58Z,tube_leak,NORMAL,473.99,1520.2,159.91,539.6,1523.5,-9.8,-0.0891,166.32,0,0
2026-01-01T00:22:59Z,tube_leak,NORMAL,472.81,1519.1,159.45,540.3,1522.9,-4.3,-0.0899,165.41,0,0
2026-01-01T00:23:00Z,tube_leak,NORMAL,474.81,1522.8,159.28,538.9,1517.2,-1.6,-0.0909,166.4,0,0
2026-01-01T00:23:01Z,tube_leak,NORMAL,472.68,1519.6,160.31,537.3,1517.1,-4.1,-0.0903,165.74,0,0
2026-01-01T00:23:02Z,tube_leak,NORMAL,471.96,1524.0,159.72,539.6,1521.9,-10.6,-0.0903,166.34,0,0
2026-01-01T00:23:03Z,tube_leak,NORMAL,474.75,1521.0,159.52,540.1,1523.5,-8.1,-0.09,167.16,0,0
2026-01-01T00:23:04Z,tube_leak,NORMAL,473.68,1523.5,159.7,539.8,1519.6,-2.6,-0.0906,167.52,0,0
2026-01-01T00:23:05Z,tube_leak,NORMAL,473.06,1518.9,160.8,540.4,1520.0,-1.3,-0.0887,167.15,0,0
2026-01-01T00:23:06Z,tube_leak,NORMAL,473.22,1518.4,159.79,542.6,1519.2,-6.9,-0.0891,164.56,0,0
2026-01-01T00:23:07Z,tube_leak,NORMAL,474.67,1517.6,159.81,540.1,1518.8,-1.5,-0.0886,166.04,0,0
2026-01-01T00:23:08Z,tube_leak,NORMAL,476.81,1518.7,160.2,539.9,1524.5,-7.2,-0.0902,166.35,0,0
2026-01-01T00:23:09Z,tube_leak,NORMAL,476.83,1519.5,159.41,538.3,1521.7,-8.1,-0.0895,166.69,0,0
2026-01-01T00:23:10Z,tube_leak,NORMAL,474.85,1521.7,159.02,539.8,1520.2,5.3,-0.0908,167.05,0,0
2026-01-01T00:23:11Z,tube_leak,NORMAL,475.18,1517.9,159.98,538.3,1519.2,3.7,-0.0917,164.91,0,0
2026-01-01T00:23:12Z,tube_leak,NORMAL,474.13,1518.6,159.92,540.1,1518.6,-2.4,-0.0901,167.59,0,0
2026-01-01T00:23:13Z,tube_leak,NORMAL,477.16,1519.7,160.02,540.2,1519.5,-2.2,-0.0904,167.78,0,0
2026-01-01T00:23:14Z,tube_leak,NORMAL,476.55,1517.6,159.7,539.3,1514.7,3.6,-0.0891,166.32,0,0
2026-01-01T00:23:15Z,tube_leak,NORMAL,473.46,1521.8,159.2,540.4,1521.1,3.6,-0.0904,165.57,0,0
2026-01-01T00:23:16Z,tube_leak,NORMAL,479.79,1520.8,160.69,539.7,1517.4,-5.7,-0.0892,169.04,0,0
2026-01-01T00:23:17Z,tube_leak,NORMAL,473.59,1521.2,159.7,541.4,1524.1,-2.7,-0.0895,167.06,0,0
2026-01-01T00:23:18Z,tube_leak,NORMAL,467.48,1522.8,161.33,540.4,1516.7,-6.0,-0.0898,168.49,0,0
2026-01-01T00:23:19Z,tube_leak,NORMAL,477.31,1522.0,160.13,539.6,1521.8,11.2,-0.0906,165.98,0,0
2026-01-01T00:23:20Z,tube_leak,NORMAL,477.34,1522.9,159.95,539.0,1515.8,0.4,-0.0912,166.92,0,0
2026-01-01T00:23:21Z,tube_leak,NORMAL,474.0,1521.7,160.82,541.3,1524.9,-6.2,-0.0905,167.38,0,0
2026-01-01T00:23:22Z,tube_leak,NORMAL,471.14,1522.5,159.44,540.0,1521.5,-9.0,-0.0894,165.96,0,0
2026-01-01T00:23:23Z,tube_leak,NORMAL,474.26,1522.4,159.72,541.0,1523.1,5.4,-0.0911,167.22,0,0
2026-01-01T00:23:24Z,tube_leak,NORMAL,477.54,1519.7,159.55,538.9,1522.7,1.1,-0.0886,166.24,0,0
2026-01-01T00:23:25Z,tube_leak,NORMAL,474.32,1515.2,159.83,540.7,1516.9,-6.7,-0.0892,166.77,0,0
2026-01-01T00:23:26Z,tube_leak,NORMAL,474.77,1515.9,159.64,539.0,1523.8,-11.7,-0.0895,167.06,0,0
2026-01-01T00:23:27Z,tube_leak,NORMAL,476.09,1519.1,161.04,539.1,1518.9,-0.6,-0.0895,165.83,0,0
2026-01-01T00:23:28Z,tube_leak,NORMAL,473.18,1520.4,158.79,538.2,1522.3,-17.2,-0.0905,166.25,0,0
2026-01-01T00:23:29Z,tube_leak,NORMAL,473.22,1518.9,160.26,539.7,1512.5,-1.4,-0.0897,166.26,0,0
2026-01-01T00:23:30Z,tube_leak,NORMAL,472.77,1516.4,161.0,539.9,1522.8,-2.2,-0.0901,167.83,0,0
2026-01-01T00:23:31Z,tube_leak,NORMAL,478.14,1522.4,159.63,539.0,1523.4,-3.6,-0.0901,165.43,0,0
2026-01-01T00:23:32Z,tube_leak,NORMAL,471.27,1522.2,160.06,539.1,1519.3,-10.3,-0.0906,165.4,0,0
2026-01-01T00:23:33Z,tube_leak,NORMAL,476.0,1520.8,159.93,541.9,1520.0,-7.0,-0.0895,167.15,0,0
2026-01-01T00:23:34Z,tube_leak,NORMAL,472.04,1523.7,160.1,539.3,1523.5,-0.4,-0.0881,167.21,0,0
2026-01-01T00:23:35Z,tube_leak,NORMAL,473.13,1520.1,159.97,540.8,1515.0,-1.6,-0.0904,165.02,0,0
2026-01-01T00:23:36Z,tube_leak,NORMAL,471.49,1518.1,160.25,540.7,1520.5,0.1,-0.0905,166.88,0,0
2026-01-01T00:23:37Z,tube_leak,NORMAL,476.38,1519.6,159.62,539.2,1517.7,-3.1,-0.0901,164.71,0,0
2026-01-01T00:23:38Z,tube_leak,NORMAL,476.26,1521.3,159.47,540.9,1522.0,-4.0,-0.0904,167.5,0,0
2026-01-01T00:23:39Z,tube_leak,NORMAL,474.76,1523.2,159.95,536.7,1516.5,-0.8,-0.0896,167.06,0,0
2026-01-01T00:23:40Z,tube_leak,NORMAL,477.73,1523.2,159.81,540.9,1522.3,-9.0,-0.0894,167.32,0,0
2026-01-01T00:23:41Z,tube_leak,NORMAL,477.41,1523.8,161.21,540.2,1518.6,-1.1,-0.0899,167.05,0,0
2026-01-01T00:23:42Z,tube_leak,NORMAL,475.77,1516.5,159.72,539.2,1513.6,-1.9,-0.0884,165.19,0,0
2026-01-01T00:23:43Z,tube_leak,NORMAL,477.47,1517.1,159.64,539.9,1521.3,2.4,-0.0904,166.52,0,0
2026-01-01T00:23:44Z,tube_leak,NORMAL,474.55,1520.7,159.42,539.6,1519.7,-14.8,-0.0897,166.19,0,0
2026-01-01T00:23:45Z,tube_leak,NORMAL,473.28,1519.4,159.97,541.6,1518.4,-11.5,-0.09,167.78,0,0
2026-01-01T00:23:46Z,tube_leak,NORMAL,474.31,1520.2,159.51,539.2,1521.6,-3.0,-0.0898,165.93,0,0
2026-01-01T00:23:47Z,tube_leak,NORMAL,477.49,1518.6,160.33,540.3,1516.6,-8.1,-0.0912,166.53,0,0
2026-01-01T00:23:48Z,tube_leak,NORMAL,475.43,1518.3,159.78,539.5,1520.9,-3.4,-0.0896,167.43,0,0
2026-01-01T00:23:49Z,tube_leak,NORMAL,475.63,1522.3,159.4,539.4,1520.9,-6.6,-0.0887,165.12,0,0
2026-01-01T00:23:50Z,tube_leak,NORMAL,476.54,1523.4,159.58,539.3,1525.0,-4.7,-0.0909,165.56,0,0
2026-01-01T00:23:51Z,tube_leak,NORMAL,476.32,1522.1,158.78,539.8,1518.2,4.8,-0.09,167.05,0,0
2026-01-01T00:23:52Z,tube_leak,NORMAL,473.01,1519.4,158.72,541.0,1523.3,-6.7,-0.0911,168.7,0,0
2026-01-01T00:23:53Z,tube_leak,NORMAL,473.53,1520.2,160.49,540.4,1517.7,6.0,-0.0913,166.75,0,0
2026-01-01T00:23:54Z,tube_leak,NORMAL,473.46,1519.7,160.15,538.3,1520.8,1.0,-0.0905,167.36,0,0
2026-01-01T00:23:55Z,tube_leak,NORMAL,476.69,1521.0,159.5,539.2,1521.0,-2.3,-0.0898,164.5,0,0
2026-01-01T00:23:56Z,tube_leak,NORMAL,477.06,1517.8,160.69,542.1,1524.3,-5.6,-0.0896,164.56,0,0
2026-01-01T00:23:57Z,tube_leak,NORMAL,474.29,1524.6,159.03,540.3,1519.4,-2.1,-0.0905,167.06,0,0
2026-01-01T00:23:58Z,tube_leak,NORMAL,474.92,1517.8,159.55,540.5,1515.6,-0.5,-0.0922,167.74,0,0
2026-01-01T00:23:59Z,tube_leak,NORMAL,472.26,1522.9,160.84,539.7,1524.6,-3.8,-0.0896,167.78,0,0
2026-01-01T00:24:00Z,tube_leak,NORMAL,474.33,1521.9,159.61,541.6,1518.2,1.0,-0.0898,166.91,0,0
2026-01-01T00:24:01Z,tube_leak,NORMAL,470.08,1519.9,160.29,540.5,1518.4,0.4,-0.0902,165.14,0,0
2026-01-01T00:24:02Z,tube_leak,NORMAL,475.75,1519.9,159.59,538.7,1522.9,-7.8,-0.0903,167.59,0,0
2026-01-01T00:24:03Z,tube_leak,NORMAL,474.18,1520.7,159.74,539.4,1515.4,3.6,-0.0896,166.59,0,0
2026-01-01T00:24:04Z,tube_leak,NORMAL,475.0,1518.2,160.08,539.0,1521.0,-2.3,-0.0902,166.89,0,0
2026-01-01T00:24:05Z,tube_leak,NORMAL,476.6,1520.8,159.24,539.3,1519.8,1.5,-0.0901,166.45,0,0
2026-01-01T00:24:06Z,tube_leak,NORMAL,475.13,1519.3,160.18,538.5,1517.7,4.4,-0.0891,165.64,0,0
2026-01-01T00:24:07Z,tube_leak,NORMAL,476.19,1519.2,159.46,540.2,1517.8,1.9,-0.0902,165.51,0,0
2026-01-01T00:24:08Z,tube_leak,NORMAL,474.99,1519.6,160.38,540.7,1517.2,-1.1,-0.0888,166.61,0,0
2026-01-01T00:24:09Z,tube_leak,NORMAL,477.56,1518.8,160.53,540.1,1523.5,-3.4,-0.0895,164.56,0,0
2026-01-01T00:24:10Z,tube_leak,NORMAL,471.73,1520.1,159.46,538.8,1512.6,-9.9,-0.0898,165.04,0,0
2026-01-01T00:24:11Z,tube_leak,NORMAL,476.45,1516.3,160.96,541.2,1512.7,-14.6,-0.09,164.54,0,0
2026-01-01T00:24:12Z,tube_leak,NORMAL,473.17,1520.7,159.02,540.6,1519.7,-11.7,-0.0887,166.89,0,0
2026-01-01T00:24:13Z,tube_leak,NORMAL,473.36,1522.1,159.67,538.3,1519.4,-4.0,-0.0901,166.2,0,0
2026-01-01T00:24:14Z,tube_leak,NORMAL,475.23,1519.7,160.08,541.0,1519.9,-0.9,-0.0904,165.46,0,0
2026-01-01T00:24:15Z,tube_leak,NORMAL,471.43,1520.8,160.08,538.7,1516.2,3.7,-0.0896,165.82,0,0
2026-01-01T00:24:16Z,tube_leak,NORMAL,475.24,1518.7,160.05,540.2,1515.4,-10.1,-0.0898,165.02,0,0
2026-01-01T00:24:17Z,tube_leak,NORMAL,477.14,1519.5,159.86,540.7,1520.7,-0.2,-0.0907,166.61,0,0
2026-01-01T00:24:18Z,tube_leak,NORMAL,476.61,1519.5,159.83,540.4,1522.6,-7.5,-0.0895,165.41,0,0
2026-01-01T00:24:19Z,tube_leak,NORMAL,471.13,1521.1,159.97,539.0,1517.1,-2.6,-0.0897,167.19,0,0
2026-01-01T00:24:20Z,tube_leak,NORMAL,475.44,1519.2,160.5,542.0,1519.8,-6.8,-0.09,165.74,0,0
2026-01-01T00:24:21Z,tube_leak,NORMAL,471.6,1520.2,160.0,539.1,1523.2,9.3,-0.0897,165.35,0,0
2026-01-01T00:24:22Z,tube_leak,NORMAL,474.96,1521.0,159.94,540.0,1521.0,-9.0,-0.0894,165.52,0,0
2026-01-01T00:24:23Z,tube_leak,NORMAL,479.48,1518.7,159.11,540.8,1516.2,15.0,-0.0888,166.98,0,0
2026-01-01T00:24:24Z,tube_leak,NORMAL,472.83,1521.4,160.38,539.8,1518.4,-7.6,-0.0895,166.84,0,0
2026-01-01T00:24:25Z,tube_leak,NORMAL,473.8,1519.6,160.43,541.3,1520.1,-5.8,-0.0894,164.35,0,0
2026-01-01T00:24:26Z,tube_leak,NORMAL,473.72,1518.4,159.75,540.3,1523.3,6.4,-0.0884,165.89,0,0
2026-01-01T00:24:27Z,tube_leak,NORMAL,475.59,1518.8,160.17,539.7,1521.8,1.0,-0.0905,167.57,0,0
2026-01-01T00:24:28Z,tube_leak,NORMAL,476.65,1519.2,159.62,541.6,1516.9,5.2,-0.088,166.68,0,0
2026-01-01T00:24:29Z,tube_leak,NORMAL,475.66,1519.7,159.52,540.9,1518.3,-4.3,-0.0879,166.45,0,0
2026-01-01T00:24:30Z,tube_leak,NORMAL,481.24,1523.3,160.43,540.7,1525.9,-4.9,-0.0905,166.13,0,0
2026-01-01T00:24:31Z,tube_leak,NORMAL,472.16,1518.3,159.79,541.0,1521.3,-5.3,-0.0905,165.46,0,0
2026-01-01T00:24:32Z,tube_leak,NORMAL,472.0,1517.9,159.18,540.2,1521.2,-6.4,-0.0899,166.77,0,0
2026-01-01T00:24:33Z,tube_leak,NORMAL,476.67,1519.5,160.19,540.2,1514.8,2.2,-0.0894,166.69,0,0
2026-01-01T00:24:34Z,tube_leak,NORMAL,476.47,1522.7,159.36,542.4,1518.2,-8.9,-0.0918,165.28,0,0
2026-01-01T00:24:35Z,tube_leak,NORMAL,475.08,1518.9,159.35,540.7,1513.8,-9.2,-0.0879,166.71,0,0
2026-01-01T00:24:36Z,tube_leak,NORMAL,474.41,1520.4,160.1,540.6,1520.5,-2.5,-0.0898,165.68,0,0
2026-01-01T00:24:37Z,tube_leak,NORMAL,473.57,1522.3,159.54,540.1,1516.2,-10.1,-0.091,165.74,0,0
2026-01-01T00:24:38Z,tube_leak,NORMAL,475.76,1522.7,159.76,539.9,1519.1,5.0,-0.0892,165.83,0,0
2026-01-01T00:24:39Z,tube_leak,NORMAL,476.5,1519.0,160.2,538.9,1515.8,-5.6,-0.0905,165.45,0,0
2026-01-01T00:24:40Z,tube_leak,NORMAL,474.1,1519.9,159.52,541.1,1521.5,-3.9,-0.0898,167.34,0,0
2026-01-01T00:24:41Z,tube_leak,NORMAL,477.42,1521.6,159.71,541.9,1518.9,1.8,-0.0896,166.21,0,0
2026-01-01T00:24:42Z,tube_leak,NORMAL,476.99,1518.2,159.05,541.4,1522.0,-3.2,-0.0896,165.65,0,0
2026-01-01T00:24:43Z,tube_leak,NORMAL,479.04,1520.3,159.59,541.1,1523.4,4.9,-0.0918,165.97,0,0
2026-01-01T00:24:44Z,tube_leak,NORMAL,473.82,1521.1,160.58,539.6,1519.0,-1.5,-0.0893,167.47,0,0
2026-01-01T00:24:45Z,tube_leak,NORMAL,471.45,1517.4,160.0,539.4,1523.8,-5.5,-0.0895,165.62,0,0
2026-01-01T00:24:46Z,tube_leak,NORMAL,480.9,1518.8,159.69,542.1,1526.3,-4.8,-0.0905,166.36,0,0
2026-01-01T00:24:47Z,tube_leak,NORMAL,475.06,1520.0,159.99,541.3,1517.4,7.6,-0.0919,164.6,0,0
2026-01-01T00:24:48Z,tube_leak,NORMAL,477.39,1520.7,160.58,541.5,1520.5,-11.9,-0.0893,166.02,0,0
2026-01-01T00:24:49Z,tube_leak,NORMAL,475.82,1517.2,159.75,540.4,1520.6,-4.4,-0.0892,166.07,0,0
2026-01-01T00:24:50Z,tube_leak,NORMAL,476.0,1519.4,159.92,537.6,1521.9,1.7,-0.0908,164.76,0,0
2026-01-01T00:24:51Z,tube_leak,NORMAL,476.25,1520.1,159.91,540.4,1517.7,-6.7,-0.0904,165.54,0,0
2026-01-01T00:24:52Z,tube_leak,NORMAL,477.92,1522.3,159.82,540.1,1526.5,-4.0,-0.0904,166.92,0,0
2026-01-01T00:24:53Z,tube_leak,NORMAL,477.44,1519.9,160.19,539.7,1516.1,-1.1,-0.0889,165.17,0,0
2026-01-01T00:24:54Z,tube_leak,NORMAL,476.16,1516.8,160.04,540.5,1524.1,-2.5,-0.0908,165.7,0,0
2026-01-01T00:24:55Z,tube_leak,NORMAL,477.52,1517.8,160.67,537.8,1516.2,1.0,-0.0895,165.64,0,0
2026-01-01T00:24:56Z,tube_leak,NORMAL,474.67,1518.4,159.99,541.2,1515.0,2.3,-0.0896,166.21,0,0
2026-01-01T00:24:57Z,tube_leak,NORMAL,478.64,1522.1,160.03,541.2,1516.3,-6.2,-0.0886,167.31,0,0
2026-01-01T00:24:58Z,tube_leak,NORMAL,474.17,1517.5,160.25,539.2,1513.2,-3.5,-0.091,167.16,0,0
2026-01-01T00:24:59Z,tube_leak,NORMAL,471.26,1518.1,160.63,539.6,1523.8,3.6,-0.091,167.4,0,0
2026-01-01T00:25:00Z,tube_leak,NORMAL,477.15,1518.8,159.35,541.0,1517.0,5.2,-0.0892,165.2,0,0
2026-01-01T00:25:01Z,tube_leak,NORMAL,469.13,1519.3,160.27,538.7,1520.8,-9.3,-0.0887,166.46,0,0
2026-01-01T00:25:02Z,tube_leak,NORMAL,480.97,1520.7,160.92,541.3,1521.6,-9.5,-0.0896,165.63,0,0
2026-01-01T00:25:03Z,tube_leak,NORMAL,475.96,1518.3,160.37,539.9,1519.1,-1.3,-0.093,167.05,0,0
2026-01-01T00:25:04Z,tube_leak,NORMAL,474.63,1523.5,160.22,541.7,1517.5,-3.0,-0.0908,166.79,0,0
2026-01-01T00:25:05Z,tube_leak,NORMAL,476.93,1516.5,160.28,539.3,1516.3,-7.1,-0.0896,165.63,0,0
2026-01-01T00:25:06Z,tube_leak,NORMAL,475.55,1519.2,159.87,538.6,1518.6,3.8,-0.0896,167.15,0,0
2026-01-01T00:25:07Z,tube_leak,NORMAL,474.64,1523.1,159.47,541.5,1524.0,-6.6,-0.0891,166.03,0,0
2026-01-01T00:25:08Z,tube_leak,NORMAL,477.52,1521.7,160.65,539.2,1515.3,-4.5,-0.091,166.01,0,0
2026-01-01T00:25:09Z,tube_leak,NORMAL,474.44,1518.7,160.57,540.7,1522.2,-4.9,-0.0901,167.83,0,0
2026-01-01T00:25:10Z,tube_leak,NORMAL,472.54,1519.6,160.21,539.8,1525.3,-3.8,-0.0894,165.71,0,0
2026-01-01T00:25:11Z,tube_leak,NORMAL,474.06,1519.6,160.54,540.0,1523.7,0.4,-0.0904,165.56,0,0
2026-01-01T00:25:12Z,tube_leak,NORMAL,470.27,1520.1,160.37,539.9,1520.7,6.0,-0.09,166.4,0,0
2026-01-01T00:25:13Z,tube_leak,NORMAL,475.02,1520.4,159.27,538.8,1516.7,2.2,-0.0909,165.82,0,0
2026-01-01T00:25:14Z,tube_leak,NORMAL,476.9,1517.8,159.27,538.5,1524.9,-2.1,-0.0908,163.52,0,0
2026-01-01T00:25:15Z,tube_leak,NORMAL,475.64,1518.5,159.26,541.6,1522.4,-2.6,-0.0916,168.22,0,0
2026-01-01T00:25:16Z,tube_leak,NORMAL,478.29,1523.0,160.38,539.9,1518.5,-1.4,-0.0883,166.04,0,0
2026-01-01T00:25:17Z,tube_leak,NORMAL,472.16,1519.9,159.65,541.7,1516.2,-5.6,-0.0903,164.84,0,0
2026-01-01T00:25:18Z,tube_leak,NORMAL,468.16,1518.1,159.36,540.3,1523.9,1.6,-0.0911,166.27,0,0
2026-01-01T00:25:19Z,tube_leak,NORMAL,476.47,1519.6,159.41,539.5,1522.6,1.1,-0.0896,165.83,0,0
2026-01-01T00:25:20Z,tube_leak,NORMAL,474.62,1519.3,159.87,538.7,1524.6,-3.1,-0.0903,165.12,0,0
2026-01-01T00:25:21Z,tube_leak,NORMAL,473.3,1515.4,160.35,539.9,1516.4,1.4,-0.0904,165.45,0,0
2026-01-01T00:25:22Z,tube_leak,NORMAL,470.38,1518.3,160.26,539.8,1515.6,-2.2,-0.09,166.36,0,0
2026-01-01T00:25:23Z,tube_leak,NORMAL,471.95,1518.0,159.84,540.4,1524.1,-1.2,-0.0916,165.95,0,0
2026-01-01T00:25:24Z,tube_leak,NORMAL,474.79,1518.5,159.32,539.0,1520.8,2.7,-0.0907,165.31,0,0
2026-01-01T00:25:25Z,tube_leak,NORMAL,475.79,1520.6,160.62,539.6,1522.8,-1.7,-0.0913,167.1,0,0
2026-01-01T00:25:26Z,tube_leak,NORMAL,476.48,1521.4,160.39,540.5,1518.4,-9.9,-0.0906,166.25,0,0
2026-01-01T00:25:27Z,tube_leak,NORMAL,473.54,1520.8,160.71,539.9,1517.3,7.1,-0.0902,166.22,0,0
2026-01-01T00:25:28Z,tube_leak,NORMAL,469.43,1516.5,160.45,540.4,1523.8,11.4,-0.0901,166.23,0,0
2026-01-01T00:25:29Z,tube_leak,NORMAL,474.56,1520.3,160.53,539.3,1524.8,-9.4,-0.0895,167.54,0,0
2026-01-01T00:25:30Z,tube_leak,NORMAL,475.73,1521.3,159.43,541.7,1523.5,-3.2,-0.0919,165.31,0,0
2026-01-01T00:25:31Z,tube_leak,NORMAL,473.61,1516.0,160.12,540.5,1520.3,-0.8,-0.0888,166.55,0,0
2026-01-01T00:25:32Z,tube_leak,NORMAL,480.74,1518.8,160.15,539.2,1519.3,4.9,-0.0895,167.35,0,0
2026-01-01T00:25:33Z,tube_leak,NORMAL,477.38,1518.6,158.63,537.9,1526.2,-5.1,-0.0889,165.7,0,0
2026-01-01T00:25:34Z,tube_leak,NORMAL,472.91,1521.4,160.47,540.8,1518.5,4.7,-0.0899,168.09,0,0
2026-01-01T00:25:35Z,tube_leak,NORMAL,475.96,1521.9,159.3,541.7,1524.8,-3.7,-0.0887,165.41,0,0
2026-01-01T00:25:36Z,tube_leak,NORMAL,475.61,1519.2,159.27,539.8,1518.4,6.3,-0.0911,165.69,0,0
2026-01-01T00:25:37Z,tube_leak,NORMAL,472.53,1521.6,160.13,540.8,1518.1,1.9,-0.089,165.89,0,0
2026-01-01T00:25:38Z,tube_leak,NORMAL,474.05,1520.3,160.23,540.1,1516.2,-1.7,-0.0911,169.18,0,0
2026-01-01T00:25:39Z,tube_leak,NORMAL,475.56,1516.6,159.81,538.8,1527.0,4.1,-0.0905,167.5,0,0
2026-01-01T00:25:40Z,tube_leak,NORMAL,477.53,1518.5,159.48,538.7,1519.1,0.7,-0.0902,166.86,0,0
2026-01-01T00:25:41Z,tube_leak,NORMAL,475.8,1519.9,160.46,538.2,1519.7,-4.9,-0.0896,167.12,0,0
2026-01-01T00:25:42Z,tube_leak,NORMAL,473.28,1515.8,161.0,541.4,1523.7,-3.7,-0.0894,166.55,0,0
2026-01-01T00:25:43Z,tube_leak,NORMAL,475.96,1522.8,161.12,540.2,1521.3,8.7,-0.0899,166.21,0,0
2026-01-01T00:25:44Z,tube_leak,NORMAL,475.28,1523.7,160.71,537.5,1525.6,0.6,-0.0913,167.63,0,0
2026-01-01T00:25:45Z,tube_leak,NORMAL,476.33,1520.3,160.02,541.5,1522.3,-2.1,-0.0918,165.39,0,0
2026-01-01T00:25:46Z,tube_leak,NORMAL,473.81,1519.0,160.59,538.9,1519.3,9.1,-0.0909,166.77,0,0
2026-01-01T00:25:47Z,tube_leak,NORMAL,474.06,1524.2,160.24,538.9,1516.6,-2.5,-0.0912,167.19,0,0
2026-01-01T00:25:48Z,tube_leak,NORMAL,471.5,1520.9,160.12,541.4,1524.8,8.8,-0.0906,166.3,0,0
2026-01-01T00:25:49Z,tube_leak,NORMAL,472.2,1524.2,159.97,541.5,1522.7,-0.4,-0.0908,166.07,0,0
2026-01-01T00:25:50Z,tube_leak,NORMAL,473.92,1519.6,160.68,541.3,1525.5,-6.3,-0.0911,165.85,0,0
2026-01-01T00:25:51Z,tube_leak,NORMAL,480.74,1524.7,159.76,540.1,1520.8,11.3,-0.0893,167.8,0,0
2026-01-01T00:25:52Z,tube_leak,NORMAL,475.65,1518.6,159.6,539.3,1522.5,7.2,-0.0877,166.84,0,0
2026-01-01T00:25:53Z,tube_leak,NORMAL,475.17,1518.7,160.11,540.8,1513.4,-3.1,-0.0913,168.31,0,0
2026-01-01T00:25:54Z,tube_leak,NORMAL,477.05,1519.1,160.22,541.4,1518.7,3.9,-0.0901,166.6,0,0
2026-01-01T00:25:55Z,tube_leak,NORMAL,475.66,1521.2,159.71,539.1,1520.8,0.8,-0.09,167.48,0,0
2026-01-01T00:25:56Z,tube_leak,NORMAL,473.7,1519.6,160.17,539.9,1518.8,-2.5,-0.0914,165.95,0,0
2026-01-01T00:25:57Z,tube_leak,NORMAL,477.8,1524.1,159.81,540.4,1521.7,4.5,-0.0909,167.12,0,0
2026-01-01T00:25:58Z,tube_leak,NORMAL,476.67,1516.8,160.26,540.5,1517.3,-2.3,-0.0887,166.9,0,0
2026-01-01T00:25:59Z,tube_leak,NORMAL,479.98,1517.5,159.75,539.4,1517.6,-1.2,-0.09,164.73,0,0
2026-01-01T00:26:00Z,tube_leak,NORMAL,473.25,1518.8,160.55,539.9,1521.5,1.1,-0.0909,166.04,0,0
2026-01-01T00:26:01Z,tube_leak,NORMAL,477.19,1522.2,160.6,542.3,1526.2,2.5,-0.0901,166.4,0,0
2026-01-01T00:26:02Z,tube_leak,NORMAL,475.48,1519.0,159.24,540.4,1517.9,1.7,-0.0916,167.35,0,0
2026-01-01T00:26:03Z,tube_leak,NORMAL,471.41,1523.8,159.54,540.5,1519.7,-2.7,-0.0907,166.86,0,0
2026-01-01T00:26:04Z,tube_leak,NORMAL,473.84,1521.8,159.94,539.3,1520.4,6.0,-0.0893,168.16,0,0
2026-01-01T00:26:05Z,tube_leak,NORMAL,473.13,1517.7,160.51,539.3,1520.3,-2.2,-0.0904,165.71,0,0
2026-01-01T00:26:06Z,tube_leak,NORMAL,475.76,1520.7,159.76,539.3,1522.6,-4.6,-0.0902,166.02,0,0
2026-01-01T00:26:07Z,tube_leak,NORMAL,475.65,1522.5,160.27,540.8,1518.1,2.6,-0.0914,166.79,0,0
2026-01-01T00:26:08Z,tube_leak,NORMAL,472.2,1521.9,159.88,541.6,1518.4,1.9,-0.0914,167.26,0,0
2026-01-01T00:26:09Z,tube_leak,NORMAL,475.83,1521.9,159.01,540.4,1524.7,11.6,-0.0909,168.38,0,0
2026-01-01T00:26:10Z,tube_leak,NORMAL,471.9,1517.9,160.53,538.9,1520.3,1.1,-0.088,166.36,0,0
2026-01-01T00:26:11Z,tube_leak,NORMAL,479.63,1521.3,159.58,542.0,1520.5,6.0,-0.0896,168.12,0,0
2026-01-01T00:26:12Z,tube_leak,NORMAL,471.43,1523.3,159.19,539.1,1515.4,4.5,-0.0901,166.7,0,0
2026-01-01T00:26:13Z,tube_leak,NORMAL,470.03,1518.4,160.3,540.8,1515.9,1.9,-0.0893,167.31,0,0
2026-01-01T00:26:14Z,tube_leak,NORMAL,467.98,1521.1,159.6,538.0,1524.4,2.3,-0.0893,167.11,0,0
2026-01-01T00:26:15Z,tube_leak,NORMAL,475.05,1518.9,159.64,540.7,1520.3,4.3,-0.0907,164.54,0,0
2026-01-01T00:26:16Z,tube_leak,NORMAL,478.01,1518.9,160.44,541.9,1527.1,1.3,-0.0919,165.4,0,0
2026-01-01T00:26:17Z,tube_leak,NORMAL,480.2,1519.7,160.24,540.2,1519.1,8.3,-0.0881,168.79,0,0
2026-01-01T00:26:18Z,tube_leak,NORMAL,475.95,1517.1,160.43,539.8,1518.2,-8.2,-0.0888,166.93,0,0
2026-01-01T00:26:19Z,tube_leak,NORMAL,475.14,1519.7,160.4,539.3,1522.9,12.2,-0.0897,167.01,0,0
2026-01-01T00:26:20Z,tube_leak,NORMAL,469.48,1519.4,158.92,540.1,1522.1,4.9,-0.0904,167.27,0,0
2026-01-01T00:26:21Z,tube_leak,NORMAL,474.34,1520.2,160.0,538.3,1518.8,4.3,-0.0905,166.08,0,0
2026-01-01T00:26:22Z,tube_leak,NORMAL,478.46,1519.6,159.99,539.8,1515.2,11.2,-0.0902,166.44,0,0
2026-01-01T00:26:23Z,tube_leak,NORMAL,473.18,1517.3,159.54,541.5,1523.2,-3.1,-0.0908,166.75,0,0
2026-01-01T00:26:24Z,tube_leak,NORMAL,478.73,1518.9,159.45,539.6,1519.3,14.9,-0.0896,166.04,0,0
2026-01-01T00:26:25Z,tube_leak,NORMAL,473.9,1518.5,159.75,540.0,1522.0,-4.5,-0.0897,166.5,0,0
2026-01-01T00:26:26Z,tube_leak,NORMAL,473.99,1520.8,160.28,538.4,1520.3,3.5,-0.0882,166.4,0,0
2026-01-01T00:26:27Z,tube_leak,NORMAL,477.38,1518.0,160.39,541.2,1522.3,0.0,-0.0888,165.0,0,0
2026-01-01T00:26:28Z,tube_leak,NORMAL,476.0,1520.6,159.91,539.4,1520.0,2.0,-0.0879,167.59,0,0
2026-01-01T00:26:29Z,tube_leak,NORMAL,479.43,1520.1,160.02,540.3,1522.3,6.2,-0.0911,166.04,0,0
2026-01-01T00:26:30Z,tube_leak,NORMAL,477.42,1525.6,159.75,539.6,1518.9,11.4,-0.0898,165.98,0,0
2026-01-01T00:26:31Z,tube_leak,NORMAL,475.11,1520.2,160.15,540.6,1522.3,9.1,-0.0885,165.99,0,0
2026-01-01T00:26:32Z,tube_leak,NORMAL,474.71,1519.2,160.17,540.8,1521.8,4.1,-0.0909,165.24,0,0
2026-01-01T00:26:33Z,tube_leak,NORMAL,472.61,1518.6,159.88,541.0,1522.2,-3.0,-0.0914,165.97,0,0
2026-01-01T00:26:34Z,tube_leak,NORMAL,476.87,1519.7,160.0,539.6,1522.5,6.1,-0.0901,164.87,0,0
2026-01-01T00:26:35Z,tube_leak,NORMAL,475.42,1519.3,160.07,538.4,1524.9,5.0,-0.0889,166.95,0,0
2026-01-01T00:26:36Z,tube_leak,NORMAL,477.05,1519.0,159.68,538.6,1522.1,5.9,-0.0894,165.32,0,0
2026-01-01T00:26:37Z,tube_leak,NORMAL,474.86,1517.7,159.15,540.0,1515.6,21.6,-0.0895,167.49,0,0
2026-01-01T00:26:38Z,tube_leak,NORMAL,477.25,1520.5,159.46,540.2,1525.1,-0.1,-0.0889,166.06,0,0
2026-01-01T00:26:39Z,tube_leak,NORMAL,477.21,1518.7,160.52,541.3,1519.4,5.0,-0.0894,166.92,0,0
2026-01-01T00:26:40Z,tube_leak,NORMAL,478.53,1519.8,159.93,540.1,1521.1,-2.6,-0.0894,167.44,0,0
2026-01-01T00:26:41Z,tube_leak,NORMAL,475.45,1520.8,159.78,540.4,1519.7,5.4,-0.0907,166.78,0,0
2026-01-01T00:26:42Z,tube_leak,NORMAL,478.03,1519.3,160.08,541.1,1519.5,-0.7,-0.0894,166.06,0,0
2026-01-01T00:26:43Z,tube_leak,NORMAL,475.86,1519.9,160.18,539.9,1518.5,9.7,-0.0902,166.96,0,0
2026-01-01T00:26:44Z,tube_leak,NORMAL,479.23,1518.7,159.93,540.1,1519.4,7.3,-0.091,165.14,0,0
2026-01-01T00:26:45Z,tube_leak,NORMAL,473.85,1520.4,160.28,540.6,1519.1,-4.4,-0.0894,165.53,0,0
2026-01-01T00:26:46Z,tube_leak,NORMAL,475.89,1519.9,159.51,540.3,1520.7,8.9,-0.0898,168.27,0,0
2026-01-01T00:26:47Z,tube_leak,NORMAL,472.87,1524.1,160.87,539.7,1516.3,2.4,-0.0903,166.82,0,0
2026-01-01T00:26:48Z,tube_leak,NORMAL,476.54,1521.3,159.11,538.0,1520.5,11.3,-0.0898,168.09,0,0
2026-01-01T00:26:49Z,tube_leak,NORMAL,472.19,1520.2,160.59,540.1,1524.1,9.4,-0.0903,165.96,0,0
2026-01-01T00:26:50Z,tube_leak,NORMAL,471.61,1520.2,160.98,538.4,1519.7,10.1,-0.0897,164.51,0,0
2026-01-01T00:26:51Z,tube_leak,NORMAL,474.77,1521.1,160.1,539.7,1520.1,11.8,-0.0909,167.9,0,0
2026-01-01T00:26:52Z,tube_leak,NORMAL,473.6,1520.1,159.94,540.9,1524.1,4.1,-0.0918,165.83,0,0
2026-01-01T00:26:53Z,tube_leak,NORMAL,471.17,1516.0,159.79,539.7,1519.5,-3.4,-0.0894,167.93,0,0
2026-01-01T00:26:54Z,tube_leak,NORMAL,474.1,1523.5,159.18,540.9,1522.3,5.0,-0.0899,166.43,0,0
2026-01-01T00:26:55Z,tube_leak,NORMAL,472.54,1517.2,160.49,540.5,1521.4,3.2,-0.0909,165.34,0,0
2026-01-01T00:26:56Z,tube_leak,NORMAL,471.5,1518.1,160.31,540.5,1519.2,12.5,-0.0906,166.42,0,0
2026-01-01T00:26:57Z,tube_leak,NORMAL,479.32,1523.6,160.72,541.4,1517.3,3.2,-0.0906,167.71,0,0
2026-01-01T00:26:58Z,tube_leak,NORMAL,471.65,1519.1,159.7,539.2,1517.4,13.2,-0.0892,166.43,0,0
2026-01-01T00:26:59Z,tube_leak,NORMAL,472.03,1519.0,160.13,539.8,1519.7,2.2,-0.0897,166.4,0,0
2026-01-01T00:27:00Z,tube_leak,NORMAL,476.76,1522.0,160.34,539.7,1520.2,-8.6,-0.0905,167.13,0,0
2026-01-01T00:27:01Z,tube_leak,NORMAL,475.02,1517.7,159.41,539.7,1518.1,0.9,-0.089,167.79,0,0
2026-01-01T00:27:02Z,tube_leak,NORMAL,476.07,1518.0,160.82,541.5,1519.9,8.4,-0.0908,165.24,0,0
2026-01-01T00:27:03Z,tube_leak,NORMAL,479.55,1521.2,160.02,540.3,1520.4,8.3,-0.0888,167.91,0,0
2026-01-01T00:27:04Z,tube_leak,NORMAL,472.79,1520.0,160.03,538.5,1525.1,5.8,-0.0915,166.32,0,0
2026-01-01T00:27:05Z,tube_leak,NORMAL,473.97,1517.6,160.65,540.3,1521.0,11.1,-0.0884,166.32,0,0
2026-01-01T00:27:06Z,tube_leak,NORMAL,472.91,1519.1,160.24,539.6,1520.9,10.8,-0.0886,165.41,0,0
2026-01-01T00:27:07Z,tube_leak,NORMAL,474.37,1522.5,159.71,540.0,1521.2,11.3,-0.0905,167.02,0,0
2026-01-01T00:27:08Z,tube_leak,NORMAL,474.92,1521.0,159.97,540.2,1516.5,0.3,-0.091,166.17,0,0
2026-01-01T00:27:09Z,tube_leak,NORMAL,475.29,1520.5,160.28,538.4,1521.4,2.3,-0.0915,165.54,0,0
2026-01-01T00:27:10Z,tube_leak,NORMAL,476.86,1517.4,160.7,538.8,1519.4,6.0,-0.0909,165.33,0,0
2026-01-01T00:27:11Z,tube_leak,NORMAL,476.43,1519.0,159.57,539.9,1520.4,7.8,-0.0906,167.27,0,0
2026-01-01T00:27:12Z,tube_leak,NORMAL,474.25,1516.9,159.52,540.3,1520.2,-6.6,-0.0913,166.42,0,0
2026-01-01T00:27:13Z,tube_leak,NORMAL,476.03,1517.2,160.19,539.8,1520.1,4.7,-0.0897,166.31,0,0
2026-01-01T00:27:14Z,tube_leak,NORMAL,477.0,1520.1,160.54,540.0,1519.0,-8.0,-0.0892,166.8,0,0
2026-01-01T00:27:15Z,tube_leak,NORMAL,470.95,1515.8,159.98,539.0,1519.2,11.8,-0.0901,166.51,0,0
2026-01-01T00:27:16Z,tube_leak,NORMAL,476.01,1520.8,158.88,540.6,1526.6,3.4,-0.089,167.23,0,0
2026-01-01T00:27:17Z,tube_leak,NORMAL,479.24,1519.0,160.85,538.4,1520.7,6.8,-0.0902,165.16,0,0
2026-01-01T00:27:18Z,tube_leak,NORMAL,477.91,1518.0,159.98,540.2,1519.0,3.9,-0.0902,165.6,0,0
2026-01-01T00:27:19Z,tube_leak,NORMAL,473.05,1521.2,160.52,540.2,1518.2,5.2,-0.0879,166.43,0,0
2026-01-01T00:27:20Z,tube_leak,NORMAL,471.5,1515.8,160.56,538.9,1519.6,1.2,-0.0902,167.73,0,0
2026-01-01T00:27:21Z,tube_leak,NORMAL,476.57,1519.7,159.66,538.3,1520.9,4.4,-0.0918,165.49,0,0
2026-01-01T00:27:22Z,tube_leak,NORMAL,471.37,1518.9,160.21,538.5,1519.9,0.4,-0.0892,166.75,0,0
2026-01-01T00:27:23Z,tube_leak,NORMAL,476.35,1517.7,159.25,541.5,1519.4,-1.7,-0.0906,167.54,0,0
2026-01-01T00:27:24Z,tube_leak,NORMAL,472.25,1521.5,159.01,542.1,1520.2,1.6,-0.091,164.39,0,0
2026-01-01T00:27:25Z,tube_leak,NORMAL,473.85,1518.2,160.21,539.9,1520.0,7.1,-0.0887,165.59,0,0
2026-01-01T00:27:26Z,tube_leak,NORMAL,472.04,1520.8,159.55,538.1,1516.3,13.7,-0.0894,166.19,0,0
2026-01-01T00:27:27Z,tube_leak,NORMAL,473.07,1522.4,159.97,538.0,1512.6,-1.8,-0.0895,164.45,0,0
2026-01-01T00:27:28Z,tube_leak,NORMAL,471.3,1522.3,161.12,537.9,1516.5,2.6,-0.0907,165.9,0,0
2026-01-01T00:27:29Z,tube_leak,NORMAL,469.33,1518.5,159.95,538.5,1520.8,-1.4,-0.0909,167.94,0,0
2026-01-01T00:27:30Z,tube_leak,NORMAL,470.89,1523.4,159.08,539.7,1520.5,8.8,-0.0914,167.16,0,0
2026-01-01T00:27:31Z,tube_leak,NORMAL,477.81,1521.8,159.09,540.5,1521.5,2.2,-0.0882,166.26,0,0
2026-01-01T00:27:32Z,tube_leak,NORMAL,473.81,1520.0,160.12,540.3,1522.1,3.0,-0.0916,167.29,0,0
2026-01-01T00:27:33Z,tube_leak,NORMAL,473.91,1519.8,160.04,539.8,1521.5,4.6,-0.0893,167.84,0,0
2026-01-01T00:27:34Z,tube_leak,NORMAL,476.72,1520.7,160.5,539.7,1518.1,8.0,-0.0903,165.45,0,0
2026-01-01T00:27:35Z,tube_leak,NORMAL,473.7,1520.9,159.4,540.6,1515.9,4.9,-0.0889,166.55,0,0
2026-01-01T00:27:36Z,tube_leak,NORMAL,477.15,1520.3,160.76,540.3,1521.9,0.2,-0.0904,166.14,0,0
2026-01-01T00:27:37Z,tube_leak,NORMAL,473.69,1517.4,159.21,542.1,1519.3,4.0,-0.0889,166.53,0,0
2026-01-01T00:27:38Z,tube_leak,NORMAL,477.36,1518.7,159.8,539.9,1519.2,-4.0,-0.089,165.73,0,0
2026-01-01T00:27:39Z,tube_leak,NORMAL,474.99,1518.5,160.13,540.0,1518.1,11.9,-0.0896,165.7,0,0
2026-01-01T00:27:40Z,tube_leak,NORMAL,474.7,1520.2,160.69,541.4,1521.4,-7.7,-0.0911,166.65,0,0
2026-01-01T00:27:41Z,tube_leak,NORMAL,471.24,1520.7,159.13,541.5,1519.5,2.4,-0.0913,165.46,0,0
2026-01-01T00:27:42Z,tube_leak,NORMAL,469.62,1520.2,159.92,540.6,1519.3,8.0,-0.0896,166.62,0,0
2026-01-01T00:27:43Z,tube_leak,NORMAL,475.87,1518.9,159.95,540.0,1520.9,-5.3,-0.0886,165.29,0,0
2026-01-01T00:27:44Z,tube_leak,NORMAL,476.53,1520.3,159.59,541.3,1521.2,0.6,-0.0915,166.78,0,0
2026-01-01T00:27:45Z,tube_leak,NORMAL,475.98,1519.5,160.53,541.3,1523.6,1.4,-0.0909,166.61,0,0
2026-01-01T00:27:46Z,tube_leak,NORMAL,474.84,1519.6,159.24,539.8,1519.1,1.7,-0.0908,166.38,0,0
2026-01-01T00:27:47Z,tube_leak,NORMAL,472.55,1519.3,160.36,540.3,1522.7,1.9,-0.0918,167.55,0,0
2026-01-01T00:27:48Z,tube_leak,NORMAL,479.25,1517.7,160.22,540.4,1516.0,0.2,-0.0932,167.37,0,0
2026-01-01T00:27:49Z,tube_leak,NORMAL,473.63,1521.1,160.81,540.7,1521.2,8.0,-0.0907,165.98,0,0
2026-01-01T00:27:50Z,tube_leak,NORMAL,475.8,1520.9,159.98,539.9,1524.9,6.5,-0.0889,167.21,0,0
2026-01-01T00:27:51Z,tube_leak,NORMAL,474.71,1519.9,160.2,539.6,1525.2,-1.6,-0.0898,165.64,0,0
2026-01-01T00:27:52Z,tube_leak,NORMAL,472.18,1520.4,160.4,540.6,1517.5,-1.5,-0.0898,165.72,0,0
2026-01-01T00:27:53Z,tube_leak,NORMAL,477.09,1521.7,160.12,539.7,1511.2,1.8,-0.0907,165.95,0,0
2026-01-01T00:27:54Z,tube_leak,NORMAL,475.1,1516.2,159.77,540.5,1519.9,4.7,-0.0918,167.09,0,0
2026-01-01T00:27:55Z,tube_leak,NORMAL,475.11,1519.5,159.45,538.0,1516.8,7.3,-0.0889,165.02,0,0
2026-01-01T00:27:56Z,tube_leak,NORMAL,477.41,1522.0,160.26,538.0,1516.9,-3.8,-0.0893,167.38,0,0
2026-01-01T00:27:57Z,tube_leak,NORMAL,473.99,1523.3,159.89,540.1,1521.2,3.7,-0.0896,165.9,0,0
2026-01-01T00:27:58Z,tube_leak,NORMAL,473.49,1518.5,159.56,540.7,1522.3,-7.7,-0.0904,167.42,0,0
2026-01-01T00:27:59Z,tube_leak,NORMAL,474.0,1521.5,160.57,539.6,1515.4,9.3,-0.0906,164.82,0,0
2026-01-01T00:28:00Z,tube_leak,NORMAL,478.02,1518.7,159.65,538.9,1518.7,3.0,-0.0909,166.31,0,0
2026-01-01T00:28:01Z,tube_leak,NORMAL,471.49,1519.7,160.0,540.8,1519.7,6.6,-0.0909,166.18,0,0
2026-01-01T00:28:02Z,tube_leak,NORMAL,479.52,1517.6,159.58,539.6,1518.1,11.2,-0.091,166.14,0,0
2026-01-01T00:28:03Z,tube_leak,NORMAL,474.77,1522.1,159.54,538.6,1521.3,0.7,-0.0899,165.42,0,0
2026-01-01T00:28:04Z,tube_leak,NORMAL,474.09,1518.3,159.58,539.8,1521.2,-4.0,-0.0893,167.67,0,0
2026-01-01T00:28:05Z,tube_leak,NORMAL,477.54,1518.0,160.24,541.7,1520.9,-0.5,-0.0907,165.31,0,0
2026-01-01T00:28:06Z,tube_leak,NORMAL,475.08,1522.3,159.92,541.3,1518.4,1.5,-0.0906,165.78,0,0
2026-01-01T00:28:07Z,tube_leak,NORMAL,479.48,1519.2,160.04,540.0,1522.6,12.9,-0.089,165.77,0,0
2026-01-01T00:28:08Z,tube_leak,NORMAL,478.3,1519.8,159.89,541.3,1520.3,3.6,-0.0925,167.49,0,0
2026-01-01T00:28:09Z,tube_leak,NORMAL,472.65,1518.7,159.81,540.3,1521.2,6.3,-0.0899,165.93,0,0
2026-01-01T00:28:10Z,tube_leak,NORMAL,476.16,1518.7,159.62,539.8,1521.4,-9.2,-0.0903,165.63,0,0
2026-01-01T00:28:11Z,tube_leak,NORMAL,477.51,1518.4,160.45,540.1,1518.3,-1.0,-0.0907,166.56,0,0
2026-01-01T00:28:12Z,tube_leak,NORMAL,472.61,1518.2,159.93,541.3,1520.9,-0.6,-0.0908,165.96,0,0
2026-01-01T00:28:13Z,tube_leak,NORMAL,475.85,1523.6,160.15,539.4,1514.4,-6.6,-0.0886,167.14,0,0
2026-01-01T00:28:14Z,tube_leak,NORMAL,476.96,1519.8,159.78,540.0,1521.2,-1.3,-0.0906,166.4,0,0
2026-01-01T00:28:15Z,tube_leak,NORMAL,475.82,1521.3,160.29,540.5,1518.6,7.7,-0.0908,165.67,0,0
2026-01-01T00:28:16Z,tube_leak,NORMAL,475.26,1520.9,160.69,540.8,1515.4,4.4,-0.091,167.17,0,0
2026-01-01T00:28:17Z,tube_leak,NORMAL,472.72,1521.7,159.86,542.0,1514.7,1.9,-0.0909,166.12,0,0
2026-01-01T00:28:18Z,tube_leak,NORMAL,471.54,1520.0,160.36,538.8,1516.7,6.9,-0.0912,165.33,0,0
2026-01-01T00:28:19Z,tube_leak,NORMAL,471.83,1522.4,160.12,540.8,1518.1,3.4,-0.0902,166.95,0,0
2026-01-01T00:28:20Z,tube_leak,NORMAL,472.73,1518.7,161.16,540.4,1520.2,8.9,-0.0917,166.78,0,0
2026-01-01T00:28:21Z,tube_leak,NORMAL,473.24,1521.2,159.57,540.8,1518.9,-9.7,-0.0894,166.66,0,0
2026-01-01T00:28:22Z,tube_leak,NORMAL,475.32,1521.9,160.57,540.0,1522.9,9.6,-0.0908,165.18,0,0
2026-01-01T00:28:23Z,tube_leak,NORMAL,476.78,1516.4,160.47,539.9,1520.1,-1.2,-0.0896,166.03,0,0
2026-01-01T00:28:24Z,tube_leak,NORMAL,474.73,1519.4,161.02,541.1,1517.6,2.1,-0.0895,165.62,0,0
2026-01-01T00:28:25Z,tube_leak,NORMAL,476.56,1519.3,159.77,541.1,1520.2,3.0,-0.0886,166.72,0,0
2026-01-01T00:28:26Z,tube_leak,NORMAL,476.32,1515.2,160.29,539.8,1513.2,-2.8,-0.0894,165.8,0,0
2026-01-01T00:28:27Z,tube_leak,NORMAL,475.58,1518.8,159.96,539.6,1524.4,6.1,-0.0898,166.71,0,0
2026-01-01T00:28:28Z,tube_leak,NORMAL,470.89,1520.8,159.95,539.4,1522.1,-1.0,-0.088,166.36,0,0
2026-01-01T00:28:29Z,tube_leak,NORMAL,475.31,1517.6,160.59,540.2,1521.5,1.4,-0.0894,166.42,0,0
2026-01-01T00:28:30Z,tube_leak,NORMAL,478.35,1522.9,160.33,538.9,1519.6,4.1,-0.0898,166.68,0,0
2026-01-01T00:28:31Z,tube_leak,NORMAL,475.04,1522.9,160.01,539.6,1519.9,0.4,-0.0917,166.69,0,0
2026-01-01T00:28:32Z,tube_leak,NORMAL,473.9,1518.2,159.51,539.7,1512.4,-1.8,-0.0891,165.92,0,0
2026-01-01T00:28:33Z,tube_leak,NORMAL,471.86,1518.0,160.0,538.3,1517.0,-0.6,-0.0912,166.23,0,0
2026-01-01T00:28:34Z,tube_leak,NORMAL,475.57,1518.7,159.61,539.4,1518.8,6.6,-0.0908,166.76,0,0
2026-01-01T00:28:35Z,tube_leak,NORMAL,473.48,1521.2,160.03,540.2,1516.1,2.8,-0.0888,167.85,0,0
2026-01-01T00:28:36Z,tube_leak,NORMAL,476.05,1516.8,159.75,539.3,1520.0,0.8,-0.0898,167.31,0,0
2026-01-01T00:28:37Z,tube_leak,NORMAL,472.21,1520.2,158.99,540.4,1517.0,1.0,-0.0877,167.02,0,0
2026-01-01T00:28:38Z,tube_leak,NORMAL,479.51,1517.3,159.95,540.3,1517.1,0.8,-0.0906,165.37,0,0
2026-01-01T00:28:39Z,tube_leak,NORMAL,473.09,1518.9,159.43,539.9,1525.5,-4.4,-0.0909,166.37,0,0
2026-01-01T00:28:40Z,tube_leak,NORMAL,476.96,1524.2,160.78,542.7,1522.9,5.8,-0.09,166.47,0,0
2026-01-01T00:28:41Z,tube_leak,NORMAL,475.59,1522.4,160.5,540.2,1521.0,-5.8,-0.0906,165.68,0,0
2026-01-01T00:28:42Z,tube_leak,NORMAL,477.86,1520.8,160.38,540.8,1514.9,0.1,-0.0883,166.64,0,0
2026-01-01T00:28:43Z,tube_leak,NORMAL,474.57,1517.4,161.2,541.1,1522.7,-2.6,-0.0906,165.34,0,0
2026-01-01T00:28:44Z,tube_leak,NORMAL,474.66,1518.4,160.7,541.7,1522.5,2.0,-0.0902,166.43,0,0
2026-01-01T00:28:45Z,tube_leak,NORMAL,472.98,1524.7,160.22,541.2,1515.1,3.8,-0.0893,167.28,0,0
2026-01-01T00:28:46Z,tube_leak,NORMAL,474.82,1524.4,160.19,540.0,1521.5,-3.9,-0.0904,166.29,0,0
2026-01-01T00:28:47Z,tube_leak,NORMAL,468.09,1521.1,160.52,539.5,1522.9,1.7,-0.0889,165.43,0,0
2026-01-01T00:28:48Z,tube_leak,NORMAL,479.83,1519.5,160.37,539.8,1514.1,-4.8,-0.0896,165.43,0,0
2026-01-01T00:28:49Z,tube_leak,NORMAL,473.44,1517.9,159.53,538.3,1516.2,-5.2,-0.0894,164.62,0,0
2026-01-01T00:28:50Z,tube_leak,NORMAL,475.14,1523.7,159.64,540.3,1522.4,-2.7,-0.087,165.73,0,0
2026-01-01T00:28:51Z,tube_leak,NORMAL,478.17,1520.8,160.12,539.3,1521.7,-7.0,-0.0896,165.67,0,0
2026-01-01T00:28:52Z,tube_leak,NORMAL,477.69,1519.4,160.13,540.4,1517.3,-2.6,-0.09,165.21,0,0
2026-01-01T00:28:53Z,tube_leak,NORMAL,474.5,1520.7,160.3,541.0,1521.0,-2.2,-0.0908,168.18,0,0
2026-01-01T00:28:54Z,tube_leak,NORMAL,470.78,1521.4,160.32,540.9,1526.9,0.8,-0.0895,166.75,0,0
2026-01-01T00:28:55Z,tube_leak,NORMAL,477.11,1518.4,160.64,539.7,1515.2,3.9,-0.0903,167.59,0,0
2026-01-01T00:28:56Z,tube_leak,NORMAL,475.75,1521.0,159.77,540.9,1521.1,-0.6,-0.09,166.12,0,0
2026-01-01T00:28:57Z,tube_leak,NORMAL,472.18,1519.4,161.11,541.5,1521.5,-8.5,-0.0899,166.25,0,0
2026-01-01T00:28:58Z,tube_leak,NORMAL,475.59,1521.0,160.48,539.9,1517.8,-10.4,-0.0908,167.27,0,0
2026-01-01T00:28:59Z,tube_leak,NORMAL,480.11,1521.1,159.93,540.2,1512.2,-9.3,-0.0914,165.03,0,0
2026-01-01T00:29:00Z,tube_leak,NORMAL,475.54,1521.1,158.77,542.0,1523.1,2.3,-0.0909,165.44,0,0
2026-01-01T00:29:01Z,tube_leak,NORMAL,476.01,1518.6,160.63,540.5,1519.7,5.2,-0.0901,165.82,0,0
2026-01-01T00:29:02Z,tube_leak,NORMAL,472.0,1518.1,160.96,540.4,1517.6,-8.7,-0.0897,165.37,0,0
2026-01-01T00:29:03Z,tube_leak,NORMAL,472.92,1519.9,159.86,539.0,1520.8,-5.6,-0.0891,166.17,0,0
2026-01-01T00:29:04Z,tube_leak,NORMAL,474.14,1521.3,160.17,540.5,1523.5,1.0,-0.0896,166.57,0,0
2026-01-01T00:29:05Z,tube_leak,NORMAL,473.65,1520.4,160.77,540.8,1518.5,-8.4,-0.0902,165.2,0,0
2026-01-01T00:29:06Z,tube_leak,NORMAL,477.58,1522.0,160.59,539.6,1514.0,-8.5,-0.0897,167.35,0,0
2026-01-01T00:29:07Z,tube_leak,NORMAL,476.43,1520.2,160.07,540.3,1525.8,-0.5,-0.09,166.89,0,0
2026-01-01T00:29:08Z,tube_leak,NORMAL,471.34,1520.0,159.37,540.9,1519.3,-0.1,-0.0912,168.56,0,0
2026-01-01T00:29:09Z,tube_leak,NORMAL,473.08,1520.8,160.56,539.3,1519.9,-3.1,-0.0895,163.82,0,0
2026-01-01T00:29:10Z,tube_leak,NORMAL,472.51,1521.2,160.28,540.0,1521.7,-5.1,-0.092,164.73,0,0
2026-01-01T00:29:11Z,tube_leak,NORMAL,478.34,1518.2,159.25,540.8,1516.8,-8.5,-0.0897,165.33,0,0
2026-01-01T00:29:12Z,tube_leak,NORMAL,477.87,1520.0,160.27,538.9,1520.7,1.6,-0.0909,164.88,0,0
2026-01-01T00:29:13Z,tube_leak,NORMAL,471.93,1519.9,161.22,538.0,1516.9,-7.3,-0.0922,167.22,0,0
2026-01-01T00:29:14Z,tube_leak,NORMAL,475.86,1517.9,159.88,538.8,1515.1,-4.9,-0.0891,166.5,0,0
2026-01-01T00:29:15Z,tube_leak,NORMAL,472.07,1521.5,160.15,538.9,1525.0,-10.9,-0.0888,165.55,0,0
2026-01-01T00:29:16Z,tube_leak,NORMAL,475.26,1521.7,159.54,539.4,1518.6,3.9,-0.0893,166.42,0,0
2026-01-01T00:29:17Z,tube_leak,NORMAL,476.58,1519.1,159.94,541.2,1527.2,0.0,-0.091,166.57,0,0
2026-01-01T00:29:18Z,tube_leak,NORMAL,469.29,1522.1,160.13,539.2,1521.5,-8.9,-0.091,166.84,0,0
2026-01-01T00:29:19Z,tube_leak,NORMAL,479.25,1519.0,159.73,539.3,1519.2,-4.1,-0.0893,166.2,0,0
2026-01-01T00:29:20Z,tube_leak,NORMAL,473.91,1518.6,160.27,540.5,1523.8,-3.7,-0.0906,167.36,0,0
2026-01-01T00:29:21Z,tube_leak,NORMAL,476.17,1522.9,160.63,540.7,1520.6,-3.6,-0.0889,167.46,0,0
2026-01-01T00:29:22Z,tube_leak,NORMAL,474.81,1522.9,159.76,539.1,1521.7,-5.2,-0.0898,166.64,0,0
2026-01-01T00:29:23Z,tube_leak,NORMAL,476.96,1519.3,159.39,539.7,1527.8,2.5,-0.0886,164.85,0,0
2026-01-01T00:29:24Z,tube_leak,NORMAL,476.85,1520.0,160.16,538.3,1527.3,-7.9,-0.0892,166.97,0,0
2026-01-01T00:29:25Z,tube_leak,NORMAL,478.08,1522.4,160.1,538.9,1523.2,1.6,-0.0901,166.66,0,0
2026-01-01T00:29:26Z,tube_leak,NORMAL,475.57,1518.2,159.75,540.4,1524.5,-6.3,-0.0888,165.51,0,0
2026-01-01T00:29:27Z,tube_leak,NORMAL,479.19,1519.3,160.3,540.0,1518.0,1.5,-0.0902,165.64,0,0
2026-01-01T00:29:28Z,tube_leak,NORMAL,479.2,1519.8,159.73,540.7,1516.1,1.7,-0.089,166.98,0,0
2026-01-01T00:29:29Z,tube_leak,NORMAL,475.65,1518.7,160.26,541.3,1520.7,-11.9,-0.0871,167.54,0,0
2026-01-01T00:29:30Z,tube_leak,NORMAL,475.53,1522.9,160.5,539.4,1520.4,-8.7,-0.0904,165.73,0,0
2026-01-01T00:29:31Z,tube_leak,NORMAL,477.65,1520.6,160.47,540.0,1527.0,-4.7,-0.0906,165.42,0,0
2026-01-01T00:29:32Z,tube_leak,NORMAL,478.45,1515.5,160.14,539.7,1522.2,-9.5,-0.0905,166.06,0,0
2026-01-01T00:29:33Z,tube_leak,NORMAL,476.92,1521.8,160.8,540.0,1517.7,2.0,-0.0881,166.63,0,0
2026-01-01T00:29:34Z,tube_leak,NORMAL,474.12,1521.6,160.18,539.3,1520.6,-5.3,-0.0908,168.7,0,0
2026-01-01T00:29:35Z,tube_leak,NORMAL,476.26,1521.2,159.79,540.4,1518.3,0.3,-0.0889,166.8,0,0
2026-01-01T00:29:36Z,tube_leak,NORMAL,476.91,1520.8,159.97,540.2,1522.7,-4.6,-0.0905,164.29,0,0
2026-01-01T00:29:37Z,tube_leak,NORMAL,478.09,1518.9,160.28,539.2,1521.9,-1.9,-0.0911,168.06,0,0
2026-01-01T00:29:38Z,tube_leak,NORMAL,475.71,1521.3,160.11,539.3,1519.0,5.3,-0.0912,165.86,0,0
2026-01-01T00:29:39Z,tube_leak,NORMAL,477.89,1517.2,159.37,539.6,1519.1,-8.1,-0.0908,165.98,0,0
2026-01-01T00:29:40Z,tube_leak,NORMAL,478.31,1518.0,161.08,540.6,1516.1,-0.7,-0.09,166.57,0,0
2026-01-01T00:29:41Z,tube_leak,NORMAL,480.54,1522.0,159.8,539.7,1516.7,-3.4,-0.0908,167.21,0,0
2026-01-01T00:29:42Z,tube_leak,NORMAL,474.7,1522.7,159.18,539.3,1521.6,-2.8,-0.0908,165.21,0,0
2026-01-01T00:29:43Z,tube_leak,NORMAL,477.36,1517.9,160.35,540.1,1519.5,-7.3,-0.0881,165.72,0,0
2026-01-01T00:29:44Z,tube_leak,NORMAL,467.46,1519.6,160.61,540.0,1519.2,4.5,-0.0899,165.61,0,0
2026-01-01T00:29:45Z,tube_leak,NORMAL,474.16,1519.8,160.18,541.4,1521.3,1.4,-0.0906,167.09,0,0
2026-01-01T00:29:46Z,tube_leak,NORMAL,470.37,1517.6,159.91,540.7,1521.0,-6.4,-0.0913,166.94,0,0
2026-01-01T00:29:47Z,tube_leak,NORMAL,468.1,1520.1,159.73,540.4,1520.0,-1.8,-0.0894,167.56,0,0
2026-01-01T00:29:48Z,tube_leak,NORMAL,477.72,1522.0,160.1,540.2,1525.0,-4.6,-0.0902,164.74,0,0
2026-01-01T00:29:49Z,tube_leak,NORMAL,476.18,1521.0,160.63,539.7,1517.2,-11.0,-0.0899,166.1,0,0
2026-01-01T00:29:50Z,tube_leak,NORMAL,476.33,1520.8,160.49,541.3,1521.3,-14.3,-0.0905,167.17,0,0
2026-01-01T00:29:51Z,tube_leak,NORMAL,472.97,1517.5,159.69,540.2,1518.7,-7.1,-0.0912,167.86,0,0
2026-01-01T00:29:52Z,tube_leak,NORMAL,477.31,1517.7,158.78,540.2,1517.9,-3.1,-0.0905,166.49,0,0
2026-01-01T00:29:53Z,tube_leak,NORMAL,475.93,1516.3,159.99,538.8,1520.4,-2.3,-0.0902,167.04,0,0
2026-01-01T00:29:54Z,tube_leak,NORMAL,476.89,1523.1,159.16,540.3,1523.0,-2.4,-0.0902,166.92,0,0
2026-01-01T00:29:55Z,tube_leak,NORMAL,476.52,1523.8,160.69,537.8,1519.6,1.1,-0.0905,166.45,0,0
2026-01-01T00:29:56Z,tube_leak,NORMAL,475.7,1517.2,158.9,541.9,1515.9,-6.9,-0.0895,166.87,0,0
2026-01-01T00:29:57Z,tube_leak,NORMAL,473.68,1521.1,160.81,541.2,1517.4,-5.1,-0.0903,166.46,0,0
2026-01-01T00:29:58Z,tube_leak,NORMAL,476.15,1519.7,160.31,539.5,1520.3,7.9,-0.0882,165.43,0,0
2026-01-01T00:29:59Z,tube_leak,NORMAL,469.93,1518.0,160.62,539.3,1520.2,-4.7,-0.0891,166.02,0,0
2026-01-01T00:30:00Z,tube_leak,NORMAL,473.82,1517.6,159.98,540.0,1520.5,-2.5,-0.0906,167.84,0,0
2026-01-01T00:30:01Z,tube_leak,NORMAL,474.97,1523.6,159.4,539.3,1516.3,-15.9,-0.0909,165.88,0,0
2026-01-01T00:30:02Z,tube_leak,NORMAL,472.45,1521.9,160.34,539.4,1521.8,-8.4,-0.0899,165.02,0,0
2026-01-01T00:30:03Z,tube_leak,NORMAL,472.35,1520.1,159.29,539.4,1525.1,1.7,-0.0898,168.24,0,0
2026-01-01T00:30:04Z,tube_leak,NORMAL,475.72,1522.0,160.19,540.0,1516.6,-17.1,-0.0905,166.44,0,0
2026-01-01T00:30:05Z,tube_leak,NORMAL,474.87,1518.6,160.32,540.4,1522.7,-7.3,-0.0886,166.17,0,0
2026-01-01T00:30:06Z,tube_leak,NORMAL,479.07,1517.3,160.94,541.3,1519.0,-6.2,-0.09,167.6,0,0
2026-01-01T00:30:07Z,tube_leak,NORMAL,474.87,1515.3,160.03,541.1,1519.7,-1.8,-0.0899,164.64,0,0
2026-01-01T00:30:08Z,tube_leak,NORMAL,477.59,1519.0,160.89,539.9,1521.0,-6.2,-0.0907,166.23,0,0
2026-01-01T00:30:09Z,tube_leak,NORMAL,474.97,1520.0,159.61,537.8,1520.1,-11.1,-0.0892,167.66,0,0
2026-01-01T00:30:10Z,tube_leak,NORMAL,478.23,1519.7,159.84,539.4,1521.0,-8.0,-0.0894,166.43,0,0
2026-01-01T00:30:11Z,tube_leak,NORMAL,475.77,1518.8,159.95,540.3,1516.0,-2.6,-0.0884,166.57,0,0
2026-01-01T00:30:12Z,tube_leak,NORMAL,474.61,1518.1,160.04,538.3,1521.6,-9.3,-0.0907,164.5,0,0
2026-01-01T00:30:13Z,tube_leak,NORMAL,476.32,1521.6,160.06,540.2,1522.6,3.8,-0.0904,166.45,0,0
2026-01-01T00:30:14Z,tube_leak,NORMAL,475.54,1520.7,159.54,540.5,1519.4,-7.6,-0.0904,164.71,0,0
2026-01-01T00:30:15Z,tube_leak,NORMAL,477.29,1518.4,160.54,539.2,1523.9,-6.3,-0.0905,167.21,0,0
2026-01-01T00:30:16Z,tube_leak,NORMAL,476.6,1517.6,159.81,539.4,1518.2,-3.8,-0.0894,165.32,0,0
2026-01-01T00:30:17Z,tube_leak,NORMAL,473.63,1522.5,160.8,539.2,1521.0,-7.6,-0.0905,167.9,0,0
2026-01-01T00:30:18Z,tube_leak,NORMAL,473.93,1520.2,159.22,539.1,1520.7,-3.5,-0.0901,165.02,0,0
2026-01-01T00:30:19Z,tube_leak,NORMAL,477.0,1518.0,159.43,540.9,1518.7,-13.6,-0.0894,166.46,0,0
2026-01-01T00:30:20Z,tube_leak,NORMAL,478.18,1517.5,160.01,540.3,1522.4,-9.5,-0.0889,166.81,0,0
2026-01-01T00:30:21Z,tube_leak,NORMAL,477.64,1521.2,160.32,540.4,1514.6,-7.5,-0.0889,166.57,0,0
2026-01-01T00:30:22Z,tube_leak,NORMAL,475.72,1519.1,160.19,538.5,1521.4,-3.1,-0.091,166.62,0,0
2026-01-01T00:30:23Z,tube_leak,NORMAL,474.32,1519.4,160.04,538.9,1516.1,-18.9,-0.0901,166.47,0,0
2026-01-01T00:30:24Z,tube_leak,NORMAL,475.59,1520.0,159.94,539.8,1520.3,-5.8,-0.0907,167.76,0,0
2026-01-01T00:30:25Z,tube_leak,NORMAL,476.18,1517.5,160.28,540.3,1521.3,-5.2,-0.0897,165.03,0,0
2026-01-01T00:30:26Z,tube_leak,NORMAL,471.96,1522.5,159.99,538.6,1518.3,-19.2,-0.0906,167.63,0,0
2026-01-01T00:30:27Z,tube_leak,NORMAL,475.82,1517.7,159.9,540.8,1522.0,0.7,-0.0891,167.44,0,0
2026-01-01T00:30:28Z,tube_leak,NORMAL,473.01,1519.6,159.15,539.8,1523.3,3.0,-0.0903,167.6,0,0
2026-01-01T00:30:29Z,tube_leak,NORMAL,477.36,1520.5,160.52,540.3,1524.0,-3.4,-0.0892,166.26,0,0
2026-01-01T00:30:30Z,tube_leak,NORMAL,475.06,1521.8,159.74,540.8,1516.3,-5.1,-0.0911,166.97,0,0
2026-01-01T00:30:31Z,tube_leak,NORMAL,475.13,1521.1,159.96,540.7,1518.1,2.2,-0.0912,167.63,0,0
2026-01-01T00:30:32Z,tube_leak,NORMAL,475.53,1518.1,160.76,540.4,1519.3,-5.6,-0.0897,167.24,0,0
2026-01-01T00:30:33Z,tube_leak,NORMAL,476.97,1518.0,159.35,538.8,1524.2,-3.6,-0.0915,164.47,0,0
2026-01-01T00:30:34Z,tube_leak,NORMAL,476.42,1519.4,160.36,540.3,1521.5,-3.6,-0.0915,167.44,0,0
2026-01-01T00:30:35Z,tube_leak,NORMAL,477.26,1521.8,159.95,540.0,1518.4,-7.1,-0.0896,165.76,0,0
2026-01-01T00:30:36Z,tube_leak,NORMAL,477.78,1519.3,160.55,539.5,1516.3,1.6,-0.0904,166.19,0,0
2026-01-01T00:30:37Z,tube_leak,NORMAL,474.84,1521.2,160.71,540.6,1518.2,-7.1,-0.0894,167.39,0,0
2026-01-01T00:30:38Z,tube_leak,NORMAL,473.04,1517.2,159.75,540.3,1520.1,1.0,-0.0902,165.31,0,0
2026-01-01T00:30:39Z,tube_leak,NORMAL,474.52,1517.6,160.1,540.8,1520.2,-6.2,-0.0887,164.92,0,0
2026-01-01T00:30:40Z,tube_leak,NORMAL,473.17,1525.5,159.64,540.6,1520.0,-12.6,-0.0898,166.03,0,0
2026-01-01T00:30:41Z,tube_leak,NORMAL,473.52,1520.8,159.8,539.2,1519.0,-7.9,-0.0879,165.69,0,0
2026-01-01T00:30:42Z,tube_leak,NORMAL,476.04,1520.1,159.63,540.7,1519.5,0.0,-0.0916,165.41,0,0
2026-01-01T00:30:43Z,tube_leak,NORMAL,469.41,1519.9,160.11,538.4,1517.4,0.7,-0.0906,166.25,0,0
2026-01-01T00:30:44Z,tube_leak,NORMAL,477.23,1519.8,160.55,539.8,1520.5,-5.5,-0.0901,165.99,0,0
2026-01-01T00:30:45Z,tube_leak,NORMAL,474.67,1519.4,160.22,539.4,1521.8,-5.6,-0.0899,165.32,0,0
2026-01-01T00:30:46Z,tube_leak,NORMAL,475.91,1518.6,159.69,541.4,1518.3,-1.7,-0.0897,166.61,0,0
2026-01-01T00:30:47Z,tube_leak,NORMAL,477.8,1521.5,159.21,539.7,1520.9,-9.9,-0.0905,165.84,0,0
2026-01-01T00:30:48Z,tube_leak,NORMAL,472.06,1518.4,160.11,540.7,1517.8,-1.3,-0.0897,168.29,0,0
2026-01-01T00:30:49Z,tube_leak,NORMAL,477.45,1517.5,161.08,539.4,1517.3,-7.6,-0.09,165.36,0,0
2026-01-01T00:30:50Z,tube_leak,NORMAL,472.86,1521.4,159.49,540.0,1514.3,-6.9,-0.0899,166.16,0,0
2026-01-01T00:30:51Z,tube_leak,NORMAL,476.84,1523.4,160.12,540.0,1524.1,1.8,-0.0896,166.59,0,0
2026-01-01T00:30:52Z,tube_leak,NORMAL,470.35,1517.4,160.02,541.0,1515.4,-2.2,-0.0901,167.06,0,0
2026-01-01T00:30:53Z,tube_leak,NORMAL,476.25,1519.9,159.92,539.0,1524.2,-3.4,-0.0898,167.18,0,0
2026-01-01T00:30:54Z,tube_leak,NORMAL,475.35,1519.0,160.4,540.3,1521.4,-2.4,-0.0917,165.97,0,0
2026-01-01T00:30:55Z,tube_leak,NORMAL,474.29,1522.4,160.08,541.0,1514.3,-2.1,-0.0914,165.38,0,0
2026-01-01T00:30:56Z,tube_leak,NORMAL,473.72,1520.7,159.8,537.7,1517.2,-7.1,-0.089,166.74,0,0
2026-01-01T00:30:57Z,tube_leak,NORMAL,473.67,1521.8,160.97,541.3,1518.0,-12.6,-0.0903,167.42,0,0
2026-01-01T00:30:58Z,tube_leak,NORMAL,471.54,1521.8,160.34,538.8,1520.5,-7.7,-0.091,166.3,0,0
2026-01-01T00:30:59Z,tube_leak,NORMAL,470.94,1521.4,160.74,540.4,1521.2,-1.4,-0.09,166.06,0,0
2026-01-01T00:31:00Z,tube_leak,NORMAL,476.58,1520.3,160.6,539.9,1520.9,1.6,-0.0897,165.96,0,0
2026-01-01T00:31:01Z,tube_leak,NORMAL,475.41,1519.7,160.31,540.9,1517.9,4.4,-0.0895,166.62,0,0
2026-01-01T00:31:02Z,tube_leak,NORMAL,476.05,1524.2,159.43,541.5,1518.1,-3.2,-0.091,165.75,0,0
2026-01-01T00:31:03Z,tube_leak,NORMAL,476.51,1518.3,159.0,539.2,1513.8,-12.9,-0.0896,165.53,0,0
2026-01-01T00:31:04Z,tube_leak,NORMAL,476.21,1519.8,159.79,541.2,1522.4,-16.9,-0.0898,165.35,0,0
2026-01-01T00:31:05Z,tube_leak,NORMAL,475.39,1524.0,160.7,539.1,1517.0,-3.7,-0.0897,167.65,0,0
2026-01-01T00:31:06Z,tube_leak,NORMAL,474.03,1519.3,160.38,540.6,1519.8,-3.7,-0.0895,165.18,0,0
2026-01-01T00:31:07Z,tube_leak,NORMAL,478.29,1519.9,160.38,540.3,1513.7,-8.0,-0.0902,165.18,0,0
2026-01-01T00:31:08Z,tube_leak,NORMAL,474.85,1523.6,159.45,540.8,1513.6,-7.9,-0.0912,166.92,0,0
2026-01-01T00:31:09Z,tube_leak,NORMAL,476.8,1516.2,159.48,538.4,1516.8,-9.1,-0.09,164.75,0,0
2026-01-01T00:31:10Z,tube_leak,NORMAL,475.34,1516.1,160.51,540.6,1523.2,4.4,-0.0913,165.57,0,0
2026-01-01T00:31:11Z,tube_leak,NORMAL,473.72,1519.5,159.62,539.7,1520.9,-12.8,-0.0916,165.5,0,0
2026-01-01T00:31:12Z,tube_leak,NORMAL,478.85,1516.1,160.19,539.7,1522.9,-10.1,-0.0897,167.97,0,0
2026-01-01T00:31:13Z,tube_leak,NORMAL,475.44,1517.9,158.83,539.0,1523.9,0.1,-0.0887,166.43,0,0
2026-01-01T00:31:14Z,tube_leak,NORMAL,477.01,1522.4,159.5,540.3,1523.3,-6.7,-0.0897,166.87,0,0
2026-01-01T00:31:15Z,tube_leak,NORMAL,467.51,1517.6,160.09,541.4,1518.0,4.4,-0.0888,165.46,0,0
2026-01-01T00:31:16Z,tube_leak,NORMAL,477.43,1518.6,159.65,538.9,1525.5,-1.1,-0.09,166.33,0,0
2026-01-01T00:31:17Z,tube_leak,NORMAL,473.57,1521.7,159.27,537.6,1523.2,-5.7,-0.0902,166.35,0,0
2026-01-01T00:31:18Z,tube_leak,NORMAL,476.47,1516.7,159.29,540.9,1518.4,-2.7,-0.0902,165.87,0,0
2026-01-01T00:31:19Z,tube_leak,NORMAL,471.9,1519.2,159.6,541.2,1521.9,-3.5,-0.0917,165.56,0,0
2026-01-01T00:31:20Z,tube_leak,NORMAL,478.84,1522.2,160.63,538.9,1520.9,-5.9,-0.0912,168.19,0,0
2026-01-01T00:31:21Z,tube_leak,NORMAL,478.5,1522.6,160.09,539.0,1522.4,3.6,-0.0897,164.32,0,0
2026-01-01T00:31:22Z,tube_leak,NORMAL,474.27,1524.2,160.58,538.5,1522.6,5.5,-0.0885,166.26,0,0
2026-01-01T00:31:23Z,tube_leak,NORMAL,471.63,1519.8,160.41,539.5,1521.5,-1.6,-0.089,166.12,0,0
2026-01-01T00:31:24Z,tube_leak,NORMAL,475.31,1520.8,160.24,541.3,1522.5,-9.8,-0.0876,166.63,0,0
2026-01-01T00:31:25Z,tube_leak,NORMAL,474.4,1520.5,159.88,539.7,1519.2,-2.8,-0.09,165.92,0,0
2026-01-01T00:31:26Z,tube_leak,NORMAL,473.69,1520.7,159.77,539.5,1517.2,-4.0,-0.0905,166.55,0,0
2026-01-01T00:31:27Z,tube_leak,NORMAL,474.78,1518.6,159.98,540.2,1516.8,-1.1,-0.0901,166.83,0,0
2026-01-01T00:31:28Z,tube_leak,NORMAL,474.39,1517.9,160.32,540.8,1522.9,-6.9,-0.0908,165.73,0,0
2026-01-01T00:31:29Z,tube_leak,NORMAL,473.97,1519.7,160.56,538.8,1523.1,-11.2,-0.0875,164.93,0,0
2026-01-01T00:31:30Z,tube_leak,NORMAL,469.68,1518.1,160.79,540.7,1527.0,0.6,-0.0904,165.56,0,0
2026-01-01T00:31:31Z,tube_leak,NORMAL,476.63,1519.8,159.79,540.1,1524.7,7.6,-0.0914,168.05,0,0
2026-01-01T00:31:32Z,tube_leak,NORMAL,476.63,1524.3,159.54,540.7,1523.0,-3.4,-0.0891,169.45,0,0
2026-01-01T00:31:33Z,tube_leak,NORMAL,478.15,1518.3,160.26,540.3,1518.5,1.6,-0.0916,167.13,0,0
2026-01-01T00:31:34Z,tube_leak,NORMAL,477.17,1519.8,159.38,540.3,1522.9,-1.5,-0.0896,167.26,0,0
2026-01-01T00:31:35Z,tube_leak,NORMAL,477.44,1518.4,159.76,541.3,1519.7,-3.7,-0.0903,166.1,0,0
2026-01-01T00:31:36Z,tube_leak,NORMAL,476.37,1518.7,160.89,540.5,1517.8,1.1,-0.089,166.61,0,0
2026-01-01T00:31:37Z,tube_leak,NORMAL,473.04,1516.6,159.5,540.7,1525.8,-5.3,-0.0901,165.08,0,0
2026-01-01T00:31:38Z,tube_leak,NORMAL,469.47,1519.6,160.84,540.9,1516.0,-8.3,-0.089,165.43,0,0
2026-01-01T00:31:39Z,tube_leak,NORMAL,475.54,1519.2,160.21,541.1,1521.8,-0.8,-0.0916,165.78,0,0
2026-01-01T00:31:40Z,tube_leak,NORMAL,470.95,1520.2,159.71,539.5,1515.0,3.9,-0.0891,165.37,0,0
2026-01-01T00:31:41Z,tube_leak,NORMAL,478.47,1517.3,160.33,541.4,1519.7,0.9,-0.0898,167.9,0,0
2026-01-01T00:31:42Z,tube_leak,NORMAL,475.52,1519.9,160.15,538.7,1519.4,-5.3,-0.0914,163.33,0,0
2026-01-01T00:31:43Z,tube_leak,NORMAL,471.28,1520.9,159.03,541.4,1520.3,5.1,-0.0899,165.7,0,0
2026-01-01T00:31:44Z,tube_leak,NORMAL,475.63,1518.2,160.62,540.0,1525.0,4.9,-0.0894,167.53,0,0
2026-01-01T00:31:45Z,tube_leak,NORMAL,474.31,1521.0,160.75,539.9,1519.7,-0.6,-0.0915,168.83,0,0
2026-01-01T00:31:46Z,tube_leak,NORMAL,478.52,1518.8,159.76,540.3,1523.9,3.4,-0.0896,166.1,0,0
2026-01-01T00:31:47Z,tube_leak,NORMAL,472.99,1519.2,159.56,540.7,1519.3,-0.5,-0.0914,165.32,0,0
2026-01-01T00:31:48Z,tube_leak,NORMAL,474.69,1522.1,159.68,539.5,1519.5,0.1,-0.0889,168.02,0,0
2026-01-01T00:31:49Z,tube_leak,NORMAL,477.18,1520.4,160.67,540.3,1519.4,-6.9,-0.0926,165.54,0,0
2026-01-01T00:31:50Z,tube_leak,NORMAL,471.87,1518.2,159.59,540.0,1524.3,8.1,-0.0909,167.64,0,0
2026-01-01T00:31:51Z,tube_leak,NORMAL,471.49,1519.8,159.75,539.3,1516.4,2.5,-0.0918,166.73,0,0
2026-01-01T00:31:52Z,tube_leak,NORMAL,478.29,1518.4,159.56,540.3,1522.7,10.3,-0.0908,166.83,0,0
2026-01-01T00:31:53Z,tube_leak,NORMAL,476.42,1523.2,159.94,539.8,1518.2,-1.9,-0.0895,163.72,0,0
2026-01-01T00:31:54Z,tube_leak,NORMAL,478.24,1521.1,160.58,539.8,1517.1,-0.1,-0.0892,167.38,0,0
2026-01-01T00:31:55Z,tube_leak,NORMAL,477.56,1518.8,159.94,539.4,1521.3,-2.9,-0.091,165.71,0,0
2026-01-01T00:31:56Z,tube_leak,NORMAL,474.99,1516.5,159.26,539.7,1524.3,1.0,-0.0907,164.63,0,0
2026-01-01T00:31:57Z,tube_leak,NORMAL,472.38,1522.3,160.55,539.0,1523.4,-5.1,-0.0912,167.28,0,0
2026-01-01T00:31:58Z,tube_leak,NORMAL,473.64,1521.9,160.73,540.4,1523.2,10.5,-0.0893,167.73,0,0
2026-01-01T00:31:59Z,tube_leak,NORMAL,476.19,1518.7,160.25,541.1,1517.1,2.5,-0.0888,167.69,0,0
2026-01-01T00:32:00Z,tube_leak,NORMAL,473.77,1519.2,160.03,542.5,1518.0,-6.2,-0.089,164.8,0,0
2026-01-01T00:32:01Z,tube_leak,NORMAL,475.86,1518.8,160.59,539.5,1523.2,-2.4,-0.0892,166.86,0,0
2026-01-01T00:32:02Z,tube_leak,NORMAL,474.74,1523.0,160.28,539.7,1520.3,-6.5,-0.0894,165.99,0,0
2026-01-01T00:32:03Z,tube_leak,NORMAL,477.34,1519.3,160.3,539.9,1522.0,0.4,-0.0903,165.39,0,0
2026-01-01T00:32:04Z,tube_leak,NORMAL,472.04,1518.1,160.79,541.2,1521.3,0.7,-0.0902,165.32,0,0
2026-01-01T00:32:05Z,tube_leak,NORMAL,478.56,1520.5,158.76,539.7,1523.6,-0.3,-0.0891,166.34,0,0
2026-01-01T00:32:06Z,tube_leak,NORMAL,471.24,1520.2,160.16,539.4,1521.5,8.4,-0.0889,167.28,0,0
2026-01-01T00:32:07Z,tube_leak,NORMAL,471.73,1519.8,160.22,539.8,1516.6,2.5,-0.0888,166.6,0,0
2026-01-01T00:32:08Z,tube_leak,NORMAL,474.07,1517.5,159.98,540.3,1521.1,-1.0,-0.0903,167.08,0,0
2026-01-01T00:32:09Z,tube_leak,NORMAL,472.87,1520.5,159.89,540.4,1519.6,-2.8,-0.0886,165.04,0,0
2026-01-01T00:32:10Z,tube_leak,NORMAL,470.22,1520.6,159.64,539.9,1514.8,6.4,-0.0876,166.97,0,0
2026-01-01T00:32:11Z,tube_leak,NORMAL,474.52,1523.9,159.77,538.6,1525.7,9.9,-0.0899,165.99,0,0
2026-01-01T00:32:12Z,tube_leak,NORMAL,473.32,1521.8,159.09,538.4,1522.9,6.8,-0.0903,166.31,0,0
2026-01-01T00:32:13Z,tube_leak,NORMAL,474.85,1518.9,159.61,540.1,1524.0,9.3,-0.0919,165.92,0,0
2026-01-01T00:32:14Z,tube_leak,NORMAL,474.14,1521.0,160.29,540.7,1522.0,-6.2,-0.0903,166.4,0,0
2026-01-01T00:32:15Z,tube_leak,NORMAL,473.06,1523.1,159.11,539.9,1516.9,4.1,-0.0902,166.83,0,0
2026-01-01T00:32:16Z,tube_leak,NORMAL,472.73,1520.1,159.57,541.4,1518.2,-3.0,-0.0907,167.38,0,0
2026-01-01T00:32:17Z,tube_leak,NORMAL,479.35,1519.2,159.68,541.4,1518.6,0.5,-0.0883,168.07,0,0
2026-01-01T00:32:18Z,tube_leak,NORMAL,480.54,1517.2,160.2,539.0,1519.2,5.0,-0.0888,164.58,0,0
2026-01-01T00:32:19Z,tube_leak,NORMAL,479.33,1521.0,159.75,540.5,1518.7,-0.2,-0.0895,166.11,0,0
2026-01-01T00:32:20Z,tube_leak,NORMAL,478.72,1517.1,160.42,538.4,1520.8,1.3,-0.0891,166.28,0,0
2026-01-01T00:32:21Z,tube_leak,NORMAL,476.65,1520.3,159.57,539.1,1520.6,4.9,-0.0906,168.09,0,0
2026-01-01T00:32:22Z,tube_leak,NORMAL,472.57,1519.7,158.6,538.3,1516.5,3.2,-0.0882,163.79,0,0
2026-01-01T00:32:23Z,tube_leak,NORMAL,475.48,1522.2,159.65,539.2,1524.1,0.7,-0.0899,166.34,0,0
2026-01-01T00:32:24Z,tube_leak,NORMAL,472.99,1521.8,159.98,539.4,1518.6,5.5,-0.0888,165.94,0,0
2026-01-01T00:32:25Z,tube_leak,NORMAL,475.53,1518.8,159.11,539.5,1519.8,-0.2,-0.0894,166.51,0,0
2026-01-01T00:32:26Z,tube_leak,NORMAL,477.98,1523.0,160.43,540.0,1522.4,5.8,-0.0896,166.27,0,0
2026-01-01T00:32:27Z,tube_leak,NORMAL,475.06,1521.6,160.43,541.3,1519.4,3.4,-0.0894,167.22,0,0
2026-01-01T00:32:28Z,tube_leak,NORMAL,473.94,1519.9,159.15,540.5,1522.8,-0.1,-0.0907,167.75,0,0
2026-01-01T00:32:29Z,tube_leak,NORMAL,472.71,1522.1,159.51,540.1,1524.7,-5.8,-0.0906,167.49,0,0
2026-01-01T00:32:30Z,tube_leak,NORMAL,470.69,1519.8,159.73,539.0,1523.1,-0.4,-0.0901,165.26,0,0
2026-01-01T00:32:31Z,tube_leak,NORMAL,473.49,1519.6,159.76,540.2,1518.9,3.7,-0.0903,165.64,0,0
2026-01-01T00:32:32Z,tube_leak,NORMAL,475.94,1516.9,160.65,539.3,1527.4,0.8,-0.0892,165.85,0,0
2026-01-01T00:32:33Z,tube_leak,NORMAL,476.53,1522.3,159.37,539.4,1519.6,-6.8,-0.0884,165.8,0,0
2026-01-01T00:32:34Z,tube_leak,NORMAL,476.12,1517.2,159.38,539.3,1520.3,9.9,-0.0899,166.85,0,0
2026-01-01T00:32:35Z,tube_leak,NORMAL,472.78,1517.4,160.02,541.3,1521.6,1.5,-0.0908,165.95,0,0
2026-01-01T00:32:36Z,tube_leak,NORMAL,472.48,1521.1,159.5,538.7,1521.6,1.3,-0.0897,165.48,0,0
2026-01-01T00:32:37Z,tube_leak,NORMAL,478.04,1519.1,159.97,540.8,1521.9,-4.3,-0.0912,165.22,0,0
2026-01-01T00:32:38Z,tube_leak,NORMAL,476.15,1522.0,160.45,538.2,1518.2,5.0,-0.0898,166.59,0,0
2026-01-01T00:32:39Z,tube_leak,NORMAL,476.77,1520.5,160.46,539.3,1516.5,2.8,-0.0891,167.0,0,0
2026-01-01T00:32:40Z,tube_leak,NORMAL,476.76,1518.9,159.44,539.4,1521.9,2.0,-0.0889,167.72,0,0
2026-01-01T00:32:41Z,tube_leak,NORMAL,475.02,1519.1,160.13,539.0,1521.5,-5.7,-0.0906,166.07,0,0
2026-01-01T00:32:42Z,tube_leak,NORMAL,476.46,1518.9,159.36,539.5,1525.8,0.1,-0.0912,166.11,0,0
2026-01-01T00:32:43Z,tube_leak,NORMAL,472.9,1519.2,160.2,541.6,1519.2,-0.6,-0.0906,166.19,0,0
2026-01-01T00:32:44Z,tube_leak,NORMAL,473.37,1518.5,160.88,540.7,1520.0,-13.3,-0.0899,165.58,0,0
2026-01-01T00:32:45Z,tube_leak,NORMAL,474.63,1521.7,160.64,539.3,1522.3,-5.0,-0.0904,166.03,0,0
2026-01-01T00:32:46Z,tube_leak,NORMAL,479.34,1521.5,160.18,540.6,1519.1,-6.5,-0.0899,166.09,0,0
2026-01-01T00:32:47Z,tube_leak,NORMAL,476.94,1522.1,160.15,538.4,1517.6,1.7,-0.0892,166.38,0,0
2026-01-01T00:32:48Z,tube_leak,NORMAL,471.39,1520.4,159.97,539.3,1518.5,2.0,-0.089,166.28,0,0
2026-01-01T00:32:49Z,tube_leak,NORMAL,473.31,1520.3,159.82,539.8,1521.6,3.7,-0.0895,166.42,0,0
2026-01-01T00:32:50Z,tube_leak,NORMAL,475.99,1521.1,160.56,541.0,1519.0,-1.0,-0.0914,166.56,0,0
2026-01-01T00:32:51Z,tube_leak,NORMAL,478.22,1520.9,159.99,539.6,1522.3,7.6,-0.0896,166.71,0,0
2026-01-01T00:32:52Z,tube_leak,NORMAL,477.9,1522.2,159.24,540.5,1516.4,-5.4,-0.0899,163.93,0,0
2026-01-01T00:32:53Z,tube_leak,NORMAL,476.12,1522.6,159.98,539.7,1517.1,2.0,-0.0906,167.31,0,0
2026-01-01T00:32:54Z,tube_leak,NORMAL,473.53,1518.1,160.65,538.7,1520.2,2.1,-0.0899,165.44,0,0
2026-01-01T00:32:55Z,tube_leak,NORMAL,476.65,1521.0,160.19,538.5,1518.8,2.5,-0.0901,166.36,0,0
2026-01-01T00:32:56Z,tube_leak,NORMAL,471.39,1515.1,160.24,540.7,1524.0,11.4,-0.0913,165.41,0,0
2026-01-01T00:32:57Z,tube_leak,NORMAL,470.62,1523.9,159.83,538.1,1524.5,7.8,-0.091,164.75,0,0
2026-01-01T00:32:58Z,tube_leak,NORMAL,475.82,1522.9,159.78,539.7,1518.8,-1.0,-0.0896,166.3,0,0
2026-01-01T00:32:59Z,tube_leak,NORMAL,476.23,1519.8,159.92,541.0,1518.3,8.0,-0.0906,166.89,0,0
2026-01-01T00:33:00Z,tube_leak,NORMAL,476.53,1519.4,161.17,540.4,1524.0,-1.1,-0.087,166.74,0,0
2026-01-01T00:33:01Z,tube_leak,NORMAL,477.37,1519.1,159.81,540.5,1520.4,10.4,-0.0887,166.75,0,0
2026-01-01T00:33:02Z,tube_leak,NORMAL,478.69,1521.2,160.52,539.8,1520.4,3.8,-0.0899,166.77,0,0
2026-01-01T00:33:03Z,tube_leak,NORMAL,474.29,1522.8,160.37,539.5,1519.6,14.6,-0.0893,164.91,0,0
2026-01-01T00:33:04Z,tube_leak,NORMAL,473.89,1518.9,159.9,539.2,1520.0,7.2,-0.0916,164.79,0,0
2026-01-01T00:33:05Z,tube_leak,NORMAL,472.57,1521.3,160.61,539.3,1515.7,12.4,-0.0901,166.59,0,0
2026-01-01T00:33:06Z,tube_leak,NORMAL,471.48,1521.1,160.48,540.0,1518.4,6.1,-0.09,167.39,0,0
2026-01-01T00:33:07Z,tube_leak,NORMAL,478.73,1522.4,160.0,541.1,1522.9,8.8,-0.0898,164.48,0,0
2026-01-01T00:33:08Z,tube_leak,NORMAL,474.3,1519.9,161.09,540.4,1521.0,-1.4,-0.0892,166.84,0,0
2026-01-01T00:33:09Z,tube_leak,NORMAL,475.09,1519.1,160.32,541.0,1516.5,3.0,-0.0894,164.87,0,0
2026-01-01T00:33:10Z,tube_leak,NORMAL,473.66,1520.4,160.78,540.3,1524.6,3.5,-0.0906,166.4,0,0
2026-01-01T00:33:11Z,tube_leak,NORMAL,477.65,1520.6,160.01,541.1,1520.2,6.7,-0.0881,166.85,0,0
2026-01-01T00:33:12Z,tube_leak,NORMAL,473.02,1521.9,159.93,540.8,1520.6,1.8,-0.0901,166.04,0,0
2026-01-01T00:33:13Z,tube_leak,NORMAL,473.55,1519.5,159.4,539.8,1518.1,8.9,-0.0907,166.58,0,0
2026-01-01T00:33:14Z,tube_leak,NORMAL,476.24,1520.2,160.33,540.0,1517.1,-4.2,-0.0897,167.22,0,0
2026-01-01T00:33:15Z,tube_leak,NORMAL,477.47,1516.0,159.64,540.3,1517.2,6.7,-0.0898,165.89,0,0
2026-01-01T00:33:16Z,tube_leak,NORMAL,472.38,1518.8,160.38,538.6,1519.2,5.0,-0.089,166.12,0,0
2026-01-01T00:33:17Z,tube_leak,NORMAL,473.08,1520.8,159.68,541.2,1520.2,-4.1,-0.0887,166.67,0,0
2026-01-01T00:33:18Z,tube_leak,NORMAL,474.35,1519.1,160.0,540.2,1517.8,-0.7,-0.0923,165.6,0,0
2026-01-01T00:33:19Z,tube_leak,NORMAL,478.61,1521.3,160.05,538.0,1518.4,1.8,-0.0892,166.26,0,0
2026-01-01T00:33:20Z,tube_leak,NORMAL,475.92,1520.0,160.03,539.7,1517.3,1.0,-0.0897,165.46,0,0
2026-01-01T00:33:21Z,tube_leak,NORMAL,477.24,1516.7,160.45,539.6,1512.9,-4.6,-0.0909,165.14,0,0
2026-01-01T00:33:22Z,tube_leak,NORMAL,476.06,1522.5,159.64,538.3,1517.2,9.0,-0.0903,167.24,0,0
2026-01-01T00:33:23Z,tube_leak,NORMAL,474.16,1520.6,160.09,540.8,1523.3,6.5,-0.0901,166.98,0,0
2026-01-01T00:33:24Z,tube_leak,NORMAL,476.01,1521.6,160.33,541.5,1524.4,3.2,-0.0911,165.51,0,0
2026-01-01T00:33:25Z,tube_leak,NORMAL,482.02,1516.5,159.92,540.1,1518.4,-6.0,-0.0895,167.16,0,0
2026-01-01T00:33:26Z,tube_leak,NORMAL,478.66,1519.8,160.55,540.2,1514.5,3.8,-0.0906,166.1,0,0
2026-01-01T00:33:27Z,tube_leak,NORMAL,475.71,1520.4,160.4,541.2,1525.3,6.2,-0.0903,165.93,0,0
2026-01-01T00:33:28Z,tube_leak,NORMAL,480.33,1518.0,160.84,539.4,1520.4,12.2,-0.09,164.95,0,0
2026-01-01T00:33:29Z,tube_leak,NORMAL,470.71,1517.7,160.1,538.9,1520.9,6.6,-0.0875,165.87,0,0
2026-01-01T00:33:30Z,tube_leak,NORMAL,474.63,1517.5,159.09,538.2,1523.2,2.0,-0.0892,164.46,0,0
2026-01-01T00:33:31Z,tube_leak,NORMAL,480.64,1519.2,160.34,539.5,1523.3,11.1,-0.092,166.87,0,0
2026-01-01T00:33:32Z,tube_leak,NORMAL,473.15,1521.9,160.58,539.4,1516.7,6.8,-0.0901,166.31,0,0
2026-01-01T00:33:33Z,tube_leak,NORMAL,477.14,1523.2,159.99,540.3,1516.6,5.5,-0.0884,167.32,0,0
2026-01-01T00:33:34Z,tube_leak,NORMAL,476.34,1518.4,160.58,540.7,1523.6,8.5,-0.0895,166.55,0,0
2026-01-01T00:33:35Z,tube_leak,NORMAL,477.9,1518.1,159.25,539.0,1517.5,1.5,-0.0895,165.93,0,0
2026-01-01T00:33:36Z,tube_leak,NORMAL,474.63,1518.0,160.7,539.5,1522.6,-1.5,-0.0897,166.34,0,0
2026-01-01T00:33:37Z,tube_leak,NORMAL,472.58,1522.5,159.95,541.8,1520.8,-0.6,-0.0902,166.49,0,0
2026-01-01T00:33:38Z,tube_leak,NORMAL,477.89,1518.3,160.18,540.7,1523.6,-0.3,-0.0908,165.93,0,0
2026-01-01T00:33:39Z,tube_leak,NORMAL,474.15,1520.7,160.6,539.4,1522.8,-1.2,-0.0904,165.76,0,0
2026-01-01T00:33:40Z,tube_leak,NORMAL,471.69,1516.8,160.7,539.3,1519.2,11.1,-0.0906,166.75,0,0
2026-01-01T00:33:41Z,tube_leak,NORMAL,474.68,1522.7,160.54,540.2,1519.6,6.1,-0.0887,166.34,0,0
2026-01-01T00:33:42Z,tube_leak,NORMAL,476.11,1520.7,160.47,539.9,1520.4,-5.0,-0.091,166.94,0,0
2026-01-01T00:33:43Z,tube_leak,NORMAL,477.09,1521.7,159.21,539.2,1520.6,10.4,-0.0912,166.01,0,0
2026-01-01T00:33:44Z,tube_leak,NORMAL,471.12,1517.3,160.25,540.6,1510.9,6.3,-0.09,165.16,0,0
2026-01-01T00:33:45Z,tube_leak,NORMAL,472.66,1519.0,159.87,539.7,1519.4,7.6,-0.0894,165.08,0,0
2026-01-01T00:33:46Z,tube_leak,NORMAL,475.17,1516.8,159.47,541.3,1515.5,-1.2,-0.088,166.23,0,0
2026-01-01T00:33:47Z,tube_leak,NORMAL,474.74,1519.1,160.18,541.6,1522.2,1.4,-0.0897,166.21,0,0
2026-01-01T00:33:48Z,tube_leak,NORMAL,474.91,1522.5,160.37,540.5,1520.3,3.2,-0.0889,168.13,0,0
2026-01-01T00:33:49Z,tube_leak,NORMAL,474.62,1521.7,160.16,540.4,1522.1,6.6,-0.0894,166.38,0,0
2026-01-01T00:33:50Z,tube_leak,NORMAL,474.85,1520.5,159.54,539.6,1524.6,7.3,-0.0922,166.47,0,0
2026-01-01T00:33:51Z,tube_leak,NORMAL,474.93,1516.6,160.27,540.6,1515.1,2.0,-0.0909,165.33,0,0
2026-01-01T00:33:52Z,tube_leak,NORMAL,478.89,1519.1,160.37,539.2,1518.7,3.3,-0.0893,166.63,0,0
2026-01-01T00:33:53Z,tube_leak,NORMAL,466.86,1519.3,160.22,538.1,1515.2,-3.9,-0.0917,164.52,0,0
2026-01-01T00:33:54Z,tube_leak,NORMAL,471.68,1519.2,159.12,539.6,1520.1,17.5,-0.0911,167.1,0,0
2026-01-01T00:33:55Z,tube_leak,NORMAL,469.63,1521.7,159.68,540.6,1521.0,2.5,-0.0904,166.91,0,0
2026-01-01T00:33:56Z,tube_leak,NORMAL,473.57,1522.7,160.53,540.9,1519.2,-3.6,-0.0886,166.8,0,0
2026-01-01T00:33:57Z,tube_leak,NORMAL,472.66,1520.3,159.84,539.1,1519.1,-0.6,-0.0896,166.42,0,0
2026-01-01T00:33:58Z,tube_leak,NORMAL,474.63,1519.3,160.31,538.9,1520.7,-5.3,-0.0898,167.09,0,0
2026-01-01T00:33:59Z,tube_leak,NORMAL,471.67,1521.7,160.42,540.9,1519.8,8.5,-0.0889,166.65,0,0
2026-01-01T00:34:00Z,tube_leak,NORMAL,478.2,1520.8,159.75,539.3,1522.4,8.2,-0.0905,165.95,0,0
2026-01-01T00:34:01Z,tube_leak,NORMAL,474.35,1521.9,159.29,541.4,1521.1,-4.4,-0.091,165.88,0,0
2026-01-01T00:34:02Z,tube_leak,NORMAL,474.2,1520.0,160.1,539.2,1525.3,4.3,-0.0904,167.22,0,0
2026-01-01T00:34:03Z,tube_leak,NORMAL,472.24,1522.5,159.43,541.8,1515.3,-0.3,-0.0903,167.07,0,0
2026-01-01T00:34:04Z,tube_leak,NORMAL,475.8,1523.4,160.04,539.8,1524.0,10.6,-0.0912,167.56,0,0
2026-01-01T00:34:05Z,tube_leak,NORMAL,478.11,1517.5,160.19,539.5,1515.9,7.1,-0.0891,166.59,0,0
2026-01-01T00:34:06Z,tube_leak,NORMAL,473.28,1522.4,160.02,540.3,1518.5,-3.8,-0.0897,166.79,0,0
2026-01-01T00:34:07Z,tube_leak,NORMAL,475.95,1521.5,160.87,539.6,1514.4,7.7,-0.0904,165.19,0,0
2026-01-01T00:34:08Z,tube_leak,NORMAL,471.54,1522.0,159.62,539.4,1521.5,5.1,-0.0901,165.81,0,0
2026-01-01T00:34:09Z,tube_leak,NORMAL,470.34,1523.8,158.75,539.9,1516.5,1.9,-0.0903,166.48,0,0
2026-01-01T00:34:10Z,tube_leak,NORMAL,475.46,1514.4,160.56,540.1,1517.0,2.5,-0.0908,163.25,0,0
2026-01-01T00:34:11Z,tube_leak,NORMAL,478.54,1522.9,160.31,541.2,1523.0,1.1,-0.09,166.09,0,0
2026-01-01T00:34:12Z,tube_leak,NORMAL,475.87,1517.9,160.51,540.0,1519.9,5.9,-0.0898,165.88,0,0
2026-01-01T00:34:13Z,tube_leak,NORMAL,474.31,1515.5,160.58,540.4,1520.7,11.2,-0.0907,166.35,0,0
2026-01-01T00:34:14Z,tube_leak,NORMAL,473.11,1522.2,159.37,541.1,1523.6,4.7,-0.0886,166.02,0,0
2026-01-01T00:34:15Z,tube_leak,NORMAL,473.67,1521.2,159.57,539.9,1522.7,7.2,-0.09,165.07,0,0
2026-01-01T00:34:16Z,tube_leak,NORMAL,476.71,1518.7,160.02,537.6,1524.3,4.9,-0.0908,166.62,0,0
2026-01-01T00:34:17Z,tube_leak,NORMAL,472.56,1522.2,159.85,540.5,1522.0,12.3,-0.0882,167.8,0,0
2026-01-01T00:34:18Z,tube_leak,NORMAL,477.24,1522.6,159.19,540.6,1516.3,-2.9,-0.0885,166.03,0,0
2026-01-01T00:34:19Z,tube_leak,NORMAL,471.66,1517.5,160.46,540.5,1520.8,-5.9,-0.09,167.08,0,0
2026-01-01T00:34:20Z,tube_leak,NORMAL,472.41,1517.4,159.88,540.0,1522.6,-2.3,-0.0904,166.67,0,0
2026-01-01T00:34:21Z,tube_leak,NORMAL,477.55,1521.0,159.84,538.6,1525.4,5.9,-0.0908,165.64,0,0
2026-01-01T00:34:22Z,tube_leak,NORMAL,475.01,1520.6,159.66,541.2,1524.0,3.7,-0.0898,165.55,0,0
2026-01-01T00:34:23Z,tube_leak,NORMAL,474.43,1517.7,160.43,541.1,1520.7,11.8,-0.0899,166.15,0,0
2026-01-01T00:34:24Z,tube_leak,NORMAL,478.13,1516.9,160.19,538.4,1515.3,1.4,-0.0909,166.94,0,0
2026-01-01T00:34:25Z,tube_leak,NORMAL,473.76,1524.2,160.25,539.2,1521.1,5.4,-0.0878,165.0,0,0
2026-01-01T00:34:26Z,tube_leak,NORMAL,474.81,1522.1,160.16,539.4,1517.2,0.9,-0.0888,166.8,0,0
2026-01-01T00:34:27Z,tube_leak,NORMAL,475.79,1523.1,159.92,539.9,1518.0,-5.8,-0.0895,164.84,0,0
2026-01-01T00:34:28Z,tube_leak,NORMAL,475.19,1522.7,160.33,540.9,1515.6,1.7,-0.0889,165.09,0,0
2026-01-01T00:34:29Z,tube_leak,NORMAL,476.08,1517.6,159.41,540.6,1518.3,1.5,-0.0888,165.25,0,0
2026-01-01T00:34:30Z,tube_leak,NORMAL,482.33,1522.4,159.74,541.2,1522.3,5.9,-0.0902,167.33,0,0
2026-01-01T00:34:31Z,tube_leak,NORMAL,476.58,1521.5,160.21,540.1,1519.5,-5.1,-0.09,165.27,0,0
2026-01-01T00:34:32Z,tube_leak,NORMAL,474.97,1521.6,160.78,538.9,1517.6,-3.8,-0.0896,166.88,0,0
2026-01-01T00:34:33Z,tube_leak,NORMAL,473.94,1519.6,161.44,539.6,1518.1,-3.5,-0.0914,167.41,0,0
2026-01-01T00:34:34Z,tube_leak,NORMAL,478.03,1519.1,160.6,539.9,1519.0,1.2,-0.092,165.18,0,0
2026-01-01T00:34:35Z,tube_leak,NORMAL,475.63,1520.9,160.04,539.8,1520.8,11.7,-0.0885,166.41,0,0
2026-01-01T00:34:36Z,tube_leak,NORMAL,472.99,1521.4,160.82,541.4,1515.8,0.9,-0.0906,165.12,0,0
2026-01-01T00:34:37Z,tube_leak,NORMAL,475.92,1517.8,159.94,540.1,1522.2,3.3,-0.0912,167.53,0,0
2026-01-01T00:34:38Z,tube_leak,NORMAL,473.65,1524.3,160.06,541.3,1523.9,-2.1,-0.0903,165.92,0,0
2026-01-01T00:34:39Z,tube_leak,NORMAL,474.22,1520.0,159.48,540.1,1520.0,-8.8,-0.0904,165.74,0,0
2026-01-01T00:34:40Z,tube_leak,NORMAL,473.17,1523.7,159.2,539.0,1520.2,-0.4,-0.0895,167.88,0,0
2026-01-01T00:34:41Z,tube_leak,NORMAL,479.72,1520.4,159.74,540.4,1516.2,7.6,-0.0877,165.39,0,0
2026-01-01T00:34:42Z,tube_leak,NORMAL,472.72,1518.9,160.09,540.1,1518.8,-4.2,-0.0885,165.99,0,0
2026-01-01T00:34:43Z,tube_leak,NORMAL,474.03,1520.4,160.72,540.1,1522.2,-1.4,-0.0896,166.48,0,0
2026-01-01T00:34:44Z,tube_leak,NORMAL,479.26,1514.7,160.06,540.8,1521.3,-5.2,-0.0889,167.07,0,0
2026-01-01T00:34:45Z,tube_leak,NORMAL,477.96,1518.7,160.08,538.9,1519.5,0.4,-0.0898,164.58,0,0
2026-01-01T00:34:46Z,tube_leak,NORMAL,472.15,1521.1,159.92,540.5,1516.2,-0.9,-0.0904,165.84,0,0
2026-01-01T00:34:47Z,tube_leak,NORMAL,471.57,1517.8,159.39,539.8,1516.6,-1.8,-0.0903,165.87,0,0
2026-01-01T00:34:48Z,tube_leak,NORMAL,471.28,1519.4,159.45,538.7,1520.7,0.9,-0.0897,165.25,0,0
2026-01-01T00:34:49Z,tube_leak,NORMAL,471.86,1522.9,159.03,539.1,1524.0,1.2,-0.0883,167.96,0,0
2026-01-01T00:34:50Z,tube_leak,NORMAL,478.47,1523.1,160.04,539.1,1522.5,-5.6,-0.0917,165.37,0,0
2026-01-01T00:34:51Z,tube_leak,NORMAL,475.17,1520.3,160.63,539.8,1527.2,0.5,-0.0892,165.67,0,0
2026-01-01T00:34:52Z,tube_leak,NORMAL,475.62,1520.6,159.56,540.2,1517.0,11.5,-0.0911,166.52,0,0
2026-01-01T00:34:53Z,tube_leak,NORMAL,473.98,1517.1,160.27,540.6,1515.8,-5.3,-0.0888,167.1,0,0
2026-01-01T00:34:54Z,tube_leak,NORMAL,476.61,1517.8,159.87,541.3,1514.0,-6.7,-0.0906,166.5,0,0
2026-01-01T00:34:55Z,tube_leak,NORMAL,478.79,1523.7,159.66,541.1,1514.8,2.6,-0.0884,164.75,0,0
2026-01-01T00:34:56Z,tube_leak,NORMAL,474.64,1523.2,159.97,540.5,1521.2,-4.5,-0.0903,167.36,0,0
2026-01-01T00:34:57Z,tube_leak,NORMAL,476.12,1518.5,160.05,539.5,1520.9,-2.7,-0.0895,165.46,0,0
2026-01-01T00:34:58Z,tube_leak,NORMAL,476.91,1517.2,160.81,540.2,1522.8,1.5,-0.0881,165.28,0,0
2026-01-01T00:34:59Z,tube_leak,NORMAL,469.82,1522.6,159.67,540.2,1523.8,6.7,-0.0906,166.37,0,0
2026-01-01T00:35:00Z,tube_leak,NORMAL,476.67,1522.2,159.62,541.4,1520.1,-1.1,-0.089,166.89,0,0
2026-01-01T00:35:01Z,tube_leak,NORMAL,479.34,1518.8,160.31,541.4,1519.5,-4.4,-0.0893,167.04,0,0
2026-01-01T00:35:02Z,tube_leak,NORMAL,470.52,1523.0,160.79,539.2,1517.6,3.3,-0.0891,166.59,0,0
2026-01-01T00:35:03Z,tube_leak,NORMAL,471.43,1518.8,160.21,539.9,1512.7,-7.0,-0.0915,165.02,0,0
2026-01-01T00:35:04Z,tube_leak,NORMAL,475.91,1519.4,160.09,539.6,1520.5,0.9,-0.0888,165.12,0,0
2026-01-01T00:35:05Z,tube_leak,NORMAL,475.65,1523.6,160.05,539.7,1518.2,-2.4,-0.0896,166.33,0,0
2026-01-01T00:35:06Z,tube_leak,NORMAL,473.04,1520.7,161.25,540.2,1519.8,6.6,-0.0896,166.22,0,0
2026-01-01T00:35:07Z,tube_leak,NORMAL,470.62,1519.9,159.59,539.7,1518.5,7.6,-0.0892,167.25,0,0
2026-01-01T00:35:08Z,tube_leak,NORMAL,471.71,1520.5,159.1,539.1,1518.6,0.1,-0.0901,168.75,0,0
2026-01-01T00:35:09Z,tube_leak,NORMAL,475.26,1517.9,159.86,537.5,1521.0,-7.1,-0.0893,167.13,0,0
2026-01-01T00:35:10Z,tube_leak,NORMAL,476.54,1516.6,160.94,541.1,1519.8,-3.3,-0.09,166.55,0,0
2026-01-01T00:35:11Z,tube_leak,NORMAL,473.08,1522.1,159.73,539.5,1521.4,3.6,-0.0908,168.79,0,0
2026-01-01T00:35:12Z,tube_leak,NORMAL,475.85,1516.8,159.44,540.5,1521.6,-4.1,-0.0896,165.84,0,0
2026-01-01T00:35:13Z,tube_leak,NORMAL,472.49,1519.6,159.91,541.2,1523.1,-0.4,-0.0896,167.43,0,0
2026-01-01T00:35:14Z,tube_leak,NORMAL,483.38,1519.6,160.9,538.5,1516.2,-1.9,-0.0891,166.07,0,0
2026-01-01T00:35:15Z,tube_leak,NORMAL,475.78,1524.5,160.21,538.7,1521.8,-5.9,-0.0898,166.49,0,0
2026-01-01T00:35:16Z,tube_leak,NORMAL,473.63,1521.9,159.62,540.3,1522.7,-0.4,-0.0907,165.61,0,0
2026-01-01T00:35:17Z,tube_leak,NORMAL,473.35,1521.5,160.09,540.6,1521.8,-7.9,-0.0909,166.02,0,0
2026-01-01T00:35:18Z,tube_leak,NORMAL,475.12,1519.1,159.22,540.1,1519.5,-9.4,-0.0917,165.02,0,0
2026-01-01T00:35:19Z,tube_leak,NORMAL,475.84,1520.5,160.7,541.0,1521.2,-2.9,-0.0898,166.23,0,0
2026-01-01T00:35:20Z,tube_leak,NORMAL,474.01,1521.5,160.71,539.5,1524.4,0.4,-0.0899,166.44,0,0
2026-01-01T00:35:21Z,tube_leak,NORMAL,474.51,1518.1,160.09,541.8,1524.2,-5.4,-0.0895,166.56,0,0
2026-01-01T00:35:22Z,tube_leak,NORMAL,476.04,1520.0,160.35,540.8,1517.9,5.9,-0.0919,165.43,0,0
2026-01-01T00:35:23Z,tube_leak,NORMAL,476.36,1520.4,159.2,540.9,1521.1,-3.4,-0.0895,166.7,0,0
2026-01-01T00:35:24Z,tube_leak,NORMAL,474.7,1518.8,160.94,538.2,1517.4,-8.7,-0.0901,167.66,0,0
2026-01-01T00:35:25Z,tube_leak,NORMAL,474.53,1519.7,159.75,542.4,1514.9,-2.1,-0.0905,164.4,0,0
2026-01-01T00:35:26Z,tube_leak,NORMAL,471.92,1520.6,160.71,539.3,1517.6,-5.1,-0.0893,166.38,0,0
2026-01-01T00:35:27Z,tube_leak,NORMAL,475.01,1519.3,160.5,540.1,1524.0,-4.5,-0.0883,165.93,0,0
2026-01-01T00:35:28Z,tube_leak,NORMAL,478.82,1520.2,159.97,540.0,1515.9,6.9,-0.0892,165.52,0,0
2026-01-01T00:35:29Z,tube_leak,NORMAL,471.13,1519.9,160.01,539.6,1515.9,-4.6,-0.0879,164.91,0,0
2026-01-01T00:35:30Z,tube_leak,NORMAL,477.26,1519.9,159.21,538.6,1522.7,-4.0,-0.09,165.5,0,0
2026-01-01T00:35:31Z,tube_leak,NORMAL,472.73,1521.8,160.29,540.8,1520.9,-2.1,-0.0887,165.96,0,0
2026-01-01T00:35:32Z,tube_leak,NORMAL,471.83,1518.7,159.58,540.6,1524.8,-7.7,-0.0888,166.7,0,0
2026-01-01T00:35:33Z,tube_leak,NORMAL,474.42,1517.8,160.74,540.4,1520.2,2.7,-0.0902,167.75,0,0
2026-01-01T00:35:34Z,tube_leak,NORMAL,473.7,1515.1,159.66,538.9,1519.0,3.3,-0.0891,166.03,0,0
2026-01-01T00:35:35Z,tube_leak,NORMAL,475.03,1520.1,159.51,540.1,1521.0,-5.5,-0.0903,166.87,0,0
2026-01-01T00:35:36Z,tube_leak,NORMAL,471.85,1517.2,160.31,540.3,1518.3,-0.6,-0.0895,165.87,0,0
2026-01-01T00:35:37Z,tube_leak,NORMAL,477.44,1521.5,160.07,540.3,1522.8,7.9,-0.0902,165.71,0,0
2026-01-01T00:35:38Z,tube_leak,NORMAL,475.52,1518.3,160.12,539.7,1519.9,-4.6,-0.0879,166.78,0,0
2026-01-01T00:35:39Z,tube_leak,NORMAL,471.69,1521.4,159.97,540.1,1520.3,-9.6,-0.089,165.63,0,0
2026-01-01T00:35:40Z,tube_leak,NORMAL,475.06,1521.1,160.18,539.8,1518.3,-1.2,-0.0885,167.98,0,0
2026-01-01T00:35:41Z,tube_leak,NORMAL,474.26,1523.0,161.09,539.4,1515.2,-1.2,-0.0887,166.22,0,0
2026-01-01T00:35:42Z,tube_leak,NORMAL,477.72,1519.8,160.62,538.4,1523.4,-0.0,-0.0909,165.67,0,0
2026-01-01T00:35:43Z,tube_leak,NORMAL,475.38,1520.5,160.35,539.8,1517.0,-12.7,-0.0894,164.26,0,0
2026-01-01T00:35:44Z,tube_leak,NORMAL,476.51,1521.5,159.8,539.9,1516.7,-2.3,-0.0887,166.46,0,0
2026-01-01T00:35:45Z,tube_leak,NORMAL,477.71,1520.0,160.39,540.5,1522.5,3.0,-0.0906,166.05,0,0
2026-01-01T00:35:46Z,tube_leak,NORMAL,469.29,1522.1,160.72,541.0,1519.7,-6.8,-0.0913,168.01,0,0
2026-01-01T00:35:47Z,tube_leak,NORMAL,475.68,1517.6,160.68,539.1,1518.5,-9.7,-0.0916,166.95,0,0
2026-01-01T00:35:48Z,tube_leak,NORMAL,473.28,1520.0,159.56,540.9,1523.5,-0.6,-0.0906,167.79,0,0
2026-01-01T00:35:49Z,tube_leak,NORMAL,473.97,1517.9,159.94,539.6,1519.2,-4.4,-0.087,167.22,0,0
2026-01-01T00:35:50Z,tube_leak,NORMAL,474.02,1521.2,159.11,539.6,1518.3,-6.0,-0.0909,165.96,0,0
2026-01-01T00:35:51Z,tube_leak,NORMAL,477.79,1519.2,159.07,538.9,1520.8,-7.8,-0.0892,166.04,0,0
2026-01-01T00:35:52Z,tube_leak,NORMAL,476.06,1520.3,159.7,539.9,1520.0,-7.0,-0.0888,166.67,0,0
2026-01-01T00:35:53Z,tube_leak,NORMAL,472.67,1518.4,159.33,538.6,1520.6,3.3,-0.0896,166.88,0,0
2026-01-01T00:35:54Z,tube_leak,NORMAL,474.5,1522.3,159.94,540.7,1523.4,2.0,-0.0905,166.17,0,0
2026-01-01T00:35:55Z,tube_leak,NORMAL,469.55,1522.3,159.57,541.0,1520.1,-3.5,-0.089,167.25,0,0
2026-01-01T00:35:56Z,tube_leak,NORMAL,475.68,1520.0,160.04,540.3,1524.3,-7.1,-0.0899,166.77,0,0
2026-01-01T00:35:57Z,tube_leak,NORMAL,474.39,1517.7,160.15,539.6,1521.6,-6.8,-0.0901,165.97,0,0
2026-01-01T00:35:58Z,tube_leak,NORMAL,475.22,1519.0,160.38,540.5,1522.2,-3.1,-0.0895,167.68,0,0
2026-01-01T00:35:59Z,tube_leak,NORMAL,476.04,1518.4,160.1,539.3,1521.6,-9.2,-0.0913,167.95,0,0
2026-01-01T00:36:00Z,tube_leak,NORMAL,477.56,1521.4,160.13,540.3,1521.8,-3.9,-0.0908,165.65,0,0
2026-01-01T00:36:01Z,tube_leak,NORMAL,477.83,1518.0,159.97,538.9,1517.0,0.4,-0.0896,165.8,0,0
2026-01-01T00:36:02Z,tube_leak,NORMAL,474.98,1517.5,160.64,541.2,1519.5,5.2,-0.0901,164.4,0,0
2026-01-01T00:36:03Z,tube_leak,NORMAL,477.26,1520.8,160.34,541.1,1520.6,-7.6,-0.0892,167.03,0,0
2026-01-01T00:36:04Z,tube_leak,NORMAL,472.61,1520.0,159.55,539.7,1523.1,-12.5,-0.0891,165.64,0,0
2026-01-01T00:36:05Z,tube_leak,NORMAL,475.1,1515.8,159.42,541.0,1521.1,-5.4,-0.091,166.17,0,0
2026-01-01T00:36:06Z,tube_leak,NORMAL,473.63,1521.3,159.8,541.7,1519.9,2.8,-0.091,166.64,0,0
2026-01-01T00:36:07Z,tube_leak,NORMAL,478.77,1519.6,159.74,539.6,1520.5,0.6,-0.0886,166.33,0,0
2026-01-01T00:36:08Z,tube_leak,NORMAL,473.03,1521.5,160.21,540.4,1524.1,3.2,-0.0894,166.81,0,0
2026-01-01T00:36:09Z,tube_leak,NORMAL,476.05,1521.1,159.77,540.3,1521.3,-8.6,-0.0909,164.98,0,0
2026-01-01T00:36:10Z,tube_leak,NORMAL,474.85,1521.1,159.58,538.2,1515.1,-14.0,-0.0911,166.0,0,0
2026-01-01T00:36:11Z,tube_leak,NORMAL,481.1,1519.6,159.39,538.9,1521.5,-5.8,-0.0899,167.11,0,0
2026-01-01T00:36:12Z,tube_leak,NORMAL,475.45,1519.2,159.39,539.1,1519.8,-1.3,-0.0904,166.88,0,0
2026-01-01T00:36:13Z,tube_leak,NORMAL,479.32,1523.9,161.21,539.8,1521.9,-5.2,-0.0902,166.51,0,0
2026-01-01T00:36:14Z,tube_leak,NORMAL,473.25,1519.7,159.98,540.7,1522.2,-13.0,-0.09,166.65,0,0
2026-01-01T00:36:15Z,tube_leak,NORMAL,477.46,1516.6,159.5,539.8,1516.6,1.0,-0.0908,167.07,0,0
2026-01-01T00:36:16Z,tube_leak,NORMAL,474.22,1515.6,159.64,539.7,1518.4,0.1,-0.0918,165.15,0,0
2026-01-01T00:36:17Z,tube_leak,NORMAL,475.58,1518.5,160.15,537.9,1515.2,-13.8,-0.0905,166.82,0,0
2026-01-01T00:36:18Z,tube_leak,NORMAL,473.06,1521.6,160.31,539.2,1523.7,-7.5,-0.0926,166.21,0,0
2026-01-01T00:36:19Z,tube_leak,NORMAL,476.58,1520.5,159.96,540.4,1518.4,-0.7,-0.0921,165.77,0,0
2026-01-01T00:36:20Z,tube_leak,NORMAL,469.89,1518.0,161.03,539.1,1519.6,-2.7,-0.0909,167.67,0,0
2026-01-01T00:36:21Z,tube_leak,NORMAL,473.18,1519.0,160.61,539.5,1515.4,1.1,-0.0892,168.03,0,0
2026-01-01T00:36:22Z,tube_leak,NORMAL,475.18,1522.2,160.27,539.9,1516.8,1.1,-0.0892,166.19,0,0
2026-01-01T00:36:23Z,tube_leak,NORMAL,470.64,1523.1,159.61,543.4,1524.2,-6.8,-0.0907,165.87,0,0
2026-01-01T00:36:24Z,tube_leak,NORMAL,479.75,1517.1,160.17,539.2,1518.9,-0.8,-0.0901,165.92,0,0
2026-01-01T00:36:25Z,tube_leak,NORMAL,473.39,1519.4,160.05,539.3,1524.4,-6.6,-0.0888,166.39,0,0
2026-01-01T00:36:26Z,tube_leak,NORMAL,474.5,1519.1,160.86,539.3,1521.5,-6.1,-0.0893,166.91,0,0
2026-01-01T00:36:27Z,tube_leak,NORMAL,473.95,1519.7,160.37,539.7,1521.6,-0.8,-0.0892,166.1,0,0
2026-01-01T00:36:28Z,tube_leak,NORMAL,477.12,1518.7,160.74,539.0,1519.6,4.9,-0.0909,165.03,0,0
2026-01-01T00:36:29Z,tube_leak,NORMAL,477.8,1520.7,159.81,539.5,1516.7,-12.1,-0.0888,166.44,0,0
2026-01-01T00:36:30Z,tube_leak,NORMAL,476.47,1516.1,160.15,539.4,1516.9,-2.9,-0.0909,165.78,0,0
2026-01-01T00:36:31Z,tube_leak,NORMAL,474.28,1521.2,159.76,540.1,1523.7,-8.6,-0.0884,166.74,0,0
2026-01-01T00:36:32Z,tube_leak,NORMAL,473.59,1516.5,160.45,537.9,1526.3,-0.3,-0.091,167.32,0,0
2026-01-01T00:36:33Z,tube_leak,NORMAL,474.58,1519.5,160.28,540.1,1521.2,-7.2,-0.0894,166.87,0,0
2026-01-01T00:36:34Z,tube_leak,NORMAL,473.44,1522.7,160.24,539.8,1522.5,-4.0,-0.0885,165.94,0,0
2026-01-01T00:36:35Z,tube_leak,NORMAL,479.0,1523.1,160.05,538.8,1519.1,-6.2,-0.0878,166.16,0,0
2026-01-01T00:36:36Z,tube_leak,NORMAL,475.53,1521.3,159.67,539.4,1522.9,2.4,-0.0893,167.68,0,0
2026-01-01T00:36:37Z,tube_leak,NORMAL,473.71,1519.2,159.85,538.1,1520.6,-9.2,-0.0905,163.69,0,0
2026-01-01T00:36:38Z,tube_leak,NORMAL,471.83,1523.4,159.81,539.4,1520.2,-1.6,-0.0911,164.93,0,0
2026-01-01T00:36:39Z,tube_leak,NORMAL,471.37,1521.1,160.22,541.1,1519.9,-4.8,-0.0907,167.11,0,0
2026-01-01T00:36:40Z,tube_leak,NORMAL,473.16,1516.0,160.43,538.5,1520.3,-1.1,-0.0911,166.78,0,0
2026-01-01T00:36:41Z,tube_leak,NORMAL,477.77,1519.6,160.13,540.2,1520.9,-4.8,-0.0895,167.51,0,0
2026-01-01T00:36:42Z,tube_leak,NORMAL,475.3,1519.0,159.71,540.0,1521.8,-8.5,-0.0891,166.93,0,0
2026-01-01T00:36:43Z,tube_leak,NORMAL,475.64,1520.8,159.24,538.1,1522.1,-5.0,-0.0885,165.9,0,0
2026-01-01T00:36:44Z,tube_leak,NORMAL,473.93,1519.1,160.84,541.1,1517.1,-12.8,-0.0914,166.88,0,0
2026-01-01T00:36:45Z,tube_leak,NORMAL,474.62,1524.0,160.1,538.9,1517.7,3.0,-0.0895,166.75,0,0
2026-01-01T00:36:46Z,tube_leak,NORMAL,476.72,1519.7,159.9,539.5,1526.4,-7.8,-0.0914,166.18,0,0
2026-01-01T00:36:47Z,tube_leak,NORMAL,475.06,1518.3,160.46,540.0,1525.9,-5.1,-0.0915,165.61,0,0
2026-01-01T00:36:48Z,tube_leak,NORMAL,473.06,1517.4,160.2,539.5,1523.0,-5.8,-0.0913,167.54,0,0
2026-01-01T00:36:49Z,tube_leak,NORMAL,469.18,1515.7,160.18,541.4,1521.8,-6.6,-0.0886,165.19,0,0
2026-01-01T00:36:50Z,tube_leak,NORMAL,470.56,1520.5,160.66,540.6,1517.7,-5.2,-0.0905,165.19,0,0
2026-01-01T00:36:51Z,tube_leak,NORMAL,476.45,1520.9,159.57,540.1,1524.6,-13.9,-0.0898,164.81,0,0
2026-01-01T00:36:52Z,tube_leak,NORMAL,474.81,1520.3,159.81,539.4,1517.7,-1.0,-0.0884,166.87,0,0
2026-01-01T00:36:53Z,tube_leak,NORMAL,474.07,1518.8,160.27,539.0,1519.3,-2.9,-0.0902,164.49,0,0
2026-01-01T00:36:54Z,tube_leak,NORMAL,477.1,1520.5,159.19,539.3,1524.1,-7.1,-0.0907,167.03,0,0
2026-01-01T00:36:55Z,tube_leak,NORMAL,474.82,1519.2,158.98,539.1,1518.3,0.2,-0.0877,166.5,0,0
2026-01-01T00:36:56Z,tube_leak,NORMAL,478.35,1521.7,159.71,539.6,1518.4,1.5,-0.0904,166.75,0,0
2026-01-01T00:36:57Z,tube_leak,NORMAL,474.92,1520.0,160.25,540.6,1518.4,-3.0,-0.0886,166.38,0,0
2026-01-01T00:36:58Z,tube_leak,NORMAL,474.35,1519.3,159.97,539.6,1517.5,7.0,-0.0915,165.52,0,0
2026-01-01T00:36:59Z,tube_leak,NORMAL,469.52,1522.1,159.49,540.7,1518.2,-8.1,-0.0911,165.76,0,0
2026-01-01T00:37:00Z,tube_leak,NORMAL,475.32,1521.2,159.43,540.1,1523.6,-0.7,-0.0899,165.72,0,0
2026-01-01T00:37:01Z,tube_leak,NORMAL,472.84,1517.6,161.24,540.4,1517.4,-16.1,-0.0911,166.0,0,0
2026-01-01T00:37:02Z,tube_leak,NORMAL,472.76,1519.5,160.63,538.0,1524.2,-6.7,-0.0887,165.34,0,0
2026-01-01T00:37:03Z,tube_leak,NORMAL,474.55,1520.9,160.72,540.9,1519.1,-1.0,-0.0886,165.82,0,0
2026-01-01T00:37:04Z,tube_leak,NORMAL,475.79,1517.2,160.11,540.5,1521.5,-3.1,-0.0883,167.06,0,0
2026-01-01T00:37:05Z,tube_leak,NORMAL,475.44,1517.7,158.86,542.2,1516.9,-5.9,-0.089,165.71,0,0
2026-01-01T00:37:06Z,tube_leak,NORMAL,474.97,1519.9,159.44,540.6,1518.0,-1.1,-0.0905,165.33,0,0
2026-01-01T00:37:07Z,tube_leak,NORMAL,472.35,1521.5,159.06,538.7,1521.0,-5.1,-0.0896,165.35,0,0
2026-01-01T00:37:08Z,tube_leak,NORMAL,472.8,1522.5,160.97,540.4,1523.0,-2.6,-0.0909,167.49,0,0
2026-01-01T00:37:09Z,tube_leak,NORMAL,474.32,1520.1,159.91,537.3,1516.2,-6.3,-0.089,166.0,0,0
2026-01-01T00:37:10Z,tube_leak,NORMAL,477.74,1521.8,159.84,539.6,1519.3,-6.9,-0.0896,167.73,0,0
2026-01-01T00:37:11Z,tube_leak,NORMAL,471.69,1518.2,160.2,540.8,1520.9,-1.0,-0.0906,166.6,0,0
2026-01-01T00:37:12Z,tube_leak,NORMAL,472.73,1525.6,160.42,538.9,1523.6,-6.9,-0.0912,165.77,0,0
2026-01-01T00:37:13Z,tube_leak,NORMAL,473.72,1521.7,160.46,539.5,1517.7,-1.7,-0.0904,166.93,0,0
2026-01-01T00:37:14Z,tube_leak,NORMAL,479.61,1517.4,159.99,539.1,1519.9,-1.4,-0.0889,165.42,0,0
2026-01-01T00:37:15Z,tube_leak,NORMAL,470.46,1522.8,159.29,539.1,1520.2,4.6,-0.0895,165.62,0,0
2026-01-01T00:37:16Z,tube_leak,NORMAL,473.29,1520.4,160.75,538.6,1519.7,2.9,-0.0907,164.94,0,0
2026-01-01T00:37:17Z,tube_leak,NORMAL,473.7,1519.6,160.43,540.3,1516.4,0.1,-0.0923,166.59,0,0
2026-01-01T00:37:18Z,tube_leak,NORMAL,478.71,1519.8,159.16,539.6,1514.1,-4.5,-0.0901,167.0,0,0
2026-01-01T00:37:19Z,tube_leak,NORMAL,475.25,1520.2,160.51,539.2,1523.2,2.5,-0.0891,167.01,0,0
2026-01-01T00:37:20Z,tube_leak,NORMAL,477.14,1520.5,160.49,539.3,1521.5,3.6,-0.0898,165.31,0,0
2026-01-01T00:37:21Z,tube_leak,NORMAL,471.73,1520.5,160.16,539.6,1520.0,-1.4,-0.0902,167.3,0,0
2026-01-01T00:37:22Z,tube_leak,NORMAL,473.07,1524.3,160.41,541.1,1514.9,-6.6,-0.089,167.52,0,0
2026-01-01T00:37:23Z,tube_leak,NORMAL,474.17,1520.9,160.61,541.1,1514.2,-0.4,-0.0892,165.33,0,0
2026-01-01T00:37:24Z,tube_leak,NORMAL,473.66,1519.3,159.39,539.3,1524.1,-13.6,-0.091,165.89,0,0
2026-01-01T00:37:25Z,tube_leak,NORMAL,476.96,1515.8,159.07,538.5,1519.8,2.1,-0.0902,166.99,0,0
2026-01-01T00:37:26Z,tube_leak,NORMAL,473.84,1521.8,160.31,540.4,1517.2,-3.8,-0.0894,165.7,0,0
2026-01-01T00:37:27Z,tube_leak,NORMAL,476.9,1523.4,160.41,541.2,1523.9,4.9,-0.0896,167.29,0,0
2026-01-01T00:37:28Z,tube_leak,NORMAL,476.04,1521.9,159.95,539.8,1520.4,3.0,-0.091,165.68,0,0
2026-01-01T00:37:29Z,tube_leak,NORMAL,473.43,1516.6,159.26,541.1,1520.4,-3.5,-0.0892,163.36,0,0
2026-01-01T00:37:30Z,tube_leak,NORMAL,472.71,1517.4,160.52,539.2,1519.0,5.9,-0.0894,166.1,0,0
2026-01-01T00:37:31Z,tube_leak,NORMAL,475.37,1519.2,159.7,539.0,1520.8,-3.4,-0.0903,169.41,0,0
2026-01-01T00:37:32Z,tube_leak,NORMAL,473.46,1523.6,160.34,540.3,1521.6,-11.3,-0.0894,166.06,0,0
2026-01-01T00:37:33Z,tube_leak,NORMAL,476.36,1517.5,159.91,541.0,1522.1,5.5,-0.0902,164.59,0,0
2026-01-01T00:37:34Z,tube_leak,NORMAL,475.09,1518.7,161.07,542.4,1518.4,-4.6,-0.0896,166.66,0,0
2026-01-01T00:37:35Z,tube_leak,NORMAL,468.72,1523.6,160.22,542.0,1520.3,1.5,-0.09,167.37,0,0
2026-01-01T00:37:36Z,tube_leak,NORMAL,478.5,1521.3,159.75,539.1,1513.3,1.3,-0.088,166.38,0,0
2026-01-01T00:37:37Z,tube_leak,NORMAL,476.79,1521.8,159.36,538.9,1517.4,8.0,-0.0892,166.53,0,0
2026-01-01T00:37:38Z,tube_leak,NORMAL,474.42,1520.5,160.29,539.8,1520.5,4.8,-0.0898,164.42,0,0
2026-01-01T00:37:39Z,tube_leak,NORMAL,475.29,1520.4,159.85,542.2,1520.2,-3.1,-0.0911,165.97,0,0
2026-01-01T00:37:40Z,tube_leak,NORMAL,479.23,1518.8,160.33,538.3,1520.5,-2.0,-0.0906,166.42,0,0
2026-01-01T00:37:41Z,tube_leak,NORMAL,477.31,1523.1,159.73,542.0,1525.1,1.8,-0.0904,164.06,0,0
2026-01-01T00:37:42Z,tube_leak,NORMAL,474.71,1524.1,159.16,540.4,1525.4,5.2,-0.091,165.06,0,0
2026-01-01T00:37:43Z,tube_leak,NORMAL,474.16,1521.4,160.69,541.1,1515.2,-7.2,-0.0897,166.11,0,0
2026-01-01T00:37:44Z,tube_leak,NORMAL,473.01,1521.9,158.9,539.5,1522.6,4.9,-0.0906,165.59,0,0
2026-01-01T00:37:45Z,tube_leak,NORMAL,475.63,1519.5,160.38,541.1,1521.3,-7.5,-0.0904,165.34,0,0
2026-01-01T00:37:46Z,tube_leak,NORMAL,475.11,1518.4,159.98,541.2,1519.5,-13.2,-0.0914,166.38,0,0
2026-01-01T00:37:47Z,tube_leak,NORMAL,470.92,1521.0,160.28,540.3,1520.9,0.5,-0.0888,166.61,0,0
2026-01-01T00:37:48Z,tube_leak,NORMAL,475.72,1519.9,159.53,537.3,1514.9,-3.9,-0.09,165.93,0,0
2026-01-01T00:37:49Z,tube_leak,NORMAL,480.91,1517.3,160.88,540.9,1522.3,-5.3,-0.0906,164.57,0,0
2026-01-01T00:37:50Z,tube_leak,NORMAL,478.08,1518.9,159.6,541.1,1518.3,-3.4,-0.0908,167.32,0,0
2026-01-01T00:37:51Z,tube_leak,NORMAL,474.51,1515.8,160.18,540.3,1522.9,9.0,-0.0884,165.69,0,0
2026-01-01T00:37:52Z,tube_leak,NORMAL,475.0,1522.6,160.04,540.2,1521.1,-2.9,-0.0895,166.66,0,0
2026-01-01T00:37:53Z,tube_leak,NORMAL,473.36,1517.3,159.93,542.1,1514.4,7.9,-0.0886,165.36,0,0
2026-01-01T00:37:54Z,tube_leak,NORMAL,478.11,1520.0,160.46,542.6,1519.1,4.7,-0.0898,166.14,0,0
2026-01-01T00:37:55Z,tube_leak,NORMAL,471.98,1520.0,159.34,539.9,1518.8,3.1,-0.0894,166.33,0,0
2026-01-01T00:37:56Z,tube_leak,NORMAL,477.2,1517.9,159.57,540.8,1517.6,5.2,-0.0895,165.79,0,0
2026-01-01T00:37:57Z,tube_leak,NORMAL,473.78,1517.9,159.23,538.5,1516.6,4.0,-0.0894,168.6,0,0
2026-01-01T00:37:58Z,tube_leak,NORMAL,473.22,1519.0,160.03,540.6,1523.0,-2.9,-0.0898,165.68,0,0
2026-01-01T00:37:59Z,tube_leak,NORMAL,474.09,1520.9,159.09,541.0,1519.3,1.6,-0.0898,165.75,0,0
2026-01-01T00:38:00Z,tube_leak,NORMAL,473.15,1517.9,160.26,539.7,1519.7,1.9,-0.0878,165.11,0,0
2026-01-01T00:38:01Z,tube_leak,NORMAL,475.2,1518.6,160.25,540.7,1520.2,-7.7,-0.0909,166.87,0,0
2026-01-01T00:38:02Z,tube_leak,NORMAL,471.12,1520.7,160.29,540.8,1522.2,-7.0,-0.0913,164.12,0,0
2026-01-01T00:38:03Z,tube_leak,NORMAL,477.34,1520.5,159.8,540.7,1515.7,-0.4,-0.0904,166.11,0,0
2026-01-01T00:38:04Z,tube_leak,NORMAL,475.33,1520.9,159.52,538.6,1522.3,1.3,-0.0919,165.83,0,0
2026-01-01T00:38:05Z,tube_leak,NORMAL,474.59,1518.9,160.09,539.6,1520.8,-1.4,-0.0892,164.71,0,0
2026-01-01T00:38:06Z,tube_leak,NORMAL,473.55,1521.2,159.46,538.2,1519.1,-5.6,-0.0891,165.34,0,0
2026-01-01T00:38:07Z,tube_leak,NORMAL,467.48,1518.6,159.98,540.1,1520.1,-1.9,-0.0906,167.38,0,0
2026-01-01T00:38:08Z,tube_leak,NORMAL,477.01,1520.6,159.91,540.5,1520.1,0.4,-0.0898,165.65,0,0
2026-01-01T00:38:09Z,tube_leak,NORMAL,480.0,1518.1,159.29,540.0,1514.4,1.8,-0.0917,166.02,0,0
2026-01-01T00:38:10Z,tube_leak,NORMAL,478.45,1519.3,159.8,542.0,1520.0,-7.9,-0.0892,166.98,0,0
2026-01-01T00:38:11Z,tube_leak,NORMAL,476.44,1521.2,160.29,541.2,1519.3,-4.4,-0.0898,166.56,0,0
2026-01-01T00:38:12Z,tube_leak,NORMAL,475.87,1521.6,160.38,540.3,1517.2,-3.1,-0.0899,165.78,0,0
2026-01-01T00:38:13Z,tube_leak,NORMAL,474.36,1515.3,160.56,539.4,1523.9,-6.6,-0.0883,167.32,0,0
2026-01-01T00:38:14Z,tube_leak,NORMAL,470.59,1521.2,159.43,540.8,1522.4,0.5,-0.0902,165.83,0,0
2026-01-01T00:38:15Z,tube_leak,NORMAL,477.06,1522.6,160.48,540.8,1525.7,4.7,-0.0902,166.35,0,0
2026-01-01T00:38:16Z,tube_leak,NORMAL,474.43,1518.9,160.05,540.0,1524.6,-2.0,-0.0906,166.09,0,0
2026-01-01T00:38:17Z,tube_leak,NORMAL,470.97,1522.5,160.71,540.0,1519.1,4.1,-0.09,167.48,0,0
2026-01-01T00:38:18Z,tube_leak,NORMAL,475.37,1523.1,160.58,539.5,1521.6,5.8,-0.0898,165.68,0,0
2026-01-01T00:38:19Z,tube_leak,NORMAL,475.76,1516.6,160.51,540.4,1516.9,0.3,-0.0893,164.74,0,0
2026-01-01T00:38:20Z,tube_leak,NORMAL,479.51,1518.4,160.28,541.1,1524.8,-5.1,-0.0921,166.23,0,0
2026-01-01T00:38:21Z,tube_leak,NORMAL,472.6,1516.3,160.26,541.8,1515.8,6.2,-0.0914,166.2,0,0
2026-01-01T00:38:22Z,tube_leak,NORMAL,479.78,1516.6,160.71,539.1,1520.2,-1.4,-0.0907,166.46,0,0
2026-01-01T00:38:23Z,tube_leak,NORMAL,468.87,1518.3,161.04,541.7,1521.6,8.6,-0.0898,165.6,0,0
2026-01-01T00:38:24Z,tube_leak,NORMAL,475.52,1522.7,160.51,540.7,1512.0,1.2,-0.0904,166.77,0,0
2026-01-01T00:38:25Z,tube_leak,NORMAL,474.68,1516.8,160.52,540.4,1518.7,-6.3,-0.0898,166.18,0,0
2026-01-01T00:38:26Z,tube_leak,NORMAL,477.74,1519.3,159.45,541.0,1516.3,5.3,-0.0909,167.21,0,0
2026-01-01T00:38:27Z,tube_leak,NORMAL,480.35,1520.2,159.78,539.9,1518.7,-1.2,-0.0898,164.87,0,0
2026-01-01T00:38:28Z,tube_leak,NORMAL,472.35,1520.4,159.53,540.6,1518.5,2.1,-0.089,166.05,0,0
2026-01-01T00:38:29Z,tube_leak,NORMAL,477.17,1517.7,159.59,539.8,1519.0,-0.5,-0.0914,163.52,0,0
2026-01-01T00:38:30Z,tube_leak,NORMAL,475.62,1519.0,159.63,540.6,1522.9,0.8,-0.0905,166.66,0,0
2026-01-01T00:38:31Z,tube_leak,NORMAL,477.24,1518.1,160.37,540.5,1521.2,9.0,-0.0918,165.09,0,0
2026-01-01T00:38:32Z,tube_leak,NORMAL,476.16,1521.5,159.4,539.1,1519.7,1.9,-0.0908,166.54,0,0
2026-01-01T00:38:33Z,tube_leak,NORMAL,478.25,1523.0,160.39,540.1,1515.0,3.8,-0.0911,166.95,0,0
2026-01-01T00:38:34Z,tube_leak,NORMAL,475.9,1520.0,159.36,540.5,1516.2,3.2,-0.0913,165.81,0,0
2026-01-01T00:38:35Z,tube_leak,NORMAL,473.68,1522.8,159.99,540.9,1517.1,-1.8,-0.0903,166.47,0,0
2026-01-01T00:38:36Z,tube_leak,NORMAL,470.5,1519.8,160.31,538.2,1522.5,6.3,-0.0903,167.32,0,0
2026-01-01T00:38:37Z,tube_leak,NORMAL,477.15,1519.4,159.47,540.8,1520.5,0.5,-0.0913,167.43,0,0
2026-01-01T00:38:38Z,tube_leak,NORMAL,473.08,1519.7,159.64,541.6,1522.1,9.0,-0.0893,164.33,0,0
2026-01-01T00:38:39Z,tube_leak,NORMAL,474.29,1521.1,160.75,537.5,1520.8,5.2,-0.091,166.51,0,0
2026-01-01T00:38:40Z,tube_leak,NORMAL,474.16,1522.6,160.89,540.7,1521.6,8.5,-0.09,167.46,0,0
2026-01-01T00:38:41Z,tube_leak,NORMAL,475.01,1519.9,160.47,539.1,1521.6,9.9,-0.0889,166.54,0,0
2026-01-01T00:38:42Z,tube_leak,NORMAL,473.44,1517.8,160.06,541.3,1514.4,4.6,-0.09,165.78,0,0
2026-01-01T00:38:43Z,tube_leak,NORMAL,470.85,1524.7,160.02,540.6,1525.1,0.9,-0.0897,166.09,0,0
2026-01-01T00:38:44Z,tube_leak,NORMAL,475.87,1522.9,159.84,538.3,1516.7,7.0,-0.0891,165.26,0,0
2026-01-01T00:38:45Z,tube_leak,NORMAL,474.71,1519.7,160.46,539.8,1519.0,9.4,-0.0899,165.6,0,0
2026-01-01T00:38:46Z,tube_leak,NORMAL,472.11,1520.9,160.86,537.5,1516.5,6.0,-0.0911,166.23,0,0
2026-01-01T00:38:47Z,tube_leak,NORMAL,474.91,1519.6,160.42,540.8,1516.3,7.0,-0.0895,166.36,0,0
2026-01-01T00:38:48Z,tube_leak,NORMAL,475.0,1517.9,160.2,539.7,1520.8,14.5,-0.0909,168.74,0,0
2026-01-01T00:38:49Z,tube_leak,NORMAL,477.28,1522.0,160.55,540.3,1516.2,-7.3,-0.0921,165.42,0,0
2026-01-01T00:38:50Z,tube_leak,NORMAL,476.01,1518.2,159.96,540.3,1523.3,10.2,-0.0884,167.72,0,0
2026-01-01T00:38:51Z,tube_leak,NORMAL,472.95,1518.6,159.57,540.1,1518.3,5.0,-0.0894,166.01,0,0
2026-01-01T00:38:52Z,tube_leak,NORMAL,473.26,1518.9,160.15,541.4,1518.3,-0.9,-0.0888,166.47,0,0
2026-01-01T00:38:53Z,tube_leak,NORMAL,472.54,1520.2,159.27,539.6,1518.1,9.7,-0.0907,165.72,0,0
2026-01-01T00:38:54Z,tube_leak,NORMAL,478.83,1522.1,160.04,540.7,1525.6,4.1,-0.0892,166.09,0,0
2026-01-01T00:38:55Z,tube_leak,NORMAL,474.77,1518.6,160.47,541.6,1520.8,2.8,-0.0901,165.25,0,0
2026-01-01T00:38:56Z,tube_leak,NORMAL,471.71,1515.9,160.17,539.8,1519.3,-1.7,-0.0887,165.59,0,0
2026-01-01T00:38:57Z,tube_leak,NORMAL,473.13,1518.3,160.47,541.4,1516.3,2.4,-0.09,167.17,0,0
2026-01-01T00:38:58Z,tube_leak,NORMAL,473.38,1522.7,159.71,539.8,1517.8,1.7,-0.0904,165.41,0,0
2026-01-01T00:38:59Z,tube_leak,NORMAL,474.5,1518.3,158.86,541.5,1518.7,8.2,-0.0897,166.44,0,0
2026-01-01T00:39:00Z,tube_leak,NORMAL,474.58,1520.6,160.09,539.8,1519.5,6.0,-0.0908,166.52,0,0
2026-01-01T00:39:01Z,tube_leak,NORMAL,470.81,1520.6,159.7,539.3,1522.0,8.2,-0.0916,165.95,0,0
2026-01-01T00:39:02Z,tube_leak,NORMAL,474.86,1519.0,160.14,538.9,1518.4,7.4,-0.0896,165.03,0,0
2026-01-01T00:39:03Z,tube_leak,NORMAL,475.65,1521.6,160.27,539.6,1518.3,9.1,-0.0907,166.1,0,0
2026-01-01T00:39:04Z,tube_leak,NORMAL,476.24,1521.0,160.76,540.9,1519.2,0.7,-0.0914,164.49,0,0
2026-01-01T00:39:05Z,tube_leak,NORMAL,477.62,1519.7,160.55,540.3,1518.2,3.5,-0.0897,166.06,0,0
2026-01-01T00:39:06Z,tube_leak,NORMAL,475.79,1517.8,159.93,540.0,1521.5,-0.5,-0.0901,166.58,0,0
2026-01-01T00:39:07Z,tube_leak,NORMAL,476.13,1522.0,159.85,540.8,1516.4,-5.4,-0.0902,165.11,0,0
2026-01-01T00:39:08Z,tube_leak,NORMAL,476.03,1517.8,160.52,540.8,1522.5,7.6,-0.0908,166.36,0,0
2026-01-01T00:39:09Z,tube_leak,NORMAL,477.0,1518.3,159.95,538.9,1518.7,6.4,-0.0895,165.01,0,0
2026-01-01T00:39:10Z,tube_leak,NORMAL,476.98,1520.7,160.13,541.0,1516.7,0.9,-0.0889,165.34,0,0
2026-01-01T00:39:11Z,tube_leak,NORMAL,468.96,1522.3,159.63,541.2,1515.3,0.4,-0.0902,165.8,0,0
2026-01-01T00:39:12Z,tube_leak,NORMAL,471.89,1519.5,159.35,540.2,1517.9,3.7,-0.0886,165.59,0,0
2026-01-01T00:39:13Z,tube_leak,NORMAL,477.01,1522.7,159.5,539.7,1513.6,3.0,-0.0896,166.98,0,0
2026-01-01T00:39:14Z,tube_leak,NORMAL,474.01,1524.6,160.07,539.2,1520.0,-6.3,-0.0908,164.84,0,0
2026-01-01T00:39:15Z,tube_leak,NORMAL,472.67,1518.9,159.05,539.2,1522.8,-4.9,-0.0907,167.64,0,0
2026-01-01T00:39:16Z,tube_leak,NORMAL,473.24,1522.0,160.78,539.4,1520.5,3.2,-0.0893,167.1,0,0
2026-01-01T00:39:17Z,tube_leak,NORMAL,471.5,1518.4,159.17,538.6,1523.2,-3.3,-0.0896,165.49,0,0
2026-01-01T00:39:18Z,tube_leak,NORMAL,471.54,1519.3,160.46,539.4,1520.4,5.0,-0.0906,167.41,0,0
2026-01-01T00:39:19Z,tube_leak,NORMAL,473.02,1524.9,160.81,539.2,1521.3,-4.0,-0.0897,167.38,0,0
2026-01-01T00:39:20Z,tube_leak,NORMAL,477.14,1518.3,159.53,540.8,1524.2,8.6,-0.0904,165.73,0,0
2026-01-01T00:39:21Z,tube_leak,NORMAL,470.83,1519.9,160.14,539.6,1522.0,6.5,-0.0888,166.15,0,0
2026-01-01T00:39:22Z,tube_leak,NORMAL,473.05,1519.6,160.57,539.3,1520.5,4.0,-0.0896,164.85,0,0
2026-01-01T00:39:23Z,tube_leak,NORMAL,478.22,1517.1,159.13,539.1,1521.6,-0.0,-0.0909,165.8,0,0
2026-01-01T00:39:24Z,tube_leak,NORMAL,477.98,1523.2,160.59,539.4,1521.0,13.4,-0.0884,167.25,0,0
2026-01-01T00:39:25Z,tube_leak,NORMAL,473.86,1522.2,160.0,538.3,1515.1,6.5,-0.0898,164.77,0,0
2026-01-01T00:39:26Z,tube_leak,NORMAL,476.26,1522.8,160.82,540.2,1521.6,7.3,-0.0901,166.18,0,0
2026-01-01T00:39:27Z,tube_leak,NORMAL,477.98,1519.4,160.87,537.7,1518.5,11.5,-0.0902,166.72,0,0
2026-01-01T00:39:28Z,tube_leak,NORMAL,474.88,1519.4,160.57,540.4,1522.5,-3.2,-0.089,165.0,0,0
2026-01-01T00:39:29Z,tube_leak,NORMAL,477.15,1520.5,160.31,539.4,1519.6,1.4,-0.0892,166.64,0,0
2026-01-01T00:39:30Z,tube_leak,NORMAL,473.57,1516.7,159.51,540.0,1514.6,11.2,-0.0887,166.98,0,0
2026-01-01T00:39:31Z,tube_leak,NORMAL,471.62,1519.8,159.69,539.7,1520.2,11.7,-0.0904,164.9,0,0
2026-01-01T00:39:32Z,tube_leak,NORMAL,468.46,1518.5,160.95,539.7,1517.4,6.8,-0.0889,165.95,0,0
2026-01-01T00:39:33Z,tube_leak,NORMAL,475.08,1522.9,160.59,538.6,1520.2,10.5,-0.0896,167.1,0,0
2026-01-01T00:39:34Z,tube_leak,NORMAL,475.83,1519.4,159.88,541.0,1519.6,3.4,-0.0892,167.14,0,0
2026-01-01T00:39:35Z,tube_leak,NORMAL,475.18,1522.3,159.05,540.5,1517.0,3.3,-0.0899,165.28,0,0
2026-01-01T00:39:36Z,tube_leak,NORMAL,480.54,1520.1,159.83,541.2,1518.3,7.4,-0.0886,166.9,0,0
2026-01-01T00:39:37Z,tube_leak,NORMAL,474.43,1520.3,161.49,542.3,1512.9,7.6,-0.0904,165.74,0,0
2026-01-01T00:39:38Z,tube_leak,NORMAL,470.5,1519.2,160.45,539.5,1519.2,18.3,-0.0897,166.19,0,0
2026-01-01T00:39:39Z,tube_leak,NORMAL,473.47,1517.8,160.92,542.1,1521.7,4.9,-0.0909,166.76,0,0
2026-01-01T00:39:40Z,tube_leak,NORMAL,477.73,1519.0,160.57,540.9,1518.5,-0.2,-0.0913,166.01,0,0
2026-01-01T00:39:41Z,tube_leak,NORMAL,471.28,1518.1,160.59,539.4,1519.2,4.0,-0.0908,166.27,0,0
2026-01-01T00:39:42Z,tube_leak,NORMAL,475.22,1515.5,160.45,538.9,1519.9,4.3,-0.0895,167.3,0,0
2026-01-01T00:39:43Z,tube_leak,NORMAL,475.17,1518.4,159.58,539.3,1519.7,9.1,-0.0895,166.13,0,0
2026-01-01T00:39:44Z,tube_leak,NORMAL,473.74,1516.4,160.07,538.8,1521.3,3.0,-0.0911,166.31,0,0
2026-01-01T00:39:45Z,tube_leak,NORMAL,475.4,1519.7,160.89,539.6,1528.4,1.1,-0.0896,164.62,0,0
2026-01-01T00:39:46Z,tube_leak,NORMAL,477.46,1516.9,160.14,538.3,1522.5,5.6,-0.0897,167.39,0,0
2026-01-01T00:39:47Z,tube_leak,NORMAL,474.09,1519.9,159.37,540.1,1515.3,7.6,-0.0893,166.08,0,0
2026-01-01T00:39:48Z,tube_leak,NORMAL,475.25,1522.0,160.04,538.9,1520.6,2.7,-0.0903,164.92,0,0
2026-01-01T00:39:49Z,tube_leak,NORMAL,474.12,1519.3,160.31,539.8,1522.8,-4.4,-0.0894,166.13,0,0
2026-01-01T00:39:50Z,tube_leak,NORMAL,475.93,1520.8,159.97,540.6,1522.3,5.6,-0.0903,165.74,0,0
2026-01-01T00:39:51Z,tube_leak,NORMAL,478.63,1516.9,159.39,539.0,1517.9,9.0,-0.0883,166.33,0,0
2026-01-01T00:39:52Z,tube_leak,NORMAL,475.78,1520.3,159.72,538.6,1521.3,1.2,-0.0905,166.02,0,0
2026-01-01T00:39:53Z,tube_leak,NORMAL,471.99,1522.5,160.39,538.8,1523.2,6.6,-0.0903,165.95,0,0
2026-01-01T00:39:54Z,tube_leak,NORMAL,474.07,1519.2,160.0,538.7,1516.1,5.9,-0.0901,165.12,0,0
2026-01-01T00:39:55Z,tube_leak,NORMAL,474.75,1514.3,160.43,539.0,1520.5,7.5,-0.089,166.8,0,0
2026-01-01T00:39:56Z,tube_leak,NORMAL,474.58,1521.1,159.9,540.8,1523.3,-0.1,-0.0898,167.27,0,0
2026-01-01T00:39:57Z,tube_leak,NORMAL,478.66,1522.4,160.31,540.2,1517.6,8.0,-0.0903,165.61,0,0
2026-01-01T00:39:58Z,tube_leak,NORMAL,473.6,1520.2,159.38,540.9,1523.4,14.6,-0.0898,166.47,0,0
2026-01-01T00:39:59Z,tube_leak,NORMAL,471.4,1518.1,160.09,542.1,1518.6,5.8,-0.0906,165.96,0,0
2026-01-01T00:40:00Z,tube_leak,NORMAL,478.2,1519.3,160.56,540.1,1519.4,3.6,-0.0894,166.67,0,0
2026-01-01T00:40:01Z,tube_leak,NORMAL,472.76,1523.1,160.11,540.0,1516.0,6.0,-0.0886,167.14,0,0
2026-01-01T00:40:02Z,tube_leak,NORMAL,477.68,1520.5,160.13,540.4,1517.2,3.0,-0.0888,166.56,0,0
2026-01-01T00:40:03Z,tube_leak,NORMAL,477.73,1518.1,159.68,540.0,1525.5,5.7,-0.0909,168.32,0,0
2026-01-01T00:40:04Z,tube_leak,NORMAL,475.61,1516.7,160.48,536.5,1521.4,6.1,-0.0891,163.84,0,0
2026-01-01T00:40:05Z,tube_leak,NORMAL,474.72,1520.0,159.98,540.7,1527.8,8.7,-0.0892,164.75,0,0
2026-01-01T00:40:06Z,tube_leak,NORMAL,473.82,1523.4,160.26,539.6,1522.7,9.8,-0.0891,166.34,0,0
2026-01-01T00:40:07Z,tube_leak,NORMAL,475.73,1522.6,160.01,539.4,1519.2,-7.6,-0.0902,164.94,0,0
2026-01-01T00:40:08Z,tube_leak,NORMAL,473.42,1523.5,160.17,538.9,1521.8,10.3,-0.0898,166.86,0,0
2026-01-01T00:40:09Z,tube_leak,NORMAL,473.53,1518.6,160.94,541.3,1518.8,4.4,-0.0918,166.65,0,0
2026-01-01T00:40:10Z,tube_leak,NORMAL,474.9,1519.6,160.26,539.9,1525.3,0.9,-0.0908,167.21,0,0
2026-01-01T00:40:11Z,tube_leak,NORMAL,475.52,1520.4,160.51,540.8,1525.7,11.9,-0.0922,165.73,0,0
2026-01-01T00:40:12Z,tube_leak,NORMAL,478.81,1522.0,159.51,539.7,1520.1,-0.2,-0.091,165.48,0,0
2026-01-01T00:40:13Z,tube_leak,NORMAL,472.56,1521.2,159.08,540.9,1524.5,2.9,-0.0892,167.05,0,0
2026-01-01T00:40:14Z,tube_leak,NORMAL,480.46,1520.0,159.6,540.0,1519.4,4.1,-0.09,165.18,0,0
2026-01-01T00:40:15Z,tube_leak,NORMAL,471.24,1515.4,160.24,539.9,1522.4,4.6,-0.0897,165.81,0,0
2026-01-01T00:40:16Z,tube_leak,NORMAL,474.31,1520.2,159.33,540.9,1520.6,-7.9,-0.0897,163.88,0,0
2026-01-01T00:40:17Z,tube_leak,NORMAL,476.02,1522.6,159.97,539.5,1520.9,7.8,-0.0898,167.49,0,0
2026-01-01T00:40:18Z,tube_leak,NORMAL,473.02,1519.9,160.13,539.9,1521.2,6.5,-0.089,166.03,0,0
2026-01-01T00:40:19Z,tube_leak,NORMAL,474.75,1521.3,159.98,539.9,1521.7,4.7,-0.09,165.09,0,0
2026-01-01T00:40:20Z,tube_leak,NORMAL,476.31,1519.6,161.07,540.2,1522.0,3.5,-0.0899,166.6,0,0
2026-01-01T00:40:21Z,tube_leak,NORMAL,478.0,1520.3,160.0,540.8,1519.3,-1.6,-0.09,166.73,0,0
2026-01-01T00:40:22Z,tube_leak,NORMAL,478.01,1520.1,159.22,539.2,1521.5,3.3,-0.0887,167.47,0,0
2026-01-01T00:40:23Z,tube_leak,NORMAL,481.16,1520.7,160.29,539.2,1520.1,-3.7,-0.0898,165.76,0,0
2026-01-01T00:40:24Z,tube_leak,NORMAL,469.18,1520.2,159.97,538.7,1514.9,1.5,-0.0902,164.63,0,0
2026-01-01T00:40:25Z,tube_leak,NORMAL,473.17,1518.7,159.22,539.6,1517.2,17.4,-0.0877,165.52,0,0
2026-01-01T00:40:26Z,tube_leak,NORMAL,477.11,1518.1,159.62,540.1,1520.0,4.7,-0.0884,165.38,0,0
2026-01-01T00:40:27Z,tube_leak,NORMAL,477.96,1519.6,159.85,539.3,1521.0,4.6,-0.0887,164.12,0,0
2026-01-01T00:40:28Z,tube_leak,NORMAL,475.98,1520.4,160.32,539.4,1518.0,-2.4,-0.0905,166.82,0,0
2026-01-01T00:40:29Z,tube_leak,NORMAL,470.78,1520.0,160.42,539.8,1521.9,2.4,-0.0901,168.19,0,0
2026-01-01T00:40:30Z,tube_leak,NORMAL,477.37,1520.1,159.83,540.7,1519.4,3.5,-0.091,168.41,0,0
2026-01-01T00:40:31Z,tube_leak,NORMAL,473.52,1519.1,159.32,539.2,1522.1,-1.2,-0.0898,166.52,0,0
2026-01-01T00:40:32Z,tube_leak,NORMAL,476.27,1520.4,160.59,538.9,1521.7,-4.5,-0.0904,166.14,0,0
2026-01-01T00:40:33Z,tube_leak,NORMAL,469.38,1519.8,159.66,539.0,1515.8,-2.2,-0.0894,166.14,0,0
2026-01-01T00:40:34Z,tube_leak,NORMAL,476.06,1519.3,159.42,539.8,1522.1,4.3,-0.0902,166.73,0,0
2026-01-01T00:40:35Z,tube_leak,NORMAL,475.78,1524.4,159.79,539.5,1517.2,13.9,-0.0894,169.5,0,0
2026-01-01T00:40:36Z,tube_leak,NORMAL,477.08,1520.2,160.12,540.4,1521.0,-9.7,-0.0909,165.96,0,0
2026-01-01T00:40:37Z,tube_leak,NORMAL,471.37,1519.1,160.65,539.5,1521.8,-10.8,-0.0901,166.41,0,0
2026-01-01T00:40:38Z,tube_leak,NORMAL,472.33,1516.4,160.1,540.2,1518.2,3.0,-0.089,166.61,0,0
2026-01-01T00:40:39Z,tube_leak,NORMAL,476.04,1520.1,159.44,539.5,1519.3,2.6,-0.0903,164.62,0,0
2026-01-01T00:40:40Z,tube_leak,NORMAL,478.22,1525.1,160.57,541.2,1522.8,-0.2,-0.0903,166.67,0,0
2026-01-01T00:40:41Z,tube_leak,NORMAL,473.9,1518.7,159.53,539.8,1516.8,2.2,-0.09,165.54,0,0
2026-01-01T00:40:42Z,tube_leak,NORMAL,477.09,1516.1,160.72,539.1,1518.2,9.5,-0.0892,166.09,0,0
2026-01-01T00:40:43Z,tube_leak,NORMAL,475.61,1521.0,158.62,541.1,1521.5,-1.4,-0.0899,166.05,0,0
2026-01-01T00:40:44Z,tube_leak,NORMAL,473.38,1518.8,160.59,540.1,1519.8,-5.1,-0.0895,167.81,0,0
2026-01-01T00:40:45Z,tube_leak,NORMAL,473.58,1520.1,160.06,541.3,1516.9,4.6,-0.0905,166.58,0,0
2026-01-01T00:40:46Z,tube_leak,NORMAL,478.91,1518.8,160.0,539.5,1512.8,4.9,-0.0923,168.07,0,0
2026-01-01T00:40:47Z,tube_leak,NORMAL,470.16,1519.8,159.86,539.1,1517.2,7.9,-0.0905,166.59,0,0
2026-01-01T00:40:48Z,tube_leak,NORMAL,479.9,1524.2,160.67,539.6,1510.2,7.9,-0.0894,165.39,0,0
2026-01-01T00:40:49Z,tube_leak,NORMAL,476.23,1518.8,159.6,539.2,1522.1,-4.9,-0.0913,165.58,0,0
2026-01-01T00:40:50Z,tube_leak,NORMAL,474.56,1520.4,160.24,539.9,1516.5,1.1,-0.0908,166.34,0,0
2026-01-01T00:40:51Z,tube_leak,NORMAL,476.12,1521.2,160.6,538.6,1519.1,5.4,-0.0914,167.05,0,0
2026-01-01T00:40:52Z,tube_leak,NORMAL,473.96,1520.8,160.16,540.3,1520.8,-3.8,-0.09,167.89,0,0
2026-01-01T00:40:53Z,tube_leak,NORMAL,473.55,1521.5,159.73,539.7,1524.3,-0.1,-0.0901,167.05,0,0
2026-01-01T00:40:54Z,tube_leak,NORMAL,476.78,1516.9,160.63,540.9,1518.0,1.3,-0.0912,165.87,0,0
2026-01-01T00:40:55Z,tube_leak,NORMAL,474.83,1520.0,159.82,539.4,1520.7,8.5,-0.0897,165.11,0,0
2026-01-01T00:40:56Z,tube_leak,NORMAL,477.97,1517.3,159.9,538.8,1519.1,9.9,-0.0931,165.53,0,0
2026-01-01T00:40:57Z,tube_leak,NORMAL,470.85,1522.3,160.96,540.2,1523.8,-13.5,-0.0898,166.79,0,0
2026-01-01T00:40:58Z,tube_leak,NORMAL,476.56,1518.8,159.78,539.3,1520.6,-2.2,-0.0897,165.87,0,0
2026-01-01T00:40:59Z,tube_leak,NORMAL,473.24,1521.0,159.98,538.8,1527.2,1.1,-0.0905,166.26,0,0
2026-01-01T00:41:00Z,tube_leak,NORMAL,474.36,1516.0,158.89,542.0,1520.3,2.4,-0.0901,165.8,0,0
2026-01-01T00:41:01Z,tube_leak,NORMAL,470.57,1521.2,159.21,538.5,1521.2,1.3,-0.0904,168.58,0,0
2026-01-01T00:41:02Z,tube_leak,NORMAL,476.4,1524.3,159.75,540.1,1523.6,5.3,-0.09,164.92,0,0
2026-01-01T00:41:03Z,tube_leak,NORMAL,471.45,1520.6,159.25,540.9,1523.3,4.8,-0.0917,167.73,0,0
2026-01-01T00:41:04Z,tube_leak,NORMAL,475.39,1515.3,159.72,538.7,1520.0,-1.2,-0.0905,166.23,0,0
2026-01-01T00:41:05Z,tube_leak,NORMAL,472.11,1516.9,159.39,538.6,1518.6,4.5,-0.0895,166.28,0,0
2026-01-01T00:41:06Z,tube_leak,NORMAL,475.73,1522.1,160.1,541.2,1519.8,-0.8,-0.0889,165.65,0,0
2026-01-01T00:41:07Z,tube_leak,NORMAL,472.86,1516.6,159.96,540.0,1522.2,4.4,-0.0899,164.67,0,0
2026-01-01T00:41:08Z,tube_leak,NORMAL,469.09,1521.0,160.09,540.1,1519.5,-2.2,-0.092,164.44,0,0
2026-01-01T00:41:09Z,tube_leak,NORMAL,477.99,1523.5,159.54,538.2,1512.4,-7.8,-0.09,167.41,0,0
2026-01-01T00:41:10Z,tube_leak,NORMAL,476.21,1520.9,159.81,540.6,1517.0,1.6,-0.0886,164.63,0,0
2026-01-01T00:41:11Z,tube_leak,NORMAL,479.47,1520.2,159.28,539.6,1519.4,-4.8,-0.0912,167.86,0,0
2026-01-01T00:41:12Z,tube_leak,NORMAL,474.57,1520.0,159.57,538.8,1518.6,8.4,-0.0886,167.78,0,0
2026-01-01T00:41:13Z,tube_leak,NORMAL,476.45,1519.7,160.22,539.1,1529.2,3.4,-0.0914,165.23,0,0
2026-01-01T00:41:14Z,tube_leak,NORMAL,470.41,1518.8,159.96,541.5,1525.3,0.7,-0.0904,165.39,0,0
2026-01-01T00:41:15Z,tube_leak,NORMAL,471.47,1521.2,160.03,541.9,1522.5,-2.9,-0.09,164.2,0,0
2026-01-01T00:41:16Z,tube_leak,NORMAL,476.38,1521.4,159.91,538.1,1524.4,-6.3,-0.0901,166.31,0,0
2026-01-01T00:41:17Z,tube_leak,NORMAL,476.57,1519.4,159.09,542.1,1524.2,-2.7,-0.0898,164.15,0,0
2026-01-01T00:41:18Z,tube_leak,NORMAL,477.69,1523.2,159.77,538.5,1515.6,-7.6,-0.0907,165.86,0,0
2026-01-01T00:41:19Z,tube_leak,NORMAL,476.82,1518.1,160.01,540.1,1524.2,-5.1,-0.0915,165.17,0,0
2026-01-01T00:41:20Z,tube_leak,NORMAL,475.85,1518.4,160.04,540.6,1519.2,0.5,-0.0909,166.39,0,0
2026-01-01T00:41:21Z,tube_leak,NORMAL,476.12,1517.6,159.68,540.5,1519.5,-4.6,-0.0912,164.21,0,0
2026-01-01T00:41:22Z,tube_leak,NORMAL,476.18,1518.9,159.79,539.9,1517.5,7.2,-0.0894,165.7,0,0
2026-01-01T00:41:23Z,tube_leak,NORMAL,473.06,1520.0,160.58,540.0,1521.7,-7.1,-0.0922,167.41,0,0
2026-01-01T00:41:24Z,tube_leak,NORMAL,474.2,1521.4,159.57,541.4,1521.3,-2.4,-0.0904,166.14,0,0
2026-01-01T00:41:25Z,tube_leak,NORMAL,472.24,1520.7,160.09,539.5,1515.7,-5.9,-0.0905,166.26,0,0
2026-01-01T00:41:26Z,tube_leak,NORMAL,474.06,1520.9,160.43,538.9,1520.4,-10.5,-0.0907,166.42,0,0
2026-01-01T00:41:27Z,tube_leak,NORMAL,473.93,1520.8,160.12,539.0,1519.3,-16.7,-0.0899,165.21,0,0
2026-01-01T00:41:28Z,tube_leak,NORMAL,473.66,1520.3,159.66,540.8,1522.0,-0.9,-0.0895,165.26,0,0
2026-01-01T00:41:29Z,tube_leak,NORMAL,472.08,1522.8,160.02,538.9,1525.0,-1.8,-0.0916,166.44,0,0
2026-01-01T00:41:30Z,tube_leak,NORMAL,475.6,1522.3,159.87,540.7,1521.9,-1.3,-0.0917,166.91,0,0
2026-01-01T00:41:31Z,tube_leak,NORMAL,476.59,1518.0,159.75,541.0,1520.4,-0.3,-0.0908,165.91,0,0
2026-01-01T00:41:32Z,tube_leak,NORMAL,475.32,1518.0,158.61,539.5,1521.5,-3.8,-0.0908,166.16,0,0
2026-01-01T00:41:33Z,tube_leak,NORMAL,477.49,1520.6,160.0,540.1,1518.3,-5.9,-0.0897,167.35,0,0
2026-01-01T00:41:34Z,tube_leak,NORMAL,479.32,1521.6,160.12,540.9,1518.9,-14.9,-0.0908,166.86,0,0
2026-01-01T00:41:35Z,tube_leak,NORMAL,477.2,1522.1,160.12,541.2,1519.0,-11.4,-0.0908,165.61,0,0
2026-01-01T00:41:36Z,tube_leak,NORMAL,474.71,1519.6,159.91,542.2,1517.0,-2.8,-0.0903,165.69,0,0
2026-01-01T00:41:37Z,tube_leak,NORMAL,473.5,1516.7,160.07,539.2,1519.6,-1.2,-0.0919,165.96,0,0
2026-01-01T00:41:38Z,tube_leak,NORMAL,475.39,1517.8,159.27,539.2,1522.6,-3.4,-0.0894,165.41,0,0
2026-01-01T00:41:39Z,tube_leak,NORMAL,474.98,1520.3,160.26,541.4,1518.6,2.6,-0.0901,165.08,0,0
2026-01-01T00:41:40Z,tube_leak,NORMAL,477.17,1518.4,159.8,540.6,1518.9,-1.6,-0.0901,166.02,0,0
2026-01-01T00:41:41Z,tube_leak,NORMAL,476.49,1517.9,160.19,540.5,1520.8,2.5,-0.0894,165.31,0,0
2026-01-01T00:41:42Z,tube_leak,NORMAL,475.24,1520.7,160.54,542.1,1520.8,-0.6,-0.0899,164.35,0,0
2026-01-01T00:41:43Z,tube_leak,NORMAL,476.75,1517.5,159.32,540.1,1521.4,-3.0,-0.0891,167.74,0,0
2026-01-01T00:41:44Z,tube_leak,NORMAL,477.84,1523.5,159.71,540.6,1521.6,-7.0,-0.0902,166.17,0,0
2026-01-01T00:41:45Z,tube_leak,NORMAL,475.53,1520.8,159.41,540.6,1521.6,6.8,-0.0899,166.47,0,0
2026-01-01T00:41:46Z,tube_leak,NORMAL,476.1,1521.9,160.63,539.7,1518.7,-3.5,-0.0892,166.15,0,0
2026-01-01T00:41:47Z,tube_leak,NORMAL,474.14,1518.6,160.08,539.7,1514.2,-5.7,-0.092,166.88,0,0
2026-01-01T00:41:48Z,tube_leak,NORMAL,475.34,1515.5,160.07,539.6,1522.9,-5.4,-0.0896,164.19,0,0
2026-01-01T00:41:49Z,tube_leak,NORMAL,472.64,1515.6,159.91,540.6,1522.3,5.8,-0.0891,168.29,0,0
2026-01-01T00:41:50Z,tube_leak,NORMAL,473.73,1521.0,160.69,541.2,1521.3,0.4,-0.0926,167.21,0,0
2026-01-01T00:41:51Z,tube_leak,NORMAL,475.22,1519.9,160.11,541.3,1519.7,-11.5,-0.0902,166.57,0,0
2026-01-01T00:41:52Z,tube_leak,NORMAL,477.54,1518.1,158.88,538.1,1517.9,3.8,-0.0897,167.59,0,0
2026-01-01T00:41:53Z,tube_leak,NORMAL,477.71,1522.2,160.58,539.9,1518.8,-3.7,-0.0896,165.94,0,0
2026-01-01T00:41:54Z,tube_leak,NORMAL,473.24,1521.2,161.3,540.8,1517.1,-5.3,-0.0893,167.0,0,0
2026-01-01T00:41:55Z,tube_leak,NORMAL,472.8,1521.0,159.85,540.5,1522.5,-8.1,-0.0909,168.85,0,0
2026-01-01T00:41:56Z,tube_leak,NORMAL,473.33,1519.2,160.0,538.7,1524.8,-2.2,-0.0913,166.21,0,0
2026-01-01T00:41:57Z,tube_leak,NORMAL,474.94,1520.1,159.98,536.8,1520.1,-13.1,-0.0897,166.29,0,0
2026-01-01T00:41:58Z,tube_leak,NORMAL,478.95,1520.2,161.01,541.5,1522.3,-9.1,-0.0891,167.73,0,0
2026-01-01T00:41:59Z,tube_leak,NORMAL,478.57,1518.0,160.97,539.3,1520.1,-2.2,-0.0901,167.55,0,0
2026-01-01T00:42:00Z,tube_leak,NORMAL,476.74,1520.3,160.37,539.5,1520.7,-0.4,-0.0894,166.27,0,0
2026-01-01T00:42:01Z,tube_leak,NORMAL,474.55,1520.5,160.4,538.0,1520.9,-8.0,-0.0895,166.17,0,0
2026-01-01T00:42:02Z,tube_leak,NORMAL,476.34,1519.1,159.77,540.8,1518.7,-14.1,-0.0898,167.26,0,0
2026-01-01T00:42:03Z,tube_leak,NORMAL,471.82,1519.9,159.28,539.4,1520.5,-0.6,-0.0899,165.6,0,0
2026-01-01T00:42:04Z,tube_leak,NORMAL,477.55,1523.3,159.77,540.4,1519.7,-3.5,-0.0909,166.04,0,0
2026-01-01T00:42:05Z,tube_leak,NORMAL,474.93,1517.5,159.84,539.6,1522.6,-11.5,-0.09,165.81,0,0
2026-01-01T00:42:06Z,tube_leak,NORMAL,475.63,1519.5,160.16,538.4,1514.9,2.9,-0.0911,165.36,0,0
2026-01-01T00:42:07Z,tube_leak,NORMAL,476.19,1519.7,160.03,541.2,1521.1,1.5,-0.0903,167.15,0,0
2026-01-01T00:42:08Z,tube_leak,NORMAL,477.91,1523.7,159.5,540.9,1522.9,-9.3,-0.092,165.38,0,0
2026-01-01T00:42:09Z,tube_leak,NORMAL,471.01,1524.9,160.22,540.3,1519.1,-2.8,-0.0898,167.39,0,0
2026-01-01T00:42:10Z,tube_leak,NORMAL,475.28,1522.0,160.92,539.3,1519.6,0.3,-0.0906,165.21,0,0
2026-01-01T00:42:11Z,tube_leak,NORMAL,476.66,1519.2,160.87,541.3,1518.1,-14.1,-0.091,166.74,0,0
2026-01-01T00:42:12Z,tube_leak,NORMAL,475.06,1519.5,159.74,539.7,1519.8,-10.3,-0.0902,168.27,0,0
2026-01-01T00:42:13Z,tube_leak,NORMAL,474.79,1521.3,159.95,539.7,1517.8,-13.4,-0.0905,166.94,0,0
2026-01-01T00:42:14Z,tube_leak,NORMAL,474.48,1523.2,160.42,541.0,1521.7,-1.9,-0.0893,165.24,0,0
2026-01-01T00:42:15Z,tube_leak,NORMAL,469.79,1521.6,159.73,540.1,1512.1,-1.4,-0.0912,167.42,0,0
2026-01-01T00:42:16Z,tube_leak,NORMAL,475.92,1519.1,160.52,540.7,1519.4,-8.0,-0.0897,165.41,0,0
2026-01-01T00:42:17Z,tube_leak,NORMAL,479.02,1518.5,159.31,539.1,1522.5,-5.1,-0.0911,165.94,0,0
2026-01-01T00:42:18Z,tube_leak,NORMAL,471.78,1521.2,160.16,539.4,1520.6,-0.8,-0.0894,167.42,0,0
2026-01-01T00:42:19Z,tube_leak,NORMAL,472.82,1519.3,159.56,541.1,1522.6,-2.8,-0.0903,164.8,0,0
2026-01-01T00:42:20Z,tube_leak,NORMAL,476.94,1519.6,160.33,539.4,1514.7,-4.6,-0.0901,165.03,0,0
2026-01-01T00:42:21Z,tube_leak,NORMAL,476.5,1517.8,160.43,539.8,1515.1,-1.0,-0.0888,167.57,0,0
2026-01-01T00:42:22Z,tube_leak,NORMAL,477.96,1520.3,159.79,540.3,1518.4,-6.0,-0.0902,166.91,0,0
2026-01-01T00:42:23Z,tube_leak,NORMAL,475.96,1516.0,159.98,539.6,1518.4,-6.0,-0.0897,166.79,0,0
2026-01-01T00:42:24Z,tube_leak,NORMAL,472.53,1522.7,159.54,539.8,1522.0,-15.7,-0.0914,167.19,0,0
2026-01-01T00:42:25Z,tube_leak,NORMAL,477.72,1519.8,159.69,539.8,1520.4,-14.8,-0.0903,165.9,0,0
2026-01-01T00:42:26Z,tube_leak,NORMAL,479.18,1518.8,160.01,540.8,1519.1,1.8,-0.0915,165.27,0,0
2026-01-01T00:42:27Z,tube_leak,NORMAL,472.12,1518.2,159.26,541.2,1518.5,-3.7,-0.0906,166.71,0,0
2026-01-01T00:42:28Z,tube_leak,NORMAL,476.12,1518.4,160.68,537.8,1518.7,-2.1,-0.0883,167.02,0,0
2026-01-01T00:42:29Z,tube_leak,NORMAL,474.71,1519.7,160.02,540.4,1519.9,-6.7,-0.0898,167.2,0,0
2026-01-01T00:42:30Z,tube_leak,NORMAL,476.06,1522.6,160.28,540.6,1518.8,-4.2,-0.0908,165.71,0,0
2026-01-01T00:42:31Z,tube_leak,NORMAL,475.77,1520.0,161.13,539.5,1522.1,-0.1,-0.089,166.48,0,0
2026-01-01T00:42:32Z,tube_leak,NORMAL,470.41,1522.7,159.99,538.1,1527.7,-0.1,-0.0893,165.53,0,0
2026-01-01T00:42:33Z,tube_leak,NORMAL,475.6,1522.4,160.07,539.9,1518.1,-6.3,-0.0896,166.96,0,0
2026-01-01T00:42:34Z,tube_leak,NORMAL,478.95,1522.0,159.47,538.3,1519.1,-7.7,-0.0896,165.76,0,0
2026-01-01T00:42:35Z,tube_leak,NORMAL,474.67,1520.2,160.64,539.5,1519.7,-2.5,-0.0905,166.46,0,0
2026-01-01T00:42:36Z,tube_leak,NORMAL,475.35,1520.9,159.38,541.7,1518.4,6.1,-0.0898,166.84,0,0
2026-01-01T00:42:37Z,tube_leak,NORMAL,469.79,1520.8,159.44,539.8,1514.1,0.7,-0.0881,166.64,0,0
2026-01-01T00:42:38Z,tube_leak,NORMAL,475.49,1521.5,159.82,541.3,1522.3,-3.6,-0.0903,166.41,0,0
2026-01-01T00:42:39Z,tube_leak,NORMAL,473.93,1521.6,159.46,539.9,1525.7,-4.9,-0.0914,166.3,0,0
2026-01-01T00:42:40Z,tube_leak,NORMAL,475.79,1521.6,160.42,541.9,1519.5,-1.3,-0.0906,167.86,0,0
2026-01-01T00:42:41Z,tube_leak,NORMAL,477.58,1521.1,160.09,540.9,1521.0,-13.5,-0.091,166.24,0,0
2026-01-01T00:42:42Z,tube_leak,NORMAL,474.89,1522.6,160.3,540.0,1523.6,-10.9,-0.0905,166.77,0,0
2026-01-01T00:42:43Z,tube_leak,NORMAL,475.74,1519.1,159.86,539.9,1519.3,-7.6,-0.0916,166.09,0,0
2026-01-01T00:42:44Z,tube_leak,NORMAL,474.63,1522.9,160.04,540.0,1518.1,0.2,-0.0911,168.03,0,0
2026-01-01T00:42:45Z,tube_leak,NORMAL,469.04,1520.5,160.23,540.9,1519.5,-0.4,-0.0902,166.15,0,0
2026-01-01T00:42:46Z,tube_leak,NORMAL,475.98,1517.5,160.11,541.2,1519.8,0.5,-0.0907,168.07,0,0
2026-01-01T00:42:47Z,tube_leak,NORMAL,472.3,1517.5,159.85,541.1,1523.5,-6.4,-0.0902,167.34,0,0
2026-01-01T00:42:48Z,tube_leak,NORMAL,473.07,1521.2,159.47,539.7,1516.6,-12.8,-0.0894,165.72,0,0
2026-01-01T00:42:49Z,tube_leak,NORMAL,472.59,1521.2,159.79,539.1,1520.4,1.6,-0.0891,163.84,0,0
2026-01-01T00:42:50Z,tube_leak,NORMAL,478.35,1521.2,160.16,539.7,1517.5,-0.4,-0.0902,166.08,0,0
2026-01-01T00:42:51Z,tube_leak,NORMAL,477.55,1520.8,160.27,539.7,1520.2,-5.3,-0.0909,166.15,0,0
2026-01-01T00:42:52Z,tube_leak,NORMAL,473.83,1517.3,160.26,539.2,1519.5,-1.1,-0.0918,167.34,0,0
2026-01-01T00:42:53Z,tube_leak,NORMAL,480.24,1520.9,160.05,540.7,1519.7,0.5,-0.0907,166.21,0,0
2026-01-01T00:42:54Z,tube_leak,NORMAL,472.14,1521.7,159.95,539.8,1516.2,-0.3,-0.0896,165.92,0,0
2026-01-01T00:42:55Z,tube_leak,NORMAL,476.45,1519.5,160.21,540.9,1524.1,-13.2,-0.0911,164.9,0,0
2026-01-01T00:42:56Z,tube_leak,NORMAL,471.77,1517.7,159.31,540.4,1518.1,-3.2,-0.0899,164.75,0,0
2026-01-01T00:42:57Z,tube_leak,NORMAL,475.28,1519.4,159.67,540.1,1517.8,-2.5,-0.0894,164.83,0,0
2026-01-01T00:42:58Z,tube_leak,NORMAL,473.25,1516.2,159.43,540.0,1516.0,0.2,-0.0913,169.2,0,0
2026-01-01T00:42:59Z,tube_leak,NORMAL,474.77,1520.4,159.8,539.3,1523.6,2.6,-0.0901,165.92,0,0
2026-01-01T00:43:00Z,tube_leak,NORMAL,473.08,1517.9,160.08,538.3,1517.1,-6.0,-0.09,166.01,0,0
2026-01-01T00:43:01Z,tube_leak,NORMAL,473.76,1520.8,160.18,540.1,1520.3,-11.1,-0.0879,165.75,0,0
2026-01-01T00:43:02Z,tube_leak,NORMAL,476.62,1520.1,160.24,538.8,1520.4,-10.5,-0.0911,165.26,0,0
2026-01-01T00:43:03Z,tube_leak,NORMAL,472.17,1519.0,160.14,540.4,1522.7,1.9,-0.0883,165.88,0,0
2026-01-01T00:43:04Z,tube_leak,NORMAL,475.26,1518.6,160.69,540.9,1523.3,-7.4,-0.0896,165.48,0,0
2026-01-01T00:43:05Z,tube_leak,NORMAL,474.8,1522.0,159.97,540.2,1519.2,-11.0,-0.0906,164.89,0,0
2026-01-01T00:43:06Z,tube_leak,NORMAL,476.05,1519.9,160.17,537.5,1517.1,9.9,-0.0902,166.13,0,0
2026-01-01T00:43:07Z,tube_leak,NORMAL,474.13,1523.4,159.6,539.3,1522.9,-3.6,-0.0894,167.5,0,0
2026-01-01T00:43:08Z,tube_leak,NORMAL,476.14,1518.1,160.39,540.0,1518.6,-6.2,-0.0893,166.25,0,0
2026-01-01T00:43:09Z,tube_leak,NORMAL,478.51,1518.3,159.85,541.7,1521.8,-11.5,-0.0897,164.74,0,0
2026-01-01T00:43:10Z,tube_leak,NORMAL,475.43,1519.3,159.96,539.5,1514.1,-2.5,-0.0886,166.3,0,0
2026-01-01T00:43:11Z,tube_leak,NORMAL,476.91,1519.5,160.04,540.5,1522.7,-8.4,-0.0889,164.98,0,0
2026-01-01T00:43:12Z,tube_leak,NORMAL,476.03,1519.6,159.78,539.4,1520.9,-15.4,-0.0912,164.45,0,0
2026-01-01T00:43:13Z,tube_leak,NORMAL,474.37,1519.3,161.18,540.0,1520.2,-6.6,-0.0887,166.7,0,0
2026-01-01T00:43:14Z,tube_leak,NORMAL,476.96,1522.3,160.99,540.5,1521.0,1.6,-0.0912,165.95,0,0
2026-01-01T00:43:15Z,tube_leak,NORMAL,480.11,1517.0,160.27,540.2,1521.1,-1.7,-0.0888,165.83,0,0
2026-01-01T00:43:16Z,tube_leak,NORMAL,472.51,1517.2,160.48,538.3,1516.7,6.7,-0.0901,166.08,0,0
2026-01-01T00:43:17Z,tube_leak,NORMAL,476.79,1521.9,159.6,539.6,1516.1,-6.9,-0.0908,166.42,0,0
2026-01-01T00:43:18Z,tube_leak,NORMAL,477.77,1521.1,159.41,540.6,1523.1,0.4,-0.0884,165.03,0,0
2026-01-01T00:43:19Z,tube_leak,NORMAL,476.34,1522.0,159.93,540.1,1521.6,-3.4,-0.0886,166.4,0,0
2026-01-01T00:43:20Z,tube_leak,NORMAL,471.58,1520.8,160.54,537.0,1516.1,-0.3,-0.0894,165.7,0,0
2026-01-01T00:43:21Z,tube_leak,NORMAL,475.89,1523.5,159.47,541.0,1518.3,-7.3,-0.0918,166.0,0,0
2026-01-01T00:43:22Z,tube_leak,NORMAL,474.73,1520.0,160.35,541.5,1518.8,3.3,-0.0905,165.55,0,0
2026-01-01T00:43:23Z,tube_leak,NORMAL,473.67,1518.4,159.92,540.1,1525.8,2.4,-0.0889,165.95,0,0
2026-01-01T00:43:24Z,tube_leak,NORMAL,475.01,1521.3,160.55,539.3,1515.4,1.5,-0.0902,165.52,0,0
2026-01-01T00:43:25Z,tube_leak,NORMAL,471.98,1522.4,161.12,540.0,1519.2,1.0,-0.0889,167.51,0,0
2026-01-01T00:43:26Z,tube_leak,NORMAL,474.73,1519.5,159.53,541.2,1516.8,-0.9,-0.0889,166.84,0,0
2026-01-01T00:43:27Z,tube_leak,NORMAL,472.78,1520.7,160.7,539.5,1526.0,-5.4,-0.0896,165.54,0,0
2026-01-01T00:43:28Z,tube_leak,NORMAL,477.14,1518.3,160.28,540.7,1519.3,-8.8,-0.0912,166.26,0,0
2026-01-01T00:43:29Z,tube_leak,NORMAL,474.35,1523.1,158.42,542.0,1522.1,-4.3,-0.089,166.49,0,0
2026-01-01T00:43:30Z,tube_leak,NORMAL,470.79,1520.8,160.5,539.8,1518.6,-4.7,-0.0911,165.62,0,0
2026-01-01T00:43:31Z,tube_leak,NORMAL,469.52,1520.4,160.82,538.6,1520.6,-2.1,-0.0901,167.61,0,0
2026-01-01T00:43:32Z,tube_leak,NORMAL,473.86,1520.8,159.41,540.7,1523.1,-2.9,-0.089,166.73,0,0
2026-01-01T00:43:33Z,tube_leak,NORMAL,478.01,1518.9,160.47,541.9,1513.8,6.9,-0.088,164.93,0,0
2026-01-01T00:43:34Z,tube_leak,NORMAL,474.2,1519.0,160.58,539.3,1523.6,-5.0,-0.0896,167.88,0,0
2026-01-01T00:43:35Z,tube_leak,NORMAL,474.52,1516.0,159.51,540.7,1519.2,-8.4,-0.0891,168.31,0,0
2026-01-01T00:43:36Z,tube_leak,NORMAL,473.06,1520.7,160.01,541.2,1526.9,0.6,-0.0892,164.26,0,0
2026-01-01T00:43:37Z,tube_leak,NORMAL,475.43,1519.2,160.19,541.2,1521.9,4.9,-0.0874,167.81,0,0
2026-01-01T00:43:38Z,tube_leak,NORMAL,474.5,1520.3,160.33,539.5,1527.9,1.4,-0.0907,164.06,0,0
2026-01-01T00:43:39Z,tube_leak,NORMAL,477.09,1522.2,160.0,539.6,1521.3,-10.8,-0.091,164.59,0,0
2026-01-01T00:43:40Z,tube_leak,NORMAL,477.79,1517.6,159.68,539.7,1521.5,-0.5,-0.0896,165.17,0,0
2026-01-01T00:43:41Z,tube_leak,NORMAL,477.05,1522.3,159.74,539.9,1516.9,-6.1,-0.0912,164.76,0,0
2026-01-01T00:43:42Z,tube_leak,NORMAL,473.9,1520.8,160.27,537.7,1524.3,5.6,-0.0913,168.57,0,0
2026-01-01T00:43:43Z,tube_leak,NORMAL,474.5,1519.5,160.19,540.8,1520.4,3.9,-0.091,166.35,0,0
2026-01-01T00:43:44Z,tube_leak,NORMAL,471.52,1517.7,159.72,539.5,1522.5,-5.3,-0.0889,165.59,0,0
2026-01-01T00:43:45Z,tube_leak,NORMAL,479.28,1519.5,161.22,538.7,1528.7,0.7,-0.0908,167.15,0,0
2026-01-01T00:43:46Z,tube_leak,NORMAL,475.77,1519.4,159.8,539.4,1523.0,-4.5,-0.0904,166.5,0,0
2026-01-01T00:43:47Z,tube_leak,NORMAL,471.79,1519.6,160.29,539.9,1520.6,-13.4,-0.0911,164.91,0,0
2026-01-01T00:43:48Z,tube_leak,NORMAL,475.17,1519.8,160.02,542.4,1518.5,-2.1,-0.0896,166.86,0,0
2026-01-01T00:43:49Z,tube_leak,NORMAL,476.48,1520.6,159.77,539.3,1519.6,-1.7,-0.0912,166.28,0,0
2026-01-01T00:43:50Z,tube_leak,NORMAL,474.39,1519.4,160.46,539.9,1520.2,0.0,-0.0913,165.58,0,0
2026-01-01T00:43:51Z,tube_leak,NORMAL,476.38,1519.8,159.65,541.2,1522.1,-7.8,-0.0894,166.54,0,0
2026-01-01T00:43:52Z,tube_leak,NORMAL,473.29,1520.1,160.41,540.2,1521.0,1.9,-0.0892,166.23,0,0
2026-01-01T00:43:53Z,tube_leak,NORMAL,472.0,1520.8,160.4,540.0,1517.0,0.4,-0.089,165.98,0,0
2026-01-01T00:43:54Z,tube_leak,NORMAL,476.23,1521.0,161.13,539.8,1523.4,-6.9,-0.0909,166.41,0,0
2026-01-01T00:43:55Z,tube_leak,NORMAL,475.59,1517.3,160.16,538.6,1524.5,-2.8,-0.0884,164.09,0,0
2026-01-01T00:43:56Z,tube_leak,NORMAL,478.26,1521.6,160.29,539.9,1517.3,-2.8,-0.0901,167.23,0,0
2026-01-01T00:43:57Z,tube_leak,NORMAL,475.68,1519.9,160.25,538.8,1519.9,-1.4,-0.0909,167.6,0,0
2026-01-01T00:43:58Z,tube_leak,NORMAL,474.4,1516.4,159.59,541.7,1519.7,6.4,-0.0911,165.24,0,0
2026-01-01T00:43:59Z,tube_leak,NORMAL,475.03,1523.0,160.14,539.9,1516.6,-1.1,-0.0899,166.3,0,0
2026-01-01T00:44:00Z,tube_leak,NORMAL,475.12,1523.8,160.43,540.1,1521.2,-2.9,-0.09,166.44,0,0
2026-01-01T00:44:01Z,tube_leak,NORMAL,475.24,1517.3,160.15,538.8,1522.4,6.9,-0.0893,166.35,0,0
2026-01-01T00:44:02Z,tube_leak,NORMAL,471.83,1522.3,160.09,538.4,1523.5,0.3,-0.0889,165.61,0,0
2026-01-01T00:44:03Z,tube_leak,NORMAL,470.09,1522.9,159.47,538.9,1523.2,-0.4,-0.0906,166.11,0,0
2026-01-01T00:44:04Z,tube_leak,NORMAL,473.51,1522.5,159.3,542.3,1516.6,4.1,-0.0902,165.59,0,0
2026-01-01T00:44:05Z,tube_leak,NORMAL,475.53,1521.4,159.95,539.5,1521.8,0.1,-0.0892,166.17,0,0
2026-01-01T00:44:06Z,tube_leak,NORMAL,476.74,1518.1,159.83,540.0,1520.4,-6.2,-0.0885,166.67,0,0
2026-01-01T00:44:07Z,tube_leak,NORMAL,472.73,1518.6,160.66,539.7,1524.4,1.1,-0.0889,167.29,0,0
2026-01-01T00:44:08Z,tube_leak,NORMAL,478.99,1522.1,160.31,538.7,1526.0,-2.0,-0.0894,166.57,0,0
2026-01-01T00:44:09Z,tube_leak,NORMAL,475.87,1519.1,159.82,540.3,1518.8,2.8,-0.0902,166.51,0,0
2026-01-01T00:44:10Z,tube_leak,NORMAL,476.31,1521.7,160.1,540.5,1517.5,-3.4,-0.0903,167.31,0,0
2026-01-01T00:44:11Z,tube_leak,NORMAL,472.0,1514.6,160.26,540.7,1517.3,-3.8,-0.0889,166.3,0,0
2026-01-01T00:44:12Z,tube_leak,NORMAL,474.44,1523.1,159.77,541.5,1521.0,-0.9,-0.0921,165.83,0,0
2026-01-01T00:44:13Z,tube_leak,NORMAL,475.79,1515.6,160.16,539.8,1520.0,-4.5,-0.09,164.39,0,0
2026-01-01T00:44:14Z,tube_leak,NORMAL,471.37,1518.6,159.54,539.5,1521.4,-9.0,-0.0895,166.24,0,0
2026-01-01T00:44:15Z,tube_leak,NORMAL,473.42,1520.8,159.81,538.7,1522.5,-2.4,-0.0895,166.17,0,0
2026-01-01T00:44:16Z,tube_leak,NORMAL,471.93,1522.2,159.92,540.5,1516.2,0.5,-0.0907,166.47,0,0
2026-01-01T00:44:17Z,tube_leak,NORMAL,473.07,1521.3,159.56,541.6,1519.3,0.9,-0.0908,166.9,0,0
2026-01-01T00:44:18Z,tube_leak,NORMAL,475.75,1520.0,159.88,537.9,1523.6,3.8,-0.09,166.38,0,0
2026-01-01T00:44:19Z,tube_leak,NORMAL,473.78,1519.7,160.42,539.0,1512.5,-8.1,-0.0885,166.84,0,0
2026-01-01T00:44:20Z,tube_leak,NORMAL,474.11,1519.1,160.45,541.0,1517.6,6.7,-0.0899,165.15,0,0
2026-01-01T00:44:21Z,tube_leak,NORMAL,473.07,1521.6,159.7,539.6,1523.3,5.0,-0.0896,167.17,0,0
2026-01-01T00:44:22Z,tube_leak,NORMAL,478.78,1521.0,159.76,540.2,1522.7,-0.6,-0.0895,165.18,0,0
2026-01-01T00:44:23Z,tube_leak,NORMAL,474.38,1521.7,160.53,537.4,1518.6,-1.0,-0.0907,167.75,0,0
2026-01-01T00:44:24Z,tube_leak,NORMAL,476.98,1519.6,159.9,540.9,1518.5,0.3,-0.0887,166.38,0,0
2026-01-01T00:44:25Z,tube_leak,NORMAL,474.34,1517.4,159.73,540.8,1521.5,10.7,-0.089,164.85,0,0
2026-01-01T00:44:26Z,tube_leak,NORMAL,472.95,1521.2,160.45,539.0,1519.3,-1.9,-0.0912,166.3,0,0
2026-01-01T00:44:27Z,tube_leak,NORMAL,473.99,1521.9,161.32,540.2,1515.4,5.7,-0.0895,165.52,0,0
2026-01-01T00:44:28Z,tube_leak,NORMAL,472.59,1521.0,159.71,541.9,1521.8,5.2,-0.0898,166.16,0,0
2026-01-01T00:44:29Z,tube_leak,NORMAL,476.47,1523.4,160.55,540.5,1522.9,1.7,-0.09,166.34,0,0
2026-01-01T00:44:30Z,tube_leak,NORMAL,471.48,1521.1,159.86,539.7,1518.7,1.0,-0.0908,166.68,0,0
2026-01-01T00:44:31Z,tube_leak,NORMAL,474.17,1520.3,160.26,540.6,1522.0,2.8,-0.0905,167.21,0,0
2026-01-01T00:44:32Z,tube_leak,NORMAL,474.62,1523.1,160.8,539.7,1519.1,2.8,-0.0894,164.82,0,0
2026-01-01T00:44:33Z,tube_leak,NORMAL,477.8,1519.8,160.75,540.5,1525.0,9.4,-0.0887,166.94,0,0
2026-01-01T00:44:34Z,tube_leak,NORMAL,471.77,1519.6,158.97,541.5,1525.4,-2.4,-0.0906,166.64,0,0
2026-01-01T00:44:35Z,tube_leak,NORMAL,472.49,1523.6,159.69,539.8,1518.2,7.5,-0.0901,167.73,0,0
2026-01-01T00:44:36Z,tube_leak,NORMAL,471.95,1520.6,160.76,540.1,1521.8,2.4,-0.0899,167.9,0,0
2026-01-01T00:44:37Z,tube_leak,NORMAL,472.19,1520.3,159.93,538.8,1520.0,2.1,-0.0908,165.25,0,0
2026-01-01T00:44:38Z,tube_leak,NORMAL,476.75,1522.3,159.66,540.3,1522.0,10.2,-0.0905,164.98,0,0
2026-01-01T00:44:39Z,tube_leak,NORMAL,470.65,1520.5,160.43,541.0,1521.6,-1.5,-0.088,166.75,0,0
2026-01-01T00:44:40Z,tube_leak,NORMAL,476.94,1519.2,160.08,538.2,1525.9,-2.5,-0.0913,166.59,0,0
2026-01-01T00:44:41Z,tube_leak,NORMAL,473.66,1519.3,160.29,541.0,1520.6,13.4,-0.0891,167.6,0,0
2026-01-01T00:44:42Z,tube_leak,NORMAL,477.44,1517.9,160.35,540.2,1521.6,7.9,-0.09,169.34,0,0
2026-01-01T00:44:43Z,tube_leak,NORMAL,478.18,1521.1,160.12,541.8,1517.5,1.6,-0.0898,167.07,0,0
2026-01-01T00:44:44Z,tube_leak,NORMAL,473.17,1517.7,158.96,539.7,1524.5,2.5,-0.0904,167.02,0,0
2026-01-01T00:44:45Z,tube_leak,NORMAL,479.15,1521.9,159.9,539.5,1514.9,9.2,-0.091,166.63,0,0
2026-01-01T00:44:46Z,tube_leak,NORMAL,473.71,1517.4,160.38,542.4,1520.2,2.5,-0.0891,164.72,0,0
2026-01-01T00:44:47Z,tube_leak,NORMAL,476.72,1519.9,160.49,541.4,1516.2,5.1,-0.0896,164.07,0,0
2026-01-01T00:44:48Z,tube_leak,NORMAL,472.2,1520.1,160.23,542.3,1515.9,6.5,-0.0901,166.0,0,0
2026-01-01T00:44:49Z,tube_leak,NORMAL,470.39,1522.7,159.99,539.8,1520.1,2.0,-0.0903,166.13,0,0
2026-01-01T00:44:50Z,tube_leak,NORMAL,474.52,1520.4,159.77,539.6,1517.4,2.4,-0.0903,165.94,0,0
2026-01-01T00:44:51Z,tube_leak,NORMAL,476.6,1517.4,160.11,539.2,1526.0,6.1,-0.0902,167.74,0,0
2026-01-01T00:44:52Z,tube_leak,NORMAL,476.92,1518.3,160.03,538.8,1517.2,4.9,-0.0916,167.9,0,0
2026-01-01T00:44:53Z,tube_leak,NORMAL,476.45,1518.2,160.52,541.6,1520.1,7.8,-0.0895,164.86,0,0
2026-01-01T00:44:54Z,tube_leak,NORMAL,471.99,1523.0,160.19,539.1,1522.2,1.6,-0.0903,166.45,0,0
2026-01-01T00:44:55Z,tube_leak,NORMAL,473.24,1519.3,159.4,539.2,1520.9,8.7,-0.0897,167.55,0,0
2026-01-01T00:44:56Z,tube_leak,NORMAL,475.47,1517.0,159.99,538.1,1518.5,-6.4,-0.0903,166.02,0,0
2026-01-01T00:44:57Z,tube_leak,NORMAL,471.82,1518.2,159.4,540.6,1518.1,-0.1,-0.0908,168.1,0,0
2026-01-01T00:44:58Z,tube_leak,NORMAL,471.32,1517.9,160.25,541.8,1520.5,-2.3,-0.0899,166.77,0,0
2026-01-01T00:44:59Z,tube_leak,NORMAL,475.58,1522.6,160.18,539.7,1523.9,7.8,-0.092,165.05,0,0
2026-01-01T00:45:00Z,tube_leak,NORMAL,471.45,1519.4,159.41,538.1,1518.8,6.7,-0.0893,165.96,0,0
2026-01-01T00:45:01Z,tube_leak,NORMAL,478.86,1520.3,160.23,541.0,1519.5,-11.6,-0.0896,165.87,0,0
2026-01-01T00:45:02Z,tube_leak,NORMAL,476.17,1522.5,158.91,539.6,1522.4,1.6,-0.0889,164.21,0,0
2026-01-01T00:45:03Z,tube_leak,NORMAL,476.33,1521.7,159.43,540.3,1514.2,3.8,-0.0898,165.04,0,0
2026-01-01T00:45:04Z,tube_leak,NORMAL,476.1,1519.4,159.32,540.4,1519.4,2.0,-0.0915,164.01,0,0
2026-01-01T00:45:05Z,tube_leak,NORMAL,474.38,1521.9,160.74,540.5,1522.0,3.1,-0.0902,164.96,0,0
2026-01-01T00:45:06Z,tube_leak,NORMAL,473.54,1521.2,159.99,538.7,1514.1,1.2,-0.09,166.47,0,0
2026-01-01T00:45:07Z,tube_leak,NORMAL,473.71,1517.8,159.73,538.7,1515.1,-0.2,-0.0895,167.66,0,0
2026-01-01T00:45:08Z,tube_leak,NORMAL,475.01,1520.2,159.19,538.5,1521.7,7.7,-0.0886,167.55,0,0
2026-01-01T00:45:09Z,tube_leak,NORMAL,479.79,1521.5,159.57,540.5,1520.9,5.3,-0.0909,168.18,0,0
2026-01-01T00:45:10Z,tube_leak,NORMAL,474.58,1517.0,159.66,540.4,1513.1,3.7,-0.0892,165.96,0,0
2026-01-01T00:45:11Z,tube_leak,NORMAL,475.02,1518.1,159.77,540.0,1522.2,2.9,-0.0901,166.3,0,0
2026-01-01T00:45:12Z,tube_leak,NORMAL,477.88,1520.8,159.54,541.5,1516.8,6.9,-0.089,167.37,0,0
2026-01-01T00:45:13Z,tube_leak,NORMAL,473.38,1521.6,159.73,540.7,1523.6,12.5,-0.0895,165.66,0,0
2026-01-01T00:45:14Z,tube_leak,NORMAL,475.41,1517.4,159.59,540.1,1523.6,11.5,-0.0896,167.42,0,0
2026-01-01T00:45:15Z,tube_leak,NORMAL,482.54,1516.3,160.86,540.2,1522.9,-4.0,-0.0889,165.05,0,0
2026-01-01T00:45:16Z,tube_leak,NORMAL,468.97,1521.5,159.87,540.2,1516.1,-2.4,-0.0902,168.46,0,0
2026-01-01T00:45:17Z,tube_leak,NORMAL,472.44,1519.8,160.41,541.6,1519.5,5.4,-0.0909,165.45,0,0
2026-01-01T00:45:18Z,tube_leak,NORMAL,478.36,1520.5,160.58,538.8,1521.0,11.3,-0.0883,166.38,0,0
2026-01-01T00:45:19Z,tube_leak,NORMAL,471.99,1517.2,159.43,540.2,1523.1,-3.6,-0.091,165.72,0,0
2026-01-01T00:45:20Z,tube_leak,NORMAL,476.22,1518.5,160.23,540.6,1520.7,8.9,-0.09,166.41,0,0
2026-01-01T00:45:21Z,tube_leak,NORMAL,474.7,1520.5,160.24,541.6,1516.7,9.5,-0.0904,167.39,0,0
2026-01-01T00:45:22Z,tube_leak,NORMAL,478.24,1519.7,159.29,540.0,1520.4,7.9,-0.0891,166.36,0,0
2026-01-01T00:45:23Z,tube_leak,NORMAL,477.0,1517.0,160.7,540.4,1518.3,5.5,-0.0906,165.72,0,0
2026-01-01T00:45:24Z,tube_leak,NORMAL,472.34,1517.0,160.35,540.2,1525.6,10.2,-0.0914,165.25,0,0
2026-01-01T00:45:25Z,tube_leak,NORMAL,474.0,1521.4,160.05,539.8,1520.9,8.3,-0.0896,166.36,0,0
2026-01-01T00:45:26Z,tube_leak,NORMAL,474.86,1517.0,159.39,540.2,1516.0,6.0,-0.0895,166.11,0,0
2026-01-01T00:45:27Z,tube_leak,NORMAL,473.92,1522.2,159.65,540.4,1523.1,1.1,-0.09,166.32,0,0
2026-01-01T00:45:28Z,tube_leak,NORMAL,471.03,1519.6,160.23,539.3,1516.2,-3.5,-0.0906,164.54,0,0
2026-01-01T00:45:29Z,tube_leak,NORMAL,474.46,1522.6,160.39,541.2,1521.5,17.5,-0.0915,166.95,0,0
2026-01-01T00:45:30Z,tube_leak,NORMAL,472.98,1521.9,159.82,538.4,1521.6,9.0,-0.0923,166.53,0,0
2026-01-01T00:45:31Z,tube_leak,NORMAL,476.22,1523.8,159.27,540.5,1518.6,6.6,-0.0912,165.46,0,0
2026-01-01T00:45:32Z,tube_leak,NORMAL,472.63,1517.6,159.02,542.0,1513.8,2.5,-0.0899,165.13,0,0
2026-01-01T00:45:33Z,tube_leak,NORMAL,472.91,1520.0,160.3,540.8,1518.2,8.0,-0.0905,167.54,0,0
2026-01-01T00:45:34Z,tube_leak,NORMAL,474.55,1519.8,159.75,540.3,1523.2,10.5,-0.0898,167.36,0,0
2026-01-01T00:45:35Z,tube_leak,NORMAL,472.19,1520.7,158.77,538.7,1521.6,2.2,-0.0906,165.07,0,0
2026-01-01T00:45:36Z,tube_leak,NORMAL,479.46,1520.8,160.04,538.9,1522.7,-4.5,-0.0903,164.88,0,0
2026-01-01T00:45:37Z,tube_leak,NORMAL,471.47,1521.0,159.14,539.4,1523.9,4.0,-0.0901,165.88,0,0
2026-01-01T00:45:38Z,tube_leak,NORMAL,475.67,1518.0,159.87,540.6,1511.1,2.3,-0.0891,165.38,0,0
2026-01-01T00:45:39Z,tube_leak,NORMAL,474.49,1519.6,159.67,540.2,1517.2,4.2,-0.0889,166.71,0,0
2026-01-01T00:45:40Z,tube_leak,NORMAL,478.08,1520.9,158.99,542.2,1520.3,-2.3,-0.0891,167.88,0,0
2026-01-01T00:45:41Z,tube_leak,NORMAL,475.49,1521.5,159.49,539.9,1514.1,3.1,-0.0885,165.87,0,0
2026-01-01T00:45:42Z,tube_leak,NORMAL,473.85,1520.7,159.37,539.2,1523.0,15.3,-0.0897,164.93,0,0
2026-01-01T00:45:43Z,tube_leak,NORMAL,473.48,1518.7,160.87,541.1,1518.3,3.9,-0.0916,165.53,0,0
2026-01-01T00:45:44Z,tube_leak,NORMAL,472.55,1519.7,159.53,538.6,1518.4,4.5,-0.0895,164.9,0,0
2026-01-01T00:45:45Z,tube_leak,NORMAL,469.46,1520.3,159.36,541.1,1520.8,4.4,-0.0892,167.0,0,0
2026-01-01T00:45:46Z,tube_leak,NORMAL,476.93,1521.7,160.38,541.0,1516.9,9.2,-0.0899,167.05,0,0
2026-01-01T00:45:47Z,tube_leak,NORMAL,474.0,1517.2,160.43,538.8,1517.4,1.3,-0.0885,166.7,0,0
2026-01-01T00:45:48Z,tube_leak,NORMAL,477.79,1520.6,159.33,540.3,1523.4,-1.9,-0.0878,163.72,0,0
2026-01-01T00:45:49Z,tube_leak,NORMAL,475.85,1521.7,159.15,540.6,1515.4,7.7,-0.0898,164.35,0,0
2026-01-01T00:45:50Z,tube_leak,NORMAL,472.19,1516.5,160.36,540.5,1516.9,-0.8,-0.0899,165.18,0,0
2026-01-01T00:45:51Z,tube_leak,NORMAL,476.95,1518.9,159.62,539.0,1516.7,-0.3,-0.0901,165.05,0,0
2026-01-01T00:45:52Z,tube_leak,NORMAL,474.51,1518.4,160.46,540.3,1517.9,4.6,-0.0891,166.1,0,0
2026-01-01T00:45:53Z,tube_leak,NORMAL,473.97,1522.1,161.06,540.7,1521.4,6.5,-0.0898,167.68,0,0
2026-01-01T00:45:54Z,tube_leak,NORMAL,474.65,1520.6,158.76,541.8,1523.2,9.4,-0.0918,167.7,0,0
2026-01-01T00:45:55Z,tube_leak,NORMAL,474.04,1519.8,160.69,540.3,1522.4,1.0,-0.0903,166.36,0,0
2026-01-01T00:45:56Z,tube_leak,NORMAL,476.34,1519.0,160.89,539.7,1518.0,1.4,-0.0908,166.19,0,0
2026-01-01T00:45:57Z,tube_leak,NORMAL,478.23,1519.6,159.7,542.1,1525.5,4.1,-0.0917,167.16,0,0
2026-01-01T00:45:58Z,tube_leak,NORMAL,479.4,1518.9,160.32,540.3,1521.7,8.0,-0.0898,167.4,0,0
2026-01-01T00:45:59Z,tube_leak,NORMAL,472.35,1516.6,159.26,541.9,1516.9,10.6,-0.0888,168.1,0,0
2026-01-01T00:46:00Z,tube_leak,NORMAL,473.21,1517.4,160.06,541.2,1525.0,2.7,-0.0899,166.52,0,0
2026-01-01T00:46:01Z,tube_leak,NORMAL,474.01,1519.7,158.95,539.2,1517.7,-1.4,-0.0893,166.23,0,0
2026-01-01T00:46:02Z,tube_leak,NORMAL,475.49,1520.8,160.5,538.7,1522.5,6.6,-0.0901,165.01,0,0
2026-01-01T00:46:03Z,tube_leak,NORMAL,471.13,1518.2,160.55,540.2,1520.7,8.7,-0.0908,167.0,0,0
2026-01-01T00:46:04Z,tube_leak,NORMAL,474.95,1521.2,160.59,541.1,1516.6,1.9,-0.0913,164.42,0,0
2026-01-01T00:46:05Z,tube_leak,NORMAL,470.91,1520.3,160.61,539.4,1517.1,7.1,-0.0913,168.33,0,0
2026-01-01T00:46:06Z,tube_leak,NORMAL,475.8,1519.5,159.74,539.1,1515.9,2.3,-0.088,165.51,0,0
2026-01-01T00:46:07Z,tube_leak,NORMAL,478.58,1522.0,159.88,540.8,1515.4,5.6,-0.0888,166.73,0,0
2026-01-01T00:46:08Z,tube_leak,NORMAL,475.69,1518.8,159.46,540.1,1529.9,7.3,-0.0913,165.38,0,0
2026-01-01T00:46:09Z,tube_leak,NORMAL,476.8,1521.4,159.13,537.1,1525.1,3.0,-0.0894,166.35,0,0
2026-01-01T00:46:10Z,tube_leak,NORMAL,478.44,1519.3,160.82,539.7,1516.2,1.3,-0.0914,167.48,0,0
2026-01-01T00:46:11Z,tube_leak,NORMAL,478.91,1522.8,159.53,540.6,1523.6,10.3,-0.089,166.18,0,0
2026-01-01T00:46:12Z,tube_leak,NORMAL,475.13,1520.0,160.83,540.0,1522.1,2.4,-0.0892,164.16,0,0
2026-01-01T00:46:13Z,tube_leak,NORMAL,478.23,1522.9,160.52,541.1,1522.4,3.9,-0.0902,166.1,0,0
2026-01-01T00:46:14Z,tube_leak,NORMAL,476.38,1519.2,159.51,540.4,1520.6,9.6,-0.091,167.53,0,0
2026-01-01T00:46:15Z,tube_leak,NORMAL,479.15,1522.2,159.66,539.4,1518.4,1.4,-0.0907,166.71,0,0
2026-01-01T00:46:16Z,tube_leak,NORMAL,476.48,1520.2,160.03,542.0,1522.4,6.0,-0.0907,166.83,0,0
2026-01-01T00:46:17Z,tube_leak,NORMAL,476.01,1519.3,160.33,538.3,1522.3,7.5,-0.0905,166.28,0,0
2026-01-01T00:46:18Z,tube_leak,NORMAL,475.64,1522.5,160.09,539.1,1522.4,1.5,-0.0907,165.66,0,0
2026-01-01T00:46:19Z,tube_leak,NORMAL,473.73,1519.4,160.31,541.4,1515.6,11.5,-0.0897,165.47,0,0
2026-01-01T00:46:20Z,tube_leak,NORMAL,476.68,1520.4,160.56,538.6,1521.0,0.2,-0.0884,165.97,0,0
2026-01-01T00:46:21Z,tube_leak,NORMAL,474.54,1520.6,159.94,539.3,1527.3,-0.9,-0.0896,164.01,0,0
2026-01-01T00:46:22Z,tube_leak,NORMAL,474.88,1522.5,159.69,540.1,1521.8,2.2,-0.0889,166.26,0,0
2026-01-01T00:46:23Z,tube_leak,NORMAL,475.1,1521.5,159.99,540.9,1516.5,9.8,-0.0887,167.01,0,0
2026-01-01T00:46:24Z,tube_leak,NORMAL,473.76,1523.6,160.13,540.4,1519.6,12.8,-0.0912,166.56,0,0
2026-01-01T00:46:25Z,tube_leak,NORMAL,473.15,1519.1,160.94,540.8,1520.5,4.1,-0.0903,166.92,0,0
2026-01-01T00:46:26Z,tube_leak,NORMAL,472.33,1520.1,160.27,540.4,1518.3,-4.6,-0.0904,166.25,0,0
2026-01-01T00:46:27Z,tube_leak,NORMAL,474.48,1517.6,160.21,539.9,1520.3,6.0,-0.0897,166.45,0,0
2026-01-01T00:46:28Z,tube_leak,NORMAL,475.38,1522.3,159.4,540.7,1520.5,3.6,-0.0899,165.87,0,0
2026-01-01T00:46:29Z,tube_leak,NORMAL,474.27,1520.2,159.67,538.8,1518.9,7.7,-0.0905,167.21,0,0
2026-01-01T00:46:30Z,tube_leak,NORMAL,478.39,1520.9,159.98,539.9,1523.7,-3.2,-0.0904,165.63,0,0
2026-01-01T00:46:31Z,tube_leak,NORMAL,475.35,1519.3,160.29,539.8,1520.0,3.0,-0.0894,166.38,0,0
2026-01-01T00:46:32Z,tube_leak,NORMAL,480.95,1521.7,159.59,540.4,1515.7,-5.8,-0.0898,166.15,0,0
2026-01-01T00:46:33Z,tube_leak,NORMAL,472.82,1523.3,160.4,541.4,1524.4,8.7,-0.089,166.43,0,0
2026-01-01T00:46:34Z,tube_leak,NORMAL,477.12,1520.4,159.97,541.6,1519.5,3.2,-0.089,166.14,0,0
2026-01-01T00:46:35Z,tube_leak,NORMAL,476.33,1519.2,159.98,539.5,1521.1,5.6,-0.087,166.97,0,0
2026-01-01T00:46:36Z,tube_leak,NORMAL,475.77,1525.5,160.5,541.1,1522.8,4.9,-0.0903,165.88,0,0
2026-01-01T00:46:37Z,tube_leak,NORMAL,473.21,1517.6,160.19,540.1,1520.1,-0.4,-0.0902,166.92,0,0
2026-01-01T00:46:38Z,tube_leak,NORMAL,476.45,1520.9,160.14,540.6,1514.2,12.7,-0.0898,165.69,0,0
2026-01-01T00:46:39Z,tube_leak,NORMAL,474.8,1518.5,160.25,539.1,1519.7,5.9,-0.0904,167.36,0,0
2026-01-01T00:46:40Z,tube_leak,NORMAL,473.65,1523.4,159.59,539.3,1522.3,3.4,-0.0911,166.17,0,0
2026-01-01T00:46:41Z,tube_leak,NORMAL,474.54,1523.3,159.92,538.7,1518.0,7.4,-0.0914,166.68,0,0
2026-01-01T00:46:42Z,tube_leak,NORMAL,471.45,1517.2,160.03,541.5,1516.0,1.0,-0.0895,167.26,0,0
2026-01-01T00:46:43Z,tube_leak,NORMAL,475.29,1522.0,160.07,539.1,1521.3,7.5,-0.0891,166.01,0,0
2026-01-01T00:46:44Z,tube_leak,NORMAL,472.6,1523.4,159.91,541.7,1518.6,4.9,-0.0895,164.28,0,0
2026-01-01T00:46:45Z,tube_leak,NORMAL,471.53,1519.8,159.63,540.4,1519.5,11.7,-0.0905,166.8,0,0
2026-01-01T00:46:46Z,tube_leak,NORMAL,477.25,1517.5,160.55,541.7,1521.3,-9.1,-0.0891,165.79,0,0
2026-01-01T00:46:47Z,tube_leak,NORMAL,474.3,1517.1,159.66,541.1,1518.5,-4.5,-0.0914,167.18,0,0
2026-01-01T00:46:48Z,tube_leak,NORMAL,477.4,1518.2,160.63,538.9,1521.1,5.6,-0.0886,165.36,0,0
2026-01-01T00:46:49Z,tube_leak,NORMAL,470.67,1522.9,160.14,540.4,1518.3,3.2,-0.0914,166.63,0,0
2026-01-01T00:46:50Z,tube_leak,NORMAL,480.62,1518.0,159.98,538.7,1520.4,6.6,-0.0892,165.95,0,0
2026-01-01T00:46:51Z,tube_leak,NORMAL,472.19,1519.3,159.33,540.6,1525.2,4.0,-0.091,167.02,0,0
2026-01-01T00:46:52Z,tube_leak,NORMAL,474.2,1522.2,159.56,538.9,1520.1,-5.9,-0.0899,165.86,0,0
2026-01-01T00:46:53Z,tube_leak,NORMAL,479.08,1522.3,159.73,539.0,1525.1,8.8,-0.0907,166.19,0,0
2026-01-01T00:46:54Z,tube_leak,NORMAL,474.41,1520.1,160.9,540.3,1517.1,3.2,-0.0906,166.36,0,0
2026-01-01T00:46:55Z,tube_leak,NORMAL,475.11,1519.8,160.51,540.7,1516.9,5.0,-0.0915,165.73,0,0
2026-01-01T00:46:56Z,tube_leak,NORMAL,473.71,1519.6,159.93,538.7,1526.2,11.7,-0.089,166.12,0,0
2026-01-01T00:46:57Z,tube_leak,NORMAL,476.41,1523.2,160.11,538.9,1521.7,8.8,-0.0891,164.84,0,0
2026-01-01T00:46:58Z,tube_leak,NORMAL,478.53,1519.8,159.4,541.0,1518.3,6.4,-0.0894,165.93,0,0
2026-01-01T00:46:59Z,tube_leak,NORMAL,476.06,1520.7,160.9,539.2,1514.5,-3.6,-0.089,166.32,0,0
2026-01-01T00:47:00Z,tube_leak,NORMAL,472.34,1519.0,159.19,537.3,1523.3,6.5,-0.0903,165.31,0,0
2026-01-01T00:47:01Z,tube_leak,NORMAL,474.27,1522.1,159.6,539.2,1518.5,-2.6,-0.0895,165.79,0,0
2026-01-01T00:47:02Z,tube_leak,NORMAL,473.39,1522.4,161.22,540.5,1522.2,4.7,-0.09,166.02,0,0
2026-01-01T00:47:03Z,tube_leak,NORMAL,471.76,1521.8,159.64,539.7,1515.6,-2.6,-0.0894,166.6,0,0
2026-01-01T00:47:04Z,tube_leak,NORMAL,474.72,1521.6,159.27,540.2,1522.2,-4.6,-0.0896,167.71,0,0
2026-01-01T00:47:05Z,tube_leak,NORMAL,473.88,1519.8,160.62,540.4,1520.7,-2.1,-0.0903,163.78,0,0
2026-01-01T00:47:06Z,tube_leak,NORMAL,476.93,1518.2,160.04,540.4,1520.0,7.8,-0.0899,166.34,0,0
2026-01-01T00:47:07Z,tube_leak,NORMAL,474.25,1522.9,159.38,539.2,1520.1,-0.1,-0.0908,168.23,0,0
2026-01-01T00:47:08Z,tube_leak,NORMAL,477.91,1523.7,160.38,541.0,1524.3,-5.2,-0.0891,165.79,0,0
2026-01-01T00:47:09Z,tube_leak,NORMAL,474.38,1519.9,161.0,539.6,1518.2,-0.9,-0.0885,168.21,0,0
2026-01-01T00:47:10Z,tube_leak,NORMAL,475.24,1518.5,160.92,538.6,1519.2,4.9,-0.0898,166.54,0,0
2026-01-01T00:47:11Z,tube_leak,NORMAL,474.58,1520.7,160.53,540.4,1521.3,0.9,-0.0888,164.29,0,0
2026-01-01T00:47:12Z,tube_leak,NORMAL,479.56,1522.6,159.85,540.3,1520.3,-1.1,-0.0901,165.84,0,0
2026-01-01T00:47:13Z,tube_leak,NORMAL,473.32,1520.0,160.52,541.2,1517.8,-1.1,-0.0899,166.1,0,0
2026-01-01T00:47:14Z,tube_leak,NORMAL,478.59,1523.3,159.98,539.9,1523.6,-0.2,-0.0899,165.84,0,0
2026-01-01T00:47:15Z,tube_leak,NORMAL,476.12,1520.6,159.05,539.6,1519.5,3.4,-0.0915,166.4,0,0
2026-01-01T00:47:16Z,tube_leak,NORMAL,475.48,1517.3,160.56,539.8,1516.5,0.4,-0.0903,167.27,0,0
2026-01-01T00:47:17Z,tube_leak,NORMAL,473.54,1519.1,160.05,539.6,1523.1,-2.2,-0.0904,165.93,0,0
2026-01-01T00:47:18Z,tube_leak,NORMAL,476.27,1519.9,159.64,539.6,1520.0,3.5,-0.0912,167.92,0,0
2026-01-01T00:47:19Z,tube_leak,NORMAL,476.63,1520.7,160.31,539.7,1523.8,2.7,-0.0913,166.85,0,0
2026-01-01T00:47:20Z,tube_leak,NORMAL,473.05,1521.3,159.99,540.9,1521.3,4.3,-0.0899,165.08,0,0
2026-01-01T00:47:21Z,tube_leak,NORMAL,474.63,1520.7,160.31,540.7,1514.6,1.1,-0.089,165.8,0,0
2026-01-01T00:47:22Z,tube_leak,NORMAL,471.24,1519.2,159.9,541.2,1522.7,-2.5,-0.0909,165.52,0,0
2026-01-01T00:47:23Z,tube_leak,NORMAL,478.35,1519.7,160.12,540.0,1527.2,9.6,-0.0903,165.38,0,0
2026-01-01T00:47:24Z,tube_leak,NORMAL,469.36,1521.4,160.3,539.7,1517.7,4.6,-0.0885,164.97,0,0
2026-01-01T00:47:25Z,tube_leak,NORMAL,476.43,1522.6,160.25,540.3,1515.8,4.8,-0.0906,166.98,0,0
2026-01-01T00:47:26Z,tube_leak,NORMAL,474.71,1524.1,159.27,540.2,1525.1,4.9,-0.0905,165.59,0,0
2026-01-01T00:47:27Z,tube_leak,NORMAL,475.13,1519.8,160.25,538.9,1523.0,-1.5,-0.0899,166.51,0,0
2026-01-01T00:47:28Z,tube_leak,NORMAL,474.17,1517.9,160.36,538.1,1524.3,-0.0,-0.0896,165.3,0,0
2026-01-01T00:47:29Z,tube_leak,NORMAL,471.97,1518.3,160.9,539.9,1521.3,1.3,-0.0893,167.12,0,0
2026-01-01T00:47:30Z,tube_leak,NORMAL,476.45,1522.1,160.36,540.6,1520.5,-3.2,-0.0898,167.51,0,0
2026-01-01T00:47:31Z,tube_leak,NORMAL,476.34,1522.3,159.87,541.2,1514.1,1.4,-0.0909,166.1,0,0
2026-01-01T00:47:32Z,tube_leak,NORMAL,472.36,1518.3,160.39,540.2,1524.9,1.5,-0.0902,167.6,0,0
2026-01-01T00:47:33Z,tube_leak,NORMAL,476.8,1521.3,160.15,538.5,1522.5,-2.4,-0.0881,166.61,0,0
2026-01-01T00:47:34Z,tube_leak,NORMAL,475.25,1518.7,161.17,539.5,1521.6,-2.0,-0.0908,165.2,0,0
2026-01-01T00:47:35Z,tube_leak,NORMAL,475.27,1519.9,160.37,539.6,1515.5,-9.7,-0.0907,167.15,0,0
2026-01-01T00:47:36Z,tube_leak,NORMAL,478.35,1519.7,159.64,540.2,1522.6,3.7,-0.0899,166.07,0,0
2026-01-01T00:47:37Z,tube_leak,NORMAL,473.92,1522.7,160.67,539.2,1518.8,2.8,-0.0915,164.93,0,0
2026-01-01T00:47:38Z,tube_leak,NORMAL,477.97,1522.4,160.02,539.6,1518.6,-4.4,-0.0917,165.64,0,0
2026-01-01T00:47:39Z,tube_leak,NORMAL,473.78,1524.0,160.09,540.2,1523.1,2.0,-0.0913,165.78,0,0
2026-01-01T00:47:40Z,tube_leak,NORMAL,476.75,1520.2,159.21,542.3,1515.6,-4.0,-0.0868,166.76,0,0
2026-01-01T00:47:41Z,tube_leak,NORMAL,471.76,1520.6,160.21,540.4,1520.8,6.0,-0.0902,164.68,0,0
2026-01-01T00:47:42Z,tube_leak,NORMAL,474.98,1524.5,160.05,541.6,1519.6,-1.7,-0.0895,165.08,0,0
2026-01-01T00:47:43Z,tube_leak,NORMAL,480.36,1518.8,160.14,538.7,1518.2,6.7,-0.0908,166.03,0,0
2026-01-01T00:47:44Z,tube_leak,NORMAL,471.37,1518.5,160.34,538.8,1516.1,1.6,-0.0904,165.37,0,0
2026-01-01T00:47:45Z,tube_leak,NORMAL,476.95,1522.2,159.92,540.0,1520.9,-0.9,-0.0905,167.22,0,0
2026-01-01T00:47:46Z,tube_leak,NORMAL,475.43,1523.3,159.27,541.5,1522.3,0.6,-0.0904,166.4,0,0
2026-01-01T00:47:47Z,tube_leak,NORMAL,475.63,1522.9,160.6,540.6,1518.4,-2.5,-0.09,166.45,0,0
2026-01-01T00:47:48Z,tube_leak,NORMAL,474.46,1522.2,159.45,540.8,1516.3,-9.2,-0.0902,167.06,0,0
2026-01-01T00:47:49Z,tube_leak,NORMAL,475.44,1517.7,160.37,539.5,1520.3,-2.3,-0.0901,166.88,0,0
2026-01-01T00:47:50Z,tube_leak,NORMAL,474.8,1515.7,160.19,540.8,1520.8,-1.8,-0.0886,167.01,0,0
2026-01-01T00:47:51Z,tube_leak,NORMAL,473.58,1523.0,159.35,542.0,1518.8,-0.5,-0.0908,166.06,0,0
2026-01-01T00:47:52Z,tube_leak,NORMAL,473.76,1524.9,160.44,539.6,1521.9,-7.6,-0.0904,166.66,0,0
2026-01-01T00:47:53Z,tube_leak,NORMAL,476.4,1521.9,160.06,541.7,1520.3,0.7,-0.0896,164.81,0,0
2026-01-01T00:47:54Z,tube_leak,NORMAL,474.6,1521.2,160.04,540.4,1515.7,-10.8,-0.0894,167.01,0,0
2026-01-01T00:47:55Z,tube_leak,NORMAL,475.48,1520.1,160.32,538.8,1514.9,4.6,-0.0905,164.99,0,0
2026-01-01T00:47:56Z,tube_leak,NORMAL,473.93,1520.3,159.92,540.6,1521.0,-0.3,-0.0903,167.22,0,0
2026-01-01T00:47:57Z,tube_leak,NORMAL,470.86,1519.1,160.39,539.5,1520.1,0.7,-0.0911,167.01,0,0
2026-01-01T00:47:58Z,tube_leak,NORMAL,467.46,1521.0,160.35,540.0,1522.0,0.9,-0.0893,166.39,0,0
2026-01-01T00:47:59Z,tube_leak,NORMAL,476.76,1517.7,159.58,540.0,1521.1,-11.6,-0.0894,166.28,0,0
2026-01-01T00:48:00Z,tube_leak,TUBE_LEAK,469.75,1521.2,159.98,540.4,1549.1,-8.3,-0.0909,165.94,1,0
2026-01-01T00:48:01Z,tube_leak,TUBE_LEAK,467.71,1519.3,159.45,540.0,1580.9,-2.7,-0.0902,167.55,1,0
2026-01-01T00:48:02Z,tube_leak,TUBE_LEAK,472.21,1521.3,157.55,541.1,1606.0,-6.0,-0.091,167.49,1,0
2026-01-01T00:48:03Z,tube_leak,TUBE_LEAK,469.69,1516.8,157.42,538.7,1627.9,-22.1,-0.0899,168.76,1,0
2026-01-01T00:48:04Z,tube_leak,TUBE_LEAK,466.7,1512.6,157.19,539.9,1657.9,-4.9,-0.0907,167.37,1,0
2026-01-01T00:48:05Z,tube_leak,TUBE_LEAK,467.07,1513.1,156.75,540.4,1679.2,-12.6,-0.0894,167.68,1,0
2026-01-01T00:48:06Z,tube_leak,TUBE_LEAK,463.19,1511.7,155.54,541.6,1703.8,-16.8,-0.0881,167.72,1,0
2026-01-01T00:48:07Z,tube_leak,TUBE_LEAK,458.29,1506.1,154.75,540.5,1722.2,-25.2,-0.0895,170.17,1,0
2026-01-01T00:48:08Z,tube_leak,TUBE_LEAK,462.28,1507.7,155.3,541.2,1743.4,-26.9,-0.0903,168.56,1,0
2026-01-01T00:48:09Z,tube_leak,TUBE_LEAK,456.51,1506.4,154.86,540.7,1762.7,-30.3,-0.0896,169.82,1,0
2026-01-01T00:48:10Z,tube_leak,TUBE_LEAK,454.63,1505.2,153.72,539.9,1776.3,-38.0,-0.0908,170.21,1,0
2026-01-01T00:48:11Z,tube_leak,TUBE_LEAK,457.71,1503.7,152.49,540.1,1794.1,-37.4,-0.0888,171.4,1,0
2026-01-01T00:48:12Z,tube_leak,TUBE_LEAK,453.5,1500.2,152.09,539.9,1811.6,-40.0,-0.0901,170.71,1,0
2026-01-01T00:48:13Z,tube_leak,TUBE_LEAK,454.31,1498.5,152.93,540.3,1822.4,-40.0,-0.0889,169.59,1,0
2026-01-01T00:48:14Z,tube_leak,TUBE_LEAK,448.23,1494.7,151.86,540.6,1838.0,-46.9,-0.0901,171.35,1,0
2026-01-01T00:48:15Z,tube_leak,TUBE_LEAK,451.0,1491.4,150.66,540.9,1853.8,-41.9,-0.0885,170.19,1,0
2026-01-01T00:48:16Z,tube_leak,TUBE_LEAK,454.65,1492.8,150.92,541.4,1860.0,-44.9,-0.0893,170.03,1,0
2026-01-01T00:48:17Z,tube_leak,TUBE_LEAK,451.64,1491.0,150.46,540.1,1873.6,-40.5,-0.0893,169.07,1,0
2026-01-01T00:48:18Z,tube_leak,TUBE_LEAK,451.46,1488.0,149.66,541.0,1889.1,-60.3,-0.0893,170.12,1,0
2026-01-01T00:48:19Z,tube_leak,TUBE_LEAK,450.33,1481.6,149.8,540.0,1890.5,-44.3,-0.089,170.25,1,0
2026-01-01T00:48:20Z,tube_leak,TUBE_LEAK,450.51,1478.8,148.61,541.5,1897.7,-66.0,-0.0901,172.01,1,0
2026-01-01T00:48:21Z,tube_leak,TUBE_LEAK,447.23,1481.0,148.99,541.6,1908.3,-62.7,-0.0899,170.79,1,0
2026-01-01T00:48:22Z,tube_leak,TUBE_LEAK,446.16,1477.2,148.62,540.0,1923.0,-56.3,-0.0906,172.11,1,0
2026-01-01T00:48:23Z,tube_leak,TUBE_LEAK,446.07,1475.1,147.77,539.7,1926.3,-61.8,-0.091,171.38,1,0
2026-01-01T00:48:24Z,tube_leak,TUBE_LEAK,442.73,1472.0,147.36,540.9,1937.7,-64.2,-0.0899,170.3,1,0
2026-01-01T00:48:25Z,tube_leak,TUBE_LEAK,449.14,1466.8,147.51,540.6,1938.9,-57.3,-0.0912,169.29,1,0
2026-01-01T00:48:26Z,tube_leak,TUBE_LEAK,446.73,1470.5,146.39,541.1,1941.0,-71.8,-0.0886,170.47,1,0
2026-01-01T00:48:27Z,tube_leak,TUBE_LEAK,444.48,1464.8,147.31,538.6,1951.5,-76.0,-0.0893,170.41,1,0
2026-01-01T00:48:28Z,tube_leak,TUBE_LEAK,445.4,1461.6,145.5,539.1,1958.2,-65.4,-0.0904,171.0,1,0
2026-01-01T00:48:29Z,tube_leak,TUBE_LEAK,439.97,1461.6,146.82,539.0,1962.9,-71.2,-0.0915,171.63,1,0
2026-01-01T00:48:30Z,tube_leak,TUBE_LEAK,443.63,1459.1,144.4,539.4,1963.8,-68.5,-0.0908,171.68,1,0
2026-01-01T00:48:31Z,tube_leak,TUBE_LEAK,442.7,1456.2,144.99,541.3,1966.7,-86.0,-0.0896,169.27,1,0
2026-01-01T00:48:32Z,tube_leak,TUBE_LEAK,442.15,1454.5,144.68,540.2,1973.5,-81.9,-0.0892,169.29,1,0
2026-01-01T00:48:33Z,tube_leak,TUBE_LEAK,445.09,1450.4,143.51,539.9,1975.8,-75.8,-0.0901,173.58,1,0
2026-01-01T00:48:34Z,tube_leak,TUBE_LEAK,440.01,1450.1,143.79,539.0,1975.3,-80.4,-0.0883,171.22,1,0
2026-01-01T00:48:35Z,tube_leak,TUBE_LEAK,444.76,1453.3,142.97,539.7,1980.9,-90.9,-0.0903,170.01,1,0
2026-01-01T00:48:36Z,tube_leak,TUBE_LEAK,443.13,1444.4,143.13,542.2,1988.7,-91.9,-0.0902,170.77,1,0
2026-01-01T00:48:37Z,tube_leak,TUBE_LEAK,446.25,1444.4,142.7,541.6,1991.7,-83.7,-0.0891,171.97,1,0
2026-01-01T00:48:38Z,tube_leak,TUBE_LEAK,440.51,1442.2,142.23,539.7,1992.0,-86.1,-0.09,170.8,1,0
2026-01-01T00:48:39Z,tube_leak,TUBE_LEAK,441.89,1442.5,141.82,540.7,1990.3,-95.8,-0.0906,169.32,1,0
2026-01-01T00:48:40Z,tube_leak,TUBE_LEAK,444.65,1441.2,142.1,541.2,1986.6,-91.6,-0.09,170.47,1,0
2026-01-01T00:48:41Z,tube_leak,TUBE_LEAK,439.61,1438.8,141.62,540.8,1994.9,-90.6,-0.0893,170.13,1,0
2026-01-01T00:48:42Z,tube_leak,TUBE_LEAK,437.58,1432.9,141.68,541.3,1996.0,-90.3,-0.0898,171.49,1,0
2026-01-01T00:48:43Z,tube_leak,TUBE_LEAK,437.93,1437.0,141.38,541.3,2000.8,-94.4,-0.0909,170.51,1,0
2026-01-01T00:48:44Z,tube_leak,TUBE_LEAK,438.74,1434.3,141.19,539.1,1994.7,-94.4,-0.0898,170.43,1,0
2026-01-01T00:48:45Z,tube_leak,TUBE_LEAK,442.16,1429.6,140.35,539.2,1991.8,-102.6,-0.0904,169.97,1,0
2026-01-01T00:48:46Z,tube_leak,TUBE_LEAK,437.79,1428.4,140.85,540.7,1989.4,-90.0,-0.091,170.34,1,0
2026-01-01T00:48:47Z,tube_leak,TUBE_LEAK,441.21,1430.4,140.36,539.1,1993.2,-93.9,-0.0915,170.21,1,0
2026-01-01T00:48:48Z,tube_leak,TUBE_LEAK,438.73,1428.4,140.44,538.8,1998.2,-104.9,-0.0893,170.27,1,0
2026-01-01T00:48:49Z,tube_leak,TUBE_LEAK,438.95,1428.2,139.01,539.7,1993.7,-100.1,-0.0894,171.08,1,0
2026-01-01T00:48:50Z,tube_leak,TUBE_LEAK,436.7,1426.3,139.43,541.5,1997.0,-109.7,-0.0902,171.22,1,0
2026-01-01T00:48:51Z,tube_leak,TUBE_LEAK,437.18,1423.2,139.84,539.1,1996.0,-103.6,-0.0905,169.07,1,0
2026-01-01T00:48:52Z,tube_leak,TUBE_LEAK,437.35,1424.9,138.32,539.6,1997.8,-97.2,-0.09,170.04,1,0
2026-01-01T00:48:53Z,tube_leak,TUBE_LEAK,438.06,1419.9,139.26,541.6,1998.3,-99.5,-0.0912,170.65,1,0
2026-01-01T00:48:54Z,tube_leak,TUBE_LEAK,436.23,1419.4,138.97,540.4,1995.8,-109.9,-0.0909,171.89,1,0
2026-01-01T00:48:55Z,tube_leak,TUBE_LEAK,435.81,1420.7,138.61,540.5,1996.6,-114.5,-0.0892,172.07,1,0
2026-01-01T00:48:56Z,tube_leak,TUBE_LEAK,434.01,1417.9,137.09,540.4,1997.4,-116.2,-0.0899,169.24,1,0
2026-01-01T00:48:57Z,tube_leak,TUBE_LEAK,440.23,1414.6,138.76,539.5,1988.0,-109.0,-0.0895,169.74,1,0
2026-01-01T00:48:58Z,tube_leak,TUBE_LEAK,439.07,1414.9,137.88,540.4,1993.6,-119.4,-0.0894,169.53,1,0
2026-01-01T00:48:59Z,tube_leak,TUBE_LEAK,437.01,1414.9,137.33,540.1,1998.6,-109.0,-0.0902,169.01,1,0
2026-01-01T00:49:00Z,tube_leak,TUBE_LEAK,438.05,1417.5,136.29,540.1,1995.7,-115.1,-0.0911,168.11,1,0
2026-01-01T00:49:01Z,tube_leak,TUBE_LEAK,435.69,1411.8,136.32,540.3,1995.0,-122.5,-0.0881,168.36,1,0
2026-01-01T00:49:02Z,tube_leak,TUBE_LEAK,435.13,1410.6,136.48,540.2,1990.9,-121.1,-0.0899,168.64,1,0
2026-01-01T00:49:03Z,tube_leak,TUBE_LEAK,434.49,1412.6,136.16,539.0,1986.8,-109.9,-0.0894,171.24,1,0
2026-01-01T00:49:04Z,tube_leak,TUBE_LEAK,439.86,1411.7,136.41,540.4,1991.4,-121.3,-0.089,170.7,1,0
2026-01-01T00:49:05Z,tube_leak,TUBE_LEAK,435.37,1408.9,136.57,538.6,1991.5,-119.3,-0.0893,168.39,1,0
2026-01-01T00:49:06Z,tube_leak,TUBE_LEAK,436.41,1408.4,136.21,539.9,1993.5,-118.3,-0.0907,169.56,1,0
2026-01-01T00:49:07Z,tube_leak,TUBE_LEAK,437.39,1409.5,135.39,540.1,1993.1,-112.9,-0.0908,170.87,1,0
2026-01-01T00:49:08Z,tube_leak,TUBE_LEAK,436.94,1409.0,135.66,537.9,1986.7,-120.3,-0.089,169.58,1,0
2026-01-01T00:49:09Z,tube_leak,TUBE_LEAK,432.41,1406.7,135.31,538.3,1990.0,-125.3,-0.0885,167.63,1,0
2026-01-01T00:49:10Z,tube_leak,TUBE_LEAK,436.68,1408.9,134.83,539.9,1981.8,-114.2,-0.0904,169.0,1,0
2026-01-01T00:49:11Z,tube_leak,TUBE_LEAK,433.44,1405.7,135.79,540.4,1985.3,-112.6,-0.091,169.21,1,0
2026-01-01T00:49:12Z,tube_leak,TUBE_LEAK,432.68,1403.2,135.16,539.3,1987.7,-115.5,-0.0873,170.97,1,0
2026-01-01T00:49:13Z,tube_leak,TUBE_LEAK,434.53,1405.6,134.89,539.1,1985.7,-119.9,-0.0905,170.31,1,0
2026-01-01T00:49:14Z,tube_leak,TUBE_LEAK,435.4,1409.2,136.25,538.3,1981.1,-125.4,-0.0882,169.15,1,0
2026-01-01T00:49:15Z,tube_leak,TUBE_LEAK,434.29,1401.4,134.84,539.8,1981.1,-125.1,-0.0906,170.64,1,0
2026-01-01T00:49:16Z,tube_leak,TUBE_LEAK,436.31,1402.3,134.21,539.3,1980.0,-123.8,-0.0887,170.64,1,0
2026-01-01T00:49:17Z,tube_leak,TUBE_LEAK,432.79,1405.2,134.49,538.0,1979.7,-130.6,-0.0898,171.13,1,0
2026-01-01T00:49:18Z,tube_leak,TUBE_LEAK,438.78,1399.4,133.91,541.1,1980.6,-131.0,-0.0878,169.14,1,0
2026-01-01T00:49:19Z,tube_leak,TUBE_LEAK,436.31,1402.8,135.23,540.6,1977.8,-129.7,-0.0905,169.1,1,0
2026-01-01T00:49:20Z,tube_leak,TUBE_LEAK,441.57,1402.2,134.6,539.0,1981.6,-127.6,-0.0893,168.81,1,0
2026-01-01T00:49:21Z,tube_leak,TUBE_LEAK,434.96,1400.2,133.58,541.8,1975.8,-131.8,-0.0906,167.58,1,0
2026-01-01T00:49:22Z,tube_leak,TUBE_LEAK,436.27,1405.8,133.79,538.6,1975.4,-129.5,-0.0899,167.83,1,0
2026-01-01T00:49:23Z,tube_leak,TUBE_LEAK,432.03,1400.3,132.95,539.9,1976.8,-129.0,-0.0908,167.87,1,0
2026-01-01T00:49:24Z,tube_leak,TUBE_LEAK,431.33,1405.3,133.78,539.2,1970.6,-129.7,-0.09,169.86,1,0
2026-01-01T00:49:25Z,tube_leak,TUBE_LEAK,437.8,1400.3,133.59,539.6,1979.3,-147.7,-0.0891,168.93,1,0
2026-01-01T00:49:26Z,tube_leak,TUBE_LEAK,433.81,1399.5,133.59,539.3,1975.7,-136.9,-0.0888,168.1,1,0
2026-01-01T00:49:27Z,tube_leak,TUBE_LEAK,433.92,1398.4,133.82,541.0,1977.9,-134.0,-0.0893,169.46,1,0
2026-01-01T00:49:28Z,tube_leak,TUBE_LEAK,436.4,1406.5,133.25,539.1,1977.1,-132.5,-0.091,169.27,1,0
2026-01-01T00:49:29Z,tube_leak,TUBE_LEAK,430.42,1399.5,132.62,539.9,1972.7,-136.3,-0.0918,168.24,1,0
2026-01-01T00:49:30Z,tube_leak,TUBE_LEAK,436.56,1403.1,132.53,540.5,1969.5,-139.0,-0.0888,169.33,1,0
2026-01-01T00:49:31Z,tube_leak,TUBE_LEAK,438.52,1396.0,133.59,541.9,1971.2,-132.9,-0.091,169.02,1,0
2026-01-01T00:49:32Z,tube_leak,TUBE_LEAK,431.52,1397.8,133.66,540.1,1971.2,-129.2,-0.0891,169.02,1,0
2026-01-01T00:49:33Z,tube_leak,TUBE_LEAK,435.94,1396.8,132.11,539.6,1967.0,-143.5,-0.09,168.47,1,0
2026-01-01T00:49:34Z,tube_leak,TUBE_LEAK,434.45,1400.2,132.93,538.8,1970.6,-134.2,-0.0908,167.66,1,0
2026-01-01T00:49:35Z,tube_leak,TUBE_LEAK,436.56,1398.8,132.13,539.3,1966.8,-131.3,-0.0895,169.61,1,0
2026-01-01T00:49:36Z,tube_leak,TUBE_LEAK,438.26,1396.6,132.04,542.1,1973.5,-143.6,-0.0904,170.07,1,0
2026-01-01T00:49:37Z,tube_leak,TUBE_LEAK,439.95,1400.0,131.98,540.7,1963.4,-141.5,-0.0895,168.22,1,0
2026-01-01T00:49:38Z,tube_leak,TUBE_LEAK,440.06,1395.7,132.64,539.3,1969.3,-135.3,-0.0896,168.59,1,0
2026-01-01T00:49:39Z,tube_leak,TUBE_LEAK,438.26,1396.2,133.23,540.5,1965.1,-138.0,-0.0901,167.71,1,0
2026-01-01T00:49:40Z,tube_leak,TUBE_LEAK,434.74,1399.5,132.67,542.2,1959.3,-143.5,-0.0907,169.21,1,0
2026-01-01T00:49:41Z,tube_leak,TUBE_LEAK,436.95,1396.6,132.35,540.1,1965.1,-137.5,-0.0901,167.72,1,0
2026-01-01T00:49:42Z,tube_leak,TUBE_LEAK,434.6,1395.5,131.05,539.9,1966.5,-139.4,-0.0924,167.12,1,0
2026-01-01T00:49:43Z,tube_leak,TUBE_LEAK,432.27,1397.5,130.99,542.7,1966.7,-132.4,-0.0906,168.62,1,0
2026-01-01T00:49:44Z,tube_leak,TUBE_LEAK,437.53,1397.4,131.06,541.4,1970.5,-140.1,-0.0901,168.07,1,0
2026-01-01T00:49:45Z,tube_leak,TUBE_LEAK,436.45,1396.7,131.99,540.9,1962.3,-144.1,-0.0904,166.95,1,0
2026-01-01T00:49:46Z,tube_leak,TUBE_LEAK,433.32,1397.1,131.87,538.6,1966.9,-142.2,-0.091,170.02,1,0
2026-01-01T00:49:47Z,tube_leak,TUBE_LEAK,433.5,1391.8,131.64,539.1,1969.0,-146.5,-0.0907,168.92,1,0
2026-01-01T00:49:48Z,tube_leak,TUBE_LEAK,435.64,1392.8,132.0,540.3,1965.7,-147.6,-0.0906,168.79,1,0
2026-01-01T00:49:49Z,tube_leak,TUBE_LEAK,436.77,1394.4,131.38,540.3,1958.7,-139.3,-0.0912,167.75,1,0
2026-01-01T00:49:50Z,tube_leak,TUBE_LEAK,436.17,1393.1,131.63,539.5,1960.5,-147.2,-0.0897,168.9,1,0
2026-01-01T00:49:51Z,tube_leak,TUBE_LEAK,435.03,1393.3,131.76,539.7,1957.1,-145.2,-0.0894,168.96,1,0
2026-01-01T00:49:52Z,tube_leak,TUBE_LEAK,432.46,1394.7,130.94,540.5,1959.1,-141.3,-0.0888,166.67,1,0
2026-01-01T00:49:53Z,tube_leak,TUBE_LEAK,432.11,1394.9,131.79,540.0,1957.7,-146.6,-0.0898,166.62,1,0
2026-01-01T00:49:54Z,tube_leak,TUBE_LEAK,435.57,1391.6,131.32,541.8,1959.1,-140.8,-0.089,167.88,1,0
2026-01-01T00:49:55Z,tube_leak,TUBE_LEAK,433.25,1393.2,130.61,539.8,1959.2,-153.7,-0.0901,168.34,1,0
2026-01-01T00:49:56Z,tube_leak,TUBE_LEAK,435.74,1394.2,131.19,540.7,1953.6,-143.3,-0.0889,168.06,1,0
2026-01-01T00:49:57Z,tube_leak,TUBE_LEAK,434.03,1398.5,130.99,538.3,1953.8,-148.6,-0.0921,168.72,1,0
2026-01-01T00:49:58Z,tube_leak,TUBE_LEAK,433.71,1394.1,131.32,539.8,1953.3,-154.2,-0.0913,165.69,1,0
2026-01-01T00:49:59Z,tube_leak,TUBE_LEAK,438.3,1394.0,131.35,540.2,1952.6,-132.5,-0.0898,168.14,1,0
2026-01-01T00:50:00Z,tube_leak,TUBE_LEAK,437.68,1396.1,132.34,540.1,1959.0,-145.9,-0.0908,167.62,1,0
2026-01-01T00:50:01Z,tube_leak,TUBE_LEAK,432.2,1397.2,131.08,540.9,1956.4,-139.1,-0.0903,167.29,1,0
2026-01-01T00:50:02Z,tube_leak,TUBE_LEAK,435.55,1396.0,131.2,538.7,1958.6,-138.6,-0.0901,167.47,1,0
2026-01-01T00:50:03Z,tube_leak,TUBE_LEAK,437.36,1395.9,130.26,539.6,1958.4,-150.9,-0.0896,168.93,1,0
2026-01-01T00:50:04Z,tube_leak,TUBE_LEAK,434.78,1396.0,130.82,539.2,1957.8,-140.6,-0.0898,168.11,1,0
2026-01-01T00:50:05Z,tube_leak,TUBE_LEAK,433.9,1394.5,130.79,541.5,1954.3,-144.3,-0.0893,167.67,1,0
2026-01-01T00:50:06Z,tube_leak,TUBE_LEAK,435.34,1387.9,130.74,538.2,1952.7,-152.6,-0.0902,168.24,1,0
2026-01-01T00:50:07Z,tube_leak,TUBE_LEAK,432.19,1389.4,130.15,540.8,1955.4,-151.7,-0.0902,167.94,1,0
2026-01-01T00:50:08Z,tube_leak,TUBE_LEAK,435.18,1392.2,130.74,541.8,1953.3,-146.7,-0.0909,168.2,1,0
2026-01-01T00:50:09Z,tube_leak,TUBE_LEAK,436.43,1393.2,130.69,540.5,1947.2,-146.6,-0.0903,166.18,1,0
2026-01-01T00:50:10Z,tube_leak,TUBE_LEAK,434.97,1389.8,130.26,540.5,1954.6,-150.0,-0.09,168.33,1,0
2026-01-01T00:50:11Z,tube_leak,TUBE_LEAK,438.65,1392.7,130.16,540.1,1953.7,-150.3,-0.0904,167.64,1,0
2026-01-01T00:50:12Z,tube_leak,TUBE_LEAK,435.96,1391.8,130.27,539.3,1952.2,-152.3,-0.0885,168.55,1,0
2026-01-01T00:50:13Z,tube_leak,TUBE_LEAK,437.05,1392.4,130.57,540.2,1951.0,-153.9,-0.0888,169.25,1,0
2026-01-01T00:50:14Z,tube_leak,TUBE_LEAK,438.39,1391.4,129.78,540.4,1956.2,-161.2,-0.0893,167.59,1,0
2026-01-01T00:50:15Z,tube_leak,TUBE_LEAK,435.96,1389.3,129.43,539.8,1956.1,-151.0,-0.0913,169.73,1,0
2026-01-01T00:50:16Z,tube_leak,TUBE_LEAK,433.05,1390.5,130.46,540.3,1954.7,-154.7,-0.0913,169.25,1,0
2026-01-01T00:50:17Z,tube_leak,TUBE_LEAK,435.99,1393.8,129.93,539.5,1953.2,-144.7,-0.0899,166.69,1,0
2026-01-01T00:50:18Z,tube_leak,TUBE_LEAK,431.69,1393.4,130.66,540.6,1953.0,-149.4,-0.0902,168.51,1,0
2026-01-01T00:50:19Z,tube_leak,TUBE_LEAK,437.43,1391.3,129.7,538.6,1953.0,-140.3,-0.0915,169.35,1,0
2026-01-01T00:50:20Z,tube_leak,TUBE_LEAK,435.63,1393.0,129.69,539.5,1956.2,-151.5,-0.0889,168.72,1,0
2026-01-01T00:50:21Z,tube_leak,TUBE_LEAK,433.93,1394.6,129.72,539.5,1951.1,-156.0,-0.0885,169.28,1,0
2026-01-01T00:50:22Z,tube_leak,TUBE_LEAK,439.43,1391.8,130.07,539.6,1953.3,-149.2,-0.0914,168.4,1,0
2026-01-01T00:50:23Z,tube_leak,TUBE_LEAK,435.74,1393.0,129.38,540.0,1951.1,-153.4,-0.0906,167.3,1,0
2026-01-01T00:50:24Z,tube_leak,TUBE_LEAK,434.12,1392.3,129.56,540.6,1947.2,-149.5,-0.0898,167.87,1,0
2026-01-01T00:50:25Z,tube_leak,TUBE_LEAK,436.98,1394.4,129.65,540.0,1950.4,-155.4,-0.0911,166.93,1,0
2026-01-01T00:50:26Z,tube_leak,TUBE_LEAK,434.7,1390.7,129.77,540.7,1951.8,-151.3,-0.0899,167.69,1,0
2026-01-01T00:50:27Z,tube_leak,TUBE_LEAK,435.42,1390.6,129.74,539.3,1947.7,-151.8,-0.0887,166.62,1,0
2026-01-01T00:50:28Z,tube_leak,TUBE_LEAK,434.18,1394.2,130.21,540.5,1948.5,-152.3,-0.0906,168.13,1,0
2026-01-01T00:50:29Z,tube_leak,TUBE_LEAK,435.38,1390.9,128.91,539.0,1952.5,-147.5,-0.0906,166.28,1,0
2026-01-01T00:50:30Z,tube_leak,TUBE_LEAK,434.74,1393.2,129.45,539.5,1952.4,-158.6,-0.0897,167.9,1,0
2026-01-01T00:50:31Z,tube_leak,TUBE_LEAK,435.14,1395.0,129.69,540.5,1956.2,-150.2,-0.0894,168.11,1,0
2026-01-01T00:50:32Z,tube_leak,TUBE_LEAK,434.2,1393.1,129.35,540.5,1954.4,-149.2,-0.0909,167.39,1,0
2026-01-01T00:50:33Z,tube_leak,TUBE_LEAK,435.07,1392.9,129.11,539.8,1950.5,-163.2,-0.0906,166.58,1,0
2026-01-01T00:50:34Z,tube_leak,TUBE_LEAK,434.43,1389.6,129.56,541.9,1951.5,-146.7,-0.0902,167.28,1,0
2026-01-01T00:50:35Z,tube_leak,TUBE_LEAK,437.66,1391.5,129.38,541.0,1956.0,-152.6,-0.0907,167.18,1,0
2026-01-01T00:50:36Z,tube_leak,TUBE_LEAK,432.16,1392.6,129.45,540.1,1952.6,-150.6,-0.0904,165.94,1,0
2026-01-01T00:50:37Z,tube_leak,TUBE_LEAK,440.42,1391.4,128.8,540.3,1950.5,-148.8,-0.0895,165.93,1,0
2026-01-01T00:50:38Z,tube_leak,TUBE_LEAK,432.75,1389.0,129.15,540.6,1947.2,-152.1,-0.0896,167.87,1,0
2026-01-01T00:50:39Z,tube_leak,TUBE_LEAK,435.82,1389.0,128.62,538.8,1950.0,-150.1,-0.0909,168.66,1,0
2026-01-01T00:50:40Z,tube_leak,TUBE_LEAK,436.59,1393.9,128.75,541.6,1948.0,-157.1,-0.0907,167.63,1,0
2026-01-01T00:50:41Z,tube_leak,TUBE_LEAK,431.43,1393.3,129.84,541.1,1947.5,-154.1,-0.0893,168.44,1,0
2026-01-01T00:50:42Z,tube_leak,TUBE_LEAK,432.83,1391.2,129.52,540.8,1953.8,-164.1,-0.0907,167.87,1,0
2026-01-01T00:50:43Z,tube_leak,TUBE_LEAK,437.36,1392.6,129.22,540.4,1944.8,-157.0,-0.0908,167.72,1,0
2026-01-01T00:50:44Z,tube_leak,TUBE_LEAK,436.51,1392.2,129.63,541.2,1954.9,-158.1,-0.0902,168.56,1,0
2026-01-01T00:50:45Z,tube_leak,TUBE_LEAK,436.91,1392.9,128.74,540.6,1948.3,-154.4,-0.0898,168.43,1,0
2026-01-01T00:50:46Z,tube_leak,TUBE_LEAK,434.6,1391.5,128.26,540.5,1949.5,-157.4,-0.0905,166.75,1,0
2026-01-01T00:50:47Z,tube_leak,TUBE_LEAK,434.5,1393.6,127.85,538.2,1950.0,-158.1,-0.0893,167.23,1,0
2026-01-01T00:50:48Z,tube_leak,TUBE_LEAK,436.88,1392.5,128.81,541.1,1946.5,-157.5,-0.0881,166.27,1,0
2026-01-01T00:50:49Z,tube_leak,TUBE_LEAK,435.67,1394.7,129.1,539.3,1953.8,-153.8,-0.0914,167.7,1,0
2026-01-01T00:50:50Z,tube_leak,TUBE_LEAK,433.4,1390.6,129.15,541.9,1950.4,-161.5,-0.089,169.82,1,0
2026-01-01T00:50:51Z,tube_leak,TUBE_LEAK,435.73,1389.1,129.22,539.8,1947.9,-159.6,-0.0892,167.9,1,0
2026-01-01T00:50:52Z,tube_leak,TUBE_LEAK,435.16,1392.9,129.1,539.8,1949.7,-162.8,-0.0904,167.38,1,0
2026-01-01T00:50:53Z,tube_leak,TUBE_LEAK,433.76,1392.5,129.27,541.0,1949.3,-155.4,-0.0911,167.33,1,0
2026-01-01T00:50:54Z,tube_leak,TUBE_LEAK,428.51,1389.2,128.8,540.2,1951.1,-159.4,-0.0913,168.01,1,0
2026-01-01T00:50:55Z,tube_leak,TUBE_LEAK,436.01,1389.0,128.39,538.4,1947.4,-154.9,-0.0911,166.65,1,0
2026-01-01T00:50:56Z,tube_leak,TUBE_LEAK,436.39,1392.6,129.06,539.7,1951.5,-152.7,-0.0889,166.16,1,0
2026-01-01T00:50:57Z,tube_leak,TUBE_LEAK,437.34,1392.0,128.83,538.7,1948.4,-156.2,-0.0876,166.61,1,0
2026-01-01T00:50:58Z,tube_leak,TUBE_LEAK,432.35,1393.1,128.35,538.9,1954.2,-157.8,-0.0906,167.98,1,0
2026-01-01T00:50:59Z,tube_leak,TUBE_LEAK,436.67,1392.1,129.4,540.8,1952.5,-156.4,-0.0911,169.04,1,0
2026-01-01T00:51:00Z,tube_leak,TUBE_LEAK,434.87,1388.8,129.36,540.8,1948.0,-158.1,-0.089,166.94,1,0
2026-01-01T00:51:01Z,tube_leak,TUBE_LEAK,439.06,1394.1,129.05,541.9,1948.5,-163.0,-0.0897,167.34,1,0
2026-01-01T00:51:02Z,tube_leak,TUBE_LEAK,429.04,1391.2,128.71,539.5,1951.1,-147.1,-0.0911,167.55,1,0
2026-01-01T00:51:03Z,tube_leak,TUBE_LEAK,433.39,1392.2,128.65,539.4,1945.4,-150.4,-0.0904,166.57,1,0
2026-01-01T00:51:04Z,tube_leak,TUBE_LEAK,438.47,1394.7,129.37,540.6,1947.2,-156.9,-0.0881,167.99,1,0
2026-01-01T00:51:05Z,tube_leak,TUBE_LEAK,433.74,1394.6,129.28,540.4,1950.9,-152.3,-0.0903,168.7,1,0
2026-01-01T00:51:06Z,tube_leak,TUBE_LEAK,434.11,1393.3,128.36,538.0,1950.4,-159.7,-0.0911,166.78,1,0
2026-01-01T00:51:07Z,tube_leak,TUBE_LEAK,435.07,1391.1,128.32,540.1,1949.0,-163.2,-0.0888,169.35,1,0
2026-01-01T00:51:08Z,tube_leak,TUBE_LEAK,435.9,1387.9,129.42,541.1,1953.1,-153.7,-0.0901,166.66,1,0
2026-01-01T00:51:09Z,tube_leak,TUBE_LEAK,435.68,1391.6,128.59,537.2,1951.6,-157.8,-0.091,167.58,1,0
2026-01-01T00:51:10Z,tube_leak,TUBE_LEAK,437.51,1396.3,129.32,537.2,1948.5,-161.6,-0.0885,167.89,1,0
2026-01-01T00:51:11Z,tube_leak,TUBE_LEAK,432.43,1393.7,128.63,540.8,1951.5,-163.9,-0.0908,167.24,1,0
2026-01-01T00:51:12Z,tube_leak,TUBE_LEAK,437.07,1393.2,128.76,538.7,1954.5,-156.3,-0.091,167.72,1,0
2026-01-01T00:51:13Z,tube_leak,TUBE_LEAK,433.8,1390.5,128.78,539.9,1945.3,-160.9,-0.0907,169.47,1,0
2026-01-01T00:51:14Z,tube_leak,TUBE_LEAK,432.55,1391.0,127.86,538.4,1957.8,-154.0,-0.0915,166.24,1,0
2026-01-01T00:51:15Z,tube_leak,TUBE_LEAK,434.19,1389.9,127.92,538.4,1945.8,-146.4,-0.0891,167.06,1,0
2026-01-01T00:51:16Z,tube_leak,TUBE_LEAK,434.08,1392.0,128.95,542.5,1942.4,-154.9,-0.0911,167.86,1,0
2026-01-01T00:51:17Z,tube_leak,TUBE_LEAK,436.87,1393.8,128.65,540.8,1955.9,-156.3,-0.0905,168.89,1,0
2026-01-01T00:51:18Z,tube_leak,TUBE_LEAK,432.53,1389.5,128.78,539.8,1944.6,-164.1,-0.0896,166.91,1,0
2026-01-01T00:51:19Z,tube_leak,TUBE_LEAK,435.94,1390.1,128.84,539.7,1949.4,-152.9,-0.0896,167.26,1,0
2026-01-01T00:51:20Z,tube_leak,TUBE_LEAK,431.52,1391.3,128.41,540.7,1946.9,-144.5,-0.0894,166.95,1,0
2026-01-01T00:51:21Z,tube_leak,TUBE_LEAK,433.2,1389.4,128.76,540.7,1951.0,-165.2,-0.0886,167.58,1,0
2026-01-01T00:51:22Z,tube_leak,TUBE_LEAK,432.84,1392.7,128.7,539.7,1947.4,-162.6,-0.0915,165.18,1,0
2026-01-01T00:51:23Z,tube_leak,TUBE_LEAK,433.27,1392.8,128.02,539.1,1951.9,-153.9,-0.0896,168.68,1,0
2026-01-01T00:51:24Z,tube_leak,TUBE_LEAK,433.57,1387.9,128.08,540.2,1949.9,-159.8,-0.0884,164.94,1,0
2026-01-01T00:51:25Z,tube_leak,TUBE_LEAK,433.6,1389.5,127.57,539.9,1948.2,-156.2,-0.0886,166.51,1,0
2026-01-01T00:51:26Z,tube_leak,TUBE_LEAK,436.65,1392.3,127.97,540.9,1950.7,-151.6,-0.0897,167.5,1,0
2026-01-01T00:51:27Z,tube_leak,TUBE_LEAK,436.79,1391.6,128.12,540.7,1943.0,-163.5,-0.0905,167.8,1,0
2026-01-01T00:51:28Z,tube_leak,TUBE_LEAK,436.14,1393.6,128.53,541.0,1947.9,-158.6,-0.0883,168.25,1,0
2026-01-01T00:51:29Z,tube_leak,TUBE_LEAK,435.33,1390.8,128.04,538.3,1950.5,-166.2,-0.0903,168.27,1,0
2026-01-01T00:51:30Z,tube_leak,TUBE_LEAK,434.04,1391.2,128.98,540.0,1951.2,-150.4,-0.0901,168.15,1,0
2026-01-01T00:51:31Z,tube_leak,TUBE_LEAK,436.29,1389.2,128.09,539.8,1949.2,-154.4,-0.0916,169.22,1,0
2026-01-01T00:51:32Z,tube_leak,TUBE_LEAK,434.81,1390.1,128.75,539.6,1952.1,-156.6,-0.0893,165.8,1,0
2026-01-01T00:51:33Z,tube_leak,TUBE_LEAK,435.85,1393.4,127.97,539.6,1947.8,-159.7,-0.0901,167.69,1,0
2026-01-01T00:51:34Z,tube_leak,TUBE_LEAK,434.73,1393.8,128.74,538.9,1944.3,-146.9,-0.0891,166.37,1,0
2026-01-01T00:51:35Z,tube_leak,TUBE_LEAK,439.17,1390.6,129.09,539.9,1953.9,-165.8,-0.0889,165.84,1,0
2026-01-01T00:51:36Z,tube_leak,TUBE_LEAK,435.02,1394.1,129.24,538.8,1946.6,-155.9,-0.0902,167.91,1,0
2026-01-01T00:51:37Z,tube_leak,TUBE_LEAK,436.65,1390.5,128.92,540.3,1950.2,-163.8,-0.0883,167.55,1,0
2026-01-01T00:51:38Z,tube_leak,TUBE_LEAK,435.68,1390.3,128.77,540.9,1942.2,-154.9,-0.0884,167.36,1,0
2026-01-01T00:51:39Z,tube_leak,TUBE_LEAK,433.05,1390.7,127.46,541.8,1945.3,-155.3,-0.0906,167.0,1,0
2026-01-01T00:51:40Z,tube_leak,TUBE_LEAK,438.86,1392.3,127.42,540.5,1945.2,-166.1,-0.0893,166.71,1,0
2026-01-01T00:51:41Z,tube_leak,TUBE_LEAK,439.59,1393.2,127.57,538.5,1955.7,-152.0,-0.0897,168.69,1,0
2026-01-01T00:51:42Z,tube_leak,TUBE_LEAK,436.76,1387.3,128.85,539.6,1947.2,-153.4,-0.0907,168.32,1,0
2026-01-01T00:51:43Z,tube_leak,TUBE_LEAK,433.33,1394.6,129.06,540.7,1948.4,-157.8,-0.089,168.16,1,0
2026-01-01T00:51:44Z,tube_leak,TUBE_LEAK,434.15,1394.5,128.29,539.4,1948.5,-155.0,-0.0887,167.2,1,0
2026-01-01T00:51:45Z,tube_leak,TUBE_LEAK,433.29,1390.4,128.24,540.0,1955.7,-160.0,-0.091,169.45,1,0
2026-01-01T00:51:46Z,tube_leak,TUBE_LEAK,432.34,1389.2,127.67,540.9,1949.5,-161.9,-0.0902,167.75,1,0
2026-01-01T00:51:47Z,tube_leak,TUBE_LEAK,436.88,1389.0,128.29,540.6,1947.8,-159.1,-0.0894,166.41,1,0
2026-01-01T00:51:48Z,tube_leak,TUBE_LEAK,436.11,1393.6,127.91,540.3,1950.5,-157.9,-0.0881,168.18,1,0
2026-01-01T00:51:49Z,tube_leak,TUBE_LEAK,436.97,1390.1,129.59,537.3,1947.2,-157.1,-0.0913,168.82,1,0
2026-01-01T00:51:50Z,tube_leak,TUBE_LEAK,430.6,1391.7,127.72,538.8,1948.9,-151.3,-0.0915,166.75,1,0
2026-01-01T00:51:51Z,tube_leak,TUBE_LEAK,432.33,1393.4,128.76,540.3,1947.7,-154.4,-0.0881,167.72,1,0
2026-01-01T00:51:52Z,tube_leak,TUBE_LEAK,436.01,1392.1,128.34,538.9,1945.3,-161.8,-0.0884,168.41,1,0
2026-01-01T00:51:53Z,tube_leak,TUBE_LEAK,434.92,1391.9,127.98,542.2,1950.0,-160.8,-0.0889,166.34,1,0
2026-01-01T00:51:54Z,tube_leak,TUBE_LEAK,432.05,1392.6,128.29,539.7,1949.4,-154.3,-0.0885,169.41,1,0
2026-01-01T00:51:55Z,tube_leak,TUBE_LEAK,434.97,1390.6,128.14,540.8,1947.3,-161.5,-0.0913,167.42,1,0
2026-01-01T00:51:56Z,tube_leak,TUBE_LEAK,434.93,1388.8,128.33,541.2,1948.1,-161.2,-0.0898,168.55,1,0
2026-01-01T00:51:57Z,tube_leak,TUBE_LEAK,432.49,1393.1,128.85,538.2,1946.9,-157.6,-0.0892,168.25,1,0
2026-01-01T00:51:58Z,tube_leak,TUBE_LEAK,434.56,1393.9,127.74,540.3,1946.0,-168.1,-0.0918,169.04,1,0
2026-01-01T00:51:59Z,tube_leak,TUBE_LEAK,432.96,1392.6,128.92,540.4,1954.5,-164.7,-0.0914,166.36,1,0
2026-01-01T00:52:00Z,tube_leak,TUBE_LEAK,434.73,1394.3,128.32,539.0,1948.5,-154.7,-0.0899,168.31,1,0
2026-01-01T00:52:01Z,tube_leak,TUBE_LEAK,432.75,1392.0,127.41,539.0,1945.7,-157.0,-0.09,169.36,1,0
2026-01-01T00:52:02Z,tube_leak,TUBE_LEAK,439.12,1392.6,128.27,541.0,1945.9,-156.1,-0.088,167.81,1,0
2026-01-01T00:52:03Z,tube_leak,TUBE_LEAK,439.97,1392.6,127.82,540.4,1947.7,-153.8,-0.0899,167.9,1,0
2026-01-01T00:52:04Z,tube_leak,TUBE_LEAK,433.85,1394.1,128.45,541.7,1952.6,-156.5,-0.0897,166.09,1,0
2026-01-01T00:52:05Z,tube_leak,TUBE_LEAK,439.67,1393.1,128.16,538.2,1946.9,-155.5,-0.0907,167.46,1,0
2026-01-01T00:52:06Z,tube_leak,TUBE_LEAK,434.51,1393.5,128.27,542.9,1950.2,-165.9,-0.0907,167.84,1,0
2026-01-01T00:52:07Z,tube_leak,TUBE_LEAK,440.3,1390.7,128.39,539.6,1941.5,-151.4,-0.0915,165.85,1,0
2026-01-01T00:52:08Z,tube_leak,TUBE_LEAK,434.8,1391.7,128.58,539.8,1960.4,-155.4,-0.09,167.11,1,0
2026-01-01T00:52:09Z,tube_leak,TUBE_LEAK,434.59,1388.3,127.48,539.1,1946.8,-155.0,-0.0887,168.21,1,0
2026-01-01T00:52:10Z,tube_leak,TUBE_LEAK,432.36,1390.5,128.12,538.1,1950.1,-159.1,-0.0883,168.73,1,0
2026-01-01T00:52:11Z,tube_leak,TUBE_LEAK,430.84,1392.0,127.11,540.7,1947.9,-157.9,-0.0901,166.37,1,0
2026-01-01T00:52:12Z,tube_leak,TUBE_LEAK,434.02,1392.4,127.74,538.9,1944.4,-159.6,-0.0902,168.58,1,0
2026-01-01T00:52:13Z,tube_leak,TUBE_LEAK,432.81,1391.0,127.68,538.6,1944.2,-152.1,-0.09,167.31,1,0
2026-01-01T00:52:14Z,tube_leak,TUBE_LEAK,434.07,1392.8,127.05,541.6,1948.4,-159.6,-0.0902,167.19,1,0
2026-01-01T00:52:15Z,tube_leak,TUBE_LEAK,434.23,1389.0,128.17,539.9,1950.8,-152.0,-0.0922,167.53,1,0
2026-01-01T00:52:16Z,tube_leak,TUBE_LEAK,436.34,1390.6,128.58,538.7,1946.6,-162.8,-0.0897,167.29,1,0
2026-01-01T00:52:17Z,tube_leak,TUBE_LEAK,435.88,1392.3,128.61,539.1,1947.0,-156.1,-0.0907,169.36,1,0
2026-01-01T00:52:18Z,tube_leak,TUBE_LEAK,435.77,1394.6,128.63,540.6,1948.7,-163.7,-0.0901,168.32,1,0
2026-01-01T00:52:19Z,tube_leak,TUBE_LEAK,434.58,1393.0,128.43,541.3,1948.7,-158.3,-0.0884,166.26,1,0
2026-01-01T00:52:20Z,tube_leak,TUBE_LEAK,437.0,1394.8,128.28,538.9,1949.3,-154.5,-0.0881,168.58,1,0
2026-01-01T00:52:21Z,tube_leak,TUBE_LEAK,433.26,1389.0,127.8,540.5,1951.2,-163.6,-0.0902,168.12,1,0
2026-01-01T00:52:22Z,tube_leak,TUBE_LEAK,440.5,1391.1,128.82,540.7,1951.6,-159.0,-0.0906,168.04,1,0
2026-01-01T00:52:23Z,tube_leak,TUBE_LEAK,437.45,1391.3,127.77,541.7,1944.5,-149.3,-0.0884,166.8,1,0
2026-01-01T00:52:24Z,tube_leak,TUBE_LEAK,434.0,1392.9,128.62,540.9,1945.9,-150.2,-0.0899,167.16,1,0
2026-01-01T00:52:25Z,tube_leak,TUBE_LEAK,433.12,1391.2,128.82,538.8,1950.5,-157.9,-0.0872,167.45,1,0
2026-01-01T00:52:26Z,tube_leak,TUBE_LEAK,432.81,1395.2,128.86,537.7,1951.4,-155.7,-0.09,166.86,1,0
2026-01-01T00:52:27Z,tube_leak,TUBE_LEAK,429.2,1390.9,128.43,540.4,1941.5,-161.8,-0.0882,168.63,1,0
2026-01-01T00:52:28Z,tube_leak,TUBE_LEAK,435.39,1388.8,129.41,539.9,1950.9,-157.8,-0.0906,167.99,1,0
2026-01-01T00:52:29Z,tube_leak,TUBE_LEAK,432.96,1386.6,128.65,542.0,1952.1,-155.2,-0.0908,168.29,1,0
2026-01-01T00:52:30Z,tube_leak,TUBE_LEAK,438.75,1387.4,128.68,538.4,1948.7,-161.6,-0.0892,167.82,1,0
2026-01-01T00:52:31Z,tube_leak,TUBE_LEAK,433.39,1392.2,128.31,540.2,1948.6,-161.5,-0.09,168.38,1,0
2026-01-01T00:52:32Z,tube_leak,TUBE_LEAK,433.5,1390.5,128.85,538.0,1948.5,-158.1,-0.0892,167.79,1,0
2026-01-01T00:52:33Z,tube_leak,TUBE_LEAK,437.69,1392.1,128.8,540.8,1952.1,-163.7,-0.0892,166.82,1,0
2026-01-01T00:52:34Z,tube_leak,TUBE_LEAK,433.4,1390.9,128.17,539.1,1944.0,-154.1,-0.0915,168.17,1,0
2026-01-01T00:52:35Z,tube_leak,TUBE_LEAK,432.46,1397.6,127.83,541.7,1948.7,-162.6,-0.0905,167.18,1,0
2026-01-01T00:52:36Z,tube_leak,TUBE_LEAK,439.58,1390.5,127.75,539.5,1951.2,-158.0,-0.0888,168.16,1,0
2026-01-01T00:52:37Z,tube_leak,TUBE_LEAK,434.88,1391.1,127.91,540.2,1947.8,-164.0,-0.091,166.3,1,0
2026-01-01T00:52:38Z,tube_leak,TUBE_LEAK,435.73,1392.4,128.14,538.1,1947.7,-165.3,-0.089,168.57,1,0
2026-01-01T00:52:39Z,tube_leak,TUBE_LEAK,437.73,1394.5,127.88,540.3,1951.9,-169.6,-0.0898,167.82,1,0
2026-01-01T00:52:40Z,tube_leak,TUBE_LEAK,435.87,1390.3,127.91,539.5,1950.0,-168.8,-0.0909,167.07,1,0
2026-01-01T00:52:41Z,tube_leak,TUBE_LEAK,436.87,1393.9,127.71,539.1,1950.3,-166.9,-0.09,167.33,1,0
2026-01-01T00:52:42Z,tube_leak,TUBE_LEAK,433.76,1391.5,128.32,538.7,1952.7,-162.2,-0.0917,167.56,1,0
2026-01-01T00:52:43Z,tube_leak,TUBE_LEAK,432.38,1391.3,128.02,539.4,1956.3,-157.1,-0.0912,165.61,1,0
2026-01-01T00:52:44Z,tube_leak,TUBE_LEAK,434.75,1393.8,127.84,540.0,1950.1,-165.5,-0.0895,167.27,1,0
2026-01-01T00:52:45Z,tube_leak,TUBE_LEAK,433.77,1393.4,128.41,541.5,1953.1,-157.4,-0.0923,167.31,1,0
2026-01-01T00:52:46Z,tube_leak,TUBE_LEAK,432.55,1389.6,128.52,541.1,1948.3,-159.6,-0.0906,168.04,1,0
2026-01-01T00:52:47Z,tube_leak,TUBE_LEAK,439.35,1392.6,128.29,539.3,1946.3,-157.2,-0.0904,168.56,1,0
2026-01-01T00:52:48Z,tube_leak,TUBE_LEAK,430.69,1393.1,127.85,538.7,1946.2,-152.9,-0.088,167.77,1,0
2026-01-01T00:52:49Z,tube_leak,TUBE_LEAK,430.56,1388.0,127.71,539.5,1945.2,-154.8,-0.0899,167.9,1,0
2026-01-01T00:52:50Z,tube_leak,TUBE_LEAK,432.31,1393.8,127.54,541.4,1949.5,-153.3,-0.0922,167.04,1,0
2026-01-01T00:52:51Z,tube_leak,TUBE_LEAK,430.18,1393.4,127.64,541.3,1952.3,-163.2,-0.0898,167.13,1,0
2026-01-01T00:52:52Z,tube_leak,TUBE_LEAK,430.15,1395.2,127.86,540.3,1954.0,-163.8,-0.0896,167.54,1,0
2026-01-01T00:52:53Z,tube_leak,TUBE_LEAK,438.29,1393.9,128.25,540.9,1951.8,-162.3,-0.0913,166.69,1,0
2026-01-01T00:52:54Z,tube_leak,TUBE_LEAK,430.11,1393.3,128.1,538.6,1948.9,-158.7,-0.0908,168.96,1,0
2026-01-01T00:52:55Z,tube_leak,TUBE_LEAK,434.39,1388.1,127.19,539.8,1949.3,-167.7,-0.0923,166.57,1,0
2026-01-01T00:52:56Z,tube_leak,TUBE_LEAK,433.06,1391.3,127.37,539.1,1948.5,-150.5,-0.0903,164.99,1,0
2026-01-01T00:52:57Z,tube_leak,TUBE_LEAK,435.28,1394.1,127.46,539.5,1954.4,-168.1,-0.0906,167.85,1,0
2026-01-01T00:52:58Z,tube_leak,TUBE_LEAK,438.02,1392.9,128.04,539.5,1948.4,-165.4,-0.0897,166.76,1,0
2026-01-01T00:52:59Z,tube_leak,TUBE_LEAK,431.99,1391.8,128.32,538.9,1949.5,-169.0,-0.0908,168.81,1,0
2026-01-01T00:53:00Z,tube_leak,TUBE_LEAK,438.11,1395.4,127.58,541.1,1946.5,-165.9,-0.0896,167.06,1,0
2026-01-01T00:53:01Z,tube_leak,TUBE_LEAK,438.3,1390.2,128.76,539.0,1950.4,-157.4,-0.09,168.16,1,0
2026-01-01T00:53:02Z,tube_leak,TUBE_LEAK,432.25,1392.9,127.73,541.0,1946.7,-148.3,-0.0919,168.5,1,0
2026-01-01T00:53:03Z,tube_leak,TUBE_LEAK,433.1,1390.2,127.68,539.4,1947.1,-154.0,-0.0908,167.58,1,0
2026-01-01T00:53:04Z,tube_leak,TUBE_LEAK,434.57,1393.7,127.67,539.6,1951.3,-157.4,-0.0893,169.72,1,0
2026-01-01T00:53:05Z,tube_leak,TUBE_LEAK,433.99,1393.7,128.17,539.1,1944.1,-167.9,-0.0904,166.38,1,0
2026-01-01T00:53:06Z,tube_leak,TUBE_LEAK,432.31,1391.5,127.85,542.6,1952.7,-156.9,-0.089,167.3,1,0
2026-01-01T00:53:07Z,tube_leak,TUBE_LEAK,439.36,1389.0,127.67,540.4,1952.4,-154.0,-0.089,168.41,1,0
2026-01-01T00:53:08Z,tube_leak,TUBE_LEAK,433.07,1392.1,128.17,541.4,1947.2,-156.2,-0.0898,165.75,1,0
2026-01-01T00:53:09Z,tube_leak,TUBE_LEAK,430.2,1393.6,127.65,539.3,1947.0,-161.8,-0.0904,165.3,1,0
2026-01-01T00:53:10Z,tube_leak,TUBE_LEAK,440.93,1393.5,127.71,541.0,1951.1,-151.0,-0.0905,167.87,1,0
2026-01-01T00:53:11Z,tube_leak,TUBE_LEAK,439.1,1392.8,127.79,541.0,1947.6,-162.1,-0.0901,167.99,1,0
2026-01-01T00:53:12Z,tube_leak,TUBE_LEAK,434.4,1394.5,128.04,539.1,1947.9,-162.3,-0.0909,168.34,1,0
2026-01-01T00:53:13Z,tube_leak,TUBE_LEAK,432.24,1391.0,128.04,541.5,1950.0,-159.1,-0.0908,166.59,1,0
2026-01-01T00:53:14Z,tube_leak,TUBE_LEAK,435.31,1392.1,128.37,542.1,1947.7,-160.4,-0.0888,165.87,1,0
2026-01-01T00:53:15Z,tube_leak,TUBE_LEAK,433.28,1392.6,128.22,538.8,1944.8,-154.9,-0.0893,168.04,1,0
2026-01-01T00:53:16Z,tube_leak,TUBE_LEAK,434.82,1394.1,128.43,540.1,1950.5,-155.6,-0.0908,166.77,1,0
2026-01-01T00:53:17Z,tube_leak,TUBE_LEAK,438.57,1388.4,128.28,539.1,1947.7,-165.3,-0.0891,167.74,1,0
2026-01-01T00:53:18Z,tube_leak,TUBE_LEAK,436.55,1396.4,128.3,539.3,1947.5,-160.8,-0.0906,166.01,1,0
2026-01-01T00:53:19Z,tube_leak,TUBE_LEAK,436.0,1390.3,127.39,540.5,1946.6,-168.0,-0.0902,167.7,1,0
2026-01-01T00:53:20Z,tube_leak,TUBE_LEAK,440.11,1391.5,129.31,539.2,1947.8,-169.4,-0.0909,166.3,1,0
2026-01-01T00:53:21Z,tube_leak,TUBE_LEAK,430.35,1390.6,127.79,539.0,1951.5,-164.2,-0.0895,167.79,1,0
2026-01-01T00:53:22Z,tube_leak,TUBE_LEAK,435.8,1393.4,128.5,539.7,1945.2,-158.9,-0.0902,168.45,1,0
2026-01-01T00:53:23Z,tube_leak,TUBE_LEAK,431.77,1392.9,128.51,538.4,1949.4,-161.6,-0.0897,166.21,1,0
2026-01-01T00:53:24Z,tube_leak,TUBE_LEAK,433.96,1391.6,127.49,540.0,1948.0,-158.4,-0.0914,166.8,1,0
2026-01-01T00:53:25Z,tube_leak,TUBE_LEAK,433.66,1395.4,127.81,539.6,1949.2,-157.6,-0.0888,166.79,1,0
2026-01-01T00:53:26Z,tube_leak,TUBE_LEAK,436.85,1395.0,128.08,538.8,1946.1,-165.6,-0.0911,167.64,1,0
2026-01-01T00:53:27Z,tube_leak,TUBE_LEAK,432.76,1392.8,127.59,541.9,1946.0,-159.2,-0.0905,168.78,1,0
2026-01-01T00:53:28Z,tube_leak,TUBE_LEAK,432.67,1389.5,127.77,539.3,1952.0,-160.3,-0.0911,167.69,1,0
2026-01-01T00:53:29Z,tube_leak,TUBE_LEAK,433.67,1393.8,126.91,539.0,1948.0,-169.1,-0.0901,168.85,1,0
2026-01-01T00:53:30Z,tube_leak,TUBE_LEAK,437.31,1390.6,128.77,539.5,1948.4,-157.5,-0.0897,168.78,1,0
2026-01-01T00:53:31Z,tube_leak,TUBE_LEAK,427.16,1393.3,127.92,539.6,1952.9,-162.0,-0.0919,167.94,1,0
2026-01-01T00:53:32Z,tube_leak,TUBE_LEAK,435.36,1389.3,127.98,541.5,1950.6,-166.5,-0.0904,166.4,1,0
2026-01-01T00:53:33Z,tube_leak,TUBE_LEAK,437.78,1396.2,127.46,540.2,1947.7,-158.5,-0.0908,168.68,1,0
2026-01-01T00:53:34Z,tube_leak,TUBE_LEAK,434.66,1389.7,128.55,540.7,1950.9,-163.2,-0.0897,168.92,1,0
2026-01-01T00:53:35Z,tube_leak,TUBE_LEAK,437.88,1395.2,126.77,539.4,1948.5,-159.1,-0.0897,165.83,1,0
2026-01-01T00:53:36Z,tube_leak,TUBE_LEAK,436.06,1388.3,127.36,540.1,1950.2,-163.9,-0.0915,167.46,1,0
2026-01-01T00:53:37Z,tube_leak,TUBE_LEAK,433.81,1392.7,128.53,539.3,1952.4,-163.6,-0.0895,167.92,1,0
2026-01-01T00:53:38Z,tube_leak,TUBE_LEAK,435.86,1393.2,127.96,538.2,1946.7,-164.0,-0.0903,168.54,1,0
2026-01-01T00:53:39Z,tube_leak,TUBE_LEAK,434.95,1395.6,128.58,540.0,1948.3,-163.6,-0.0885,167.28,1,0
2026-01-01T00:53:40Z,tube_leak,TUBE_LEAK,430.46,1392.2,128.19,539.3,1947.8,-153.7,-0.0903,166.21,1,0
2026-01-01T00:53:41Z,tube_leak,TUBE_LEAK,438.02,1391.9,128.28,542.3,1945.2,-153.7,-0.0889,167.73,1,0
2026-01-01T00:53:42Z,tube_leak,TUBE_LEAK,436.69,1395.5,128.19,540.2,1946.2,-153.7,-0.0902,167.24,1,0
2026-01-01T00:53:43Z,tube_leak,TUBE_LEAK,438.29,1394.0,128.55,539.6,1949.4,-163.7,-0.0888,167.74,1,0
2026-01-01T00:53:44Z,tube_leak,TUBE_LEAK,434.52,1390.8,127.6,539.8,1954.1,-153.6,-0.0891,168.86,1,0
2026-01-01T00:53:45Z,tube_leak,TUBE_LEAK,431.98,1394.7,128.08,541.3,1949.8,-166.3,-0.0914,167.98,1,0
2026-01-01T00:53:46Z,tube_leak,TUBE_LEAK,434.0,1393.1,126.13,541.8,1945.8,-154.3,-0.0908,168.44,1,0
2026-01-01T00:53:47Z,tube_leak,TUBE_LEAK,432.58,1393.3,127.77,540.2,1946.5,-160.8,-0.0894,167.83,1,0
2026-01-01T00:53:48Z,tube_leak,TUBE_LEAK,436.45,1388.5,128.04,538.6,1950.5,-158.4,-0.0917,166.14,1,0
2026-01-01T00:53:49Z,tube_leak,TUBE_LEAK,433.93,1394.2,127.77,541.3,1943.5,-155.8,-0.0892,167.07,1,0
2026-01-01T00:53:50Z,tube_leak,TUBE_LEAK,434.05,1388.9,127.29,540.9,1954.3,-168.0,-0.0903,170.03,1,0
2026-01-01T00:53:51Z,tube_leak,TUBE_LEAK,436.42,1395.2,128.76,539.8,1945.4,-169.4,-0.0903,166.84,1,0
2026-01-01T00:53:52Z,tube_leak,TUBE_LEAK,432.69,1394.1,128.38,538.9,1952.0,-152.2,-0.0927,167.24,1,0
2026-01-01T00:53:53Z,tube_leak,TUBE_LEAK,431.65,1396.1,127.85,539.4,1948.1,-168.9,-0.0885,166.95,1,0
2026-01-01T00:53:54Z,tube_leak,TUBE_LEAK,435.43,1390.9,127.18,539.9,1943.3,-152.4,-0.0886,168.58,1,0
2026-01-01T00:53:55Z,tube_leak,TUBE_LEAK,432.06,1387.6,128.11,539.4,1948.4,-152.6,-0.0903,168.0,1,0
2026-01-01T00:53:56Z,tube_leak,TUBE_LEAK,430.93,1395.2,127.27,539.1,1943.6,-162.5,-0.0895,168.19,1,0
2026-01-01T00:53:57Z,tube_leak,TUBE_LEAK,433.43,1390.8,128.86,539.8,1946.6,-158.7,-0.0907,166.77,1,0
2026-01-01T00:53:58Z,tube_leak,TUBE_LEAK,433.79,1393.0,127.37,541.3,1947.5,-148.7,-0.0896,167.76,1,0
2026-01-01T00:53:59Z,tube_leak,TUBE_LEAK,435.43,1389.6,128.66,538.2,1947.7,-157.0,-0.0894,167.17,1,0
2026-01-01T00:54:00Z,tube_leak,TUBE_LEAK,438.73,1391.4,128.23,540.5,1950.8,-166.3,-0.0889,168.27,1,0
2026-01-01T00:54:01Z,tube_leak,TUBE_LEAK,429.22,1393.7,127.64,540.4,1953.0,-154.8,-0.0902,168.63,1,0
2026-01-01T00:54:02Z,tube_leak,TUBE_LEAK,437.15,1392.9,128.1,540.2,1952.7,-156.6,-0.09,168.22,1,0
2026-01-01T00:54:03Z,tube_leak,TUBE_LEAK,434.91,1392.7,128.28,540.4,1949.8,-156.9,-0.0905,167.9,1,0
2026-01-01T00:54:04Z,tube_leak,TUBE_LEAK,429.87,1391.8,127.69,540.5,1949.6,-160.7,-0.0928,166.11,1,0
2026-01-01T00:54:05Z,tube_leak,TUBE_LEAK,433.48,1390.0,128.51,540.8,1949.3,-164.7,-0.0901,166.51,1,0
2026-01-01T00:54:06Z,tube_leak,TUBE_LEAK,431.38,1392.3,127.95,539.7,1942.3,-153.6,-0.0903,167.48,1,0
2026-01-01T00:54:07Z,tube_leak,TUBE_LEAK,430.36,1390.9,127.89,540.2,1947.7,-154.3,-0.0897,166.82,1,0
2026-01-01T00:54:08Z,tube_leak,TUBE_LEAK,435.7,1395.7,128.53,541.6,1945.8,-167.3,-0.09,168.53,1,0
2026-01-01T00:54:09Z,tube_leak,TUBE_LEAK,434.0,1394.5,128.14,540.1,1947.9,-167.4,-0.0898,168.98,1,0
2026-01-01T00:54:10Z,tube_leak,TUBE_LEAK,430.82,1394.9,128.2,538.8,1953.5,-161.6,-0.09,166.04,1,0
2026-01-01T00:54:11Z,tube_leak,TUBE_LEAK,435.17,1393.0,128.71,536.8,1947.7,-166.4,-0.0902,167.01,1,0
2026-01-01T00:54:12Z,tube_leak,TUBE_LEAK,439.52,1393.7,127.8,539.8,1945.8,-156.1,-0.091,166.94,1,0
2026-01-01T00:54:13Z,tube_leak,TUBE_LEAK,437.01,1392.1,128.35,540.6,1948.9,-153.2,-0.0907,166.71,1,0
2026-01-01T00:54:14Z,tube_leak,TUBE_LEAK,438.28,1395.1,128.5,539.7,1950.7,-159.9,-0.0914,168.23,1,0
2026-01-01T00:54:15Z,tube_leak,TUBE_LEAK,435.13,1389.5,127.54,539.9,1948.7,-159.2,-0.0885,165.75,1,0
2026-01-01T00:54:16Z,tube_leak,TUBE_LEAK,435.49,1395.4,127.77,540.5,1946.3,-160.0,-0.0906,166.2,1,0
2026-01-01T00:54:17Z,tube_leak,TUBE_LEAK,437.22,1393.0,127.03,540.7,1948.2,-158.1,-0.0908,169.55,1,0
2026-01-01T00:54:18Z,tube_leak,TUBE_LEAK,433.74,1393.0,127.85,539.1,1950.6,-159.4,-0.0897,167.63,1,0
2026-01-01T00:54:19Z,tube_leak,TUBE_LEAK,435.38,1391.2,128.33,539.6,1951.1,-157.6,-0.0914,167.36,1,0
2026-01-01T00:54:20Z,tube_leak,TUBE_LEAK,434.13,1389.5,128.37,540.1,1950.9,-169.2,-0.0911,167.81,1,0
2026-01-01T00:54:21Z,tube_leak,TUBE_LEAK,430.07,1392.2,127.91,539.4,1946.8,-155.1,-0.0882,166.31,1,0
2026-01-01T00:54:22Z,tube_leak,TUBE_LEAK,434.57,1393.0,128.67,539.2,1950.1,-159.9,-0.091,168.26,1,0
2026-01-01T00:54:23Z,tube_leak,TUBE_LEAK,435.4,1394.8,127.6,539.7,1949.0,-155.0,-0.0901,169.15,1,0
2026-01-01T00:54:24Z,tube_leak,TUBE_LEAK,430.47,1393.1,127.05,540.5,1947.8,-159.2,-0.0905,167.94,1,0
2026-01-01T00:54:25Z,tube_leak,TUBE_LEAK,432.2,1396.4,128.65,538.1,1949.8,-165.2,-0.0913,166.03,1,0
2026-01-01T00:54:26Z,tube_leak,TUBE_LEAK,436.96,1389.6,127.65,540.1,1949.1,-156.8,-0.0909,166.97,1,0
2026-01-01T00:54:27Z,tube_leak,TUBE_LEAK,436.91,1389.2,127.59,541.5,1940.4,-159.9,-0.0891,167.44,1,0
2026-01-01T00:54:28Z,tube_leak,TUBE_LEAK,435.39,1390.3,127.89,541.2,1951.3,-158.8,-0.0892,166.71,1,0
2026-01-01T00:54:29Z,tube_leak,TUBE_LEAK,436.55,1388.4,126.53,539.2,1944.3,-153.5,-0.0897,166.98,1,0
2026-01-01T00:54:30Z,tube_leak,TUBE_LEAK,438.18,1392.9,128.62,538.3,1946.3,-154.9,-0.0886,166.32,1,0
2026-01-01T00:54:31Z,tube_leak,TUBE_LEAK,433.93,1392.5,128.46,540.7,1952.2,-160.2,-0.0904,168.5,1,0
2026-01-01T00:54:32Z,tube_leak,TUBE_LEAK,433.98,1395.2,127.53,540.5,1943.5,-160.6,-0.0894,168.28,1,0
2026-01-01T00:54:33Z,tube_leak,TUBE_LEAK,433.14,1391.2,127.38,542.0,1946.7,-167.6,-0.0912,166.82,1,0
2026-01-01T00:54:34Z,tube_leak,TUBE_LEAK,434.81,1395.0,127.56,539.8,1943.8,-155.1,-0.091,168.4,1,0
2026-01-01T00:54:35Z,tube_leak,TUBE_LEAK,430.38,1389.4,128.77,539.5,1947.0,-158.0,-0.0893,168.23,1,0
2026-01-01T00:54:36Z,tube_leak,TUBE_LEAK,434.37,1391.8,128.07,538.9,1945.7,-157.9,-0.0909,166.84,1,0
2026-01-01T00:54:37Z,tube_leak,TUBE_LEAK,435.07,1390.6,127.15,539.3,1950.1,-157.2,-0.0906,167.6,1,0
2026-01-01T00:54:38Z,tube_leak,TUBE_LEAK,434.88,1388.6,127.31,540.5,1955.0,-153.8,-0.0898,164.5,1,0
2026-01-01T00:54:39Z,tube_leak,TUBE_LEAK,437.27,1393.8,127.73,540.3,1949.6,-164.9,-0.0886,167.17,1,0
2026-01-01T00:54:40Z,tube_leak,TUBE_LEAK,435.83,1393.2,128.1,541.5,1949.0,-161.6,-0.0891,168.56,1,0
2026-01-01T00:54:41Z,tube_leak,TUBE_LEAK,436.72,1391.3,127.37,541.2,1951.3,-169.6,-0.0888,165.35,1,0
2026-01-01T00:54:42Z,tube_leak,TUBE_LEAK,429.79,1396.0,127.99,540.7,1951.4,-162.5,-0.0903,167.91,1,0
2026-01-01T00:54:43Z,tube_leak,TUBE_LEAK,433.32,1394.1,127.33,541.1,1947.7,-161.2,-0.0907,167.45,1,0
2026-01-01T00:54:44Z,tube_leak,TUBE_LEAK,434.83,1391.4,128.23,538.1,1948.5,-153.8,-0.0896,166.68,1,0
2026-01-01T00:54:45Z,tube_leak,TUBE_LEAK,430.74,1391.3,127.88,540.4,1952.9,-161.6,-0.0899,166.27,1,0
2026-01-01T00:54:46Z,tube_leak,TUBE_LEAK,436.51,1392.1,127.75,540.7,1952.2,-152.9,-0.0912,169.9,1,0
2026-01-01T00:54:47Z,tube_leak,TUBE_LEAK,428.31,1395.4,128.48,539.8,1949.9,-165.4,-0.0884,165.58,1,0
2026-01-01T00:54:48Z,tube_leak,TUBE_LEAK,431.62,1391.1,127.53,540.3,1948.4,-161.3,-0.0904,165.06,1,0
2026-01-01T00:54:49Z,tube_leak,TUBE_LEAK,435.92,1393.3,128.52,540.5,1949.9,-161.2,-0.0879,167.05,1,0
2026-01-01T00:54:50Z,tube_leak,TUBE_LEAK,429.0,1390.1,129.09,538.8,1949.5,-167.2,-0.0911,167.19,1,0
2026-01-01T00:54:51Z,tube_leak,TUBE_LEAK,432.16,1391.6,128.54,539.4,1950.4,-151.4,-0.0884,168.3,1,0
2026-01-01T00:54:52Z,tube_leak,TUBE_LEAK,436.11,1389.6,128.1,539.4,1950.2,-165.1,-0.0905,166.61,1,0
2026-01-01T00:54:53Z,tube_leak,TUBE_LEAK,434.18,1394.0,128.09,541.7,1945.4,-161.5,-0.0902,167.51,1,0
2026-01-01T00:54:54Z,tube_leak,TUBE_LEAK,435.64,1392.3,127.58,539.9,1948.1,-162.6,-0.0885,167.68,1,0
2026-01-01T00:54:55Z,tube_leak,TUBE_LEAK,434.56,1389.1,128.81,540.0,1946.3,-159.7,-0.0896,167.35,1,0
2026-01-01T00:54:56Z,tube_leak,TUBE_LEAK,434.53,1394.3,128.66,541.5,1954.3,-155.8,-0.0901,168.5,1,0
2026-01-01T00:54:57Z,tube_leak,TUBE_LEAK,436.55,1390.8,127.95,538.3,1946.9,-155.9,-0.0905,166.49,1,0
2026-01-01T00:54:58Z,tube_leak,TUBE_LEAK,434.25,1395.7,128.11,541.6,1952.3,-157.9,-0.0899,166.65,1,0
2026-01-01T00:54:59Z,tube_leak,TUBE_LEAK,429.3,1390.7,128.04,540.2,1952.3,-161.2,-0.0922,167.56,1,0
2026-01-01T00:55:00Z,tube_leak,TUBE_LEAK,434.35,1390.7,127.3,539.7,1944.0,-156.0,-0.0894,166.79,1,0
2026-01-01T00:55:01Z,tube_leak,TUBE_LEAK,436.43,1391.8,128.39,540.9,1948.3,-152.6,-0.0909,168.78,1,0
2026-01-01T00:55:02Z,tube_leak,TUBE_LEAK,432.99,1390.5,128.13,540.2,1951.3,-156.7,-0.0915,166.25,1,0
2026-01-01T00:55:03Z,tube_leak,TUBE_LEAK,433.68,1392.1,127.66,539.4,1948.0,-160.6,-0.0897,167.0,1,0
2026-01-01T00:55:04Z,tube_leak,TUBE_LEAK,434.62,1390.2,128.06,541.6,1952.0,-161.0,-0.0892,167.49,1,0
2026-01-01T00:55:05Z,tube_leak,TUBE_LEAK,434.0,1390.9,127.55,540.1,1952.3,-150.7,-0.0914,169.63,1,0
2026-01-01T00:55:06Z,tube_leak,TUBE_LEAK,433.37,1390.6,127.89,540.5,1946.9,-158.5,-0.0909,166.81,1,0
2026-01-01T00:55:07Z,tube_leak,TUBE_LEAK,434.7,1393.2,128.88,540.2,1945.2,-149.8,-0.0906,169.35,1,0
2026-01-01T00:55:08Z,tube_leak,TUBE_LEAK,441.42,1391.8,128.37,539.6,1950.9,-168.7,-0.0905,167.18,1,0
2026-01-01T00:55:09Z,tube_leak,TUBE_LEAK,437.32,1394.0,127.38,539.9,1948.1,-162.9,-0.0914,165.45,1,0
2026-01-01T00:55:10Z,tube_leak,TUBE_LEAK,440.44,1391.1,127.95,539.3,1951.6,-162.4,-0.0897,166.37,1,0
2026-01-01T00:55:11Z,tube_leak,TUBE_LEAK,436.42,1391.0,128.16,540.8,1946.9,-163.3,-0.0907,169.48,1,0
2026-01-01T00:55:12Z,tube_leak,TUBE_LEAK,433.51,1391.9,128.48,539.8,1946.1,-159.3,-0.0913,168.35,1,0
2026-01-01T00:55:13Z,tube_leak,TUBE_LEAK,433.13,1396.0,128.49,538.9,1950.9,-165.9,-0.0915,166.74,1,0
2026-01-01T00:55:14Z,tube_leak,TUBE_LEAK,435.85,1396.5,127.57,538.9,1951.2,-156.0,-0.0883,165.56,1,0
2026-01-01T00:55:15Z,tube_leak,TUBE_LEAK,432.2,1389.7,127.94,539.9,1953.1,-156.9,-0.0911,167.6,1,0
2026-01-01T00:55:16Z,tube_leak,TUBE_LEAK,438.58,1395.0,127.37,540.9,1954.4,-161.8,-0.0895,168.03,1,0
2026-01-01T00:55:17Z,tube_leak,TUBE_LEAK,435.37,1392.4,127.43,540.7,1953.6,-157.2,-0.0902,166.7,1,0
2026-01-01T00:55:18Z,tube_leak,TUBE_LEAK,438.27,1387.3,128.65,539.2,1950.1,-157.0,-0.0895,167.31,1,0
2026-01-01T00:55:19Z,tube_leak,TUBE_LEAK,430.52,1392.9,127.13,541.3,1948.4,-147.3,-0.0906,168.62,1,0
2026-01-01T00:55:20Z,tube_leak,TUBE_LEAK,436.21,1388.0,127.6,539.1,1951.7,-155.1,-0.0895,170.21,1,0
2026-01-01T00:55:21Z,tube_leak,TUBE_LEAK,429.44,1388.3,127.88,541.8,1950.8,-154.4,-0.0912,166.03,1,0
2026-01-01T00:55:22Z,tube_leak,TUBE_LEAK,438.51,1391.3,127.77,540.9,1944.8,-156.1,-0.0896,165.74,1,0
2026-01-01T00:55:23Z,tube_leak,TUBE_LEAK,437.03,1392.9,128.07,539.8,1950.4,-155.3,-0.0886,166.62,1,0
2026-01-01T00:55:24Z,tube_leak,TUBE_LEAK,430.76,1392.8,127.94,540.1,1948.5,-162.7,-0.0912,166.97,1,0
2026-01-01T00:55:25Z,tube_leak,TUBE_LEAK,433.97,1389.3,127.13,540.8,1943.8,-154.4,-0.0905,166.81,1,0
2026-01-01T00:55:26Z,tube_leak,TUBE_LEAK,432.24,1392.7,128.43,538.7,1947.0,-153.3,-0.0879,168.2,1,0
2026-01-01T00:55:27Z,tube_leak,TUBE_LEAK,435.85,1393.4,127.53,540.7,1951.7,-153.8,-0.089,167.87,1,0
2026-01-01T00:55:28Z,tube_leak,TUBE_LEAK,439.35,1390.9,127.93,541.3,1947.0,-162.9,-0.0898,168.77,1,0
2026-01-01T00:55:29Z,tube_leak,TUBE_LEAK,433.28,1391.2,128.5,538.7,1946.0,-168.8,-0.0896,166.0,1,0
2026-01-01T00:55:30Z,tube_leak,TUBE_LEAK,436.28,1394.0,127.85,539.2,1950.6,-151.1,-0.0898,167.07,1,0
2026-01-01T00:55:31Z,tube_leak,TUBE_LEAK,435.09,1392.4,127.6,540.1,1948.9,-149.3,-0.0901,167.18,1,0
2026-01-01T00:55:32Z,tube_leak,TUBE_LEAK,437.61,1391.8,128.26,540.4,1947.9,-154.5,-0.09,168.89,1,0
2026-01-01T00:55:33Z,tube_leak,TUBE_LEAK,433.42,1391.7,128.13,539.5,1948.9,-155.4,-0.0902,167.82,1,0
2026-01-01T00:55:34Z,tube_leak,TUBE_LEAK,436.8,1392.5,128.15,540.3,1953.4,-158.6,-0.0906,168.18,1,0
2026-01-01T00:55:35Z,tube_leak,TUBE_LEAK,432.13,1391.5,128.42,537.6,1947.7,-142.7,-0.0895,167.66,1,0
2026-01-01T00:55:36Z,tube_leak,TUBE_LEAK,438.65,1389.7,127.45,537.8,1947.9,-158.8,-0.0905,167.15,1,0
2026-01-01T00:55:37Z,tube_leak,TUBE_LEAK,436.9,1388.4,128.25,540.5,1949.1,-161.3,-0.0912,167.58,1,0
2026-01-01T00:55:38Z,tube_leak,TUBE_LEAK,430.87,1390.0,128.36,538.5,1953.7,-167.1,-0.091,168.81,1,0
2026-01-01T00:55:39Z,tube_leak,TUBE_LEAK,434.72,1390.3,129.13,539.4,1952.9,-161.1,-0.0897,167.13,1,0
2026-01-01T00:55:40Z,tube_leak,TUBE_LEAK,433.24,1388.3,127.77,541.1,1953.8,-152.0,-0.0907,167.77,1,0
2026-01-01T00:55:41Z,tube_leak,TUBE_LEAK,438.42,1391.3,128.28,540.6,1948.9,-150.4,-0.0915,168.17,1,0
2026-01-01T00:55:42Z,tube_leak,TUBE_LEAK,438.25,1394.9,127.52,538.2,1945.3,-168.8,-0.0902,166.76,1,0
2026-01-01T00:55:43Z,tube_leak,TUBE_LEAK,438.45,1395.0,128.54,540.0,1949.6,-159.3,-0.0895,168.19,1,0
2026-01-01T00:55:44Z,tube_leak,TUBE_LEAK,432.72,1391.2,128.27,538.6,1945.9,-157.4,-0.0894,166.88,1,0
2026-01-01T00:55:45Z,tube_leak,TUBE_LEAK,433.49,1389.2,127.03,541.0,1943.8,-160.3,-0.0904,167.21,1,0
2026-01-01T00:55:46Z,tube_leak,TUBE_LEAK,436.8,1392.8,128.02,538.4,1951.7,-166.6,-0.0909,166.8,1,0
2026-01-01T00:55:47Z,tube_leak,TUBE_LEAK,432.06,1391.8,128.55,540.8,1954.0,-157.9,-0.0888,166.59,1,0
2026-01-01T00:55:48Z,tube_leak,TUBE_LEAK,433.59,1393.0,127.5,539.9,1944.1,-160.4,-0.09,167.05,1,0
2026-01-01T00:55:49Z,tube_leak,TUBE_LEAK,435.96,1390.3,127.41,540.6,1953.0,-160.3,-0.0905,166.64,1,0
2026-01-01T00:55:50Z,tube_leak,TUBE_LEAK,439.21,1391.9,127.71,539.9,1945.2,-159.2,-0.0876,167.66,1,0
2026-01-01T00:55:51Z,tube_leak,TUBE_LEAK,434.68,1390.9,128.72,540.0,1944.6,-162.5,-0.0892,167.19,1,0
2026-01-01T00:55:52Z,tube_leak,TUBE_LEAK,435.93,1393.1,128.13,541.0,1952.4,-159.3,-0.0902,165.91,1,0
2026-01-01T00:55:53Z,tube_leak,TUBE_LEAK,438.04,1392.4,128.48,540.3,1943.0,-156.4,-0.0899,166.15,1,0
2026-01-01T00:55:54Z,tube_leak,TUBE_LEAK,437.4,1391.9,127.71,539.3,1948.0,-153.8,-0.0918,168.59,1,0
2026-01-01T00:55:55Z,tube_leak,TUBE_LEAK,434.82,1394.3,126.9,539.1,1946.2,-155.8,-0.0908,167.95,1,0
2026-01-01T00:55:56Z,tube_leak,TUBE_LEAK,436.54,1390.7,127.77,540.0,1946.3,-157.9,-0.0886,167.89,1,0
2026-01-01T00:55:57Z,tube_leak,TUBE_LEAK,436.31,1388.4,128.11,540.8,1950.0,-161.0,-0.0887,167.9,1,0
2026-01-01T00:55:58Z,tube_leak,TUBE_LEAK,431.91,1393.0,128.48,541.3,1951.2,-155.4,-0.089,167.22,1,0
2026-01-01T00:55:59Z,tube_leak,TUBE_LEAK,435.09,1390.6,128.1,538.5,1946.6,-159.6,-0.0902,167.06,1,0
2026-01-01T00:56:00Z,tube_leak,TUBE_LEAK,431.81,1392.1,128.68,541.1,1949.6,-162.0,-0.0902,168.59,1,0
2026-01-01T00:56:01Z,tube_leak,TUBE_LEAK,437.78,1395.2,128.46,541.2,1950.7,-156.3,-0.0896,166.65,1,0
2026-01-01T00:56:02Z,tube_leak,TUBE_LEAK,435.85,1392.1,127.64,541.1,1958.1,-156.9,-0.0903,166.02,1,0
2026-01-01T00:56:03Z,tube_leak,TUBE_LEAK,432.29,1390.7,128.25,541.9,1946.1,-156.8,-0.0911,167.33,1,0
2026-01-01T00:56:04Z,tube_leak,TUBE_LEAK,434.58,1392.8,128.08,540.7,1949.5,-163.9,-0.0917,167.19,1,0
2026-01-01T00:56:05Z,tube_leak,TUBE_LEAK,435.57,1392.2,128.31,540.3,1950.2,-156.4,-0.0873,166.35,1,0
2026-01-01T00:56:06Z,tube_leak,TUBE_LEAK,428.27,1392.3,127.91,541.1,1941.8,-165.3,-0.0926,169.06,1,0
2026-01-01T00:56:07Z,tube_leak,TUBE_LEAK,432.88,1393.0,127.42,539.9,1949.3,-157.8,-0.0908,166.88,1,0
2026-01-01T00:56:08Z,tube_leak,TUBE_LEAK,435.89,1392.9,128.13,538.6,1950.5,-159.0,-0.09,168.0,1,0
2026-01-01T00:56:09Z,tube_leak,TUBE_LEAK,436.64,1391.0,127.43,541.2,1943.2,-157.1,-0.0894,167.29,1,0
2026-01-01T00:56:10Z,tube_leak,TUBE_LEAK,437.11,1392.9,127.86,539.9,1948.3,-148.7,-0.0896,166.99,1,0
2026-01-01T00:56:11Z,tube_leak,TUBE_LEAK,438.35,1388.8,128.19,540.0,1948.1,-159.1,-0.0905,167.35,1,0
2026-01-01T00:56:12Z,tube_leak,TUBE_LEAK,436.41,1394.4,127.37,540.1,1949.3,-165.7,-0.091,166.6,1,0
2026-01-01T00:56:13Z,tube_leak,TUBE_LEAK,433.79,1392.9,128.24,540.3,1946.7,-157.2,-0.0917,166.89,1,0
2026-01-01T00:56:14Z,tube_leak,TUBE_LEAK,436.33,1390.7,128.16,540.5,1949.5,-163.7,-0.0907,167.22,1,0
2026-01-01T00:56:15Z,tube_leak,TUBE_LEAK,432.6,1391.5,127.94,539.3,1945.6,-158.7,-0.0901,167.75,1,0
2026-01-01T00:56:16Z,tube_leak,TUBE_LEAK,439.46,1390.7,128.77,538.4,1950.5,-159.4,-0.0906,166.2,1,0
2026-01-01T00:56:17Z,tube_leak,TUBE_LEAK,437.14,1387.8,128.16,538.7,1948.8,-153.5,-0.0896,167.49,1,0
2026-01-01T00:56:18Z,tube_leak,TUBE_LEAK,434.5,1396.6,128.24,538.0,1944.3,-163.4,-0.0891,165.87,1,0
2026-01-01T00:56:19Z,tube_leak,TUBE_LEAK,436.16,1389.4,127.9,538.1,1945.6,-154.9,-0.0917,166.25,1,0
2026-01-01T00:56:20Z,tube_leak,TUBE_LEAK,434.62,1390.0,127.18,539.4,1946.9,-147.2,-0.0899,167.87,1,0
2026-01-01T00:56:21Z,tube_leak,TUBE_LEAK,438.5,1393.9,127.76,540.0,1952.5,-167.6,-0.0906,166.83,1,0
2026-01-01T00:56:22Z,tube_leak,TUBE_LEAK,437.17,1391.4,128.67,540.8,1951.2,-154.1,-0.0913,167.93,1,0
2026-01-01T00:56:23Z,tube_leak,TUBE_LEAK,437.16,1392.0,128.46,540.2,1953.8,-159.9,-0.0895,165.73,1,0
2026-01-01T00:56:24Z,tube_leak,TUBE_LEAK,437.25,1390.7,127.74,541.8,1946.8,-159.1,-0.0895,167.54,1,0
2026-01-01T00:56:25Z,tube_leak,TUBE_LEAK,435.85,1390.3,128.34,539.6,1941.6,-158.0,-0.0895,168.2,1,0
2026-01-01T00:56:26Z,tube_leak,TUBE_LEAK,438.35,1391.6,128.14,538.9,1948.6,-156.5,-0.0885,165.64,1,0
2026-01-01T00:56:27Z,tube_leak,TUBE_LEAK,434.66,1394.8,127.02,538.9,1948.5,-160.1,-0.0893,167.21,1,0
2026-01-01T00:56:28Z,tube_leak,TUBE_LEAK,436.41,1392.9,127.98,536.3,1948.3,-156.9,-0.0918,165.6,1,0
2026-01-01T00:56:29Z,tube_leak,TUBE_LEAK,439.27,1393.6,128.3,540.1,1949.0,-165.5,-0.09,167.84,1,0
2026-01-01T00:56:30Z,tube_leak,TUBE_LEAK,434.54,1391.5,126.79,540.2,1949.0,-152.4,-0.0898,167.53,1,0
2026-01-01T00:56:31Z,tube_leak,TUBE_LEAK,432.51,1391.6,127.75,540.9,1951.0,-157.5,-0.0908,168.08,1,0
2026-01-01T00:56:32Z,tube_leak,TUBE_LEAK,434.79,1392.7,126.86,540.9,1945.5,-156.0,-0.0893,166.79,1,0
2026-01-01T00:56:33Z,tube_leak,TUBE_LEAK,432.82,1390.0,127.61,539.9,1948.8,-158.1,-0.0886,167.59,1,0
2026-01-01T00:56:34Z,tube_leak,TUBE_LEAK,434.02,1392.5,129.13,539.8,1945.6,-158.5,-0.09,166.39,1,0
2026-01-01T00:56:35Z,tube_leak,TUBE_LEAK,439.05,1390.9,128.1,541.1,1946.5,-161.9,-0.0898,168.11,1,0
2026-01-01T00:56:36Z,tube_leak,TUBE_LEAK,435.68,1392.0,127.76,539.9,1951.2,-163.6,-0.0915,166.72,1,0
2026-01-01T00:56:37Z,tube_leak,TUBE_LEAK,438.87,1386.5,127.98,540.2,1950.9,-161.9,-0.0907,169.79,1,0
2026-01-01T00:56:38Z,tube_leak,TUBE_LEAK,435.83,1390.3,127.54,539.4,1949.1,-156.4,-0.0904,166.75,1,0
2026-01-01T00:56:39Z,tube_leak,TUBE_LEAK,432.65,1391.2,127.86,539.1,1950.8,-161.3,-0.0889,167.37,1,0
2026-01-01T00:56:40Z,tube_leak,TUBE_LEAK,433.03,1388.7,127.93,539.1,1953.9,-165.6,-0.09,166.61,1,0
2026-01-01T00:56:41Z,tube_leak,TUBE_LEAK,433.87,1389.5,128.3,541.3,1950.9,-160.4,-0.0904,167.79,1,0
2026-01-01T00:56:42Z,tube_leak,TUBE_LEAK,434.82,1389.7,128.18,539.4,1950.9,-160.1,-0.0908,167.12,1,0
2026-01-01T00:56:43Z,tube_leak,TUBE_LEAK,430.04,1393.9,127.92,541.2,1947.6,-171.3,-0.0894,169.04,1,0
2026-01-01T00:56:44Z,tube_leak,TUBE_LEAK,432.85,1391.3,127.03,539.7,1951.0,-160.7,-0.0914,166.09,1,0
2026-01-01T00:56:45Z,tube_leak,TUBE_LEAK,433.66,1390.3,127.79,540.1,1946.0,-174.6,-0.0892,167.27,1,0
2026-01-01T00:56:46Z,tube_leak,TUBE_LEAK,435.39,1393.0,128.11,537.8,1943.3,-152.5,-0.0909,167.88,1,0
2026-01-01T00:56:47Z,tube_leak,TUBE_LEAK,433.92,1391.7,128.65,538.7,1947.3,-159.4,-0.0896,167.13,1,0
2026-01-01T00:56:48Z,tube_leak,TUBE_LEAK,435.36,1392.3,127.79,538.7,1943.5,-167.6,-0.0905,168.04,1,0
2026-01-01T00:56:49Z,tube_leak,TUBE_LEAK,434.45,1393.3,127.36,539.2,1947.5,-159.3,-0.0908,170.11,1,0
2026-01-01T00:56:50Z,tube_leak,TUBE_LEAK,433.56,1390.5,129.02,540.1,1947.0,-162.1,-0.0906,166.51,1,0
2026-01-01T00:56:51Z,tube_leak,TUBE_LEAK,435.61,1391.2,127.52,539.7,1952.6,-161.9,-0.0895,168.19,1,0
2026-01-01T00:56:52Z,tube_leak,TUBE_LEAK,431.12,1389.6,128.1,540.1,1951.4,-162.3,-0.0897,167.58,1,0
2026-01-01T00:56:53Z,tube_leak,TUBE_LEAK,440.52,1394.4,128.31,538.7,1948.8,-162.1,-0.0902,167.82,1,0
2026-01-01T00:56:54Z,tube_leak,TUBE_LEAK,438.0,1393.1,128.14,540.7,1948.7,-151.4,-0.0909,166.63,1,0
2026-01-01T00:56:55Z,tube_leak,TUBE_LEAK,435.69,1392.7,128.02,540.3,1948.6,-166.0,-0.0904,166.93,1,0
2026-01-01T00:56:56Z,tube_leak,TUBE_LEAK,437.25,1389.6,127.54,540.9,1953.1,-157.6,-0.0879,166.79,1,0
2026-01-01T00:56:57Z,tube_leak,TUBE_LEAK,437.08,1388.5,127.67,540.1,1949.9,-160.8,-0.0901,168.25,1,0
2026-01-01T00:56:58Z,tube_leak,TUBE_LEAK,437.66,1394.1,128.53,539.6,1945.9,-165.1,-0.0918,168.6,1,0
2026-01-01T00:56:59Z,tube_leak,TUBE_LEAK,433.58,1393.3,127.4,540.7,1949.6,-158.6,-0.0887,167.41,1,0
2026-01-01T00:57:00Z,tube_leak,TUBE_LEAK,435.37,1391.7,128.05,540.4,1948.4,-165.0,-0.0903,168.59,1,0
2026-01-01T00:57:01Z,tube_leak,TUBE_LEAK,438.25,1393.1,128.35,539.9,1950.7,-159.4,-0.09,167.97,1,0
2026-01-01T00:57:02Z,tube_leak,TUBE_LEAK,432.62,1390.0,127.71,540.3,1952.3,-163.6,-0.0882,168.26,1,0
2026-01-01T00:57:03Z,tube_leak,TUBE_LEAK,434.6,1392.1,128.01,540.7,1947.8,-160.9,-0.0906,167.16,1,0
2026-01-01T00:57:04Z,tube_leak,TUBE_LEAK,435.98,1393.7,128.15,538.8,1952.0,-164.7,-0.0909,168.11,1,0
2026-01-01T00:57:05Z,tube_leak,TUBE_LEAK,436.96,1393.2,127.56,539.3,1948.4,-150.3,-0.0918,166.68,1,0
2026-01-01T00:57:06Z,tube_leak,TUBE_LEAK,435.81,1393.1,128.27,541.3,1949.0,-163.9,-0.0903,166.74,1,0
2026-01-01T00:57:07Z,tube_leak,TUBE_LEAK,439.36,1391.1,127.99,538.9,1947.7,-166.0,-0.092,167.38,1,0
2026-01-01T00:57:08Z,tube_leak,TUBE_LEAK,435.73,1391.5,128.07,539.3,1951.0,-158.9,-0.091,166.73,1,0
2026-01-01T00:57:09Z,tube_leak,TUBE_LEAK,433.74,1394.1,128.39,540.5,1947.6,-166.4,-0.0908,166.18,1,0
2026-01-01T00:57:10Z,tube_leak,TUBE_LEAK,435.72,1387.7,127.9,539.4,1945.4,-159.3,-0.0905,167.08,1,0
2026-01-01T00:57:11Z,tube_leak,TUBE_LEAK,434.3,1392.7,128.46,541.3,1948.5,-155.1,-0.0899,168.08,1,0
2026-01-01T00:57:12Z,tube_leak,TUBE_LEAK,430.56,1394.2,128.49,539.8,1950.5,-159.6,-0.0904,168.23,1,0
2026-01-01T00:57:13Z,tube_leak,TUBE_LEAK,434.72,1391.9,127.67,539.4,1946.0,-164.4,-0.0917,167.59,1,0
2026-01-01T00:57:14Z,tube_leak,TUBE_LEAK,433.82,1386.8,128.1,539.4,1952.8,-172.0,-0.0895,166.78,1,0
2026-01-01T00:57:15Z,tube_leak,TUBE_LEAK,433.17,1394.1,127.83,539.6,1948.4,-163.9,-0.0897,167.66,1,0
2026-01-01T00:57:16Z,tube_leak,TUBE_LEAK,431.65,1386.7,128.54,539.7,1949.5,-154.0,-0.0894,168.23,1,0
2026-01-01T00:57:17Z,tube_leak,TUBE_LEAK,437.69,1391.4,127.79,540.2,1946.3,-155.2,-0.0901,166.89,1,0
2026-01-01T00:57:18Z,tube_leak,TUBE_LEAK,436.16,1395.4,127.54,539.7,1949.5,-160.3,-0.0885,166.97,1,0
2026-01-01T00:57:19Z,tube_leak,TUBE_LEAK,433.67,1391.4,127.99,541.4,1951.0,-155.7,-0.0881,167.02,1,0
2026-01-01T00:57:20Z,tube_leak,TUBE_LEAK,435.57,1392.9,128.58,539.0,1946.8,-160.5,-0.0895,168.43,1,0
2026-01-01T00:57:21Z,tube_leak,TUBE_LEAK,433.51,1386.5,128.03,539.2,1947.7,-157.4,-0.0901,167.5,1,0
2026-01-01T00:57:22Z,tube_leak,TUBE_LEAK,431.42,1389.4,127.74,539.8,1943.3,-158.2,-0.0886,168.11,1,0
2026-01-01T00:57:23Z,tube_leak,TUBE_LEAK,436.84,1394.3,127.05,540.9,1947.0,-163.2,-0.0891,168.83,1,0
2026-01-01T00:57:24Z,tube_leak,TUBE_LEAK,433.95,1393.6,127.96,539.8,1954.8,-162.8,-0.0895,167.57,1,0
2026-01-01T00:57:25Z,tube_leak,TUBE_LEAK,433.97,1394.3,127.99,540.5,1947.1,-158.7,-0.0901,167.33,1,0
2026-01-01T00:57:26Z,tube_leak,TUBE_LEAK,427.76,1395.3,128.25,540.6,1953.6,-158.0,-0.0901,167.46,1,0
2026-01-01T00:57:27Z,tube_leak,TUBE_LEAK,438.07,1390.3,127.58,538.1,1947.5,-162.6,-0.0917,167.96,1,0
2026-01-01T00:57:28Z,tube_leak,TUBE_LEAK,428.73,1389.5,128.03,539.5,1949.5,-160.3,-0.0916,166.22,1,0
2026-01-01T00:57:29Z,tube_leak,TUBE_LEAK,434.55,1390.6,127.05,541.0,1946.2,-157.8,-0.0915,166.9,1,0
2026-01-01T00:57:30Z,tube_leak,TUBE_LEAK,434.35,1393.4,128.24,539.4,1948.4,-156.2,-0.0891,167.13,1,0
2026-01-01T00:57:31Z,tube_leak,TUBE_LEAK,433.2,1392.6,127.88,540.1,1946.4,-161.2,-0.0901,166.21,1,0
2026-01-01T00:57:32Z,tube_leak,TUBE_LEAK,438.27,1393.9,128.42,540.6,1953.3,-150.6,-0.0897,166.94,1,0
2026-01-01T00:57:33Z,tube_leak,TUBE_LEAK,436.32,1392.0,128.39,540.5,1948.6,-159.1,-0.0914,166.32,1,0
2026-01-01T00:57:34Z,tube_leak,TUBE_LEAK,429.82,1388.3,127.3,540.8,1949.0,-162.5,-0.0892,166.13,1,0
2026-01-01T00:57:35Z,tube_leak,TUBE_LEAK,432.31,1394.2,127.91,539.5,1949.8,-166.1,-0.0889,167.83,1,0
2026-01-01T00:57:36Z,tube_leak,TUBE_LEAK,428.13,1390.3,127.58,538.9,1949.4,-148.8,-0.0902,164.99,1,0
2026-01-01T00:57:37Z,tube_leak,TUBE_LEAK,436.27,1390.6,128.31,540.0,1945.6,-151.5,-0.0897,168.38,1,0
2026-01-01T00:57:38Z,tube_leak,TUBE_LEAK,435.14,1391.2,128.74,539.1,1949.9,-164.0,-0.0907,165.73,1,0
2026-01-01T00:57:39Z,tube_leak,TUBE_LEAK,431.2,1392.7,127.7,539.8,1950.0,-159.5,-0.0912,167.89,1,0
2026-01-01T00:57:40Z,tube_leak,TUBE_LEAK,436.83,1392.2,127.96,542.6,1950.0,-165.8,-0.09,167.36,1,0
2026-01-01T00:57:41Z,tube_leak,TUBE_LEAK,435.16,1389.7,128.28,539.1,1950.6,-169.3,-0.0908,169.48,1,0
2026-01-01T00:57:42Z,tube_leak,TUBE_LEAK,438.38,1397.6,128.23,542.5,1946.6,-153.2,-0.0905,169.03,1,0
2026-01-01T00:57:43Z,tube_leak,TUBE_LEAK,433.7,1391.3,127.59,541.6,1945.8,-162.1,-0.0913,167.93,1,0
2026-01-01T00:57:44Z,tube_leak,TUBE_LEAK,436.07,1391.9,127.63,538.4,1954.1,-160.6,-0.0897,169.02,1,0
2026-01-01T00:57:45Z,tube_leak,TUBE_LEAK,435.15,1389.8,128.53,539.8,1948.8,-151.5,-0.0902,167.08,1,0
2026-01-01T00:57:46Z,tube_leak,TUBE_LEAK,432.58,1393.6,128.96,539.7,1952.6,-161.3,-0.0898,167.33,1,0
2026-01-01T00:57:47Z,tube_leak,TUBE_LEAK,435.21,1387.9,127.3,537.8,1951.0,-152.1,-0.0895,168.97,1,0
2026-01-01T00:57:48Z,tube_leak,TUBE_LEAK,432.99,1390.9,128.6,540.1,1948.4,-154.7,-0.09,166.95,1,0
2026-01-01T00:57:49Z,tube_leak,TUBE_LEAK,431.72,1391.9,127.31,539.9,1949.5,-152.5,-0.0893,167.09,1,0
2026-01-01T00:57:50Z,tube_leak,TUBE_LEAK,438.36,1390.1,127.99,538.4,1944.3,-163.7,-0.0921,167.75,1,0
2026-01-01T00:57:51Z,tube_leak,TUBE_LEAK,435.74,1391.1,128.86,541.3,1947.4,-155.6,-0.0883,168.0,1,0
2026-01-01T00:57:52Z,tube_leak,TUBE_LEAK,436.0,1390.9,127.63,538.5,1952.1,-165.1,-0.0896,167.1,1,0
2026-01-01T00:57:53Z,tube_leak,TUBE_LEAK,432.62,1394.1,128.93,539.3,1945.2,-160.5,-0.0886,168.53,1,0
2026-01-01T00:57:54Z,tube_leak,TUBE_LEAK,434.91,1393.5,127.55,539.5,1949.0,-152.1,-0.0899,167.4,1,0
2026-01-01T00:57:55Z,tube_leak,TUBE_LEAK,436.84,1392.0,127.41,539.3,1954.6,-161.2,-0.0886,166.96,1,0
2026-01-01T00:57:56Z,tube_leak,TUBE_LEAK,434.41,1393.5,126.96,540.5,1945.5,-168.5,-0.0902,167.92,1,0
2026-01-01T00:57:57Z,tube_leak,TUBE_LEAK,437.67,1391.5,127.18,539.1,1948.7,-162.7,-0.0915,165.71,1,0
2026-01-01T00:57:58Z,tube_leak,TUBE_LEAK,434.61,1393.4,128.11,538.1,1950.2,-160.1,-0.0918,168.96,1,0
2026-01-01T00:57:59Z,tube_leak,TUBE_LEAK,434.81,1390.5,127.02,538.9,1949.8,-153.3,-0.0907,168.71,1,0
2026-01-01T00:58:00Z,tube_leak,TUBE_LEAK,434.21,1389.5,128.86,540.6,1947.7,-166.2,-0.0911,167.99,1,0
2026-01-01T00:58:01Z,tube_leak,TUBE_LEAK,433.83,1394.2,128.13,541.5,1946.7,-153.5,-0.0899,167.11,1,0
2026-01-01T00:58:02Z,tube_leak,TUBE_LEAK,432.87,1392.2,128.69,537.3,1947.3,-165.2,-0.0893,167.28,1,0
2026-01-01T00:58:03Z,tube_leak,TUBE_LEAK,438.63,1391.9,128.62,540.9,1941.4,-157.3,-0.0881,168.73,1,0
2026-01-01T00:58:04Z,tube_leak,TUBE_LEAK,433.93,1391.0,127.61,538.8,1952.4,-159.9,-0.0897,168.77,1,0
2026-01-01T00:58:05Z,tube_leak,TUBE_LEAK,435.99,1393.1,127.89,539.1,1955.3,-159.1,-0.0911,168.2,1,0
2026-01-01T00:58:06Z,tube_leak,TUBE_LEAK,431.67,1396.2,127.58,541.5,1948.5,-163.5,-0.0898,164.93,1,0
2026-01-01T00:58:07Z,tube_leak,TUBE_LEAK,438.43,1390.7,127.74,540.4,1946.3,-158.9,-0.0904,166.69,1,0
2026-01-01T00:58:08Z,tube_leak,TUBE_LEAK,437.56,1393.9,128.37,541.1,1950.4,-159.1,-0.0895,168.04,1,0
2026-01-01T00:58:09Z,tube_leak,TUBE_LEAK,432.93,1392.1,128.12,539.1,1951.0,-159.2,-0.0906,168.22,1,0
2026-01-01T00:58:10Z,tube_leak,TUBE_LEAK,432.5,1386.5,129.37,540.7,1951.8,-158.8,-0.0904,167.55,1,0
2026-01-01T00:58:11Z,tube_leak,TUBE_LEAK,433.13,1392.8,128.82,539.3,1943.8,-163.5,-0.0899,167.01,1,0
2026-01-01T00:58:12Z,tube_leak,TUBE_LEAK,436.69,1394.1,128.0,541.5,1952.3,-156.1,-0.0916,167.7,1,0
2026-01-01T00:58:13Z,tube_leak,TUBE_LEAK,436.07,1388.2,127.76,541.0,1943.4,-153.9,-0.0897,167.97,1,0
2026-01-01T00:58:14Z,tube_leak,TUBE_LEAK,438.58,1391.6,127.61,538.8,1947.1,-156.9,-0.0913,168.22,1,0
2026-01-01T00:58:15Z,tube_leak,TUBE_LEAK,435.0,1392.2,127.98,541.0,1949.8,-164.2,-0.0903,167.93,1,0
2026-01-01T00:58:16Z,tube_leak,TUBE_LEAK,431.73,1393.7,127.47,540.5,1945.1,-159.5,-0.0897,166.66,1,0
2026-01-01T00:58:17Z,tube_leak,TUBE_LEAK,435.49,1390.6,128.34,540.8,1952.7,-160.6,-0.0906,167.01,1,0
2026-01-01T00:58:18Z,tube_leak,TUBE_LEAK,435.3,1391.5,127.24,539.8,1950.2,-164.5,-0.0911,168.5,1,0
2026-01-01T00:58:19Z,tube_leak,TUBE_LEAK,435.59,1391.0,129.02,539.5,1947.0,-161.2,-0.0902,166.95,1,0
2026-01-01T00:58:20Z,tube_leak,TUBE_LEAK,432.77,1391.2,127.94,540.2,1952.9,-154.8,-0.0886,167.81,1,0
2026-01-01T00:58:21Z,tube_leak,TUBE_LEAK,435.47,1391.8,127.78,537.5,1948.0,-162.8,-0.0888,167.93,1,0
2026-01-01T00:58:22Z,tube_leak,TUBE_LEAK,435.55,1393.7,128.52,540.2,1947.0,-159.5,-0.0895,167.89,1,0
2026-01-01T00:58:23Z,tube_leak,TUBE_LEAK,438.23,1393.3,127.67,538.5,1950.5,-166.1,-0.0913,166.04,1,0
2026-01-01T00:58:24Z,tube_leak,TUBE_LEAK,434.91,1390.8,128.77,539.2,1947.7,-161.5,-0.0896,166.9,1,0
2026-01-01T00:58:25Z,tube_leak,TUBE_LEAK,433.54,1392.1,128.13,539.9,1952.4,-157.8,-0.0891,166.68,1,0
2026-01-01T00:58:26Z,tube_leak,TUBE_LEAK,433.44,1390.2,127.9,541.1,1951.1,-158.6,-0.0911,167.05,1,0
2026-01-01T00:58:27Z,tube_leak,TUBE_LEAK,429.93,1390.9,128.26,538.0,1949.8,-160.7,-0.0898,168.03,1,0
2026-01-01T00:58:28Z,tube_leak,TUBE_LEAK,432.48,1388.8,128.0,539.8,1957.7,-151.9,-0.0912,168.1,1,0
2026-01-01T00:58:29Z,tube_leak,TUBE_LEAK,436.96,1392.5,127.55,540.5,1946.1,-160.1,-0.09,166.68,1,0
2026-01-01T00:58:30Z,tube_leak,TUBE_LEAK,430.95,1394.1,127.33,540.8,1951.9,-159.4,-0.0896,166.79,1,0
2026-01-01T00:58:31Z,tube_leak,TUBE_LEAK,436.96,1394.3,129.66,538.1,1950.3,-155.0,-0.0911,167.8,1,0
2026-01-01T00:58:32Z,tube_leak,TUBE_LEAK,434.99,1394.3,128.32,539.6,1943.7,-156.7,-0.0903,166.72,1,0
2026-01-01T00:58:33Z,tube_leak,TUBE_LEAK,433.83,1394.0,128.03,539.7,1947.3,-158.9,-0.0909,166.7,1,0
2026-01-01T00:58:34Z,tube_leak,TUBE_LEAK,429.6,1393.3,127.72,539.8,1943.5,-161.3,-0.0888,168.82,1,0
2026-01-01T00:58:35Z,tube_leak,TUBE_LEAK,436.53,1393.6,127.85,538.5,1948.9,-163.9,-0.09,167.49,1,0
2026-01-01T00:58:36Z,tube_leak,TUBE_LEAK,435.97,1394.2,127.27,538.1,1951.7,-159.0,-0.0903,166.25,1,0
2026-01-01T00:58:37Z,tube_leak,TUBE_LEAK,436.67,1392.1,127.53,537.6,1946.7,-157.5,-0.092,167.83,1,0
2026-01-01T00:58:38Z,tube_leak,TUBE_LEAK,436.87,1389.6,128.41,541.0,1949.4,-157.6,-0.0892,168.98,1,0
2026-01-01T00:58:39Z,tube_leak,TUBE_LEAK,434.75,1394.5,127.08,542.2,1947.7,-163.5,-0.0891,165.97,1,0
2026-01-01T00:58:40Z,tube_leak,TUBE_LEAK,437.93,1393.4,128.63,539.8,1948.8,-159.0,-0.0921,168.33,1,0
2026-01-01T00:58:41Z,tube_leak,TUBE_LEAK,435.09,1392.1,127.2,539.9,1943.9,-154.1,-0.0895,167.84,1,0
2026-01-01T00:58:42Z,tube_leak,TUBE_LEAK,431.41,1392.4,127.97,539.7,1949.3,-161.5,-0.0898,168.51,1,0
2026-01-01T00:58:43Z,tube_leak,TUBE_LEAK,432.69,1391.4,127.54,540.3,1947.4,-166.9,-0.0901,167.88,1,0
2026-01-01T00:58:44Z,tube_leak,TUBE_LEAK,441.39,1393.8,128.96,541.2,1948.7,-160.1,-0.0901,167.19,1,0
2026-01-01T00:58:45Z,tube_leak,TUBE_LEAK,437.5,1393.6,127.48,541.2,1949.7,-159.9,-0.0905,168.15,1,0
2026-01-01T00:58:46Z,tube_leak,TUBE_LEAK,431.25,1392.5,128.33,539.7,1948.0,-162.8,-0.0874,168.96,1,0
2026-01-01T00:58:47Z,tube_leak,TUBE_LEAK,437.53,1395.8,126.93,540.4,1949.7,-165.5,-0.0909,166.27,1,0
2026-01-01T00:58:48Z,tube_leak,TUBE_LEAK,432.19,1388.7,127.82,540.6,1946.7,-162.6,-0.088,165.27,1,0
2026-01-01T00:58:49Z,tube_leak,TUBE_LEAK,434.98,1390.5,128.03,539.1,1945.4,-155.0,-0.0912,166.38,1,0
2026-01-01T00:58:50Z,tube_leak,TUBE_LEAK,434.27,1390.9,127.9,541.0,1952.8,-154.3,-0.0898,168.28,1,0
2026-01-01T00:58:51Z,tube_leak,TUBE_LEAK,439.1,1390.7,128.13,539.6,1950.4,-161.9,-0.0917,167.92,1,0
2026-01-01T00:58:52Z,tube_leak,TUBE_LEAK,433.63,1391.1,127.51,540.4,1948.8,-168.2,-0.0898,165.97,1,0
2026-01-01T00:58:53Z,tube_leak,TUBE_LEAK,432.08,1392.8,127.96,537.9,1948.8,-160.5,-0.0909,167.3,1,0
2026-01-01T00:58:54Z,tube_leak,TUBE_LEAK,435.48,1388.4,127.35,540.4,1951.5,-158.6,-0.0905,169.01,1,0
2026-01-01T00:58:55Z,tube_leak,TUBE_LEAK,433.99,1391.9,127.9,541.4,1946.7,-160.3,-0.0896,166.65,1,0
2026-01-01T00:58:56Z,tube_leak,TUBE_LEAK,433.34,1393.0,128.45,540.3,1948.7,-155.5,-0.0912,166.95,1,0
2026-01-01T00:58:57Z,tube_leak,TUBE_LEAK,433.54,1392.5,127.74,540.5,1950.8,-155.7,-0.0904,167.23,1,0
2026-01-01T00:58:58Z,tube_leak,TUBE_LEAK,437.85,1394.1,128.73,540.5,1945.6,-154.5,-0.0889,168.01,1,0
2026-01-01T00:58:59Z,tube_leak,TUBE_LEAK,432.78,1393.1,127.37,539.9,1951.4,-160.1,-0.0899,168.07,1,0
2026-01-01T00:59:00Z,tube_leak,TUBE_LEAK,435.21,1395.7,127.5,540.6,1950.2,-151.1,-0.0915,167.91,1,0
2026-01-01T00:59:01Z,tube_leak,TUBE_LEAK,432.76,1389.5,128.04,539.9,1949.2,-170.4,-0.0888,169.06,1,0
2026-01-01T00:59:02Z,tube_leak,TUBE_LEAK,434.79,1393.8,128.57,539.8,1949.2,-160.3,-0.0895,166.8,1,0
2026-01-01T00:59:03Z,tube_leak,TUBE_LEAK,437.14,1388.7,126.97,539.8,1943.5,-159.1,-0.089,166.28,1,0
2026-01-01T00:59:04Z,tube_leak,TUBE_LEAK,435.58,1392.6,128.02,539.2,1951.1,-160.7,-0.0901,166.67,1,0
2026-01-01T00:59:05Z,tube_leak,TUBE_LEAK,434.92,1392.2,128.17,540.7,1947.5,-159.4,-0.0904,165.27,1,0
2026-01-01T00:59:06Z,tube_leak,TUBE_LEAK,431.96,1386.6,128.15,539.7,1945.8,-157.6,-0.0912,167.48,1,0
2026-01-01T00:59:07Z,tube_leak,TUBE_LEAK,435.83,1390.3,128.58,541.5,1950.2,-155.1,-0.089,167.1,1,0
2026-01-01T00:59:08Z,tube_leak,TUBE_LEAK,437.64,1390.8,127.51,539.1,1945.6,-161.4,-0.0908,167.63,1,0
2026-01-01T00:59:09Z,tube_leak,TUBE_LEAK,434.08,1393.4,127.6,540.2,1951.0,-158.3,-0.089,168.39,1,0
2026-01-01T00:59:10Z,tube_leak,TUBE_LEAK,439.0,1391.9,127.33,539.3,1951.0,-144.2,-0.0887,166.71,1,0
2026-01-01T00:59:11Z,tube_leak,TUBE_LEAK,437.6,1391.5,127.85,539.2,1957.7,-160.8,-0.0907,167.1,1,0
2026-01-01T00:59:12Z,tube_leak,TUBE_LEAK,437.39,1390.5,128.28,540.1,1947.3,-146.5,-0.0902,168.29,1,0
2026-01-01T00:59:13Z,tube_leak,TUBE_LEAK,432.92,1390.7,128.11,539.1,1953.4,-152.9,-0.089,167.35,1,0
2026-01-01T00:59:14Z,tube_leak,TUBE_LEAK,435.44,1391.0,128.76,541.7,1949.5,-161.3,-0.089,167.08,1,0
2026-01-01T00:59:15Z,tube_leak,TUBE_LEAK,433.76,1390.5,128.0,540.2,1947.9,-156.7,-0.0904,167.84,1,0
2026-01-01T00:59:16Z,tube_leak,TUBE_LEAK,437.42,1394.1,127.88,540.7,1949.5,-154.8,-0.0908,165.85,1,0
2026-01-01T00:59:17Z,tube_leak,TUBE_LEAK,438.39,1390.4,128.16,539.8,1945.1,-156.3,-0.0902,168.55,1,0
2026-01-01T00:59:18Z,tube_leak,TUBE_LEAK,436.83,1390.5,128.58,538.6,1952.1,-155.7,-0.0896,168.97,1,0
2026-01-01T00:59:19Z,tube_leak,TUBE_LEAK,430.16,1392.2,127.46,539.6,1948.8,-161.6,-0.0903,167.72,1,0
2026-01-01T00:59:20Z,tube_leak,TUBE_LEAK,434.31,1390.4,127.57,539.2,1945.9,-160.4,-0.0905,168.18,1,0
2026-01-01T00:59:21Z,tube_leak,TUBE_LEAK,435.51,1391.3,128.27,539.7,1951.6,-166.0,-0.0898,167.97,1,0
2026-01-01T00:59:22Z,tube_leak,TUBE_LEAK,440.14,1390.3,127.38,539.8,1948.0,-159.4,-0.0883,166.62,1,0
2026-01-01T00:59:23Z,tube_leak,TUBE_LEAK,433.12,1390.7,128.6,539.4,1948.9,-163.1,-0.0906,167.47,1,0
2026-01-01T00:59:24Z,tube_leak,TUBE_LEAK,433.91,1389.7,127.76,542.0,1948.4,-158.7,-0.0894,167.81,1,0
2026-01-01T00:59:25Z,tube_leak,TUBE_LEAK,432.9,1388.7,127.03,539.5,1943.6,-157.8,-0.09,166.87,1,0
2026-01-01T00:59:26Z,tube_leak,TUBE_LEAK,434.85,1387.5,128.14,541.0,1946.4,-156.4,-0.0905,169.17,1,0
2026-01-01T00:59:27Z,tube_leak,TUBE_LEAK,438.76,1390.6,127.74,539.8,1953.2,-162.6,-0.0899,166.84,1,0
2026-01-01T00:59:28Z,tube_leak,TUBE_LEAK,436.72,1393.8,127.91,540.2,1948.8,-159.4,-0.0889,167.43,1,0
2026-01-01T00:59:29Z,tube_leak,TUBE_LEAK,430.63,1390.6,127.81,540.2,1948.7,-165.1,-0.0904,166.85,1,0
2026-01-01T00:59:30Z,tube_leak,TUBE_LEAK,435.63,1394.8,127.42,541.7,1949.1,-172.5,-0.0903,166.38,1,0
2026-01-01T00:59:31Z,tube_leak,TUBE_LEAK,433.56,1393.8,128.25,541.4,1952.5,-167.6,-0.0914,167.89,1,0
2026-01-01T00:59:32Z,tube_leak,TUBE_LEAK,435.09,1391.3,127.78,540.8,1946.3,-154.8,-0.0895,169.81,1,0
2026-01-01T00:59:33Z,tube_leak,TUBE_LEAK,435.29,1390.6,127.39,538.6,1950.1,-156.0,-0.089,166.98,1,0
2026-01-01T00:59:34Z,tube_leak,TUBE_LEAK,436.84,1391.1,128.2,540.7,1949.5,-173.3,-0.0904,168.27,1,0
2026-01-01T00:59:35Z,tube_leak,TUBE_LEAK,437.54,1390.7,127.89,538.5,1949.5,-153.5,-0.0921,168.16,1,0
2026-01-01T00:59:36Z,tube_leak,TUBE_LEAK,434.32,1392.1,128.41,540.6,1952.5,-161.1,-0.0891,167.21,1,0
2026-01-01T00:59:37Z,tube_leak,TUBE_LEAK,431.92,1390.6,128.33,539.2,1947.5,-162.9,-0.0914,168.59,1,0
2026-01-01T00:59:38Z,tube_leak,TUBE_LEAK,436.72,1390.6,129.29,540.2,1948.0,-152.7,-0.0887,166.48,1,0
2026-01-01T00:59:39Z,tube_leak,TUBE_LEAK,431.24,1393.4,128.21,541.5,1948.0,-161.3,-0.0903,166.72,1,0
2026-01-01T00:59:40Z,tube_leak,TUBE_LEAK,433.14,1390.9,127.25,540.3,1953.1,-158.7,-0.0905,167.75,1,0
2026-01-01T00:59:41Z,tube_leak,TUBE_LEAK,434.14,1390.6,127.63,541.8,1947.7,-163.6,-0.0896,168.15,1,0
2026-01-01T00:59:42Z,tube_leak,TUBE_LEAK,434.45,1392.0,127.58,539.7,1950.3,-159.0,-0.0901,166.77,1,0
2026-01-01T00:59:43Z,tube_leak,TUBE_LEAK,438.15,1391.3,128.25,540.1,1948.2,-165.8,-0.0886,168.39,1,0
2026-01-01T00:59:44Z,tube_leak,TUBE_LEAK,436.1,1393.1,127.61,541.0,1954.8,-156.5,-0.0934,166.42,1,0
2026-01-01T00:59:45Z,tube_leak,TUBE_LEAK,438.63,1392.7,128.45,539.7,1949.5,-154.6,-0.0897,166.91,1,0
2026-01-01T00:59:46Z,tube_leak,TUBE_LEAK,434.57,1392.2,127.64,539.2,1951.4,-152.6,-0.0892,167.85,1,0
2026-01-01T00:59:47Z,tube_leak,TUBE_LEAK,432.49,1393.9,127.74,539.2,1947.5,-166.2,-0.0893,166.92,1,0
2026-01-01T00:59:48Z,tube_leak,TUBE_LEAK,431.76,1392.1,127.63,539.4,1944.5,-152.2,-0.0907,168.77,1,0
2026-01-01T00:59:49Z,tube_leak,TUBE_LEAK,434.07,1390.2,127.35,539.5,1946.4,-158.5,-0.0914,169.06,1,0
2026-01-01T00:59:50Z,tube_leak,TUBE_LEAK,437.86,1388.4,127.35,539.5,1953.1,-162.7,-0.0887,168.91,1,0
2026-01-01T00:59:51Z,tube_leak,TUBE_LEAK,436.11,1391.3,129.09,539.0,1952.9,-165.3,-0.0907,166.54,1,0
2026-01-01T00:59:52Z,tube_leak,TUBE_LEAK,435.15,1391.2,127.87,539.6,1952.7,-157.1,-0.0897,168.25,1,0
2026-01-01T00:59:53Z,tube_leak,TUBE_LEAK,437.43,1390.7,127.89,539.1,1950.7,-158.8,-0.0896,166.04,1,0
2026-01-01T00:59:54Z,tube_leak,TUBE_LEAK,432.57,1392.3,127.72,539.5,1949.9,-154.3,-0.0899,166.93,1,0
2026-01-01T00:59:55Z,tube_leak,TUBE_LEAK,436.54,1391.6,127.9,538.5,1949.0,-152.0,-0.0895,167.81,1,0
2026-01-01T00:59:56Z,tube_leak,TUBE_LEAK,440.12,1391.8,127.82,541.6,1949.7,-157.0,-0.0899,166.75,1,0
2026-01-01T00:59:57Z,tube_leak,TUBE_LEAK,432.25,1389.2,128.38,540.1,1950.9,-152.9,-0.0891,165.54,1,0
2026-01-01T00:59:58Z,tube_leak,TUBE_LEAK,431.96,1394.9,128.29,541.0,1947.2,-154.1,-0.0902,166.69,1,0
2026-01-01T00:59:59Z,tube_leak,TUBE_LEAK,436.4,1389.5,128.0,540.5,1950.7,-162.0,-0.0895,168.17,1,0
2026-01-01T01:00:00Z,tube_leak,TUBE_LEAK,438.17,1392.1,126.97,538.6,1949.2,-163.3,-0.0908,169.91,1,0
2026-01-01T01:00:01Z,tube_leak,TUBE_LEAK,436.93,1391.8,127.52,540.0,1950.7,-158.5,-0.0898,166.09,1,0
2026-01-01T01:00:02Z,tube_leak,TUBE_LEAK,433.12,1388.1,127.53,540.5,1949.7,-156.6,-0.0898,167.02,1,0
2026-01-01T01:00:03Z,tube_leak,TUBE_LEAK,435.43,1392.3,128.11,540.4,1948.1,-163.2,-0.0894,167.83,1,0
2026-01-01T01:00:04Z,tube_leak,TUBE_LEAK,437.8,1393.5,127.95,540.2,1943.4,-168.3,-0.0888,167.87,1,0
2026-01-01T01:00:05Z,tube_leak,TUBE_LEAK,434.06,1391.9,127.62,540.7,1949.4,-162.7,-0.089,168.35,1,0
2026-01-01T01:00:06Z,tube_leak,TUBE_LEAK,432.74,1388.4,128.28,540.1,1947.9,-162.9,-0.091,168.28,1,0
2026-01-01T01:00:07Z,tube_leak,TUBE_LEAK,435.69,1390.8,127.73,540.2,1949.2,-170.3,-0.0908,166.65,1,0
2026-01-01T01:00:08Z,tube_leak,TUBE_LEAK,441.74,1391.7,127.82,538.5,1951.9,-157.6,-0.0885,167.58,1,0
2026-01-01T01:00:09Z,tube_leak,TUBE_LEAK,433.04,1388.0,128.21,540.3,1943.7,-160.3,-0.0902,168.33,1,0
2026-01-01T01:00:10Z,tube_leak,TUBE_LEAK,435.82,1391.3,127.85,538.3,1955.0,-158.5,-0.09,169.95,1,0
2026-01-01T01:00:11Z,tube_leak,TUBE_LEAK,434.8,1393.9,128.57,540.2,1948.7,-154.0,-0.0899,166.56,1,0
2026-01-01T01:00:12Z,tube_leak,TUBE_LEAK,436.35,1389.9,127.55,541.3,1945.1,-152.3,-0.0907,167.66,1,0
2026-01-01T01:00:13Z,tube_leak,TUBE_LEAK,436.92,1389.0,128.13,541.0,1951.1,-166.3,-0.0889,167.18,1,0
2026-01-01T01:00:14Z,tube_leak,TUBE_LEAK,438.22,1393.3,128.5,538.7,1949.1,-164.3,-0.0887,166.4,1,0
2026-01-01T01:00:15Z,tube_leak,TUBE_LEAK,441.58,1391.2,128.81,539.5,1946.2,-162.2,-0.09,167.13,1,0
2026-01-01T01:00:16Z,tube_leak,TUBE_LEAK,432.76,1393.3,128.67,540.1,1947.5,-149.1,-0.0883,165.48,1,0
2026-01-01T01:00:17Z,tube_leak,TUBE_LEAK,432.28,1393.6,128.17,539.6,1949.0,-163.5,-0.0902,167.53,1,0
2026-01-01T01:00:18Z,tube_leak,TUBE_LEAK,437.94,1393.9,127.93,540.0,1952.3,-159.0,-0.0893,167.06,1,0
2026-01-01T01:00:19Z,tube_leak,TUBE_LEAK,437.49,1392.6,128.0,540.7,1949.0,-158.8,-0.09,166.57,1,0
2026-01-01T01:00:20Z,tube_leak,TUBE_LEAK,432.16,1391.5,127.83,541.5,1947.5,-165.9,-0.091,166.46,1,0
2026-01-01T01:00:21Z,tube_leak,TUBE_LEAK,435.09,1393.8,127.89,538.1,1947.1,-159.9,-0.0895,166.76,1,0
2026-01-01T01:00:22Z,tube_leak,TUBE_LEAK,431.29,1391.2,127.75,538.8,1947.5,-156.6,-0.0908,169.32,1,0
2026-01-01T01:00:23Z,tube_leak,TUBE_LEAK,436.02,1395.3,128.98,538.5,1950.3,-172.6,-0.0889,166.89,1,0
2026-01-01T01:00:24Z,tube_leak,TUBE_LEAK,437.12,1394.9,127.44,540.5,1952.0,-163.4,-0.091,167.54,1,0
2026-01-01T01:00:25Z,tube_leak,TUBE_LEAK,431.72,1390.9,128.23,540.6,1951.1,-159.6,-0.0899,168.24,1,0
2026-01-01T01:00:26Z,tube_leak,TUBE_LEAK,433.58,1393.3,127.21,540.9,1943.9,-160.9,-0.0893,167.2,1,0
2026-01-01T01:00:27Z,tube_leak,TUBE_LEAK,432.73,1393.4,128.12,540.1,1949.3,-154.5,-0.0903,167.98,1,0
2026-01-01T01:00:28Z,tube_leak,TUBE_LEAK,432.64,1392.7,128.34,540.7,1947.6,-154.3,-0.0887,168.59,1,0
2026-01-01T01:00:29Z,tube_leak,TUBE_LEAK,434.98,1392.8,127.42,540.5,1947.5,-167.6,-0.0906,165.46,1,0
2026-01-01T01:00:30Z,tube_leak,TUBE_LEAK,437.79,1393.1,128.32,540.6,1954.0,-164.9,-0.0897,167.2,1,0
2026-01-01T01:00:31Z,tube_leak,TUBE_LEAK,433.5,1391.9,128.0,539.8,1947.4,-156.0,-0.0907,166.76,1,0
2026-01-01T01:00:32Z,tube_leak,TUBE_LEAK,433.86,1393.2,127.97,538.8,1948.9,-154.1,-0.0901,169.42,1,0
2026-01-01T01:00:33Z,tube_leak,TUBE_LEAK,435.87,1388.2,128.06,541.1,1954.2,-160.6,-0.0893,169.42,1,0
2026-01-01T01:00:34Z,tube_leak,TUBE_LEAK,433.43,1389.5,127.39,542.8,1950.4,-163.8,-0.0909,168.04,1,0
2026-01-01T01:00:35Z,tube_leak,TUBE_LEAK,442.81,1392.3,128.13,539.6,1952.9,-162.0,-0.0892,168.37,1,0
2026-01-01T01:00:36Z,tube_leak,TUBE_LEAK,436.04,1393.1,127.11,539.7,1946.5,-159.3,-0.0897,167.8,1,0
2026-01-01T01:00:37Z,tube_leak,TUBE_LEAK,439.05,1387.9,127.05,540.7,1950.2,-151.4,-0.0899,168.43,1,0
2026-01-01T01:00:38Z,tube_leak,TUBE_LEAK,435.19,1391.3,127.17,539.1,1948.4,-160.8,-0.0898,166.84,1,0
2026-01-01T01:00:39Z,tube_leak,TUBE_LEAK,438.9,1392.6,127.54,539.5,1951.3,-162.3,-0.0904,167.37,1,0
2026-01-01T01:00:40Z,tube_leak,TUBE_LEAK,431.73,1393.6,127.94,542.1,1948.9,-161.0,-0.0902,168.68,1,0
2026-01-01T01:00:41Z,tube_leak,TUBE_LEAK,434.98,1393.6,128.88,538.2,1949.1,-161.2,-0.0902,166.9,1,0
2026-01-01T01:00:42Z,tube_leak,TUBE_LEAK,431.76,1392.2,127.85,538.7,1949.9,-161.8,-0.0895,166.23,1,0
2026-01-01T01:00:43Z,tube_leak,TUBE_LEAK,433.74,1393.3,128.0,538.9,1948.0,-157.6,-0.0886,168.31,1,0
2026-01-01T01:00:44Z,tube_leak,TUBE_LEAK,433.42,1388.4,127.85,539.1,1945.7,-157.8,-0.0899,167.58,1,0
2026-01-01T01:00:45Z,tube_leak,TUBE_LEAK,437.58,1392.2,128.95,539.1,1952.4,-165.2,-0.0871,168.76,1,0
2026-01-01T01:00:46Z,tube_leak,TUBE_LEAK,435.6,1393.6,127.23,539.2,1947.9,-164.1,-0.0897,168.27,1,0
2026-01-01T01:00:47Z,tube_leak,TUBE_LEAK,436.9,1393.4,128.08,540.7,1950.1,-156.6,-0.0902,166.12,1,0
2026-01-01T01:00:48Z,tube_leak,TUBE_LEAK,434.25,1389.0,127.94,539.7,1949.2,-159.6,-0.0923,166.64,1,0
2026-01-01T01:00:49Z,tube_leak,TUBE_LEAK,437.78,1394.2,127.85,541.4,1941.8,-156.1,-0.0901,166.74,1,0
2026-01-01T01:00:50Z,tube_leak,TUBE_LEAK,438.15,1388.8,128.21,537.7,1948.0,-156.1,-0.0906,165.62,1,0
2026-01-01T01:00:51Z,tube_leak,TUBE_LEAK,436.8,1394.8,127.32,538.4,1948.9,-152.1,-0.0897,165.74,1,0
2026-01-01T01:00:52Z,tube_leak,TUBE_LEAK,439.0,1389.2,128.1,540.7,1950.6,-154.6,-0.0909,167.64,1,0
2026-01-01T01:00:53Z,tube_leak,TUBE_LEAK,432.59,1393.3,128.26,540.0,1950.5,-149.2,-0.0908,167.93,1,0
2026-01-01T01:00:54Z,tube_leak,TUBE_LEAK,434.59,1394.2,127.95,539.6,1951.9,-157.0,-0.0889,168.65,1,0
2026-01-01T01:00:55Z,tube_leak,TUBE_LEAK,439.73,1391.6,128.84,538.1,1953.2,-161.9,-0.0913,167.29,1,0
2026-01-01T01:00:56Z,tube_leak,TUBE_LEAK,438.58,1393.4,128.81,540.0,1955.3,-149.7,-0.0894,168.05,1,0
2026-01-01T01:00:57Z,tube_leak,TUBE_LEAK,433.44,1392.9,127.95,539.6,1952.0,-156.0,-0.0904,167.46,1,0
2026-01-01T01:00:58Z,tube_leak,TUBE_LEAK,432.89,1391.1,127.73,541.5,1946.6,-149.4,-0.0896,169.05,1,0
2026-01-01T01:00:59Z,tube_leak,TUBE_LEAK,435.37,1389.6,127.3,539.6,1946.4,-153.3,-0.0897,172.24,1,0
2026-01-01T01:01:00Z,tube_leak,TUBE_LEAK,431.77,1387.4,127.11,539.3,1948.3,-165.5,-0.0888,167.92,1,0
2026-01-01T01:01:01Z,tube_leak,TUBE_LEAK,437.69,1390.2,127.83,540.5,1950.4,-161.2,-0.09,165.86,1,0
2026-01-01T01:01:02Z,tube_leak,TUBE_LEAK,434.41,1391.8,128.82,539.7,1945.6,-156.4,-0.0912,166.77,1,0
2026-01-01T01:01:03Z,tube_leak,TUBE_LEAK,433.7,1390.2,128.62,540.2,1945.7,-153.9,-0.0891,170.48,1,0
2026-01-01T01:01:04Z,tube_leak,TUBE_LEAK,436.72,1389.5,127.88,540.3,1947.0,-152.1,-0.0903,167.01,1,0
2026-01-01T01:01:05Z,tube_leak,TUBE_LEAK,438.09,1394.0,128.15,539.4,1952.2,-160.2,-0.0892,166.03,1,0
2026-01-01T01:01:06Z,tube_leak,TUBE_LEAK,435.28,1391.7,128.36,540.2,1947.7,-160.2,-0.0911,166.25,1,0
2026-01-01T01:01:07Z,tube_leak,TUBE_LEAK,431.57,1393.6,128.07,538.3,1950.8,-161.3,-0.0883,167.88,1,0
2026-01-01T01:01:08Z,tube_leak,TUBE_LEAK,436.08,1389.0,127.05,539.1,1946.4,-160.4,-0.0901,168.05,1,0
2026-01-01T01:01:09Z,tube_leak,TUBE_LEAK,434.1,1390.0,127.89,538.8,1953.4,-168.7,-0.0895,168.39,1,0
2026-01-01T01:01:10Z,tube_leak,TUBE_LEAK,437.64,1392.8,127.77,541.9,1949.9,-164.6,-0.091,167.85,1,0
2026-01-01T01:01:11Z,tube_leak,TUBE_LEAK,432.03,1393.8,128.57,540.7,1949.5,-158.0,-0.0892,167.46,1,0
2026-01-01T01:01:12Z,tube_leak,TUBE_LEAK,432.7,1392.3,128.57,538.6,1949.7,-155.8,-0.0896,167.9,1,0
2026-01-01T01:01:13Z,tube_leak,TUBE_LEAK,437.66,1397.0,126.76,541.9,1949.1,-156.5,-0.0894,166.65,1,0
2026-01-01T01:01:14Z,tube_leak,TUBE_LEAK,436.83,1391.5,128.54,542.0,1950.8,-161.0,-0.0878,167.61,1,0
2026-01-01T01:01:15Z,tube_leak,TUBE_LEAK,435.53,1384.5,127.16,540.4,1948.5,-151.6,-0.0901,166.76,1,0
2026-01-01T01:01:16Z,tube_leak,TUBE_LEAK,437.57,1393.2,128.17,540.5,1944.0,-158.2,-0.0903,167.86,1,0
2026-01-01T01:01:17Z,tube_leak,TUBE_LEAK,434.57,1390.7,128.04,538.7,1949.9,-160.2,-0.0894,165.65,1,0
2026-01-01T01:01:18Z,tube_leak,TUBE_LEAK,436.84,1390.6,128.46,539.5,1950.6,-161.4,-0.0907,167.51,1,0
2026-01-01T01:01:19Z,tube_leak,TUBE_LEAK,436.32,1392.0,127.54,539.8,1944.6,-154.9,-0.0899,166.76,1,0
2026-01-01T01:01:20Z,tube_leak,TUBE_LEAK,437.8,1394.7,128.22,539.4,1947.9,-162.9,-0.09,166.79,1,0
2026-01-01T01:01:21Z,tube_leak,TUBE_LEAK,439.44,1392.8,127.81,538.2,1948.3,-167.9,-0.0888,167.89,1,0
2026-01-01T01:01:22Z,tube_leak,TUBE_LEAK,433.8,1391.4,128.31,542.3,1953.6,-158.3,-0.0893,167.52,1,0
2026-01-01T01:01:23Z,tube_leak,TUBE_LEAK,435.45,1395.4,127.71,538.7,1943.5,-162.1,-0.0898,168.26,1,0
2026-01-01T01:01:24Z,tube_leak,TUBE_LEAK,431.57,1394.0,128.41,540.5,1945.0,-159.5,-0.0893,167.1,1,0
2026-01-01T01:01:25Z,tube_leak,TUBE_LEAK,435.22,1392.9,127.22,539.8,1945.3,-166.0,-0.0902,167.02,1,0
2026-01-01T01:01:26Z,tube_leak,TUBE_LEAK,438.09,1391.2,127.93,540.1,1953.0,-161.0,-0.0905,169.32,1,0
2026-01-01T01:01:27Z,tube_leak,TUBE_LEAK,433.68,1393.3,128.14,539.5,1945.8,-154.5,-0.0907,167.3,1,0
2026-01-01T01:01:28Z,tube_leak,TUBE_LEAK,433.94,1391.2,127.89,540.9,1947.8,-166.9,-0.0914,167.92,1,0
2026-01-01T01:01:29Z,tube_leak,TUBE_LEAK,438.39,1391.8,127.53,539.9,1950.2,-152.3,-0.0879,169.78,1,0
2026-01-01T01:01:30Z,tube_leak,TUBE_LEAK,436.03,1395.5,128.66,540.3,1945.7,-164.5,-0.0887,166.7,1,0
2026-01-01T01:01:31Z,tube_leak,TUBE_LEAK,433.26,1391.8,128.19,541.5,1950.6,-159.6,-0.0908,166.94,1,0
2026-01-01T01:01:32Z,tube_leak,TUBE_LEAK,431.74,1390.5,128.87,539.6,1949.6,-167.4,-0.0901,166.96,1,0
2026-01-01T01:01:33Z,tube_leak,TUBE_LEAK,437.67,1392.2,128.58,538.9,1944.6,-161.1,-0.0899,166.46,1,0
2026-01-01T01:01:34Z,tube_leak,TUBE_LEAK,427.64,1393.6,127.44,540.0,1952.7,-166.8,-0.0911,166.9,1,0
2026-01-01T01:01:35Z,tube_leak,TUBE_LEAK,435.07,1394.6,127.56,541.1,1948.9,-160.1,-0.0906,167.36,1,0
2026-01-01T01:01:36Z,tube_leak,TUBE_LEAK,436.7,1393.8,128.11,540.4,1945.8,-153.3,-0.0899,168.98,1,0
2026-01-01T01:01:37Z,tube_leak,TUBE_LEAK,434.09,1394.5,128.36,539.9,1945.5,-164.2,-0.0893,167.06,1,0
2026-01-01T01:01:38Z,tube_leak,TUBE_LEAK,435.97,1394.5,127.65,541.5,1946.0,-157.3,-0.0905,166.66,1,0
2026-01-01T01:01:39Z,tube_leak,TUBE_LEAK,435.77,1392.3,127.87,540.0,1952.3,-152.1,-0.0894,167.53,1,0
2026-01-01T01:01:40Z,tube_leak,TUBE_LEAK,435.98,1389.9,128.21,541.4,1949.7,-151.9,-0.0892,168.89,1,0
2026-01-01T01:01:41Z,tube_leak,TUBE_LEAK,433.46,1390.1,127.82,538.2,1951.1,-152.9,-0.0903,168.63,1,0
2026-01-01T01:01:42Z,tube_leak,TUBE_LEAK,434.81,1393.4,128.52,539.9,1944.6,-154.4,-0.0902,167.35,1,0
2026-01-01T01:01:43Z,tube_leak,TUBE_LEAK,438.15,1392.2,127.28,540.7,1948.1,-168.2,-0.0895,169.38,1,0
2026-01-01T01:01:44Z,tube_leak,TUBE_LEAK,436.22,1393.4,128.48,539.5,1949.5,-170.4,-0.0905,167.0,1,0
2026-01-01T01:01:45Z,tube_leak,TUBE_LEAK,432.69,1392.4,127.23,541.8,1956.6,-151.6,-0.0895,165.79,1,0
2026-01-01T01:01:46Z,tube_leak,TUBE_LEAK,434.6,1391.7,128.07,540.4,1943.1,-154.3,-0.0898,166.03,1,0
2026-01-01T01:01:47Z,tube_leak,TUBE_LEAK,430.94,1395.7,128.32,540.5,1948.8,-169.2,-0.0902,166.46,1,0
2026-01-01T01:01:48Z,tube_leak,TUBE_LEAK,439.61,1391.1,127.98,541.2,1950.5,-147.6,-0.0899,168.55,1,0
2026-01-01T01:01:49Z,tube_leak,TUBE_LEAK,434.18,1391.8,128.14,537.9,1948.4,-162.6,-0.0898,167.39,1,0
2026-01-01T01:01:50Z,tube_leak,TUBE_LEAK,433.68,1393.9,128.19,539.8,1950.2,-154.2,-0.0887,166.46,1,0
2026-01-01T01:01:51Z,tube_leak,TUBE_LEAK,431.86,1392.9,128.55,539.4,1949.1,-154.6,-0.09,168.26,1,0
2026-01-01T01:01:52Z,tube_leak,TUBE_LEAK,439.45,1393.0,127.31,539.9,1945.8,-160.1,-0.09,167.13,1,0
2026-01-01T01:01:53Z,tube_leak,TUBE_LEAK,435.19,1394.4,127.4,539.4,1947.7,-163.6,-0.0892,165.14,1,0
2026-01-01T01:01:54Z,tube_leak,TUBE_LEAK,437.93,1396.0,127.7,541.9,1946.5,-155.2,-0.0905,167.12,1,0
2026-01-01T01:01:55Z,tube_leak,TUBE_LEAK,438.53,1394.4,127.81,539.1,1950.4,-165.3,-0.0889,167.95,1,0
2026-01-01T01:01:56Z,tube_leak,TUBE_LEAK,437.15,1392.5,127.74,541.3,1948.7,-159.9,-0.0906,169.19,1,0
2026-01-01T01:01:57Z,tube_leak,TUBE_LEAK,435.6,1394.0,127.48,540.4,1948.4,-166.6,-0.0911,165.75,1,0
2026-01-01T01:01:58Z,tube_leak,TUBE_LEAK,433.57,1392.6,128.34,540.6,1951.0,-160.3,-0.0913,166.79,1,0
2026-01-01T01:01:59Z,tube_leak,TUBE_LEAK,432.8,1386.7,127.51,539.7,1942.0,-160.2,-0.0888,168.02,1,0
2026-01-01T01:02:00Z,tube_leak,TUBE_LEAK,434.53,1391.5,128.12,539.5,1946.7,-160.5,-0.0899,167.99,1,0
2026-01-01T01:02:01Z,tube_leak,TUBE_LEAK,431.19,1391.1,127.99,540.0,1950.2,-165.5,-0.09,167.5,1,0
2026-01-01T01:02:02Z,tube_leak,TUBE_LEAK,435.98,1391.1,127.48,541.7,1950.1,-154.3,-0.0884,168.74,1,0
2026-01-01T01:02:03Z,tube_leak,TUBE_LEAK,436.57,1392.2,127.87,540.9,1941.3,-157.3,-0.0892,168.01,1,0
2026-01-01T01:02:04Z,tube_leak,TUBE_LEAK,438.91,1393.1,127.88,539.6,1947.7,-153.8,-0.0906,167.17,1,0
2026-01-01T01:02:05Z,tube_leak,TUBE_LEAK,431.44,1394.0,127.28,541.5,1946.8,-154.4,-0.0908,166.03,1,0
2026-01-01T01:02:06Z,tube_leak,TUBE_LEAK,431.05,1389.9,127.45,539.4,1951.6,-157.4,-0.0902,167.14,1,0
2026-01-01T01:02:07Z,tube_leak,TUBE_LEAK,435.38,1392.0,127.54,542.3,1947.1,-161.9,-0.089,169.1,1,0
2026-01-01T01:02:08Z,tube_leak,TUBE_LEAK,438.09,1391.3,127.81,538.3,1951.4,-161.9,-0.0922,167.61,1,0
2026-01-01T01:02:09Z,tube_leak,TUBE_LEAK,437.11,1393.2,128.38,541.1,1949.2,-157.3,-0.0899,166.67,1,0
2026-01-01T01:02:10Z,tube_leak,TUBE_LEAK,431.15,1396.1,128.98,540.5,1952.3,-167.0,-0.0897,167.56,1,0
2026-01-01T01:02:11Z,tube_leak,TUBE_LEAK,436.73,1391.9,128.14,539.7,1952.0,-162.5,-0.0909,167.35,1,0
2026-01-01T01:02:12Z,tube_leak,TUBE_LEAK,436.54,1393.8,127.52,539.7,1952.4,-155.3,-0.0878,165.76,1,0
2026-01-01T01:02:13Z,tube_leak,TUBE_LEAK,438.65,1390.0,127.95,538.4,1944.9,-169.0,-0.0887,167.43,1,0
2026-01-01T01:02:14Z,tube_leak,TUBE_LEAK,437.89,1387.8,127.48,540.5,1950.0,-158.7,-0.0903,167.37,1,0
2026-01-01T01:02:15Z,tube_leak,TUBE_LEAK,433.06,1390.0,128.6,539.1,1951.8,-154.5,-0.0904,166.9,1,0
2026-01-01T01:02:16Z,tube_leak,TUBE_LEAK,432.94,1388.5,128.3,539.7,1950.0,-155.7,-0.0892,166.63,1,0
2026-01-01T01:02:17Z,tube_leak,TUBE_LEAK,431.01,1392.1,128.35,540.8,1949.7,-158.0,-0.0903,168.91,1,0
2026-01-01T01:02:18Z,tube_leak,TUBE_LEAK,432.43,1390.5,127.7,538.6,1954.3,-160.2,-0.0888,165.77,1,0
2026-01-01T01:02:19Z,tube_leak,TUBE_LEAK,433.99,1389.3,127.54,539.6,1941.3,-163.8,-0.0906,168.18,1,0
2026-01-01T01:02:20Z,tube_leak,TUBE_LEAK,436.17,1392.6,128.33,540.2,1945.6,-157.2,-0.0907,167.93,1,0
2026-01-01T01:02:21Z,tube_leak,TUBE_LEAK,438.05,1393.8,127.92,539.9,1948.6,-151.1,-0.0902,167.64,1,0
2026-01-01T01:02:22Z,tube_leak,TUBE_LEAK,434.04,1391.8,127.17,538.6,1948.6,-151.0,-0.0907,167.24,1,0
2026-01-01T01:02:23Z,tube_leak,TUBE_LEAK,433.02,1392.8,127.81,542.0,1951.8,-159.1,-0.0915,166.49,1,0
2026-01-01T01:02:24Z,tube_leak,TUBE_LEAK,434.71,1388.3,128.11,539.9,1951.0,-166.8,-0.0909,167.72,1,0
2026-01-01T01:02:25Z,tube_leak,TUBE_LEAK,432.09,1393.1,127.71,538.7,1951.2,-162.4,-0.0907,166.52,1,0
2026-01-01T01:02:26Z,tube_leak,TUBE_LEAK,439.49,1396.4,128.25,540.3,1948.4,-160.6,-0.0908,166.72,1,0
2026-01-01T01:02:27Z,tube_leak,TUBE_LEAK,437.3,1389.8,128.26,539.7,1951.4,-166.1,-0.0906,166.88,1,0
2026-01-01T01:02:28Z,tube_leak,TUBE_LEAK,432.93,1393.1,128.58,540.7,1948.3,-158.7,-0.0915,168.72,1,0
2026-01-01T01:02:29Z,tube_leak,TUBE_LEAK,434.7,1393.1,128.5,539.9,1946.3,-159.2,-0.0905,165.43,1,0
2026-01-01T01:02:30Z,tube_leak,TUBE_LEAK,432.68,1395.9,128.58,541.3,1948.2,-162.4,-0.0891,165.12,1,0
2026-01-01T01:02:31Z,tube_leak,TUBE_LEAK,438.63,1393.7,127.35,541.1,1945.7,-161.3,-0.0899,166.62,1,0
2026-01-01T01:02:32Z,tube_leak,TUBE_LEAK,433.04,1391.8,128.95,539.3,1945.3,-164.0,-0.0898,166.47,1,0
2026-01-01T01:02:33Z,tube_leak,TUBE_LEAK,434.24,1391.2,127.8,540.4,1945.3,-159.9,-0.0901,167.2,1,0
2026-01-01T01:02:34Z,tube_leak,TUBE_LEAK,437.19,1392.7,129.13,539.0,1950.1,-152.4,-0.0897,167.93,1,0
2026-01-01T01:02:35Z,tube_leak,TUBE_LEAK,435.72,1393.2,128.54,541.5,1948.2,-159.2,-0.0916,167.26,1,0
2026-01-01T01:02:36Z,tube_leak,TUBE_LEAK,431.56,1391.6,127.17,538.8,1947.4,-159.3,-0.0897,167.38,1,0
2026-01-01T01:02:37Z,tube_leak,TUBE_LEAK,435.05,1391.7,127.48,541.3,1949.1,-156.7,-0.0886,168.31,1,0
2026-01-01T01:02:38Z,tube_leak,TUBE_LEAK,432.6,1391.8,127.62,540.5,1952.9,-161.7,-0.0901,168.03,1,0
2026-01-01T01:02:39Z,tube_leak,TUBE_LEAK,437.37,1394.6,127.99,539.9,1950.3,-158.6,-0.0894,166.92,1,0
2026-01-01T01:02:40Z,tube_leak,TUBE_LEAK,434.79,1395.3,127.86,538.2,1948.0,-152.4,-0.0898,166.7,1,0
2026-01-01T01:02:41Z,tube_leak,TUBE_LEAK,440.3,1392.8,128.52,539.5,1949.6,-152.4,-0.0898,166.85,1,0
2026-01-01T01:02:42Z,tube_leak,TUBE_LEAK,436.54,1390.1,128.34,538.8,1944.4,-162.1,-0.0906,169.06,1,0
2026-01-01T01:02:43Z,tube_leak,TUBE_LEAK,436.01,1392.6,128.26,539.8,1951.7,-156.8,-0.0881,166.74,1,0
2026-01-01T01:02:44Z,tube_leak,TUBE_LEAK,437.45,1390.6,127.27,540.0,1954.0,-162.2,-0.0905,167.24,1,0
2026-01-01T01:02:45Z,tube_leak,TUBE_LEAK,432.49,1397.0,127.69,540.9,1949.5,-168.3,-0.0906,167.75,1,0
2026-01-01T01:02:46Z,tube_leak,TUBE_LEAK,433.53,1394.1,127.61,540.2,1951.4,-161.6,-0.0895,167.97,1,0
2026-01-01T01:02:47Z,tube_leak,TUBE_LEAK,434.13,1389.7,128.27,539.8,1948.7,-175.6,-0.0897,166.97,1,0
2026-01-01T01:02:48Z,tube_leak,TUBE_LEAK,433.45,1395.1,128.31,540.6,1948.3,-158.3,-0.0912,167.73,1,0
2026-01-01T01:02:49Z,tube_leak,TUBE_LEAK,433.5,1391.5,128.15,540.0,1948.8,-155.5,-0.0898,169.1,1,0
2026-01-01T01:02:50Z,tube_leak,TUBE_LEAK,437.48,1396.7,128.8,542.5,1945.6,-158.0,-0.0907,168.14,1,0
2026-01-01T01:02:51Z,tube_leak,TUBE_LEAK,436.26,1392.3,127.44,539.7,1946.8,-153.0,-0.0904,167.47,1,0
2026-01-01T01:02:52Z,tube_leak,TUBE_LEAK,434.57,1391.4,127.66,540.1,1946.6,-168.5,-0.0902,166.5,1,0
2026-01-01T01:02:53Z,tube_leak,TUBE_LEAK,433.97,1393.0,127.42,541.2,1949.8,-158.0,-0.0901,167.25,1,0
2026-01-01T01:02:54Z,tube_leak,TUBE_LEAK,437.14,1389.4,128.36,539.7,1950.8,-161.0,-0.0903,167.09,1,0
2026-01-01T01:02:55Z,tube_leak,TUBE_LEAK,435.35,1391.2,128.41,539.6,1943.7,-165.4,-0.0906,168.05,1,0
2026-01-01T01:02:56Z,tube_leak,TUBE_LEAK,434.43,1390.3,128.32,539.7,1945.4,-163.9,-0.0918,167.72,1,0
2026-01-01T01:02:57Z,tube_leak,TUBE_LEAK,434.04,1390.3,128.05,540.7,1948.1,-153.5,-0.0913,167.9,1,0
2026-01-01T01:02:58Z,tube_leak,TUBE_LEAK,436.53,1390.1,128.7,540.9,1948.7,-168.9,-0.0903,168.27,1,0
2026-01-01T01:02:59Z,tube_leak,TUBE_LEAK,432.63,1390.6,127.96,538.8,1946.5,-155.0,-0.0903,167.67,1,0
2026-01-01T01:03:00Z,tube_leak,TUBE_LEAK,432.08,1391.5,128.3,539.0,1942.8,-153.1,-0.0882,167.43,1,0
2026-01-01T01:03:01Z,tube_leak,TUBE_LEAK,436.63,1393.4,127.51,539.4,1948.7,-154.5,-0.0893,167.38,1,0
2026-01-01T01:03:02Z,tube_leak,TUBE_LEAK,438.76,1395.1,127.87,539.8,1950.6,-161.7,-0.0897,168.02,1,0
2026-01-01T01:03:03Z,tube_leak,TUBE_LEAK,436.52,1390.7,126.92,539.2,1946.5,-158.5,-0.0899,167.96,1,0
2026-01-01T01:03:04Z,tube_leak,TUBE_LEAK,432.73,1396.4,127.92,537.8,1949.4,-155.1,-0.0911,167.73,1,0
2026-01-01T01:03:05Z,tube_leak,TUBE_LEAK,434.51,1389.7,128.1,540.0,1946.3,-157.0,-0.0883,167.45,1,0
2026-01-01T01:03:06Z,tube_leak,TUBE_LEAK,434.82,1392.1,128.48,539.8,1948.4,-162.9,-0.088,167.38,1,0
2026-01-01T01:03:07Z,tube_leak,TUBE_LEAK,439.76,1395.6,128.17,538.6,1951.6,-155.3,-0.0882,166.61,1,0
2026-01-01T01:03:08Z,tube_leak,TUBE_LEAK,430.0,1391.9,127.44,539.7,1950.1,-168.2,-0.0895,168.05,1,0
2026-01-01T01:03:09Z,tube_leak,TUBE_LEAK,435.85,1389.4,128.02,540.1,1947.2,-151.7,-0.0922,164.67,1,0
2026-01-01T01:03:10Z,tube_leak,TUBE_LEAK,433.63,1392.5,128.07,537.9,1942.4,-152.4,-0.0892,167.64,1,0
2026-01-01T01:03:11Z,tube_leak,TUBE_LEAK,433.91,1393.2,128.16,540.7,1950.5,-161.7,-0.091,169.02,1,0
2026-01-01T01:03:12Z,tube_leak,TUBE_LEAK,434.13,1396.0,127.77,539.8,1946.2,-160.6,-0.0893,166.66,1,0
2026-01-01T01:03:13Z,tube_leak,TUBE_LEAK,440.33,1395.0,128.05,540.2,1947.1,-157.6,-0.0904,167.32,1,0
2026-01-01T01:03:14Z,tube_leak,TUBE_LEAK,435.02,1391.6,127.25,539.4,1949.2,-155.2,-0.0909,166.6,1,0
2026-01-01T01:03:15Z,tube_leak,TUBE_LEAK,437.23,1393.0,127.76,540.8,1943.2,-148.9,-0.0913,167.02,1,0
2026-01-01T01:03:16Z,tube_leak,TUBE_LEAK,430.97,1395.3,128.35,541.2,1943.8,-160.0,-0.0894,167.15,1,0
2026-01-01T01:03:17Z,tube_leak,TUBE_LEAK,435.99,1391.0,127.83,539.2,1945.3,-159.9,-0.0912,167.77,1,0
2026-01-01T01:03:18Z,tube_leak,TUBE_LEAK,432.64,1392.3,128.22,541.7,1947.0,-158.4,-0.0899,167.05,1,0
2026-01-01T01:03:19Z,tube_leak,TUBE_LEAK,434.86,1394.7,127.7,539.6,1950.3,-165.9,-0.0886,167.11,1,0
2026-01-01T01:03:20Z,tube_leak,TUBE_LEAK,435.48,1390.8,128.22,538.1,1950.3,-153.6,-0.0882,167.62,1,0
2026-01-01T01:03:21Z,tube_leak,TUBE_LEAK,435.72,1391.2,128.09,539.8,1950.7,-158.4,-0.0893,168.01,1,0
2026-01-01T01:03:22Z,tube_leak,TUBE_LEAK,437.1,1391.6,128.14,540.6,1952.3,-161.0,-0.0898,167.8,1,0
2026-01-01T01:03:23Z,tube_leak,TUBE_LEAK,438.4,1391.9,128.85,541.0,1945.8,-160.8,-0.0897,166.54,1,0
2026-01-01T01:03:24Z,tube_leak,TUBE_LEAK,436.96,1388.6,128.36,538.6,1954.5,-158.9,-0.0885,167.3,1,0
2026-01-01T01:03:25Z,tube_leak,TUBE_LEAK,434.02,1391.6,128.57,539.9,1942.1,-162.1,-0.091,168.41,1,0
2026-01-01T01:03:26Z,tube_leak,TUBE_LEAK,432.5,1391.0,128.06,541.1,1952.7,-160.9,-0.0902,167.66,1,0
2026-01-01T01:03:27Z,tube_leak,TUBE_LEAK,435.69,1393.2,128.18,540.8,1948.3,-161.5,-0.091,167.42,1,0
2026-01-01T01:03:28Z,tube_leak,TUBE_LEAK,428.56,1389.7,128.87,538.7,1946.3,-163.9,-0.0909,166.04,1,0
2026-01-01T01:03:29Z,tube_leak,TUBE_LEAK,431.35,1395.3,127.69,540.2,1949.2,-165.8,-0.0895,167.5,1,0
2026-01-01T01:03:30Z,tube_leak,TUBE_LEAK,433.07,1394.6,129.07,541.5,1947.9,-163.0,-0.0894,165.96,1,0
2026-01-01T01:03:31Z,tube_leak,TUBE_LEAK,435.14,1391.8,128.51,539.8,1946.9,-155.0,-0.0908,165.62,1,0
2026-01-01T01:03:32Z,tube_leak,TUBE_LEAK,433.99,1390.1,129.06,540.9,1944.4,-161.1,-0.0924,167.86,1,0
2026-01-01T01:03:33Z,tube_leak,TUBE_LEAK,427.68,1392.0,127.07,540.2,1952.3,-163.2,-0.0888,165.33,1,0
2026-01-01T01:03:34Z,tube_leak,TUBE_LEAK,441.79,1388.8,127.66,540.4,1947.0,-159.9,-0.0896,168.58,1,0
2026-01-01T01:03:35Z,tube_leak,TUBE_LEAK,436.96,1389.5,128.64,538.9,1947.0,-156.0,-0.0895,166.91,1,0
2026-01-01T01:03:36Z,tube_leak,TUBE_LEAK,433.62,1393.9,127.97,539.0,1948.6,-153.4,-0.0901,168.55,1,0
2026-01-01T01:03:37Z,tube_leak,TUBE_LEAK,437.06,1392.9,127.43,538.8,1948.3,-154.7,-0.09,168.35,1,0
2026-01-01T01:03:38Z,tube_leak,TUBE_LEAK,438.48,1392.6,127.98,541.7,1949.0,-154.2,-0.0901,167.41,1,0
2026-01-01T01:03:39Z,tube_leak,TUBE_LEAK,434.41,1389.0,127.99,538.6,1947.9,-156.7,-0.0906,166.84,1,0
2026-01-01T01:03:40Z,tube_leak,TUBE_LEAK,437.66,1392.4,128.16,539.3,1949.3,-161.0,-0.0888,167.23,1,0
2026-01-01T01:03:41Z,tube_leak,TUBE_LEAK,432.83,1393.7,128.2,541.2,1952.3,-163.0,-0.0895,168.73,1,0
2026-01-01T01:03:42Z,tube_leak,TUBE_LEAK,435.05,1394.7,127.73,541.6,1955.3,-157.0,-0.0899,167.25,1,0
2026-01-01T01:03:43Z,tube_leak,TUBE_LEAK,435.31,1393.3,129.0,539.6,1948.9,-159.9,-0.0895,166.99,1,0
2026-01-01T01:03:44Z,tube_leak,TUBE_LEAK,436.46,1389.1,128.23,539.3,1953.5,-157.7,-0.0894,168.21,1,0
2026-01-01T01:03:45Z,tube_leak,TUBE_LEAK,435.38,1394.4,127.64,539.2,1949.5,-156.0,-0.0906,167.97,1,0
2026-01-01T01:03:46Z,tube_leak,TUBE_LEAK,431.56,1393.4,129.24,540.0,1946.3,-156.7,-0.0893,167.64,1,0
2026-01-01T01:03:47Z,tube_leak,TUBE_LEAK,435.84,1391.2,127.07,540.2,1945.7,-162.4,-0.089,168.34,1,0
2026-01-01T01:03:48Z,tube_leak,TUBE_LEAK,435.8,1388.9,128.02,539.2,1949.2,-161.5,-0.0895,167.81,1,0
2026-01-01T01:03:49Z,tube_leak,TUBE_LEAK,434.24,1392.0,128.08,539.5,1950.7,-163.2,-0.0921,169.2,1,0
2026-01-01T01:03:50Z,tube_leak,TUBE_LEAK,434.6,1396.1,127.3,540.2,1949.4,-156.8,-0.0898,169.36,1,0
2026-01-01T01:03:51Z,tube_leak,TUBE_LEAK,433.25,1392.7,128.1,540.9,1950.7,-163.7,-0.0903,166.39,1,0
2026-01-01T01:03:52Z,tube_leak,TUBE_LEAK,430.85,1389.9,128.9,540.3,1946.0,-153.0,-0.0904,166.98,1,0
2026-01-01T01:03:53Z,tube_leak,TUBE_LEAK,439.14,1392.7,128.5,540.2,1946.1,-160.8,-0.09,167.12,1,0
2026-01-01T01:03:54Z,tube_leak,TUBE_LEAK,439.16,1394.0,127.76,538.6,1950.1,-158.0,-0.0891,169.36,1,0
2026-01-01T01:03:55Z,tube_leak,TUBE_LEAK,434.1,1392.5,128.05,540.5,1950.1,-154.9,-0.0909,168.56,1,0
2026-01-01T01:03:56Z,tube_leak,TUBE_LEAK,432.92,1391.8,127.64,538.6,1955.2,-162.3,-0.09,168.5,1,0
2026-01-01T01:03:57Z,tube_leak,TUBE_LEAK,434.66,1392.0,128.51,539.4,1952.2,-160.8,-0.0897,167.6,1,0
2026-01-01T01:03:58Z,tube_leak,TUBE_LEAK,435.83,1390.1,127.84,539.6,1951.9,-159.0,-0.0897,167.54,1,0
2026-01-01T01:03:59Z,tube_leak,TUBE_LEAK,433.37,1392.4,127.3,539.7,1944.3,-157.1,-0.0907,167.42,1,0
2026-01-01T01:04:00Z,tube_leak,TUBE_LEAK,436.91,1392.1,128.25,539.2,1950.4,-148.8,-0.0904,168.2,1,0
2026-01-01T01:04:01Z,tube_leak,TUBE_LEAK,432.81,1388.4,128.5,539.0,1945.2,-159.2,-0.0905,167.05,1,0
2026-01-01T01:04:02Z,tube_leak,TUBE_LEAK,437.13,1390.1,128.16,539.3,1947.3,-164.3,-0.0893,167.41,1,0
2026-01-01T01:04:03Z,tube_leak,TUBE_LEAK,437.5,1391.3,127.98,539.1,1944.8,-166.6,-0.087,166.45,1,0
2026-01-01T01:04:04Z,tube_leak,TUBE_LEAK,437.42,1390.4,127.42,538.2,1952.8,-160.1,-0.0867,167.97,1,0
2026-01-01T01:04:05Z,tube_leak,TUBE_LEAK,435.64,1391.9,127.66,539.3,1953.5,-159.7,-0.0906,168.35,1,0
2026-01-01T01:04:06Z,tube_leak,TUBE_LEAK,434.41,1391.5,127.99,539.4,1951.0,-166.3,-0.0889,166.66,1,0
2026-01-01T01:04:07Z,tube_leak,TUBE_LEAK,432.15,1390.4,127.74,540.5,1954.2,-162.3,-0.0896,168.12,1,0
2026-01-01T01:04:08Z,tube_leak,TUBE_LEAK,436.48,1390.4,128.0,540.1,1948.9,-154.6,-0.0903,167.08,1,0
2026-01-01T01:04:09Z,tube_leak,TUBE_LEAK,432.27,1394.9,128.49,538.5,1948.0,-163.1,-0.0897,167.9,1,0
2026-01-01T01:04:10Z,tube_leak,TUBE_LEAK,437.35,1389.9,127.86,540.3,1951.4,-160.7,-0.0895,167.55,1,0
2026-01-01T01:04:11Z,tube_leak,TUBE_LEAK,440.35,1394.3,128.09,540.2,1954.7,-160.2,-0.0895,167.26,1,0
2026-01-01T01:04:12Z,tube_leak,TUBE_LEAK,436.78,1391.1,128.61,538.8,1951.0,-159.3,-0.0879,167.03,1,0
2026-01-01T01:04:13Z,tube_leak,TUBE_LEAK,433.25,1394.0,127.91,539.3,1945.6,-160.6,-0.0894,166.27,1,0
2026-01-01T01:04:14Z,tube_leak,TUBE_LEAK,437.49,1390.2,127.18,539.7,1948.2,-152.1,-0.0906,166.8,1,0
2026-01-01T01:04:15Z,tube_leak,TUBE_LEAK,433.84,1391.8,128.39,539.0,1942.9,-159.1,-0.0895,168.59,1,0
2026-01-01T01:04:16Z,tube_leak,TUBE_LEAK,438.75,1395.5,128.4,538.9,1949.7,-161.7,-0.0911,169.16,1,0
2026-01-01T01:04:17Z,tube_leak,TUBE_LEAK,433.14,1393.7,127.47,540.6,1944.1,-161.3,-0.0905,168.25,1,0
2026-01-01T01:04:18Z,tube_leak,TUBE_LEAK,435.8,1392.2,127.35,539.9,1948.0,-169.7,-0.0914,166.15,1,0
2026-01-01T01:04:19Z,tube_leak,TUBE_LEAK,434.78,1394.4,127.43,541.0,1945.8,-152.1,-0.0899,166.28,1,0
2026-01-01T01:04:20Z,tube_leak,TUBE_LEAK,434.19,1395.2,128.72,538.7,1948.5,-166.0,-0.0895,168.05,1,0
2026-01-01T01:04:21Z,tube_leak,TUBE_LEAK,433.27,1392.9,128.04,540.9,1943.3,-156.6,-0.0908,166.94,1,0
2026-01-01T01:04:22Z,tube_leak,TUBE_LEAK,435.72,1389.3,128.36,537.8,1947.0,-156.7,-0.092,167.34,1,0
2026-01-01T01:04:23Z,tube_leak,TUBE_LEAK,431.06,1391.8,127.72,539.1,1949.2,-164.2,-0.0899,166.38,1,0
2026-01-01T01:04:24Z,tube_leak,TUBE_LEAK,432.09,1392.0,127.29,541.5,1944.6,-152.5,-0.0895,167.95,1,0
2026-01-01T01:04:25Z,tube_leak,TUBE_LEAK,430.38,1393.3,127.92,538.2,1948.8,-153.3,-0.0901,167.35,1,0
2026-01-01T01:04:26Z,tube_leak,TUBE_LEAK,436.89,1392.6,127.77,540.8,1952.6,-160.7,-0.0906,168.89,1,0
2026-01-01T01:04:27Z,tube_leak,TUBE_LEAK,430.4,1394.1,128.85,539.1,1951.3,-156.8,-0.0896,168.69,1,0
2026-01-01T01:04:28Z,tube_leak,TUBE_LEAK,435.87,1389.1,127.71,540.0,1947.4,-157.3,-0.0881,166.14,1,0
2026-01-01T01:04:29Z,tube_leak,TUBE_LEAK,435.44,1389.9,127.93,541.6,1951.3,-159.4,-0.0896,165.32,1,0
2026-01-01T01:04:30Z,tube_leak,TUBE_LEAK,437.89,1391.8,127.78,539.1,1949.2,-158.3,-0.0902,168.41,1,0
2026-01-01T01:04:31Z,tube_leak,TUBE_LEAK,437.66,1393.8,127.9,541.2,1953.8,-164.0,-0.0892,167.76,1,0
2026-01-01T01:04:32Z,tube_leak,TUBE_LEAK,432.9,1393.9,128.12,539.1,1946.8,-163.1,-0.0889,165.49,1,0
2026-01-01T01:04:33Z,tube_leak,TUBE_LEAK,437.0,1387.2,127.43,540.6,1950.8,-160.7,-0.0918,169.37,1,0
2026-01-01T01:04:34Z,tube_leak,TUBE_LEAK,432.88,1389.4,128.33,539.2,1945.0,-160.4,-0.0898,166.56,1,0
2026-01-01T01:04:35Z,tube_leak,TUBE_LEAK,442.46,1392.3,127.99,539.6,1943.7,-160.1,-0.0894,167.69,1,0
2026-01-01T01:04:36Z,tube_leak,TUBE_LEAK,432.63,1392.3,127.73,541.0,1948.0,-157.3,-0.0909,166.54,1,0
2026-01-01T01:04:37Z,tube_leak,TUBE_LEAK,433.46,1391.3,127.02,539.3,1949.5,-166.8,-0.088,167.04,1,0
2026-01-01T01:04:38Z,tube_leak,TUBE_LEAK,433.72,1390.2,126.77,539.6,1955.2,-169.6,-0.0914,167.06,1,0
2026-01-01T01:04:39Z,tube_leak,TUBE_LEAK,436.06,1392.1,127.4,541.3,1945.0,-162.2,-0.0892,168.0,1,0
2026-01-01T01:04:40Z,tube_leak,TUBE_LEAK,435.21,1392.6,127.87,540.2,1947.3,-162.1,-0.0903,166.81,1,0
2026-01-01T01:04:41Z,tube_leak,TUBE_LEAK,435.67,1394.5,128.03,541.3,1948.9,-159.7,-0.0904,166.83,1,0
2026-01-01T01:04:42Z,tube_leak,TUBE_LEAK,432.47,1391.2,128.35,541.3,1952.5,-161.9,-0.0909,166.66,1,0
2026-01-01T01:04:43Z,tube_leak,TUBE_LEAK,433.77,1396.6,127.17,539.8,1946.0,-157.1,-0.0914,168.41,1,0
2026-01-01T01:04:44Z,tube_leak,TUBE_LEAK,434.31,1395.8,128.04,540.1,1949.2,-154.0,-0.0893,167.93,1,0
2026-01-01T01:04:45Z,tube_leak,TUBE_LEAK,434.89,1390.0,127.89,540.8,1948.4,-165.1,-0.09,167.72,1,0
2026-01-01T01:04:46Z,tube_leak,TUBE_LEAK,431.89,1392.6,128.09,538.3,1949.1,-166.7,-0.0907,167.77,1,0
2026-01-01T01:04:47Z,tube_leak,TUBE_LEAK,431.98,1390.4,127.25,539.8,1945.7,-161.7,-0.0895,166.84,1,0
2026-01-01T01:04:48Z,tube_leak,TUBE_LEAK,433.03,1391.3,127.27,539.8,1946.3,-148.5,-0.091,168.39,1,0
2026-01-01T01:04:49Z,tube_leak,TUBE_LEAK,438.22,1391.7,127.89,539.3,1949.8,-164.2,-0.0908,167.81,1,0
2026-01-01T01:04:50Z,tube_leak,TUBE_LEAK,437.13,1394.2,128.29,540.0,1944.9,-153.9,-0.0899,165.54,1,0
2026-01-01T01:04:51Z,tube_leak,TUBE_LEAK,439.19,1390.6,127.86,542.5,1946.4,-156.6,-0.0888,167.44,1,0
2026-01-01T01:04:52Z,tube_leak,TUBE_LEAK,436.23,1391.7,128.32,539.9,1952.2,-153.3,-0.0891,168.65,1,0
2026-01-01T01:04:53Z,tube_leak,TUBE_LEAK,431.01,1387.6,127.76,539.4,1947.3,-161.0,-0.0894,167.07,1,0
2026-01-01T01:04:54Z,tube_leak,TUBE_LEAK,435.76,1394.2,127.63,539.7,1953.3,-160.9,-0.0889,167.95,1,0
2026-01-01T01:04:55Z,tube_leak,TUBE_LEAK,432.89,1392.1,128.45,539.2,1947.2,-154.8,-0.0893,167.72,1,0
2026-01-01T01:04:56Z,tube_leak,TUBE_LEAK,433.41,1394.3,127.57,538.0,1946.4,-152.3,-0.0908,166.24,1,0
2026-01-01T01:04:57Z,tube_leak,TUBE_LEAK,432.77,1388.9,127.38,541.3,1944.9,-160.1,-0.0879,167.5,1,0
2026-01-01T01:04:58Z,tube_leak,TUBE_LEAK,432.46,1395.3,128.34,540.7,1948.8,-167.3,-0.0901,168.24,1,0
2026-01-01T01:04:59Z,tube_leak,TUBE_LEAK,433.6,1391.2,127.69,540.4,1946.0,-159.0,-0.088,169.07,1,0
2026-01-01T01:05:00Z,tube_leak,TUBE_LEAK,431.82,1395.3,128.1,539.4,1950.4,-158.9,-0.0888,167.33,1,0
2026-01-01T01:05:01Z,tube_leak,TUBE_LEAK,432.42,1392.8,128.39,540.6,1951.3,-158.6,-0.0903,167.15,1,0
2026-01-01T01:05:02Z,tube_leak,TUBE_LEAK,437.27,1391.7,128.1,539.9,1947.2,-155.9,-0.0894,167.9,1,0
2026-01-01T01:05:03Z,tube_leak,TUBE_LEAK,437.28,1390.3,128.2,540.1,1948.6,-156.8,-0.0897,168.06,1,0
2026-01-01T01:05:04Z,tube_leak,TUBE_LEAK,430.35,1390.5,127.48,540.2,1948.3,-163.3,-0.0891,166.29,1,0
2026-01-01T01:05:05Z,tube_leak,TUBE_LEAK,434.72,1391.4,127.94,540.7,1948.6,-160.1,-0.0873,168.19,1,0
2026-01-01T01:05:06Z,tube_leak,TUBE_LEAK,436.08,1389.4,128.82,540.9,1951.5,-158.7,-0.0897,167.77,1,0
2026-01-01T01:05:07Z,tube_leak,TUBE_LEAK,434.7,1394.2,128.46,538.5,1952.2,-163.2,-0.0899,166.53,1,0
2026-01-01T01:05:08Z,tube_leak,TUBE_LEAK,433.17,1391.0,128.07,540.1,1950.6,-153.7,-0.0923,168.56,1,0
2026-01-01T01:05:09Z,tube_leak,TUBE_LEAK,435.56,1390.7,128.49,539.3,1949.7,-155.9,-0.0891,166.43,1,0
2026-01-01T01:05:10Z,tube_leak,TUBE_LEAK,429.72,1392.6,127.95,539.5,1950.0,-159.5,-0.0905,167.15,1,0
2026-01-01T01:05:11Z,tube_leak,TUBE_LEAK,436.05,1391.3,127.46,540.8,1947.5,-151.2,-0.0897,168.53,1,0
2026-01-01T01:05:12Z,tube_leak,TUBE_LEAK,434.45,1394.1,128.28,539.9,1948.5,-158.0,-0.0894,168.06,1,0
2026-01-01T01:05:13Z,tube_leak,TUBE_LEAK,435.48,1390.8,127.59,540.4,1950.0,-162.4,-0.0899,167.88,1,0
2026-01-01T01:05:14Z,tube_leak,TUBE_LEAK,432.99,1393.0,127.48,539.9,1950.8,-155.6,-0.0903,167.97,1,0
2026-01-01T01:05:15Z,tube_leak,TUBE_LEAK,433.68,1392.3,128.35,540.2,1946.5,-164.1,-0.089,167.86,1,0
2026-01-01T01:05:16Z,tube_leak,TUBE_LEAK,434.88,1392.2,128.36,539.4,1948.7,-169.6,-0.0904,166.49,1,0
2026-01-01T01:05:17Z,tube_leak,TUBE_LEAK,432.37,1392.2,128.56,540.0,1949.8,-159.1,-0.0893,168.87,1,0
2026-01-01T01:05:18Z,tube_leak,TUBE_LEAK,437.06,1393.1,128.46,539.0,1951.8,-172.4,-0.0912,168.81,1,0
2026-01-01T01:05:19Z,tube_leak,TUBE_LEAK,433.39,1391.3,127.88,539.3,1946.8,-163.5,-0.0916,167.17,1,0
2026-01-01T01:05:20Z,tube_leak,TUBE_LEAK,433.0,1387.0,128.36,539.2,1947.8,-159.7,-0.0908,167.77,1,0
2026-01-01T01:05:21Z,tube_leak,TUBE_LEAK,435.73,1392.8,127.87,540.0,1948.4,-155.0,-0.0902,169.13,1,0
2026-01-01T01:05:22Z,tube_leak,TUBE_LEAK,435.75,1389.3,127.67,538.5,1947.3,-161.2,-0.0896,167.56,1,0
2026-01-01T01:05:23Z,tube_leak,TUBE_LEAK,435.84,1387.7,127.81,540.8,1943.6,-160.2,-0.0889,168.27,1,0
2026-01-01T01:05:24Z,tube_leak,TUBE_LEAK,435.91,1393.9,127.75,540.6,1950.8,-160.4,-0.0899,168.34,1,0
2026-01-01T01:05:25Z,tube_leak,TUBE_LEAK,434.38,1390.1,127.82,541.1,1949.0,-160.3,-0.0891,165.53,1,0
2026-01-01T01:05:26Z,tube_leak,TUBE_LEAK,438.14,1394.3,127.95,541.1,1944.7,-157.7,-0.0889,168.87,1,0
2026-01-01T01:05:27Z,tube_leak,TUBE_LEAK,441.51,1392.4,127.98,540.4,1949.9,-164.1,-0.0904,166.15,1,0
2026-01-01T01:05:28Z,tube_leak,TUBE_LEAK,431.42,1391.0,128.34,538.1,1952.5,-163.4,-0.091,167.02,1,0
2026-01-01T01:05:29Z,tube_leak,TUBE_LEAK,430.45,1393.2,127.53,539.8,1951.1,-156.9,-0.0903,167.57,1,0
2026-01-01T01:05:30Z,tube_leak,TUBE_LEAK,432.69,1390.6,127.91,537.4,1949.1,-163.7,-0.09,167.1,1,0
2026-01-01T01:05:31Z,tube_leak,TUBE_LEAK,437.16,1392.6,127.39,541.4,1951.3,-157.5,-0.0899,166.83,1,0
2026-01-01T01:05:32Z,tube_leak,TUBE_LEAK,434.8,1391.2,126.62,538.3,1945.7,-154.9,-0.0887,167.71,1,0
2026-01-01T01:05:33Z,tube_leak,TUBE_LEAK,436.63,1389.1,128.45,540.2,1947.9,-166.9,-0.0882,166.59,1,0
2026-01-01T01:05:34Z,tube_leak,TUBE_LEAK,438.27,1387.1,127.83,540.6,1950.6,-164.7,-0.091,165.8,1,0
2026-01-01T01:05:35Z,tube_leak,TUBE_LEAK,439.99,1391.8,128.39,540.0,1949.0,-159.3,-0.0914,167.13,1,0
2026-01-01T01:05:36Z,tube_leak,TUBE_LEAK,431.76,1393.3,127.9,538.9,1944.0,-164.5,-0.0914,168.37,1,0
2026-01-01T01:05:37Z,tube_leak,TUBE_LEAK,439.66,1391.5,127.52,538.5,1949.3,-161.7,-0.0911,167.03,1,0
2026-01-01T01:05:38Z,tube_leak,TUBE_LEAK,437.71,1389.5,128.67,540.2,1950.8,-161.3,-0.0893,166.34,1,0
2026-01-01T01:05:39Z,tube_leak,TUBE_LEAK,436.84,1392.7,127.17,539.2,1951.9,-157.7,-0.0894,167.68,1,0
2026-01-01T01:05:40Z,tube_leak,TUBE_LEAK,437.51,1394.3,127.69,538.9,1945.6,-152.0,-0.0908,166.14,1,0
2026-01-01T01:05:41Z,tube_leak,TUBE_LEAK,430.48,1392.9,128.52,538.6,1952.7,-156.2,-0.0915,167.82,1,0
2026-01-01T01:05:42Z,tube_leak,TUBE_LEAK,429.85,1391.8,128.52,540.8,1944.9,-156.8,-0.0902,165.3,1,0
2026-01-01T01:05:43Z,tube_leak,TUBE_LEAK,434.79,1392.4,127.66,540.0,1947.1,-153.9,-0.0914,168.61,1,0
2026-01-01T01:05:44Z,tube_leak,TUBE_LEAK,432.01,1386.4,128.12,539.5,1945.4,-152.7,-0.0885,165.27,1,0
2026-01-01T01:05:45Z,tube_leak,TUBE_LEAK,433.75,1393.1,128.85,539.2,1952.8,-163.0,-0.0895,165.93,1,0
2026-01-01T01:05:46Z,tube_leak,TUBE_LEAK,435.69,1389.3,127.91,540.3,1946.8,-155.9,-0.09,165.42,1,0
2026-01-01T01:05:47Z,tube_leak,TUBE_LEAK,434.55,1390.0,127.53,540.2,1950.0,-158.2,-0.0888,168.53,1,0
2026-01-01T01:05:48Z,tube_leak,TUBE_LEAK,434.79,1394.2,128.58,539.9,1946.5,-163.0,-0.0877,167.26,1,0
2026-01-01T01:05:49Z,tube_leak,TUBE_LEAK,431.99,1387.8,127.76,539.3,1946.0,-161.1,-0.0911,166.66,1,0
2026-01-01T01:05:50Z,tube_leak,TUBE_LEAK,435.02,1390.7,128.08,540.2,1950.6,-158.4,-0.0907,165.48,1,0
2026-01-01T01:05:51Z,tube_leak,TUBE_LEAK,432.07,1393.2,128.54,541.5,1949.8,-158.6,-0.0912,168.11,1,0
2026-01-01T01:05:52Z,tube_leak,TUBE_LEAK,435.9,1393.8,127.85,539.4,1953.3,-156.1,-0.0907,167.57,1,0
2026-01-01T01:05:53Z,tube_leak,TUBE_LEAK,433.92,1393.8,128.6,541.3,1948.2,-165.6,-0.0899,168.36,1,0
2026-01-01T01:05:54Z,tube_leak,TUBE_LEAK,433.71,1393.8,128.13,540.5,1946.5,-167.7,-0.0893,167.27,1,0
2026-01-01T01:05:55Z,tube_leak,TUBE_LEAK,433.77,1392.0,127.53,539.6,1951.2,-165.3,-0.0902,168.4,1,0
2026-01-01T01:05:56Z,tube_leak,TUBE_LEAK,431.9,1392.8,128.13,540.4,1947.7,-161.0,-0.0907,166.53,1,0
2026-01-01T01:05:57Z,tube_leak,TUBE_LEAK,432.02,1396.0,128.17,538.8,1948.0,-152.1,-0.0895,166.67,1,0
2026-01-01T01:05:58Z,tube_leak,TUBE_LEAK,435.18,1389.1,127.48,542.4,1947.6,-165.5,-0.0919,167.69,1,0
2026-01-01T01:05:59Z,tube_leak,TUBE_LEAK,436.86,1392.8,128.23,540.2,1948.0,-156.0,-0.0904,168.32,1,0
2026-01-01T01:06:00Z,tube_leak,TUBE_LEAK,431.14,1391.9,128.41,540.4,1945.3,-152.1,-0.0883,169.51,1,0
2026-01-01T01:06:01Z,tube_leak,TUBE_LEAK,436.9,1394.3,127.19,539.8,1950.3,-153.8,-0.0893,166.61,1,0
2026-01-01T01:06:02Z,tube_leak,TUBE_LEAK,433.44,1393.7,128.28,539.5,1949.2,-157.8,-0.092,167.01,1,0
2026-01-01T01:06:03Z,tube_leak,TUBE_LEAK,436.74,1386.7,128.22,538.8,1947.4,-155.5,-0.09,166.76,1,0
2026-01-01T01:06:04Z,tube_leak,TUBE_LEAK,438.17,1390.7,127.87,541.8,1953.2,-157.1,-0.0894,167.53,1,0
2026-01-01T01:06:05Z,tube_leak,TUBE_LEAK,430.86,1392.3,127.31,540.2,1945.5,-152.2,-0.0887,169.3,1,0
2026-01-01T01:06:06Z,tube_leak,TUBE_LEAK,439.88,1392.0,128.18,538.9,1951.8,-164.8,-0.0918,165.96,1,0
2026-01-01T01:06:07Z,tube_leak,TUBE_LEAK,433.91,1390.9,128.54,541.6,1947.2,-162.7,-0.0923,168.26,1,0
2026-01-01T01:06:08Z,tube_leak,TUBE_LEAK,435.53,1393.7,127.29,540.0,1950.9,-157.4,-0.092,167.48,1,0
2026-01-01T01:06:09Z,tube_leak,TUBE_LEAK,434.26,1393.8,128.21,540.1,1951.9,-160.7,-0.0889,165.75,1,0
2026-01-01T01:06:10Z,tube_leak,TUBE_LEAK,435.85,1393.1,128.22,539.2,1947.4,-155.4,-0.0888,169.36,1,0
2026-01-01T01:06:11Z,tube_leak,TUBE_LEAK,439.57,1391.1,127.79,540.6,1945.2,-155.0,-0.0893,168.77,1,0
2026-01-01T01:06:12Z,tube_leak,TUBE_LEAK,434.8,1391.9,128.11,539.6,1944.6,-157.5,-0.0899,168.45,1,0
2026-01-01T01:06:13Z,tube_leak,TUBE_LEAK,439.78,1389.7,128.36,537.8,1950.0,-163.4,-0.0906,166.01,1,0
2026-01-01T01:06:14Z,tube_leak,TUBE_LEAK,435.77,1392.2,128.29,537.8,1940.2,-162.3,-0.0888,167.89,1,0
2026-01-01T01:06:15Z,tube_leak,TUBE_LEAK,435.18,1391.1,128.1,540.5,1948.5,-151.5,-0.0895,167.79,1,0
2026-01-01T01:06:16Z,tube_leak,TUBE_LEAK,436.28,1391.4,127.61,539.1,1946.4,-157.1,-0.0887,167.83,1,0
2026-01-01T01:06:17Z,tube_leak,TUBE_LEAK,431.6,1393.2,128.7,540.8,1950.8,-162.2,-0.0895,168.87,1,0
2026-01-01T01:06:18Z,tube_leak,TUBE_LEAK,432.84,1392.8,128.09,539.5,1945.0,-150.0,-0.0899,167.12,1,0
2026-01-01T01:06:19Z,tube_leak,TUBE_LEAK,438.19,1390.3,128.46,539.1,1945.0,-157.4,-0.0908,166.08,1,0
2026-01-01T01:06:20Z,tube_leak,TUBE_LEAK,431.92,1391.2,127.91,539.4,1950.1,-166.3,-0.0891,169.08,1,0
2026-01-01T01:06:21Z,tube_leak,TUBE_LEAK,437.34,1389.8,128.33,540.5,1942.8,-164.7,-0.0901,167.96,1,0
2026-01-01T01:06:22Z,tube_leak,TUBE_LEAK,435.23,1392.1,128.79,540.9,1953.3,-161.8,-0.091,168.27,1,0
2026-01-01T01:06:23Z,tube_leak,TUBE_LEAK,435.47,1392.9,128.32,539.2,1952.5,-151.1,-0.0891,165.84,1,0
2026-01-01T01:06:24Z,tube_leak,TUBE_LEAK,437.68,1392.4,128.22,539.6,1946.2,-164.0,-0.0903,168.29,1,0
2026-01-01T01:06:25Z,tube_leak,TUBE_LEAK,432.82,1390.4,128.48,539.8,1947.1,-156.8,-0.0889,168.04,1,0
2026-01-01T01:06:26Z,tube_leak,TUBE_LEAK,429.23,1393.1,127.69,539.6,1944.1,-153.1,-0.0906,168.68,1,0
2026-01-01T01:06:27Z,tube_leak,TUBE_LEAK,437.08,1393.2,128.74,539.6,1939.9,-167.7,-0.0894,167.34,1,0
2026-01-01T01:06:28Z,tube_leak,TUBE_LEAK,435.72,1392.8,127.4,538.3,1949.7,-159.0,-0.0902,167.97,1,0
2026-01-01T01:06:29Z,tube_leak,TUBE_LEAK,437.03,1393.2,128.61,538.8,1950.5,-162.4,-0.0897,168.17,1,0
2026-01-01T01:06:30Z,tube_leak,TUBE_LEAK,434.91,1391.7,128.73,541.5,1953.6,-167.9,-0.0919,168.95,1,0
2026-01-01T01:06:31Z,tube_leak,TUBE_LEAK,433.98,1392.1,128.04,541.7,1950.4,-159.8,-0.09,169.37,1,0
2026-01-01T01:06:32Z,tube_leak,TUBE_LEAK,435.09,1390.5,128.03,541.0,1950.5,-168.7,-0.0902,167.51,1,0
2026-01-01T01:06:33Z,tube_leak,TUBE_LEAK,435.49,1389.2,127.92,538.6,1945.9,-165.5,-0.091,166.81,1,0
2026-01-01T01:06:34Z,tube_leak,TUBE_LEAK,431.5,1388.6,127.55,540.4,1947.8,-159.7,-0.092,166.98,1,0
2026-01-01T01:06:35Z,tube_leak,TUBE_LEAK,436.91,1390.3,128.09,540.2,1947.7,-162.5,-0.0904,168.95,1,0
2026-01-01T01:06:36Z,tube_leak,TUBE_LEAK,439.69,1392.5,127.67,538.0,1948.0,-158.6,-0.0907,165.78,1,0
2026-01-01T01:06:37Z,tube_leak,TUBE_LEAK,435.11,1388.8,126.88,540.1,1948.1,-154.6,-0.0891,167.33,1,0
2026-01-01T01:06:38Z,tube_leak,TUBE_LEAK,435.94,1393.7,128.4,539.3,1952.2,-173.9,-0.0906,167.1,1,0
2026-01-01T01:06:39Z,tube_leak,TUBE_LEAK,438.87,1398.4,127.26,540.6,1948.9,-167.9,-0.0908,167.05,1,0
2026-01-01T01:06:40Z,tube_leak,TUBE_LEAK,436.26,1394.3,128.5,540.8,1949.8,-165.7,-0.0896,168.39,1,0
2026-01-01T01:06:41Z,tube_leak,TUBE_LEAK,436.33,1394.8,128.48,541.6,1945.8,-161.6,-0.0879,167.75,1,0
2026-01-01T01:06:42Z,tube_leak,TUBE_LEAK,434.94,1391.4,128.43,541.9,1944.8,-151.1,-0.0899,166.76,1,0
2026-01-01T01:06:43Z,tube_leak,TUBE_LEAK,431.64,1391.6,127.83,539.8,1951.6,-157.4,-0.0906,167.17,1,0
2026-01-01T01:06:44Z,tube_leak,TUBE_LEAK,436.42,1392.6,128.0,541.6,1948.3,-164.5,-0.0889,164.85,1,0
2026-01-01T01:06:45Z,tube_leak,TUBE_LEAK,435.2,1392.0,127.95,540.0,1942.5,-164.0,-0.0889,166.73,1,0
2026-01-01T01:06:46Z,tube_leak,TUBE_LEAK,433.14,1389.7,128.13,539.0,1949.5,-165.4,-0.0916,167.43,1,0
2026-01-01T01:06:47Z,tube_leak,TUBE_LEAK,431.32,1393.7,128.09,542.3,1951.3,-170.2,-0.0909,168.54,1,0
2026-01-01T01:06:48Z,tube_leak,TUBE_LEAK,436.41,1389.7,127.97,539.2,1951.9,-150.6,-0.0908,167.03,1,0
2026-01-01T01:06:49Z,tube_leak,TUBE_LEAK,436.61,1395.6,128.05,540.2,1948.3,-158.3,-0.0904,168.75,1,0
2026-01-01T01:06:50Z,tube_leak,TUBE_LEAK,435.99,1395.0,128.64,541.1,1950.0,-161.1,-0.091,166.81,1,0
2026-01-01T01:06:51Z,tube_leak,TUBE_LEAK,432.95,1394.5,128.9,539.7,1946.1,-157.8,-0.0908,168.55,1,0
2026-01-01T01:06:52Z,tube_leak,TUBE_LEAK,437.11,1391.4,128.18,540.1,1949.3,-149.7,-0.0895,167.17,1,0
2026-01-01T01:06:53Z,tube_leak,TUBE_LEAK,434.82,1394.1,127.71,538.2,1949.6,-165.5,-0.0897,167.41,1,0
2026-01-01T01:06:54Z,tube_leak,TUBE_LEAK,433.69,1388.0,128.14,539.5,1946.3,-164.7,-0.0897,167.79,1,0
2026-01-01T01:06:55Z,tube_leak,TUBE_LEAK,439.09,1393.4,127.31,539.8,1948.0,-168.2,-0.0912,169.06,1,0
2026-01-01T01:06:56Z,tube_leak,TUBE_LEAK,433.13,1389.1,128.26,539.3,1952.4,-152.9,-0.0895,167.73,1,0
2026-01-01T01:06:57Z,tube_leak,TUBE_LEAK,434.97,1387.1,127.25,540.8,1943.3,-159.9,-0.0892,167.84,1,0
2026-01-01T01:06:58Z,tube_leak,TUBE_LEAK,435.92,1390.9,128.24,540.0,1952.5,-159.4,-0.0922,169.02,1,0
2026-01-01T01:06:59Z,tube_leak,TUBE_LEAK,437.51,1392.7,128.09,538.3,1946.8,-161.9,-0.0899,167.27,1,0
2026-01-01T01:07:00Z,tube_leak,TUBE_LEAK,436.21,1389.7,127.9,540.0,1948.1,-164.0,-0.0885,167.0,1,0
2026-01-01T01:07:01Z,tube_leak,TUBE_LEAK,432.54,1388.0,128.41,540.9,1947.2,-152.6,-0.0896,167.54,1,0
2026-01-01T01:07:02Z,tube_leak,TUBE_LEAK,437.9,1392.7,128.18,539.9,1946.6,-164.2,-0.0917,168.07,1,0
2026-01-01T01:07:03Z,tube_leak,TUBE_LEAK,436.52,1395.2,127.87,541.3,1942.2,-158.5,-0.0885,167.57,1,0
2026-01-01T01:07:04Z,tube_leak,TUBE_LEAK,436.97,1391.6,127.54,538.8,1948.6,-152.0,-0.0902,167.97,1,0
2026-01-01T01:07:05Z,tube_leak,TUBE_LEAK,437.28,1392.5,128.62,538.7,1948.0,-155.2,-0.0887,168.04,1,0
2026-01-01T01:07:06Z,tube_leak,TUBE_LEAK,435.98,1392.7,127.77,540.8,1948.7,-166.5,-0.0889,168.66,1,0
2026-01-01T01:07:07Z,tube_leak,TUBE_LEAK,435.56,1384.8,127.9,539.5,1949.7,-147.4,-0.0918,168.4,1,0
2026-01-01T01:07:08Z,tube_leak,TUBE_LEAK,434.53,1391.0,128.42,540.5,1949.7,-167.7,-0.0896,166.19,1,0
2026-01-01T01:07:09Z,tube_leak,TUBE_LEAK,435.32,1387.2,127.25,539.5,1953.4,-165.2,-0.0911,167.54,1,0
2026-01-01T01:07:10Z,tube_leak,TUBE_LEAK,432.77,1392.7,128.54,540.5,1947.6,-159.6,-0.0897,166.15,1,0
2026-01-01T01:07:11Z,tube_leak,TUBE_LEAK,440.75,1394.7,128.09,541.1,1947.6,-162.2,-0.0902,168.6,1,0
2026-01-01T01:07:12Z,tube_leak,TUBE_LEAK,437.3,1392.5,127.63,539.5,1948.6,-165.1,-0.0919,167.36,1,0
2026-01-01T01:07:13Z,tube_leak,TUBE_LEAK,432.3,1389.2,128.17,539.4,1951.7,-155.8,-0.0905,166.39,1,0
2026-01-01T01:07:14Z,tube_leak,TUBE_LEAK,438.61,1391.5,128.15,538.4,1952.9,-158.3,-0.0897,166.59,1,0
2026-01-01T01:07:15Z,tube_leak,TUBE_LEAK,432.82,1392.2,127.84,540.6,1944.1,-163.6,-0.0909,167.26,1,0
2026-01-01T01:07:16Z,tube_leak,TUBE_LEAK,432.9,1389.3,129.05,540.4,1950.7,-166.0,-0.0899,166.16,1,0
2026-01-01T01:07:17Z,tube_leak,TUBE_LEAK,431.45,1393.0,127.95,540.2,1945.7,-156.8,-0.0888,165.73,1,0
2026-01-01T01:07:18Z,tube_leak,TUBE_LEAK,441.86,1392.3,127.91,537.4,1951.3,-157.9,-0.0914,167.85,1,0
2026-01-01T01:07:19Z,tube_leak,TUBE_LEAK,436.49,1394.8,127.57,541.2,1947.2,-156.3,-0.0898,168.34,1,0
2026-01-01T01:07:20Z,tube_leak,TUBE_LEAK,434.15,1395.3,128.82,540.4,1952.9,-163.8,-0.0905,166.48,1,0
2026-01-01T01:07:21Z,tube_leak,TUBE_LEAK,434.06,1389.8,126.68,539.6,1943.6,-165.4,-0.0913,165.79,1,0
2026-01-01T01:07:22Z,tube_leak,TUBE_LEAK,439.44,1396.1,128.9,541.4,1948.6,-165.5,-0.0891,168.62,1,0
2026-01-01T01:07:23Z,tube_leak,TUBE_LEAK,435.47,1391.8,128.02,539.1,1948.9,-161.9,-0.0896,167.91,1,0
2026-01-01T01:07:24Z,tube_leak,TUBE_LEAK,431.88,1393.8,127.61,540.9,1946.6,-169.9,-0.0904,169.82,1,0
2026-01-01T01:07:25Z,tube_leak,TUBE_LEAK,438.81,1392.4,127.8,541.0,1945.2,-159.4,-0.09,168.27,1,0
2026-01-01T01:07:26Z,tube_leak,TUBE_LEAK,436.26,1391.7,127.76,541.8,1949.8,-160.4,-0.0901,168.73,1,0
2026-01-01T01:07:27Z,tube_leak,TUBE_LEAK,433.79,1392.2,128.25,540.0,1943.7,-158.0,-0.0899,168.06,1,0
2026-01-01T01:07:28Z,tube_leak,TUBE_LEAK,434.24,1392.1,127.91,540.8,1949.0,-161.2,-0.09,168.33,1,0
2026-01-01T01:07:29Z,tube_leak,TUBE_LEAK,433.13,1393.5,126.48,539.4,1951.9,-165.2,-0.0901,169.3,1,0
2026-01-01T01:07:30Z,tube_leak,TUBE_LEAK,433.2,1389.0,127.89,539.7,1949.4,-163.4,-0.0882,167.28,1,0
2026-01-01T01:07:31Z,tube_leak,TUBE_LEAK,431.86,1393.0,127.93,537.7,1946.7,-161.7,-0.0897,166.98,1,0
2026-01-01T01:07:32Z,tube_leak,TUBE_LEAK,433.01,1392.3,127.77,539.9,1950.6,-161.3,-0.0891,168.06,1,0
2026-01-01T01:07:33Z,tube_leak,TUBE_LEAK,436.86,1391.8,128.01,541.8,1952.9,-163.6,-0.0898,167.06,1,0
2026-01-01T01:07:34Z,tube_leak,TUBE_LEAK,435.35,1390.8,127.86,540.3,1949.2,-161.6,-0.09,168.22,1,0
2026-01-01T01:07:35Z,tube_leak,TUBE_LEAK,435.11,1390.4,127.96,539.4,1952.9,-165.8,-0.0902,167.52,1,0
2026-01-01T01:07:36Z,tube_leak,TUBE_LEAK,437.51,1387.2,127.87,539.4,1949.6,-158.3,-0.0903,167.01,1,0
2026-01-01T01:07:37Z,tube_leak,TUBE_LEAK,438.31,1394.6,127.96,541.4,1953.1,-153.8,-0.0888,166.64,1,0
2026-01-01T01:07:38Z,tube_leak,TUBE_LEAK,435.38,1392.1,128.65,541.0,1947.6,-162.7,-0.0898,166.55,1,0
2026-01-01T01:07:39Z,tube_leak,TUBE_LEAK,435.68,1392.6,127.82,539.3,1946.9,-164.2,-0.0887,166.83,1,0
2026-01-01T01:07:40Z,tube_leak,TUBE_LEAK,438.92,1390.9,127.78,540.5,1948.6,-157.3,-0.0899,166.98,1,0
2026-01-01T01:07:41Z,tube_leak,TUBE_LEAK,435.59,1391.2,127.71,538.6,1945.4,-165.5,-0.0906,168.99,1,0
2026-01-01T01:07:42Z,tube_leak,TUBE_LEAK,431.68,1393.6,127.05,539.6,1947.8,-157.0,-0.0897,164.1,1,0
2026-01-01T01:07:43Z,tube_leak,TUBE_LEAK,432.29,1396.9,127.79,540.3,1947.0,-163.7,-0.0908,167.31,1,0
2026-01-01T01:07:44Z,tube_leak,TUBE_LEAK,431.49,1389.6,127.28,537.8,1949.6,-157.0,-0.0896,168.67,1,0
2026-01-01T01:07:45Z,tube_leak,TUBE_LEAK,431.11,1389.9,127.23,539.9,1953.5,-162.6,-0.0914,166.0,1,0
2026-01-01T01:07:46Z,tube_leak,TUBE_LEAK,436.43,1394.1,127.41,542.0,1947.9,-160.0,-0.0915,167.5,1,0
2026-01-01T01:07:47Z,tube_leak,TUBE_LEAK,438.24,1393.6,128.72,538.8,1949.8,-164.4,-0.0896,165.67,1,0
2026-01-01T01:07:48Z,tube_leak,TUBE_LEAK,437.0,1391.0,127.85,541.5,1945.4,-159.7,-0.0905,169.61,1,0
2026-01-01T01:07:49Z,tube_leak,TUBE_LEAK,433.2,1391.4,127.89,539.9,1943.9,-156.0,-0.0899,167.51,1,0
2026-01-01T01:07:50Z,tube_leak,TUBE_LEAK,430.37,1390.3,128.44,539.5,1947.3,-160.7,-0.0901,166.37,1,0
2026-01-01T01:07:51Z,tube_leak,TUBE_LEAK,436.56,1388.6,127.33,540.0,1950.0,-169.0,-0.092,166.65,1,0
2026-01-01T01:07:52Z,tube_leak,TUBE_LEAK,437.41,1389.8,127.52,540.9,1949.2,-159.2,-0.0899,167.29,1,0
2026-01-01T01:07:53Z,tube_leak,TUBE_LEAK,436.3,1393.6,128.17,539.1,1949.8,-154.9,-0.0891,168.06,1,0
2026-01-01T01:07:54Z,tube_leak,TUBE_LEAK,428.08,1389.2,128.56,538.5,1951.5,-154.5,-0.09,167.73,1,0
2026-01-01T01:07:55Z,tube_leak,TUBE_LEAK,432.68,1391.2,128.49,541.1,1949.9,-161.5,-0.0907,167.57,1,0
2026-01-01T01:07:56Z,tube_leak,TUBE_LEAK,433.3,1388.8,128.1,540.9,1947.5,-162.9,-0.0907,166.08,1,0
2026-01-01T01:07:57Z,tube_leak,TUBE_LEAK,433.38,1391.2,127.6,539.1,1941.7,-162.4,-0.089,167.05,1,0
2026-01-01T01:07:58Z,tube_leak,TUBE_LEAK,433.7,1391.5,128.47,539.5,1949.6,-165.7,-0.0889,166.78,1,0
2026-01-01T01:07:59Z,tube_leak,TUBE_LEAK,434.66,1390.2,128.2,538.7,1948.8,-164.7,-0.0914,166.13,1,0
2026-01-01T01:08:00Z,tube_leak,TUBE_LEAK,434.46,1387.9,128.37,541.4,1948.3,-165.8,-0.0889,166.4,1,0
2026-01-01T01:08:01Z,tube_leak,TUBE_LEAK,437.93,1389.3,127.78,540.2,1949.6,-150.3,-0.0893,167.14,1,0
2026-01-01T01:08:02Z,tube_leak,TUBE_LEAK,436.71,1392.2,128.49,539.8,1948.0,-162.3,-0.0908,168.2,1,0
2026-01-01T01:08:03Z,tube_leak,TUBE_LEAK,436.73,1391.2,128.73,540.3,1951.2,-160.5,-0.0892,167.05,1,0
2026-01-01T01:08:04Z,tube_leak,TUBE_LEAK,434.31,1392.6,127.66,539.8,1950.1,-158.8,-0.0899,167.49,1,0
2026-01-01T01:08:05Z,tube_leak,TUBE_LEAK,438.32,1395.0,128.54,541.2,1950.6,-155.2,-0.0909,166.26,1,0
2026-01-01T01:08:06Z,tube_leak,TUBE_LEAK,433.76,1393.6,128.31,537.8,1956.0,-161.7,-0.0922,168.29,1,0
2026-01-01T01:08:07Z,tube_leak,TUBE_LEAK,432.49,1393.1,127.95,540.7,1950.0,-152.5,-0.0897,169.11,1,0
2026-01-01T01:08:08Z,tube_leak,TUBE_LEAK,438.45,1386.1,127.22,540.4,1951.0,-156.0,-0.0887,167.16,1,0
2026-01-01T01:08:09Z,tube_leak,TUBE_LEAK,435.41,1389.4,129.11,541.2,1949.1,-159.5,-0.0908,168.27,1,0
2026-01-01T01:08:10Z,tube_leak,TUBE_LEAK,435.04,1391.3,128.24,541.3,1948.7,-143.1,-0.0925,167.13,1,0
2026-01-01T01:08:11Z,tube_leak,TUBE_LEAK,431.01,1390.5,129.12,539.6,1945.4,-151.5,-0.088,168.37,1,0
2026-01-01T01:08:12Z,tube_leak,TUBE_LEAK,433.8,1392.1,128.31,540.1,1945.2,-162.4,-0.089,167.91,1,0
2026-01-01T01:08:13Z,tube_leak,TUBE_LEAK,439.47,1392.7,128.16,540.0,1944.7,-166.7,-0.0919,167.88,1,0
2026-01-01T01:08:14Z,tube_leak,TUBE_LEAK,435.97,1391.5,128.39,540.8,1951.4,-148.7,-0.0885,166.88,1,0
2026-01-01T01:08:15Z,tube_leak,TUBE_LEAK,434.19,1391.9,128.29,539.9,1947.2,-166.9,-0.0886,167.46,1,0
2026-01-01T01:08:16Z,tube_leak,TUBE_LEAK,436.85,1389.3,127.49,539.8,1948.8,-160.1,-0.0895,167.68,1,0
2026-01-01T01:08:17Z,tube_leak,TUBE_LEAK,438.59,1392.5,127.0,540.3,1950.2,-160.9,-0.0914,166.63,1,0
2026-01-01T01:08:18Z,tube_leak,TUBE_LEAK,434.71,1393.2,127.41,539.2,1947.4,-155.4,-0.0893,167.65,1,0
2026-01-01T01:08:19Z,tube_leak,TUBE_LEAK,436.98,1392.8,127.37,538.8,1945.4,-165.6,-0.0895,167.31,1,0
2026-01-01T01:08:20Z,tube_leak,TUBE_LEAK,432.17,1394.7,128.3,540.1,1955.8,-159.0,-0.0903,167.42,1,0
2026-01-01T01:08:21Z,tube_leak,TUBE_LEAK,434.82,1392.1,127.07,538.6,1948.3,-159.8,-0.0884,167.02,1,0
2026-01-01T01:08:22Z,tube_leak,TUBE_LEAK,436.27,1393.0,128.54,540.2,1946.6,-163.7,-0.0907,166.5,1,0
2026-01-01T01:08:23Z,tube_leak,TUBE_LEAK,435.43,1390.3,127.81,539.2,1952.8,-160.4,-0.0904,167.27,1,0
2026-01-01T01:08:24Z,tube_leak,TUBE_LEAK,433.93,1393.4,128.26,539.1,1951.2,-162.9,-0.0911,166.43,1,0
2026-01-01T01:08:25Z,tube_leak,TUBE_LEAK,436.09,1392.9,127.59,540.4,1947.3,-160.6,-0.0899,166.94,1,0
2026-01-01T01:08:26Z,tube_leak,TUBE_LEAK,432.65,1396.9,128.1,541.3,1949.1,-164.4,-0.0876,168.18,1,0
2026-01-01T01:08:27Z,tube_leak,TUBE_LEAK,434.85,1394.0,128.8,541.3,1948.7,-156.7,-0.0906,169.41,1,0
2026-01-01T01:08:28Z,tube_leak,TUBE_LEAK,438.41,1388.6,128.69,541.1,1953.0,-163.8,-0.0892,166.76,1,0
2026-01-01T01:08:29Z,tube_leak,TUBE_LEAK,437.65,1391.6,128.5,539.2,1951.0,-163.6,-0.0919,167.35,1,0
2026-01-01T01:08:30Z,tube_leak,TUBE_LEAK,439.92,1390.3,128.58,539.6,1944.9,-157.7,-0.0896,167.36,1,0
2026-01-01T01:08:31Z,tube_leak,TUBE_LEAK,431.39,1394.2,127.34,540.6,1951.3,-160.6,-0.0891,168.07,1,0
2026-01-01T01:08:32Z,tube_leak,TUBE_LEAK,435.29,1394.6,126.97,539.5,1949.5,-154.5,-0.0895,167.73,1,0
2026-01-01T01:08:33Z,tube_leak,TUBE_LEAK,430.42,1390.1,128.63,541.0,1946.0,-154.2,-0.0906,167.4,1,0
2026-01-01T01:08:34Z,tube_leak,TUBE_LEAK,440.57,1388.5,128.54,539.9,1952.0,-159.5,-0.0903,168.58,1,0
2026-01-01T01:08:35Z,tube_leak,TUBE_LEAK,432.9,1390.9,128.54,540.5,1946.0,-158.4,-0.0926,166.07,1,0
2026-01-01T01:08:36Z,tube_leak,TUBE_LEAK,439.37,1389.5,128.1,540.2,1953.9,-161.6,-0.0886,167.1,1,0
2026-01-01T01:08:37Z,tube_leak,TUBE_LEAK,436.4,1391.6,129.23,539.2,1949.0,-162.5,-0.0914,169.06,1,0
2026-01-01T01:08:38Z,tube_leak,TUBE_LEAK,442.49,1391.6,128.21,540.6,1953.9,-158.5,-0.0911,167.79,1,0
2026-01-01T01:08:39Z,tube_leak,TUBE_LEAK,431.09,1390.4,128.27,540.5,1948.3,-163.0,-0.0898,166.51,1,0
2026-01-01T01:08:40Z,tube_leak,TUBE_LEAK,438.11,1392.1,128.0,540.0,1953.5,-168.0,-0.0897,166.83,1,0
2026-01-01T01:08:41Z,tube_leak,TUBE_LEAK,434.56,1391.5,128.12,539.9,1950.7,-162.3,-0.0888,165.02,1,0
2026-01-01T01:08:42Z,tube_leak,TUBE_LEAK,436.11,1390.2,127.85,539.6,1945.6,-160.5,-0.0893,167.17,1,0
2026-01-01T01:08:43Z,tube_leak,TUBE_LEAK,437.62,1390.3,128.63,538.4,1950.6,-168.7,-0.0888,167.68,1,0
2026-01-01T01:08:44Z,tube_leak,TUBE_LEAK,435.72,1392.2,126.82,540.0,1950.8,-157.6,-0.0899,169.5,1,0
2026-01-01T01:08:45Z,tube_leak,TUBE_LEAK,435.79,1392.1,127.88,541.3,1948.2,-167.3,-0.0879,167.37,1,0
2026-01-01T01:08:46Z,tube_leak,TUBE_LEAK,434.48,1393.9,127.32,540.6,1945.0,-167.4,-0.0909,168.28,1,0
2026-01-01T01:08:47Z,tube_leak,TUBE_LEAK,434.21,1390.0,128.77,538.5,1952.5,-164.9,-0.0894,165.68,1,0
2026-01-01T01:08:48Z,tube_leak,TUBE_LEAK,434.87,1390.5,127.58,540.8,1945.5,-157.4,-0.0903,168.68,1,0
2026-01-01T01:08:49Z,tube_leak,TUBE_LEAK,434.07,1392.0,128.28,541.0,1951.9,-164.7,-0.09,169.08,1,0
2026-01-01T01:08:50Z,tube_leak,TUBE_LEAK,432.67,1390.6,128.16,540.6,1948.6,-153.5,-0.0895,167.77,1,0
2026-01-01T01:08:51Z,tube_leak,TUBE_LEAK,435.49,1393.3,128.65,538.6,1943.1,-161.4,-0.0896,167.22,1,0
2026-01-01T01:08:52Z,tube_leak,TUBE_LEAK,434.49,1391.8,127.1,540.5,1950.7,-147.2,-0.0901,167.38,1,0
2026-01-01T01:08:53Z,tube_leak,TUBE_LEAK,433.8,1387.2,127.95,541.7,1942.8,-154.5,-0.0909,167.58,1,0
2026-01-01T01:08:54Z,tube_leak,TUBE_LEAK,435.92,1390.6,127.94,538.9,1947.8,-164.7,-0.0903,168.47,1,0
2026-01-01T01:08:55Z,tube_leak,TUBE_LEAK,433.47,1391.2,128.2,540.2,1946.9,-167.5,-0.091,168.53,1,0
2026-01-01T01:08:56Z,tube_leak,TUBE_LEAK,430.61,1392.2,127.73,539.1,1951.5,-170.7,-0.0894,166.02,1,0
2026-01-01T01:08:57Z,tube_leak,TUBE_LEAK,431.28,1394.6,127.5,540.1,1947.4,-161.0,-0.0916,167.47,1,0
2026-01-01T01:08:58Z,tube_leak,TUBE_LEAK,433.04,1394.4,127.63,539.6,1953.8,-167.8,-0.0891,167.88,1,0
2026-01-01T01:08:59Z,tube_leak,TUBE_LEAK,434.18,1394.7,127.39,539.9,1945.9,-163.3,-0.0889,167.45,1,0
2026-01-01T01:09:00Z,tube_leak,TUBE_LEAK,434.39,1393.5,128.27,540.9,1947.3,-165.9,-0.0904,166.51,1,0
2026-01-01T01:09:01Z,tube_leak,TUBE_LEAK,432.37,1390.3,127.15,539.6,1949.2,-153.9,-0.0898,166.69,1,0
2026-01-01T01:09:02Z,tube_leak,TUBE_LEAK,439.16,1393.4,128.33,540.8,1950.8,-160.8,-0.0894,167.61,1,0
2026-01-01T01:09:03Z,tube_leak,TUBE_LEAK,436.29,1390.9,128.2,540.1,1944.7,-179.6,-0.0897,166.81,1,0
2026-01-01T01:09:04Z,tube_leak,TUBE_LEAK,437.29,1388.2,128.19,540.3,1950.4,-162.9,-0.0891,167.6,1,0
2026-01-01T01:09:05Z,tube_leak,TUBE_LEAK,432.79,1392.0,127.57,539.9,1950.5,-156.9,-0.0894,168.3,1,0
2026-01-01T01:09:06Z,tube_leak,TUBE_LEAK,433.88,1393.3,127.53,540.6,1948.7,-154.5,-0.0893,167.28,1,0
2026-01-01T01:09:07Z,tube_leak,TUBE_LEAK,437.46,1393.0,127.43,539.5,1946.9,-164.5,-0.0887,166.81,1,0
2026-01-01T01:09:08Z,tube_leak,TUBE_LEAK,431.89,1396.6,129.06,539.4,1943.2,-155.8,-0.0904,166.91,1,0
2026-01-01T01:09:09Z,tube_leak,TUBE_LEAK,437.13,1389.3,127.3,539.3,1948.7,-165.4,-0.09,168.59,1,0
2026-01-01T01:09:10Z,tube_leak,TUBE_LEAK,433.65,1391.8,128.47,539.7,1950.3,-159.3,-0.091,166.6,1,0
2026-01-01T01:09:11Z,tube_leak,TUBE_LEAK,438.56,1394.4,127.98,539.5,1953.3,-169.0,-0.0904,168.53,1,0
2026-01-01T01:09:12Z,tube_leak,TUBE_LEAK,434.56,1390.8,128.3,541.7,1947.3,-165.7,-0.0892,168.4,1,0
2026-01-01T01:09:13Z,tube_leak,TUBE_LEAK,434.19,1392.8,128.54,539.8,1945.3,-157.4,-0.0889,165.7,1,0
2026-01-01T01:09:14Z,tube_leak,TUBE_LEAK,439.36,1393.1,128.73,540.0,1954.1,-164.1,-0.0895,166.22,1,0
2026-01-01T01:09:15Z,tube_leak,TUBE_LEAK,439.1,1393.3,127.28,538.7,1948.5,-170.0,-0.0897,166.92,1,0
2026-01-01T01:09:16Z,tube_leak,TUBE_LEAK,437.64,1391.4,128.21,540.3,1949.7,-168.9,-0.0908,166.49,1,0
2026-01-01T01:09:17Z,tube_leak,TUBE_LEAK,431.43,1388.8,127.94,539.0,1951.3,-168.2,-0.0902,166.45,1,0
2026-01-01T01:09:18Z,tube_leak,TUBE_LEAK,435.28,1392.5,127.59,540.7,1949.9,-151.3,-0.0923,165.74,1,0
2026-01-01T01:09:19Z,tube_leak,TUBE_LEAK,433.17,1393.9,127.81,541.6,1946.8,-157.0,-0.0902,167.09,1,0
2026-01-01T01:09:20Z,tube_leak,TUBE_LEAK,434.7,1393.4,127.73,539.3,1952.6,-162.3,-0.0908,167.34,1,0
2026-01-01T01:09:21Z,tube_leak,TUBE_LEAK,432.52,1388.3,128.96,540.8,1946.9,-160.6,-0.0897,167.37,1,0
2026-01-01T01:09:22Z,tube_leak,TUBE_LEAK,434.92,1392.3,128.65,539.6,1948.6,-163.8,-0.0899,167.78,1,0
2026-01-01T01:09:23Z,tube_leak,TUBE_LEAK,429.88,1389.6,127.19,539.3,1951.1,-159.4,-0.0877,167.53,1,0
2026-01-01T01:09:24Z,tube_leak,TUBE_LEAK,435.16,1392.4,127.59,539.2,1952.0,-156.4,-0.0899,168.36,1,0
2026-01-01T01:09:25Z,tube_leak,TUBE_LEAK,432.81,1387.6,128.69,541.5,1944.5,-158.9,-0.0909,167.54,1,0
2026-01-01T01:09:26Z,tube_leak,TUBE_LEAK,434.89,1394.0,127.5,540.4,1946.7,-159.5,-0.0905,168.63,1,0
2026-01-01T01:09:27Z,tube_leak,TUBE_LEAK,437.2,1393.4,128.9,541.3,1947.6,-158.7,-0.0894,167.0,1,0
2026-01-01T01:09:28Z,tube_leak,TUBE_LEAK,435.88,1395.4,127.99,539.5,1948.5,-154.5,-0.0895,167.65,1,0
2026-01-01T01:09:29Z,tube_leak,TUBE_LEAK,435.79,1392.3,127.79,539.5,1948.6,-150.2,-0.0908,166.49,1,0
2026-01-01T01:09:30Z,tube_leak,TUBE_LEAK,432.39,1392.9,128.38,539.0,1944.1,-166.8,-0.0921,167.42,1,0
2026-01-01T01:09:31Z,tube_leak,TUBE_LEAK,436.08,1389.9,128.23,542.0,1943.6,-163.7,-0.0911,166.65,1,0
2026-01-01T01:09:32Z,tube_leak,TUBE_LEAK,437.63,1392.6,128.52,540.9,1950.7,-155.7,-0.091,166.72,1,0
2026-01-01T01:09:33Z,tube_leak,TUBE_LEAK,435.51,1390.3,127.89,539.6,1948.4,-156.9,-0.0899,167.06,1,0
2026-01-01T01:09:34Z,tube_leak,TUBE_LEAK,436.5,1391.5,128.42,541.7,1947.2,-169.5,-0.0902,166.6,1,0
2026-01-01T01:09:35Z,tube_leak,TUBE_LEAK,435.19,1392.1,127.94,540.8,1944.0,-153.7,-0.0906,167.99,1,0
2026-01-01T01:09:36Z,tube_leak,TUBE_LEAK,435.37,1393.1,128.16,538.2,1947.6,-158.9,-0.0891,168.7,1,0
2026-01-01T01:09:37Z,tube_leak,TUBE_LEAK,438.89,1391.6,127.62,539.2,1952.8,-150.9,-0.089,167.21,1,0
2026-01-01T01:09:38Z,tube_leak,TUBE_LEAK,432.81,1392.0,127.85,540.1,1944.3,-167.7,-0.088,166.39,1,0
2026-01-01T01:09:39Z,tube_leak,TUBE_LEAK,433.78,1394.1,129.04,540.8,1950.7,-152.3,-0.09,167.64,1,0
2026-01-01T01:09:40Z,tube_leak,TUBE_LEAK,430.44,1389.7,127.83,539.4,1951.5,-160.7,-0.0901,166.43,1,0
2026-01-01T01:09:41Z,tube_leak,TUBE_LEAK,440.59,1390.8,128.31,539.5,1946.7,-156.2,-0.0913,167.64,1,0
2026-01-01T01:09:42Z,tube_leak,TUBE_LEAK,433.99,1394.1,128.41,540.1,1950.2,-166.7,-0.0897,169.02,1,0
2026-01-01T01:09:43Z,tube_leak,TUBE_LEAK,436.0,1390.3,128.2,538.4,1943.7,-154.8,-0.0904,169.29,1,0
2026-01-01T01:09:44Z,tube_leak,TUBE_LEAK,436.92,1392.7,127.72,540.4,1950.7,-157.0,-0.0892,170.05,1,0
2026-01-01T01:09:45Z,tube_leak,TUBE_LEAK,435.18,1388.3,127.76,540.0,1947.6,-175.5,-0.0912,168.39,1,0
2026-01-01T01:09:46Z,tube_leak,TUBE_LEAK,432.09,1394.9,127.58,541.0,1947.4,-155.4,-0.0878,168.07,1,0
2026-01-01T01:09:47Z,tube_leak,TUBE_LEAK,439.93,1389.9,128.05,540.7,1948.7,-162.9,-0.0909,167.05,1,0
2026-01-01T01:09:48Z,tube_leak,TUBE_LEAK,434.73,1393.5,128.04,540.1,1953.1,-148.8,-0.0897,167.79,1,0
2026-01-01T01:09:49Z,tube_leak,TUBE_LEAK,434.77,1393.9,128.62,539.3,1949.9,-162.8,-0.0905,166.91,1,0
2026-01-01T01:09:50Z,tube_leak,TUBE_LEAK,434.4,1392.4,128.25,540.2,1946.9,-158.5,-0.0892,169.25,1,0
2026-01-01T01:09:51Z,tube_leak,TUBE_LEAK,435.96,1392.2,128.07,539.4,1947.4,-161.5,-0.0883,167.65,1,0
2026-01-01T01:09:52Z,tube_leak,TUBE_LEAK,432.28,1394.6,127.48,542.6,1949.4,-157.3,-0.0907,166.88,1,0
2026-01-01T01:09:53Z,tube_leak,TUBE_LEAK,441.43,1395.1,127.42,538.0,1943.0,-164.4,-0.0902,167.4,1,0
2026-01-01T01:09:54Z,tube_leak,TUBE_LEAK,436.28,1389.2,127.55,538.4,1949.1,-158.4,-0.0912,167.12,1,0
2026-01-01T01:09:55Z,tube_leak,TUBE_LEAK,437.13,1399.1,127.84,541.1,1944.8,-158.2,-0.0874,168.33,1,0
2026-01-01T01:09:56Z,tube_leak,TUBE_LEAK,432.84,1391.9,126.87,541.7,1947.0,-157.0,-0.091,167.07,1,0
2026-01-01T01:09:57Z,tube_leak,TUBE_LEAK,434.9,1391.8,128.69,539.7,1949.6,-155.0,-0.0892,168.75,1,0
2026-01-01T01:09:58Z,tube_leak,TUBE_LEAK,432.51,1394.5,127.56,539.8,1951.0,-152.0,-0.0912,168.05,1,0
2026-01-01T01:09:59Z,tube_leak,TUBE_LEAK,435.65,1390.1,127.11,539.2,1950.4,-149.3,-0.0893,168.33,1,0
2026-01-01T01:10:00Z,tube_leak,TUBE_LEAK,436.14,1389.9,127.71,539.4,1950.3,-164.6,-0.0915,167.08,1,0
2026-01-01T01:10:01Z,tube_leak,TUBE_LEAK,434.32,1389.8,128.71,540.5,1946.9,-159.3,-0.0903,166.82,1,0
2026-01-01T01:10:02Z,tube_leak,TUBE_LEAK,431.7,1388.9,128.51,539.9,1951.0,-157.1,-0.0892,167.15,1,0
2026-01-01T01:10:03Z,tube_leak,TUBE_LEAK,434.67,1390.0,126.66,539.2,1950.9,-163.7,-0.0913,167.46,1,0
2026-01-01T01:10:04Z,tube_leak,TUBE_LEAK,435.2,1388.7,127.58,537.6,1952.7,-162.4,-0.0887,169.81,1,0
2026-01-01T01:10:05Z,tube_leak,TUBE_LEAK,429.25,1388.5,128.64,538.9,1946.5,-168.1,-0.0913,165.7,1,0
2026-01-01T01:10:06Z,tube_leak,TUBE_LEAK,433.07,1393.9,127.3,540.7,1947.7,-158.9,-0.0904,166.78,1,0
2026-01-01T01:10:07Z,tube_leak,TUBE_LEAK,438.99,1387.6,128.1,541.4,1951.4,-164.6,-0.0905,167.33,1,0
2026-01-01T01:10:08Z,tube_leak,TUBE_LEAK,433.57,1391.4,127.35,540.3,1950.3,-166.8,-0.0898,166.82,1,0
2026-01-01T01:10:09Z,tube_leak,TUBE_LEAK,438.32,1391.4,128.15,538.6,1944.6,-165.8,-0.0887,168.29,1,0
2026-01-01T01:10:10Z,tube_leak,TUBE_LEAK,438.16,1395.9,128.49,540.2,1953.0,-155.2,-0.09,167.57,1,0
2026-01-01T01:10:11Z,tube_leak,TUBE_LEAK,436.88,1394.2,127.77,540.5,1950.8,-161.6,-0.0893,166.21,1,0
2026-01-01T01:10:12Z,tube_leak,TUBE_LEAK,433.52,1389.2,127.99,540.1,1947.6,-160.7,-0.0906,167.53,1,0
2026-01-01T01:10:13Z,tube_leak,TUBE_LEAK,437.42,1393.9,127.71,540.3,1949.8,-162.7,-0.0901,167.63,1,0
2026-01-01T01:10:14Z,tube_leak,TUBE_LEAK,436.08,1390.8,127.71,539.1,1946.8,-163.8,-0.0914,166.78,1,0
2026-01-01T01:10:15Z,tube_leak,TUBE_LEAK,435.27,1392.0,128.52,540.8,1953.8,-160.1,-0.0891,167.18,1,0
2026-01-01T01:10:16Z,tube_leak,TUBE_LEAK,431.52,1396.2,128.2,541.6,1954.2,-163.6,-0.0908,167.33,1,0
2026-01-01T01:10:17Z,tube_leak,TUBE_LEAK,435.97,1395.9,128.48,539.4,1948.0,-158.6,-0.0903,168.61,1,0
2026-01-01T01:10:18Z,tube_leak,TUBE_LEAK,433.86,1392.4,127.32,540.3,1952.5,-164.6,-0.0905,167.63,1,0
2026-01-01T01:10:19Z,tube_leak,TUBE_LEAK,439.15,1396.0,128.8,538.9,1952.8,-157.7,-0.0909,166.12,1,0
2026-01-01T01:10:20Z,tube_leak,TUBE_LEAK,430.07,1391.5,127.23,539.5,1947.8,-152.3,-0.0904,166.99,1,0
2026-01-01T01:10:21Z,tube_leak,TUBE_LEAK,435.34,1392.9,127.96,539.9,1945.9,-155.2,-0.0902,166.87,1,0
2026-01-01T01:10:22Z,tube_leak,TUBE_LEAK,433.99,1389.6,128.52,541.2,1946.0,-153.6,-0.0907,168.1,1,0
2026-01-01T01:10:23Z,tube_leak,TUBE_LEAK,434.59,1391.5,128.18,540.6,1951.5,-156.7,-0.0905,168.16,1,0
2026-01-01T01:10:24Z,tube_leak,TUBE_LEAK,429.66,1391.2,128.23,542.1,1948.1,-160.0,-0.09,167.06,1,0
2026-01-01T01:10:25Z,tube_leak,TUBE_LEAK,433.86,1392.3,128.48,537.2,1943.3,-158.1,-0.0916,167.1,1,0
2026-01-01T01:10:26Z,tube_leak,TUBE_LEAK,435.28,1391.9,127.81,540.8,1942.7,-160.5,-0.09,166.41,1,0
2026-01-01T01:10:27Z,tube_leak,TUBE_LEAK,435.05,1392.4,128.33,541.2,1947.8,-154.5,-0.0892,165.23,1,0
2026-01-01T01:10:28Z,tube_leak,TUBE_LEAK,436.26,1395.8,127.85,541.5,1947.5,-157.5,-0.0906,166.96,1,0
2026-01-01T01:10:29Z,tube_leak,TUBE_LEAK,438.3,1393.3,128.43,540.2,1947.2,-154.5,-0.0906,167.47,1,0
2026-01-01T01:10:30Z,tube_leak,TUBE_LEAK,433.53,1396.4,127.66,540.2,1946.5,-159.9,-0.0911,167.82,1,0
2026-01-01T01:10:31Z,tube_leak,TUBE_LEAK,434.68,1389.5,127.75,536.7,1947.0,-164.0,-0.091,165.88,1,0
2026-01-01T01:10:32Z,tube_leak,TUBE_LEAK,433.4,1394.0,127.65,541.4,1952.3,-159.7,-0.0897,167.99,1,0
2026-01-01T01:10:33Z,tube_leak,TUBE_LEAK,430.53,1387.6,128.04,541.6,1945.1,-161.9,-0.0889,168.51,1,0
2026-01-01T01:10:34Z,tube_leak,TUBE_LEAK,436.11,1391.4,127.86,540.3,1951.9,-152.2,-0.09,168.53,1,0
2026-01-01T01:10:35Z,tube_leak,TUBE_LEAK,435.83,1393.9,129.02,540.4,1946.5,-162.7,-0.0899,167.74,1,0
2026-01-01T01:10:36Z,tube_leak,TUBE_LEAK,434.63,1392.7,127.22,540.3,1947.7,-147.9,-0.0895,165.97,1,0
2026-01-01T01:10:37Z,tube_leak,TUBE_LEAK,431.4,1392.7,127.94,540.9,1950.0,-165.0,-0.0911,167.95,1,0
2026-01-01T01:10:38Z,tube_leak,TUBE_LEAK,433.63,1392.7,127.84,539.5,1953.9,-162.5,-0.0895,166.52,1,0
2026-01-01T01:10:39Z,tube_leak,TUBE_LEAK,434.7,1391.6,127.59,539.1,1950.8,-158.2,-0.0888,167.34,1,0
2026-01-01T01:10:40Z,tube_leak,TUBE_LEAK,430.11,1389.9,128.68,541.0,1951.9,-167.7,-0.0905,168.35,1,0
2026-01-01T01:10:41Z,tube_leak,TUBE_LEAK,435.72,1390.1,127.0,540.8,1946.4,-162.3,-0.0901,168.48,1,0
2026-01-01T01:10:42Z,tube_leak,TUBE_LEAK,437.83,1392.4,127.2,539.3,1946.4,-158.7,-0.0881,168.45,1,0
2026-01-01T01:10:43Z,tube_leak,TUBE_LEAK,436.92,1390.4,128.08,539.5,1950.0,-157.2,-0.0884,167.52,1,0
2026-01-01T01:10:44Z,tube_leak,TUBE_LEAK,433.94,1393.2,127.03,540.6,1944.7,-157.3,-0.0903,168.06,1,0
2026-01-01T01:10:45Z,tube_leak,TUBE_LEAK,437.06,1394.2,127.6,541.1,1947.4,-165.7,-0.0913,167.28,1,0
2026-01-01T01:10:46Z,tube_leak,TUBE_LEAK,435.5,1390.2,127.69,540.0,1947.0,-159.2,-0.0919,165.94,1,0
2026-01-01T01:10:47Z,tube_leak,TUBE_LEAK,435.88,1395.1,127.68,538.0,1947.5,-162.1,-0.0898,167.33,1,0
2026-01-01T01:10:48Z,tube_leak,TUBE_LEAK,435.75,1390.6,127.26,540.0,1950.2,-153.6,-0.0917,167.17,1,0
2026-01-01T01:10:49Z,tube_leak,TUBE_LEAK,434.54,1393.6,128.36,540.8,1946.9,-161.9,-0.0902,166.49,1,0
2026-01-01T01:10:50Z,tube_leak,TUBE_LEAK,434.41,1391.1,128.01,540.4,1948.5,-165.2,-0.0906,167.65,1,0
2026-01-01T01:10:51Z,tube_leak,TUBE_LEAK,437.78,1391.6,127.3,542.4,1949.1,-156.4,-0.09,167.55,1,0
2026-01-01T01:10:52Z,tube_leak,TUBE_LEAK,433.87,1392.7,128.31,539.2,1949.6,-156.3,-0.0893,167.76,1,0
2026-01-01T01:10:53Z,tube_leak,TUBE_LEAK,435.79,1391.4,127.73,540.4,1955.2,-169.8,-0.0891,169.3,1,0
2026-01-01T01:10:54Z,tube_leak,TUBE_LEAK,435.36,1393.2,128.43,539.1,1949.7,-156.8,-0.0902,167.67,1,0
2026-01-01T01:10:55Z,tube_leak,TUBE_LEAK,434.61,1393.9,128.08,539.5,1952.4,-164.0,-0.0903,168.22,1,0
2026-01-01T01:10:56Z,tube_leak,TUBE_LEAK,434.64,1393.1,128.5,540.5,1948.4,-153.5,-0.0903,168.72,1,0
2026-01-01T01:10:57Z,tube_leak,TUBE_LEAK,432.96,1392.2,128.02,539.6,1944.3,-162.7,-0.0894,168.74,1,0
2026-01-01T01:10:58Z,tube_leak,TUBE_LEAK,434.43,1393.4,128.37,540.6,1949.6,-157.9,-0.089,167.34,1,0
2026-01-01T01:10:59Z,tube_leak,TUBE_LEAK,435.05,1389.1,128.18,540.7,1947.4,-158.0,-0.091,166.8,1,0
2026-01-01T01:11:00Z,tube_leak,TUBE_LEAK,433.21,1392.5,127.94,539.1,1946.4,-165.7,-0.0912,167.27,1,0
2026-01-01T01:11:01Z,tube_leak,TUBE_LEAK,435.3,1389.4,128.27,540.5,1952.2,-159.9,-0.0897,166.75,1,0
2026-01-01T01:11:02Z,tube_leak,TUBE_LEAK,438.6,1391.7,128.1,539.3,1947.7,-149.8,-0.0893,168.84,1,0
2026-01-01T01:11:03Z,tube_leak,TUBE_LEAK,435.22,1393.8,126.98,540.5,1950.1,-156.1,-0.0899,167.85,1,0
2026-01-01T01:11:04Z,tube_leak,TUBE_LEAK,434.82,1391.1,127.99,542.8,1950.6,-162.1,-0.0914,167.67,1,0
2026-01-01T01:11:05Z,tube_leak,TUBE_LEAK,436.13,1390.3,128.17,540.6,1954.1,-157.3,-0.0893,167.82,1,0
2026-01-01T01:11:06Z,tube_leak,TUBE_LEAK,432.73,1393.1,127.94,538.7,1949.3,-159.2,-0.0895,166.22,1,0
2026-01-01T01:11:07Z,tube_leak,TUBE_LEAK,431.44,1393.7,128.58,539.3,1950.0,-161.9,-0.0898,167.19,1,0
2026-01-01T01:11:08Z,tube_leak,TUBE_LEAK,437.88,1390.6,127.96,539.7,1947.1,-155.5,-0.0895,166.84,1,0
2026-01-01T01:11:09Z,tube_leak,TUBE_LEAK,437.85,1393.3,128.86,541.3,1948.1,-157.5,-0.0896,167.45,1,0
2026-01-01T01:11:10Z,tube_leak,TUBE_LEAK,440.27,1393.2,128.02,539.4,1950.6,-160.3,-0.0887,166.87,1,0
2026-01-01T01:11:11Z,tube_leak,TUBE_LEAK,427.97,1395.3,128.82,538.0,1947.9,-161.9,-0.0894,168.6,1,0
2026-01-01T01:11:12Z,tube_leak,TUBE_LEAK,436.5,1391.0,127.81,538.8,1949.3,-158.9,-0.091,167.71,1,0
2026-01-01T01:11:13Z,tube_leak,TUBE_LEAK,432.51,1393.9,127.15,538.0,1946.5,-160.1,-0.0897,167.55,1,0
2026-01-01T01:11:14Z,tube_leak,TUBE_LEAK,435.96,1392.3,128.14,539.5,1945.4,-155.5,-0.0898,168.62,1,0
2026-01-01T01:11:15Z,tube_leak,TUBE_LEAK,435.1,1395.9,128.16,539.8,1952.7,-160.8,-0.0892,168.84,1,0
2026-01-01T01:11:16Z,tube_leak,TUBE_LEAK,437.26,1389.3,127.83,538.7,1946.2,-158.8,-0.0911,167.67,1,0
2026-01-01T01:11:17Z,tube_leak,TUBE_LEAK,439.23,1389.4,127.8,538.7,1949.8,-156.8,-0.0906,168.47,1,0
2026-01-01T01:11:18Z,tube_leak,TUBE_LEAK,431.73,1390.7,127.5,539.3,1950.3,-164.3,-0.091,167.92,1,0
2026-01-01T01:11:19Z,tube_leak,TUBE_LEAK,434.78,1391.1,127.76,540.5,1948.2,-152.6,-0.0899,167.53,1,0
2026-01-01T01:11:20Z,tube_leak,TUBE_LEAK,434.07,1395.8,126.77,538.8,1945.8,-152.4,-0.0901,165.44,1,0
2026-01-01T01:11:21Z,tube_leak,TUBE_LEAK,430.81,1391.3,127.53,539.0,1951.9,-161.2,-0.0886,167.61,1,0
2026-01-01T01:11:22Z,tube_leak,TUBE_LEAK,435.51,1393.7,126.91,540.4,1952.2,-159.4,-0.089,166.0,1,0
2026-01-01T01:11:23Z,tube_leak,TUBE_LEAK,435.92,1392.4,127.87,541.0,1947.3,-164.2,-0.0896,166.78,1,0
2026-01-01T01:11:24Z,tube_leak,TUBE_LEAK,435.43,1392.3,128.21,538.1,1947.4,-156.6,-0.0928,167.44,1,0
2026-01-01T01:11:25Z,tube_leak,TUBE_LEAK,433.57,1391.1,127.69,540.4,1950.1,-156.6,-0.0899,169.2,1,0
2026-01-01T01:11:26Z,tube_leak,TUBE_LEAK,435.52,1387.2,127.55,541.6,1948.3,-165.1,-0.0904,166.61,1,0
2026-01-01T01:11:27Z,tube_leak,TUBE_LEAK,435.42,1389.8,128.17,542.0,1948.7,-150.9,-0.0897,166.59,1,0
2026-01-01T01:11:28Z,tube_leak,TUBE_LEAK,436.27,1391.4,128.27,540.3,1946.1,-151.9,-0.0908,167.22,1,0
2026-01-01T01:11:29Z,tube_leak,TUBE_LEAK,431.77,1392.7,127.87,539.7,1946.1,-159.8,-0.0897,167.99,1,0
2026-01-01T01:11:30Z,tube_leak,TUBE_LEAK,430.86,1392.4,128.58,539.2,1944.1,-163.2,-0.0891,167.43,1,0
2026-01-01T01:11:31Z,tube_leak,TUBE_LEAK,437.3,1395.0,127.69,540.5,1953.9,-168.7,-0.0903,167.35,1,0
2026-01-01T01:11:32Z,tube_leak,TUBE_LEAK,436.65,1392.5,127.61,539.9,1947.8,-159.3,-0.09,167.91,1,0
2026-01-01T01:11:33Z,tube_leak,TUBE_LEAK,434.06,1391.6,128.19,540.4,1946.4,-161.7,-0.0895,167.02,1,0
2026-01-01T01:11:34Z,tube_leak,TUBE_LEAK,434.22,1390.3,127.91,539.4,1954.5,-163.6,-0.0905,168.01,1,0
2026-01-01T01:11:35Z,tube_leak,TUBE_LEAK,436.08,1393.4,128.24,540.2,1947.1,-158.8,-0.0902,168.66,1,0
2026-01-01T01:11:36Z,tube_leak,TUBE_LEAK,436.6,1393.6,128.01,540.8,1947.9,-159.0,-0.091,166.76,1,0
2026-01-01T01:11:37Z,tube_leak,TUBE_LEAK,435.52,1393.0,128.21,540.9,1946.4,-154.5,-0.0893,166.19,1,0
2026-01-01T01:11:38Z,tube_leak,TUBE_LEAK,434.74,1391.5,128.99,541.5,1950.0,-159.2,-0.0893,166.82,1,0
2026-01-01T01:11:39Z,tube_leak,TUBE_LEAK,436.68,1391.9,128.43,538.4,1949.2,-154.1,-0.0906,168.05,1,0
2026-01-01T01:11:40Z,tube_leak,TUBE_LEAK,432.92,1391.7,127.21,540.9,1944.8,-156.8,-0.0906,166.21,1,0
2026-01-01T01:11:41Z,tube_leak,TUBE_LEAK,435.93,1391.6,127.38,540.2,1950.5,-159.1,-0.0898,167.34,1,0
2026-01-01T01:11:42Z,tube_leak,TUBE_LEAK,435.16,1394.1,127.87,538.4,1942.7,-153.9,-0.0898,166.4,1,0
2026-01-01T01:11:43Z,tube_leak,TUBE_LEAK,436.38,1390.5,128.47,539.7,1947.2,-156.7,-0.0903,167.24,1,0
2026-01-01T01:11:44Z,tube_leak,TUBE_LEAK,434.99,1397.1,128.34,540.6,1950.3,-162.9,-0.091,168.75,1,0
2026-01-01T01:11:45Z,tube_leak,TUBE_LEAK,439.13,1394.8,128.45,541.1,1946.2,-162.2,-0.09,167.79,1,0
2026-01-01T01:11:46Z,tube_leak,TUBE_LEAK,431.93,1389.7,128.13,540.7,1945.3,-168.4,-0.0896,168.92,1,0
2026-01-01T01:11:47Z,tube_leak,TUBE_LEAK,437.15,1391.8,127.76,539.3,1948.8,-161.2,-0.089,167.61,1,0
2026-01-01T01:11:48Z,tube_leak,TUBE_LEAK,436.36,1392.1,128.02,539.8,1944.4,-157.1,-0.0916,170.86,1,0
2026-01-01T01:11:49Z,tube_leak,TUBE_LEAK,434.95,1390.3,128.23,539.0,1952.6,-150.3,-0.0891,166.89,1,0
2026-01-01T01:11:50Z,tube_leak,TUBE_LEAK,433.4,1397.6,127.96,539.2,1951.8,-154.2,-0.0893,166.34,1,0
2026-01-01T01:11:51Z,tube_leak,TUBE_LEAK,435.01,1393.2,127.89,541.1,1947.2,-155.0,-0.0897,168.0,1,0
2026-01-01T01:11:52Z,tube_leak,TUBE_LEAK,436.76,1392.3,128.37,537.6,1946.8,-160.2,-0.0905,167.59,1,0
2026-01-01T01:11:53Z,tube_leak,TUBE_LEAK,433.89,1392.9,127.87,542.9,1942.9,-163.9,-0.0918,166.33,1,0
2026-01-01T01:11:54Z,tube_leak,TUBE_LEAK,433.77,1387.1,127.79,541.3,1951.6,-161.5,-0.0902,166.09,1,0
2026-01-01T01:11:55Z,tube_leak,TUBE_LEAK,438.57,1393.3,127.63,539.6,1950.6,-166.7,-0.0902,168.29,1,0
2026-01-01T01:11:56Z,tube_leak,TUBE_LEAK,434.98,1393.8,128.05,541.3,1949.9,-159.6,-0.0906,168.09,1,0
2026-01-01T01:11:57Z,tube_leak,TUBE_LEAK,437.84,1395.4,128.37,539.0,1945.9,-159.9,-0.0901,169.58,1,0
2026-01-01T01:11:58Z,tube_leak,TUBE_LEAK,435.69,1389.7,127.43,540.2,1946.8,-167.9,-0.0889,168.55,1,0
2026-01-01T01:11:59Z,tube_leak,TUBE_LEAK,430.8,1395.3,127.99,538.6,1948.9,-165.2,-0.0891,168.6,1,0
2026-01-01T01:12:00Z,tube_leak,TUBE_LEAK,434.58,1392.5,128.41,540.9,1954.1,-158.4,-0.0901,167.85,1,0
2026-01-01T01:12:01Z,tube_leak,TUBE_LEAK,431.08,1392.3,128.28,539.0,1948.1,-150.3,-0.0893,167.68,1,0
2026-01-01T01:12:02Z,tube_leak,TUBE_LEAK,433.48,1392.7,127.75,541.6,1947.5,-161.4,-0.0902,167.08,1,0
2026-01-01T01:12:03Z,tube_leak,TUBE_LEAK,436.74,1390.8,127.86,540.6,1946.4,-154.0,-0.0903,165.93,1,0
2026-01-01T01:12:04Z,tube_leak,TUBE_LEAK,434.16,1390.8,128.45,540.9,1945.1,-155.5,-0.0922,167.44,1,0
2026-01-01T01:12:05Z,tube_leak,TUBE_LEAK,438.65,1391.2,127.08,541.0,1945.3,-160.8,-0.0909,168.82,1,0
2026-01-01T01:12:06Z,tube_leak,TUBE_LEAK,436.71,1393.1,128.39,538.7,1951.5,-157.5,-0.0912,166.99,1,0
2026-01-01T01:12:07Z,tube_leak,TUBE_LEAK,434.76,1392.6,128.08,542.3,1949.0,-156.2,-0.0906,166.77,1,0
2026-01-01T01:12:08Z,tube_leak,TUBE_LEAK,436.61,1390.8,127.92,539.5,1950.6,-161.9,-0.0909,166.94,1,0
2026-01-01T01:12:09Z,tube_leak,TUBE_LEAK,435.51,1393.0,128.96,538.7,1945.9,-160.3,-0.0903,167.24,1,0
2026-01-01T01:12:10Z,tube_leak,TUBE_LEAK,439.21,1395.5,127.67,539.2,1943.5,-164.0,-0.089,166.67,1,0
2026-01-01T01:12:11Z,tube_leak,TUBE_LEAK,435.32,1387.9,127.44,539.4,1944.9,-161.0,-0.0893,166.23,1,0
2026-01-01T01:12:12Z,tube_leak,TUBE_LEAK,439.09,1391.8,128.45,540.5,1949.2,-155.4,-0.0903,167.49,1,0
2026-01-01T01:12:13Z,tube_leak,TUBE_LEAK,434.36,1390.1,129.06,537.9,1950.0,-155.8,-0.0904,167.32,1,0
2026-01-01T01:12:14Z,tube_leak,TUBE_LEAK,434.99,1393.5,128.25,539.8,1948.0,-153.5,-0.09,167.34,1,0
2026-01-01T01:12:15Z,tube_leak,TUBE_LEAK,433.32,1392.1,128.53,540.9,1945.6,-162.5,-0.091,167.98,1,0
2026-01-01T01:12:16Z,tube_leak,TUBE_LEAK,434.81,1391.7,127.27,539.8,1949.2,-155.1,-0.0905,167.75,1,0
2026-01-01T01:12:17Z,tube_leak,TUBE_LEAK,435.91,1393.9,127.67,540.9,1947.0,-163.6,-0.091,167.75,1,0
2026-01-01T01:12:18Z,tube_leak,TUBE_LEAK,434.82,1390.8,127.67,539.5,1953.7,-156.4,-0.0886,166.17,1,0
2026-01-01T01:12:19Z,tube_leak,TUBE_LEAK,434.56,1390.6,127.98,538.9,1953.8,-159.0,-0.0904,168.61,1,0
2026-01-01T01:12:20Z,tube_leak,TUBE_LEAK,434.46,1390.4,127.83,539.1,1948.8,-164.4,-0.0903,166.82,1,0
2026-01-01T01:12:21Z,tube_leak,TUBE_LEAK,433.6,1393.7,128.45,540.8,1948.8,-160.8,-0.0899,170.2,1,0
2026-01-01T01:12:22Z,tube_leak,TUBE_LEAK,439.81,1392.1,128.47,538.8,1948.3,-164.4,-0.0905,166.58,1,0
2026-01-01T01:12:23Z,tube_leak,TUBE_LEAK,435.6,1392.6,127.43,541.9,1954.8,-162.0,-0.0901,167.04,1,0
2026-01-01T01:12:24Z,tube_leak,TUBE_LEAK,437.67,1391.0,128.51,540.5,1944.4,-165.5,-0.0897,168.44,1,0
2026-01-01T01:12:25Z,tube_leak,TUBE_LEAK,433.65,1393.0,127.31,538.1,1948.2,-157.1,-0.0893,167.81,1,0
2026-01-01T01:12:26Z,tube_leak,TUBE_LEAK,430.83,1394.0,127.65,539.6,1950.8,-159.8,-0.0906,166.22,1,0
2026-01-01T01:12:27Z,tube_leak,TUBE_LEAK,434.24,1389.1,126.8,538.2,1950.9,-159.3,-0.0906,168.18,1,0
2026-01-01T01:12:28Z,tube_leak,TUBE_LEAK,433.6,1389.3,128.26,540.4,1947.6,-168.0,-0.0889,168.56,1,0
2026-01-01T01:12:29Z,tube_leak,TUBE_LEAK,437.14,1391.5,127.78,540.1,1948.2,-161.1,-0.0894,165.83,1,0
2026-01-01T01:12:30Z,tube_leak,TUBE_LEAK,435.01,1393.9,127.36,540.0,1947.7,-159.5,-0.0905,165.83,1,0
2026-01-01T01:12:31Z,tube_leak,TUBE_LEAK,434.02,1393.4,128.25,539.3,1947.7,-160.5,-0.0911,168.89,1,0
2026-01-01T01:12:32Z,tube_leak,TUBE_LEAK,432.59,1390.6,126.93,539.9,1954.3,-165.9,-0.0895,167.7,1,0
2026-01-01T01:12:33Z,tube_leak,TUBE_LEAK,432.69,1390.9,127.44,540.7,1948.9,-152.0,-0.0908,167.98,1,0
2026-01-01T01:12:34Z,tube_leak,TUBE_LEAK,433.02,1392.9,126.37,539.8,1953.3,-162.0,-0.0897,166.54,1,0
2026-01-01T01:12:35Z,tube_leak,TUBE_LEAK,436.95,1389.5,127.57,538.7,1943.7,-163.6,-0.0881,165.87,1,0
2026-01-01T01:12:36Z,tube_leak,TUBE_LEAK,432.03,1391.0,127.93,541.7,1951.0,-150.9,-0.0894,165.97,1,0
2026-01-01T01:12:37Z,tube_leak,TUBE_LEAK,433.78,1394.1,128.19,539.0,1945.0,-155.1,-0.0899,168.72,1,0
2026-01-01T01:12:38Z,tube_leak,TUBE_LEAK,436.28,1390.5,127.54,541.5,1955.2,-163.0,-0.0904,166.2,1,0
2026-01-01T01:12:39Z,tube_leak,TUBE_LEAK,437.02,1393.0,127.71,540.8,1947.0,-158.9,-0.0888,167.05,1,0
2026-01-01T01:12:40Z,tube_leak,TUBE_LEAK,432.61,1389.3,128.11,537.5,1949.0,-168.4,-0.0901,167.59,1,0
2026-01-01T01:12:41Z,tube_leak,TUBE_LEAK,438.23,1394.3,128.61,540.7,1951.7,-159.1,-0.0908,167.14,1,0
2026-01-01T01:12:42Z,tube_leak,TUBE_LEAK,435.08,1392.5,127.39,539.8,1952.0,-160.2,-0.0895,167.48,1,0
2026-01-01T01:12:43Z,tube_leak,TUBE_LEAK,439.42,1389.5,128.71,539.3,1945.2,-162.0,-0.0895,167.27,1,0
2026-01-01T01:12:44Z,tube_leak,TUBE_LEAK,435.17,1389.4,127.12,540.9,1946.9,-158.5,-0.0899,167.64,1,0
2026-01-01T01:12:45Z,tube_leak,TUBE_LEAK,433.93,1390.9,128.09,538.8,1951.7,-160.4,-0.09,167.5,1,0
2026-01-01T01:12:46Z,tube_leak,TUBE_LEAK,432.91,1390.0,127.85,539.1,1947.4,-163.7,-0.0893,165.68,1,0
2026-01-01T01:12:47Z,tube_leak,TUBE_LEAK,436.9,1389.8,127.87,540.0,1948.4,-150.8,-0.0898,168.19,1,0
2026-01-01T01:12:48Z,tube_leak,TUBE_LEAK,431.86,1394.0,129.21,540.1,1951.2,-160.1,-0.0911,168.04,1,0
2026-01-01T01:12:49Z,tube_leak,TUBE_LEAK,430.95,1391.3,128.04,541.5,1948.9,-166.0,-0.0912,167.45,1,0
2026-01-01T01:12:50Z,tube_leak,TUBE_LEAK,436.38,1392.4,128.05,540.4,1954.1,-161.8,-0.0918,168.44,1,0
2026-01-01T01:12:51Z,tube_leak,TUBE_LEAK,436.38,1393.1,127.4,540.0,1949.5,-159.6,-0.0902,167.76,1,0
2026-01-01T01:12:52Z,tube_leak,TUBE_LEAK,436.09,1392.1,127.93,540.5,1946.7,-151.9,-0.09,167.31,1,0
2026-01-01T01:12:53Z,tube_leak,TUBE_LEAK,440.5,1392.7,127.38,537.7,1951.7,-162.5,-0.0923,167.19,1,0
2026-01-01T01:12:54Z,tube_leak,TUBE_LEAK,434.87,1394.2,128.02,539.3,1947.5,-154.5,-0.09,168.49,1,0
2026-01-01T01:12:55Z,tube_leak,TUBE_LEAK,430.84,1390.4,127.92,539.8,1947.7,-161.4,-0.089,168.24,1,0
2026-01-01T01:12:56Z,tube_leak,TUBE_LEAK,437.3,1391.4,128.32,540.3,1954.7,-152.0,-0.0903,167.89,1,0
2026-01-01T01:12:57Z,tube_leak,TUBE_LEAK,433.1,1389.6,127.56,538.7,1948.1,-158.5,-0.0882,168.59,1,0
2026-01-01T01:12:58Z,tube_leak,TUBE_LEAK,434.08,1390.9,127.74,540.7,1948.8,-166.6,-0.0893,168.61,1,0
2026-01-01T01:12:59Z,tube_leak,TUBE_LEAK,436.46,1392.5,127.36,539.4,1948.5,-166.7,-0.0901,166.76,1,0
2026-01-01T01:13:00Z,tube_leak,TUBE_LEAK,435.25,1390.5,127.47,539.7,1945.9,-157.3,-0.0898,167.26,1,0
2026-01-01T01:13:01Z,tube_leak,TUBE_LEAK,431.83,1389.2,128.33,539.0,1954.7,-164.0,-0.0889,165.67,1,0
2026-01-01T01:13:02Z,tube_leak,TUBE_LEAK,435.92,1388.3,128.34,540.1,1942.6,-168.7,-0.0912,167.09,1,0
2026-01-01T01:13:03Z,tube_leak,TUBE_LEAK,434.15,1394.9,127.94,539.8,1950.4,-158.1,-0.0899,169.0,1,0
2026-01-01T01:13:04Z,tube_leak,TUBE_LEAK,433.46,1391.4,127.46,538.9,1948.4,-159.8,-0.0907,168.12,1,0
2026-01-01T01:13:05Z,tube_leak,TUBE_LEAK,429.89,1391.7,127.54,540.2,1948.4,-158.1,-0.0903,168.11,1,0
2026-01-01T01:13:06Z,tube_leak,TUBE_LEAK,435.54,1391.2,128.23,538.9,1951.8,-158.1,-0.0918,168.08,1,0
2026-01-01T01:13:07Z,tube_leak,TUBE_LEAK,431.65,1392.1,128.87,539.9,1950.3,-165.9,-0.0913,166.42,1,0
2026-01-01T01:13:08Z,tube_leak,TUBE_LEAK,435.62,1391.5,128.74,542.2,1951.4,-160.2,-0.0902,167.57,1,0
2026-01-01T01:13:09Z,tube_leak,TUBE_LEAK,430.82,1391.9,128.3,541.4,1951.9,-159.6,-0.0908,168.28,1,0
2026-01-01T01:13:10Z,tube_leak,TUBE_LEAK,431.66,1392.3,127.76,539.4,1945.2,-164.2,-0.0896,168.26,1,0
2026-01-01T01:13:11Z,tube_leak,TUBE_LEAK,435.01,1389.8,128.19,540.9,1946.0,-162.4,-0.0885,166.98,1,0
2026-01-01T01:13:12Z,tube_leak,TUBE_LEAK,438.42,1393.9,127.78,541.0,1949.1,-164.7,-0.0905,164.84,1,0
2026-01-01T01:13:13Z,tube_leak,TUBE_LEAK,433.67,1395.5,128.27,538.9,1951.4,-160.5,-0.0903,166.04,1,0
2026-01-01T01:13:14Z,tube_leak,TUBE_LEAK,438.09,1391.2,128.23,540.1,1941.6,-161.6,-0.09,167.01,1,0
2026-01-01T01:13:15Z,tube_leak,TUBE_LEAK,438.11,1394.1,127.63,540.1,1949.5,-150.1,-0.089,167.98,1,0
2026-01-01T01:13:16Z,tube_leak,TUBE_LEAK,434.4,1394.0,128.72,539.9,1951.7,-158.1,-0.088,165.21,1,0
2026-01-01T01:13:17Z,tube_leak,TUBE_LEAK,438.42,1392.2,128.24,541.6,1954.7,-160.5,-0.0898,168.53,1,0
2026-01-01T01:13:18Z,tube_leak,TUBE_LEAK,434.54,1390.8,127.41,540.1,1946.8,-158.4,-0.0912,166.3,1,0
2026-01-01T01:13:19Z,tube_leak,TUBE_LEAK,436.97,1390.9,127.63,538.2,1949.5,-166.5,-0.0899,168.87,1,0
2026-01-01T01:13:20Z,tube_leak,TUBE_LEAK,436.03,1391.3,128.07,538.9,1947.4,-156.3,-0.0893,166.86,1,0
2026-01-01T01:13:21Z,tube_leak,TUBE_LEAK,431.98,1392.5,128.26,539.8,1950.1,-154.1,-0.0897,166.87,1,0
2026-01-01T01:13:22Z,tube_leak,TUBE_LEAK,436.0,1393.4,127.55,538.2,1949.6,-158.3,-0.0891,168.25,1,0
2026-01-01T01:13:23Z,tube_leak,TUBE_LEAK,432.97,1389.0,127.83,538.5,1951.3,-162.6,-0.0877,166.48,1,0
2026-01-01T01:13:24Z,tube_leak,TUBE_LEAK,434.98,1394.1,128.42,537.7,1953.0,-160.1,-0.0885,167.71,1,0
2026-01-01T01:13:25Z,tube_leak,TUBE_LEAK,430.55,1397.3,127.17,540.3,1948.9,-167.7,-0.0904,167.71,1,0
2026-01-01T01:13:26Z,tube_leak,TUBE_LEAK,436.62,1391.9,128.49,541.0,1950.5,-154.1,-0.0903,169.16,1,0
2026-01-01T01:13:27Z,tube_leak,TUBE_LEAK,434.64,1390.8,128.35,539.8,1944.2,-160.5,-0.0889,166.21,1,0
2026-01-01T01:13:28Z,tube_leak,TUBE_LEAK,435.98,1391.0,128.04,541.3,1949.7,-161.7,-0.0908,167.47,1,0
2026-01-01T01:13:29Z,tube_leak,TUBE_LEAK,434.38,1392.5,127.71,539.9,1945.2,-161.5,-0.0893,167.13,1,0
2026-01-01T01:13:30Z,tube_leak,TUBE_LEAK,434.98,1392.2,128.36,539.4,1949.1,-156.7,-0.089,166.87,1,0
2026-01-01T01:13:31Z,tube_leak,TUBE_LEAK,433.52,1392.5,127.5,538.2,1957.4,-159.2,-0.0915,166.67,1,0
2026-01-01T01:13:32Z,tube_leak,TUBE_LEAK,437.25,1391.4,128.76,541.1,1944.1,-160.2,-0.0902,167.11,1,0
2026-01-01T01:13:33Z,tube_leak,TUBE_LEAK,437.46,1394.6,127.59,540.9,1950.5,-154.5,-0.0893,167.0,1,0
2026-01-01T01:13:34Z,tube_leak,TUBE_LEAK,434.08,1394.7,127.85,540.9,1947.4,-165.6,-0.0891,166.59,1,0
2026-01-01T01:13:35Z,tube_leak,TUBE_LEAK,435.8,1394.5,128.37,539.0,1950.6,-153.9,-0.0905,166.8,1,0
2026-01-01T01:13:36Z,tube_leak,TUBE_LEAK,430.01,1392.8,128.08,540.7,1947.0,-157.7,-0.0895,166.81,1,0
2026-01-01T01:13:37Z,tube_leak,TUBE_LEAK,437.72,1392.6,127.95,537.4,1951.8,-153.0,-0.0899,168.15,1,0
2026-01-01T01:13:38Z,tube_leak,TUBE_LEAK,436.67,1390.9,128.89,540.6,1947.5,-149.8,-0.0913,167.48,1,0
2026-01-01T01:13:39Z,tube_leak,TUBE_LEAK,433.2,1390.4,128.38,540.0,1947.6,-162.9,-0.0897,167.47,1,0
2026-01-01T01:13:40Z,tube_leak,TUBE_LEAK,435.83,1391.8,128.22,539.9,1944.4,-155.5,-0.0926,168.68,1,0
2026-01-01T01:13:41Z,tube_leak,TUBE_LEAK,438.0,1391.6,127.72,540.7,1953.3,-156.3,-0.0909,167.29,1,0
2026-01-01T01:13:42Z,tube_leak,TUBE_LEAK,430.72,1389.0,128.27,539.8,1951.0,-162.9,-0.09,167.01,1,0
2026-01-01T01:13:43Z,tube_leak,TUBE_LEAK,437.16,1392.0,127.88,540.1,1948.2,-168.6,-0.09,165.83,1,0
2026-01-01T01:13:44Z,tube_leak,TUBE_LEAK,435.4,1390.8,127.96,540.1,1948.3,-159.5,-0.0894,167.95,1,0
2026-01-01T01:13:45Z,tube_leak,TUBE_LEAK,434.11,1390.9,128.33,538.8,1952.8,-164.3,-0.0896,167.14,1,0
2026-01-01T01:13:46Z,tube_leak,TUBE_LEAK,434.63,1392.7,128.49,540.1,1945.0,-159.7,-0.0905,168.5,1,0
2026-01-01T01:13:47Z,tube_leak,TUBE_LEAK,439.39,1390.3,128.12,540.3,1945.2,-151.7,-0.0893,167.05,1,0
2026-01-01T01:13:48Z,tube_leak,TUBE_LEAK,438.44,1389.9,127.59,539.6,1948.5,-169.7,-0.0896,167.51,1,0
2026-01-01T01:13:49Z,tube_leak,TUBE_LEAK,440.18,1393.9,127.68,538.5,1946.6,-163.2,-0.0893,168.76,1,0
2026-01-01T01:13:50Z,tube_leak,TUBE_LEAK,437.27,1392.3,128.11,539.9,1945.9,-157.6,-0.09,168.39,1,0
2026-01-01T01:13:51Z,tube_leak,TUBE_LEAK,438.31,1390.8,128.1,538.8,1951.7,-157.3,-0.0899,166.54,1,0
2026-01-01T01:13:52Z,tube_leak,TUBE_LEAK,434.92,1391.3,127.17,539.3,1947.1,-161.0,-0.09,166.16,1,0
2026-01-01T01:13:53Z,tube_leak,TUBE_LEAK,437.57,1395.1,128.54,542.3,1949.7,-161.1,-0.0899,166.86,1,0
2026-01-01T01:13:54Z,tube_leak,TUBE_LEAK,430.05,1391.8,127.88,539.5,1952.2,-168.4,-0.0905,167.33,1,0
2026-01-01T01:13:55Z,tube_leak,TUBE_LEAK,436.04,1390.1,127.59,540.4,1951.4,-158.7,-0.0885,168.05,1,0
2026-01-01T01:13:56Z,tube_leak,TUBE_LEAK,436.35,1391.9,128.0,538.6,1949.3,-153.3,-0.0899,168.23,1,0
2026-01-01T01:13:57Z,tube_leak,TUBE_LEAK,439.06,1391.3,127.45,541.2,1949.9,-156.7,-0.0905,167.82,1,0
2026-01-01T01:13:58Z,tube_leak,TUBE_LEAK,438.16,1391.6,127.59,540.0,1955.1,-156.8,-0.0875,166.64,1,0
2026-01-01T01:13:59Z,tube_leak,TUBE_LEAK,436.53,1390.1,127.7,540.5,1945.5,-163.8,-0.0891,168.81,1,0
2026-01-01T01:14:00Z,tube_leak,TUBE_LEAK,435.19,1388.7,128.35,540.1,1951.8,-159.2,-0.09,167.92,1,0
2026-01-01T01:14:01Z,tube_leak,TUBE_LEAK,431.58,1391.0,128.32,538.8,1951.3,-158.7,-0.0873,167.82,1,0
2026-01-01T01:14:02Z,tube_leak,TUBE_LEAK,435.05,1390.4,127.53,538.3,1947.4,-163.8,-0.0891,167.63,1,0
2026-01-01T01:14:03Z,tube_leak,TUBE_LEAK,429.85,1390.5,127.7,540.1,1949.7,-159.4,-0.09,168.25,1,0
2026-01-01T01:14:04Z,tube_leak,TUBE_LEAK,433.37,1391.4,128.15,540.2,1953.8,-151.6,-0.0899,167.36,1,0
2026-01-01T01:14:05Z,tube_leak,TUBE_LEAK,435.59,1393.5,127.41,540.9,1946.4,-160.1,-0.089,167.15,1,0
2026-01-01T01:14:06Z,tube_leak,TUBE_LEAK,433.68,1389.9,128.11,540.8,1948.3,-155.2,-0.0901,167.54,1,0
2026-01-01T01:14:07Z,tube_leak,TUBE_LEAK,436.65,1393.5,127.89,538.3,1952.0,-167.2,-0.09,168.04,1,0
2026-01-01T01:14:08Z,tube_leak,TUBE_LEAK,432.08,1391.1,128.21,541.1,1949.8,-153.1,-0.0912,169.03,1,0
2026-01-01T01:14:09Z,tube_leak,TUBE_LEAK,435.95,1389.1,127.65,539.6,1947.4,-153.8,-0.0899,166.98,1,0
2026-01-01T01:14:10Z,tube_leak,TUBE_LEAK,437.49,1392.2,128.07,539.1,1951.7,-160.8,-0.0904,166.49,1,0
2026-01-01T01:14:11Z,tube_leak,TUBE_LEAK,429.37,1390.2,128.32,539.7,1948.6,-165.3,-0.091,168.19,1,0
2026-01-01T01:14:12Z,tube_leak,TUBE_LEAK,433.62,1392.3,128.32,538.9,1948.8,-156.3,-0.0906,168.0,1,0
2026-01-01T01:14:13Z,tube_leak,TUBE_LEAK,431.04,1389.4,127.16,539.8,1949.2,-156.6,-0.092,165.53,1,0
2026-01-01T01:14:14Z,tube_leak,TUBE_LEAK,435.15,1393.9,127.94,537.9,1945.9,-156.3,-0.0909,167.26,1,0
2026-01-01T01:14:15Z,tube_leak,TUBE_LEAK,436.91,1395.3,128.53,538.2,1947.3,-150.3,-0.0894,167.9,1,0
2026-01-01T01:14:16Z,tube_leak,TUBE_LEAK,436.06,1389.8,127.9,538.9,1946.5,-152.9,-0.0894,169.4,1,0
2026-01-01T01:14:17Z,tube_leak,TUBE_LEAK,432.35,1392.7,127.89,541.3,1945.9,-164.4,-0.0911,168.09,1,0
2026-01-01T01:14:18Z,tube_leak,TUBE_LEAK,433.1,1390.9,128.36,537.4,1947.0,-155.1,-0.0913,167.89,1,0
2026-01-01T01:14:19Z,tube_leak,TUBE_LEAK,439.78,1394.6,127.55,538.5,1948.8,-155.4,-0.0894,169.52,1,0
2026-01-01T01:14:20Z,tube_leak,TUBE_LEAK,430.3,1391.0,127.01,538.9,1943.9,-161.0,-0.0901,167.94,1,0
2026-01-01T01:14:21Z,tube_leak,TUBE_LEAK,432.02,1387.4,127.73,541.3,1948.4,-156.6,-0.0916,167.73,1,0
2026-01-01T01:14:22Z,tube_leak,TUBE_LEAK,435.62,1392.8,127.71,538.7,1944.4,-160.3,-0.0895,166.05,1,0
2026-01-01T01:14:23Z,tube_leak,TUBE_LEAK,429.96,1394.1,127.58,539.5,1946.9,-160.1,-0.0907,167.93,1,0
2026-01-01T01:14:24Z,tube_leak,TUBE_LEAK,435.58,1392.2,127.56,539.8,1955.5,-160.2,-0.092,168.6,1,0
2026-01-01T01:14:25Z,tube_leak,TUBE_LEAK,436.08,1392.7,127.73,541.0,1951.8,-152.0,-0.0905,167.29,1,0
2026-01-01T01:14:26Z,tube_leak,TUBE_LEAK,435.61,1388.2,128.29,541.0,1944.8,-162.7,-0.0909,167.27,1,0
2026-01-01T01:14:27Z,tube_leak,TUBE_LEAK,433.85,1390.8,128.63,539.6,1946.6,-163.6,-0.0905,166.84,1,0
2026-01-01T01:14:28Z,tube_leak,TUBE_LEAK,434.55,1390.2,128.87,540.0,1950.2,-162.3,-0.0901,167.13,1,0
2026-01-01T01:14:29Z,tube_leak,TUBE_LEAK,435.48,1390.7,128.27,539.6,1946.0,-160.9,-0.091,168.14,1,0
2026-01-01T01:14:30Z,tube_leak,TUBE_LEAK,433.72,1392.0,128.01,538.1,1948.6,-152.1,-0.0895,166.82,1,0
2026-01-01T01:14:31Z,tube_leak,TUBE_LEAK,434.92,1392.2,127.99,539.2,1949.4,-164.7,-0.0893,167.68,1,0
2026-01-01T01:14:32Z,tube_leak,TUBE_LEAK,435.83,1391.2,127.94,539.1,1949.3,-165.4,-0.0888,167.42,1,0
2026-01-01T01:14:33Z,tube_leak,TUBE_LEAK,432.37,1390.8,128.43,541.4,1942.4,-160.2,-0.09,166.62,1,0
2026-01-01T01:14:34Z,tube_leak,TUBE_LEAK,433.37,1392.4,127.82,543.2,1947.9,-166.4,-0.09,166.91,1,0
2026-01-01T01:14:35Z,tube_leak,TUBE_LEAK,435.81,1391.3,128.68,538.2,1946.8,-159.6,-0.0912,168.22,1,0
2026-01-01T01:14:36Z,tube_leak,TUBE_LEAK,440.55,1387.7,126.88,540.8,1943.1,-160.5,-0.0892,166.14,1,0
2026-01-01T01:14:37Z,tube_leak,TUBE_LEAK,441.09,1390.1,128.03,541.5,1954.4,-165.9,-0.0895,166.73,1,0
2026-01-01T01:14:38Z,tube_leak,TUBE_LEAK,439.08,1391.5,128.45,541.1,1944.3,-164.8,-0.0904,166.38,1,0
2026-01-01T01:14:39Z,tube_leak,TUBE_LEAK,436.61,1393.2,127.99,539.9,1946.5,-164.3,-0.0886,166.8,1,0
2026-01-01T01:14:40Z,tube_leak,TUBE_LEAK,434.71,1397.1,128.27,540.8,1949.0,-161.5,-0.0884,168.95,1,0
2026-01-01T01:14:41Z,tube_leak,TUBE_LEAK,432.89,1393.1,127.53,540.0,1936.9,-157.5,-0.0928,168.64,1,0
2026-01-01T01:14:42Z,tube_leak,TUBE_LEAK,437.41,1390.2,127.79,538.5,1951.3,-156.8,-0.09,166.59,1,0
2026-01-01T01:14:43Z,tube_leak,TUBE_LEAK,431.23,1393.9,127.44,543.8,1945.0,-158.3,-0.0902,167.34,1,0
2026-01-01T01:14:44Z,tube_leak,TUBE_LEAK,434.18,1394.3,127.6,539.2,1948.2,-165.5,-0.0887,168.98,1,0
2026-01-01T01:14:45Z,tube_leak,TUBE_LEAK,436.55,1390.2,128.29,540.7,1948.8,-158.1,-0.092,165.1,1,0
2026-01-01T01:14:46Z,tube_leak,TUBE_LEAK,433.05,1391.2,127.81,541.0,1950.0,-161.7,-0.0916,168.39,1,0
2026-01-01T01:14:47Z,tube_leak,TUBE_LEAK,432.91,1393.5,128.23,539.6,1946.2,-166.2,-0.0902,167.56,1,0
2026-01-01T01:14:48Z,tube_leak,TUBE_LEAK,434.59,1391.1,127.81,538.5,1954.2,-158.1,-0.0903,167.7,1,0
2026-01-01T01:14:49Z,tube_leak,TUBE_LEAK,434.82,1395.1,128.39,539.2,1950.1,-158.5,-0.0896,166.04,1,0
2026-01-01T01:14:50Z,tube_leak,TUBE_LEAK,436.58,1389.1,127.6,540.7,1951.2,-160.8,-0.0893,167.49,1,0
2026-01-01T01:14:51Z,tube_leak,TUBE_LEAK,433.67,1390.8,127.49,539.0,1947.7,-164.8,-0.0906,167.19,1,0
2026-01-01T01:14:52Z,tube_leak,TUBE_LEAK,435.25,1393.2,128.81,539.7,1951.7,-162.9,-0.0905,166.65,1,0
2026-01-01T01:14:53Z,tube_leak,TUBE_LEAK,436.42,1391.1,128.12,539.9,1947.7,-156.9,-0.0893,168.12,1,0
2026-01-01T01:14:54Z,tube_leak,TUBE_LEAK,436.71,1388.3,128.05,537.8,1946.5,-161.5,-0.0905,168.31,1,0
2026-01-01T01:14:55Z,tube_leak,TUBE_LEAK,433.17,1392.9,128.07,540.0,1948.4,-167.4,-0.0899,167.46,1,0
2026-01-01T01:14:56Z,tube_leak,TUBE_LEAK,436.42,1391.7,128.13,539.9,1946.0,-156.5,-0.0898,166.69,1,0
2026-01-01T01:14:57Z,tube_leak,TUBE_LEAK,436.14,1392.9,128.6,539.4,1952.9,-171.2,-0.091,167.17,1,0
2026-01-01T01:14:58Z,tube_leak,TUBE_LEAK,437.7,1396.1,127.38,539.5,1950.4,-162.7,-0.0902,167.59,1,0
2026-01-01T01:14:59Z,tube_leak,TUBE_LEAK,433.65,1390.6,127.73,540.8,1943.8,-159.1,-0.0914,166.6,1,0
2026-01-01T01:15:00Z,tube_leak,TUBE_LEAK,434.19,1390.2,128.22,539.5,1950.4,-162.6,-0.0902,167.8,1,0
2026-01-01T01:15:01Z,tube_leak,TUBE_LEAK,437.73,1391.7,128.27,541.6,1948.8,-149.9,-0.0902,167.44,1,0
2026-01-01T01:15:02Z,tube_leak,TUBE_LEAK,442.27,1394.6,127.74,540.3,1949.6,-156.3,-0.0899,166.47,1,0
2026-01-01T01:15:03Z,tube_leak,TUBE_LEAK,434.59,1391.3,128.46,541.2,1953.2,-164.3,-0.09,169.3,1,0
2026-01-01T01:15:04Z,tube_leak,TUBE_LEAK,437.61,1394.2,127.92,542.0,1944.1,-157.4,-0.0928,167.3,1,0
2026-01-01T01:15:05Z,tube_leak,TUBE_LEAK,436.98,1392.0,127.89,539.4,1948.6,-161.9,-0.0907,167.19,1,0
2026-01-01T01:15:06Z,tube_leak,TUBE_LEAK,435.49,1389.5,128.53,539.0,1948.9,-151.5,-0.0888,167.07,1,0
2026-01-01T01:15:07Z,tube_leak,TUBE_LEAK,435.45,1388.0,127.88,538.4,1950.0,-158.2,-0.0904,167.75,1,0
2026-01-01T01:15:08Z,tube_leak,TUBE_LEAK,435.09,1389.3,128.08,540.0,1950.4,-163.5,-0.0913,167.13,1,0
2026-01-01T01:15:09Z,tube_leak,TUBE_LEAK,436.56,1390.7,127.15,537.5,1950.3,-159.3,-0.0893,167.55,1,0
2026-01-01T01:15:10Z,tube_leak,TUBE_LEAK,434.87,1391.6,128.63,540.0,1948.5,-167.7,-0.0893,166.91,1,0
2026-01-01T01:15:11Z,tube_leak,TUBE_LEAK,438.91,1391.6,127.61,541.2,1948.0,-167.2,-0.0895,166.23,1,0
2026-01-01T01:15:12Z,tube_leak,TUBE_LEAK,436.55,1392.3,128.29,540.5,1951.6,-157.9,-0.0907,167.91,1,0
2026-01-01T01:15:13Z,tube_leak,TUBE_LEAK,436.34,1392.1,127.81,539.6,1951.2,-161.1,-0.091,167.94,1,0
2026-01-01T01:15:14Z,tube_leak,TUBE_LEAK,433.29,1392.7,127.72,540.0,1946.9,-167.4,-0.0918,166.67,1,0
2026-01-01T01:15:15Z,tube_leak,TUBE_LEAK,433.83,1392.7,127.12,540.5,1944.8,-166.5,-0.0898,166.71,1,0
2026-01-01T01:15:16Z,tube_leak,TUBE_LEAK,438.27,1390.1,127.21,538.9,1944.2,-153.6,-0.0896,168.08,1,0
2026-01-01T01:15:17Z,tube_leak,TUBE_LEAK,439.23,1393.8,127.99,539.0,1951.5,-160.9,-0.0904,165.5,1,0
2026-01-01T01:15:18Z,tube_leak,TUBE_LEAK,435.14,1390.0,127.01,540.1,1947.5,-160.2,-0.0872,167.87,1,0
2026-01-01T01:15:19Z,tube_leak,TUBE_LEAK,431.53,1389.3,127.62,542.2,1944.3,-163.6,-0.0901,167.92,1,0
2026-01-01T01:15:20Z,tube_leak,TUBE_LEAK,434.91,1392.6,127.23,541.3,1947.8,-166.2,-0.0908,169.07,1,0
2026-01-01T01:15:21Z,tube_leak,TUBE_LEAK,435.89,1392.8,128.08,541.1,1950.2,-156.8,-0.0904,164.67,1,0
2026-01-01T01:15:22Z,tube_leak,TUBE_LEAK,437.14,1391.0,128.27,540.4,1950.5,-158.0,-0.0894,166.77,1,0
2026-01-01T01:15:23Z,tube_leak,TUBE_LEAK,437.32,1389.1,127.56,540.1,1946.0,-156.4,-0.0891,167.55,1,0
2026-01-01T01:15:24Z,tube_leak,TUBE_LEAK,431.72,1391.9,127.51,542.4,1945.9,-160.5,-0.0915,165.78,1,0
2026-01-01T01:15:25Z,tube_leak,TUBE_LEAK,437.02,1389.5,127.39,540.2,1942.5,-164.5,-0.0896,167.91,1,0
2026-01-01T01:15:26Z,tube_leak,TUBE_LEAK,432.76,1392.8,127.76,540.4,1944.2,-151.9,-0.0905,167.76,1,0
2026-01-01T01:15:27Z,tube_leak,TUBE_LEAK,431.31,1392.8,128.33,540.8,1949.3,-151.0,-0.0907,167.61,1,0
2026-01-01T01:15:28Z,tube_leak,TUBE_LEAK,434.92,1394.5,127.48,539.1,1948.8,-164.6,-0.0916,170.05,1,0
2026-01-01T01:15:29Z,tube_leak,TUBE_LEAK,437.36,1388.8,128.02,539.7,1953.1,-164.9,-0.0892,165.74,1,0
2026-01-01T01:15:30Z,tube_leak,TUBE_LEAK,435.37,1391.8,128.38,539.1,1948.5,-161.0,-0.0894,168.09,1,0
2026-01-01T01:15:31Z,tube_leak,TUBE_LEAK,435.32,1391.7,127.99,538.5,1946.7,-161.7,-0.0898,168.41,1,0
2026-01-01T01:15:32Z,tube_leak,TUBE_LEAK,435.25,1392.9,128.52,539.0,1947.4,-166.6,-0.0893,167.61,1,0
2026-01-01T01:15:33Z,tube_leak,TUBE_LEAK,438.88,1391.0,128.44,540.9,1951.4,-167.1,-0.0881,167.06,1,0
2026-01-01T01:15:34Z,tube_leak,TUBE_LEAK,431.59,1388.8,127.49,540.5,1948.7,-165.6,-0.0903,167.05,1,0
2026-01-01T01:15:35Z,tube_leak,TUBE_LEAK,440.42,1393.5,128.89,541.0,1947.7,-153.9,-0.0908,167.43,1,0
2026-01-01T01:15:36Z,tube_leak,TUBE_LEAK,431.87,1392.5,127.3,541.1,1946.8,-164.2,-0.0904,165.77,1,0
2026-01-01T01:15:37Z,tube_leak,TUBE_LEAK,435.07,1389.1,128.44,542.2,1950.3,-161.1,-0.0906,168.67,1,0
2026-01-01T01:15:38Z,tube_leak,TUBE_LEAK,436.23,1391.6,127.96,540.9,1949.1,-165.7,-0.0899,166.38,1,0
2026-01-01T01:15:39Z,tube_leak,TUBE_LEAK,434.96,1394.2,127.84,540.5,1953.0,-154.4,-0.0909,167.33,1,0
2026-01-01T01:15:40Z,tube_leak,TUBE_LEAK,439.88,1394.6,127.91,540.8,1951.0,-160.1,-0.0909,168.33,1,0
2026-01-01T01:15:41Z,tube_leak,TUBE_LEAK,432.82,1391.0,128.06,538.8,1951.8,-168.8,-0.0892,169.04,1,0
2026-01-01T01:15:42Z,tube_leak,TUBE_LEAK,435.23,1388.4,127.9,540.9,1947.1,-167.1,-0.0911,166.8,1,0
2026-01-01T01:15:43Z,tube_leak,TUBE_LEAK,433.0,1393.7,127.55,539.4,1942.7,-158.4,-0.0922,166.34,1,0
2026-01-01T01:15:44Z,tube_leak,TUBE_LEAK,436.81,1389.3,128.2,540.8,1951.7,-154.8,-0.0884,169.66,1,0
2026-01-01T01:15:45Z,tube_leak,TUBE_LEAK,433.95,1393.9,128.47,538.7,1947.8,-165.4,-0.089,167.16,1,0
2026-01-01T01:15:46Z,tube_leak,TUBE_LEAK,438.59,1391.8,127.12,539.7,1943.8,-161.1,-0.0911,167.36,1,0
2026-01-01T01:15:47Z,tube_leak,TUBE_LEAK,434.16,1388.8,128.31,540.3,1945.1,-163.1,-0.0904,168.85,1,0
2026-01-01T01:15:48Z,tube_leak,TUBE_LEAK,438.29,1391.6,127.95,539.6,1948.2,-164.4,-0.0907,167.75,1,0
2026-01-01T01:15:49Z,tube_leak,TUBE_LEAK,430.71,1388.2,128.66,540.4,1945.4,-158.6,-0.0905,167.24,1,0
2026-01-01T01:15:50Z,tube_leak,TUBE_LEAK,433.65,1389.9,128.1,539.0,1950.0,-163.6,-0.0877,166.88,1,0
2026-01-01T01:15:51Z,tube_leak,TUBE_LEAK,437.71,1389.9,127.29,539.3,1944.8,-162.4,-0.0893,165.82,1,0
2026-01-01T01:15:52Z,tube_leak,TUBE_LEAK,438.13,1392.3,127.93,539.8,1953.7,-158.4,-0.0892,169.13,1,0
2026-01-01T01:15:53Z,tube_leak,TUBE_LEAK,433.34,1389.7,127.65,540.5,1947.6,-156.0,-0.0904,168.12,1,0
2026-01-01T01:15:54Z,tube_leak,TUBE_LEAK,431.36,1390.3,128.75,540.4,1944.8,-157.6,-0.0893,164.48,1,0
2026-01-01T01:15:55Z,tube_leak,TUBE_LEAK,437.98,1392.2,128.39,540.0,1952.2,-162.2,-0.0906,167.54,1,0
2026-01-01T01:15:56Z,tube_leak,TUBE_LEAK,435.86,1393.0,128.67,538.3,1946.6,-146.8,-0.0909,165.12,1,0
2026-01-01T01:15:57Z,tube_leak,TUBE_LEAK,431.54,1393.4,128.29,540.6,1943.0,-161.0,-0.0891,167.19,1,0
2026-01-01T01:15:58Z,tube_leak,TUBE_LEAK,431.8,1392.7,128.25,540.7,1949.7,-156.8,-0.0894,167.11,1,0
2026-01-01T01:15:59Z,tube_leak,TUBE_LEAK,437.09,1391.4,128.52,539.6,1946.8,-166.7,-0.0907,167.48,1,0
2026-01-01T01:16:00Z,tube_leak,TUBE_LEAK,438.61,1390.0,128.61,541.3,1949.2,-166.1,-0.0903,167.51,1,0
2026-01-01T01:16:01Z,tube_leak,TUBE_LEAK,434.83,1391.8,127.83,538.7,1946.9,-162.2,-0.0911,167.69,1,0
2026-01-01T01:16:02Z,tube_leak,TUBE_LEAK,432.39,1389.8,128.25,541.1,1951.8,-161.4,-0.0871,166.35,1,0
2026-01-01T01:16:03Z,tube_leak,TUBE_LEAK,432.64,1390.7,127.96,541.0,1955.2,-169.1,-0.0909,166.76,1,0
2026-01-01T01:16:04Z,tube_leak,TUBE_LEAK,433.61,1390.0,128.29,537.9,1948.8,-165.5,-0.09,166.86,1,0
2026-01-01T01:16:05Z,tube_leak,TUBE_LEAK,435.27,1390.1,127.35,540.7,1949.1,-144.9,-0.0895,167.65,1,0
2026-01-01T01:16:06Z,tube_leak,TUBE_LEAK,435.11,1390.0,129.11,539.8,1947.6,-158.0,-0.0908,168.41,1,0
2026-01-01T01:16:07Z,tube_leak,TUBE_LEAK,434.27,1387.8,127.56,540.1,1956.7,-159.1,-0.0899,165.82,1,0
2026-01-01T01:16:08Z,tube_leak,TUBE_LEAK,434.18,1390.9,127.73,538.7,1947.8,-154.7,-0.0918,169.07,1,0
2026-01-01T01:16:09Z,tube_leak,TUBE_LEAK,431.76,1393.5,128.3,539.8,1947.1,-157.3,-0.0906,165.81,1,0
2026-01-01T01:16:10Z,tube_leak,TUBE_LEAK,435.72,1394.0,128.22,539.8,1947.1,-161.4,-0.089,167.22,1,0
2026-01-01T01:16:11Z,tube_leak,TUBE_LEAK,433.34,1393.0,128.17,542.0,1951.4,-159.0,-0.0913,166.09,1,0
2026-01-01T01:16:12Z,tube_leak,TUBE_LEAK,428.9,1395.9,128.02,540.2,1947.6,-162.7,-0.0886,169.28,1,0
2026-01-01T01:16:13Z,tube_leak,TUBE_LEAK,435.22,1391.4,127.79,539.1,1952.2,-157.9,-0.0882,165.59,1,0
2026-01-01T01:16:14Z,tube_leak,TUBE_LEAK,436.78,1388.4,128.4,540.3,1950.0,-161.3,-0.0896,168.87,1,0
2026-01-01T01:16:15Z,tube_leak,TUBE_LEAK,435.5,1387.8,128.39,542.2,1948.2,-168.2,-0.0886,167.42,1,0
2026-01-01T01:16:16Z,tube_leak,TUBE_LEAK,433.11,1390.8,128.6,541.9,1952.7,-165.6,-0.0911,166.73,1,0
2026-01-01T01:16:17Z,tube_leak,TUBE_LEAK,432.41,1391.4,127.83,540.1,1946.5,-155.4,-0.0915,166.6,1,0
2026-01-01T01:16:18Z,tube_leak,TUBE_LEAK,427.81,1392.9,127.61,537.9,1945.0,-154.3,-0.0892,167.1,1,0
2026-01-01T01:16:19Z,tube_leak,TUBE_LEAK,434.54,1390.8,128.25,539.0,1950.3,-159.2,-0.09,169.2,1,0
2026-01-01T01:16:20Z,tube_leak,TUBE_LEAK,435.79,1390.8,128.41,540.9,1950.7,-151.4,-0.0905,167.75,1,0
2026-01-01T01:16:21Z,tube_leak,TUBE_LEAK,435.01,1395.4,128.23,539.3,1946.6,-155.6,-0.0906,165.93,1,0
2026-01-01T01:16:22Z,tube_leak,TUBE_LEAK,438.05,1391.9,128.33,541.2,1945.4,-154.3,-0.0906,168.3,1,0
2026-01-01T01:16:23Z,tube_leak,TUBE_LEAK,437.3,1393.1,128.47,539.9,1947.2,-161.0,-0.0898,168.42,1,0
2026-01-01T01:16:24Z,tube_leak,TUBE_LEAK,437.84,1389.9,127.74,541.0,1957.6,-157.6,-0.0901,167.52,1,0
2026-01-01T01:16:25Z,tube_leak,TUBE_LEAK,432.87,1389.0,127.03,539.4,1951.8,-149.7,-0.0897,166.58,1,0
2026-01-01T01:16:26Z,tube_leak,TUBE_LEAK,438.04,1395.1,127.42,539.8,1944.3,-152.5,-0.0913,169.23,1,0
2026-01-01T01:16:27Z,tube_leak,TUBE_LEAK,433.75,1390.6,128.48,539.6,1945.8,-168.4,-0.091,167.48,1,0
2026-01-01T01:16:28Z,tube_leak,TUBE_LEAK,434.01,1390.4,127.73,540.2,1947.4,-160.3,-0.0874,167.63,1,0
2026-01-01T01:16:29Z,tube_leak,TUBE_LEAK,441.1,1392.0,127.98,539.7,1942.1,-163.4,-0.091,167.6,1,0
2026-01-01T01:16:30Z,tube_leak,TUBE_LEAK,432.83,1396.3,127.93,540.2,1947.2,-165.6,-0.0905,166.76,1,0
2026-01-01T01:16:31Z,tube_leak,TUBE_LEAK,435.14,1392.0,128.53,539.3,1947.5,-164.7,-0.0915,166.47,1,0
2026-01-01T01:16:32Z,tube_leak,TUBE_LEAK,434.82,1394.3,128.3,540.3,1943.7,-161.7,-0.091,167.16,1,0
2026-01-01T01:16:33Z,tube_leak,TUBE_LEAK,435.85,1393.8,127.67,539.3,1945.4,-149.7,-0.0898,169.31,1,0
2026-01-01T01:16:34Z,tube_leak,TUBE_LEAK,431.14,1393.2,127.7,540.4,1952.6,-161.9,-0.0896,167.03,1,0
2026-01-01T01:16:35Z,tube_leak,TUBE_LEAK,437.54,1389.7,128.27,539.7,1953.9,-152.5,-0.0904,168.0,1,0
2026-01-01T01:16:36Z,tube_leak,TUBE_LEAK,433.31,1392.1,128.44,539.2,1948.2,-155.8,-0.0903,168.01,1,0
2026-01-01T01:16:37Z,tube_leak,TUBE_LEAK,434.73,1391.8,128.04,540.0,1943.9,-158.6,-0.0889,167.66,1,0
2026-01-01T01:16:38Z,tube_leak,TUBE_LEAK,437.71,1390.6,128.1,540.3,1946.3,-154.8,-0.0926,168.31,1,0
2026-01-01T01:16:39Z,tube_leak,TUBE_LEAK,434.62,1392.2,127.19,539.7,1948.2,-157.7,-0.091,167.1,1,0
2026-01-01T01:16:40Z,tube_leak,TUBE_LEAK,432.96,1397.2,128.06,541.1,1949.7,-154.8,-0.0909,167.31,1,0
2026-01-01T01:16:41Z,tube_leak,TUBE_LEAK,432.99,1392.5,127.99,538.5,1946.3,-154.0,-0.0903,167.85,1,0
2026-01-01T01:16:42Z,tube_leak,TUBE_LEAK,437.68,1393.8,126.77,539.4,1948.3,-151.2,-0.0908,166.89,1,0
2026-01-01T01:16:43Z,tube_leak,TUBE_LEAK,436.63,1391.3,127.71,539.8,1945.4,-159.2,-0.0907,167.55,1,0
2026-01-01T01:16:44Z,tube_leak,TUBE_LEAK,434.35,1391.4,128.07,540.8,1946.0,-158.7,-0.0897,167.25,1,0
2026-01-01T01:16:45Z,tube_leak,TUBE_LEAK,437.17,1389.8,128.75,539.3,1950.5,-164.9,-0.0909,168.43,1,0
2026-01-01T01:16:46Z,tube_leak,TUBE_LEAK,432.63,1388.6,128.15,541.6,1949.1,-161.3,-0.0896,165.27,1,0
2026-01-01T01:16:47Z,tube_leak,TUBE_LEAK,434.82,1392.3,127.81,541.6,1946.1,-158.1,-0.0908,167.22,1,0
2026-01-01T01:16:48Z,tube_leak,TUBE_LEAK,433.58,1394.3,127.64,539.6,1951.0,-161.9,-0.089,168.51,1,0
2026-01-01T01:16:49Z,tube_leak,TUBE_LEAK,435.8,1391.3,128.45,541.0,1948.9,-149.6,-0.0874,168.42,1,0
2026-01-01T01:16:50Z,tube_leak,TUBE_LEAK,433.47,1392.8,127.39,541.3,1950.9,-163.4,-0.0892,167.18,1,0
2026-01-01T01:16:51Z,tube_leak,TUBE_LEAK,437.76,1390.5,127.37,539.7,1950.5,-160.0,-0.0894,168.91,1,0
2026-01-01T01:16:52Z,tube_leak,TUBE_LEAK,430.38,1389.5,127.37,539.8,1949.0,-164.4,-0.0914,167.74,1,0
2026-01-01T01:16:53Z,tube_leak,TUBE_LEAK,430.89,1390.9,128.33,537.2,1941.9,-157.4,-0.09,168.81,1,0
2026-01-01T01:16:54Z,tube_leak,TUBE_LEAK,433.27,1392.3,127.62,539.1,1948.9,-154.6,-0.0902,167.63,1,0
2026-01-01T01:16:55Z,tube_leak,TUBE_LEAK,431.75,1392.0,127.09,540.0,1956.2,-165.8,-0.0896,165.86,1,0
2026-01-01T01:16:56Z,tube_leak,TUBE_LEAK,434.19,1390.5,128.74,540.0,1947.3,-159.0,-0.0919,168.89,1,0
2026-01-01T01:16:57Z,tube_leak,TUBE_LEAK,438.19,1390.0,128.81,539.7,1948.6,-160.9,-0.0907,167.74,1,0
2026-01-01T01:16:58Z,tube_leak,TUBE_LEAK,437.53,1396.4,127.77,540.3,1946.1,-160.5,-0.0901,167.59,1,0
2026-01-01T01:16:59Z,tube_leak,TUBE_LEAK,432.3,1389.9,127.96,539.0,1951.2,-156.2,-0.0906,168.68,1,0
2026-01-01T01:17:00Z,tube_leak,TUBE_LEAK,438.37,1387.8,128.51,539.6,1948.1,-153.0,-0.0915,166.95,1,0
2026-01-01T01:17:01Z,tube_leak,TUBE_LEAK,430.92,1389.9,127.3,539.5,1953.2,-160.8,-0.0904,168.58,1,0
2026-01-01T01:17:02Z,tube_leak,TUBE_LEAK,433.99,1388.7,127.67,538.3,1945.5,-153.8,-0.0907,168.67,1,0
2026-01-01T01:17:03Z,tube_leak,TUBE_LEAK,436.91,1393.9,128.83,538.2,1952.0,-158.9,-0.0901,167.27,1,0
2026-01-01T01:17:04Z,tube_leak,TUBE_LEAK,436.41,1392.6,128.65,540.4,1947.8,-159.4,-0.0897,167.82,1,0
2026-01-01T01:17:05Z,tube_leak,TUBE_LEAK,433.58,1393.0,127.89,540.1,1951.9,-162.4,-0.0878,166.67,1,0
2026-01-01T01:17:06Z,tube_leak,TUBE_LEAK,435.52,1394.6,128.34,538.4,1955.2,-151.1,-0.0901,166.87,1,0
2026-01-01T01:17:07Z,tube_leak,TUBE_LEAK,437.44,1393.1,127.96,540.0,1952.3,-165.0,-0.0917,166.71,1,0
2026-01-01T01:17:08Z,tube_leak,TUBE_LEAK,431.98,1391.6,128.63,540.3,1947.4,-165.4,-0.089,167.33,1,0
2026-01-01T01:17:09Z,tube_leak,TUBE_LEAK,437.75,1391.0,128.39,540.8,1949.7,-155.2,-0.0905,168.36,1,0
2026-01-01T01:17:10Z,tube_leak,TUBE_LEAK,437.6,1391.1,127.19,541.7,1945.8,-162.1,-0.0899,169.69,1,0
2026-01-01T01:17:11Z,tube_leak,TUBE_LEAK,435.52,1390.4,128.16,539.2,1948.7,-167.1,-0.0891,166.74,1,0
2026-01-01T01:17:12Z,tube_leak,TUBE_LEAK,433.74,1390.4,128.14,540.0,1946.2,-151.8,-0.09,166.02,1,0
2026-01-01T01:17:13Z,tube_leak,TUBE_LEAK,434.75,1389.5,128.62,540.2,1947.7,-156.0,-0.0907,167.7,1,0
2026-01-01T01:17:14Z,tube_leak,TUBE_LEAK,432.93,1392.2,127.64,540.9,1951.0,-155.1,-0.0886,169.43,1,0
2026-01-01T01:17:15Z,tube_leak,TUBE_LEAK,437.04,1392.2,127.4,541.3,1948.1,-171.7,-0.0902,168.18,1,0
2026-01-01T01:17:16Z,tube_leak,TUBE_LEAK,434.65,1392.2,127.75,539.1,1948.2,-162.2,-0.0905,168.27,1,0
2026-01-01T01:17:17Z,tube_leak,TUBE_LEAK,433.02,1393.4,128.05,540.8,1947.9,-165.2,-0.0902,167.22,1,0
2026-01-01T01:17:18Z,tube_leak,TUBE_LEAK,439.54,1393.0,127.78,540.7,1952.4,-162.0,-0.0891,168.54,1,0
2026-01-01T01:17:19Z,tube_leak,TUBE_LEAK,440.04,1392.6,127.32,539.3,1951.4,-162.2,-0.0907,166.94,1,0
2026-01-01T01:17:20Z,tube_leak,TUBE_LEAK,435.13,1394.1,127.55,541.3,1953.2,-165.7,-0.0879,166.72,1,0
2026-01-01T01:17:21Z,tube_leak,TUBE_LEAK,435.56,1394.9,128.08,540.7,1948.4,-157.4,-0.0895,168.29,1,0
2026-01-01T01:17:22Z,tube_leak,TUBE_LEAK,435.74,1387.6,128.11,540.2,1948.5,-163.6,-0.0884,168.15,1,0
2026-01-01T01:17:23Z,tube_leak,TUBE_LEAK,433.96,1394.7,128.16,540.7,1945.4,-166.6,-0.0911,166.32,1,0
2026-01-01T01:17:24Z,tube_leak,TUBE_LEAK,433.46,1392.9,127.33,538.9,1948.5,-163.8,-0.0895,169.59,1,0
2026-01-01T01:17:25Z,tube_leak,TUBE_LEAK,434.88,1391.6,127.7,538.1,1947.8,-169.9,-0.0916,167.03,1,0
2026-01-01T01:17:26Z,tube_leak,TUBE_LEAK,433.5,1392.0,127.83,540.8,1947.7,-164.5,-0.09,167.15,1,0
2026-01-01T01:17:27Z,tube_leak,TUBE_LEAK,429.71,1389.7,128.14,541.1,1952.8,-159.4,-0.088,167.07,1,0
2026-01-01T01:17:28Z,tube_leak,TUBE_LEAK,441.21,1391.0,128.2,539.8,1950.5,-162.2,-0.0906,166.88,1,0
2026-01-01T01:17:29Z,tube_leak,TUBE_LEAK,431.99,1390.2,127.55,539.7,1950.6,-157.7,-0.0901,168.5,1,0
2026-01-01T01:17:30Z,tube_leak,TUBE_LEAK,437.4,1391.9,128.03,540.6,1947.0,-155.8,-0.0893,168.2,1,0
2026-01-01T01:17:31Z,tube_leak,TUBE_LEAK,432.5,1392.0,128.04,539.4,1949.0,-170.4,-0.0907,168.4,1,0
2026-01-01T01:17:32Z,tube_leak,TUBE_LEAK,434.91,1389.4,127.85,540.8,1949.8,-159.6,-0.0911,167.01,1,0
2026-01-01T01:17:33Z,tube_leak,TUBE_LEAK,435.26,1391.0,128.6,539.2,1951.1,-157.6,-0.0923,167.53,1,0
2026-01-01T01:17:34Z,tube_leak,TUBE_LEAK,436.96,1392.4,127.11,541.6,1953.7,-155.3,-0.0899,166.39,1,0
2026-01-01T01:17:35Z,tube_leak,TUBE_LEAK,436.79,1390.9,128.23,539.4,1950.3,-158.0,-0.0902,170.1,1,0
2026-01-01T01:17:36Z,tube_leak,TUBE_LEAK,433.78,1389.9,127.55,539.0,1950.1,-167.9,-0.0907,170.32,1,0
2026-01-01T01:17:37Z,tube_leak,TUBE_LEAK,434.84,1394.9,128.48,538.5,1950.4,-157.7,-0.0901,166.37,1,0
2026-01-01T01:17:38Z,tube_leak,TUBE_LEAK,438.23,1392.7,127.47,540.1,1950.7,-159.6,-0.0906,167.28,1,0
2026-01-01T01:17:39Z,tube_leak,TUBE_LEAK,435.05,1394.0,127.86,540.5,1953.2,-165.5,-0.09,167.41,1,0
2026-01-01T01:17:40Z,tube_leak,TUBE_LEAK,435.65,1390.5,127.81,539.2,1948.4,-151.5,-0.0902,169.25,1,0
2026-01-01T01:17:41Z,tube_leak,TUBE_LEAK,433.82,1392.4,127.76,540.7,1947.5,-155.9,-0.0894,167.82,1,0
2026-01-01T01:17:42Z,tube_leak,TUBE_LEAK,436.09,1390.1,128.12,540.4,1941.9,-162.5,-0.0894,166.76,1,0
2026-01-01T01:17:43Z,tube_leak,TUBE_LEAK,435.3,1392.1,127.8,539.3,1954.1,-150.3,-0.0904,167.9,1,0
2026-01-01T01:17:44Z,tube_leak,TUBE_LEAK,434.71,1392.0,127.49,540.7,1946.5,-164.6,-0.0903,169.5,1,0
2026-01-01T01:17:45Z,tube_leak,TUBE_LEAK,438.42,1390.6,127.48,540.4,1949.9,-157.4,-0.0905,168.91,1,0
2026-01-01T01:17:46Z,tube_leak,TUBE_LEAK,436.39,1394.5,126.83,540.2,1948.6,-163.8,-0.0905,167.8,1,0
2026-01-01T01:17:47Z,tube_leak,TUBE_LEAK,435.02,1393.2,127.54,540.6,1951.5,-162.7,-0.0905,169.47,1,0
2026-01-01T01:17:48Z,tube_leak,TUBE_LEAK,433.48,1394.0,127.74,540.0,1947.1,-163.1,-0.092,169.22,1,0
2026-01-01T01:17:49Z,tube_leak,TUBE_LEAK,433.24,1390.3,127.79,541.5,1951.3,-160.6,-0.0905,167.07,1,0
2026-01-01T01:17:50Z,tube_leak,TUBE_LEAK,437.33,1392.9,127.41,541.7,1952.1,-151.6,-0.0903,165.42,1,0
2026-01-01T01:17:51Z,tube_leak,TUBE_LEAK,433.37,1392.8,128.51,537.6,1953.4,-159.8,-0.0898,168.91,1,0
2026-01-01T01:17:52Z,tube_leak,TUBE_LEAK,437.88,1390.3,128.08,540.6,1949.9,-155.3,-0.0887,166.56,1,0
2026-01-01T01:17:53Z,tube_leak,TUBE_LEAK,435.32,1392.9,127.92,540.1,1948.8,-158.6,-0.0896,168.93,1,0
2026-01-01T01:17:54Z,tube_leak,TUBE_LEAK,435.3,1393.3,127.5,538.5,1945.6,-169.0,-0.0899,167.58,1,0
2026-01-01T01:17:55Z,tube_leak,TUBE_LEAK,433.38,1393.0,128.12,539.5,1945.5,-157.1,-0.0886,165.99,1,0
2026-01-01T01:17:56Z,tube_leak,TUBE_LEAK,435.54,1394.4,127.61,537.9,1947.0,-163.8,-0.0898,167.93,1,0
2026-01-01T01:17:57Z,tube_leak,TUBE_LEAK,434.15,1396.1,128.51,539.2,1947.5,-160.6,-0.0908,167.55,1,0
2026-01-01T01:17:58Z,tube_leak,TUBE_LEAK,436.87,1392.9,128.03,539.8,1946.5,-156.3,-0.0919,167.47,1,0
2026-01-01T01:17:59Z,tube_leak,TUBE_LEAK,435.22,1393.9,128.47,540.4,1951.7,-161.6,-0.0894,167.43,1,0
2026-01-01T01:18:00Z,tube_leak,TUBE_LEAK,438.09,1395.1,127.29,540.0,1953.5,-151.4,-0.0895,167.36,1,0
2026-01-01T01:18:01Z,tube_leak,TUBE_LEAK,436.57,1385.8,128.76,542.0,1945.0,-156.8,-0.0884,166.87,1,0
2026-01-01T01:18:02Z,tube_leak,TUBE_LEAK,431.75,1396.3,128.12,540.3,1948.5,-158.1,-0.0887,166.04,1,0
2026-01-01T01:18:03Z,tube_leak,TUBE_LEAK,437.26,1390.5,127.71,539.2,1947.2,-170.0,-0.0888,167.98,1,0
2026-01-01T01:18:04Z,tube_leak,TUBE_LEAK,432.26,1390.1,128.5,542.3,1945.7,-161.0,-0.092,169.47,1,0
2026-01-01T01:18:05Z,tube_leak,TUBE_LEAK,435.7,1394.5,128.05,538.7,1951.3,-170.8,-0.0898,167.67,1,0
2026-01-01T01:18:06Z,tube_leak,TUBE_LEAK,437.7,1391.4,128.2,541.2,1950.0,-160.3,-0.0901,168.13,1,0
2026-01-01T01:18:07Z,tube_leak,TUBE_LEAK,438.45,1392.3,127.01,538.5,1949.8,-159.7,-0.0891,166.12,1,0
2026-01-01T01:18:08Z,tube_leak,TUBE_LEAK,433.05,1393.3,128.06,540.0,1950.7,-153.5,-0.0902,168.28,1,0
2026-01-01T01:18:09Z,tube_leak,TUBE_LEAK,437.41,1388.2,127.42,540.4,1945.2,-161.3,-0.0897,168.11,1,0
2026-01-01T01:18:10Z,tube_leak,TUBE_LEAK,432.0,1392.6,128.91,538.5,1951.8,-152.8,-0.0899,167.99,1,0
2026-01-01T01:18:11Z,tube_leak,TUBE_LEAK,431.39,1392.9,128.43,539.8,1951.2,-159.0,-0.0907,166.16,1,0
2026-01-01T01:18:12Z,tube_leak,TUBE_LEAK,429.17,1390.5,128.45,539.3,1950.7,-162.8,-0.0908,166.56,1,0
2026-01-01T01:18:13Z,tube_leak,TUBE_LEAK,433.24,1393.0,127.55,539.4,1952.0,-158.2,-0.0913,166.11,1,0
2026-01-01T01:18:14Z,tube_leak,TUBE_LEAK,438.28,1397.0,128.01,539.3,1945.4,-156.4,-0.0911,167.31,1,0
2026-01-01T01:18:15Z,tube_leak,TUBE_LEAK,430.92,1396.5,127.57,538.8,1947.5,-149.0,-0.0912,167.13,1,0
2026-01-01T01:18:16Z,tube_leak,TUBE_LEAK,434.73,1392.3,127.96,538.3,1952.9,-161.3,-0.0894,167.69,1,0
2026-01-01T01:18:17Z,tube_leak,TUBE_LEAK,433.69,1392.4,127.86,539.7,1949.2,-155.3,-0.091,166.86,1,0
2026-01-01T01:18:18Z,tube_leak,TUBE_LEAK,434.65,1393.3,128.65,541.1,1947.0,-165.8,-0.09,167.97,1,0
2026-01-01T01:18:19Z,tube_leak,TUBE_LEAK,437.21,1393.0,128.58,540.7,1950.9,-149.3,-0.0898,168.09,1,0
2026-01-01T01:18:20Z,tube_leak,TUBE_LEAK,436.56,1390.3,128.91,539.8,1945.4,-154.9,-0.0892,170.39,1,0
2026-01-01T01:18:21Z,tube_leak,TUBE_LEAK,434.94,1390.9,127.28,541.2,1949.0,-157.5,-0.0897,167.66,1,0
2026-01-01T01:18:22Z,tube_leak,TUBE_LEAK,433.61,1391.6,128.14,540.2,1951.6,-157.2,-0.0911,166.68,1,0
2026-01-01T01:18:23Z,tube_leak,TUBE_LEAK,432.72,1396.1,128.0,540.9,1952.2,-155.3,-0.0902,167.37,1,0
2026-01-01T01:18:24Z,tube_leak,TUBE_LEAK,439.76,1393.9,128.96,540.1,1948.9,-164.5,-0.0898,165.7,1,0
2026-01-01T01:18:25Z,tube_leak,TUBE_LEAK,435.25,1393.9,128.57,536.7,1946.9,-156.4,-0.091,167.66,1,0
2026-01-01T01:18:26Z,tube_leak,TUBE_LEAK,433.74,1393.2,128.08,542.4,1949.9,-157.4,-0.0889,166.94,1,0
2026-01-01T01:18:27Z,tube_leak,TUBE_LEAK,435.13,1389.7,128.41,540.6,1947.3,-155.3,-0.0894,168.63,1,0
2026-01-01T01:18:28Z,tube_leak,TUBE_LEAK,437.34,1391.6,127.49,540.4,1951.0,-157.9,-0.0889,167.78,1,0
2026-01-01T01:18:29Z,tube_leak,TUBE_LEAK,433.37,1392.0,128.4,540.8,1945.9,-170.5,-0.0893,166.52,1,0
2026-01-01T01:18:30Z,tube_leak,TUBE_LEAK,436.13,1388.7,128.75,542.5,1947.5,-154.9,-0.0888,166.75,1,0
2026-01-01T01:18:31Z,tube_leak,TUBE_LEAK,439.8,1389.6,127.34,539.1,1944.9,-155.3,-0.0897,167.13,1,0
2026-01-01T01:18:32Z,tube_leak,TUBE_LEAK,437.15,1391.7,128.21,539.9,1948.6,-152.0,-0.0894,168.03,1,0
2026-01-01T01:18:33Z,tube_leak,TUBE_LEAK,435.74,1390.4,127.72,540.6,1947.0,-158.2,-0.088,166.29,1,0
2026-01-01T01:18:34Z,tube_leak,TUBE_LEAK,429.69,1393.6,127.06,540.4,1948.5,-162.1,-0.09,167.45,1,0
2026-01-01T01:18:35Z,tube_leak,TUBE_LEAK,432.16,1393.4,127.56,542.2,1946.7,-165.2,-0.0918,167.76,1,0
2026-01-01T01:18:36Z,tube_leak,TUBE_LEAK,435.11,1392.2,129.01,541.9,1951.7,-156.9,-0.0897,167.18,1,0
2026-01-01T01:18:37Z,tube_leak,TUBE_LEAK,436.15,1392.2,127.92,539.8,1950.0,-158.4,-0.0898,168.16,1,0
2026-01-01T01:18:38Z,tube_leak,TUBE_LEAK,440.2,1394.7,127.51,538.9,1948.1,-159.7,-0.09,168.35,1,0
2026-01-01T01:18:39Z,tube_leak,TUBE_LEAK,432.99,1391.0,128.2,539.3,1952.6,-158.8,-0.091,165.79,1,0
2026-01-01T01:18:40Z,tube_leak,TUBE_LEAK,439.97,1390.1,127.93,540.5,1948.0,-159.0,-0.0892,166.81,1,0
2026-01-01T01:18:41Z,tube_leak,TUBE_LEAK,435.6,1391.0,127.93,540.5,1950.2,-162.5,-0.09,166.86,1,0
2026-01-01T01:18:42Z,tube_leak,TUBE_LEAK,438.8,1391.2,128.52,538.4,1948.6,-141.9,-0.0903,168.23,1,0
2026-01-01T01:18:43Z,tube_leak,TUBE_LEAK,432.88,1393.3,127.87,541.7,1950.1,-157.1,-0.0892,166.28,1,0
2026-01-01T01:18:44Z,tube_leak,TUBE_LEAK,439.08,1389.5,128.14,540.3,1954.7,-154.6,-0.09,167.81,1,0
2026-01-01T01:18:45Z,tube_leak,TUBE_LEAK,428.94,1391.4,127.62,539.5,1946.9,-163.3,-0.0895,168.13,1,0
2026-01-01T01:18:46Z,tube_leak,TUBE_LEAK,434.08,1390.2,128.58,541.5,1945.6,-159.8,-0.0908,168.98,1,0
2026-01-01T01:18:47Z,tube_leak,TUBE_LEAK,435.62,1396.8,128.01,539.2,1948.9,-160.7,-0.0891,167.66,1,0
2026-01-01T01:18:48Z,tube_leak,TUBE_LEAK,435.51,1391.2,127.87,539.4,1955.6,-161.4,-0.0894,167.91,1,0
2026-01-01T01:18:49Z,tube_leak,TUBE_LEAK,433.36,1389.5,127.96,538.2,1945.4,-166.2,-0.0888,167.56,1,0
2026-01-01T01:18:50Z,tube_leak,TUBE_LEAK,431.91,1390.2,127.6,539.1,1944.8,-163.5,-0.0907,168.97,1,0
2026-01-01T01:18:51Z,tube_leak,TUBE_LEAK,438.01,1392.8,128.04,539.3,1950.2,-159.8,-0.0907,166.22,1,0
2026-01-01T01:18:52Z,tube_leak,TUBE_LEAK,438.49,1391.4,127.05,540.1,1948.9,-156.1,-0.0895,170.35,1,0
2026-01-01T01:18:53Z,tube_leak,TUBE_LEAK,437.37,1388.5,127.48,540.2,1948.2,-160.8,-0.0906,166.46,1,0
2026-01-01T01:18:54Z,tube_leak,TUBE_LEAK,431.96,1394.9,127.76,540.6,1945.9,-168.3,-0.092,167.68,1,0
2026-01-01T01:18:55Z,tube_leak,TUBE_LEAK,441.83,1393.7,128.1,539.3,1955.4,-158.7,-0.0893,168.07,1,0
2026-01-01T01:18:56Z,tube_leak,TUBE_LEAK,432.39,1393.6,127.32,540.5,1948.6,-164.7,-0.0908,167.12,1,0
2026-01-01T01:18:57Z,tube_leak,TUBE_LEAK,436.39,1387.4,128.45,540.2,1950.3,-161.4,-0.0893,167.8,1,0
2026-01-01T01:18:58Z,tube_leak,TUBE_LEAK,434.69,1390.0,127.5,540.0,1950.5,-150.1,-0.0917,166.18,1,0
2026-01-01T01:18:59Z,tube_leak,TUBE_LEAK,434.38,1394.0,127.86,539.7,1947.4,-156.7,-0.0894,166.0,1,0
2026-01-01T01:19:00Z,tube_leak,TUBE_LEAK,438.14,1390.7,128.44,539.6,1948.6,-166.0,-0.0889,166.61,1,0
2026-01-01T01:19:01Z,tube_leak,TUBE_LEAK,431.92,1391.8,127.93,538.5,1944.6,-154.5,-0.0896,167.75,1,0
2026-01-01T01:19:02Z,tube_leak,TUBE_LEAK,439.5,1391.1,127.36,540.3,1943.9,-166.2,-0.0889,168.98,1,0
2026-01-01T01:19:03Z,tube_leak,TUBE_LEAK,435.99,1393.3,128.39,540.4,1947.2,-159.8,-0.0885,167.5,1,0
2026-01-01T01:19:04Z,tube_leak,TUBE_LEAK,436.51,1389.9,127.53,541.4,1946.0,-157.7,-0.0906,166.04,1,0
2026-01-01T01:19:05Z,tube_leak,TUBE_LEAK,436.88,1391.6,128.33,541.6,1944.1,-159.8,-0.0897,168.1,1,0
2026-01-01T01:19:06Z,tube_leak,TUBE_LEAK,433.94,1390.8,127.62,540.0,1950.0,-161.3,-0.0887,166.5,1,0
2026-01-01T01:19:07Z,tube_leak,TUBE_LEAK,436.9,1392.1,128.66,540.3,1950.7,-162.4,-0.0908,168.35,1,0
2026-01-01T01:19:08Z,tube_leak,TUBE_LEAK,438.6,1393.3,127.89,540.9,1953.2,-161.0,-0.0895,167.46,1,0
2026-01-01T01:19:09Z,tube_leak,TUBE_LEAK,439.3,1391.1,128.15,542.0,1944.7,-168.4,-0.0891,166.49,1,0
2026-01-01T01:19:10Z,tube_leak,TUBE_LEAK,431.93,1395.0,127.77,538.9,1942.7,-168.2,-0.0908,166.85,1,0
2026-01-01T01:19:11Z,tube_leak,TUBE_LEAK,434.25,1390.9,128.16,541.3,1946.8,-159.0,-0.0901,167.02,1,0
2026-01-01T01:19:12Z,tube_leak,TUBE_LEAK,439.25,1391.1,128.6,540.6,1951.1,-157.8,-0.0883,168.73,1,0
2026-01-01T01:19:13Z,tube_leak,TUBE_LEAK,438.27,1393.3,128.12,540.1,1947.4,-155.7,-0.09,167.18,1,0
2026-01-01T01:19:14Z,tube_leak,TUBE_LEAK,436.73,1390.5,126.9,538.8,1951.5,-168.0,-0.0905,165.49,1,0
2026-01-01T01:19:15Z,tube_leak,TUBE_LEAK,435.66,1393.0,127.96,539.4,1952.8,-168.6,-0.0916,166.85,1,0
2026-01-01T01:19:16Z,tube_leak,TUBE_LEAK,432.82,1391.7,127.74,538.3,1953.6,-156.9,-0.0899,166.17,1,0
2026-01-01T01:19:17Z,tube_leak,TUBE_LEAK,436.25,1395.6,128.45,540.7,1956.9,-161.4,-0.091,167.07,1,0
2026-01-01T01:19:18Z,tube_leak,TUBE_LEAK,432.16,1391.7,128.17,540.6,1951.9,-160.4,-0.0888,167.05,1,0
2026-01-01T01:19:19Z,tube_leak,TUBE_LEAK,437.3,1394.2,127.31,539.9,1949.6,-163.2,-0.0896,167.67,1,0
2026-01-01T01:19:20Z,tube_leak,TUBE_LEAK,435.65,1396.5,128.23,539.3,1948.0,-166.1,-0.0896,165.72,1,0
2026-01-01T01:19:21Z,tube_leak,TUBE_LEAK,433.4,1391.7,127.06,537.8,1944.2,-156.9,-0.0899,167.98,1,0
2026-01-01T01:19:22Z,tube_leak,TUBE_LEAK,435.29,1393.3,128.35,540.3,1948.6,-157.0,-0.0895,166.75,1,0
2026-01-01T01:19:23Z,tube_leak,TUBE_LEAK,439.83,1392.8,128.06,539.9,1947.9,-156.7,-0.0909,168.61,1,0
2026-01-01T01:19:24Z,tube_leak,TUBE_LEAK,433.68,1391.9,128.11,540.8,1948.1,-167.3,-0.09,167.24,1,0
2026-01-01T01:19:25Z,tube_leak,TUBE_LEAK,433.52,1391.6,127.79,539.4,1949.8,-160.1,-0.0885,166.79,1,0
2026-01-01T01:19:26Z,tube_leak,TUBE_LEAK,432.16,1391.5,127.47,539.3,1950.2,-156.1,-0.0909,167.56,1,0
2026-01-01T01:19:27Z,tube_leak,TUBE_LEAK,427.41,1393.4,127.63,540.4,1946.3,-151.2,-0.0893,167.25,1,0
2026-01-01T01:19:28Z,tube_leak,TUBE_LEAK,439.2,1392.7,127.62,540.7,1949.6,-161.1,-0.0888,166.49,1,0
2026-01-01T01:19:29Z,tube_leak,TUBE_LEAK,436.25,1396.2,128.55,540.7,1953.6,-160.7,-0.0912,163.99,1,0
2026-01-01T01:19:30Z,tube_leak,TUBE_LEAK,438.33,1391.8,127.82,540.6,1945.9,-163.3,-0.0903,165.58,1,0
2026-01-01T01:19:31Z,tube_leak,TUBE_LEAK,434.97,1392.7,127.3,540.1,1949.2,-160.1,-0.0889,167.1,1,0
2026-01-01T01:19:32Z,tube_leak,TUBE_LEAK,433.83,1391.0,127.22,540.9,1943.4,-165.0,-0.0893,166.98,1,0
2026-01-01T01:19:33Z,tube_leak,TUBE_LEAK,437.64,1390.8,128.27,540.2,1950.4,-158.2,-0.0903,170.15,1,0
2026-01-01T01:19:34Z,tube_leak,TUBE_LEAK,434.37,1393.6,126.92,539.2,1948.9,-155.3,-0.0898,166.62,1,0
2026-01-01T01:19:35Z,tube_leak,TUBE_LEAK,435.67,1387.2,128.33,538.9,1946.7,-162.8,-0.0892,166.85,1,0
2026-01-01T01:19:36Z,tube_leak,TUBE_LEAK,437.32,1390.9,127.83,539.6,1952.3,-173.5,-0.0886,166.55,1,0
2026-01-01T01:19:37Z,tube_leak,TUBE_LEAK,437.25,1392.4,127.3,539.6,1944.2,-166.0,-0.0911,169.98,1,0
2026-01-01T01:19:38Z,tube_leak,TUBE_LEAK,432.58,1396.1,127.37,539.7,1948.9,-168.8,-0.0893,166.47,1,0
2026-01-01T01:19:39Z,tube_leak,TUBE_LEAK,436.83,1387.6,127.96,540.9,1946.6,-153.1,-0.0883,167.46,1,0
2026-01-01T01:19:40Z,tube_leak,TUBE_LEAK,434.17,1388.6,128.25,539.0,1948.3,-156.9,-0.0892,167.33,1,0
2026-01-01T01:19:41Z,tube_leak,TUBE_LEAK,438.18,1390.7,129.11,538.5,1954.8,-165.4,-0.0905,166.57,1,0
2026-01-01T01:19:42Z,tube_leak,TUBE_LEAK,435.6,1390.4,127.72,539.8,1951.0,-156.6,-0.0909,167.48,1,0
2026-01-01T01:19:43Z,tube_leak,TUBE_LEAK,434.68,1389.0,129.37,540.6,1954.4,-155.5,-0.0897,167.17,1,0
2026-01-01T01:19:44Z,tube_leak,TUBE_LEAK,436.62,1390.7,127.89,539.8,1948.4,-160.7,-0.0893,167.81,1,0
2026-01-01T01:19:45Z,tube_leak,TUBE_LEAK,436.36,1387.2,127.62,540.9,1949.8,-159.9,-0.0892,167.68,1,0
2026-01-01T01:19:46Z,tube_leak,TUBE_LEAK,438.91,1392.4,127.99,540.9,1946.7,-163.4,-0.0898,166.67,1,0
2026-01-01T01:19:47Z,tube_leak,TUBE_LEAK,439.46,1391.3,127.72,540.8,1958.3,-158.1,-0.0913,167.04,1,0
2026-01-01T01:19:48Z,tube_leak,TUBE_LEAK,436.6,1390.4,128.36,540.8,1956.1,-155.2,-0.0915,167.18,1,0
2026-01-01T01:19:49Z,tube_leak,TUBE_LEAK,431.72,1390.0,128.5,540.6,1951.8,-150.7,-0.0897,166.53,1,0
2026-01-01T01:19:50Z,tube_leak,TUBE_LEAK,436.62,1394.6,128.7,540.6,1947.0,-156.7,-0.0893,167.58,1,0
2026-01-01T01:19:51Z,tube_leak,TUBE_LEAK,434.73,1392.4,128.78,538.3,1952.0,-157.5,-0.089,167.94,1,0
2026-01-01T01:19:52Z,tube_leak,TUBE_LEAK,434.06,1396.8,127.15,540.2,1948.3,-164.9,-0.0894,169.06,1,0
2026-01-01T01:19:53Z,tube_leak,TUBE_LEAK,436.39,1389.4,127.62,538.0,1949.1,-162.9,-0.09,168.8,1,0
2026-01-01T01:19:54Z,tube_leak,TUBE_LEAK,434.3,1392.4,127.17,542.0,1951.7,-156.5,-0.0893,167.09,1,0
2026-01-01T01:19:55Z,tube_leak,TUBE_LEAK,433.3,1391.1,128.05,538.6,1944.8,-165.3,-0.09,168.33,1,0
2026-01-01T01:19:56Z,tube_leak,TUBE_LEAK,437.92,1391.1,128.42,541.9,1950.0,-159.1,-0.0898,166.77,1,0
2026-01-01T01:19:57Z,tube_leak,TUBE_LEAK,433.78,1392.4,128.71,539.5,1948.2,-154.3,-0.0904,165.68,1,0
2026-01-01T01:19:58Z,tube_leak,TUBE_LEAK,436.81,1394.2,127.99,539.1,1944.5,-163.6,-0.0902,169.36,1,0
2026-01-01T01:19:59Z,tube_leak,TUBE_LEAK,440.39,1391.2,127.62,539.6,1951.8,-164.2,-0.0903,168.32,1,0
2026-01-01T01:20:00Z,tube_leak,TUBE_LEAK,435.21,1389.5,128.29,539.6,1952.7,-161.2,-0.0905,166.82,1,0
2026-01-01T01:20:01Z,tube_leak,TUBE_LEAK,434.76,1388.4,127.9,540.0,1953.6,-162.2,-0.0915,167.68,1,0
2026-01-01T01:20:02Z,tube_leak,TUBE_LEAK,433.68,1390.0,128.32,538.1,1946.8,-159.4,-0.0909,167.3,1,0
2026-01-01T01:20:03Z,tube_leak,TUBE_LEAK,434.79,1393.1,128.18,540.3,1947.3,-160.6,-0.0891,168.36,1,0
2026-01-01T01:20:04Z,tube_leak,TUBE_LEAK,432.45,1392.7,128.19,539.0,1947.8,-164.7,-0.0887,167.96,1,0
2026-01-01T01:20:05Z,tube_leak,TUBE_LEAK,432.12,1390.6,128.24,539.6,1949.6,-162.2,-0.0913,166.8,1,0
2026-01-01T01:20:06Z,tube_leak,TUBE_LEAK,435.67,1394.1,128.39,539.1,1949.3,-160.4,-0.0897,166.47,1,0
2026-01-01T01:20:07Z,tube_leak,TUBE_LEAK,436.37,1390.6,128.52,540.9,1950.6,-164.4,-0.0896,165.74,1,0
2026-01-01T01:20:08Z,tube_leak,TUBE_LEAK,434.63,1389.1,128.23,539.1,1951.2,-158.8,-0.0902,168.54,1,0
2026-01-01T01:20:09Z,tube_leak,TUBE_LEAK,440.45,1391.1,128.4,540.0,1946.8,-155.7,-0.0886,165.51,1,0
2026-01-01T01:20:10Z,tube_leak,TUBE_LEAK,441.2,1393.8,128.83,540.0,1947.9,-164.5,-0.0893,167.3,1,0
2026-01-01T01:20:11Z,tube_leak,TUBE_LEAK,434.28,1394.8,128.16,538.5,1950.7,-163.0,-0.0898,166.98,1,0
2026-01-01T01:20:12Z,tube_leak,TUBE_LEAK,432.29,1393.8,126.78,540.1,1948.3,-151.8,-0.0901,168.37,1,0
2026-01-01T01:20:13Z,tube_leak,TUBE_LEAK,433.07,1394.5,126.82,540.4,1953.0,-162.8,-0.0895,169.29,1,0
2026-01-01T01:20:14Z,tube_leak,TUBE_LEAK,432.54,1387.0,129.08,540.0,1942.7,-142.6,-0.088,166.01,1,0
2026-01-01T01:20:15Z,tube_leak,TUBE_LEAK,435.72,1389.0,128.61,541.9,1945.2,-158.9,-0.0905,165.81,1,0
2026-01-01T01:20:16Z,tube_leak,TUBE_LEAK,431.78,1392.4,127.52,538.2,1941.5,-159.8,-0.0929,166.43,1,0
2026-01-01T01:20:17Z,tube_leak,TUBE_LEAK,437.71,1388.7,127.93,538.6,1946.1,-157.7,-0.0898,169.74,1,0
2026-01-01T01:20:18Z,tube_leak,TUBE_LEAK,436.16,1389.7,128.08,539.4,1944.4,-158.3,-0.0904,168.65,1,0
2026-01-01T01:20:19Z,tube_leak,TUBE_LEAK,432.3,1389.3,128.88,539.6,1947.8,-152.5,-0.0876,168.2,1,0
2026-01-01T01:20:20Z,tube_leak,TUBE_LEAK,432.99,1390.8,128.37,540.6,1942.8,-158.6,-0.0912,167.73,1,0
2026-01-01T01:20:21Z,tube_leak,TUBE_LEAK,436.86,1393.8,127.64,540.4,1952.8,-160.2,-0.0919,169.01,1,0
2026-01-01T01:20:22Z,tube_leak,TUBE_LEAK,432.97,1392.8,128.47,538.8,1949.7,-164.3,-0.0899,167.72,1,0
2026-01-01T01:20:23Z,tube_leak,TUBE_LEAK,434.25,1392.5,127.49,540.5,1952.7,-157.3,-0.0898,167.73,1,0
2026-01-01T01:20:24Z,tube_leak,TUBE_LEAK,434.75,1391.6,128.32,540.3,1950.3,-163.5,-0.09,167.28,1,0
2026-01-01T01:20:25Z,tube_leak,TUBE_LEAK,436.11,1395.3,127.9,540.6,1952.7,-160.5,-0.0904,165.83,1,0
2026-01-01T01:20:26Z,tube_leak,TUBE_LEAK,434.64,1393.6,127.79,539.9,1945.9,-155.5,-0.0908,168.57,1,0
2026-01-01T01:20:27Z,tube_leak,TUBE_LEAK,437.66,1393.9,128.44,541.7,1946.7,-158.1,-0.0899,170.54,1,0
2026-01-01T01:20:28Z,tube_leak,TUBE_LEAK,431.94,1391.3,129.09,539.9,1948.2,-148.9,-0.0904,167.23,1,0
2026-01-01T01:20:29Z,tube_leak,TUBE_LEAK,436.22,1392.6,128.34,538.3,1942.8,-164.2,-0.0869,167.11,1,0
2026-01-01T01:20:30Z,tube_leak,TUBE_LEAK,433.03,1390.8,127.52,540.4,1947.3,-161.4,-0.092,166.45,1,0
2026-01-01T01:20:31Z,tube_leak,TUBE_LEAK,436.49,1389.7,128.15,541.1,1952.1,-165.1,-0.0894,166.93,1,0
2026-01-01T01:20:32Z,tube_leak,TUBE_LEAK,436.59,1394.0,127.58,540.8,1946.3,-159.4,-0.0917,166.94,1,0
2026-01-01T01:20:33Z,tube_leak,TUBE_LEAK,436.76,1392.5,128.33,538.5,1951.2,-164.0,-0.0888,168.82,1,0
2026-01-01T01:20:34Z,tube_leak,TUBE_LEAK,438.27,1391.9,128.2,539.1,1944.2,-150.5,-0.0903,168.06,1,0
2026-01-01T01:20:35Z,tube_leak,TUBE_LEAK,431.92,1393.3,128.61,541.6,1947.4,-163.5,-0.0898,166.29,1,0
2026-01-01T01:20:36Z,tube_leak,TUBE_LEAK,434.5,1391.0,128.76,539.5,1949.1,-165.8,-0.0888,166.4,1,0
2026-01-01T01:20:37Z,tube_leak,TUBE_LEAK,437.22,1390.3,128.49,538.3,1950.4,-158.5,-0.0911,167.3,1,0
2026-01-01T01:20:38Z,tube_leak,TUBE_LEAK,436.46,1394.0,127.96,541.8,1945.7,-155.4,-0.0898,167.54,1,0
2026-01-01T01:20:39Z,tube_leak,TUBE_LEAK,431.32,1394.8,128.14,538.7,1953.8,-169.4,-0.0905,167.91,1,0
2026-01-01T01:20:40Z,tube_leak,TUBE_LEAK,435.0,1391.1,127.86,540.6,1948.3,-161.4,-0.0898,167.5,1,0
2026-01-01T01:20:41Z,tube_leak,TUBE_LEAK,439.7,1394.0,127.77,540.1,1952.5,-157.2,-0.0897,166.76,1,0
2026-01-01T01:20:42Z,tube_leak,TUBE_LEAK,433.96,1390.0,128.31,540.0,1946.4,-155.4,-0.0889,168.29,1,0
2026-01-01T01:20:43Z,tube_leak,TUBE_LEAK,435.41,1393.9,128.65,540.2,1944.4,-152.1,-0.0901,167.26,1,0
2026-01-01T01:20:44Z,tube_leak,TUBE_LEAK,436.67,1393.2,127.84,541.0,1952.9,-170.3,-0.0894,167.86,1,0
2026-01-01T01:20:45Z,tube_leak,TUBE_LEAK,435.72,1392.2,127.94,539.7,1947.1,-164.8,-0.0904,167.29,1,0
2026-01-01T01:20:46Z,tube_leak,TUBE_LEAK,437.25,1391.4,128.86,539.5,1949.2,-160.0,-0.0885,166.93,1,0
2026-01-01T01:20:47Z,tube_leak,TUBE_LEAK,432.32,1385.4,128.34,539.9,1950.1,-150.8,-0.0914,167.64,1,0
2026-01-01T01:20:48Z,tube_leak,TUBE_LEAK,439.61,1393.1,128.16,539.7,1950.6,-162.8,-0.0897,167.99,1,0
2026-01-01T01:20:49Z,tube_leak,TUBE_LEAK,438.25,1387.1,127.78,539.6,1953.6,-169.2,-0.0903,166.78,1,0
2026-01-01T01:20:50Z,tube_leak,TUBE_LEAK,437.58,1391.8,128.13,540.9,1948.2,-152.4,-0.0909,167.93,1,0
2026-01-01T01:20:51Z,tube_leak,TUBE_LEAK,436.72,1394.6,128.84,537.8,1948.4,-155.5,-0.0903,165.61,1,0
2026-01-01T01:20:52Z,tube_leak,TUBE_LEAK,435.5,1391.3,128.38,538.6,1954.0,-158.3,-0.0891,167.23,1,0
2026-01-01T01:20:53Z,tube_leak,TUBE_LEAK,436.89,1392.9,128.01,540.4,1954.3,-152.2,-0.0917,166.06,1,0
2026-01-01T01:20:54Z,tube_leak,TUBE_LEAK,439.45,1391.1,127.22,541.0,1950.6,-155.8,-0.0897,165.72,1,0
2026-01-01T01:20:55Z,tube_leak,TUBE_LEAK,434.42,1390.5,128.75,539.3,1952.9,-160.1,-0.0917,168.44,1,0
2026-01-01T01:20:56Z,tube_leak,TUBE_LEAK,434.88,1394.4,128.38,539.4,1947.7,-155.8,-0.0897,166.96,1,0
2026-01-01T01:20:57Z,tube_leak,TUBE_LEAK,433.17,1395.7,128.02,539.0,1952.0,-165.2,-0.0904,166.51,1,0
2026-01-01T01:20:58Z,tube_leak,TUBE_LEAK,438.12,1394.1,127.02,540.1,1952.4,-165.6,-0.0891,168.93,1,0
2026-01-01T01:20:59Z,tube_leak,TUBE_LEAK,435.96,1392.6,127.13,539.3,1949.6,-159.0,-0.0898,167.43,1,0
2026-01-01T01:21:00Z,tube_leak,TUBE_LEAK,437.61,1393.1,128.1,539.1,1949.5,-160.8,-0.0894,168.5,1,0
2026-01-01T01:21:01Z,tube_leak,TUBE_LEAK,430.35,1390.8,127.93,540.3,1948.5,-155.9,-0.0882,166.22,1,0
2026-01-01T01:21:02Z,tube_leak,TUBE_LEAK,434.75,1393.1,128.38,539.9,1950.7,-156.0,-0.09,167.29,1,0
2026-01-01T01:21:03Z,tube_leak,TUBE_LEAK,431.24,1391.3,128.11,539.7,1949.7,-163.3,-0.0907,166.2,1,0
2026-01-01T01:21:04Z,tube_leak,TUBE_LEAK,440.13,1391.5,127.68,540.4,1941.7,-170.7,-0.0895,167.62,1,0
2026-01-01T01:21:05Z,tube_leak,TUBE_LEAK,438.71,1393.2,127.87,539.6,1952.6,-151.2,-0.0873,167.57,1,0
2026-01-01T01:21:06Z,tube_leak,TUBE_LEAK,434.46,1391.3,127.91,539.8,1942.5,-162.3,-0.0898,168.4,1,0
2026-01-01T01:21:07Z,tube_leak,TUBE_LEAK,431.32,1392.5,128.13,541.6,1949.5,-164.9,-0.0901,165.96,1,0
2026-01-01T01:21:08Z,tube_leak,TUBE_LEAK,434.51,1392.9,127.8,540.1,1954.0,-157.9,-0.0904,167.64,1,0
2026-01-01T01:21:09Z,tube_leak,TUBE_LEAK,436.36,1390.1,128.01,539.5,1948.5,-170.3,-0.0889,167.51,1,0
2026-01-01T01:21:10Z,tube_leak,TUBE_LEAK,433.13,1392.3,126.65,539.9,1946.7,-155.9,-0.091,167.28,1,0
2026-01-01T01:21:11Z,tube_leak,TUBE_LEAK,430.55,1392.4,127.47,540.5,1947.3,-166.3,-0.089,169.05,1,0
2026-01-01T01:21:12Z,tube_leak,TUBE_LEAK,433.28,1391.5,127.79,539.7,1950.8,-148.2,-0.0905,167.16,1,0
2026-01-01T01:21:13Z,tube_leak,TUBE_LEAK,433.22,1393.7,128.21,540.9,1946.7,-159.7,-0.0917,168.35,1,0
2026-01-01T01:21:14Z,tube_leak,TUBE_LEAK,436.72,1391.1,127.6,538.0,1948.2,-162.1,-0.0901,167.2,1,0
2026-01-01T01:21:15Z,tube_leak,TUBE_LEAK,431.21,1390.0,128.27,538.6,1945.2,-166.2,-0.0916,166.43,1,0
2026-01-01T01:21:16Z,tube_leak,TUBE_LEAK,438.11,1391.8,128.63,540.8,1951.4,-152.8,-0.0899,167.14,1,0
2026-01-01T01:21:17Z,tube_leak,TUBE_LEAK,435.24,1392.9,128.64,540.1,1951.5,-158.9,-0.0899,167.22,1,0
2026-01-01T01:21:18Z,tube_leak,TUBE_LEAK,437.3,1392.9,127.53,538.7,1948.5,-165.0,-0.09,167.83,1,0
2026-01-01T01:21:19Z,tube_leak,TUBE_LEAK,439.66,1389.3,127.24,538.6,1946.9,-163.0,-0.0917,168.83,1,0
2026-01-01T01:21:20Z,tube_leak,TUBE_LEAK,435.06,1389.9,126.78,541.5,1944.3,-155.0,-0.0911,169.1,1,0
2026-01-01T01:21:21Z,tube_leak,TUBE_LEAK,438.67,1390.5,126.89,541.9,1950.7,-156.5,-0.089,167.36,1,0
2026-01-01T01:21:22Z,tube_leak,TUBE_LEAK,429.31,1392.3,128.25,538.7,1951.5,-150.9,-0.0911,168.87,1,0
2026-01-01T01:21:23Z,tube_leak,TUBE_LEAK,440.53,1391.8,127.7,540.5,1945.9,-164.2,-0.0883,166.7,1,0
2026-01-01T01:21:24Z,tube_leak,TUBE_LEAK,437.39,1388.1,128.38,539.1,1953.5,-154.5,-0.0888,166.75,1,0
2026-01-01T01:21:25Z,tube_leak,TUBE_LEAK,434.71,1393.0,128.15,540.1,1951.8,-159.9,-0.0912,167.18,1,0
2026-01-01T01:21:26Z,tube_leak,TUBE_LEAK,441.54,1391.7,128.05,541.6,1950.2,-166.0,-0.0884,167.0,1,0
2026-01-01T01:21:27Z,tube_leak,TUBE_LEAK,434.85,1392.7,127.87,539.2,1947.0,-164.2,-0.0903,166.15,1,0
2026-01-01T01:21:28Z,tube_leak,TUBE_LEAK,437.11,1389.7,128.37,539.4,1943.4,-163.9,-0.09,168.44,1,0
2026-01-01T01:21:29Z,tube_leak,TUBE_LEAK,435.59,1390.4,127.33,540.3,1954.2,-157.0,-0.0905,168.64,1,0
2026-01-01T01:21:30Z,tube_leak,TUBE_LEAK,435.09,1393.6,128.58,540.1,1948.2,-160.2,-0.0894,166.62,1,0
2026-01-01T01:21:31Z,tube_leak,TUBE_LEAK,429.08,1397.1,129.2,540.1,1955.3,-156.7,-0.0894,165.43,1,0
2026-01-01T01:21:32Z,tube_leak,TUBE_LEAK,437.57,1393.9,128.4,539.6,1946.3,-159.8,-0.0897,168.69,1,0
2026-01-01T01:21:33Z,tube_leak,TUBE_LEAK,435.48,1389.5,128.18,540.8,1946.1,-156.0,-0.0918,167.46,1,0
2026-01-01T01:21:34Z,tube_leak,TUBE_LEAK,432.84,1392.6,128.01,540.2,1946.1,-172.0,-0.0906,168.15,1,0
2026-01-01T01:21:35Z,tube_leak,TUBE_LEAK,434.42,1392.5,128.11,540.5,1947.5,-159.6,-0.0911,167.93,1,0
2026-01-01T01:21:36Z,tube_leak,TUBE_LEAK,431.72,1387.0,127.55,541.3,1955.0,-150.1,-0.0911,166.41,1,0
2026-01-01T01:21:37Z,tube_leak,TUBE_LEAK,437.55,1390.0,128.09,540.1,1948.8,-169.3,-0.0898,167.6,1,0
2026-01-01T01:21:38Z,tube_leak,TUBE_LEAK,433.93,1388.4,127.29,540.1,1951.1,-159.0,-0.0896,167.42,1,0
2026-01-01T01:21:39Z,tube_leak,TUBE_LEAK,431.94,1393.2,128.18,539.4,1949.3,-165.6,-0.0902,166.94,1,0
2026-01-01T01:21:40Z,tube_leak,TUBE_LEAK,435.49,1389.5,128.52,539.2,1945.4,-158.1,-0.0896,166.9,1,0
2026-01-01T01:21:41Z,tube_leak,TUBE_LEAK,433.7,1391.5,127.33,541.4,1946.5,-162.9,-0.089,167.8,1,0
2026-01-01T01:21:42Z,tube_leak,TUBE_LEAK,434.35,1392.3,128.37,540.4,1949.4,-162.4,-0.0914,167.67,1,0
2026-01-01T01:21:43Z,tube_leak,TUBE_LEAK,434.69,1392.8,127.62,539.0,1950.3,-166.0,-0.0892,166.86,1,0
2026-01-01T01:21:44Z,tube_leak,TUBE_LEAK,434.62,1393.3,127.61,542.5,1946.1,-153.8,-0.0893,167.91,1,0
2026-01-01T01:21:45Z,tube_leak,TUBE_LEAK,434.85,1390.3,129.33,539.5,1947.4,-147.9,-0.0905,167.31,1,0
2026-01-01T01:21:46Z,tube_leak,TUBE_LEAK,438.07,1392.5,127.9,540.4,1947.5,-152.5,-0.0894,165.25,1,0
2026-01-01T01:21:47Z,tube_leak,TUBE_LEAK,437.12,1393.4,127.46,539.6,1947.0,-158.1,-0.0883,167.22,1,0
2026-01-01T01:21:48Z,tube_leak,TUBE_LEAK,435.22,1392.2,128.52,541.5,1948.9,-156.5,-0.0914,167.31,1,0
2026-01-01T01:21:49Z,tube_leak,TUBE_LEAK,435.25,1394.9,127.35,541.1,1946.9,-153.9,-0.0901,166.91,1,0
2026-01-01T01:21:50Z,tube_leak,TUBE_LEAK,435.27,1392.0,128.07,539.3,1952.2,-169.6,-0.089,167.02,1,0
2026-01-01T01:21:51Z,tube_leak,TUBE_LEAK,434.77,1392.5,127.71,540.0,1950.5,-159.2,-0.0906,168.97,1,0
2026-01-01T01:21:52Z,tube_leak,TUBE_LEAK,430.15,1389.0,128.17,541.1,1943.8,-149.6,-0.0912,167.59,1,0
2026-01-01T01:21:53Z,tube_leak,TUBE_LEAK,437.38,1389.1,128.28,539.9,1951.0,-150.9,-0.0902,167.38,1,0
2026-01-01T01:21:54Z,tube_leak,TUBE_LEAK,428.88,1388.0,127.6,539.8,1944.6,-160.0,-0.0904,167.57,1,0
2026-01-01T01:21:55Z,tube_leak,TUBE_LEAK,434.11,1390.1,128.51,540.8,1945.5,-168.6,-0.0912,165.69,1,0
2026-01-01T01:21:56Z,tube_leak,TUBE_LEAK,436.36,1390.3,126.57,539.5,1950.8,-153.6,-0.089,167.91,1,0
2026-01-01T01:21:57Z,tube_leak,TUBE_LEAK,437.34,1391.4,128.86,540.1,1953.5,-165.8,-0.0922,167.42,1,0
2026-01-01T01:21:58Z,tube_leak,TUBE_LEAK,440.02,1393.7,127.85,540.0,1948.5,-163.0,-0.0893,168.79,1,0
2026-01-01T01:21:59Z,tube_leak,TUBE_LEAK,432.88,1393.6,128.62,540.2,1951.7,-157.5,-0.0891,168.53,1,0
2026-01-01T01:22:00Z,tube_leak,TUBE_LEAK,437.77,1393.6,128.36,536.9,1946.8,-158.8,-0.0897,167.57,1,0
2026-01-01T01:22:01Z,tube_leak,TUBE_LEAK,435.75,1394.5,128.63,540.0,1952.5,-168.4,-0.0901,169.66,1,0
2026-01-01T01:22:02Z,tube_leak,TUBE_LEAK,438.15,1391.8,128.89,540.5,1954.8,-163.6,-0.0906,167.34,1,0
2026-01-01T01:22:03Z,tube_leak,TUBE_LEAK,431.14,1393.8,126.92,539.5,1944.1,-157.9,-0.0898,167.74,1,0
2026-01-01T01:22:04Z,tube_leak,TUBE_LEAK,435.77,1392.4,128.76,540.0,1946.0,-157.5,-0.0901,166.64,1,0
2026-01-01T01:22:05Z,tube_leak,TUBE_LEAK,433.47,1394.6,128.42,539.2,1947.9,-163.2,-0.0888,167.65,1,0
2026-01-01T01:22:06Z,tube_leak,TUBE_LEAK,430.49,1390.7,128.15,541.2,1952.6,-163.4,-0.0911,169.42,1,0
2026-01-01T01:22:07Z,tube_leak,TUBE_LEAK,435.07,1392.9,127.11,541.0,1945.3,-160.9,-0.0905,169.54,1,0
2026-01-01T01:22:08Z,tube_leak,TUBE_LEAK,431.88,1396.3,126.78,540.2,1952.3,-155.9,-0.0915,168.06,1,0
2026-01-01T01:22:09Z,tube_leak,TUBE_LEAK,434.68,1393.2,128.94,539.6,1947.3,-164.3,-0.0893,168.35,1,0
2026-01-01T01:22:10Z,tube_leak,TUBE_LEAK,429.81,1388.9,128.0,540.7,1955.1,-151.2,-0.0896,168.08,1,0
2026-01-01T01:22:11Z,tube_leak,TUBE_LEAK,435.82,1390.3,128.37,539.1,1948.1,-159.5,-0.0901,167.63,1,0
2026-01-01T01:22:12Z,tube_leak,TUBE_LEAK,437.56,1390.7,127.89,539.0,1952.9,-165.1,-0.0905,168.42,1,0
2026-01-01T01:22:13Z,tube_leak,TUBE_LEAK,432.95,1393.1,128.51,540.9,1944.4,-159.3,-0.0895,166.71,1,0
2026-01-01T01:22:14Z,tube_leak,TUBE_LEAK,438.81,1395.1,127.78,539.3,1948.5,-153.6,-0.091,167.99,1,0
2026-01-01T01:22:15Z,tube_leak,TUBE_LEAK,432.49,1390.3,128.52,540.4,1952.0,-154.0,-0.0908,167.61,1,0
2026-01-01T01:22:16Z,tube_leak,TUBE_LEAK,434.5,1392.2,127.66,541.6,1951.7,-156.3,-0.0921,168.33,1,0
2026-01-01T01:22:17Z,tube_leak,TUBE_LEAK,435.27,1394.0,127.66,539.8,1948.9,-157.3,-0.0896,168.66,1,0
2026-01-01T01:22:18Z,tube_leak,TUBE_LEAK,435.01,1389.6,128.31,540.7,1951.1,-163.6,-0.091,167.47,1,0
2026-01-01T01:22:19Z,tube_leak,TUBE_LEAK,430.12,1390.4,128.18,540.0,1946.9,-156.3,-0.0901,168.74,1,0
2026-01-01T01:22:20Z,tube_leak,TUBE_LEAK,432.99,1391.4,126.86,540.1,1947.3,-169.1,-0.0909,166.98,1,0
2026-01-01T01:22:21Z,tube_leak,TUBE_LEAK,431.51,1392.3,128.5,540.0,1949.9,-159.4,-0.0895,166.55,1,0
2026-01-01T01:22:22Z,tube_leak,TUBE_LEAK,434.45,1393.9,128.31,538.8,1946.6,-158.3,-0.0897,166.21,1,0
2026-01-01T01:22:23Z,tube_leak,TUBE_LEAK,435.18,1391.8,127.57,539.4,1946.1,-154.2,-0.0894,166.86,1,0
2026-01-01T01:22:24Z,tube_leak,TUBE_LEAK,440.48,1390.4,128.0,540.3,1945.2,-159.0,-0.0901,168.48,1,0
2026-01-01T01:22:25Z,tube_leak,TUBE_LEAK,432.15,1388.7,127.86,538.0,1947.8,-162.4,-0.089,165.5,1,0
2026-01-01T01:22:26Z,tube_leak,TUBE_LEAK,433.16,1395.4,128.5,541.1,1945.4,-161.8,-0.0888,166.53,1,0
2026-01-01T01:22:27Z,tube_leak,TUBE_LEAK,435.38,1391.4,128.05,539.3,1956.0,-150.2,-0.0912,168.71,1,0
2026-01-01T01:22:28Z,tube_leak,TUBE_LEAK,430.78,1394.5,128.52,540.3,1945.6,-165.4,-0.0918,168.71,1,0
2026-01-01T01:22:29Z,tube_leak,TUBE_LEAK,438.02,1389.2,128.62,540.8,1948.7,-152.9,-0.0915,169.39,1,0
2026-01-01T01:22:30Z,tube_leak,TUBE_LEAK,433.7,1392.7,129.58,539.6,1950.7,-162.1,-0.0905,168.69,1,0
2026-01-01T01:22:31Z,tube_leak,TUBE_LEAK,433.7,1394.8,127.41,541.9,1945.7,-169.8,-0.0892,167.8,1,0
2026-01-01T01:22:32Z,tube_leak,TUBE_LEAK,436.04,1394.2,127.03,540.1,1957.5,-152.0,-0.0888,167.59,1,0
2026-01-01T01:22:33Z,tube_leak,TUBE_LEAK,433.45,1388.1,128.34,541.8,1951.9,-163.6,-0.0902,166.57,1,0
2026-01-01T01:22:34Z,tube_leak,TUBE_LEAK,430.65,1389.5,127.56,540.0,1950.6,-161.3,-0.09,167.85,1,0
2026-01-01T01:22:35Z,tube_leak,TUBE_LEAK,433.77,1393.5,129.26,539.4,1948.4,-169.6,-0.0896,168.09,1,0
2026-01-01T01:22:36Z,tube_leak,TUBE_LEAK,435.39,1391.1,128.35,539.6,1949.6,-149.1,-0.0899,170.08,1,0
2026-01-01T01:22:37Z,tube_leak,TUBE_LEAK,439.22,1395.8,127.61,540.2,1947.3,-163.2,-0.0898,169.05,1,0
2026-01-01T01:22:38Z,tube_leak,TUBE_LEAK,437.38,1394.5,127.69,540.9,1942.7,-155.1,-0.0914,167.49,1,0
2026-01-01T01:22:39Z,tube_leak,TUBE_LEAK,434.21,1395.1,127.73,541.9,1945.5,-159.1,-0.0901,168.89,1,0
2026-01-01T01:22:40Z,tube_leak,TUBE_LEAK,433.43,1393.0,127.79,539.6,1952.1,-166.0,-0.0915,167.38,1,0
2026-01-01T01:22:41Z,tube_leak,TUBE_LEAK,434.09,1394.5,128.55,540.1,1952.3,-164.4,-0.0898,167.59,1,0
2026-01-01T01:22:42Z,tube_leak,TUBE_LEAK,432.13,1390.9,127.92,540.6,1944.9,-160.3,-0.09,168.45,1,0
2026-01-01T01:22:43Z,tube_leak,TUBE_LEAK,434.92,1393.0,127.48,540.0,1941.2,-160.5,-0.0917,167.8,1,0
2026-01-01T01:22:44Z,tube_leak,TUBE_LEAK,439.91,1391.2,128.26,541.1,1951.3,-158.0,-0.0908,168.45,1,0
2026-01-01T01:22:45Z,tube_leak,TUBE_LEAK,432.84,1391.2,128.36,539.0,1948.6,-156.1,-0.0879,167.32,1,0
2026-01-01T01:22:46Z,tube_leak,TUBE_LEAK,434.27,1392.8,128.52,541.4,1947.3,-149.1,-0.0903,169.04,1,0
2026-01-01T01:22:47Z,tube_leak,TUBE_LEAK,434.43,1392.1,128.07,539.0,1948.1,-161.6,-0.0901,166.14,1,0
2026-01-01T01:22:48Z,tube_leak,TUBE_LEAK,433.4,1390.9,127.76,541.0,1948.8,-167.3,-0.0901,168.36,1,0
2026-01-01T01:22:49Z,tube_leak,TUBE_LEAK,437.8,1392.3,128.81,540.0,1951.4,-155.7,-0.0896,167.68,1,0
2026-01-01T01:22:50Z,tube_leak,TUBE_LEAK,437.25,1392.9,127.86,539.7,1948.1,-161.7,-0.0901,169.18,1,0
2026-01-01T01:22:51Z,tube_leak,TUBE_LEAK,437.93,1391.6,128.11,541.1,1949.8,-160.3,-0.0882,168.18,1,0
2026-01-01T01:22:52Z,tube_leak,TUBE_LEAK,431.73,1393.0,128.76,539.5,1944.3,-168.9,-0.0905,167.94,1,0
2026-01-01T01:22:53Z,tube_leak,TUBE_LEAK,433.53,1392.4,127.98,541.5,1949.5,-174.8,-0.0894,168.13,1,0
2026-01-01T01:22:54Z,tube_leak,TUBE_LEAK,438.6,1396.1,127.39,540.0,1948.7,-154.2,-0.0914,167.64,1,0
2026-01-01T01:22:55Z,tube_leak,TUBE_LEAK,436.24,1388.2,128.04,541.4,1945.3,-160.6,-0.0907,168.84,1,0
2026-01-01T01:22:56Z,tube_leak,TUBE_LEAK,432.99,1389.7,127.31,538.7,1950.1,-153.9,-0.0891,168.24,1,0
2026-01-01T01:22:57Z,tube_leak,TUBE_LEAK,433.72,1393.2,128.61,538.7,1946.7,-161.0,-0.0909,167.43,1,0
2026-01-01T01:22:58Z,tube_leak,TUBE_LEAK,440.18,1391.3,128.17,540.5,1950.6,-167.7,-0.089,167.59,1,0
2026-01-01T01:22:59Z,tube_leak,TUBE_LEAK,436.02,1391.5,127.48,539.2,1952.3,-150.1,-0.0917,168.07,1,0
2026-01-01T01:23:00Z,tube_leak,TUBE_LEAK,438.9,1386.4,128.46,539.8,1947.8,-156.9,-0.0896,167.38,1,0
2026-01-01T01:23:01Z,tube_leak,TUBE_LEAK,433.04,1389.9,128.03,539.6,1946.6,-166.2,-0.0896,166.66,1,0
2026-01-01T01:23:02Z,tube_leak,TUBE_LEAK,434.33,1392.5,128.41,538.6,1950.7,-163.8,-0.0904,167.07,1,0
2026-01-01T01:23:03Z,tube_leak,TUBE_LEAK,436.46,1388.6,128.07,539.4,1946.3,-160.8,-0.091,166.65,1,0
2026-01-01T01:23:04Z,tube_leak,TUBE_LEAK,438.54,1389.6,127.6,538.5,1949.5,-161.2,-0.0895,167.49,1,0
2026-01-01T01:23:05Z,tube_leak,TUBE_LEAK,436.57,1393.3,127.28,539.9,1952.5,-166.2,-0.0895,168.77,1,0
2026-01-01T01:23:06Z,tube_leak,TUBE_LEAK,440.37,1392.1,128.72,538.8,1945.8,-155.5,-0.0894,168.59,1,0
2026-01-01T01:23:07Z,tube_leak,TUBE_LEAK,431.36,1388.8,127.68,538.6,1951.9,-162.6,-0.0908,165.89,1,0
2026-01-01T01:23:08Z,tube_leak,TUBE_LEAK,435.24,1390.8,128.64,539.2,1946.9,-159.5,-0.0882,168.43,1,0
2026-01-01T01:23:09Z,tube_leak,TUBE_LEAK,436.0,1393.3,128.17,538.8,1951.7,-154.5,-0.091,167.85,1,0
2026-01-01T01:23:10Z,tube_leak,TUBE_LEAK,435.4,1392.8,128.27,539.4,1947.5,-163.3,-0.0899,166.99,1,0
2026-01-01T01:23:11Z,tube_leak,TUBE_LEAK,434.34,1390.1,127.83,542.6,1941.6,-166.1,-0.0899,166.49,1,0
2026-01-01T01:23:12Z,tube_leak,TUBE_LEAK,432.51,1389.8,127.95,540.0,1942.6,-165.2,-0.0892,165.97,1,0
2026-01-01T01:23:13Z,tube_leak,TUBE_LEAK,431.51,1393.0,128.3,539.1,1952.7,-163.4,-0.0908,167.94,1,0
2026-01-01T01:23:14Z,tube_leak,TUBE_LEAK,434.48,1391.4,127.51,538.1,1949.5,-158.2,-0.0885,166.51,1,0
2026-01-01T01:23:15Z,tube_leak,TUBE_LEAK,436.0,1391.7,127.46,539.8,1952.2,-160.1,-0.0907,167.09,1,0
2026-01-01T01:23:16Z,tube_leak,TUBE_LEAK,436.15,1390.3,127.0,540.9,1944.8,-166.2,-0.0902,165.97,1,0
2026-01-01T01:23:17Z,tube_leak,TUBE_LEAK,436.88,1387.0,127.97,539.7,1948.5,-156.0,-0.0896,167.48,1,0
2026-01-01T01:23:18Z,tube_leak,TUBE_LEAK,437.49,1391.8,127.62,540.8,1947.7,-165.2,-0.0913,168.17,1,0
2026-01-01T01:23:19Z,tube_leak,TUBE_LEAK,435.71,1387.4,127.64,540.8,1949.4,-157.4,-0.0907,166.58,1,0
2026-01-01T01:23:20Z,tube_leak,TUBE_LEAK,433.66,1395.2,127.72,540.9,1948.5,-159.1,-0.09,165.86,1,0
2026-01-01T01:23:21Z,tube_leak,TUBE_LEAK,435.05,1392.7,128.22,537.9,1944.6,-156.5,-0.0888,168.52,1,0
2026-01-01T01:23:22Z,tube_leak,TUBE_LEAK,431.73,1389.0,128.5,538.4,1951.4,-161.4,-0.0887,165.75,1,0
2026-01-01T01:23:23Z,tube_leak,TUBE_LEAK,435.9,1395.7,128.34,540.1,1950.6,-163.0,-0.09,167.47,1,0
2026-01-01T01:23:24Z,tube_leak,TUBE_LEAK,431.94,1392.1,127.38,538.6,1950.0,-157.3,-0.0883,166.75,1,0
2026-01-01T01:23:25Z,tube_leak,TUBE_LEAK,433.33,1393.3,128.23,540.2,1950.5,-164.4,-0.089,168.42,1,0
2026-01-01T01:23:26Z,tube_leak,TUBE_LEAK,435.9,1395.8,127.57,540.2,1950.2,-159.1,-0.0919,167.95,1,0
2026-01-01T01:23:27Z,tube_leak,TUBE_LEAK,432.59,1389.7,127.5,540.4,1950.0,-153.6,-0.089,167.34,1,0
2026-01-01T01:23:28Z,tube_leak,TUBE_LEAK,440.65,1392.9,127.88,540.2,1944.8,-158.3,-0.0891,165.71,1,0
2026-01-01T01:23:29Z,tube_leak,TUBE_LEAK,437.94,1395.2,127.9,540.0,1947.1,-165.1,-0.0916,167.31,1,0
2026-01-01T01:23:30Z,tube_leak,TUBE_LEAK,431.93,1392.8,127.41,539.9,1948.7,-156.5,-0.0906,168.3,1,0
2026-01-01T01:23:31Z,tube_leak,TUBE_LEAK,432.55,1391.6,127.35,536.9,1946.6,-158.7,-0.0924,167.44,1,0
2026-01-01T01:23:32Z,tube_leak,TUBE_LEAK,435.5,1396.0,128.61,539.6,1942.8,-156.1,-0.0901,169.31,1,0
2026-01-01T01:23:33Z,tube_leak,TUBE_LEAK,433.03,1391.0,129.2,542.1,1952.0,-167.2,-0.0898,168.55,1,0
2026-01-01T01:23:34Z,tube_leak,TUBE_LEAK,437.13,1394.4,128.41,540.4,1944.2,-157.3,-0.0892,167.31,1,0
2026-01-01T01:23:35Z,tube_leak,TUBE_LEAK,429.7,1391.0,128.17,540.8,1950.1,-163.7,-0.0915,166.28,1,0
2026-01-01T01:23:36Z,tube_leak,TUBE_LEAK,436.3,1388.5,127.65,539.2,1946.5,-157.9,-0.0914,166.86,1,0
2026-01-01T01:23:37Z,tube_leak,TUBE_LEAK,437.25,1395.2,128.05,540.5,1951.4,-162.8,-0.0897,170.33,1,0
2026-01-01T01:23:38Z,tube_leak,TUBE_LEAK,436.52,1392.7,128.69,538.7,1950.1,-159.1,-0.0902,165.92,1,0
2026-01-01T01:23:39Z,tube_leak,TUBE_LEAK,432.58,1393.8,128.4,540.1,1947.9,-159.4,-0.0908,167.83,1,0
2026-01-01T01:23:40Z,tube_leak,TUBE_LEAK,434.28,1391.6,127.48,541.5,1950.1,-159.1,-0.0899,166.09,1,0
2026-01-01T01:23:41Z,tube_leak,TUBE_LEAK,437.44,1390.7,127.8,539.8,1951.6,-165.2,-0.0875,168.69,1,0
2026-01-01T01:23:42Z,tube_leak,TUBE_LEAK,437.35,1395.0,127.84,539.9,1944.7,-166.8,-0.0913,168.15,1,0
2026-01-01T01:23:43Z,tube_leak,TUBE_LEAK,432.03,1389.1,126.95,539.7,1950.1,-163.7,-0.0881,168.51,1,0
2026-01-01T01:23:44Z,tube_leak,TUBE_LEAK,431.41,1393.4,128.47,540.6,1947.1,-159.4,-0.0905,167.1,1,0
2026-01-01T01:23:45Z,tube_leak,TUBE_LEAK,440.24,1392.1,127.37,540.2,1953.6,-158.5,-0.09,166.56,1,0
2026-01-01T01:23:46Z,tube_leak,TUBE_LEAK,440.27,1398.1,128.7,540.1,1944.1,-159.0,-0.0913,166.65,1,0
2026-01-01T01:23:47Z,tube_leak,TUBE_LEAK,434.53,1390.8,128.13,540.0,1950.0,-159.2,-0.0884,168.17,1,0
2026-01-01T01:23:48Z,tube_leak,TUBE_LEAK,435.73,1391.3,127.63,541.0,1944.1,-156.6,-0.0905,166.21,1,0
2026-01-01T01:23:49Z,tube_leak,TUBE_LEAK,433.12,1390.3,127.89,542.5,1945.7,-164.3,-0.0889,165.81,1,0
2026-01-01T01:23:50Z,tube_leak,TUBE_LEAK,436.44,1391.5,127.56,541.0,1949.2,-159.8,-0.0888,166.08,1,0
2026-01-01T01:23:51Z,tube_leak,TUBE_LEAK,435.22,1393.6,127.81,539.6,1952.9,-151.1,-0.0917,167.62,1,0
2026-01-01T01:23:52Z,tube_leak,TUBE_LEAK,437.1,1392.6,127.74,541.4,1947.2,-158.6,-0.0912,166.37,1,0
2026-01-01T01:23:53Z,tube_leak,TUBE_LEAK,434.89,1390.4,127.87,539.3,1949.1,-162.1,-0.0901,167.46,1,0
2026-01-01T01:23:54Z,tube_leak,TUBE_LEAK,437.62,1394.0,127.73,540.9,1948.6,-157.7,-0.088,167.04,1,0
2026-01-01T01:23:55Z,tube_leak,TUBE_LEAK,437.79,1393.7,128.04,539.1,1943.2,-149.9,-0.0887,169.43,1,0
2026-01-01T01:23:56Z,tube_leak,TUBE_LEAK,434.59,1392.1,128.03,538.6,1949.0,-154.4,-0.0885,166.37,1,0
2026-01-01T01:23:57Z,tube_leak,TUBE_LEAK,439.14,1396.5,128.07,540.8,1948.8,-157.2,-0.0901,166.18,1,0
2026-01-01T01:23:58Z,tube_leak,TUBE_LEAK,435.85,1389.8,127.53,539.5,1950.5,-161.1,-0.0893,167.5,1,0
2026-01-01T01:23:59Z,tube_leak,TUBE_LEAK,435.08,1392.4,127.66,540.4,1946.9,-168.0,-0.0901,167.18,1,0
2026-01-01T01:24:00Z,tube_leak,TUBE_LEAK,438.42,1389.8,128.5,541.9,1954.5,-157.4,-0.0912,167.17,1,0
2026-01-01T01:24:01Z,tube_leak,TUBE_LEAK,436.57,1395.0,127.18,539.8,1943.5,-164.6,-0.09,167.26,1,0
2026-01-01T01:24:02Z,tube_leak,TUBE_LEAK,431.24,1393.5,127.68,539.3,1945.5,-160.2,-0.09,167.67,1,0
2026-01-01T01:24:03Z,tube_leak,TUBE_LEAK,437.16,1392.7,128.5,541.1,1944.4,-155.9,-0.0886,166.91,1,0
2026-01-01T01:24:04Z,tube_leak,TUBE_LEAK,442.83,1390.9,127.93,540.1,1950.5,-158.3,-0.0884,169.27,1,0
2026-01-01T01:24:05Z,tube_leak,TUBE_LEAK,434.87,1386.0,128.09,540.8,1954.2,-153.9,-0.0905,169.81,1,0
2026-01-01T01:24:06Z,tube_leak,TUBE_LEAK,432.76,1392.3,127.44,541.1,1944.3,-160.4,-0.0897,168.6,1,0
2026-01-01T01:24:07Z,tube_leak,TUBE_LEAK,435.23,1394.1,127.48,539.3,1949.6,-159.9,-0.089,164.99,1,0
2026-01-01T01:24:08Z,tube_leak,TUBE_LEAK,433.52,1394.1,127.36,539.7,1948.7,-162.0,-0.0897,167.98,1,0
2026-01-01T01:24:09Z,tube_leak,TUBE_LEAK,435.36,1390.6,127.63,538.8,1949.6,-164.2,-0.0904,166.6,1,0
2026-01-01T01:24:10Z,tube_leak,TUBE_LEAK,436.21,1394.7,128.13,539.0,1949.7,-164.2,-0.0895,168.22,1,0
2026-01-01T01:24:11Z,tube_leak,TUBE_LEAK,430.6,1395.2,128.36,541.0,1950.3,-162.4,-0.0902,168.48,1,0
2026-01-01T01:24:12Z,tube_leak,TUBE_LEAK,434.92,1393.6,128.66,539.9,1947.7,-164.6,-0.0899,167.81,1,0
2026-01-01T01:24:13Z,tube_leak,TUBE_LEAK,438.35,1393.4,128.14,539.9,1948.3,-166.4,-0.0898,166.83,1,0
2026-01-01T01:24:14Z,tube_leak,TUBE_LEAK,433.15,1390.9,128.48,540.2,1950.0,-162.7,-0.0903,166.11,1,0
2026-01-01T01:24:15Z,tube_leak,TUBE_LEAK,436.27,1392.5,126.1,537.8,1947.0,-157.0,-0.0895,168.57,1,0
2026-01-01T01:24:16Z,tube_leak,TUBE_LEAK,433.65,1388.6,128.14,540.2,1947.1,-158.5,-0.089,167.55,1,0
2026-01-01T01:24:17Z,tube_leak,TUBE_LEAK,431.91,1396.3,128.04,537.8,1948.5,-158.8,-0.0912,166.8,1,0
2026-01-01T01:24:18Z,tube_leak,TUBE_LEAK,436.56,1392.6,128.3,541.1,1945.4,-164.9,-0.0893,166.13,1,0
2026-01-01T01:24:19Z,tube_leak,TUBE_LEAK,439.92,1390.5,128.04,538.8,1948.2,-159.2,-0.0881,168.34,1,0
2026-01-01T01:24:20Z,tube_leak,TUBE_LEAK,436.14,1392.0,127.74,539.6,1953.3,-162.0,-0.0883,167.75,1,0
2026-01-01T01:24:21Z,tube_leak,TUBE_LEAK,434.48,1392.3,127.17,537.7,1947.5,-163.5,-0.0898,166.69,1,0
2026-01-01T01:24:22Z,tube_leak,TUBE_LEAK,435.93,1389.8,128.18,538.1,1951.5,-151.2,-0.0903,166.34,1,0
2026-01-01T01:24:23Z,tube_leak,TUBE_LEAK,432.41,1392.1,128.57,538.7,1950.0,-148.2,-0.0901,167.09,1,0
2026-01-01T01:24:24Z,tube_leak,TUBE_LEAK,435.74,1391.7,127.8,541.1,1948.2,-156.5,-0.0896,164.64,1,0
2026-01-01T01:24:25Z,tube_leak,TUBE_LEAK,432.38,1391.0,128.47,539.8,1948.3,-163.8,-0.0896,167.82,1,0
2026-01-01T01:24:26Z,tube_leak,TUBE_LEAK,435.04,1391.5,128.36,538.2,1945.5,-159.0,-0.0913,166.56,1,0
2026-01-01T01:24:27Z,tube_leak,TUBE_LEAK,434.36,1390.7,128.92,541.8,1945.9,-154.0,-0.09,167.59,1,0
2026-01-01T01:24:28Z,tube_leak,TUBE_LEAK,438.56,1393.1,128.15,540.2,1945.6,-160.9,-0.09,166.62,1,0
2026-01-01T01:24:29Z,tube_leak,TUBE_LEAK,433.54,1388.1,127.57,540.0,1947.5,-160.6,-0.0892,167.89,1,0
2026-01-01T01:24:30Z,tube_leak,TUBE_LEAK,435.21,1391.6,128.19,541.9,1950.9,-156.9,-0.0896,167.02,1,0
2026-01-01T01:24:31Z,tube_leak,TUBE_LEAK,432.48,1393.5,127.94,539.9,1948.0,-158.1,-0.0874,168.19,1,0
2026-01-01T01:24:32Z,tube_leak,TUBE_LEAK,436.27,1390.0,127.83,539.5,1947.8,-156.8,-0.0896,167.02,1,0
2026-01-01T01:24:33Z,tube_leak,TUBE_LEAK,436.23,1394.7,128.66,540.7,1950.6,-160.9,-0.0891,166.3,1,0
2026-01-01T01:24:34Z,tube_leak,TUBE_LEAK,430.49,1390.6,128.21,539.2,1954.8,-155.0,-0.0902,168.84,1,0
2026-01-01T01:24:35Z,tube_leak,TUBE_LEAK,438.39,1393.5,128.05,539.8,1947.2,-159.4,-0.0903,167.49,1,0
2026-01-01T01:24:36Z,tube_leak,TUBE_LEAK,434.9,1390.1,127.78,538.8,1945.8,-161.7,-0.0896,166.91,1,0
2026-01-01T01:24:37Z,tube_leak,TUBE_LEAK,432.94,1388.2,128.17,542.5,1947.9,-158.1,-0.0905,167.85,1,0
2026-01-01T01:24:38Z,tube_leak,TUBE_LEAK,439.56,1396.0,128.94,540.4,1946.2,-162.2,-0.0895,167.99,1,0
2026-01-01T01:24:39Z,tube_leak,TUBE_LEAK,436.72,1390.7,128.72,540.7,1947.7,-157.1,-0.0901,167.27,1,0
2026-01-01T01:24:40Z,tube_leak,TUBE_LEAK,433.66,1392.8,128.77,538.2,1951.7,-168.1,-0.0884,169.68,1,0
2026-01-01T01:24:41Z,tube_leak,TUBE_LEAK,433.9,1392.1,128.25,539.2,1946.7,-163.8,-0.0904,168.1,1,0
2026-01-01T01:24:42Z,tube_leak,TUBE_LEAK,439.24,1393.1,128.22,542.8,1951.5,-161.3,-0.0901,168.17,1,0
2026-01-01T01:24:43Z,tube_leak,TUBE_LEAK,436.77,1393.0,127.22,540.0,1952.5,-158.9,-0.0896,167.81,1,0
2026-01-01T01:24:44Z,tube_leak,TUBE_LEAK,433.31,1393.3,128.36,540.5,1944.5,-160.9,-0.0901,168.42,1,0
2026-01-01T01:24:45Z,tube_leak,TUBE_LEAK,439.26,1391.2,128.06,540.8,1943.0,-170.8,-0.0894,166.77,1,0
2026-01-01T01:24:46Z,tube_leak,TUBE_LEAK,434.16,1388.9,128.47,539.7,1948.6,-167.2,-0.0889,167.9,1,0
2026-01-01T01:24:47Z,tube_leak,TUBE_LEAK,435.45,1387.6,128.34,540.1,1951.7,-159.9,-0.0908,168.58,1,0
2026-01-01T01:24:48Z,tube_leak,TUBE_LEAK,431.75,1391.2,127.93,540.1,1943.9,-165.4,-0.09,167.22,1,0
2026-01-01T01:24:49Z,tube_leak,TUBE_LEAK,436.24,1391.8,128.65,539.9,1951.7,-152.2,-0.0914,167.81,1,0
2026-01-01T01:24:50Z,tube_leak,TUBE_LEAK,435.66,1390.5,128.41,540.6,1949.7,-157.6,-0.0908,166.56,1,0
2026-01-01T01:24:51Z,tube_leak,TUBE_LEAK,442.29,1389.9,127.92,538.5,1946.7,-154.9,-0.0901,166.05,1,0
2026-01-01T01:24:52Z,tube_leak,TUBE_LEAK,436.75,1389.5,128.06,539.4,1949.0,-159.7,-0.0886,165.48,1,0
2026-01-01T01:24:53Z,tube_leak,TUBE_LEAK,436.01,1391.9,128.35,540.1,1949.4,-164.5,-0.0902,168.42,1,0
2026-01-01T01:24:54Z,tube_leak,TUBE_LEAK,434.46,1393.5,128.18,538.4,1947.6,-168.0,-0.0884,168.92,1,0
2026-01-01T01:24:55Z,tube_leak,TUBE_LEAK,440.41,1390.1,127.91,540.3,1947.7,-153.7,-0.0915,169.46,1,0
2026-01-01T01:24:56Z,tube_leak,TUBE_LEAK,435.77,1391.8,127.26,538.5,1953.5,-161.0,-0.0907,168.39,1,0
2026-01-01T01:24:57Z,tube_leak,TUBE_LEAK,437.59,1391.7,128.23,539.7,1947.2,-159.1,-0.09,168.51,1,0
2026-01-01T01:24:58Z,tube_leak,TUBE_LEAK,440.18,1394.7,127.5,539.2,1951.0,-161.4,-0.0889,167.9,1,0
2026-01-01T01:24:59Z,tube_leak,TUBE_LEAK,434.76,1394.1,127.96,540.3,1950.4,-164.5,-0.0905,167.66,1,0
2026-01-01T01:25:00Z,tube_leak,TUBE_LEAK,437.46,1392.8,128.24,540.8,1945.4,-150.6,-0.0896,168.87,1,0
2026-01-01T01:25:01Z,tube_leak,TUBE_LEAK,436.56,1395.1,127.69,540.2,1949.1,-158.9,-0.0907,167.09,1,0
2026-01-01T01:25:02Z,tube_leak,TUBE_LEAK,437.18,1392.8,127.9,539.6,1948.9,-146.2,-0.0907,166.86,1,0
2026-01-01T01:25:03Z,tube_leak,TUBE_LEAK,431.97,1391.2,127.49,539.6,1947.2,-162.3,-0.089,166.13,1,0
2026-01-01T01:25:04Z,tube_leak,TUBE_LEAK,431.02,1389.1,129.1,540.4,1949.4,-172.3,-0.0893,168.61,1,0
2026-01-01T01:25:05Z,tube_leak,TUBE_LEAK,431.06,1387.6,127.78,540.2,1950.8,-168.1,-0.0892,167.19,1,0
2026-01-01T01:25:06Z,tube_leak,TUBE_LEAK,434.55,1394.0,128.53,539.6,1948.6,-153.6,-0.0904,167.96,1,0
2026-01-01T01:25:07Z,tube_leak,TUBE_LEAK,437.56,1390.5,128.15,539.8,1947.0,-166.6,-0.0876,167.46,1,0
2026-01-01T01:25:08Z,tube_leak,TUBE_LEAK,435.1,1397.8,128.64,539.7,1950.7,-155.3,-0.0887,167.6,1,0
2026-01-01T01:25:09Z,tube_leak,TUBE_LEAK,437.24,1390.4,128.2,540.4,1947.3,-156.3,-0.0896,166.82,1,0
2026-01-01T01:25:10Z,tube_leak,TUBE_LEAK,430.14,1391.3,127.8,540.8,1950.7,-159.8,-0.0882,166.57,1,0
2026-01-01T01:25:11Z,tube_leak,TUBE_LEAK,432.52,1391.5,128.12,539.6,1948.9,-162.5,-0.0891,165.97,1,0
2026-01-01T01:25:12Z,tube_leak,TUBE_LEAK,430.73,1391.4,128.39,541.8,1950.7,-168.0,-0.0886,166.16,1,0
2026-01-01T01:25:13Z,tube_leak,TUBE_LEAK,434.77,1392.3,127.68,540.3,1953.3,-159.3,-0.0899,167.8,1,0
2026-01-01T01:25:14Z,tube_leak,TUBE_LEAK,432.17,1391.1,128.81,540.2,1946.6,-164.2,-0.0905,167.8,1,0
2026-01-01T01:25:15Z,tube_leak,TUBE_LEAK,434.65,1391.3,128.17,539.6,1949.3,-159.9,-0.0905,167.51,1,0
2026-01-01T01:25:16Z,tube_leak,TUBE_LEAK,431.72,1392.7,128.41,539.9,1951.0,-162.3,-0.0893,167.16,1,0
2026-01-01T01:25:17Z,tube_leak,TUBE_LEAK,436.96,1389.8,128.25,540.0,1947.5,-154.4,-0.0897,166.4,1,0
2026-01-01T01:25:18Z,tube_leak,TUBE_LEAK,432.98,1391.4,128.57,541.0,1945.5,-166.2,-0.0908,168.31,1,0
2026-01-01T01:25:19Z,tube_leak,TUBE_LEAK,432.37,1390.3,127.71,540.1,1945.3,-154.3,-0.0898,169.04,1,0
2026-01-01T01:25:20Z,tube_leak,TUBE_LEAK,436.27,1397.0,128.55,539.6,1953.1,-158.0,-0.0903,167.17,1,0
2026-01-01T01:25:21Z,tube_leak,TUBE_LEAK,434.64,1391.5,127.28,540.9,1945.5,-172.4,-0.0893,167.11,1,0
2026-01-01T01:25:22Z,tube_leak,TUBE_LEAK,434.15,1390.4,128.54,540.1,1942.9,-161.1,-0.0892,168.54,1,0
2026-01-01T01:25:23Z,tube_leak,TUBE_LEAK,432.54,1391.9,127.93,539.6,1946.7,-163.9,-0.0883,166.73,1,0
2026-01-01T01:25:24Z,tube_leak,TUBE_LEAK,432.7,1390.1,127.94,540.0,1948.0,-162.9,-0.0899,169.13,1,0
2026-01-01T01:25:25Z,tube_leak,TUBE_LEAK,431.23,1393.2,128.08,540.7,1950.8,-159.0,-0.0871,168.97,1,0
2026-01-01T01:25:26Z,tube_leak,TUBE_LEAK,435.35,1392.7,127.58,541.2,1947.6,-168.8,-0.09,166.92,1,0
2026-01-01T01:25:27Z,tube_leak,TUBE_LEAK,435.85,1392.7,128.56,540.0,1950.4,-161.4,-0.0907,167.73,1,0
2026-01-01T01:25:28Z,tube_leak,TUBE_LEAK,429.94,1391.0,128.0,538.4,1947.9,-156.2,-0.0877,166.96,1,0
2026-01-01T01:25:29Z,tube_leak,TUBE_LEAK,435.7,1390.0,127.63,542.0,1949.9,-160.1,-0.0892,168.05,1,0
2026-01-01T01:25:30Z,tube_leak,TUBE_LEAK,431.73,1391.4,127.7,540.4,1948.4,-160.7,-0.0914,167.07,1,0
2026-01-01T01:25:31Z,tube_leak,TUBE_LEAK,436.51,1391.0,127.85,539.9,1947.5,-152.9,-0.0916,167.74,1,0
2026-01-01T01:25:32Z,tube_leak,TUBE_LEAK,436.96,1390.7,128.06,539.9,1947.9,-160.3,-0.0911,165.32,1,0
2026-01-01T01:25:33Z,tube_leak,TUBE_LEAK,437.38,1390.6,127.4,538.9,1947.6,-163.6,-0.0883,166.89,1,0
2026-01-01T01:25:34Z,tube_leak,TUBE_LEAK,436.22,1394.2,128.09,540.3,1950.1,-152.6,-0.0877,167.98,1,0
2026-01-01T01:25:35Z,tube_leak,TUBE_LEAK,433.32,1391.6,128.34,538.2,1952.2,-157.0,-0.0904,166.36,1,0
2026-01-01T01:25:36Z,tube_leak,TUBE_LEAK,437.02,1396.1,128.05,538.7,1950.3,-152.1,-0.0891,167.51,1,0
2026-01-01T01:25:37Z,tube_leak,TUBE_LEAK,434.88,1391.9,128.49,539.3,1948.6,-164.0,-0.0897,167.74,1,0
2026-01-01T01:25:38Z,tube_leak,TUBE_LEAK,434.42,1394.0,127.3,539.2,1950.3,-152.8,-0.0915,168.48,1,0
2026-01-01T01:25:39Z,tube_leak,TUBE_LEAK,435.53,1393.4,127.9,538.6,1950.2,-161.9,-0.0915,167.6,1,0
2026-01-01T01:25:40Z,tube_leak,TUBE_LEAK,432.02,1391.1,127.3,541.6,1947.8,-162.7,-0.0905,166.33,1,0
2026-01-01T01:25:41Z,tube_leak,TUBE_LEAK,436.51,1392.3,128.18,541.1,1945.1,-156.0,-0.09,168.34,1,0
2026-01-01T01:25:42Z,tube_leak,TUBE_LEAK,437.43,1390.8,127.5,539.9,1950.8,-155.2,-0.0901,167.38,1,0
2026-01-01T01:25:43Z,tube_leak,TUBE_LEAK,437.97,1395.7,127.76,538.9,1951.3,-158.0,-0.0887,167.73,1,0
2026-01-01T01:25:44Z,tube_leak,TUBE_LEAK,432.31,1393.2,128.28,541.1,1949.0,-153.1,-0.0897,168.9,1,0
2026-01-01T01:25:45Z,tube_leak,TUBE_LEAK,433.31,1394.5,128.14,541.7,1952.4,-157.7,-0.0886,169.58,1,0
2026-01-01T01:25:46Z,tube_leak,TUBE_LEAK,436.1,1394.0,128.22,539.9,1946.3,-157.9,-0.0906,167.06,1,0
2026-01-01T01:25:47Z,tube_leak,TUBE_LEAK,435.5,1389.4,127.95,539.3,1950.6,-160.6,-0.0913,168.01,1,0
2026-01-01T01:25:48Z,tube_leak,TUBE_LEAK,436.02,1390.1,128.13,539.7,1943.1,-155.6,-0.0891,165.96,1,0
2026-01-01T01:25:49Z,tube_leak,TUBE_LEAK,439.27,1397.3,128.2,539.1,1947.8,-160.6,-0.0909,167.02,1,0
2026-01-01T01:25:50Z,tube_leak,TUBE_LEAK,436.02,1392.2,127.94,539.6,1952.5,-151.5,-0.0892,167.48,1,0
2026-01-01T01:25:51Z,tube_leak,TUBE_LEAK,440.7,1395.5,128.09,539.8,1944.1,-163.2,-0.0891,168.38,1,0
2026-01-01T01:25:52Z,tube_leak,TUBE_LEAK,434.21,1393.7,128.36,541.7,1941.0,-163.8,-0.0903,167.65,1,0
2026-01-01T01:25:53Z,tube_leak,TUBE_LEAK,439.04,1390.4,128.38,540.8,1949.5,-160.2,-0.0915,168.32,1,0
2026-01-01T01:25:54Z,tube_leak,TUBE_LEAK,432.23,1390.1,127.91,540.3,1949.0,-153.6,-0.0898,167.23,1,0
2026-01-01T01:25:55Z,tube_leak,TUBE_LEAK,433.2,1393.8,128.46,540.5,1944.7,-162.2,-0.089,167.21,1,0
2026-01-01T01:25:56Z,tube_leak,TUBE_LEAK,436.7,1391.4,128.02,541.6,1950.3,-164.5,-0.0883,168.49,1,0
2026-01-01T01:25:57Z,tube_leak,TUBE_LEAK,434.75,1393.4,127.43,540.1,1945.1,-159.8,-0.0914,166.89,1,0
2026-01-01T01:25:58Z,tube_leak,TUBE_LEAK,434.62,1393.8,128.02,540.4,1955.6,-161.9,-0.0915,167.35,1,0
2026-01-01T01:25:59Z,tube_leak,TUBE_LEAK,432.99,1392.6,128.77,538.5,1950.3,-153.5,-0.0897,167.46,1,0
2026-01-01T01:26:00Z,tube_leak,TUBE_LEAK,436.34,1393.2,128.47,540.0,1950.8,-164.8,-0.0895,167.67,1,0
2026-01-01T01:26:01Z,tube_leak,TUBE_LEAK,432.01,1392.3,127.35,538.8,1945.6,-163.3,-0.0891,167.91,1,0
2026-01-01T01:26:02Z,tube_leak,TUBE_LEAK,435.16,1392.1,128.08,541.6,1949.3,-157.1,-0.0902,168.16,1,0
2026-01-01T01:26:03Z,tube_leak,TUBE_LEAK,437.06,1385.9,127.98,539.8,1949.3,-156.3,-0.0908,166.72,1,0
2026-01-01T01:26:04Z,tube_leak,TUBE_LEAK,437.45,1390.4,128.81,540.1,1946.3,-151.0,-0.089,167.57,1,0
2026-01-01T01:26:05Z,tube_leak,TUBE_LEAK,437.09,1389.8,127.07,538.8,1952.3,-159.9,-0.0902,166.31,1,0
2026-01-01T01:26:06Z,tube_leak,TUBE_LEAK,433.79,1391.0,128.23,540.3,1948.2,-157.2,-0.0909,167.65,1,0
2026-01-01T01:26:07Z,tube_leak,TUBE_LEAK,434.4,1393.8,129.01,540.6,1946.1,-156.9,-0.0907,168.33,1,0
2026-01-01T01:26:08Z,tube_leak,TUBE_LEAK,433.29,1391.8,128.11,540.3,1955.3,-159.3,-0.0917,167.52,1,0
2026-01-01T01:26:09Z,tube_leak,TUBE_LEAK,437.28,1392.0,128.98,540.8,1952.2,-160.3,-0.0914,167.27,1,0
2026-01-01T01:26:10Z,tube_leak,TUBE_LEAK,436.97,1391.6,128.48,540.3,1949.7,-168.1,-0.0883,166.66,1,0
2026-01-01T01:26:11Z,tube_leak,TUBE_LEAK,429.35,1394.9,127.91,539.7,1944.1,-148.1,-0.0909,167.85,1,0
2026-01-01T01:26:12Z,tube_leak,TUBE_LEAK,435.5,1390.9,127.87,540.9,1945.0,-164.6,-0.0896,167.7,1,0
2026-01-01T01:26:13Z,tube_leak,TUBE_LEAK,435.97,1395.3,128.73,538.9,1954.3,-170.1,-0.0904,168.27,1,0
2026-01-01T01:26:14Z,tube_leak,TUBE_LEAK,435.51,1390.5,128.11,539.0,1950.7,-152.0,-0.0899,167.66,1,0
2026-01-01T01:26:15Z,tube_leak,TUBE_LEAK,436.73,1395.8,127.12,539.5,1947.1,-152.7,-0.0887,167.08,1,0
2026-01-01T01:26:16Z,tube_leak,TUBE_LEAK,434.43,1392.4,127.72,538.1,1948.1,-167.5,-0.0917,167.33,1,0
2026-01-01T01:26:17Z,tube_leak,TUBE_LEAK,434.33,1391.9,128.56,540.9,1951.8,-146.8,-0.0889,167.01,1,0
2026-01-01T01:26:18Z,tube_leak,TUBE_LEAK,434.93,1392.9,128.16,539.1,1954.0,-165.6,-0.0891,166.45,1,0
2026-01-01T01:26:19Z,tube_leak,TUBE_LEAK,435.98,1391.1,127.97,538.6,1951.7,-164.7,-0.0903,166.7,1,0
2026-01-01T01:26:20Z,tube_leak,TUBE_LEAK,435.89,1391.7,128.46,541.5,1947.9,-150.4,-0.0908,169.16,1,0
2026-01-01T01:26:21Z,tube_leak,TUBE_LEAK,432.36,1390.3,128.5,539.5,1947.2,-155.9,-0.089,166.13,1,0
2026-01-01T01:26:22Z,tube_leak,TUBE_LEAK,429.12,1392.4,128.67,540.5,1951.4,-161.7,-0.0882,165.42,1,0
2026-01-01T01:26:23Z,tube_leak,TUBE_LEAK,434.09,1392.3,127.9,539.6,1949.4,-164.0,-0.0899,168.62,1,0
2026-01-01T01:26:24Z,tube_leak,TUBE_LEAK,432.57,1392.2,127.53,540.1,1944.8,-163.7,-0.0898,167.98,1,0
2026-01-01T01:26:25Z,tube_leak,TUBE_LEAK,436.9,1391.5,127.54,539.3,1944.9,-158.7,-0.0909,167.63,1,0
2026-01-01T01:26:26Z,tube_leak,TUBE_LEAK,428.25,1393.7,128.04,539.8,1946.7,-162.8,-0.0911,165.49,1,0
2026-01-01T01:26:27Z,tube_leak,TUBE_LEAK,431.6,1391.3,127.59,538.0,1950.8,-149.1,-0.091,167.3,1,0
2026-01-01T01:26:28Z,tube_leak,TUBE_LEAK,432.84,1390.9,127.95,540.5,1947.5,-164.4,-0.0902,168.72,1,0
2026-01-01T01:26:29Z,tube_leak,TUBE_LEAK,432.34,1393.1,128.5,539.9,1951.3,-164.4,-0.091,167.61,1,0
2026-01-01T01:26:30Z,tube_leak,TUBE_LEAK,434.07,1391.7,128.24,539.9,1947.9,-164.1,-0.0884,167.86,1,0
2026-01-01T01:26:31Z,tube_leak,TUBE_LEAK,432.55,1390.1,127.66,538.4,1948.6,-156.0,-0.0911,167.76,1,0
2026-01-01T01:26:32Z,tube_leak,TUBE_LEAK,433.71,1393.2,127.92,538.9,1947.9,-159.1,-0.0906,168.43,1,0
2026-01-01T01:26:33Z,tube_leak,TUBE_LEAK,433.13,1390.0,127.97,540.3,1948.3,-158.0,-0.091,166.58,1,0
2026-01-01T01:26:34Z,tube_leak,TUBE_LEAK,437.23,1391.2,128.55,540.0,1950.7,-154.4,-0.0895,166.99,1,0
2026-01-01T01:26:35Z,tube_leak,TUBE_LEAK,429.76,1394.5,127.81,539.7,1952.0,-163.6,-0.0907,166.49,1,0
2026-01-01T01:26:36Z,tube_leak,TUBE_LEAK,434.93,1392.0,127.91,539.1,1951.9,-155.9,-0.0903,166.86,1,0
2026-01-01T01:26:37Z,tube_leak,TUBE_LEAK,436.14,1389.3,128.5,539.9,1954.2,-163.0,-0.0862,165.72,1,0
2026-01-01T01:26:38Z,tube_leak,TUBE_LEAK,430.74,1392.5,128.13,538.2,1949.3,-162.0,-0.0883,167.28,1,0
2026-01-01T01:26:39Z,tube_leak,TUBE_LEAK,437.32,1392.8,127.33,540.9,1948.2,-169.7,-0.0909,168.01,1,0
2026-01-01T01:26:40Z,tube_leak,TUBE_LEAK,435.2,1393.4,127.68,539.7,1946.6,-160.8,-0.0895,167.27,1,0
2026-01-01T01:26:41Z,tube_leak,TUBE_LEAK,435.4,1391.0,127.73,538.7,1948.2,-159.4,-0.09,168.48,1,0
2026-01-01T01:26:42Z,tube_leak,TUBE_LEAK,435.73,1390.5,127.88,540.0,1947.6,-155.4,-0.0903,169.95,1,0
2026-01-01T01:26:43Z,tube_leak,TUBE_LEAK,435.02,1393.5,127.58,539.6,1949.9,-158.5,-0.0906,167.61,1,0
2026-01-01T01:26:44Z,tube_leak,TUBE_LEAK,438.01,1390.4,128.45,538.7,1951.5,-165.2,-0.0882,166.12,1,0
2026-01-01T01:26:45Z,tube_leak,TUBE_LEAK,435.18,1392.2,128.74,540.2,1949.1,-159.2,-0.09,168.46,1,0
2026-01-01T01:26:46Z,tube_leak,TUBE_LEAK,438.49,1392.5,127.57,540.6,1948.1,-159.3,-0.0888,166.88,1,0
2026-01-01T01:26:47Z,tube_leak,TUBE_LEAK,436.15,1391.1,128.1,539.1,1949.0,-160.8,-0.0903,169.92,1,0
2026-01-01T01:26:48Z,tube_leak,TUBE_LEAK,438.2,1390.8,127.64,541.4,1948.2,-162.6,-0.0909,167.96,1,0
2026-01-01T01:26:49Z,tube_leak,TUBE_LEAK,437.05,1389.6,128.25,541.0,1955.3,-166.2,-0.0918,166.64,1,0
2026-01-01T01:26:50Z,tube_leak,TUBE_LEAK,435.6,1390.7,128.25,539.1,1950.2,-163.6,-0.0897,167.84,1,0
2026-01-01T01:26:51Z,tube_leak,TUBE_LEAK,434.5,1395.5,126.78,540.8,1954.0,-154.9,-0.0905,165.12,1,0
2026-01-01T01:26:52Z,tube_leak,TUBE_LEAK,438.58,1389.4,128.74,539.1,1951.7,-158.3,-0.0894,167.75,1,0
2026-01-01T01:26:53Z,tube_leak,TUBE_LEAK,434.12,1391.8,127.4,538.3,1946.6,-159.7,-0.0896,168.4,1,0
2026-01-01T01:26:54Z,tube_leak,TUBE_LEAK,435.8,1390.8,127.65,539.2,1946.9,-170.2,-0.0903,169.1,1,0
2026-01-01T01:26:55Z,tube_leak,TUBE_LEAK,437.55,1394.1,128.78,540.6,1944.1,-162.1,-0.0913,168.27,1,0
2026-01-01T01:26:56Z,tube_leak,TUBE_LEAK,433.05,1392.7,128.96,540.6,1953.5,-162.9,-0.0912,166.42,1,0
2026-01-01T01:26:57Z,tube_leak,TUBE_LEAK,431.62,1391.8,128.59,539.1,1952.8,-172.5,-0.091,169.03,1,0
2026-01-01T01:26:58Z,tube_leak,TUBE_LEAK,434.88,1393.3,127.12,538.1,1943.7,-156.0,-0.092,167.06,1,0
2026-01-01T01:26:59Z,tube_leak,TUBE_LEAK,436.24,1389.3,126.49,540.1,1953.2,-155.7,-0.0892,163.8,1,0
2026-01-01T01:27:00Z,tube_leak,TUBE_LEAK,434.17,1395.1,128.27,538.1,1949.0,-151.5,-0.0898,166.37,1,0
2026-01-01T01:27:01Z,tube_leak,TUBE_LEAK,434.84,1392.9,128.3,539.4,1944.5,-152.7,-0.0896,167.11,1,0
2026-01-01T01:27:02Z,tube_leak,TUBE_LEAK,434.72,1395.4,127.79,539.2,1948.2,-152.2,-0.0897,167.64,1,0
2026-01-01T01:27:03Z,tube_leak,TUBE_LEAK,432.27,1390.0,127.85,539.6,1945.1,-166.1,-0.0908,168.56,1,0
2026-01-01T01:27:04Z,tube_leak,TUBE_LEAK,435.53,1394.1,127.58,541.6,1949.1,-155.7,-0.0901,168.33,1,0
2026-01-01T01:27:05Z,tube_leak,TUBE_LEAK,438.29,1391.4,128.0,542.1,1949.0,-166.3,-0.0903,166.77,1,0
2026-01-01T01:27:06Z,tube_leak,TUBE_LEAK,438.29,1392.3,128.56,541.9,1948.8,-162.4,-0.0914,169.27,1,0
2026-01-01T01:27:07Z,tube_leak,TUBE_LEAK,438.08,1391.3,128.05,542.1,1947.7,-157.3,-0.0897,167.52,1,0
2026-01-01T01:27:08Z,tube_leak,TUBE_LEAK,435.2,1389.2,128.03,539.3,1950.4,-153.6,-0.0896,167.1,1,0
2026-01-01T01:27:09Z,tube_leak,TUBE_LEAK,437.97,1390.1,128.06,539.0,1944.9,-150.6,-0.0882,167.39,1,0
2026-01-01T01:27:10Z,tube_leak,TUBE_LEAK,436.62,1390.9,127.51,540.0,1945.0,-150.6,-0.0907,167.27,1,0
2026-01-01T01:27:11Z,tube_leak,TUBE_LEAK,436.8,1391.9,128.03,541.3,1948.5,-158.1,-0.0908,167.04,1,0
2026-01-01T01:27:12Z,tube_leak,TUBE_LEAK,437.91,1391.6,127.67,540.9,1942.5,-155.8,-0.0897,166.28,1,0
2026-01-01T01:27:13Z,tube_leak,TUBE_LEAK,437.32,1389.6,127.47,539.5,1948.0,-169.3,-0.0899,168.56,1,0
2026-01-01T01:27:14Z,tube_leak,TUBE_LEAK,436.2,1394.9,128.61,540.6,1946.2,-158.0,-0.0912,165.93,1,0
2026-01-01T01:27:15Z,tube_leak,TUBE_LEAK,434.12,1390.5,128.03,538.6,1948.1,-169.4,-0.09,166.56,1,0
2026-01-01T01:27:16Z,tube_leak,TUBE_LEAK,431.75,1393.4,127.79,539.1,1942.5,-157.9,-0.0891,166.9,1,0
2026-01-01T01:27:17Z,tube_leak,TUBE_LEAK,439.21,1390.6,127.53,540.0,1946.2,-158.7,-0.0896,166.26,1,0
2026-01-01T01:27:18Z,tube_leak,TUBE_LEAK,436.3,1392.2,126.96,540.2,1948.0,-162.2,-0.09,169.25,1,0
2026-01-01T01:27:19Z,tube_leak,TUBE_LEAK,434.33,1391.7,127.6,540.2,1945.1,-163.4,-0.089,165.48,1,0
2026-01-01T01:27:20Z,tube_leak,TUBE_LEAK,434.93,1398.6,128.11,540.6,1951.3,-154.3,-0.0901,169.6,1,0
2026-01-01T01:27:21Z,tube_leak,TUBE_LEAK,434.55,1395.0,128.02,540.5,1942.3,-158.9,-0.091,166.11,1,0
2026-01-01T01:27:22Z,tube_leak,TUBE_LEAK,435.94,1392.0,128.31,540.2,1943.5,-153.4,-0.092,165.78,1,0
2026-01-01T01:27:23Z,tube_leak,TUBE_LEAK,437.25,1392.9,128.13,539.3,1951.1,-156.2,-0.0883,167.25,1,0
2026-01-01T01:27:24Z,tube_leak,TUBE_LEAK,432.13,1393.8,127.97,540.4,1953.3,-158.6,-0.0899,168.1,1,0
2026-01-01T01:27:25Z,tube_leak,TUBE_LEAK,433.7,1393.6,128.78,539.9,1947.4,-160.6,-0.0908,165.53,1,0
2026-01-01T01:27:26Z,tube_leak,TUBE_LEAK,435.0,1391.7,128.82,540.1,1954.1,-155.2,-0.0899,167.9,1,0
2026-01-01T01:27:27Z,tube_leak,TUBE_LEAK,436.77,1394.2,128.91,540.6,1947.7,-159.9,-0.0901,165.44,1,0
2026-01-01T01:27:28Z,tube_leak,TUBE_LEAK,434.53,1390.5,128.6,539.6,1951.3,-159.4,-0.0914,166.96,1,0
2026-01-01T01:27:29Z,tube_leak,TUBE_LEAK,437.39,1393.3,128.23,541.9,1947.0,-151.0,-0.09,168.29,1,0
2026-01-01T01:27:30Z,tube_leak,TUBE_LEAK,436.83,1393.3,128.05,539.7,1944.7,-158.0,-0.0911,167.53,1,0
2026-01-01T01:27:31Z,tube_leak,TUBE_LEAK,431.6,1391.5,128.23,540.2,1949.6,-158.8,-0.0893,168.63,1,0
2026-01-01T01:27:32Z,tube_leak,TUBE_LEAK,433.07,1392.0,127.13,538.3,1947.9,-160.3,-0.0896,167.75,1,0
2026-01-01T01:27:33Z,tube_leak,TUBE_LEAK,437.13,1392.7,127.57,540.7,1951.0,-163.9,-0.0907,168.71,1,0
2026-01-01T01:27:34Z,tube_leak,TUBE_LEAK,432.72,1392.5,127.13,538.9,1949.5,-163.4,-0.0914,166.01,1,0
2026-01-01T01:27:35Z,tube_leak,TUBE_LEAK,433.58,1394.4,127.94,539.2,1944.7,-159.5,-0.0877,168.81,1,0
2026-01-01T01:27:36Z,tube_leak,TUBE_LEAK,436.76,1388.9,127.86,538.7,1945.3,-165.9,-0.0889,167.03,1,0
2026-01-01T01:27:37Z,tube_leak,TUBE_LEAK,430.26,1391.0,127.86,540.6,1949.1,-159.9,-0.0903,168.11,1,0
2026-01-01T01:27:38Z,tube_leak,TUBE_LEAK,434.84,1393.4,127.92,541.8,1951.2,-152.2,-0.09,167.42,1,0
2026-01-01T01:27:39Z,tube_leak,TUBE_LEAK,438.51,1396.1,127.56,540.2,1946.9,-158.9,-0.0904,166.14,1,0
2026-01-01T01:27:40Z,tube_leak,TUBE_LEAK,436.49,1388.7,128.44,540.6,1946.1,-160.8,-0.0884,168.67,1,0
2026-01-01T01:27:41Z,tube_leak,TUBE_LEAK,439.63,1396.5,128.1,540.6,1950.1,-165.5,-0.0885,168.44,1,0
2026-01-01T01:27:42Z,tube_leak,TUBE_LEAK,436.12,1393.8,128.06,540.7,1953.8,-158.4,-0.0877,168.26,1,0
2026-01-01T01:27:43Z,tube_leak,TUBE_LEAK,437.76,1390.7,128.9,539.7,1949.3,-160.1,-0.0891,166.7,1,0
2026-01-01T01:27:44Z,tube_leak,TUBE_LEAK,431.52,1393.3,128.67,541.1,1946.3,-160.1,-0.0902,166.78,1,0
2026-01-01T01:27:45Z,tube_leak,TUBE_LEAK,433.25,1393.0,128.27,539.0,1947.5,-159.8,-0.0897,167.83,1,0
2026-01-01T01:27:46Z,tube_leak,TUBE_LEAK,434.02,1392.5,127.01,539.2,1954.5,-162.2,-0.0874,164.75,1,0
2026-01-01T01:27:47Z,tube_leak,TUBE_LEAK,440.48,1388.8,128.22,539.7,1945.3,-150.0,-0.0919,167.66,1,0
2026-01-01T01:27:48Z,tube_leak,TUBE_LEAK,434.07,1392.2,127.95,540.0,1946.4,-156.8,-0.0905,166.84,1,0
2026-01-01T01:27:49Z,tube_leak,TUBE_LEAK,439.71,1391.8,128.46,540.7,1949.4,-149.8,-0.0894,166.58,1,0
2026-01-01T01:27:50Z,tube_leak,TUBE_LEAK,433.52,1391.5,126.66,540.6,1947.4,-156.4,-0.0909,167.81,1,0
2026-01-01T01:27:51Z,tube_leak,TUBE_LEAK,432.18,1390.7,127.73,538.5,1949.6,-163.3,-0.0895,166.63,1,0
2026-01-01T01:27:52Z,tube_leak,TUBE_LEAK,430.9,1394.8,128.79,540.3,1953.1,-161.2,-0.0909,166.11,1,0
2026-01-01T01:27:53Z,tube_leak,TUBE_LEAK,436.93,1392.3,127.84,538.0,1946.2,-154.2,-0.089,167.88,1,0
2026-01-01T01:27:54Z,tube_leak,TUBE_LEAK,434.39,1391.4,127.47,538.7,1943.5,-168.3,-0.0902,166.08,1,0
2026-01-01T01:27:55Z,tube_leak,TUBE_LEAK,435.31,1393.4,127.66,539.1,1946.1,-159.8,-0.0903,167.26,1,0
2026-01-01T01:27:56Z,tube_leak,TUBE_LEAK,437.99,1393.6,127.14,537.9,1946.2,-153.7,-0.0895,166.91,1,0
2026-01-01T01:27:57Z,tube_leak,TUBE_LEAK,435.75,1388.6,128.22,540.3,1949.0,-167.6,-0.0923,166.19,1,0
2026-01-01T01:27:58Z,tube_leak,TUBE_LEAK,435.38,1391.8,128.32,541.5,1946.2,-160.2,-0.0903,166.51,1,0
2026-01-01T01:27:59Z,tube_leak,TUBE_LEAK,439.43,1393.2,128.1,539.9,1952.2,-162.6,-0.0902,167.81,1,0
2026-01-01T01:28:00Z,tube_leak,TUBE_LEAK,433.07,1391.8,128.28,541.7,1949.4,-156.4,-0.0903,167.62,1,0
2026-01-01T01:28:01Z,tube_leak,TUBE_LEAK,438.04,1391.9,127.34,540.5,1949.1,-171.3,-0.0901,168.02,1,0
2026-01-01T01:28:02Z,tube_leak,TUBE_LEAK,436.59,1391.1,127.84,538.9,1952.1,-152.9,-0.0908,167.52,1,0
2026-01-01T01:28:03Z,tube_leak,TUBE_LEAK,437.53,1392.3,127.74,540.0,1947.8,-162.1,-0.0916,167.19,1,0
2026-01-01T01:28:04Z,tube_leak,TUBE_LEAK,434.45,1391.9,127.86,538.6,1946.5,-162.3,-0.0905,167.77,1,0
2026-01-01T01:28:05Z,tube_leak,TUBE_LEAK,434.82,1391.4,127.85,540.7,1949.5,-164.7,-0.092,168.3,1,0
2026-01-01T01:28:06Z,tube_leak,TUBE_LEAK,435.83,1395.9,128.23,541.1,1952.3,-153.7,-0.0888,165.63,1,0
2026-01-01T01:28:07Z,tube_leak,TUBE_LEAK,433.01,1393.3,127.96,540.8,1951.4,-156.7,-0.0895,166.91,1,0
2026-01-01T01:28:08Z,tube_leak,TUBE_LEAK,437.46,1390.9,127.83,540.5,1949.1,-164.2,-0.0894,166.64,1,0
2026-01-01T01:28:09Z,tube_leak,TUBE_LEAK,436.77,1387.5,128.5,540.9,1951.4,-158.0,-0.0907,167.66,1,0
2026-01-01T01:28:10Z,tube_leak,TUBE_LEAK,434.47,1391.0,127.58,539.7,1948.3,-160.9,-0.0906,166.84,1,0
2026-01-01T01:28:11Z,tube_leak,TUBE_LEAK,433.35,1390.7,128.29,539.5,1947.0,-154.7,-0.089,167.76,1,0
2026-01-01T01:28:12Z,tube_leak,TUBE_LEAK,433.94,1394.1,127.89,540.7,1948.0,-162.2,-0.0903,167.56,1,0
2026-01-01T01:28:13Z,tube_leak,TUBE_LEAK,433.22,1391.7,127.76,540.7,1951.8,-150.0,-0.0896,165.27,1,0
2026-01-01T01:28:14Z,tube_leak,TUBE_LEAK,433.67,1393.3,128.81,539.5,1945.9,-161.1,-0.0894,167.54,1,0
2026-01-01T01:28:15Z,tube_leak,TUBE_LEAK,433.75,1393.1,128.41,540.7,1950.0,-163.8,-0.0894,167.96,1,0
2026-01-01T01:28:16Z,tube_leak,TUBE_LEAK,438.39,1394.1,127.93,539.8,1952.4,-155.6,-0.0907,167.64,1,0
2026-01-01T01:28:17Z,tube_leak,TUBE_LEAK,432.61,1389.7,128.27,540.3,1943.9,-164.3,-0.0898,169.28,1,0
2026-01-01T01:28:18Z,tube_leak,TUBE_LEAK,432.98,1391.8,128.78,539.8,1948.1,-162.4,-0.0905,167.56,1,0
2026-01-01T01:28:19Z,tube_leak,TUBE_LEAK,432.29,1392.8,128.35,540.5,1942.9,-173.2,-0.0894,169.26,1,0
2026-01-01T01:28:20Z,tube_leak,TUBE_LEAK,438.34,1392.1,127.83,539.3,1942.2,-159.1,-0.09,169.68,1,0
2026-01-01T01:28:21Z,tube_leak,TUBE_LEAK,436.63,1392.0,128.36,537.4,1949.0,-166.7,-0.0893,168.57,1,0
2026-01-01T01:28:22Z,tube_leak,TUBE_LEAK,437.44,1392.6,128.32,538.8,1949.0,-164.4,-0.09,167.22,1,0
2026-01-01T01:28:23Z,tube_leak,TUBE_LEAK,434.36,1390.6,127.61,540.4,1950.7,-166.4,-0.0924,166.59,1,0
2026-01-01T01:28:24Z,tube_leak,TUBE_LEAK,429.32,1391.3,128.08,542.0,1948.0,-157.2,-0.0925,169.0,1,0
2026-01-01T01:28:25Z,tube_leak,TUBE_LEAK,432.76,1391.4,127.28,539.6,1951.5,-155.8,-0.0902,167.42,1,0
2026-01-01T01:28:26Z,tube_leak,TUBE_LEAK,434.99,1392.0,127.84,540.6,1945.1,-161.5,-0.091,168.21,1,0
2026-01-01T01:28:27Z,tube_leak,TUBE_LEAK,433.54,1392.2,127.85,538.1,1952.5,-151.0,-0.0899,167.47,1,0
2026-01-01T01:28:28Z,tube_leak,TUBE_LEAK,441.55,1394.5,126.97,539.4,1944.4,-156.2,-0.0894,167.22,1,0
2026-01-01T01:28:29Z,tube_leak,TUBE_LEAK,434.26,1389.8,128.47,539.7,1950.6,-157.4,-0.0916,169.72,1,0
2026-01-01T01:28:30Z,tube_leak,TUBE_LEAK,437.99,1393.1,127.5,539.6,1951.2,-166.4,-0.0889,168.64,1,0
2026-01-01T01:28:31Z,tube_leak,TUBE_LEAK,433.9,1391.2,128.29,538.8,1952.9,-169.4,-0.0905,166.6,1,0
2026-01-01T01:28:32Z,tube_leak,TUBE_LEAK,432.89,1395.0,128.05,541.3,1947.9,-164.8,-0.0916,166.85,1,0
2026-01-01T01:28:33Z,tube_leak,TUBE_LEAK,432.96,1390.1,127.76,539.4,1947.0,-153.9,-0.0895,167.66,1,0
2026-01-01T01:28:34Z,tube_leak,TUBE_LEAK,435.27,1390.6,128.03,540.9,1946.1,-160.7,-0.0897,167.01,1,0
2026-01-01T01:28:35Z,tube_leak,TUBE_LEAK,433.24,1391.9,127.72,540.4,1944.7,-160.7,-0.0897,167.21,1,0
2026-01-01T01:28:36Z,tube_leak,TUBE_LEAK,433.12,1390.9,128.62,539.7,1948.4,-159.3,-0.0909,166.47,1,0
2026-01-01T01:28:37Z,tube_leak,TUBE_LEAK,438.41,1393.6,127.32,539.0,1954.9,-161.2,-0.0885,165.66,1,0
2026-01-01T01:28:38Z,tube_leak,TUBE_LEAK,434.22,1394.0,127.36,539.4,1949.3,-158.8,-0.0917,167.86,1,0
2026-01-01T01:28:39Z,tube_leak,TUBE_LEAK,431.22,1391.8,127.85,539.3,1952.8,-169.1,-0.0897,167.66,1,0
2026-01-01T01:28:40Z,tube_leak,TUBE_LEAK,441.02,1390.5,127.71,540.1,1947.8,-151.4,-0.0905,169.03,1,0
2026-01-01T01:28:41Z,tube_leak,TUBE_LEAK,434.75,1393.5,128.36,538.9,1949.7,-157.2,-0.089,166.84,1,0
2026-01-01T01:28:42Z,tube_leak,TUBE_LEAK,431.74,1394.0,128.75,537.6,1946.9,-159.9,-0.0897,167.52,1,0
2026-01-01T01:28:43Z,tube_leak,TUBE_LEAK,434.65,1391.7,127.9,540.1,1945.6,-162.5,-0.0883,165.53,1,0
2026-01-01T01:28:44Z,tube_leak,TUBE_LEAK,430.59,1386.6,127.28,540.5,1946.5,-165.8,-0.0916,170.3,1,0
2026-01-01T01:28:45Z,tube_leak,TUBE_LEAK,438.48,1390.1,128.37,539.3,1953.3,-158.8,-0.0902,169.31,1,0
2026-01-01T01:28:46Z,tube_leak,TUBE_LEAK,434.98,1391.9,127.61,541.2,1952.8,-154.4,-0.0904,167.87,1,0
2026-01-01T01:28:47Z,tube_leak,TUBE_LEAK,434.4,1390.4,127.54,538.8,1949.8,-167.4,-0.0873,167.55,1,0
2026-01-01T01:28:48Z,tube_leak,TUBE_LEAK,433.17,1394.2,129.03,540.5,1947.2,-159.1,-0.0906,165.84,1,0
2026-01-01T01:28:49Z,tube_leak,TUBE_LEAK,440.61,1393.5,128.2,538.9,1947.0,-159.7,-0.0903,168.59,1,0
2026-01-01T01:28:50Z,tube_leak,TUBE_LEAK,434.4,1393.9,129.2,539.3,1952.3,-162.1,-0.0903,167.94,1,0
2026-01-01T01:28:51Z,tube_leak,TUBE_LEAK,434.4,1391.9,127.27,538.7,1948.4,-161.2,-0.0904,166.51,1,0
2026-01-01T01:28:52Z,tube_leak,TUBE_LEAK,434.7,1394.2,127.48,538.9,1943.2,-160.3,-0.0896,167.13,1,0
2026-01-01T01:28:53Z,tube_leak,TUBE_LEAK,434.36,1390.9,128.87,540.2,1943.2,-164.0,-0.0907,167.66,1,0
2026-01-01T01:28:54Z,tube_leak,TUBE_LEAK,435.45,1389.9,127.32,539.5,1950.2,-154.6,-0.0909,167.59,1,0
2026-01-01T01:28:55Z,tube_leak,TUBE_LEAK,431.17,1393.0,127.74,540.7,1946.5,-157.7,-0.0909,168.3,1,0
2026-01-01T01:28:56Z,tube_leak,TUBE_LEAK,441.19,1392.8,128.03,539.2,1952.1,-161.1,-0.0895,168.36,1,0
2026-01-01T01:28:57Z,tube_leak,TUBE_LEAK,437.11,1390.3,128.12,540.2,1951.4,-158.5,-0.0901,168.9,1,0
2026-01-01T01:28:58Z,tube_leak,TUBE_LEAK,433.98,1393.3,127.84,541.4,1946.5,-154.6,-0.0918,165.42,1,0
2026-01-01T01:28:59Z,tube_leak,TUBE_LEAK,434.38,1394.1,127.94,540.5,1947.9,-164.6,-0.0908,168.93,1,0
2026-01-01T01:29:00Z,tube_leak,TUBE_LEAK,435.39,1393.3,128.66,540.3,1948.1,-158.0,-0.0896,167.66,1,0
2026-01-01T01:29:01Z,tube_leak,TUBE_LEAK,434.0,1392.6,127.47,539.8,1951.9,-165.2,-0.0907,168.53,1,0
2026-01-01T01:29:02Z,tube_leak,TUBE_LEAK,436.69,1394.2,128.69,539.4,1949.0,-148.4,-0.0898,167.8,1,0
2026-01-01T01:29:03Z,tube_leak,TUBE_LEAK,433.63,1390.1,128.54,539.7,1951.9,-156.8,-0.089,166.26,1,0
2026-01-01T01:29:04Z,tube_leak,TUBE_LEAK,432.23,1394.2,126.85,540.6,1949.1,-158.5,-0.0901,168.87,1,0
2026-01-01T01:29:05Z,tube_leak,TUBE_LEAK,438.35,1392.0,127.86,540.5,1950.7,-157.7,-0.0905,166.28,1,0
2026-01-01T01:29:06Z,tube_leak,TUBE_LEAK,434.75,1393.5,126.95,538.4,1947.6,-154.6,-0.0904,166.33,1,0
2026-01-01T01:29:07Z,tube_leak,TUBE_LEAK,431.56,1390.4,127.57,540.5,1948.4,-167.7,-0.0911,167.29,1,0
2026-01-01T01:29:08Z,tube_leak,TUBE_LEAK,432.93,1392.4,127.91,538.8,1951.1,-158.6,-0.0888,168.15,1,0
2026-01-01T01:29:09Z,tube_leak,TUBE_LEAK,434.01,1391.1,128.7,540.6,1951.4,-167.0,-0.0902,167.29,1,0
2026-01-01T01:29:10Z,tube_leak,TUBE_LEAK,433.4,1394.7,128.35,540.8,1945.6,-154.4,-0.0904,167.5,1,0
2026-01-01T01:29:11Z,tube_leak,TUBE_LEAK,441.78,1388.4,126.87,539.5,1952.5,-163.1,-0.0926,166.86,1,0
2026-01-01T01:29:12Z,tube_leak,TUBE_LEAK,431.95,1392.9,127.29,541.4,1950.3,-158.3,-0.0907,167.4,1,0
2026-01-01T01:29:13Z,tube_leak,TUBE_LEAK,433.14,1392.0,128.16,539.6,1944.2,-161.0,-0.0913,169.3,1,0
2026-01-01T01:29:14Z,tube_leak,TUBE_LEAK,438.16,1394.1,128.14,537.0,1946.6,-153.0,-0.0895,169.22,1,0
2026-01-01T01:29:15Z,tube_leak,TUBE_LEAK,434.7,1391.4,128.0,539.2,1947.3,-154.7,-0.0885,166.63,1,0
2026-01-01T01:29:16Z,tube_leak,TUBE_LEAK,439.56,1391.9,127.16,540.4,1945.5,-150.5,-0.0901,167.98,1,0
2026-01-01T01:29:17Z,tube_leak,TUBE_LEAK,435.73,1390.8,127.83,540.0,1949.7,-154.6,-0.0917,165.61,1,0
2026-01-01T01:29:18Z,tube_leak,TUBE_LEAK,437.83,1394.4,128.47,540.3,1949.9,-169.6,-0.0914,168.7,1,0
2026-01-01T01:29:19Z,tube_leak,TUBE_LEAK,434.75,1393.3,127.99,539.9,1944.2,-170.5,-0.09,164.82,1,0
2026-01-01T01:29:20Z,tube_leak,TUBE_LEAK,436.05,1395.1,127.84,540.2,1947.3,-158.2,-0.0895,166.08,1,0
2026-01-01T01:29:21Z,tube_leak,TUBE_LEAK,430.43,1392.1,127.89,540.4,1947.7,-170.0,-0.0902,168.89,1,0
2026-01-01T01:29:22Z,tube_leak,TUBE_LEAK,434.15,1387.2,128.14,539.6,1950.2,-157.6,-0.0909,168.28,1,0
2026-01-01T01:29:23Z,tube_leak,TUBE_LEAK,438.9,1392.9,128.12,539.2,1946.9,-156.3,-0.0911,166.23,1,0
2026-01-01T01:29:24Z,tube_leak,TUBE_LEAK,438.38,1386.4,127.63,541.3,1949.8,-157.5,-0.0891,167.67,1,0
2026-01-01T01:29:25Z,tube_leak,TUBE_LEAK,434.62,1390.1,128.14,539.3,1949.4,-170.6,-0.0869,166.71,1,0
2026-01-01T01:29:26Z,tube_leak,TUBE_LEAK,434.82,1391.9,127.59,540.9,1946.1,-163.5,-0.0897,166.98,1,0
2026-01-01T01:29:27Z,tube_leak,TUBE_LEAK,434.67,1394.4,128.47,540.2,1942.8,-164.1,-0.0893,167.44,1,0
2026-01-01T01:29:28Z,tube_leak,TUBE_LEAK,431.9,1396.2,127.51,540.7,1947.9,-161.0,-0.0898,166.21,1,0
2026-01-01T01:29:29Z,tube_leak,TUBE_LEAK,437.55,1390.2,128.07,539.2,1949.8,-166.4,-0.088,168.01,1,0
2026-01-01T01:29:30Z,tube_leak,TUBE_LEAK,434.4,1389.7,128.9,539.5,1952.3,-169.2,-0.0886,167.5,1,0
2026-01-01T01:29:31Z,tube_leak,TUBE_LEAK,434.87,1391.0,127.98,540.0,1948.6,-160.6,-0.09,169.55,1,0
2026-01-01T01:29:32Z,tube_leak,TUBE_LEAK,434.2,1392.7,128.03,539.8,1943.9,-155.0,-0.0905,168.2,1,0
2026-01-01T01:29:33Z,tube_leak,TUBE_LEAK,432.16,1390.4,128.14,539.9,1945.8,-156.3,-0.0911,168.28,1,0
2026-01-01T01:29:34Z,tube_leak,TUBE_LEAK,437.75,1389.5,127.93,539.4,1949.7,-157.2,-0.09,167.67,1,0
2026-01-01T01:29:35Z,tube_leak,TUBE_LEAK,431.91,1393.8,127.1,539.1,1951.5,-168.7,-0.0919,167.85,1,0
2026-01-01T01:29:36Z,tube_leak,TUBE_LEAK,434.87,1390.5,128.03,539.1,1952.7,-156.5,-0.0894,165.65,1,0
2026-01-01T01:29:37Z,tube_leak,TUBE_LEAK,436.4,1391.9,128.91,540.6,1947.4,-160.7,-0.0897,166.84,1,0
2026-01-01T01:29:38Z,tube_leak,TUBE_LEAK,431.44,1391.0,128.73,539.2,1948.2,-152.1,-0.0894,168.08,1,0
2026-01-01T01:29:39Z,tube_leak,TUBE_LEAK,434.35,1392.9,127.95,541.3,1949.9,-156.7,-0.0891,168.71,1,0
2026-01-01T01:29:40Z,tube_leak,TUBE_LEAK,435.13,1391.3,128.32,540.1,1942.1,-156.2,-0.0893,168.77,1,0
2026-01-01T01:29:41Z,tube_leak,TUBE_LEAK,436.95,1394.5,127.64,541.2,1950.8,-165.5,-0.0902,166.76,1,0
2026-01-01T01:29:42Z,tube_leak,TUBE_LEAK,435.18,1393.2,127.78,540.9,1946.5,-164.3,-0.0911,168.18,1,0
2026-01-01T01:29:43Z,tube_leak,TUBE_LEAK,438.04,1390.1,127.87,541.6,1949.6,-163.9,-0.089,166.74,1,0
2026-01-01T01:29:44Z,tube_leak,TUBE_LEAK,439.85,1391.2,128.37,539.2,1950.7,-161.4,-0.0893,167.81,1,0
2026-01-01T01:29:45Z,tube_leak,TUBE_LEAK,434.95,1392.0,127.34,540.3,1943.8,-153.3,-0.09,167.81,1,0
2026-01-01T01:29:46Z,tube_leak,TUBE_LEAK,433.4,1392.1,128.95,541.8,1943.7,-155.6,-0.0898,167.8,1,0
2026-01-01T01:29:47Z,tube_leak,TUBE_LEAK,434.86,1387.6,128.1,540.6,1950.4,-156.5,-0.091,166.75,1,0
2026-01-01T01:29:48Z,tube_leak,TUBE_LEAK,432.31,1392.4,127.4,540.4,1948.5,-167.7,-0.0896,168.58,1,0
2026-01-01T01:29:49Z,tube_leak,TUBE_LEAK,437.45,1392.8,127.75,539.7,1956.0,-160.6,-0.0896,166.95,1,0
2026-01-01T01:29:50Z,tube_leak,TUBE_LEAK,434.81,1391.2,126.85,540.0,1949.6,-157.3,-0.0917,170.22,1,0
2026-01-01T01:29:51Z,tube_leak,TUBE_LEAK,432.84,1393.5,128.65,540.2,1946.9,-170.8,-0.0899,167.21,1,0
2026-01-01T01:29:52Z,tube_leak,TUBE_LEAK,434.78,1391.1,127.97,540.4,1946.2,-149.5,-0.0888,170.19,1,0
2026-01-01T01:29:53Z,tube_leak,TUBE_LEAK,434.98,1393.9,127.89,540.1,1946.6,-166.2,-0.0897,169.01,1,0
2026-01-01T01:29:54Z,tube_leak,TUBE_LEAK,438.2,1390.3,127.77,540.7,1952.7,-164.2,-0.0905,167.05,1,0
2026-01-01T01:29:55Z,tube_leak,TUBE_LEAK,433.27,1390.3,128.86,541.5,1951.2,-164.9,-0.0892,165.55,1,0
2026-01-01T01:29:56Z,tube_leak,TUBE_LEAK,436.12,1391.0,127.41,539.8,1951.5,-161.7,-0.0912,166.33,1,0
2026-01-01T01:29:57Z,tube_leak,TUBE_LEAK,436.19,1389.4,127.54,541.4,1944.4,-163.9,-0.0906,168.44,1,0
2026-01-01T01:29:58Z,tube_leak,TUBE_LEAK,434.21,1391.7,127.9,539.4,1950.0,-165.3,-0.0897,169.1,1,0
2026-01-01T01:29:59Z,tube_leak,TUBE_LEAK,434.82,1391.7,127.36,540.1,1949.6,-161.4,-0.0917,168.19,1,0
2026-01-01T01:30:00Z,tube_leak,TUBE_LEAK,432.9,1392.0,127.83,539.3,1947.8,-168.2,-0.0893,168.69,1,0
2026-01-01T01:30:01Z,tube_leak,TUBE_LEAK,434.78,1393.5,127.52,541.1,1949.4,-161.1,-0.0906,166.73,1,0
2026-01-01T01:30:02Z,tube_leak,TUBE_LEAK,438.13,1394.9,126.86,540.6,1948.9,-160.1,-0.0891,169.11,1,0
2026-01-01T01:30:03Z,tube_leak,TUBE_LEAK,433.94,1390.3,128.24,538.6,1948.4,-153.0,-0.0895,165.89,1,0
2026-01-01T01:30:04Z,tube_leak,TUBE_LEAK,438.85,1393.3,127.45,541.2,1949.9,-156.2,-0.0891,167.93,1,0
2026-01-01T01:30:05Z,tube_leak,TUBE_LEAK,432.81,1393.1,127.93,539.8,1946.5,-165.2,-0.09,167.79,1,0
2026-01-01T01:30:06Z,tube_leak,TUBE_LEAK,434.02,1393.9,127.62,540.1,1946.7,-158.2,-0.089,165.86,1,0
2026-01-01T01:30:07Z,tube_leak,TUBE_LEAK,434.25,1393.2,127.98,539.8,1946.3,-151.2,-0.0901,166.93,1,0
2026-01-01T01:30:08Z,tube_leak,TUBE_LEAK,434.22,1392.4,128.42,539.9,1952.9,-157.3,-0.0887,166.43,1,0
2026-01-01T01:30:09Z,tube_leak,TUBE_LEAK,436.41,1390.0,127.41,541.7,1948.3,-163.2,-0.089,168.41,1,0
2026-01-01T01:30:10Z,tube_leak,TUBE_LEAK,432.55,1395.3,127.68,540.4,1952.3,-163.7,-0.0893,166.88,1,0
2026-01-01T01:30:11Z,tube_leak,TUBE_LEAK,434.11,1387.2,127.99,539.4,1950.6,-160.2,-0.0894,166.69,1,0
2026-01-01T01:30:12Z,tube_leak,TUBE_LEAK,433.26,1391.2,127.83,539.9,1944.9,-157.3,-0.0906,168.03,1,0
2026-01-01T01:30:13Z,tube_leak,TUBE_LEAK,431.49,1391.9,128.09,539.8,1953.7,-160.9,-0.0904,167.58,1,0
2026-01-01T01:30:14Z,tube_leak,TUBE_LEAK,435.92,1392.2,128.26,540.1,1956.7,-160.0,-0.0901,167.45,1,0
2026-01-01T01:30:15Z,tube_leak,TUBE_LEAK,432.22,1393.8,128.22,539.8,1948.6,-165.7,-0.0903,166.05,1,0
2026-01-01T01:30:16Z,tube_leak,TUBE_LEAK,436.9,1392.2,128.15,540.1,1953.5,-161.6,-0.0914,168.05,1,0
2026-01-01T01:30:17Z,tube_leak,TUBE_LEAK,433.45,1389.0,128.38,537.9,1949.1,-158.9,-0.0906,167.19,1,0
2026-01-01T01:30:18Z,tube_leak,TUBE_LEAK,434.4,1390.0,128.37,540.3,1949.5,-158.7,-0.0881,167.96,1,0
2026-01-01T01:30:19Z,tube_leak,TUBE_LEAK,434.32,1390.7,128.45,540.2,1949.3,-163.4,-0.0908,168.39,1,0
2026-01-01T01:30:20Z,tube_leak,TUBE_LEAK,432.9,1392.5,127.93,540.1,1941.7,-154.5,-0.0903,167.86,1,0
2026-01-01T01:30:21Z,tube_leak,TUBE_LEAK,437.27,1393.6,127.89,540.3,1945.6,-156.3,-0.0888,168.57,1,0
2026-01-01T01:30:22Z,tube_leak,TUBE_LEAK,437.57,1391.1,127.93,539.7,1949.5,-166.1,-0.0881,169.18,1,0
2026-01-01T01:30:23Z,tube_leak,TUBE_LEAK,435.73,1392.6,127.92,539.4,1947.9,-169.6,-0.0901,169.14,1,0
2026-01-01T01:30:24Z,tube_leak,TUBE_LEAK,433.55,1391.0,128.23,540.1,1953.6,-170.1,-0.0892,167.53,1,0
2026-01-01T01:30:25Z,tube_leak,TUBE_LEAK,434.05,1389.8,128.44,539.7,1952.2,-154.6,-0.0912,167.5,1,0
2026-01-01T01:30:26Z,tube_leak,TUBE_LEAK,436.25,1392.5,127.59,540.3,1953.0,-158.6,-0.0906,169.2,1,0
2026-01-01T01:30:27Z,tube_leak,TUBE_LEAK,434.97,1390.3,128.6,540.2,1948.6,-161.3,-0.0912,166.52,1,0
2026-01-01T01:30:28Z,tube_leak,TUBE_LEAK,437.95,1394.5,128.05,540.7,1953.1,-158.2,-0.0888,166.86,1,0
2026-01-01T01:30:29Z,tube_leak,TUBE_LEAK,433.16,1389.8,128.19,538.1,1947.7,-161.2,-0.0897,165.59,1,0
2026-01-01T01:30:30Z,tube_leak,TUBE_LEAK,435.08,1391.5,127.37,539.1,1953.1,-153.8,-0.0893,166.64,1,0
2026-01-01T01:30:31Z,tube_leak,TUBE_LEAK,432.88,1385.8,127.37,539.2,1951.2,-165.9,-0.0911,167.36,1,0
2026-01-01T01:30:32Z,tube_leak,TUBE_LEAK,438.27,1390.1,127.66,541.1,1952.2,-164.0,-0.0898,166.73,1,0
2026-01-01T01:30:33Z,tube_leak,TUBE_LEAK,436.4,1394.9,128.12,539.5,1944.9,-156.8,-0.0912,167.64,1,0
2026-01-01T01:30:34Z,tube_leak,TUBE_LEAK,434.13,1389.3,128.58,538.5,1951.8,-163.9,-0.0898,167.28,1,0
2026-01-01T01:30:35Z,tube_leak,TUBE_LEAK,438.85,1393.5,127.26,539.4,1947.7,-165.3,-0.0897,166.89,1,0
2026-01-01T01:30:36Z,tube_leak,TUBE_LEAK,434.74,1389.7,127.4,540.0,1947.1,-164.7,-0.0902,167.47,1,0
2026-01-01T01:30:37Z,tube_leak,TUBE_LEAK,438.83,1392.1,128.84,541.9,1943.5,-160.2,-0.0903,167.17,1,0
2026-01-01T01:30:38Z,tube_leak,TUBE_LEAK,433.22,1388.1,128.31,541.6,1952.1,-160.2,-0.0894,168.63,1,0
2026-01-01T01:30:39Z,tube_leak,TUBE_LEAK,432.91,1388.9,127.29,541.2,1947.4,-158.1,-0.0884,168.4,1,0
2026-01-01T01:30:40Z,tube_leak,TUBE_LEAK,437.89,1390.7,128.8,539.7,1947.5,-164.4,-0.0894,166.63,1,0
2026-01-01T01:30:41Z,tube_leak,TUBE_LEAK,437.36,1390.3,128.8,538.1,1947.5,-158.9,-0.0878,168.82,1,0
2026-01-01T01:30:42Z,tube_leak,TUBE_LEAK,434.86,1392.0,128.01,540.2,1944.8,-163.0,-0.0918,164.08,1,0
2026-01-01T01:30:43Z,tube_leak,TUBE_LEAK,432.77,1393.5,128.0,539.8,1946.7,-160.6,-0.0898,166.81,1,0
2026-01-01T01:30:44Z,tube_leak,TUBE_LEAK,431.87,1390.6,127.72,540.8,1947.5,-166.9,-0.0901,167.48,1,0
2026-01-01T01:30:45Z,tube_leak,TUBE_LEAK,434.5,1390.2,127.89,540.0,1954.3,-157.8,-0.0887,167.89,1,0
2026-01-01T01:30:46Z,tube_leak,TUBE_LEAK,434.29,1391.8,127.77,539.5,1953.3,-157.7,-0.0899,165.6,1,0
2026-01-01T01:30:47Z,tube_leak,TUBE_LEAK,430.93,1396.4,127.63,540.8,1947.3,-151.4,-0.0914,166.63,1,0
2026-01-01T01:30:48Z,tube_leak,TUBE_LEAK,435.75,1388.2,127.96,541.0,1946.5,-157.0,-0.0904,166.2,1,0
2026-01-01T01:30:49Z,tube_leak,TUBE_LEAK,435.03,1389.3,128.53,539.8,1950.1,-158.6,-0.0903,167.12,1,0
2026-01-01T01:30:50Z,tube_leak,TUBE_LEAK,436.73,1391.0,128.25,539.5,1946.5,-159.8,-0.0895,167.52,1,0
2026-01-01T01:30:51Z,tube_leak,TUBE_LEAK,437.57,1391.3,127.83,541.9,1946.1,-172.7,-0.0899,166.41,1,0
2026-01-01T01:30:52Z,tube_leak,TUBE_LEAK,434.73,1392.4,127.74,538.6,1950.7,-159.2,-0.0914,167.53,1,0
2026-01-01T01:30:53Z,tube_leak,TUBE_LEAK,436.6,1395.9,127.73,540.9,1946.1,-165.8,-0.0896,167.94,1,0
2026-01-01T01:30:54Z,tube_leak,TUBE_LEAK,433.26,1394.9,128.01,541.3,1950.7,-159.3,-0.0906,167.13,1,0
2026-01-01T01:30:55Z,tube_leak,TUBE_LEAK,431.82,1392.1,127.56,540.3,1942.9,-152.5,-0.089,166.11,1,0
2026-01-01T01:30:56Z,tube_leak,TUBE_LEAK,434.55,1392.7,127.85,540.7,1946.2,-173.2,-0.0903,168.79,1,0
2026-01-01T01:30:57Z,tube_leak,TUBE_LEAK,435.07,1392.1,128.14,540.2,1943.9,-162.4,-0.0901,166.81,1,0
2026-01-01T01:30:58Z,tube_leak,TUBE_LEAK,430.23,1391.0,128.28,540.5,1952.5,-152.2,-0.0919,167.44,1,0
2026-01-01T01:30:59Z,tube_leak,TUBE_LEAK,434.95,1392.9,128.01,539.9,1948.5,-161.0,-0.0911,167.73,1,0
2026-01-01T01:31:00Z,tube_leak,TUBE_LEAK,430.5,1391.5,127.37,541.7,1945.7,-156.2,-0.091,167.48,1,0
2026-01-01T01:31:01Z,tube_leak,TUBE_LEAK,432.97,1395.9,128.34,540.2,1944.6,-164.4,-0.0906,165.47,1,0
2026-01-01T01:31:02Z,tube_leak,TUBE_LEAK,434.46,1389.9,127.84,539.6,1950.4,-155.1,-0.0894,166.56,1,0
2026-01-01T01:31:03Z,tube_leak,TUBE_LEAK,434.56,1392.2,127.92,541.4,1949.3,-161.1,-0.09,167.28,1,0
2026-01-01T01:31:04Z,tube_leak,TUBE_LEAK,436.78,1390.0,127.71,541.7,1947.1,-156.5,-0.0897,167.82,1,0
2026-01-01T01:31:05Z,tube_leak,TUBE_LEAK,432.86,1391.7,127.12,539.5,1953.8,-165.8,-0.0915,165.97,1,0
2026-01-01T01:31:06Z,tube_leak,TUBE_LEAK,437.18,1389.6,127.62,540.2,1950.3,-153.6,-0.0897,167.59,1,0
2026-01-01T01:31:07Z,tube_leak,TUBE_LEAK,435.22,1393.7,127.8,540.2,1947.2,-163.3,-0.0897,169.04,1,0
2026-01-01T01:31:08Z,tube_leak,TUBE_LEAK,435.6,1395.0,127.66,540.3,1949.4,-167.1,-0.0914,166.15,1,0
2026-01-01T01:31:09Z,tube_leak,TUBE_LEAK,432.32,1391.8,128.14,541.6,1946.2,-163.3,-0.09,167.0,1,0
2026-01-01T01:31:10Z,tube_leak,TUBE_LEAK,434.21,1389.2,128.28,541.2,1951.3,-159.7,-0.0912,166.68,1,0
2026-01-01T01:31:11Z,tube_leak,TUBE_LEAK,430.66,1391.2,128.19,540.6,1942.9,-152.8,-0.0897,167.65,1,0
2026-01-01T01:31:12Z,tube_leak,TUBE_LEAK,441.27,1391.3,128.7,541.2,1943.9,-159.6,-0.089,165.38,1,0
2026-01-01T01:31:13Z,tube_leak,TUBE_LEAK,434.09,1392.5,127.24,541.5,1951.3,-164.2,-0.0909,166.66,1,0
2026-01-01T01:31:14Z,tube_leak,TUBE_LEAK,436.15,1393.5,127.91,538.1,1947.8,-158.0,-0.0911,166.88,1,0
2026-01-01T01:31:15Z,tube_leak,TUBE_LEAK,433.13,1394.7,128.61,539.3,1948.0,-156.0,-0.0908,168.78,1,0
2026-01-01T01:31:16Z,tube_leak,TUBE_LEAK,437.32,1390.3,128.36,541.9,1949.5,-156.4,-0.087,167.1,1,0
2026-01-01T01:31:17Z,tube_leak,TUBE_LEAK,434.57,1391.7,128.28,540.5,1946.5,-163.1,-0.0887,167.84,1,0
2026-01-01T01:31:18Z,tube_leak,TUBE_LEAK,433.15,1393.0,128.12,541.5,1948.3,-163.4,-0.0887,168.16,1,0
2026-01-01T01:31:19Z,tube_leak,TUBE_LEAK,435.86,1394.2,127.34,540.3,1953.0,-160.4,-0.0896,165.98,1,0
2026-01-01T01:31:20Z,tube_leak,TUBE_LEAK,434.0,1389.7,128.19,539.9,1953.2,-157.0,-0.0905,166.93,1,0
2026-01-01T01:31:21Z,tube_leak,TUBE_LEAK,440.6,1390.9,127.93,540.9,1950.4,-154.5,-0.0911,166.61,1,0
2026-01-01T01:31:22Z,tube_leak,TUBE_LEAK,434.98,1393.6,128.29,540.4,1949.5,-166.3,-0.0889,168.39,1,0
2026-01-01T01:31:23Z,tube_leak,TUBE_LEAK,435.07,1388.9,128.29,540.7,1942.4,-157.1,-0.0897,169.37,1,0
2026-01-01T01:31:24Z,tube_leak,TUBE_LEAK,436.6,1392.4,127.54,541.2,1945.6,-167.3,-0.091,167.84,1,0
2026-01-01T01:31:25Z,tube_leak,TUBE_LEAK,432.88,1392.6,128.87,540.0,1950.6,-152.3,-0.0922,167.69,1,0
2026-01-01T01:31:26Z,tube_leak,TUBE_LEAK,431.56,1388.8,127.87,540.2,1949.9,-150.3,-0.0891,170.82,1,0
2026-01-01T01:31:27Z,tube_leak,TUBE_LEAK,436.44,1392.5,127.99,540.8,1953.9,-160.3,-0.0891,168.06,1,0
2026-01-01T01:31:28Z,tube_leak,TUBE_LEAK,435.56,1394.7,127.28,540.6,1946.5,-164.6,-0.0898,165.71,1,0
2026-01-01T01:31:29Z,tube_leak,TUBE_LEAK,437.15,1394.6,127.7,539.2,1947.7,-160.6,-0.0915,167.21,1,0
2026-01-01T01:31:30Z,tube_leak,TUBE_LEAK,433.27,1389.0,127.83,540.1,1947.0,-157.5,-0.0898,167.35,1,0
2026-01-01T01:31:31Z,tube_leak,TUBE_LEAK,433.08,1392.1,128.42,540.5,1953.6,-158.7,-0.0885,168.08,1,0
2026-01-01T01:31:32Z,tube_leak,TUBE_LEAK,436.45,1393.7,127.66,540.0,1950.4,-163.6,-0.0918,166.15,1,0
2026-01-01T01:31:33Z,tube_leak,TUBE_LEAK,436.29,1390.1,128.0,541.8,1945.6,-162.0,-0.0906,168.0,1,0
2026-01-01T01:31:34Z,tube_leak,TUBE_LEAK,436.4,1393.3,128.85,540.0,1948.5,-157.6,-0.0897,168.22,1,0
2026-01-01T01:31:35Z,tube_leak,TUBE_LEAK,438.13,1389.6,127.14,539.7,1946.3,-157.7,-0.0893,165.89,1,0
2026-01-01T01:31:36Z,tube_leak,TUBE_LEAK,436.54,1391.7,128.13,541.5,1945.9,-159.3,-0.0916,167.95,1,0
2026-01-01T01:31:37Z,tube_leak,TUBE_LEAK,432.47,1395.1,128.87,540.2,1942.0,-166.6,-0.0899,164.82,1,0
2026-01-01T01:31:38Z,tube_leak,TUBE_LEAK,435.05,1394.2,127.67,539.4,1946.8,-157.5,-0.0894,167.24,1,0
2026-01-01T01:31:39Z,tube_leak,TUBE_LEAK,438.13,1392.8,127.58,540.3,1951.4,-163.9,-0.0909,168.19,1,0
2026-01-01T01:31:40Z,tube_leak,TUBE_LEAK,434.57,1390.7,127.55,538.5,1949.1,-160.6,-0.0885,166.93,1,0
2026-01-01T01:31:41Z,tube_leak,TUBE_LEAK,430.78,1392.7,128.21,539.6,1946.5,-158.7,-0.0899,168.72,1,0
2026-01-01T01:31:42Z,tube_leak,TUBE_LEAK,436.16,1391.4,128.38,539.2,1950.5,-163.8,-0.0903,166.8,1,0
2026-01-01T01:31:43Z,tube_leak,TUBE_LEAK,432.9,1389.6,127.99,540.2,1950.6,-166.2,-0.0911,165.65,1,0
2026-01-01T01:31:44Z,tube_leak,TUBE_LEAK,435.14,1393.7,127.88,541.9,1949.1,-161.7,-0.0925,165.3,1,0
2026-01-01T01:31:45Z,tube_leak,TUBE_LEAK,434.69,1396.2,128.04,539.2,1945.5,-157.2,-0.0906,165.47,1,0
2026-01-01T01:31:46Z,tube_leak,TUBE_LEAK,430.42,1388.6,127.9,539.8,1948.1,-164.9,-0.0885,166.24,1,0
2026-01-01T01:31:47Z,tube_leak,TUBE_LEAK,436.43,1391.5,128.27,540.9,1947.4,-159.5,-0.091,167.85,1,0
2026-01-01T01:31:48Z,tube_leak,TUBE_LEAK,429.06,1392.6,128.9,541.1,1953.3,-152.8,-0.0891,168.84,1,0
2026-01-01T01:31:49Z,tube_leak,TUBE_LEAK,436.39,1396.5,128.2,539.4,1945.3,-161.0,-0.0898,167.55,1,0
2026-01-01T01:31:50Z,tube_leak,TUBE_LEAK,433.89,1390.9,128.68,540.7,1951.1,-156.5,-0.0889,166.3,1,0
2026-01-01T01:31:51Z,tube_leak,TUBE_LEAK,433.08,1392.8,127.77,539.1,1948.2,-166.0,-0.0914,166.72,1,0
2026-01-01T01:31:52Z,tube_leak,TUBE_LEAK,429.39,1392.6,128.38,541.4,1946.9,-160.0,-0.0926,168.07,1,0
2026-01-01T01:31:53Z,tube_leak,TUBE_LEAK,434.11,1391.2,127.27,540.1,1951.7,-164.0,-0.0927,168.56,1,0
2026-01-01T01:31:54Z,tube_leak,TUBE_LEAK,432.6,1392.5,127.33,540.5,1944.9,-160.8,-0.0905,167.61,1,0
2026-01-01T01:31:55Z,tube_leak,TUBE_LEAK,432.69,1392.5,128.59,542.2,1952.8,-160.1,-0.0867,168.65,1,0
2026-01-01T01:31:56Z,tube_leak,TUBE_LEAK,435.35,1390.7,128.02,539.3,1946.7,-158.6,-0.0904,170.75,1,0
2026-01-01T01:31:57Z,tube_leak,TUBE_LEAK,429.98,1392.6,128.05,537.4,1947.3,-156.4,-0.088,167.37,1,0
2026-01-01T01:31:58Z,tube_leak,TUBE_LEAK,438.03,1391.2,128.21,539.2,1943.9,-157.0,-0.0889,167.26,1,0
2026-01-01T01:31:59Z,tube_leak,TUBE_LEAK,437.72,1392.4,127.22,537.8,1944.4,-165.8,-0.0897,167.78,1,0
2026-01-01T01:32:00Z,tube_leak,TUBE_LEAK,438.1,1388.5,127.89,540.7,1949.8,-155.2,-0.0903,168.36,1,0
2026-01-01T01:32:01Z,tube_leak,TUBE_LEAK,439.9,1391.7,128.36,539.8,1947.1,-167.7,-0.0901,166.86,1,0
2026-01-01T01:32:02Z,tube_leak,TUBE_LEAK,434.93,1391.5,128.65,542.1,1947.7,-165.2,-0.0898,166.14,1,0
2026-01-01T01:32:03Z,tube_leak,TUBE_LEAK,434.13,1394.6,127.23,538.8,1949.2,-168.4,-0.0907,167.61,1,0
2026-01-01T01:32:04Z,tube_leak,TUBE_LEAK,434.17,1389.8,127.61,540.9,1948.4,-164.7,-0.0899,167.75,1,0
2026-01-01T01:32:05Z,tube_leak,TUBE_LEAK,438.62,1389.9,128.09,540.8,1943.7,-152.8,-0.0896,168.42,1,0
2026-01-01T01:32:06Z,tube_leak,TUBE_LEAK,432.06,1392.4,127.44,537.4,1949.2,-154.2,-0.0899,168.88,1,0
2026-01-01T01:32:07Z,tube_leak,TUBE_LEAK,438.53,1387.0,127.84,540.8,1943.4,-164.9,-0.089,167.67,1,0
2026-01-01T01:32:08Z,tube_leak,TUBE_LEAK,439.0,1391.1,128.21,538.1,1949.1,-166.4,-0.0906,166.75,1,0
2026-01-01T01:32:09Z,tube_leak,TUBE_LEAK,434.86,1391.6,128.99,542.4,1947.7,-153.4,-0.0889,166.21,1,0
2026-01-01T01:32:10Z,tube_leak,TUBE_LEAK,438.98,1394.0,127.96,540.8,1950.0,-151.8,-0.0902,167.24,1,0
2026-01-01T01:32:11Z,tube_leak,TUBE_LEAK,432.7,1390.6,128.14,539.8,1947.0,-161.6,-0.092,167.73,1,0
2026-01-01T01:32:12Z,tube_leak,TUBE_LEAK,439.79,1394.6,128.06,540.6,1945.8,-163.2,-0.0916,166.51,1,0
2026-01-01T01:32:13Z,tube_leak,TUBE_LEAK,431.09,1389.9,128.46,540.2,1953.2,-159.9,-0.0895,164.79,1,0
2026-01-01T01:32:14Z,tube_leak,TUBE_LEAK,430.72,1388.7,127.47,540.1,1940.6,-154.1,-0.0887,168.0,1,0
2026-01-01T01:32:15Z,tube_leak,TUBE_LEAK,434.49,1392.3,128.03,540.9,1949.5,-160.3,-0.0894,166.81,1,0
2026-01-01T01:32:16Z,tube_leak,TUBE_LEAK,436.97,1391.8,127.92,540.1,1950.5,-168.1,-0.0885,168.84,1,0
2026-01-01T01:32:17Z,tube_leak,TUBE_LEAK,434.15,1396.4,127.04,541.1,1946.8,-159.9,-0.0883,168.72,1,0
2026-01-01T01:32:18Z,tube_leak,TUBE_LEAK,440.32,1396.0,127.95,540.9,1945.8,-165.4,-0.0909,166.56,1,0
2026-01-01T01:32:19Z,tube_leak,TUBE_LEAK,435.15,1389.7,127.98,539.5,1942.1,-149.4,-0.0887,166.29,1,0
2026-01-01T01:32:20Z,tube_leak,TUBE_LEAK,439.78,1393.2,128.04,540.8,1945.7,-159.7,-0.0888,167.11,1,0
2026-01-01T01:32:21Z,tube_leak,TUBE_LEAK,439.76,1392.4,127.56,541.0,1946.8,-160.9,-0.0917,168.76,1,0
2026-01-01T01:32:22Z,tube_leak,TUBE_LEAK,440.24,1391.7,128.52,539.9,1947.4,-160.3,-0.0882,168.52,1,0
2026-01-01T01:32:23Z,tube_leak,TUBE_LEAK,435.79,1390.8,128.0,539.8,1947.3,-157.7,-0.0904,168.82,1,0
2026-01-01T01:32:24Z,tube_leak,TUBE_LEAK,438.63,1391.7,128.46,539.3,1949.0,-159.7,-0.0902,167.34,1,0
2026-01-01T01:32:25Z,tube_leak,TUBE_LEAK,436.23,1392.9,128.21,541.3,1949.5,-160.2,-0.0897,169.22,1,0
2026-01-01T01:32:26Z,tube_leak,TUBE_LEAK,433.52,1393.8,128.2,540.8,1952.6,-160.5,-0.0901,166.19,1,0
2026-01-01T01:32:27Z,tube_leak,TUBE_LEAK,439.53,1391.2,127.03,539.5,1947.5,-153.6,-0.089,167.75,1,0
2026-01-01T01:32:28Z,tube_leak,TUBE_LEAK,431.32,1391.0,127.38,542.5,1951.3,-157.1,-0.0901,166.88,1,0
2026-01-01T01:32:29Z,tube_leak,TUBE_LEAK,434.01,1395.8,128.56,539.1,1943.7,-157.3,-0.0892,167.24,1,0
2026-01-01T01:32:30Z,tube_leak,TUBE_LEAK,438.13,1393.4,128.09,540.6,1948.9,-159.8,-0.0917,167.33,1,0
2026-01-01T01:32:31Z,tube_leak,TUBE_LEAK,437.25,1392.9,128.07,538.8,1947.2,-166.5,-0.0904,166.62,1,0
2026-01-01T01:32:32Z,tube_leak,TUBE_LEAK,437.67,1393.0,128.37,538.7,1950.5,-163.9,-0.0898,167.27,1,0
2026-01-01T01:32:33Z,tube_leak,TUBE_LEAK,434.45,1390.8,127.96,541.3,1954.0,-158.2,-0.0905,166.37,1,0
2026-01-01T01:32:34Z,tube_leak,TUBE_LEAK,437.22,1391.9,128.53,539.3,1946.5,-164.3,-0.0897,166.15,1,0
2026-01-01T01:32:35Z,tube_leak,TUBE_LEAK,436.31,1389.7,128.04,540.2,1946.9,-159.0,-0.0897,167.64,1,0
2026-01-01T01:32:36Z,tube_leak,TUBE_LEAK,439.32,1391.3,127.4,540.8,1947.8,-155.6,-0.0904,166.44,1,0
2026-01-01T01:32:37Z,tube_leak,TUBE_LEAK,428.98,1391.4,128.29,540.3,1953.5,-161.3,-0.0908,168.66,1,0
2026-01-01T01:32:38Z,tube_leak,TUBE_LEAK,435.38,1391.8,128.18,540.1,1952.6,-155.3,-0.0901,167.09,1,0
2026-01-01T01:32:39Z,tube_leak,TUBE_LEAK,435.12,1391.9,128.59,539.8,1945.8,-153.7,-0.0885,168.71,1,0
2026-01-01T01:32:40Z,tube_leak,TUBE_LEAK,436.32,1391.8,128.13,540.7,1949.1,-160.3,-0.0901,166.67,1,0
2026-01-01T01:32:41Z,tube_leak,TUBE_LEAK,434.0,1393.6,128.58,539.0,1946.8,-157.1,-0.0903,167.78,1,0
2026-01-01T01:32:42Z,tube_leak,TUBE_LEAK,434.3,1396.7,127.59,538.6,1947.1,-167.6,-0.091,167.05,1,0
2026-01-01T01:32:43Z,tube_leak,TUBE_LEAK,439.42,1393.5,127.44,539.0,1950.0,-158.1,-0.09,168.65,1,0
2026-01-01T01:32:44Z,tube_leak,TUBE_LEAK,433.9,1392.4,128.32,539.4,1950.5,-160.6,-0.09,167.2,1,0
2026-01-01T01:32:45Z,tube_leak,TUBE_LEAK,433.1,1393.0,128.05,537.7,1947.8,-158.9,-0.0887,168.77,1,0
2026-01-01T01:32:46Z,tube_leak,TUBE_LEAK,431.62,1393.6,127.94,540.4,1947.5,-166.8,-0.0896,167.48,1,0
2026-01-01T01:32:47Z,tube_leak,TUBE_LEAK,434.56,1390.6,127.91,539.5,1943.4,-157.4,-0.0905,168.29,1,0
2026-01-01T01:32:48Z,tube_leak,TUBE_LEAK,438.61,1391.8,128.27,539.6,1944.7,-162.2,-0.0893,167.41,1,0
2026-01-01T01:32:49Z,tube_leak,TUBE_LEAK,433.86,1392.0,128.02,540.8,1950.2,-162.0,-0.0917,167.42,1,0
2026-01-01T01:32:50Z,tube_leak,TUBE_LEAK,434.7,1394.7,129.33,541.0,1938.9,-161.3,-0.0902,165.75,1,0
2026-01-01T01:32:51Z,tube_leak,TUBE_LEAK,439.03,1392.3,127.54,541.0,1952.8,-164.6,-0.0902,168.68,1,0
2026-01-01T01:32:52Z,tube_leak,TUBE_LEAK,437.84,1393.0,127.64,540.5,1947.0,-158.9,-0.0888,167.67,1,0
2026-01-01T01:32:53Z,tube_leak,TUBE_LEAK,435.82,1393.5,129.1,538.9,1950.2,-164.2,-0.0878,168.68,1,0
2026-01-01T01:32:54Z,tube_leak,TUBE_LEAK,433.37,1393.8,128.41,539.1,1952.0,-168.7,-0.0906,168.12,1,0
2026-01-01T01:32:55Z,tube_leak,TUBE_LEAK,431.82,1391.1,127.82,538.3,1950.4,-155.4,-0.09,168.35,1,0
2026-01-01T01:32:56Z,tube_leak,TUBE_LEAK,436.86,1393.8,128.3,540.6,1948.5,-153.9,-0.0887,166.81,1,0
2026-01-01T01:32:57Z,tube_leak,TUBE_LEAK,434.2,1391.7,128.55,541.8,1945.6,-164.8,-0.0906,167.63,1,0
2026-01-01T01:32:58Z,tube_leak,TUBE_LEAK,434.53,1392.9,127.52,538.7,1950.4,-156.6,-0.0906,168.47,1,0
2026-01-01T01:32:59Z,tube_leak,TUBE_LEAK,435.16,1386.1,128.02,540.8,1954.6,-162.6,-0.0894,168.21,1,0
2026-01-01T01:33:00Z,tube_leak,TUBE_LEAK,435.82,1392.3,128.63,541.5,1948.9,-159.1,-0.0897,167.72,1,0
2026-01-01T01:33:01Z,tube_leak,TUBE_LEAK,430.8,1393.7,128.16,540.7,1945.5,-158.8,-0.0907,166.12,1,0
2026-01-01T01:33:02Z,tube_leak,TUBE_LEAK,437.35,1391.6,127.64,538.8,1948.4,-170.5,-0.0898,167.43,1,0
2026-01-01T01:33:03Z,tube_leak,TUBE_LEAK,433.59,1390.2,127.96,538.7,1943.1,-153.1,-0.0913,167.7,1,0
2026-01-01T01:33:04Z,tube_leak,TUBE_LEAK,440.74,1391.0,127.84,539.1,1947.3,-164.7,-0.0899,167.08,1,0
2026-01-01T01:33:05Z,tube_leak,TUBE_LEAK,435.11,1392.3,127.49,540.3,1947.8,-153.2,-0.0915,167.94,1,0
2026-01-01T01:33:06Z,tube_leak,TUBE_LEAK,434.56,1390.7,127.45,539.5,1951.9,-161.8,-0.0888,166.74,1,0
2026-01-01T01:33:07Z,tube_leak,TUBE_LEAK,434.56,1393.7,127.52,538.5,1947.8,-162.0,-0.0895,167.79,1,0
2026-01-01T01:33:08Z,tube_leak,TUBE_LEAK,437.61,1388.9,128.53,537.5,1948.6,-162.8,-0.0891,167.21,1,0
2026-01-01T01:33:09Z,tube_leak,TUBE_LEAK,433.39,1391.4,127.35,538.2,1949.7,-153.9,-0.0897,166.8,1,0
2026-01-01T01:33:10Z,tube_leak,TUBE_LEAK,439.05,1394.7,128.51,539.7,1943.8,-154.5,-0.0892,166.7,1,0
2026-01-01T01:33:11Z,tube_leak,TUBE_LEAK,432.6,1388.0,127.51,540.6,1947.3,-159.8,-0.0882,167.43,1,0
2026-01-01T01:33:12Z,tube_leak,TUBE_LEAK,430.32,1389.9,128.06,539.5,1942.3,-159.6,-0.0891,168.43,1,0
2026-01-01T01:33:13Z,tube_leak,TUBE_LEAK,437.5,1390.8,127.79,540.9,1951.5,-162.4,-0.0896,168.25,1,0
2026-01-01T01:33:14Z,tube_leak,TUBE_LEAK,436.25,1395.9,127.93,539.2,1949.9,-165.9,-0.0884,167.28,1,0
2026-01-01T01:33:15Z,tube_leak,TUBE_LEAK,434.72,1388.1,127.14,540.6,1945.1,-158.5,-0.0901,167.66,1,0
2026-01-01T01:33:16Z,tube_leak,TUBE_LEAK,433.87,1390.4,127.76,538.7,1956.2,-154.4,-0.0893,166.46,1,0
2026-01-01T01:33:17Z,tube_leak,TUBE_LEAK,433.64,1390.8,128.75,540.6,1951.2,-167.7,-0.0905,167.11,1,0
2026-01-01T01:33:18Z,tube_leak,TUBE_LEAK,434.37,1393.4,127.74,539.6,1943.0,-152.0,-0.0903,168.69,1,0
2026-01-01T01:33:19Z,tube_leak,TUBE_LEAK,427.88,1396.3,127.76,540.1,1945.8,-160.8,-0.0916,167.21,1,0
2026-01-01T01:33:20Z,tube_leak,TUBE_LEAK,434.26,1389.2,127.85,541.0,1948.1,-155.0,-0.0884,167.19,1,0
2026-01-01T01:33:21Z,tube_leak,TUBE_LEAK,434.09,1392.7,128.61,539.1,1949.0,-152.9,-0.089,168.2,1,0
2026-01-01T01:33:22Z,tube_leak,TUBE_LEAK,435.99,1389.7,127.76,541.1,1949.7,-162.0,-0.0898,168.35,1,0
2026-01-01T01:33:23Z,tube_leak,TUBE_LEAK,431.46,1389.1,127.56,541.2,1945.3,-164.1,-0.0889,167.68,1,0
2026-01-01T01:33:24Z,tube_leak,TUBE_LEAK,435.19,1391.3,128.56,539.1,1950.9,-166.1,-0.0918,169.36,1,0
2026-01-01T01:33:25Z,tube_leak,TUBE_LEAK,435.49,1392.1,127.77,540.0,1950.1,-161.0,-0.0925,167.94,1,0
2026-01-01T01:33:26Z,tube_leak,TUBE_LEAK,433.98,1391.5,128.28,541.3,1946.8,-155.7,-0.0898,167.71,1,0
2026-01-01T01:33:27Z,tube_leak,TUBE_LEAK,432.07,1394.6,128.26,539.7,1949.6,-161.9,-0.0914,167.75,1,0
2026-01-01T01:33:28Z,tube_leak,TUBE_LEAK,433.65,1393.4,128.45,539.5,1953.1,-164.4,-0.09,166.78,1,0
2026-01-01T01:33:29Z,tube_leak,TUBE_LEAK,433.95,1394.2,128.19,540.4,1949.2,-158.5,-0.0891,167.94,1,0
2026-01-01T01:33:30Z,tube_leak,TUBE_LEAK,437.11,1390.8,127.53,540.3,1949.4,-158.5,-0.0893,166.13,1,0
2026-01-01T01:33:31Z,tube_leak,TUBE_LEAK,434.52,1389.6,127.39,540.7,1946.7,-158.9,-0.0899,167.7,1,0
2026-01-01T01:33:32Z,tube_leak,TUBE_LEAK,428.11,1389.3,128.8,539.7,1946.2,-153.3,-0.0893,167.43,1,0
2026-01-01T01:33:33Z,tube_leak,TUBE_LEAK,436.04,1393.7,128.81,540.0,1954.9,-157.3,-0.0911,168.38,1,0
2026-01-01T01:33:34Z,tube_leak,TUBE_LEAK,433.01,1389.0,127.68,541.1,1948.7,-152.6,-0.0893,168.19,1,0
2026-01-01T01:33:35Z,tube_leak,TUBE_LEAK,433.29,1391.2,128.66,541.0,1950.5,-168.5,-0.0901,167.24,1,0
2026-01-01T01:33:36Z,tube_leak,TUBE_LEAK,432.37,1391.0,127.99,539.2,1951.7,-161.7,-0.09,168.12,1,0
2026-01-01T01:33:37Z,tube_leak,TUBE_LEAK,435.65,1391.1,128.55,539.7,1950.9,-156.6,-0.0905,167.14,1,0
2026-01-01T01:33:38Z,tube_leak,TUBE_LEAK,434.48,1391.8,127.54,539.9,1950.9,-158.1,-0.0898,166.71,1,0
2026-01-01T01:33:39Z,tube_leak,TUBE_LEAK,435.28,1392.5,128.5,538.1,1949.9,-151.4,-0.0889,167.78,1,0
2026-01-01T01:33:40Z,tube_leak,TUBE_LEAK,435.68,1393.0,127.32,540.3,1954.6,-163.2,-0.0889,166.8,1,0
2026-01-01T01:33:41Z,tube_leak,TUBE_LEAK,434.71,1389.7,127.83,541.2,1947.8,-158.8,-0.0896,164.62,1,0
2026-01-01T01:33:42Z,tube_leak,TUBE_LEAK,433.98,1389.9,128.37,539.2,1949.6,-154.2,-0.0898,167.23,1,0
2026-01-01T01:33:43Z,tube_leak,TUBE_LEAK,438.6,1394.2,128.45,540.2,1947.3,-166.1,-0.0888,167.06,1,0
2026-01-01T01:33:44Z,tube_leak,TUBE_LEAK,430.75,1395.9,128.33,540.9,1947.6,-156.6,-0.0895,165.75,1,0
2026-01-01T01:33:45Z,tube_leak,TUBE_LEAK,433.51,1392.9,128.16,540.7,1947.5,-164.6,-0.09,167.74,1,0
2026-01-01T01:33:46Z,tube_leak,TUBE_LEAK,438.19,1388.2,127.88,539.0,1944.9,-155.0,-0.0904,168.24,1,0
2026-01-01T01:33:47Z,tube_leak,TUBE_LEAK,433.15,1392.3,127.65,538.9,1950.2,-159.1,-0.0889,166.48,1,0
2026-01-01T01:33:48Z,tube_leak,TUBE_LEAK,437.18,1392.9,128.4,538.5,1947.1,-153.1,-0.0895,167.73,1,0
2026-01-01T01:33:49Z,tube_leak,TUBE_LEAK,432.97,1390.6,128.04,538.6,1947.1,-156.9,-0.0903,167.32,1,0
2026-01-01T01:33:50Z,tube_leak,TUBE_LEAK,435.48,1390.7,127.87,540.1,1946.5,-163.5,-0.0898,167.36,1,0
2026-01-01T01:33:51Z,tube_leak,TUBE_LEAK,437.2,1392.1,128.17,538.1,1949.1,-154.5,-0.0894,169.02,1,0
2026-01-01T01:33:52Z,tube_leak,TUBE_LEAK,433.42,1393.0,127.3,542.7,1946.8,-157.5,-0.0899,165.38,1,0
2026-01-01T01:33:53Z,tube_leak,TUBE_LEAK,435.73,1391.4,127.08,538.8,1947.5,-155.5,-0.0898,169.45,1,0
2026-01-01T01:33:54Z,tube_leak,TUBE_LEAK,433.66,1390.0,128.22,540.2,1950.2,-165.5,-0.0893,168.08,1,0
2026-01-01T01:33:55Z,tube_leak,TUBE_LEAK,434.09,1389.1,128.57,542.4,1952.4,-156.9,-0.0884,166.89,1,0
2026-01-01T01:33:56Z,tube_leak,TUBE_LEAK,438.31,1394.8,128.29,540.7,1947.7,-160.5,-0.0917,168.09,1,0
2026-01-01T01:33:57Z,tube_leak,TUBE_LEAK,429.3,1392.6,128.44,540.5,1948.0,-162.7,-0.091,165.73,1,0
2026-01-01T01:33:58Z,tube_leak,TUBE_LEAK,439.32,1390.3,128.49,539.3,1950.2,-162.8,-0.0911,167.96,1,0
2026-01-01T01:33:59Z,tube_leak,TUBE_LEAK,433.3,1391.5,127.92,539.7,1950.5,-151.3,-0.0896,168.6,1,0
2026-01-01T01:34:00Z,tube_leak,TUBE_LEAK,432.23,1393.8,127.58,541.1,1950.0,-155.5,-0.091,167.34,1,0
2026-01-01T01:34:01Z,tube_leak,TUBE_LEAK,431.89,1391.7,128.66,540.2,1946.9,-158.2,-0.0894,167.58,1,0
2026-01-01T01:34:02Z,tube_leak,TUBE_LEAK,440.69,1397.7,128.33,540.1,1944.2,-155.0,-0.0904,169.47,1,0
2026-01-01T01:34:03Z,tube_leak,TUBE_LEAK,432.65,1390.3,128.03,540.7,1949.6,-163.7,-0.0903,166.84,1,0
2026-01-01T01:34:04Z,tube_leak,TUBE_LEAK,432.31,1392.4,128.42,541.7,1949.1,-156.9,-0.0894,168.28,1,0
2026-01-01T01:34:05Z,tube_leak,TUBE_LEAK,434.52,1389.7,127.88,541.3,1948.6,-154.1,-0.0918,168.5,1,0
2026-01-01T01:34:06Z,tube_leak,TUBE_LEAK,431.9,1389.9,128.08,537.6,1948.1,-170.1,-0.0906,167.44,1,0
2026-01-01T01:34:07Z,tube_leak,TUBE_LEAK,433.63,1394.8,128.51,542.0,1956.8,-152.0,-0.0893,166.27,1,0
2026-01-01T01:34:08Z,tube_leak,TUBE_LEAK,439.34,1394.7,127.83,540.2,1944.8,-160.0,-0.0917,167.41,1,0
2026-01-01T01:34:09Z,tube_leak,TUBE_LEAK,432.4,1390.5,128.09,540.1,1949.6,-155.2,-0.0898,167.98,1,0
2026-01-01T01:34:10Z,tube_leak,TUBE_LEAK,434.75,1393.7,128.15,539.4,1947.3,-157.0,-0.0906,167.94,1,0
2026-01-01T01:34:11Z,tube_leak,TUBE_LEAK,437.6,1394.3,127.91,539.4,1949.9,-161.4,-0.0904,168.32,1,0
2026-01-01T01:34:12Z,tube_leak,TUBE_LEAK,435.49,1392.5,128.57,540.8,1944.2,-164.1,-0.0891,169.61,1,0
2026-01-01T01:34:13Z,tube_leak,TUBE_LEAK,432.78,1392.7,128.64,540.8,1946.3,-153.4,-0.0899,167.11,1,0
2026-01-01T01:34:14Z,tube_leak,TUBE_LEAK,437.52,1392.1,128.07,539.2,1946.6,-162.4,-0.0895,167.89,1,0
2026-01-01T01:34:15Z,tube_leak,TUBE_LEAK,430.92,1393.7,128.82,540.0,1947.0,-155.3,-0.0892,166.28,1,0
2026-01-01T01:34:16Z,tube_leak,TUBE_LEAK,431.57,1393.8,128.48,539.4,1950.1,-160.3,-0.0881,168.61,1,0
2026-01-01T01:34:17Z,tube_leak,TUBE_LEAK,435.15,1392.1,128.46,541.4,1952.3,-154.7,-0.0926,166.85,1,0
2026-01-01T01:34:18Z,tube_leak,TUBE_LEAK,433.86,1393.7,128.48,540.3,1949.6,-153.5,-0.0906,166.45,1,0
2026-01-01T01:34:19Z,tube_leak,TUBE_LEAK,439.4,1391.9,128.54,539.8,1948.6,-165.2,-0.0893,166.81,1,0
2026-01-01T01:34:20Z,tube_leak,TUBE_LEAK,431.93,1389.7,129.12,541.1,1944.7,-153.6,-0.0909,166.95,1,0
2026-01-01T01:34:21Z,tube_leak,TUBE_LEAK,434.92,1390.9,126.97,542.0,1945.3,-162.9,-0.0895,166.02,1,0
2026-01-01T01:34:22Z,tube_leak,TUBE_LEAK,436.05,1390.8,127.59,538.6,1950.3,-152.9,-0.0892,167.34,1,0
2026-01-01T01:34:23Z,tube_leak,TUBE_LEAK,437.07,1393.3,127.77,540.2,1943.8,-158.3,-0.0902,166.7,1,0
2026-01-01T01:34:24Z,tube_leak,TUBE_LEAK,435.48,1392.8,128.17,540.8,1950.2,-160.5,-0.0903,166.17,1,0
2026-01-01T01:34:25Z,tube_leak,TUBE_LEAK,428.33,1392.7,128.68,540.9,1950.1,-166.2,-0.0893,167.09,1,0
2026-01-01T01:34:26Z,tube_leak,TUBE_LEAK,435.78,1394.1,128.59,540.9,1946.4,-162.6,-0.0899,168.75,1,0
2026-01-01T01:34:27Z,tube_leak,TUBE_LEAK,439.06,1392.3,128.05,541.1,1951.4,-159.3,-0.0901,166.6,1,0
2026-01-01T01:34:28Z,tube_leak,TUBE_LEAK,437.13,1391.6,127.7,540.3,1947.6,-163.7,-0.0898,169.0,1,0
2026-01-01T01:34:29Z,tube_leak,TUBE_LEAK,438.32,1391.4,129.27,539.4,1951.1,-163.0,-0.0894,167.19,1,0
2026-01-01T01:34:30Z,tube_leak,TUBE_LEAK,433.43,1393.8,128.41,540.5,1948.2,-144.7,-0.0899,168.9,1,0
2026-01-01T01:34:31Z,tube_leak,TUBE_LEAK,429.65,1391.8,127.89,540.4,1950.0,-166.0,-0.0885,167.13,1,0
2026-01-01T01:34:32Z,tube_leak,TUBE_LEAK,436.52,1393.6,127.37,539.7,1944.8,-168.5,-0.0901,169.2,1,0
2026-01-01T01:34:33Z,tube_leak,TUBE_LEAK,434.41,1390.9,127.58,539.9,1944.4,-158.2,-0.0922,168.7,1,0
2026-01-01T01:34:34Z,tube_leak,TUBE_LEAK,439.17,1391.6,127.69,539.0,1953.1,-155.8,-0.0906,168.09,1,0
2026-01-01T01:34:35Z,tube_leak,TUBE_LEAK,434.06,1391.4,127.88,540.7,1947.6,-158.9,-0.0898,168.66,1,0
2026-01-01T01:34:36Z,tube_leak,TUBE_LEAK,430.98,1393.4,127.34,540.8,1949.5,-161.7,-0.0885,168.58,1,0
2026-01-01T01:34:37Z,tube_leak,TUBE_LEAK,434.22,1393.3,127.9,540.1,1948.9,-168.9,-0.0895,166.62,1,0
2026-01-01T01:34:38Z,tube_leak,TUBE_LEAK,437.59,1393.1,128.0,540.1,1943.6,-166.8,-0.0905,168.0,1,0
2026-01-01T01:34:39Z,tube_leak,TUBE_LEAK,436.05,1392.5,128.23,538.2,1943.9,-165.5,-0.0905,166.63,1,0
2026-01-01T01:34:40Z,tube_leak,TUBE_LEAK,435.17,1390.9,127.55,539.4,1949.4,-158.7,-0.0891,168.04,1,0
2026-01-01T01:34:41Z,tube_leak,TUBE_LEAK,434.3,1391.5,128.01,539.5,1946.5,-156.2,-0.0887,166.84,1,0
2026-01-01T01:34:42Z,tube_leak,TUBE_LEAK,433.51,1394.8,127.29,539.5,1946.5,-159.8,-0.0884,166.14,1,0
2026-01-01T01:34:43Z,tube_leak,TUBE_LEAK,433.91,1391.3,127.75,540.6,1954.7,-150.7,-0.09,167.52,1,0
2026-01-01T01:34:44Z,tube_leak,TUBE_LEAK,434.1,1392.6,128.6,541.0,1944.1,-162.1,-0.0897,167.34,1,0
2026-01-01T01:34:45Z,tube_leak,TUBE_LEAK,432.77,1390.6,128.32,539.1,1948.2,-154.7,-0.0894,166.19,1,0
2026-01-01T01:34:46Z,tube_leak,TUBE_LEAK,434.06,1391.6,128.8,541.7,1948.9,-166.9,-0.0908,168.12,1,0
2026-01-01T01:34:47Z,tube_leak,TUBE_LEAK,434.79,1390.6,127.79,540.8,1945.2,-160.3,-0.0891,169.68,1,0
2026-01-01T01:34:48Z,tube_leak,TUBE_LEAK,437.07,1394.2,127.46,540.5,1953.5,-166.1,-0.0897,168.38,1,0
2026-01-01T01:34:49Z,tube_leak,TUBE_LEAK,433.83,1389.2,127.82,539.7,1943.9,-166.4,-0.0907,167.63,1,0
2026-01-01T01:34:50Z,tube_leak,TUBE_LEAK,431.26,1395.5,127.79,538.6,1950.4,-156.4,-0.0918,165.09,1,0
2026-01-01T01:34:51Z,tube_leak,TUBE_LEAK,435.56,1395.0,128.17,541.0,1947.4,-160.0,-0.0905,167.59,1,0
2026-01-01T01:34:52Z,tube_leak,TUBE_LEAK,435.85,1390.2,128.17,541.4,1946.6,-162.6,-0.0887,167.28,1,0
2026-01-01T01:34:53Z,tube_leak,TUBE_LEAK,439.04,1390.4,127.42,540.6,1946.1,-163.9,-0.0908,166.33,1,0
2026-01-01T01:34:54Z,tube_leak,TUBE_LEAK,433.22,1391.7,128.22,538.7,1948.2,-167.7,-0.0909,167.36,1,0
2026-01-01T01:34:55Z,tube_leak,TUBE_LEAK,434.12,1391.3,127.32,539.2,1949.1,-164.2,-0.0898,168.32,1,0
2026-01-01T01:34:56Z,tube_leak,TUBE_LEAK,433.85,1391.6,128.1,540.3,1948.7,-152.0,-0.0897,167.44,1,0
2026-01-01T01:34:57Z,tube_leak,TUBE_LEAK,431.09,1394.2,128.66,541.8,1941.8,-163.8,-0.0903,167.48,1,0
2026-01-01T01:34:58Z,tube_leak,TUBE_LEAK,439.29,1392.5,128.4,541.3,1944.2,-159.3,-0.0882,167.38,1,0
2026-01-01T01:34:59Z,tube_leak,TUBE_LEAK,435.58,1393.5,127.52,540.2,1950.9,-168.5,-0.089,167.81,1,0
2026-01-01T01:35:00Z,tube_leak,TUBE_LEAK,440.04,1391.1,127.38,539.4,1946.9,-153.3,-0.0898,167.48,1,0
2026-01-01T01:35:01Z,tube_leak,TUBE_LEAK,434.33,1390.2,128.45,538.0,1947.0,-162.8,-0.0919,167.62,1,0
2026-01-01T01:35:02Z,tube_leak,TUBE_LEAK,436.98,1391.7,128.08,539.6,1948.4,-163.9,-0.0901,167.13,1,0
2026-01-01T01:35:03Z,tube_leak,TUBE_LEAK,436.37,1392.4,128.1,540.3,1950.4,-156.6,-0.09,166.79,1,0
2026-01-01T01:35:04Z,tube_leak,TUBE_LEAK,436.55,1392.2,127.94,539.7,1949.1,-162.2,-0.092,168.25,1,0
2026-01-01T01:35:05Z,tube_leak,TUBE_LEAK,436.29,1390.1,127.88,539.8,1947.1,-156.1,-0.0892,168.29,1,0
2026-01-01T01:35:06Z,tube_leak,TUBE_LEAK,436.32,1394.6,127.98,542.5,1945.4,-159.8,-0.0899,166.61,1,0
2026-01-01T01:35:07Z,tube_leak,TUBE_LEAK,436.84,1391.3,128.32,540.7,1950.7,-151.2,-0.0899,169.61,1,0
2026-01-01T01:35:08Z,tube_leak,TUBE_LEAK,432.92,1390.1,127.71,541.5,1947.8,-159.1,-0.0894,167.14,1,0
2026-01-01T01:35:09Z,tube_leak,TUBE_LEAK,434.58,1393.3,128.26,540.2,1949.5,-159.2,-0.0903,167.62,1,0
2026-01-01T01:35:10Z,tube_leak,TUBE_LEAK,432.68,1389.0,127.57,538.6,1949.1,-161.4,-0.0911,168.71,1,0
2026-01-01T01:35:11Z,tube_leak,TUBE_LEAK,435.36,1398.5,128.23,539.8,1945.4,-159.5,-0.0879,165.6,1,0
2026-01-01T01:35:12Z,tube_leak,TUBE_LEAK,436.14,1395.1,127.32,538.1,1948.6,-161.4,-0.0899,165.58,1,0
2026-01-01T01:35:13Z,tube_leak,TUBE_LEAK,436.05,1391.5,127.95,539.4,1953.0,-161.1,-0.0904,167.39,1,0
2026-01-01T01:35:14Z,tube_leak,TUBE_LEAK,434.66,1392.2,127.7,540.3,1949.9,-157.0,-0.091,167.3,1,0
2026-01-01T01:35:15Z,tube_leak,TUBE_LEAK,438.7,1391.8,128.16,540.3,1949.0,-161.1,-0.0893,165.3,1,0
2026-01-01T01:35:16Z,tube_leak,TUBE_LEAK,437.86,1395.3,128.56,539.4,1956.6,-171.2,-0.0909,165.49,1,0
2026-01-01T01:35:17Z,tube_leak,TUBE_LEAK,435.18,1390.9,128.48,538.5,1942.9,-156.8,-0.0899,168.41,1,0
2026-01-01T01:35:18Z,tube_leak,TUBE_LEAK,433.66,1394.7,128.56,539.2,1947.6,-164.2,-0.0891,166.89,1,0
2026-01-01T01:35:19Z,tube_leak,TUBE_LEAK,435.99,1393.8,127.46,539.3,1946.8,-157.3,-0.0894,167.54,1,0
2026-01-01T01:35:20Z,tube_leak,TUBE_LEAK,433.05,1392.0,127.88,539.8,1952.6,-157.0,-0.0906,166.93,1,0
2026-01-01T01:35:21Z,tube_leak,TUBE_LEAK,435.75,1392.0,127.54,538.9,1946.7,-163.3,-0.0912,167.63,1,0
2026-01-01T01:35:22Z,tube_leak,TUBE_LEAK,433.67,1393.0,127.65,541.1,1944.2,-169.1,-0.0899,167.28,1,0
2026-01-01T01:35:23Z,tube_leak,TUBE_LEAK,436.68,1390.1,128.21,542.2,1950.0,-155.5,-0.0882,167.32,1,0
2026-01-01T01:35:24Z,tube_leak,TUBE_LEAK,436.98,1391.5,127.52,538.3,1947.4,-166.1,-0.0911,168.35,1,0
2026-01-01T01:35:25Z,tube_leak,TUBE_LEAK,434.48,1390.6,127.41,539.6,1948.0,-168.1,-0.0899,167.48,1,0
2026-01-01T01:35:26Z,tube_leak,TUBE_LEAK,441.27,1389.4,127.66,537.9,1952.8,-163.4,-0.0904,166.71,1,0
2026-01-01T01:35:27Z,tube_leak,TUBE_LEAK,433.26,1395.6,127.72,540.0,1947.8,-159.4,-0.0887,168.46,1,0
2026-01-01T01:35:28Z,tube_leak,TUBE_LEAK,433.23,1388.3,126.68,540.6,1948.0,-162.8,-0.0902,166.39,1,0
2026-01-01T01:35:29Z,tube_leak,TUBE_LEAK,433.38,1394.4,128.58,541.3,1948.8,-167.0,-0.0889,167.01,1,0
2026-01-01T01:35:30Z,tube_leak,TUBE_LEAK,434.49,1391.8,128.31,539.9,1948.3,-162.2,-0.0886,167.94,1,0
2026-01-01T01:35:31Z,tube_leak,TUBE_LEAK,437.88,1394.5,128.27,540.2,1948.9,-166.7,-0.0896,168.28,1,0
2026-01-01T01:35:32Z,tube_leak,TUBE_LEAK,436.1,1390.5,127.18,542.1,1950.0,-157.1,-0.0897,167.59,1,0
2026-01-01T01:35:33Z,tube_leak,TUBE_LEAK,435.21,1389.9,128.65,539.4,1949.9,-152.4,-0.0898,166.91,1,0
2026-01-01T01:35:34Z,tube_leak,TUBE_LEAK,436.97,1393.2,127.43,540.5,1947.6,-161.6,-0.0896,168.18,1,0
2026-01-01T01:35:35Z,tube_leak,TUBE_LEAK,437.61,1395.3,128.11,540.9,1950.9,-162.9,-0.0894,168.73,1,0
2026-01-01T01:35:36Z,tube_leak,TUBE_LEAK,433.3,1393.5,127.83,540.5,1947.2,-161.5,-0.0892,167.12,1,0
2026-01-01T01:35:37Z,tube_leak,TUBE_LEAK,432.3,1390.5,127.96,539.2,1947.3,-152.0,-0.0922,167.5,1,0
2026-01-01T01:35:38Z,tube_leak,TUBE_LEAK,435.18,1389.9,128.18,541.0,1944.4,-162.7,-0.0896,166.64,1,0
2026-01-01T01:35:39Z,tube_leak,TUBE_LEAK,433.2,1392.8,127.37,539.9,1957.1,-168.8,-0.0912,167.99,1,0
2026-01-01T01:35:40Z,tube_leak,TUBE_LEAK,436.78,1390.9,127.2,540.0,1947.1,-154.2,-0.0885,165.66,1,0
2026-01-01T01:35:41Z,tube_leak,TUBE_LEAK,437.64,1392.7,127.92,538.7,1954.1,-164.6,-0.0891,167.87,1,0
2026-01-01T01:35:42Z,tube_leak,TUBE_LEAK,433.63,1390.7,129.13,542.7,1947.1,-154.8,-0.088,167.51,1,0
2026-01-01T01:35:43Z,tube_leak,TUBE_LEAK,432.83,1392.9,127.47,539.1,1953.4,-157.7,-0.0883,167.98,1,0
2026-01-01T01:35:44Z,tube_leak,TUBE_LEAK,434.04,1390.1,129.23,540.1,1946.1,-156.2,-0.0896,165.63,1,0
2026-01-01T01:35:45Z,tube_leak,TUBE_LEAK,434.37,1392.0,127.85,541.0,1949.0,-164.5,-0.0891,166.38,1,0
2026-01-01T01:35:46Z,tube_leak,TUBE_LEAK,436.86,1394.4,128.25,540.8,1952.7,-154.6,-0.0895,166.29,1,0
2026-01-01T01:35:47Z,tube_leak,TUBE_LEAK,437.1,1395.3,127.93,539.2,1952.4,-172.6,-0.0896,167.1,1,0
2026-01-01T01:35:48Z,tube_leak,TUBE_LEAK,433.13,1392.1,128.22,539.9,1951.3,-164.3,-0.0902,169.43,1,0
2026-01-01T01:35:49Z,tube_leak,TUBE_LEAK,433.51,1390.7,128.61,540.9,1951.1,-161.3,-0.09,166.19,1,0
2026-01-01T01:35:50Z,tube_leak,TUBE_LEAK,435.44,1397.8,127.59,542.0,1950.9,-160.2,-0.0915,167.47,1,0
2026-01-01T01:35:51Z,tube_leak,TUBE_LEAK,431.83,1390.8,127.45,539.2,1948.8,-165.3,-0.0914,169.44,1,0
2026-01-01T01:35:52Z,tube_leak,TUBE_LEAK,438.18,1390.6,127.63,539.5,1952.0,-154.1,-0.0905,166.75,1,0
2026-01-01T01:35:53Z,tube_leak,TUBE_LEAK,435.2,1392.2,127.94,539.7,1952.6,-156.0,-0.09,166.37,1,0
2026-01-01T01:35:54Z,tube_leak,TUBE_LEAK,435.13,1391.0,127.84,541.3,1949.0,-154.8,-0.0888,167.67,1,0
2026-01-01T01:35:55Z,tube_leak,TUBE_LEAK,433.85,1387.5,128.7,540.5,1946.8,-144.0,-0.0907,168.98,1,0
2026-01-01T01:35:56Z,tube_leak,TUBE_LEAK,434.23,1391.3,127.39,538.2,1949.8,-160.4,-0.0895,166.7,1,0
2026-01-01T01:35:57Z,tube_leak,TUBE_LEAK,430.68,1392.2,128.29,542.1,1951.6,-160.2,-0.0901,166.87,1,0
2026-01-01T01:35:58Z,tube_leak,TUBE_LEAK,437.1,1392.2,128.59,540.1,1948.4,-157.9,-0.0913,167.37,1,0
2026-01-01T01:35:59Z,tube_leak,TUBE_LEAK,437.29,1391.1,127.98,540.3,1945.6,-158.8,-0.0901,167.71,1,0
2026-01-01T01:36:00Z,tube_leak,TUBE_LEAK,434.12,1392.7,128.25,540.0,1950.7,-159.0,-0.0907,168.27,1,0
2026-01-01T01:36:01Z,tube_leak,TUBE_LEAK,434.84,1392.0,128.28,539.1,1950.9,-176.0,-0.0901,167.27,1,0
2026-01-01T01:36:02Z,tube_leak,TUBE_LEAK,436.59,1390.4,128.44,539.4,1948.5,-156.6,-0.0903,167.82,1,0
2026-01-01T01:36:03Z,tube_leak,TUBE_LEAK,435.8,1390.6,128.22,539.5,1950.3,-163.5,-0.0898,166.54,1,0
2026-01-01T01:36:04Z,tube_leak,TUBE_LEAK,436.49,1389.8,128.3,540.9,1951.7,-158.1,-0.0904,167.11,1,0
2026-01-01T01:36:05Z,tube_leak,TUBE_LEAK,437.21,1394.0,127.49,538.5,1945.4,-155.2,-0.089,166.62,1,0
2026-01-01T01:36:06Z,tube_leak,TUBE_LEAK,434.53,1392.2,127.69,539.9,1948.3,-159.5,-0.0897,168.1,1,0
2026-01-01T01:36:07Z,tube_leak,TUBE_LEAK,436.44,1389.3,128.69,540.2,1950.7,-163.5,-0.0915,166.58,1,0
2026-01-01T01:36:08Z,tube_leak,TUBE_LEAK,433.05,1391.1,128.07,539.3,1948.6,-156.1,-0.0897,168.34,1,0
2026-01-01T01:36:09Z,tube_leak,TUBE_LEAK,433.26,1390.4,128.13,540.9,1951.9,-165.7,-0.0902,169.0,1,0
2026-01-01T01:36:10Z,tube_leak,TUBE_LEAK,435.14,1394.5,127.23,540.3,1948.6,-160.0,-0.0904,167.31,1,0
2026-01-01T01:36:11Z,tube_leak,TUBE_LEAK,435.8,1389.0,127.94,539.6,1948.4,-163.6,-0.0909,167.62,1,0
2026-01-01T01:36:12Z,tube_leak,TUBE_LEAK,434.28,1391.0,128.12,540.8,1949.4,-158.2,-0.0899,167.39,1,0
2026-01-01T01:36:13Z,tube_leak,TUBE_LEAK,430.89,1392.7,128.47,540.7,1944.7,-159.4,-0.0899,169.13,1,0
2026-01-01T01:36:14Z,tube_leak,TUBE_LEAK,430.44,1392.3,127.42,538.5,1948.5,-163.2,-0.0894,167.28,1,0
2026-01-01T01:36:15Z,tube_leak,TUBE_LEAK,437.83,1392.7,128.65,541.6,1947.6,-154.3,-0.0909,166.14,1,0
2026-01-01T01:36:16Z,tube_leak,TUBE_LEAK,435.79,1391.3,127.14,540.1,1949.0,-162.2,-0.089,166.57,1,0
2026-01-01T01:36:17Z,tube_leak,TUBE_LEAK,430.54,1392.5,128.4,540.2,1952.6,-152.2,-0.0887,167.4,1,0
2026-01-01T01:36:18Z,tube_leak,TUBE_LEAK,439.34,1392.3,127.6,539.1,1950.0,-156.6,-0.0898,167.65,1,0
2026-01-01T01:36:19Z,tube_leak,TUBE_LEAK,438.19,1394.5,127.31,538.0,1949.5,-153.1,-0.089,168.14,1,0
2026-01-01T01:36:20Z,tube_leak,TUBE_LEAK,434.23,1390.8,129.44,540.6,1953.6,-165.3,-0.0901,166.35,1,0
2026-01-01T01:36:21Z,tube_leak,TUBE_LEAK,436.88,1394.8,127.62,539.1,1949.9,-148.9,-0.0907,167.38,1,0
2026-01-01T01:36:22Z,tube_leak,TUBE_LEAK,430.78,1392.0,128.67,540.4,1947.9,-157.5,-0.0885,167.06,1,0
2026-01-01T01:36:23Z,tube_leak,TUBE_LEAK,432.64,1390.3,128.51,540.0,1951.4,-157.6,-0.0914,167.9,1,0
2026-01-01T01:36:24Z,tube_leak,TUBE_LEAK,434.35,1392.3,128.15,540.4,1949.1,-159.5,-0.0892,166.24,1,0
2026-01-01T01:36:25Z,tube_leak,TUBE_LEAK,431.37,1393.3,127.51,538.9,1949.2,-157.2,-0.0904,167.25,1,0
2026-01-01T01:36:26Z,tube_leak,TUBE_LEAK,433.26,1388.0,127.65,541.2,1950.6,-157.8,-0.0901,168.84,1,0
2026-01-01T01:36:27Z,tube_leak,TUBE_LEAK,431.31,1391.2,128.92,539.8,1947.0,-154.1,-0.0898,167.1,1,0
2026-01-01T01:36:28Z,tube_leak,TUBE_LEAK,435.93,1390.5,129.07,539.2,1948.7,-156.0,-0.0889,166.78,1,0
2026-01-01T01:36:29Z,tube_leak,TUBE_LEAK,434.75,1389.9,127.67,540.9,1952.7,-151.5,-0.0889,167.87,1,0
2026-01-01T01:36:30Z,tube_leak,TUBE_LEAK,435.49,1390.3,128.17,540.3,1950.4,-164.4,-0.0912,166.92,1,0
2026-01-01T01:36:31Z,tube_leak,TUBE_LEAK,439.27,1390.7,127.54,541.8,1948.0,-156.0,-0.0903,166.58,1,0
2026-01-01T01:36:32Z,tube_leak,TUBE_LEAK,434.66,1392.7,127.88,540.8,1946.9,-152.9,-0.0912,167.39,1,0
2026-01-01T01:36:33Z,tube_leak,TUBE_LEAK,433.74,1390.3,127.28,541.4,1951.9,-164.5,-0.0894,167.01,1,0
2026-01-01T01:36:34Z,tube_leak,TUBE_LEAK,437.82,1391.7,127.73,539.8,1949.1,-153.3,-0.0898,168.53,1,0
2026-01-01T01:36:35Z,tube_leak,TUBE_LEAK,430.29,1388.9,127.67,541.0,1946.2,-163.8,-0.0938,167.87,1,0
2026-01-01T01:36:36Z,tube_leak,TUBE_LEAK,434.92,1385.3,127.86,536.4,1948.8,-157.1,-0.09,168.07,1,0
2026-01-01T01:36:37Z,tube_leak,TUBE_LEAK,433.26,1395.1,128.23,538.5,1951.5,-166.0,-0.0901,167.92,1,0
2026-01-01T01:36:38Z,tube_leak,TUBE_LEAK,434.68,1393.1,128.13,542.0,1947.2,-159.2,-0.0921,168.23,1,0
2026-01-01T01:36:39Z,tube_leak,TUBE_LEAK,433.13,1390.9,128.07,539.7,1946.1,-168.8,-0.0899,168.2,1,0
2026-01-01T01:36:40Z,tube_leak,TUBE_LEAK,437.95,1390.6,127.67,538.9,1945.5,-159.6,-0.0899,168.43,1,0
2026-01-01T01:36:41Z,tube_leak,TUBE_LEAK,435.07,1392.0,127.67,541.0,1952.1,-161.1,-0.0914,169.28,1,0
2026-01-01T01:36:42Z,tube_leak,TUBE_LEAK,438.42,1389.8,129.18,539.5,1949.5,-158.2,-0.0914,166.39,1,0
2026-01-01T01:36:43Z,tube_leak,TUBE_LEAK,435.31,1390.1,128.14,540.2,1943.7,-161.2,-0.0914,166.88,1,0
2026-01-01T01:36:44Z,tube_leak,TUBE_LEAK,431.09,1391.7,128.21,540.3,1954.8,-152.7,-0.0905,167.04,1,0
2026-01-01T01:36:45Z,tube_leak,TUBE_LEAK,438.36,1394.5,127.91,539.3,1951.6,-154.6,-0.0906,167.82,1,0
2026-01-01T01:36:46Z,tube_leak,TUBE_LEAK,433.18,1389.8,127.21,537.6,1945.9,-152.3,-0.0897,168.24,1,0
2026-01-01T01:36:47Z,tube_leak,TUBE_LEAK,433.26,1389.2,128.06,538.9,1947.1,-162.8,-0.089,165.69,1,0
2026-01-01T01:36:48Z,tube_leak,TUBE_LEAK,434.21,1390.8,127.9,540.8,1950.2,-153.4,-0.0897,165.55,1,0
2026-01-01T01:36:49Z,tube_leak,TUBE_LEAK,437.29,1389.9,128.72,540.8,1949.0,-163.6,-0.0905,167.97,1,0
2026-01-01T01:36:50Z,tube_leak,TUBE_LEAK,434.52,1393.4,127.6,538.8,1946.2,-167.3,-0.0896,168.15,1,0
2026-01-01T01:36:51Z,tube_leak,TUBE_LEAK,430.22,1391.9,127.91,537.7,1950.0,-158.2,-0.0895,167.15,1,0
2026-01-01T01:36:52Z,tube_leak,TUBE_LEAK,430.44,1392.1,128.5,539.6,1947.8,-161.2,-0.0888,169.03,1,0
2026-01-01T01:36:53Z,tube_leak,TUBE_LEAK,432.32,1391.0,128.13,539.4,1949.8,-176.7,-0.0904,168.83,1,0
2026-01-01T01:36:54Z,tube_leak,TUBE_LEAK,435.31,1392.5,127.51,540.9,1949.9,-164.3,-0.0895,166.33,1,0
2026-01-01T01:36:55Z,tube_leak,TUBE_LEAK,440.01,1394.4,127.47,539.5,1947.5,-161.1,-0.0916,168.57,1,0
2026-01-01T01:36:56Z,tube_leak,TUBE_LEAK,436.11,1392.3,127.84,539.9,1947.5,-146.7,-0.09,166.35,1,0
2026-01-01T01:36:57Z,tube_leak,TUBE_LEAK,434.04,1392.6,128.23,539.5,1946.7,-157.1,-0.0904,167.55,1,0
2026-01-01T01:36:58Z,tube_leak,TUBE_LEAK,435.49,1392.0,127.61,540.7,1945.5,-161.3,-0.0905,168.7,1,0
2026-01-01T01:36:59Z,tube_leak,TUBE_LEAK,437.58,1391.1,127.61,539.0,1950.9,-164.3,-0.0911,166.11,1,0
2026-01-01T01:37:00Z,tube_leak,TUBE_LEAK,434.9,1389.5,128.15,539.1,1951.5,-157.8,-0.0885,165.73,1,0
2026-01-01T01:37:01Z,tube_leak,TUBE_LEAK,437.62,1393.7,128.26,540.3,1941.7,-152.2,-0.0905,167.56,1,0
2026-01-01T01:37:02Z,tube_leak,TUBE_LEAK,435.5,1391.2,127.5,539.3,1954.7,-158.0,-0.0885,167.03,1,0
2026-01-01T01:37:03Z,tube_leak,TUBE_LEAK,437.31,1392.6,128.01,540.2,1953.9,-158.0,-0.0906,166.34,1,0
2026-01-01T01:37:04Z,tube_leak,TUBE_LEAK,438.42,1390.8,128.89,542.8,1946.4,-162.0,-0.089,166.01,1,0
2026-01-01T01:37:05Z,tube_leak,TUBE_LEAK,432.61,1395.2,127.88,539.2,1944.9,-153.6,-0.0904,167.66,1,0
2026-01-01T01:37:06Z,tube_leak,TUBE_LEAK,431.32,1395.1,128.16,539.9,1947.2,-157.6,-0.0877,167.46,1,0
2026-01-01T01:37:07Z,tube_leak,TUBE_LEAK,436.13,1391.2,128.49,539.5,1951.1,-160.3,-0.0918,168.4,1,0
2026-01-01T01:37:08Z,tube_leak,TUBE_LEAK,434.96,1391.0,127.35,540.8,1946.1,-156.3,-0.0908,166.43,1,0
2026-01-01T01:37:09Z,tube_leak,TUBE_LEAK,434.6,1393.8,128.01,537.6,1948.9,-164.2,-0.0899,165.94,1,0
2026-01-01T01:37:10Z,tube_leak,TUBE_LEAK,432.22,1394.7,127.9,543.0,1946.1,-154.9,-0.091,167.28,1,0
2026-01-01T01:37:11Z,tube_leak,TUBE_LEAK,435.13,1392.8,128.69,537.9,1949.6,-160.6,-0.0905,166.82,1,0
2026-01-01T01:37:12Z,tube_leak,TUBE_LEAK,435.01,1389.6,126.8,540.2,1951.7,-157.8,-0.0893,168.16,1,0
2026-01-01T01:37:13Z,tube_leak,TUBE_LEAK,432.11,1395.5,127.56,539.6,1950.0,-161.0,-0.0901,165.86,1,0
2026-01-01T01:37:14Z,tube_leak,TUBE_LEAK,434.16,1390.5,128.02,540.1,1946.2,-153.8,-0.0901,169.39,1,0
2026-01-01T01:37:15Z,tube_leak,TUBE_LEAK,428.34,1393.2,128.57,540.5,1949.2,-161.0,-0.0898,166.78,1,0
2026-01-01T01:37:16Z,tube_leak,TUBE_LEAK,430.91,1391.4,129.14,538.2,1944.3,-169.7,-0.0908,167.86,1,0
2026-01-01T01:37:17Z,tube_leak,TUBE_LEAK,433.18,1390.4,128.05,538.9,1944.1,-163.4,-0.0905,167.53,1,0
2026-01-01T01:37:18Z,tube_leak,TUBE_LEAK,434.42,1387.5,127.51,538.9,1953.6,-157.0,-0.0903,168.41,1,0
2026-01-01T01:37:19Z,tube_leak,TUBE_LEAK,436.41,1394.0,127.68,540.4,1955.0,-161.3,-0.0904,167.41,1,0
2026-01-01T01:37:20Z,tube_leak,TUBE_LEAK,433.01,1387.8,127.29,539.8,1943.9,-156.2,-0.0885,166.72,1,0
2026-01-01T01:37:21Z,tube_leak,TUBE_LEAK,435.46,1395.4,128.48,540.8,1945.9,-161.4,-0.0914,168.03,1,0
2026-01-01T01:37:22Z,tube_leak,TUBE_LEAK,437.99,1390.8,127.83,540.3,1952.7,-161.9,-0.0896,169.62,1,0
2026-01-01T01:37:23Z,tube_leak,TUBE_LEAK,436.11,1393.4,127.28,540.2,1946.2,-165.4,-0.0895,168.22,1,0
2026-01-01T01:37:24Z,tube_leak,TUBE_LEAK,436.12,1396.2,128.06,540.0,1952.0,-152.9,-0.0891,167.24,1,0
2026-01-01T01:37:25Z,tube_leak,TUBE_LEAK,433.12,1390.7,127.63,541.6,1945.6,-162.1,-0.0909,167.76,1,0
2026-01-01T01:37:26Z,tube_leak,TUBE_LEAK,435.29,1391.5,127.9,539.0,1949.6,-153.1,-0.0892,167.82,1,0
2026-01-01T01:37:27Z,tube_leak,TUBE_LEAK,431.31,1393.9,128.98,541.6,1950.9,-154.6,-0.0892,167.32,1,0
2026-01-01T01:37:28Z,tube_leak,TUBE_LEAK,434.06,1390.8,127.39,540.1,1952.7,-159.4,-0.0901,166.91,1,0
2026-01-01T01:37:29Z,tube_leak,TUBE_LEAK,434.46,1388.6,127.34,539.8,1956.2,-156.9,-0.0918,167.99,1,0
2026-01-01T01:37:30Z,tube_leak,TUBE_LEAK,438.12,1389.8,128.55,539.6,1947.8,-161.6,-0.0902,169.36,1,0
2026-01-01T01:37:31Z,tube_leak,TUBE_LEAK,432.34,1390.6,127.23,540.2,1940.9,-158.0,-0.0892,168.11,1,0
2026-01-01T01:37:32Z,tube_leak,TUBE_LEAK,433.75,1391.5,127.83,540.5,1946.3,-149.4,-0.0898,167.57,1,0
2026-01-01T01:37:33Z,tube_leak,TUBE_LEAK,432.23,1393.6,127.69,539.1,1948.8,-159.7,-0.0901,167.16,1,0
2026-01-01T01:37:34Z,tube_leak,TUBE_LEAK,433.67,1391.9,127.48,538.9,1944.8,-155.1,-0.0899,167.53,1,0
2026-01-01T01:37:35Z,tube_leak,TUBE_LEAK,437.54,1393.4,127.8,540.6,1948.5,-159.8,-0.0898,167.55,1,0
2026-01-01T01:37:36Z,tube_leak,TUBE_LEAK,436.42,1392.0,128.51,541.2,1950.3,-155.6,-0.089,165.68,1,0
2026-01-01T01:37:37Z,tube_leak,TUBE_LEAK,435.69,1391.8,128.68,540.9,1954.4,-151.0,-0.088,168.5,1,0
2026-01-01T01:37:38Z,tube_leak,TUBE_LEAK,434.1,1391.8,127.76,540.5,1948.3,-153.4,-0.089,167.51,1,0
2026-01-01T01:37:39Z,tube_leak,TUBE_LEAK,431.63,1392.6,128.78,538.9,1957.0,-156.5,-0.0902,168.31,1,0
2026-01-01T01:37:40Z,tube_leak,TUBE_LEAK,438.93,1393.8,128.09,539.0,1950.8,-165.5,-0.09,166.53,1,0
2026-01-01T01:37:41Z,tube_leak,TUBE_LEAK,433.24,1391.4,128.87,542.0,1946.5,-162.4,-0.0903,167.1,1,0
2026-01-01T01:37:42Z,tube_leak,TUBE_LEAK,433.87,1392.3,128.46,539.3,1950.0,-162.2,-0.0909,169.21,1,0
2026-01-01T01:37:43Z,tube_leak,TUBE_LEAK,435.77,1389.4,127.95,540.2,1950.1,-156.7,-0.0902,165.33,1,0
2026-01-01T01:37:44Z,tube_leak,TUBE_LEAK,437.61,1393.2,128.27,539.9,1946.3,-152.0,-0.0902,167.23,1,0
2026-01-01T01:37:45Z,tube_leak,TUBE_LEAK,432.96,1387.4,127.02,538.2,1955.0,-159.9,-0.0907,170.0,1,0
2026-01-01T01:37:46Z,tube_leak,TUBE_LEAK,434.2,1391.1,128.28,542.5,1949.4,-157.8,-0.0909,167.68,1,0
2026-01-01T01:37:47Z,tube_leak,TUBE_LEAK,432.07,1392.0,128.54,541.1,1948.9,-159.7,-0.0896,167.52,1,0
2026-01-01T01:37:48Z,tube_leak,TUBE_LEAK,436.22,1395.5,128.25,540.5,1949.3,-165.1,-0.0914,168.21,1,0
2026-01-01T01:37:49Z,tube_leak,TUBE_LEAK,435.82,1390.5,127.7,539.9,1945.3,-160.4,-0.0878,167.63,1,0
2026-01-01T01:37:50Z,tube_leak,TUBE_LEAK,434.44,1391.6,128.21,539.3,1948.1,-159.5,-0.0909,167.01,1,0
2026-01-01T01:37:51Z,tube_leak,TUBE_LEAK,432.88,1393.4,128.16,539.5,1945.7,-155.1,-0.0885,166.96,1,0
2026-01-01T01:37:52Z,tube_leak,TUBE_LEAK,438.51,1388.1,127.74,541.3,1956.4,-154.0,-0.0883,167.93,1,0
2026-01-01T01:37:53Z,tube_leak,TUBE_LEAK,427.82,1392.3,127.48,543.3,1947.7,-156.6,-0.0896,166.71,1,0
2026-01-01T01:37:54Z,tube_leak,TUBE_LEAK,433.04,1392.0,127.83,541.0,1944.1,-158.4,-0.0889,168.51,1,0
2026-01-01T01:37:55Z,tube_leak,TUBE_LEAK,437.21,1390.7,127.79,540.6,1943.9,-158.2,-0.0895,169.34,1,0
2026-01-01T01:37:56Z,tube_leak,TUBE_LEAK,430.18,1391.5,128.03,539.4,1949.2,-163.0,-0.091,167.67,1,0
2026-01-01T01:37:57Z,tube_leak,TUBE_LEAK,436.87,1391.6,127.93,538.6,1952.9,-152.8,-0.0898,165.77,1,0
2026-01-01T01:37:58Z,tube_leak,TUBE_LEAK,434.35,1394.0,127.76,541.3,1947.6,-162.6,-0.0902,165.89,1,0
2026-01-01T01:37:59Z,tube_leak,TUBE_LEAK,435.64,1392.8,127.85,540.9,1946.1,-151.3,-0.0892,167.29,1,0
2026-01-01T01:38:00Z,tube_leak,TUBE_LEAK,436.35,1391.2,128.31,540.0,1950.4,-160.4,-0.09,169.24,1,0
2026-01-01T01:38:01Z,tube_leak,TUBE_LEAK,434.07,1393.3,127.7,540.8,1952.0,-173.6,-0.0898,166.27,1,0
2026-01-01T01:38:02Z,tube_leak,TUBE_LEAK,439.14,1391.2,128.35,538.4,1947.6,-163.7,-0.0895,167.15,1,0
2026-01-01T01:38:03Z,tube_leak,TUBE_LEAK,439.4,1392.1,128.14,541.5,1947.4,-160.7,-0.0898,168.89,1,0
2026-01-01T01:38:04Z,tube_leak,TUBE_LEAK,434.37,1391.4,127.18,538.6,1947.2,-165.1,-0.0878,167.59,1,0
2026-01-01T01:38:05Z,tube_leak,TUBE_LEAK,435.88,1391.3,128.73,540.8,1944.6,-161.3,-0.0896,166.89,1,0
2026-01-01T01:38:06Z,tube_leak,TUBE_LEAK,432.92,1394.2,128.1,540.3,1946.7,-155.7,-0.0902,166.47,1,0
2026-01-01T01:38:07Z,tube_leak,TUBE_LEAK,439.19,1392.8,127.24,541.5,1944.7,-157.7,-0.0879,167.77,1,0
2026-01-01T01:38:08Z,tube_leak,TUBE_LEAK,436.46,1389.5,128.06,539.5,1950.8,-163.5,-0.0877,168.04,1,0
2026-01-01T01:38:09Z,tube_leak,TUBE_LEAK,433.97,1391.7,128.65,540.2,1948.6,-156.5,-0.0889,167.72,1,0
2026-01-01T01:38:10Z,tube_leak,TUBE_LEAK,435.64,1395.3,127.8,539.2,1947.3,-161.1,-0.0909,166.37,1,0
2026-01-01T01:38:11Z,tube_leak,TUBE_LEAK,430.53,1390.7,127.52,539.8,1949.4,-157.2,-0.0909,168.15,1,0
2026-01-01T01:38:12Z,tube_leak,TUBE_LEAK,434.68,1388.9,128.35,540.5,1949.7,-159.2,-0.0911,169.15,1,0
2026-01-01T01:38:13Z,tube_leak,TUBE_LEAK,430.1,1391.9,129.01,537.6,1948.4,-156.1,-0.0894,167.38,1,0
2026-01-01T01:38:14Z,tube_leak,TUBE_LEAK,434.63,1390.4,127.9,539.9,1941.9,-148.6,-0.09,168.45,1,0
2026-01-01T01:38:15Z,tube_leak,TUBE_LEAK,439.53,1395.1,127.66,540.0,1951.7,-163.3,-0.09,166.44,1,0
2026-01-01T01:38:16Z,tube_leak,TUBE_LEAK,433.75,1395.1,127.71,538.5,1952.1,-169.5,-0.0893,166.8,1,0
2026-01-01T01:38:17Z,tube_leak,TUBE_LEAK,434.39,1394.2,128.02,541.8,1947.2,-150.1,-0.0892,168.36,1,0
2026-01-01T01:38:18Z,tube_leak,TUBE_LEAK,431.2,1390.1,128.22,540.7,1950.2,-165.1,-0.0922,166.54,1,0
2026-01-01T01:38:19Z,tube_leak,TUBE_LEAK,433.45,1391.7,128.13,539.1,1948.6,-161.1,-0.0905,166.82,1,0
2026-01-01T01:38:20Z,tube_leak,TUBE_LEAK,435.25,1392.2,127.79,541.3,1947.6,-158.6,-0.0895,166.48,1,0
2026-01-01T01:38:21Z,tube_leak,TUBE_LEAK,430.58,1391.4,127.55,540.9,1949.2,-161.1,-0.0909,168.76,1,0
2026-01-01T01:38:22Z,tube_leak,TUBE_LEAK,432.64,1391.4,128.57,541.2,1944.0,-165.4,-0.0897,168.74,1,0
2026-01-01T01:38:23Z,tube_leak,TUBE_LEAK,436.81,1387.7,127.99,539.9,1948.7,-167.0,-0.0894,168.14,1,0
2026-01-01T01:38:24Z,tube_leak,TUBE_LEAK,434.02,1393.1,127.63,541.3,1950.7,-163.6,-0.0904,166.44,1,0
2026-01-01T01:38:25Z,tube_leak,TUBE_LEAK,436.63,1389.3,128.06,540.6,1947.2,-156.7,-0.0919,167.11,1,0
2026-01-01T01:38:26Z,tube_leak,TUBE_LEAK,435.45,1391.0,128.82,540.0,1951.2,-156.4,-0.0895,167.99,1,0
2026-01-01T01:38:27Z,tube_leak,TUBE_LEAK,435.87,1394.5,127.11,541.1,1950.9,-166.1,-0.0897,167.77,1,0
2026-01-01T01:38:28Z,tube_leak,TUBE_LEAK,433.06,1392.7,128.11,541.1,1947.7,-160.6,-0.0893,167.17,1,0
2026-01-01T01:38:29Z,tube_leak,TUBE_LEAK,439.94,1390.7,128.23,542.1,1946.6,-166.6,-0.0897,167.65,1,0
2026-01-01T01:38:30Z,tube_leak,TUBE_LEAK,432.28,1395.0,127.17,539.6,1951.5,-160.2,-0.0888,169.31,1,0
2026-01-01T01:38:31Z,tube_leak,TUBE_LEAK,435.61,1394.0,127.86,541.5,1949.3,-157.5,-0.0895,167.76,1,0
2026-01-01T01:38:32Z,tube_leak,TUBE_LEAK,432.86,1389.8,128.48,539.6,1944.1,-161.7,-0.0908,167.6,1,0
2026-01-01T01:38:33Z,tube_leak,TUBE_LEAK,433.59,1390.0,127.79,540.8,1946.2,-156.8,-0.089,168.64,1,0
2026-01-01T01:38:34Z,tube_leak,TUBE_LEAK,429.43,1393.8,128.13,539.9,1945.7,-155.4,-0.0882,168.89,1,0
2026-01-01T01:38:35Z,tube_leak,TUBE_LEAK,437.81,1394.3,127.62,541.8,1946.7,-157.3,-0.0895,166.84,1,0
2026-01-01T01:38:36Z,tube_leak,TUBE_LEAK,430.93,1393.8,128.02,540.5,1949.9,-161.2,-0.091,168.44,1,0
2026-01-01T01:38:37Z,tube_leak,TUBE_LEAK,432.91,1391.5,128.49,540.2,1949.6,-161.9,-0.0885,167.88,1,0
2026-01-01T01:38:38Z,tube_leak,TUBE_LEAK,434.81,1391.8,128.04,542.7,1948.8,-156.4,-0.0903,167.85,1,0
2026-01-01T01:38:39Z,tube_leak,TUBE_LEAK,434.3,1393.1,127.82,539.8,1950.1,-164.6,-0.0893,169.49,1,0
2026-01-01T01:38:40Z,tube_leak,TUBE_LEAK,437.11,1389.2,128.04,541.4,1950.0,-160.6,-0.0906,166.43,1,0
2026-01-01T01:38:41Z,tube_leak,TUBE_LEAK,432.42,1387.5,127.64,541.9,1952.1,-159.0,-0.0902,168.35,1,0
2026-01-01T01:38:42Z,tube_leak,TUBE_LEAK,432.59,1388.2,127.45,540.4,1950.1,-161.2,-0.0884,166.1,1,0
2026-01-01T01:38:43Z,tube_leak,TUBE_LEAK,436.81,1389.0,128.26,538.1,1947.4,-160.0,-0.0899,169.16,1,0
2026-01-01T01:38:44Z,tube_leak,TUBE_LEAK,436.33,1391.1,128.23,538.0,1948.3,-163.2,-0.0908,168.89,1,0
2026-01-01T01:38:45Z,tube_leak,TUBE_LEAK,432.11,1392.5,127.26,541.4,1947.8,-159.5,-0.0891,165.7,1,0
2026-01-01T01:38:46Z,tube_leak,TUBE_LEAK,438.94,1392.5,127.61,540.7,1952.4,-162.5,-0.0901,167.3,1,0
2026-01-01T01:38:47Z,tube_leak,TUBE_LEAK,438.63,1390.8,126.91,541.1,1945.2,-156.7,-0.0914,168.9,1,0
2026-01-01T01:38:48Z,tube_leak,TUBE_LEAK,434.87,1390.9,128.03,539.2,1948.6,-157.6,-0.0901,167.12,1,0
2026-01-01T01:38:49Z,tube_leak,TUBE_LEAK,434.8,1391.7,128.01,539.2,1945.5,-162.5,-0.0907,167.41,1,0
2026-01-01T01:38:50Z,tube_leak,TUBE_LEAK,431.27,1390.3,128.05,540.0,1952.8,-157.0,-0.0888,169.26,1,0
2026-01-01T01:38:51Z,tube_leak,TUBE_LEAK,432.53,1392.1,128.22,542.0,1950.3,-157.6,-0.0906,166.21,1,0
2026-01-01T01:38:52Z,tube_leak,TUBE_LEAK,435.63,1392.7,128.55,540.8,1950.1,-166.0,-0.0885,165.53,1,0
2026-01-01T01:38:53Z,tube_leak,TUBE_LEAK,430.02,1391.1,128.36,540.7,1954.6,-159.8,-0.0889,167.16,1,0
2026-01-01T01:38:54Z,tube_leak,TUBE_LEAK,433.31,1393.6,128.6,540.1,1951.9,-161.2,-0.0918,168.19,1,0
2026-01-01T01:38:55Z,tube_leak,TUBE_LEAK,435.0,1391.0,128.46,541.0,1950.1,-158.6,-0.0907,167.39,1,0
2026-01-01T01:38:56Z,tube_leak,TUBE_LEAK,429.56,1391.7,128.51,539.9,1943.9,-156.5,-0.0879,168.65,1,0
2026-01-01T01:38:57Z,tube_leak,TUBE_LEAK,435.52,1393.3,128.48,538.6,1946.4,-159.0,-0.09,168.21,1,0
2026-01-01T01:38:58Z,tube_leak,TUBE_LEAK,439.33,1396.1,127.97,538.5,1947.1,-158.6,-0.0897,166.61,1,0
2026-01-01T01:38:59Z,tube_leak,TUBE_LEAK,435.05,1394.3,127.9,539.7,1952.8,-167.8,-0.0907,168.99,1,0
2026-01-01T01:39:00Z,tube_leak,TUBE_LEAK,431.17,1393.6,128.27,540.4,1950.2,-158.1,-0.0893,167.98,1,0
2026-01-01T01:39:01Z,tube_leak,TUBE_LEAK,433.4,1391.7,128.1,540.4,1948.3,-172.0,-0.0902,168.19,1,0
2026-01-01T01:39:02Z,tube_leak,TUBE_LEAK,434.19,1393.1,127.98,540.2,1939.6,-157.4,-0.0912,168.19,1,0
2026-01-01T01:39:03Z,tube_leak,TUBE_LEAK,432.78,1391.9,127.74,541.6,1946.5,-158.1,-0.0903,166.27,1,0
2026-01-01T01:39:04Z,tube_leak,TUBE_LEAK,438.64,1394.6,128.35,539.1,1945.9,-164.2,-0.0893,168.99,1,0
2026-01-01T01:39:05Z,tube_leak,TUBE_LEAK,439.28,1389.3,126.82,539.8,1951.1,-161.0,-0.0883,167.91,1,0
2026-01-01T01:39:06Z,tube_leak,TUBE_LEAK,439.0,1393.2,127.82,540.6,1949.1,-164.9,-0.0885,167.99,1,0
2026-01-01T01:39:07Z,tube_leak,TUBE_LEAK,431.68,1393.6,127.18,538.5,1948.0,-163.3,-0.0908,167.52,1,0
2026-01-01T01:39:08Z,tube_leak,TUBE_LEAK,432.12,1392.3,128.03,540.4,1947.6,-156.9,-0.0894,165.67,1,0
2026-01-01T01:39:09Z,tube_leak,TUBE_LEAK,438.82,1390.4,128.01,542.0,1951.5,-157.3,-0.0897,165.63,1,0
2026-01-01T01:39:10Z,tube_leak,TUBE_LEAK,437.67,1394.4,128.69,539.8,1943.4,-156.8,-0.0911,168.74,1,0
2026-01-01T01:39:11Z,tube_leak,TUBE_LEAK,439.09,1390.9,128.66,538.7,1944.7,-167.4,-0.0894,167.02,1,0
2026-01-01T01:39:12Z,tube_leak,TUBE_LEAK,437.67,1391.7,127.77,539.0,1948.3,-157.9,-0.0886,165.86,1,0
2026-01-01T01:39:13Z,tube_leak,TUBE_LEAK,434.23,1390.6,127.07,538.9,1948.8,-168.5,-0.0929,167.11,1,0
2026-01-01T01:39:14Z,tube_leak,TUBE_LEAK,435.37,1392.1,127.47,538.0,1953.6,-158.2,-0.0909,168.92,1,0
2026-01-01T01:39:15Z,tube_leak,TUBE_LEAK,436.66,1395.0,128.78,541.4,1950.4,-152.3,-0.0883,169.38,1,0
2026-01-01T01:39:16Z,tube_leak,TUBE_LEAK,435.96,1392.3,128.5,540.1,1948.2,-154.8,-0.0912,168.96,1,0
2026-01-01T01:39:17Z,tube_leak,TUBE_LEAK,433.03,1392.0,127.41,539.9,1947.9,-167.0,-0.0912,167.73,1,0
2026-01-01T01:39:18Z,tube_leak,TUBE_LEAK,437.31,1391.9,127.22,540.0,1943.9,-159.6,-0.091,168.7,1,0
2026-01-01T01:39:19Z,tube_leak,TUBE_LEAK,433.87,1392.1,128.15,539.7,1952.3,-163.4,-0.0901,167.83,1,0
2026-01-01T01:39:20Z,tube_leak,TUBE_LEAK,435.56,1391.5,127.44,541.1,1953.8,-163.3,-0.0908,166.48,1,0
2026-01-01T01:39:21Z,tube_leak,TUBE_LEAK,434.69,1392.3,128.82,538.0,1948.0,-168.0,-0.0898,167.99,1,0
2026-01-01T01:39:22Z,tube_leak,TUBE_LEAK,431.99,1392.1,127.51,540.7,1941.7,-154.0,-0.0887,167.33,1,0
2026-01-01T01:39:23Z,tube_leak,TUBE_LEAK,434.85,1392.4,128.16,542.4,1951.3,-161.7,-0.0921,164.89,1,0
2026-01-01T01:39:24Z,tube_leak,TUBE_LEAK,439.01,1388.9,127.98,540.4,1948.8,-161.4,-0.091,167.83,1,0
2026-01-01T01:39:25Z,tube_leak,TUBE_LEAK,440.0,1386.0,128.08,540.9,1950.1,-163.4,-0.0908,168.24,1,0
2026-01-01T01:39:26Z,tube_leak,TUBE_LEAK,435.06,1398.0,128.01,539.0,1945.2,-174.8,-0.0917,167.04,1,0
2026-01-01T01:39:27Z,tube_leak,TUBE_LEAK,438.52,1390.9,128.41,541.4,1946.3,-159.4,-0.0905,168.58,1,0
2026-01-01T01:39:28Z,tube_leak,TUBE_LEAK,432.59,1393.0,128.7,540.7,1946.0,-162.1,-0.0904,167.82,1,0
2026-01-01T01:39:29Z,tube_leak,TUBE_LEAK,431.78,1389.0,127.64,541.2,1947.9,-158.9,-0.0901,168.18,1,0
2026-01-01T01:39:30Z,tube_leak,TUBE_LEAK,436.36,1390.5,128.24,541.4,1946.9,-160.2,-0.0891,166.6,1,0
2026-01-01T01:39:31Z,tube_leak,TUBE_LEAK,436.67,1389.7,127.14,539.0,1949.0,-148.5,-0.0887,170.08,1,0
2026-01-01T01:39:32Z,tube_leak,TUBE_LEAK,437.88,1392.8,127.44,542.0,1945.8,-147.6,-0.0894,167.59,1,0
2026-01-01T01:39:33Z,tube_leak,TUBE_LEAK,437.99,1393.8,128.5,540.2,1948.7,-149.6,-0.0895,165.95,1,0
2026-01-01T01:39:34Z,tube_leak,TUBE_LEAK,435.34,1393.3,128.12,539.5,1954.6,-156.0,-0.0917,168.14,1,0
2026-01-01T01:39:35Z,tube_leak,TUBE_LEAK,432.42,1391.0,128.14,539.5,1951.9,-157.4,-0.089,166.56,1,0
2026-01-01T01:39:36Z,tube_leak,TUBE_LEAK,439.12,1390.4,127.94,539.2,1953.4,-150.6,-0.0904,167.19,1,0
2026-01-01T01:39:37Z,tube_leak,TUBE_LEAK,436.17,1389.9,127.61,540.0,1948.9,-162.0,-0.0902,167.83,1,0
2026-01-01T01:39:38Z,tube_leak,TUBE_LEAK,432.75,1392.2,129.15,540.3,1947.5,-164.8,-0.0895,167.74,1,0
2026-01-01T01:39:39Z,tube_leak,TUBE_LEAK,433.59,1389.3,127.94,539.2,1947.9,-158.7,-0.0887,166.57,1,0
2026-01-01T01:39:40Z,tube_leak,TUBE_LEAK,437.16,1391.7,127.62,539.4,1946.4,-159.5,-0.093,167.77,1,0
2026-01-01T01:39:41Z,tube_leak,TUBE_LEAK,433.45,1394.8,128.43,539.4,1947.0,-160.1,-0.0898,165.55,1,0
2026-01-01T01:39:42Z,tube_leak,TUBE_LEAK,432.75,1392.7,128.0,538.9,1945.2,-172.0,-0.0897,167.73,1,0
2026-01-01T01:39:43Z,tube_leak,TUBE_LEAK,429.49,1389.2,128.44,538.8,1947.8,-161.3,-0.0912,168.61,1,0
2026-01-01T01:39:44Z,tube_leak,TUBE_LEAK,439.98,1392.0,128.71,539.8,1950.6,-160.0,-0.0918,168.22,1,0
2026-01-01T01:39:45Z,tube_leak,TUBE_LEAK,435.64,1388.8,127.89,540.6,1943.0,-160.4,-0.09,167.47,1,0
2026-01-01T01:39:46Z,tube_leak,TUBE_LEAK,436.73,1391.7,127.43,539.7,1948.9,-165.2,-0.0898,166.67,1,0
2026-01-01T01:39:47Z,tube_leak,TUBE_LEAK,436.83,1390.9,127.25,539.4,1953.1,-155.6,-0.0912,167.16,1,0
2026-01-01T01:39:48Z,tube_leak,TUBE_LEAK,434.48,1388.2,127.52,539.3,1947.5,-166.4,-0.0898,168.06,1,0
2026-01-01T01:39:49Z,tube_leak,TUBE_LEAK,435.83,1394.6,128.32,541.1,1952.0,-162.5,-0.0885,167.72,1,0
2026-01-01T01:39:50Z,tube_leak,TUBE_LEAK,432.63,1392.4,128.88,539.9,1943.6,-161.7,-0.0903,168.59,1,0
2026-01-01T01:39:51Z,tube_leak,TUBE_LEAK,434.14,1390.1,127.98,540.1,1951.9,-153.5,-0.0906,167.81,1,0
2026-01-01T01:39:52Z,tube_leak,TUBE_LEAK,436.03,1391.5,128.21,540.4,1951.7,-160.6,-0.09,168.02,1,0
2026-01-01T01:39:53Z,tube_leak,TUBE_LEAK,433.12,1392.8,128.06,541.8,1948.8,-160.4,-0.0904,169.61,1,0
2026-01-01T01:39:54Z,tube_leak,TUBE_LEAK,432.2,1394.4,127.78,539.4,1947.9,-153.7,-0.0906,166.59,1,0
2026-01-01T01:39:55Z,tube_leak,TUBE_LEAK,437.0,1395.3,127.99,541.1,1957.2,-159.8,-0.0891,168.71,1,0
2026-01-01T01:39:56Z,tube_leak,TUBE_LEAK,432.14,1392.0,128.14,540.1,1948.7,-153.9,-0.0893,166.46,1,0
2026-01-01T01:39:57Z,tube_leak,TUBE_LEAK,435.1,1390.4,127.5,538.9,1949.1,-153.2,-0.0909,168.21,1,0
2026-01-01T01:39:58Z,tube_leak,TUBE_LEAK,435.17,1396.1,128.14,538.6,1949.0,-166.9,-0.0897,168.61,1,0
2026-01-01T01:39:59Z,tube_leak,TUBE_LEAK,434.51,1389.6,128.27,538.8,1950.0,-152.3,-0.0911,168.26,1,0
2026-01-01T01:40:00Z,tube_leak,TUBE_LEAK,432.74,1391.7,128.39,540.8,1944.3,-162.8,-0.0895,167.38,1,0
2026-01-01T01:40:01Z,tube_leak,TUBE_LEAK,437.31,1392.0,127.98,539.2,1954.1,-157.9,-0.0913,166.05,1,0
2026-01-01T01:40:02Z,tube_leak,TUBE_LEAK,433.76,1390.9,127.44,539.7,1948.5,-164.7,-0.089,168.37,1,0
2026-01-01T01:40:03Z,tube_leak,TUBE_LEAK,440.89,1392.7,127.96,542.2,1945.1,-155.8,-0.0879,166.49,1,0
2026-01-01T01:40:04Z,tube_leak,TUBE_LEAK,437.44,1395.9,128.15,538.4,1951.6,-158.2,-0.0891,168.79,1,0
2026-01-01T01:40:05Z,tube_leak,TUBE_LEAK,432.04,1393.5,128.09,540.4,1951.7,-158.2,-0.0927,168.23,1,0
2026-01-01T01:40:06Z,tube_leak,TUBE_LEAK,436.08,1389.7,127.54,540.6,1947.7,-167.6,-0.0912,167.61,1,0
2026-01-01T01:40:07Z,tube_leak,TUBE_LEAK,438.12,1393.1,127.59,541.0,1948.5,-154.7,-0.0888,167.07,1,0
2026-01-01T01:40:08Z,tube_leak,TUBE_LEAK,433.41,1391.4,127.51,541.2,1947.9,-152.7,-0.0896,168.12,1,0
2026-01-01T01:40:09Z,tube_leak,TUBE_LEAK,434.36,1392.4,128.03,540.6,1953.4,-160.8,-0.091,167.49,1,0
2026-01-01T01:40:10Z,tube_leak,TUBE_LEAK,437.41,1393.6,128.05,539.5,1945.8,-161.2,-0.0905,167.9,1,0
2026-01-01T01:40:11Z,tube_leak,TUBE_LEAK,434.54,1391.8,128.04,540.9,1946.5,-159.3,-0.0906,167.86,1,0
2026-01-01T01:40:12Z,tube_leak,TUBE_LEAK,432.3,1391.3,128.3,540.8,1948.0,-164.2,-0.0895,167.51,1,0
2026-01-01T01:40:13Z,tube_leak,TUBE_LEAK,438.53,1390.6,128.33,539.0,1948.1,-164.5,-0.0897,165.72,1,0
2026-01-01T01:40:14Z,tube_leak,TUBE_LEAK,438.44,1392.5,127.49,539.4,1944.6,-156.9,-0.0902,166.91,1,0
2026-01-01T01:40:15Z,tube_leak,TUBE_LEAK,434.36,1390.5,128.44,537.1,1946.3,-170.7,-0.0893,167.79,1,0
2026-01-01T01:40:16Z,tube_leak,TUBE_LEAK,437.91,1392.4,127.65,540.1,1948.2,-165.7,-0.0903,169.36,1,0
2026-01-01T01:40:17Z,tube_leak,TUBE_LEAK,437.1,1391.5,128.96,539.9,1946.6,-163.4,-0.0902,166.35,1,0
2026-01-01T01:40:18Z,tube_leak,TUBE_LEAK,434.42,1389.4,127.64,539.2,1949.8,-157.8,-0.0918,168.34,1,0
2026-01-01T01:40:19Z,tube_leak,TUBE_LEAK,432.29,1394.1,128.02,539.1,1949.2,-147.8,-0.0888,167.55,1,0
2026-01-01T01:40:20Z,tube_leak,TUBE_LEAK,437.84,1394.6,127.95,538.0,1945.7,-159.2,-0.0879,165.31,1,0
2026-01-01T01:40:21Z,tube_leak,TUBE_LEAK,429.81,1392.8,127.41,540.5,1951.7,-166.0,-0.0896,167.19,1,0
2026-01-01T01:40:22Z,tube_leak,TUBE_LEAK,431.82,1395.1,127.52,540.9,1955.7,-159.3,-0.092,167.27,1,0
2026-01-01T01:40:23Z,tube_leak,TUBE_LEAK,438.52,1396.1,128.44,540.2,1949.5,-160.0,-0.0913,166.37,1,0
2026-01-01T01:40:24Z,tube_leak,TUBE_LEAK,434.24,1391.4,127.65,541.0,1955.0,-165.1,-0.0897,168.78,1,0
2026-01-01T01:40:25Z,tube_leak,TUBE_LEAK,432.36,1388.6,128.26,539.4,1946.8,-155.8,-0.0897,168.05,1,0
2026-01-01T01:40:26Z,tube_leak,TUBE_LEAK,438.4,1393.9,127.33,539.7,1948.6,-157.9,-0.0912,166.28,1,0
2026-01-01T01:40:27Z,tube_leak,TUBE_LEAK,431.74,1390.7,128.43,539.5,1947.1,-162.0,-0.0888,167.88,1,0
2026-01-01T01:40:28Z,tube_leak,TUBE_LEAK,433.65,1394.4,127.88,539.8,1953.7,-159.3,-0.0905,166.53,1,0
2026-01-01T01:40:29Z,tube_leak,TUBE_LEAK,434.37,1392.5,128.5,538.4,1950.5,-149.6,-0.0902,167.18,1,0
2026-01-01T01:40:30Z,tube_leak,TUBE_LEAK,438.11,1395.0,127.8,541.5,1947.3,-160.0,-0.0906,167.66,1,0
2026-01-01T01:40:31Z,tube_leak,TUBE_LEAK,437.4,1392.3,128.1,539.3,1947.7,-160.4,-0.0905,168.63,1,0
2026-01-01T01:40:32Z,tube_leak,TUBE_LEAK,438.47,1389.7,127.27,539.2,1951.1,-163.2,-0.0926,167.39,1,0
2026-01-01T01:40:33Z,tube_leak,TUBE_LEAK,435.42,1395.5,128.16,540.8,1948.0,-158.5,-0.0906,168.16,1,0
2026-01-01T01:40:34Z,tube_leak,TUBE_LEAK,437.11,1390.1,128.09,540.4,1952.4,-155.9,-0.0885,167.99,1,0
2026-01-01T01:40:35Z,tube_leak,TUBE_LEAK,431.04,1391.1,127.49,539.8,1948.2,-148.3,-0.0876,168.59,1,0
2026-01-01T01:40:36Z,tube_leak,TUBE_LEAK,434.94,1392.3,128.44,539.1,1951.8,-161.9,-0.0889,167.41,1,0
2026-01-01T01:40:37Z,tube_leak,TUBE_LEAK,433.84,1391.1,127.04,540.0,1955.8,-156.1,-0.09,168.58,1,0
2026-01-01T01:40:38Z,tube_leak,TUBE_LEAK,434.33,1391.9,127.77,540.3,1954.0,-158.5,-0.0903,165.6,1,0
2026-01-01T01:40:39Z,tube_leak,TUBE_LEAK,434.77,1392.1,127.74,539.3,1944.5,-167.2,-0.0913,168.99,1,0
2026-01-01T01:40:40Z,tube_leak,TUBE_LEAK,438.38,1395.2,128.16,538.3,1949.3,-155.6,-0.0912,168.18,1,0
2026-01-01T01:40:41Z,tube_leak,TUBE_LEAK,436.69,1390.4,129.37,541.0,1943.3,-148.9,-0.0914,166.2,1,0
2026-01-01T01:40:42Z,tube_leak,TUBE_LEAK,437.16,1389.7,127.82,539.0,1942.5,-159.0,-0.0896,169.23,1,0
2026-01-01T01:40:43Z,tube_leak,TUBE_LEAK,429.13,1389.7,127.01,538.9,1948.0,-156.3,-0.092,167.96,1,0
2026-01-01T01:40:44Z,tube_leak,TUBE_LEAK,435.4,1391.5,128.37,541.9,1953.4,-155.6,-0.0897,165.87,1,0
2026-01-01T01:40:45Z,tube_leak,TUBE_LEAK,439.13,1390.5,128.26,540.1,1950.8,-156.0,-0.0898,166.33,1,0
2026-01-01T01:40:46Z,tube_leak,TUBE_LEAK,438.6,1390.2,127.86,540.7,1947.8,-162.5,-0.0885,168.56,1,0
2026-01-01T01:40:47Z,tube_leak,TUBE_LEAK,433.84,1391.5,127.49,538.6,1951.1,-155.7,-0.0895,168.8,1,0
2026-01-01T01:40:48Z,tube_leak,TUBE_LEAK,430.86,1390.9,128.84,539.4,1955.3,-159.5,-0.0904,167.37,1,0
2026-01-01T01:40:49Z,tube_leak,TUBE_LEAK,434.43,1397.5,128.0,541.2,1948.9,-160.8,-0.0903,168.13,1,0
2026-01-01T01:40:50Z,tube_leak,TUBE_LEAK,436.72,1395.9,127.61,539.9,1950.4,-156.1,-0.0911,169.81,1,0
2026-01-01T01:40:51Z,tube_leak,TUBE_LEAK,437.09,1390.9,128.01,539.7,1947.3,-163.8,-0.0902,167.39,1,0
2026-01-01T01:40:52Z,tube_leak,TUBE_LEAK,433.83,1387.7,127.59,539.6,1952.5,-165.7,-0.0909,167.23,1,0
2026-01-01T01:40:53Z,tube_leak,TUBE_LEAK,437.47,1388.5,128.21,540.1,1948.0,-156.7,-0.0915,167.06,1,0
2026-01-01T01:40:54Z,tube_leak,TUBE_LEAK,435.76,1390.3,127.38,539.7,1952.1,-158.3,-0.0916,165.96,1,0
2026-01-01T01:40:55Z,tube_leak,TUBE_LEAK,436.08,1389.4,127.96,539.5,1948.1,-154.0,-0.0918,167.25,1,0
2026-01-01T01:40:56Z,tube_leak,TUBE_LEAK,432.58,1394.8,127.42,538.7,1950.7,-157.3,-0.0904,167.67,1,0
2026-01-01T01:40:57Z,tube_leak,TUBE_LEAK,432.24,1390.5,127.99,541.1,1954.7,-157.8,-0.0908,168.0,1,0
2026-01-01T01:40:58Z,tube_leak,TUBE_LEAK,438.04,1388.3,127.52,540.8,1945.0,-152.5,-0.0904,168.3,1,0
2026-01-01T01:40:59Z,tube_leak,TUBE_LEAK,435.6,1389.2,127.53,540.7,1949.8,-165.0,-0.0909,168.54,1,0
2026-01-01T01:41:00Z,tube_leak,TUBE_LEAK,432.97,1394.2,128.18,540.6,1947.8,-151.5,-0.0886,169.04,1,0
2026-01-01T01:41:01Z,tube_leak,TUBE_LEAK,430.6,1390.6,128.21,540.9,1952.3,-161.0,-0.0905,168.82,1,0
2026-01-01T01:41:02Z,tube_leak,TUBE_LEAK,432.54,1391.7,127.6,541.9,1946.7,-161.1,-0.0898,168.36,1,0
2026-01-01T01:41:03Z,tube_leak,TUBE_LEAK,438.41,1390.9,128.0,539.3,1948.1,-161.7,-0.0895,168.9,1,0
2026-01-01T01:41:04Z,tube_leak,TUBE_LEAK,435.87,1394.0,128.48,537.8,1950.2,-161.8,-0.0911,167.43,1,0
2026-01-01T01:41:05Z,tube_leak,TUBE_LEAK,434.2,1394.1,128.43,538.5,1944.1,-157.2,-0.0898,168.85,1,0
2026-01-01T01:41:06Z,tube_leak,TUBE_LEAK,435.42,1391.1,128.02,539.6,1946.9,-169.5,-0.0919,166.74,1,0
2026-01-01T01:41:07Z,tube_leak,TUBE_LEAK,433.21,1394.1,127.69,538.9,1954.0,-163.0,-0.0903,167.05,1,0
2026-01-01T01:41:08Z,tube_leak,TUBE_LEAK,432.23,1389.5,127.75,538.6,1947.6,-154.2,-0.0903,168.22,1,0
2026-01-01T01:41:09Z,tube_leak,TUBE_LEAK,436.09,1391.0,127.35,540.2,1944.5,-156.0,-0.0905,168.22,1,0
2026-01-01T01:41:10Z,tube_leak,TUBE_LEAK,431.76,1392.2,128.29,539.2,1946.6,-160.2,-0.0901,168.03,1,0
2026-01-01T01:41:11Z,tube_leak,TUBE_LEAK,437.11,1393.7,127.68,539.6,1947.3,-153.9,-0.0895,167.31,1,0
2026-01-01T01:41:12Z,tube_leak,TUBE_LEAK,439.47,1394.8,127.47,539.9,1947.9,-156.5,-0.089,167.9,1,0
2026-01-01T01:41:13Z,tube_leak,TUBE_LEAK,435.54,1389.1,128.9,540.6,1947.7,-163.3,-0.0893,167.02,1,0
2026-01-01T01:41:14Z,tube_leak,TUBE_LEAK,430.64,1398.8,126.73,540.1,1949.1,-160.8,-0.0896,166.59,1,0
2026-01-01T01:41:15Z,tube_leak,TUBE_LEAK,437.2,1393.2,127.77,539.1,1957.8,-165.4,-0.0907,168.39,1,0
2026-01-01T01:41:16Z,tube_leak,TUBE_LEAK,436.0,1393.9,128.39,539.9,1948.6,-162.1,-0.0902,168.88,1,0
2026-01-01T01:41:17Z,tube_leak,TUBE_LEAK,434.56,1392.0,128.24,540.0,1945.8,-154.9,-0.0905,166.77,1,0
2026-01-01T01:41:18Z,tube_leak,TUBE_LEAK,433.79,1393.4,127.74,540.6,1951.5,-165.7,-0.0908,169.0,1,0
2026-01-01T01:41:19Z,tube_leak,TUBE_LEAK,430.24,1391.0,127.9,540.2,1950.1,-162.2,-0.0913,168.47,1,0
2026-01-01T01:41:20Z,tube_leak,TUBE_LEAK,436.69,1390.0,127.64,539.8,1942.6,-161.3,-0.0909,168.31,1,0
2026-01-01T01:41:21Z,tube_leak,TUBE_LEAK,430.15,1391.3,127.68,537.3,1948.4,-160.9,-0.0902,167.33,1,0
2026-01-01T01:41:22Z,tube_leak,TUBE_LEAK,438.96,1390.5,127.92,539.0,1948.8,-159.6,-0.0899,167.49,1,0
2026-01-01T01:41:23Z,tube_leak,TUBE_LEAK,434.08,1390.6,127.94,539.5,1948.1,-161.0,-0.089,168.08,1,0
2026-01-01T01:41:24Z,tube_leak,TUBE_LEAK,435.1,1392.7,128.31,541.3,1945.4,-154.5,-0.0876,170.28,1,0
2026-01-01T01:41:25Z,tube_leak,TUBE_LEAK,435.69,1393.2,127.05,540.0,1946.8,-162.9,-0.0901,168.16,1,0
2026-01-01T01:41:26Z,tube_leak,TUBE_LEAK,437.14,1391.0,128.64,540.4,1948.7,-156.4,-0.0895,169.34,1,0
2026-01-01T01:41:27Z,tube_leak,TUBE_LEAK,437.16,1394.9,127.74,539.2,1948.0,-160.9,-0.0895,165.85,1,0
2026-01-01T01:41:28Z,tube_leak,TUBE_LEAK,439.1,1388.1,127.03,539.2,1949.5,-169.6,-0.0888,168.33,1,0
2026-01-01T01:41:29Z,tube_leak,TUBE_LEAK,433.03,1394.3,127.74,540.2,1951.5,-158.2,-0.0898,167.56,1,0
2026-01-01T01:41:30Z,tube_leak,TUBE_LEAK,431.38,1390.8,128.21,540.6,1951.4,-159.7,-0.0901,169.02,1,0
2026-01-01T01:41:31Z,tube_leak,TUBE_LEAK,438.68,1394.6,127.77,541.7,1944.2,-166.2,-0.0903,166.46,1,0
2026-01-01T01:41:32Z,tube_leak,TUBE_LEAK,431.52,1393.5,129.36,539.5,1950.4,-156.1,-0.0904,169.29,1,0
2026-01-01T01:41:33Z,tube_leak,TUBE_LEAK,434.34,1392.3,128.58,541.2,1947.1,-161.4,-0.0897,168.19,1,0
2026-01-01T01:41:34Z,tube_leak,TUBE_LEAK,433.22,1393.7,128.28,539.7,1947.2,-163.5,-0.0909,167.05,1,0
2026-01-01T01:41:35Z,tube_leak,TUBE_LEAK,437.67,1390.5,128.1,540.3,1942.8,-158.9,-0.0906,168.69,1,0
2026-01-01T01:41:36Z,tube_leak,TUBE_LEAK,433.01,1390.5,127.65,540.5,1951.8,-151.8,-0.0894,166.09,1,0
2026-01-01T01:41:37Z,tube_leak,TUBE_LEAK,433.34,1390.8,127.43,540.5,1946.0,-157.8,-0.0906,168.38,1,0
2026-01-01T01:41:38Z,tube_leak,TUBE_LEAK,436.01,1395.2,128.23,540.2,1950.7,-158.5,-0.0899,165.93,1,0
2026-01-01T01:41:39Z,tube_leak,TUBE_LEAK,432.66,1391.8,128.21,541.7,1949.2,-163.1,-0.0905,169.03,1,0
2026-01-01T01:41:40Z,tube_leak,TUBE_LEAK,435.98,1395.5,127.79,541.7,1946.2,-152.4,-0.0903,168.63,1,0
2026-01-01T01:41:41Z,tube_leak,TUBE_LEAK,434.57,1390.6,127.46,540.6,1950.2,-152.7,-0.0906,168.21,1,0
2026-01-01T01:41:42Z,tube_leak,TUBE_LEAK,434.85,1392.5,128.74,538.2,1946.2,-170.8,-0.0914,169.66,1,0
2026-01-01T01:41:43Z,tube_leak,TUBE_LEAK,433.27,1393.9,127.83,539.3,1943.5,-151.7,-0.0883,167.71,1,0
2026-01-01T01:41:44Z,tube_leak,TUBE_LEAK,438.84,1391.1,127.42,538.6,1948.6,-162.9,-0.09,166.35,1,0
2026-01-01T01:41:45Z,tube_leak,TUBE_LEAK,437.76,1391.5,127.55,541.9,1949.7,-159.8,-0.0898,167.32,1,0
2026-01-01T01:41:46Z,tube_leak,TUBE_LEAK,435.12,1392.4,128.1,540.4,1951.3,-154.9,-0.0895,167.36,1,0
2026-01-01T01:41:47Z,tube_leak,TUBE_LEAK,438.76,1394.1,127.71,539.6,1950.2,-154.1,-0.0896,167.23,1,0
2026-01-01T01:41:48Z,tube_leak,TUBE_LEAK,440.79,1391.3,127.7,540.4,1952.1,-153.9,-0.09,166.98,1,0
2026-01-01T01:41:49Z,tube_leak,TUBE_LEAK,434.85,1393.3,127.55,540.1,1951.4,-159.0,-0.0895,166.61,1,0
2026-01-01T01:41:50Z,tube_leak,TUBE_LEAK,432.41,1391.4,127.13,539.4,1949.6,-172.6,-0.0906,166.19,1,0
2026-01-01T01:41:51Z,tube_leak,TUBE_LEAK,435.08,1391.1,128.27,541.1,1951.3,-150.0,-0.0903,166.51,1,0
2026-01-01T01:41:52Z,tube_leak,TUBE_LEAK,432.68,1395.0,127.35,540.8,1950.1,-152.3,-0.0894,166.32,1,0
2026-01-01T01:41:53Z,tube_leak,TUBE_LEAK,435.25,1392.5,128.33,539.4,1951.7,-157.3,-0.0893,168.87,1,0
2026-01-01T01:41:54Z,tube_leak,TUBE_LEAK,436.68,1393.0,127.71,540.9,1952.6,-160.5,-0.0914,167.75,1,0
2026-01-01T01:41:55Z,tube_leak,TUBE_LEAK,436.29,1393.7,128.75,538.6,1947.6,-156.4,-0.0887,167.37,1,0
2026-01-01T01:41:56Z,tube_leak,TUBE_LEAK,438.43,1392.3,127.6,539.3,1947.9,-161.3,-0.09,167.32,1,0
2026-01-01T01:41:57Z,tube_leak,TUBE_LEAK,434.11,1390.0,129.42,538.8,1945.1,-162.9,-0.0898,168.67,1,0
2026-01-01T01:41:58Z,tube_leak,TUBE_LEAK,437.52,1393.6,127.37,538.3,1947.1,-163.0,-0.0878,167.06,1,0
2026-01-01T01:41:59Z,tube_leak,TUBE_LEAK,432.6,1392.5,128.6,542.3,1952.8,-156.1,-0.0894,167.51,1,0
2026-01-01T01:42:00Z,tube_leak,TUBE_LEAK,436.91,1393.0,126.9,540.1,1945.8,-160.6,-0.0895,169.69,1,0
2026-01-01T01:42:01Z,tube_leak,TUBE_LEAK,432.85,1392.5,128.3,542.0,1952.3,-158.7,-0.0895,166.22,1,0
2026-01-01T01:42:02Z,tube_leak,TUBE_LEAK,432.76,1393.2,127.05,540.9,1943.4,-161.9,-0.0896,166.79,1,0
2026-01-01T01:42:03Z,tube_leak,TUBE_LEAK,437.23,1392.8,128.15,539.8,1947.3,-164.5,-0.0889,166.21,1,0
2026-01-01T01:42:04Z,tube_leak,TUBE_LEAK,433.83,1394.6,128.19,539.4,1946.5,-163.3,-0.0912,168.81,1,0
2026-01-01T01:42:05Z,tube_leak,TUBE_LEAK,434.99,1391.2,127.71,540.9,1949.6,-159.4,-0.0899,167.8,1,0
2026-01-01T01:42:06Z,tube_leak,TUBE_LEAK,434.26,1391.1,127.75,540.9,1944.8,-162.5,-0.0883,167.37,1,0
2026-01-01T01:42:07Z,tube_leak,TUBE_LEAK,431.72,1391.2,126.83,538.1,1950.5,-163.1,-0.09,168.07,1,0
2026-01-01T01:42:08Z,tube_leak,TUBE_LEAK,437.62,1393.5,128.04,539.4,1951.0,-157.3,-0.0884,165.78,1,0
2026-01-01T01:42:09Z,tube_leak,TUBE_LEAK,432.6,1392.9,127.47,538.7,1949.1,-170.6,-0.0898,167.66,1,0
2026-01-01T01:42:10Z,tube_leak,TUBE_LEAK,434.49,1394.9,128.56,538.9,1948.2,-166.9,-0.0896,167.82,1,0
2026-01-01T01:42:11Z,tube_leak,TUBE_LEAK,439.03,1391.3,127.88,540.9,1951.4,-158.3,-0.0908,166.13,1,0
2026-01-01T01:42:12Z,tube_leak,TUBE_LEAK,433.7,1390.0,127.96,540.6,1946.4,-163.0,-0.0898,168.49,1,0
2026-01-01T01:42:13Z,tube_leak,TUBE_LEAK,436.43,1392.6,128.14,539.2,1951.8,-154.2,-0.0906,166.04,1,0
2026-01-01T01:42:14Z,tube_leak,TUBE_LEAK,434.9,1390.7,127.64,541.1,1948.7,-160.8,-0.0902,168.22,1,0
2026-01-01T01:42:15Z,tube_leak,TUBE_LEAK,433.98,1391.8,127.85,541.4,1951.7,-154.3,-0.0886,166.81,1,0
2026-01-01T01:42:16Z,tube_leak,TUBE_LEAK,436.99,1388.8,127.41,540.9,1948.8,-163.2,-0.0893,165.14,1,0
2026-01-01T01:42:17Z,tube_leak,TUBE_LEAK,430.51,1393.6,128.23,540.1,1948.0,-161.9,-0.089,168.91,1,0
2026-01-01T01:42:18Z,tube_leak,TUBE_LEAK,435.3,1390.0,128.95,539.2,1949.5,-166.1,-0.0909,166.76,1,0
2026-01-01T01:42:19Z,tube_leak,TUBE_LEAK,436.81,1394.3,128.36,538.9,1952.0,-159.5,-0.09,169.48,1,0
2026-01-01T01:42:20Z,tube_leak,TUBE_LEAK,438.79,1394.2,127.92,540.4,1944.5,-158.6,-0.0899,168.55,1,0
2026-01-01T01:42:21Z,tube_leak,TUBE_LEAK,438.19,1394.9,128.29,539.5,1948.7,-160.2,-0.0907,168.03,1,0
2026-01-01T01:42:22Z,tube_leak,TUBE_LEAK,433.31,1390.2,127.54,540.1,1943.8,-157.9,-0.0899,167.88,1,0
2026-01-01T01:42:23Z,tube_leak,TUBE_LEAK,437.45,1394.3,127.84,540.7,1950.8,-159.5,-0.0894,166.81,1,0
2026-01-01T01:42:24Z,tube_leak,TUBE_LEAK,430.91,1395.0,127.53,540.5,1948.7,-149.2,-0.0892,169.5,1,0
2026-01-01T01:42:25Z,tube_leak,TUBE_LEAK,436.04,1392.4,128.43,540.6,1949.2,-155.9,-0.0917,167.04,1,0
2026-01-01T01:42:26Z,tube_leak,TUBE_LEAK,434.56,1393.0,127.82,539.4,1944.6,-152.4,-0.088,167.7,1,0
2026-01-01T01:42:27Z,tube_leak,TUBE_LEAK,428.64,1387.5,127.54,538.9,1947.3,-154.0,-0.09,168.41,1,0
2026-01-01T01:42:28Z,tube_leak,TUBE_LEAK,433.32,1393.2,128.5,538.8,1947.6,-159.1,-0.0908,168.08,1,0
2026-01-01T01:42:29Z,tube_leak,TUBE_LEAK,436.38,1391.3,128.99,541.1,1947.9,-157.2,-0.09,166.94,1,0
2026-01-01T01:42:30Z,tube_leak,TUBE_LEAK,436.42,1393.4,128.09,540.8,1946.2,-166.8,-0.0894,166.27,1,0
2026-01-01T01:42:31Z,tube_leak,TUBE_LEAK,435.25,1389.4,127.84,538.7,1942.1,-152.5,-0.0912,167.82,1,0
2026-01-01T01:42:32Z,tube_leak,TUBE_LEAK,436.77,1392.0,128.33,541.3,1940.4,-159.7,-0.0901,167.55,1,0
2026-01-01T01:42:33Z,tube_leak,TUBE_LEAK,434.02,1392.4,128.25,541.4,1949.8,-167.0,-0.0901,167.73,1,0
2026-01-01T01:42:34Z,tube_leak,TUBE_LEAK,432.5,1397.2,127.94,540.0,1954.8,-163.5,-0.089,167.57,1,0
2026-01-01T01:42:35Z,tube_leak,TUBE_LEAK,437.23,1394.2,128.7,539.6,1946.7,-161.6,-0.089,166.35,1,0
2026-01-01T01:42:36Z,tube_leak,TUBE_LEAK,439.3,1395.5,127.77,539.5,1955.1,-165.1,-0.0888,169.49,1,0
2026-01-01T01:42:37Z,tube_leak,TUBE_LEAK,434.8,1390.7,128.85,538.3,1948.6,-155.7,-0.0902,168.44,1,0
2026-01-01T01:42:38Z,tube_leak,TUBE_LEAK,431.85,1393.4,128.08,538.6,1944.8,-157.0,-0.0911,168.37,1,0
2026-01-01T01:42:39Z,tube_leak,TUBE_LEAK,437.22,1391.1,127.22,539.9,1954.1,-159.7,-0.0902,166.84,1,0
2026-01-01T01:42:40Z,tube_leak,TUBE_LEAK,437.32,1394.0,127.16,539.3,1947.4,-172.0,-0.0893,165.73,1,0
2026-01-01T01:42:41Z,tube_leak,TUBE_LEAK,438.58,1392.0,127.14,541.0,1951.6,-155.6,-0.0882,168.32,1,0
2026-01-01T01:42:42Z,tube_leak,TUBE_LEAK,434.77,1392.9,127.76,539.9,1948.5,-164.7,-0.0874,166.65,1,0
2026-01-01T01:42:43Z,tube_leak,TUBE_LEAK,434.69,1388.4,127.36,539.6,1946.7,-153.2,-0.0915,168.58,1,0
2026-01-01T01:42:44Z,tube_leak,TUBE_LEAK,433.41,1391.9,128.32,541.0,1944.5,-163.2,-0.0884,168.23,1,0
2026-01-01T01:42:45Z,tube_leak,TUBE_LEAK,435.07,1389.4,127.86,540.3,1952.6,-162.7,-0.0905,167.03,1,0
2026-01-01T01:42:46Z,tube_leak,TUBE_LEAK,434.29,1387.1,127.35,540.4,1951.8,-163.1,-0.0899,167.19,1,0
2026-01-01T01:42:47Z,tube_leak,TUBE_LEAK,433.52,1391.5,128.4,538.1,1949.6,-152.0,-0.0884,167.03,1,0
2026-01-01T01:42:48Z,tube_leak,TUBE_LEAK,437.64,1387.4,127.98,539.6,1952.0,-158.3,-0.0881,167.77,1,0
2026-01-01T01:42:49Z,tube_leak,TUBE_LEAK,436.17,1393.1,127.1,539.7,1946.3,-155.0,-0.091,169.25,1,0
2026-01-01T01:42:50Z,tube_leak,TUBE_LEAK,438.12,1393.8,127.76,539.7,1952.0,-161.6,-0.0898,167.72,1,0
2026-01-01T01:42:51Z,tube_leak,TUBE_LEAK,435.68,1393.9,127.67,539.8,1945.1,-163.2,-0.0903,167.84,1,0
2026-01-01T01:42:52Z,tube_leak,TUBE_LEAK,436.35,1393.0,128.06,538.6,1943.9,-159.9,-0.0893,167.11,1,0
2026-01-01T01:42:53Z,tube_leak,TUBE_LEAK,436.24,1390.0,128.35,541.1,1940.6,-157.2,-0.0883,166.82,1,0
2026-01-01T01:42:54Z,tube_leak,TUBE_LEAK,435.01,1392.2,127.61,539.7,1952.3,-153.7,-0.0894,165.91,1,0
2026-01-01T01:42:55Z,tube_leak,TUBE_LEAK,436.15,1390.5,127.74,541.4,1949.6,-164.7,-0.0906,167.64,1,0
2026-01-01T01:42:56Z,tube_leak,TUBE_LEAK,436.17,1391.3,128.61,540.2,1947.2,-153.0,-0.0892,166.3,1,0
2026-01-01T01:42:57Z,tube_leak,TUBE_LEAK,436.26,1389.4,128.42,540.8,1947.9,-159.4,-0.0893,166.47,1,0
2026-01-01T01:42:58Z,tube_leak,TUBE_LEAK,435.33,1392.1,128.4,540.0,1950.7,-161.7,-0.0894,168.04,1,0
2026-01-01T01:42:59Z,tube_leak,TUBE_LEAK,438.37,1393.6,129.13,542.0,1947.5,-166.7,-0.0906,167.07,1,0
2026-01-01T01:43:00Z,tube_leak,TUBE_LEAK,436.19,1394.6,129.82,539.9,1948.8,-164.0,-0.0897,167.39,1,0
2026-01-01T01:43:01Z,tube_leak,TUBE_LEAK,434.63,1393.4,128.38,539.2,1950.6,-165.9,-0.0919,166.58,1,0
2026-01-01T01:43:02Z,tube_leak,TUBE_LEAK,436.35,1391.8,126.64,539.7,1945.8,-166.9,-0.0887,168.6,1,0
2026-01-01T01:43:03Z,tube_leak,TUBE_LEAK,437.08,1393.0,128.17,541.5,1947.2,-158.3,-0.0894,166.42,1,0
2026-01-01T01:43:04Z,tube_leak,TUBE_LEAK,432.79,1391.7,128.79,538.2,1947.0,-164.4,-0.0892,168.35,1,0
2026-01-01T01:43:05Z,tube_leak,TUBE_LEAK,435.14,1392.3,128.36,539.5,1948.2,-164.1,-0.0889,167.74,1,0
2026-01-01T01:43:06Z,tube_leak,TUBE_LEAK,436.39,1391.5,128.27,539.3,1948.3,-152.1,-0.0884,169.15,1,0
2026-01-01T01:43:07Z,tube_leak,TUBE_LEAK,435.49,1390.7,127.47,541.5,1949.1,-154.2,-0.0884,168.27,1,0
2026-01-01T01:43:08Z,tube_leak,TUBE_LEAK,431.27,1393.9,127.91,541.0,1949.9,-163.6,-0.0918,167.72,1,0
2026-01-01T01:43:09Z,tube_leak,TUBE_LEAK,437.63,1395.9,129.0,540.8,1949.8,-170.3,-0.0893,166.22,1,0
2026-01-01T01:43:10Z,tube_leak,TUBE_LEAK,437.82,1391.1,128.62,538.5,1951.8,-165.8,-0.0893,166.4,1,0
2026-01-01T01:43:11Z,tube_leak,TUBE_LEAK,429.51,1391.3,128.08,539.7,1948.6,-158.5,-0.0894,169.02,1,0
2026-01-01T01:43:12Z,tube_leak,TUBE_LEAK,435.0,1393.8,128.29,537.4,1945.2,-160.4,-0.0883,167.64,1,0
2026-01-01T01:43:13Z,tube_leak,TUBE_LEAK,438.02,1391.4,128.45,538.8,1947.7,-156.9,-0.089,168.05,1,0
2026-01-01T01:43:14Z,tube_leak,TUBE_LEAK,434.41,1392.4,127.52,540.3,1945.9,-162.8,-0.089,166.7,1,0
2026-01-01T01:43:15Z,tube_leak,TUBE_LEAK,434.57,1394.2,128.12,538.2,1952.4,-161.6,-0.0896,166.95,1,0
2026-01-01T01:43:16Z,tube_leak,TUBE_LEAK,436.73,1391.6,126.93,540.0,1948.8,-164.6,-0.0888,168.24,1,0
2026-01-01T01:43:17Z,tube_leak,TUBE_LEAK,435.32,1388.8,126.48,540.5,1952.6,-160.4,-0.0895,168.58,1,0
2026-01-01T01:43:18Z,tube_leak,TUBE_LEAK,436.63,1391.5,127.78,538.5,1949.8,-162.6,-0.0914,166.05,1,0
2026-01-01T01:43:19Z,tube_leak,TUBE_LEAK,436.03,1390.5,128.04,540.8,1948.0,-155.3,-0.0914,167.79,1,0
2026-01-01T01:43:20Z,tube_leak,TUBE_LEAK,433.71,1395.4,127.67,539.7,1943.8,-164.6,-0.0898,167.5,1,0
2026-01-01T01:43:21Z,tube_leak,TUBE_LEAK,437.3,1393.2,127.2,539.7,1949.2,-156.0,-0.0892,167.51,1,0
2026-01-01T01:43:22Z,tube_leak,TUBE_LEAK,434.2,1391.4,128.6,540.7,1949.5,-154.7,-0.0908,168.11,1,0
2026-01-01T01:43:23Z,tube_leak,TUBE_LEAK,432.55,1392.3,128.45,539.6,1948.2,-166.3,-0.0901,168.5,1,0
2026-01-01T01:43:24Z,tube_leak,TUBE_LEAK,435.89,1389.6,128.76,539.1,1955.6,-161.9,-0.0905,167.4,1,0
2026-01-01T01:43:25Z,tube_leak,TUBE_LEAK,433.89,1394.3,128.1,539.7,1951.1,-156.9,-0.0904,167.82,1,0
2026-01-01T01:43:26Z,tube_leak,TUBE_LEAK,435.37,1390.5,127.98,540.9,1943.4,-156.4,-0.0906,169.04,1,0
2026-01-01T01:43:27Z,tube_leak,TUBE_LEAK,437.1,1395.1,128.1,539.0,1951.4,-147.8,-0.0891,168.76,1,0
2026-01-01T01:43:28Z,tube_leak,TUBE_LEAK,432.78,1391.0,129.25,539.2,1943.0,-165.7,-0.0889,167.14,1,0
2026-01-01T01:43:29Z,tube_leak,TUBE_LEAK,433.48,1388.2,128.64,540.6,1949.7,-159.4,-0.0897,166.48,1,0
2026-01-01T01:43:30Z,tube_leak,TUBE_LEAK,437.52,1388.0,128.02,541.1,1951.8,-156.3,-0.0908,168.44,1,0
2026-01-01T01:43:31Z,tube_leak,TUBE_LEAK,435.5,1393.8,128.75,539.4,1952.7,-163.4,-0.0897,166.68,1,0
2026-01-01T01:43:32Z,tube_leak,TUBE_LEAK,439.85,1393.0,127.63,540.8,1951.3,-168.0,-0.0896,166.71,1,0
2026-01-01T01:43:33Z,tube_leak,TUBE_LEAK,437.39,1391.5,128.34,539.6,1947.7,-163.9,-0.0909,168.18,1,0
2026-01-01T01:43:34Z,tube_leak,TUBE_LEAK,432.8,1395.0,129.25,539.1,1949.5,-162.5,-0.0898,167.4,1,0
2026-01-01T01:43:35Z,tube_leak,TUBE_LEAK,431.38,1391.6,127.75,538.7,1949.0,-163.2,-0.0907,168.25,1,0
2026-01-01T01:43:36Z,tube_leak,TUBE_LEAK,431.91,1389.3,128.35,538.0,1950.8,-152.7,-0.0905,168.25,1,0
2026-01-01T01:43:37Z,tube_leak,TUBE_LEAK,432.96,1392.9,127.73,537.8,1951.0,-160.3,-0.0911,169.0,1,0
2026-01-01T01:43:38Z,tube_leak,TUBE_LEAK,435.89,1389.7,127.99,540.3,1947.7,-160.2,-0.0915,168.18,1,0
2026-01-01T01:43:39Z,tube_leak,TUBE_LEAK,433.91,1389.8,128.8,539.5,1949.7,-163.1,-0.0894,167.31,1,0
2026-01-01T01:43:40Z,tube_leak,TUBE_LEAK,432.05,1390.2,127.52,540.0,1952.9,-152.6,-0.09,167.4,1,0
2026-01-01T01:43:41Z,tube_leak,TUBE_LEAK,434.58,1390.6,127.44,539.4,1949.6,-153.7,-0.0901,167.78,1,0
2026-01-01T01:43:42Z,tube_leak,TUBE_LEAK,430.43,1392.2,127.44,540.6,1952.2,-169.7,-0.0908,166.25,1,0
2026-01-01T01:43:43Z,tube_leak,TUBE_LEAK,440.25,1392.4,128.44,540.2,1948.8,-159.9,-0.0894,166.53,1,0
2026-01-01T01:43:44Z,tube_leak,TUBE_LEAK,431.27,1392.2,128.28,538.8,1945.6,-164.4,-0.0886,169.22,1,0
2026-01-01T01:43:45Z,tube_leak,TUBE_LEAK,434.71,1389.4,127.96,540.6,1947.9,-161.1,-0.0911,166.74,1,0
2026-01-01T01:43:46Z,tube_leak,TUBE_LEAK,438.25,1394.2,128.06,539.0,1948.3,-151.7,-0.0898,167.97,1,0
2026-01-01T01:43:47Z,tube_leak,TUBE_LEAK,429.79,1389.5,128.68,540.7,1946.3,-156.5,-0.088,167.04,1,0
2026-01-01T01:43:48Z,tube_leak,TUBE_LEAK,431.22,1392.9,127.72,541.2,1947.8,-167.4,-0.0906,165.23,1,0
2026-01-01T01:43:49Z,tube_leak,TUBE_LEAK,435.92,1389.0,127.66,539.3,1948.3,-153.8,-0.0917,165.98,1,0
2026-01-01T01:43:50Z,tube_leak,TUBE_LEAK,433.97,1391.8,127.85,539.7,1950.5,-156.6,-0.0894,168.4,1,0
2026-01-01T01:43:51Z,tube_leak,TUBE_LEAK,435.3,1391.5,128.6,540.3,1951.5,-160.7,-0.0905,168.23,1,0
2026-01-01T01:43:52Z,tube_leak,TUBE_LEAK,436.09,1393.4,128.09,539.6,1948.6,-168.9,-0.09,165.88,1,0
2026-01-01T01:43:53Z,tube_leak,TUBE_LEAK,431.43,1391.3,128.46,539.4,1953.4,-161.9,-0.0897,167.13,1,0
2026-01-01T01:43:54Z,tube_leak,TUBE_LEAK,435.93,1391.4,127.46,539.4,1955.0,-155.7,-0.0898,167.13,1,0
2026-01-01T01:43:55Z,tube_leak,TUBE_LEAK,435.37,1391.7,128.06,541.9,1950.9,-168.1,-0.0896,166.94,1,0
2026-01-01T01:43:56Z,tube_leak,TUBE_LEAK,439.13,1391.7,127.18,539.5,1954.5,-155.1,-0.089,167.58,1,0
2026-01-01T01:43:57Z,tube_leak,TUBE_LEAK,433.83,1394.3,127.87,539.4,1946.8,-155.8,-0.09,166.78,1,0
2026-01-01T01:43:58Z,tube_leak,TUBE_LEAK,433.51,1390.0,128.02,540.3,1948.6,-160.6,-0.0906,169.1,1,0
2026-01-01T01:43:59Z,tube_leak,TUBE_LEAK,433.66,1394.7,127.78,542.1,1950.6,-160.7,-0.0885,168.11,1,0
2026-01-01T01:44:00Z,tube_leak,TUBE_LEAK,439.98,1391.6,127.65,539.5,1945.7,-163.8,-0.0891,168.14,1,0
2026-01-01T01:44:01Z,tube_leak,TUBE_LEAK,434.68,1390.7,128.11,538.9,1952.4,-162.7,-0.0882,168.4,1,0
2026-01-01T01:44:02Z,tube_leak,TUBE_LEAK,431.77,1390.8,128.71,539.7,1950.8,-164.9,-0.0893,165.29,1,0
2026-01-01T01:44:03Z,tube_leak,TUBE_LEAK,434.51,1394.1,128.09,540.1,1947.5,-161.1,-0.09,166.78,1,0
2026-01-01T01:44:04Z,tube_leak,TUBE_LEAK,436.36,1390.3,128.43,539.8,1948.2,-162.5,-0.0869,168.62,1,0
2026-01-01T01:44:05Z,tube_leak,TUBE_LEAK,434.54,1391.6,127.55,539.8,1949.1,-169.9,-0.0891,167.33,1,0
2026-01-01T01:44:06Z,tube_leak,TUBE_LEAK,439.47,1392.5,128.04,539.2,1951.6,-157.6,-0.0891,166.05,1,0
2026-01-01T01:44:07Z,tube_leak,TUBE_LEAK,434.69,1391.5,128.67,539.1,1951.6,-163.6,-0.0916,168.2,1,0
2026-01-01T01:44:08Z,tube_leak,TUBE_LEAK,436.33,1391.3,128.28,540.9,1947.0,-160.8,-0.0894,167.15,1,0
2026-01-01T01:44:09Z,tube_leak,TUBE_LEAK,434.33,1390.3,127.76,540.1,1949.3,-154.4,-0.0913,168.5,1,0
2026-01-01T01:44:10Z,tube_leak,TUBE_LEAK,438.62,1391.4,128.3,541.4,1950.1,-149.7,-0.0905,170.23,1,0
2026-01-01T01:44:11Z,tube_leak,TUBE_LEAK,436.51,1395.2,128.08,541.1,1954.7,-165.2,-0.091,168.02,1,0
2026-01-01T01:44:12Z,tube_leak,TUBE_LEAK,440.2,1389.8,127.52,540.8,1949.3,-156.9,-0.0887,168.61,1,0
2026-01-01T01:44:13Z,tube_leak,TUBE_LEAK,433.54,1392.0,127.62,539.0,1945.0,-160.3,-0.0889,167.73,1,0
2026-01-01T01:44:14Z,tube_leak,TUBE_LEAK,431.82,1395.1,128.49,539.6,1947.3,-156.2,-0.09,166.21,1,0
2026-01-01T01:44:15Z,tube_leak,TUBE_LEAK,433.34,1393.0,128.66,540.8,1949.5,-157.5,-0.0907,167.15,1,0
2026-01-01T01:44:16Z,tube_leak,TUBE_LEAK,433.73,1391.8,127.57,538.8,1950.1,-160.6,-0.0904,168.0,1,0
2026-01-01T01:44:17Z,tube_leak,TUBE_LEAK,428.26,1391.3,128.06,540.5,1945.5,-161.8,-0.0906,167.96,1,0
2026-01-01T01:44:18Z,tube_leak,TUBE_LEAK,433.6,1390.9,127.47,539.6,1946.3,-159.6,-0.0884,166.84,1,0
2026-01-01T01:44:19Z,tube_leak,TUBE_LEAK,431.83,1390.5,129.16,541.2,1949.9,-159.8,-0.0919,167.03,1,0
2026-01-01T01:44:20Z,tube_leak,TUBE_LEAK,441.21,1391.9,128.25,541.0,1946.0,-162.2,-0.089,167.82,1,0
2026-01-01T01:44:21Z,tube_leak,TUBE_LEAK,430.69,1391.1,127.74,539.1,1948.3,-164.0,-0.0878,166.28,1,0
2026-01-01T01:44:22Z,tube_leak,TUBE_LEAK,433.11,1394.7,127.51,538.4,1941.1,-157.6,-0.0905,167.79,1,0
2026-01-01T01:44:23Z,tube_leak,TUBE_LEAK,436.55,1392.6,128.06,539.1,1945.8,-161.0,-0.0902,167.92,1,0
2026-01-01T01:44:24Z,tube_leak,TUBE_LEAK,435.14,1393.1,127.95,540.4,1951.8,-166.1,-0.089,168.46,1,0
2026-01-01T01:44:25Z,tube_leak,TUBE_LEAK,433.19,1390.2,128.8,540.5,1948.3,-167.3,-0.0916,168.25,1,0
2026-01-01T01:44:26Z,tube_leak,TUBE_LEAK,436.68,1391.3,128.48,538.5,1949.1,-162.3,-0.0883,167.63,1,0
2026-01-01T01:44:27Z,tube_leak,TUBE_LEAK,433.92,1393.2,127.88,540.1,1954.3,-160.2,-0.0908,168.8,1,0
2026-01-01T01:44:28Z,tube_leak,TUBE_LEAK,436.26,1393.7,128.24,540.3,1956.3,-160.4,-0.0904,167.89,1,0
2026-01-01T01:44:29Z,tube_leak,TUBE_LEAK,432.77,1389.3,127.63,540.9,1943.7,-157.4,-0.088,166.56,1,0
2026-01-01T01:44:30Z,tube_leak,TUBE_LEAK,437.35,1393.7,128.76,541.8,1951.1,-151.9,-0.0905,167.59,1,0
2026-01-01T01:44:31Z,tube_leak,TUBE_LEAK,435.23,1392.8,128.26,540.2,1948.7,-166.8,-0.0885,167.98,1,0
2026-01-01T01:44:32Z,tube_leak,TUBE_LEAK,436.89,1391.8,128.43,539.9,1950.5,-163.8,-0.0903,166.79,1,0
2026-01-01T01:44:33Z,tube_leak,TUBE_LEAK,434.32,1390.7,127.67,539.7,1947.3,-162.0,-0.0884,167.42,1,0
2026-01-01T01:44:34Z,tube_leak,TUBE_LEAK,439.05,1393.4,127.66,539.2,1944.6,-163.9,-0.0901,168.68,1,0
2026-01-01T01:44:35Z,tube_leak,TUBE_LEAK,433.11,1393.9,128.4,540.0,1944.4,-165.4,-0.0905,167.48,1,0
2026-01-01T01:44:36Z,tube_leak,TUBE_LEAK,437.73,1391.7,127.84,540.7,1948.0,-157.6,-0.0889,168.37,1,0
2026-01-01T01:44:37Z,tube_leak,TUBE_LEAK,431.58,1392.6,127.98,540.8,1950.9,-165.0,-0.0907,168.5,1,0
2026-01-01T01:44:38Z,tube_leak,TUBE_LEAK,434.54,1391.7,128.47,540.4,1950.3,-166.0,-0.0907,167.61,1,0
2026-01-01T01:44:39Z,tube_leak,TUBE_LEAK,437.44,1392.7,128.46,539.5,1941.6,-151.9,-0.0912,167.46,1,0
2026-01-01T01:44:40Z,tube_leak,TUBE_LEAK,432.1,1391.0,128.17,540.7,1949.0,-165.0,-0.0893,167.28,1,0
2026-01-01T01:44:41Z,tube_leak,TUBE_LEAK,436.92,1393.9,127.95,540.5,1952.4,-162.8,-0.0896,168.23,1,0
2026-01-01T01:44:42Z,tube_leak,TUBE_LEAK,435.09,1394.6,128.58,540.3,1948.1,-162.6,-0.0876,168.07,1,0
2026-01-01T01:44:43Z,tube_leak,TUBE_LEAK,438.26,1393.3,128.72,539.9,1947.6,-160.1,-0.0906,168.02,1,0
2026-01-01T01:44:44Z,tube_leak,TUBE_LEAK,432.83,1395.4,127.84,538.5,1949.9,-156.9,-0.0883,167.56,1,0
2026-01-01T01:44:45Z,tube_leak,TUBE_LEAK,436.74,1390.3,127.8,540.1,1949.7,-159.5,-0.0888,169.78,1,0
2026-01-01T01:44:46Z,tube_leak,TUBE_LEAK,432.42,1393.0,127.77,542.0,1946.3,-160.2,-0.0894,168.43,1,0
2026-01-01T01:44:47Z,tube_leak,TUBE_LEAK,434.87,1394.5,126.51,541.6,1949.8,-151.5,-0.0888,164.73,1,0
2026-01-01T01:44:48Z,tube_leak,TUBE_LEAK,439.58,1396.5,127.29,539.6,1947.4,-156.9,-0.091,167.83,1,0
2026-01-01T01:44:49Z,tube_leak,TUBE_LEAK,436.41,1391.1,127.99,538.7,1947.6,-160.5,-0.0915,168.24,1,0
2026-01-01T01:44:50Z,tube_leak,TUBE_LEAK,435.26,1389.3,127.52,539.2,1950.1,-157.4,-0.0887,166.68,1,0
2026-01-01T01:44:51Z,tube_leak,TUBE_LEAK,436.03,1391.2,128.46,539.7,1944.7,-160.1,-0.0895,168.78,1,0
2026-01-01T01:44:52Z,tube_leak,TUBE_LEAK,434.81,1391.6,127.62,539.8,1952.4,-153.8,-0.0901,167.65,1,0
2026-01-01T01:44:53Z,tube_leak,TUBE_LEAK,430.39,1394.3,127.09,540.5,1947.4,-167.8,-0.0903,165.66,1,0
2026-01-01T01:44:54Z,tube_leak,TUBE_LEAK,436.87,1395.5,127.98,541.6,1946.1,-153.2,-0.0892,167.2,1,0
2026-01-01T01:44:55Z,tube_leak,TUBE_LEAK,432.85,1390.7,128.76,541.2,1945.3,-154.0,-0.0882,167.42,1,0
2026-01-01T01:44:56Z,tube_leak,TUBE_LEAK,435.86,1390.8,127.88,539.5,1951.8,-152.5,-0.0907,168.94,1,0
2026-01-01T01:44:57Z,tube_leak,TUBE_LEAK,433.36,1392.6,129.23,539.1,1946.0,-160.9,-0.0899,167.92,1,0
2026-01-01T01:44:58Z,tube_leak,TUBE_LEAK,438.25,1392.2,128.16,540.9,1947.3,-165.3,-0.091,167.62,1,0
2026-01-01T01:44:59Z,tube_leak,TUBE_LEAK,433.39,1389.2,127.87,540.0,1950.4,-153.5,-0.0908,166.86,1,0
2026-01-01T01:45:00Z,tube_leak,TUBE_LEAK,436.66,1395.0,128.29,541.1,1947.1,-158.9,-0.0885,165.5,1,0
2026-01-01T01:45:01Z,tube_leak,TUBE_LEAK,432.23,1391.3,127.53,540.4,1948.4,-168.6,-0.0908,166.49,1,0
2026-01-01T01:45:02Z,tube_leak,TUBE_LEAK,432.56,1392.1,127.69,539.4,1948.7,-160.4,-0.0901,166.07,1,0
2026-01-01T01:45:03Z,tube_leak,TUBE_LEAK,432.65,1391.2,127.73,539.4,1948.5,-176.3,-0.0899,168.51,1,0
2026-01-01T01:45:04Z,tube_leak,TUBE_LEAK,435.84,1393.7,128.19,540.1,1950.1,-158.8,-0.0889,166.99,1,0
2026-01-01T01:45:05Z,tube_leak,TUBE_LEAK,435.75,1392.0,128.62,540.0,1949.8,-158.0,-0.0893,167.72,1,0
2026-01-01T01:45:06Z,tube_leak,TUBE_LEAK,435.0,1391.4,127.44,539.3,1943.2,-148.7,-0.0888,167.87,1,0
2026-01-01T01:45:07Z,tube_leak,TUBE_LEAK,437.58,1392.4,128.49,540.5,1949.1,-160.8,-0.0891,168.09,1,0
2026-01-01T01:45:08Z,tube_leak,TUBE_LEAK,433.1,1391.6,127.54,540.2,1944.4,-163.2,-0.0897,165.32,1,0
2026-01-01T01:45:09Z,tube_leak,TUBE_LEAK,435.27,1392.6,127.66,540.6,1948.5,-166.0,-0.0908,166.62,1,0
2026-01-01T01:45:10Z,tube_leak,TUBE_LEAK,432.43,1392.5,128.54,540.3,1950.1,-161.2,-0.0881,167.71,1,0
2026-01-01T01:45:11Z,tube_leak,TUBE_LEAK,434.16,1392.9,127.66,541.9,1954.3,-159.1,-0.0895,167.32,1,0
2026-01-01T01:45:12Z,tube_leak,TUBE_LEAK,430.38,1392.9,128.71,540.6,1948.0,-162.6,-0.0881,166.26,1,0
2026-01-01T01:45:13Z,tube_leak,TUBE_LEAK,431.82,1387.9,127.7,539.5,1949.3,-168.2,-0.0908,167.83,1,0
2026-01-01T01:45:14Z,tube_leak,TUBE_LEAK,432.63,1391.6,127.43,540.9,1946.3,-166.7,-0.0917,168.51,1,0
2026-01-01T01:45:15Z,tube_leak,TUBE_LEAK,436.1,1392.8,127.94,540.0,1955.3,-159.7,-0.0885,167.61,1,0
2026-01-01T01:45:16Z,tube_leak,TUBE_LEAK,436.42,1396.6,127.69,540.2,1945.3,-160.4,-0.0886,168.44,1,0
2026-01-01T01:45:17Z,tube_leak,TUBE_LEAK,435.28,1395.6,128.12,540.6,1946.6,-152.9,-0.0906,166.41,1,0
2026-01-01T01:45:18Z,tube_leak,TUBE_LEAK,435.48,1394.3,128.21,537.9,1947.8,-162.2,-0.0884,167.44,1,0
2026-01-01T01:45:19Z,tube_leak,TUBE_LEAK,434.91,1392.6,127.86,540.4,1945.9,-159.8,-0.091,167.22,1,0
2026-01-01T01:45:20Z,tube_leak,TUBE_LEAK,435.4,1391.3,127.95,539.7,1951.6,-159.4,-0.0875,169.0,1,0
2026-01-01T01:45:21Z,tube_leak,TUBE_LEAK,432.59,1391.6,127.76,539.4,1947.1,-162.3,-0.0895,169.9,1,0
2026-01-01T01:45:22Z,tube_leak,TUBE_LEAK,437.87,1391.4,127.64,539.6,1954.3,-150.4,-0.0906,166.7,1,0
2026-01-01T01:45:23Z,tube_leak,TUBE_LEAK,436.56,1391.3,129.28,539.3,1947.2,-156.2,-0.0914,167.24,1,0
2026-01-01T01:45:24Z,tube_leak,TUBE_LEAK,432.6,1392.0,128.08,538.9,1952.5,-155.6,-0.0882,168.94,1,0
2026-01-01T01:45:25Z,tube_leak,TUBE_LEAK,435.67,1395.2,128.22,540.5,1953.5,-157.3,-0.0901,168.23,1,0
2026-01-01T01:45:26Z,tube_leak,TUBE_LEAK,431.53,1391.4,128.74,540.2,1947.9,-161.6,-0.0916,167.41,1,0
2026-01-01T01:45:27Z,tube_leak,TUBE_LEAK,436.75,1391.1,128.92,541.5,1949.8,-156.8,-0.0884,166.98,1,0
2026-01-01T01:45:28Z,tube_leak,TUBE_LEAK,437.74,1391.9,128.91,540.8,1956.2,-163.2,-0.09,169.39,1,0
2026-01-01T01:45:29Z,tube_leak,TUBE_LEAK,434.31,1392.0,128.45,540.3,1946.5,-157.3,-0.0895,165.66,1,0
2026-01-01T01:45:30Z,tube_leak,TUBE_LEAK,433.41,1392.1,127.82,539.8,1950.5,-159.3,-0.0911,168.41,1,0
2026-01-01T01:45:31Z,tube_leak,TUBE_LEAK,432.85,1392.2,128.66,538.2,1945.0,-164.5,-0.09,166.41,1,0
2026-01-01T01:45:32Z,tube_leak,TUBE_LEAK,436.23,1392.1,127.15,540.8,1956.7,-159.1,-0.0915,168.8,1,0
2026-01-01T01:45:33Z,tube_leak,TUBE_LEAK,438.74,1394.2,128.2,539.5,1943.5,-164.7,-0.0908,164.64,1,0
2026-01-01T01:45:34Z,tube_leak,TUBE_LEAK,433.97,1394.0,128.12,541.3,1949.1,-153.4,-0.0913,170.17,1,0
2026-01-01T01:45:35Z,tube_leak,TUBE_LEAK,434.4,1390.8,128.63,539.7,1950.4,-160.3,-0.0907,166.73,1,0
2026-01-01T01:45:36Z,tube_leak,TUBE_LEAK,432.35,1390.9,127.4,540.8,1947.5,-155.5,-0.0907,167.79,1,0
2026-01-01T01:45:37Z,tube_leak,TUBE_LEAK,434.18,1393.5,127.59,539.5,1948.0,-152.5,-0.0895,168.39,1,0
2026-01-01T01:45:38Z,tube_leak,TUBE_LEAK,436.51,1389.7,128.05,538.5,1947.4,-156.1,-0.09,167.14,1,0
2026-01-01T01:45:39Z,tube_leak,TUBE_LEAK,436.51,1395.6,127.28,539.7,1947.4,-168.4,-0.0909,168.51,1,0
2026-01-01T01:45:40Z,tube_leak,TUBE_LEAK,436.83,1391.6,127.94,540.4,1949.3,-161.1,-0.0919,167.26,1,0
2026-01-01T01:45:41Z,tube_leak,TUBE_LEAK,434.2,1394.5,126.92,539.4,1953.3,-165.9,-0.0891,166.86,1,0
2026-01-01T01:45:42Z,tube_leak,TUBE_LEAK,440.84,1391.7,128.52,538.5,1943.9,-156.9,-0.0903,168.61,1,0
2026-01-01T01:45:43Z,tube_leak,TUBE_LEAK,436.79,1389.6,128.45,542.2,1941.7,-160.1,-0.0888,168.26,1,0
2026-01-01T01:45:44Z,tube_leak,TUBE_LEAK,440.8,1394.8,127.79,540.1,1951.3,-159.8,-0.0888,169.77,1,0
2026-01-01T01:45:45Z,tube_leak,TUBE_LEAK,433.25,1392.1,128.39,540.3,1939.5,-155.5,-0.0889,168.34,1,0
2026-01-01T01:45:46Z,tube_leak,TUBE_LEAK,436.82,1392.6,127.91,540.0,1953.4,-156.8,-0.0897,167.17,1,0
2026-01-01T01:45:47Z,tube_leak,TUBE_LEAK,435.33,1395.8,127.88,539.4,1952.9,-153.7,-0.0907,167.07,1,0
2026-01-01T01:45:48Z,tube_leak,TUBE_LEAK,436.11,1392.0,128.16,539.3,1949.8,-167.0,-0.0895,168.27,1,0
2026-01-01T01:45:49Z,tube_leak,TUBE_LEAK,431.72,1389.0,128.48,539.1,1945.4,-158.8,-0.0895,168.13,1,0
2026-01-01T01:45:50Z,tube_leak,TUBE_LEAK,432.59,1389.5,128.42,539.7,1953.1,-156.3,-0.0901,165.23,1,0
2026-01-01T01:45:51Z,tube_leak,TUBE_LEAK,432.08,1393.2,128.88,541.3,1945.5,-166.2,-0.0893,169.55,1,0
2026-01-01T01:45:52Z,tube_leak,TUBE_LEAK,438.27,1391.0,127.46,540.4,1958.9,-155.2,-0.0895,167.37,1,0
2026-01-01T01:45:53Z,tube_leak,TUBE_LEAK,430.9,1391.7,127.74,538.7,1947.5,-166.5,-0.0888,167.59,1,0
2026-01-01T01:45:54Z,tube_leak,TUBE_LEAK,435.97,1396.7,128.73,538.8,1946.6,-156.3,-0.0911,166.97,1,0
2026-01-01T01:45:55Z,tube_leak,TUBE_LEAK,436.08,1389.5,127.82,539.9,1946.6,-156.4,-0.0904,167.14,1,0
2026-01-01T01:45:56Z,tube_leak,TUBE_LEAK,434.58,1389.4,127.73,539.8,1948.1,-165.4,-0.0902,167.54,1,0
2026-01-01T01:45:57Z,tube_leak,TUBE_LEAK,437.41,1388.9,127.22,540.8,1944.7,-151.1,-0.0894,165.27,1,0
2026-01-01T01:45:58Z,tube_leak,TUBE_LEAK,434.75,1390.1,127.56,539.4,1952.7,-162.0,-0.089,166.85,1,0
2026-01-01T01:45:59Z,tube_leak,TUBE_LEAK,431.19,1392.3,128.18,538.6,1955.2,-158.9,-0.0907,168.95,1,0
2026-01-01T01:46:00Z,tube_leak,TUBE_LEAK,433.87,1392.6,127.79,539.4,1943.1,-158.5,-0.0899,168.2,1,0
2026-01-01T01:46:01Z,tube_leak,TUBE_LEAK,433.0,1392.3,128.62,540.8,1950.4,-154.8,-0.0918,167.47,1,0
2026-01-01T01:46:02Z,tube_leak,TUBE_LEAK,432.42,1392.7,127.61,539.0,1951.0,-161.4,-0.0914,168.42,1,0
2026-01-01T01:46:03Z,tube_leak,TUBE_LEAK,435.05,1390.8,129.6,539.5,1950.3,-161.0,-0.09,167.55,1,0
2026-01-01T01:46:04Z,tube_leak,TUBE_LEAK,432.79,1395.1,127.72,538.8,1949.9,-165.7,-0.0878,165.62,1,0
2026-01-01T01:46:05Z,tube_leak,TUBE_LEAK,439.3,1391.6,128.62,539.5,1949.9,-164.1,-0.09,165.63,1,0
2026-01-01T01:46:06Z,tube_leak,TUBE_LEAK,431.63,1394.0,128.57,540.4,1950.0,-151.0,-0.0887,167.74,1,0
2026-01-01T01:46:07Z,tube_leak,TUBE_LEAK,434.18,1391.6,127.77,538.7,1948.3,-165.1,-0.0894,168.84,1,0
2026-01-01T01:46:08Z,tube_leak,TUBE_LEAK,438.56,1393.6,128.07,540.8,1946.1,-164.5,-0.0921,167.58,1,0
2026-01-01T01:46:09Z,tube_leak,TUBE_LEAK,431.58,1392.8,128.4,539.9,1948.6,-165.8,-0.0892,168.17,1,0
2026-01-01T01:46:10Z,tube_leak,TUBE_LEAK,435.28,1390.3,127.57,539.8,1946.9,-161.9,-0.0897,168.4,1,0
2026-01-01T01:46:11Z,tube_leak,TUBE_LEAK,435.94,1388.9,128.66,540.4,1954.3,-152.9,-0.0912,166.2,1,0
2026-01-01T01:46:12Z,tube_leak,TUBE_LEAK,435.9,1386.9,128.03,540.1,1947.4,-161.9,-0.0902,167.18,1,0
2026-01-01T01:46:13Z,tube_leak,TUBE_LEAK,436.45,1391.0,128.28,539.2,1950.7,-164.2,-0.0886,168.04,1,0
2026-01-01T01:46:14Z,tube_leak,TUBE_LEAK,432.82,1390.4,128.18,540.3,1948.5,-155.5,-0.0914,166.33,1,0
2026-01-01T01:46:15Z,tube_leak,TUBE_LEAK,437.85,1395.5,127.8,540.1,1944.7,-160.7,-0.0875,166.36,1,0
2026-01-01T01:46:16Z,tube_leak,TUBE_LEAK,435.6,1392.7,128.5,540.8,1948.3,-161.0,-0.0878,167.96,1,0
2026-01-01T01:46:17Z,tube_leak,TUBE_LEAK,431.23,1394.7,127.62,539.2,1946.8,-148.7,-0.0916,167.65,1,0
2026-01-01T01:46:18Z,tube_leak,TUBE_LEAK,436.72,1391.1,128.24,539.2,1948.4,-158.0,-0.0875,167.25,1,0
2026-01-01T01:46:19Z,tube_leak,TUBE_LEAK,438.69,1388.4,127.64,541.1,1941.1,-152.5,-0.0904,168.79,1,0
2026-01-01T01:46:20Z,tube_leak,TUBE_LEAK,433.5,1393.7,128.27,541.4,1947.2,-157.5,-0.0907,167.93,1,0
2026-01-01T01:46:21Z,tube_leak,TUBE_LEAK,434.6,1392.2,127.61,540.3,1949.3,-157.0,-0.0894,165.65,1,0
2026-01-01T01:46:22Z,tube_leak,TUBE_LEAK,442.12,1392.1,128.41,540.5,1946.1,-156.7,-0.0895,166.12,1,0
2026-01-01T01:46:23Z,tube_leak,TUBE_LEAK,431.35,1389.5,127.47,538.9,1944.6,-159.4,-0.0897,166.86,1,0
2026-01-01T01:46:24Z,tube_leak,TUBE_LEAK,439.1,1393.4,128.72,542.0,1947.7,-148.4,-0.0902,168.78,1,0
2026-01-01T01:46:25Z,tube_leak,TUBE_LEAK,434.14,1390.4,127.94,540.2,1951.1,-159.6,-0.0884,167.1,1,0
2026-01-01T01:46:26Z,tube_leak,TUBE_LEAK,437.69,1393.1,129.01,540.5,1952.6,-162.6,-0.0906,167.02,1,0
2026-01-01T01:46:27Z,tube_leak,TUBE_LEAK,434.73,1390.1,128.06,539.3,1949.9,-161.0,-0.0886,167.77,1,0
2026-01-01T01:46:28Z,tube_leak,TUBE_LEAK,430.65,1390.0,126.88,541.1,1950.8,-162.3,-0.09,164.88,1,0
2026-01-01T01:46:29Z,tube_leak,TUBE_LEAK,434.73,1394.3,128.68,540.2,1953.2,-154.8,-0.0906,166.72,1,0
2026-01-01T01:46:30Z,tube_leak,TUBE_LEAK,436.01,1391.6,127.74,540.5,1944.3,-163.3,-0.0896,168.08,1,0
2026-01-01T01:46:31Z,tube_leak,TUBE_LEAK,437.37,1391.4,127.3,543.1,1951.3,-155.3,-0.0911,168.74,1,0
2026-01-01T01:46:32Z,tube_leak,TUBE_LEAK,440.19,1395.9,128.45,539.0,1946.6,-173.4,-0.09,166.93,1,0
2026-01-01T01:46:33Z,tube_leak,TUBE_LEAK,435.66,1387.6,128.25,542.0,1943.3,-155.6,-0.09,166.99,1,0
2026-01-01T01:46:34Z,tube_leak,TUBE_LEAK,436.35,1396.4,127.83,539.5,1946.8,-156.1,-0.0911,166.97,1,0
2026-01-01T01:46:35Z,tube_leak,TUBE_LEAK,431.94,1393.8,127.94,539.9,1947.9,-161.4,-0.0914,167.71,1,0
2026-01-01T01:46:36Z,tube_leak,TUBE_LEAK,436.23,1391.4,128.19,542.8,1948.1,-157.7,-0.0901,166.53,1,0
2026-01-01T01:46:37Z,tube_leak,TUBE_LEAK,437.1,1393.0,127.82,540.5,1949.0,-169.9,-0.0903,165.91,1,0
2026-01-01T01:46:38Z,tube_leak,TUBE_LEAK,438.84,1391.6,127.43,538.7,1946.8,-176.9,-0.0905,166.25,1,0
2026-01-01T01:46:39Z,tube_leak,TUBE_LEAK,438.53,1394.2,127.89,539.6,1950.7,-165.5,-0.0913,167.2,1,0
2026-01-01T01:46:40Z,tube_leak,TUBE_LEAK,436.44,1394.2,128.28,540.6,1943.6,-162.7,-0.0895,167.85,1,0
2026-01-01T01:46:41Z,tube_leak,TUBE_LEAK,436.98,1393.7,128.13,541.0,1946.1,-165.6,-0.0912,164.05,1,0
2026-01-01T01:46:42Z,tube_leak,TUBE_LEAK,433.08,1389.6,128.2,539.6,1948.4,-163.4,-0.0896,167.89,1,0
2026-01-01T01:46:43Z,tube_leak,TUBE_LEAK,436.44,1393.8,127.03,540.6,1948.3,-164.9,-0.09,166.89,1,0
2026-01-01T01:46:44Z,tube_leak,TUBE_LEAK,434.98,1393.7,129.17,540.0,1950.0,-171.7,-0.0911,167.18,1,0
2026-01-01T01:46:45Z,tube_leak,TUBE_LEAK,433.46,1391.0,127.25,540.3,1946.4,-158.5,-0.0901,167.87,1,0
2026-01-01T01:46:46Z,tube_leak,TUBE_LEAK,433.15,1394.2,127.94,539.8,1948.1,-163.0,-0.0904,167.98,1,0
2026-01-01T01:46:47Z,tube_leak,TUBE_LEAK,435.03,1393.0,127.88,540.8,1946.7,-160.9,-0.0901,166.98,1,0
2026-01-01T01:46:48Z,tube_leak,TUBE_LEAK,437.28,1391.4,128.73,539.2,1946.4,-165.6,-0.0922,167.72,1,0
2026-01-01T01:46:49Z,tube_leak,TUBE_LEAK,434.88,1393.1,127.76,539.9,1947.4,-155.1,-0.0891,166.92,1,0
2026-01-01T01:46:50Z,tube_leak,TUBE_LEAK,432.75,1394.6,128.42,540.6,1949.1,-159.0,-0.0894,169.26,1,0
2026-01-01T01:46:51Z,tube_leak,TUBE_LEAK,433.79,1392.4,127.69,539.5,1950.4,-161.3,-0.0913,167.33,1,0
2026-01-01T01:46:52Z,tube_leak,TUBE_LEAK,435.86,1392.7,128.29,541.1,1949.1,-173.8,-0.0899,168.36,1,0
2026-01-01T01:46:53Z,tube_leak,TUBE_LEAK,433.81,1392.5,129.34,540.9,1951.0,-164.7,-0.0889,167.63,1,0
2026-01-01T01:46:54Z,tube_leak,TUBE_LEAK,434.77,1392.0,126.93,540.0,1949.2,-158.8,-0.0896,166.64,1,0
2026-01-01T01:46:55Z,tube_leak,TUBE_LEAK,434.84,1391.9,127.81,538.7,1949.0,-163.3,-0.0904,168.11,1,0
2026-01-01T01:46:56Z,tube_leak,TUBE_LEAK,433.42,1391.5,127.93,538.8,1949.1,-162.6,-0.0893,166.39,1,0
2026-01-01T01:46:57Z,tube_leak,TUBE_LEAK,435.53,1392.7,128.74,540.1,1950.5,-155.0,-0.0917,166.8,1,0
2026-01-01T01:46:58Z,tube_leak,TUBE_LEAK,437.65,1388.8,127.21,539.2,1951.8,-169.5,-0.09,169.24,1,0
2026-01-01T01:46:59Z,tube_leak,TUBE_LEAK,433.52,1388.9,128.0,540.7,1948.1,-159.4,-0.0897,168.03,1,0
2026-01-01T01:47:00Z,tube_leak,TUBE_LEAK,435.22,1392.1,127.66,539.1,1950.9,-159.3,-0.0899,167.01,1,0
2026-01-01T01:47:01Z,tube_leak,TUBE_LEAK,436.82,1393.1,128.5,539.2,1950.6,-156.1,-0.0921,167.39,1,0
2026-01-01T01:47:02Z,tube_leak,TUBE_LEAK,431.93,1391.0,128.13,539.5,1947.1,-165.6,-0.0893,168.11,1,0
2026-01-01T01:47:03Z,tube_leak,TUBE_LEAK,435.26,1390.9,128.33,539.2,1948.1,-159.0,-0.0887,167.18,1,0
2026-01-01T01:47:04Z,tube_leak,TUBE_LEAK,433.72,1386.9,127.9,540.8,1952.8,-154.5,-0.0876,169.47,1,0
2026-01-01T01:47:05Z,tube_leak,TUBE_LEAK,436.47,1391.1,127.68,542.2,1948.4,-163.7,-0.0894,168.13,1,0
2026-01-01T01:47:06Z,tube_leak,TUBE_LEAK,433.29,1389.4,128.23,540.1,1947.2,-154.0,-0.0912,167.43,1,0
2026-01-01T01:47:07Z,tube_leak,TUBE_LEAK,436.21,1395.2,127.54,537.2,1953.0,-163.2,-0.0914,167.1,1,0
2026-01-01T01:47:08Z,tube_leak,TUBE_LEAK,434.32,1391.4,127.55,542.2,1947.7,-162.7,-0.0892,165.81,1,0
2026-01-01T01:47:09Z,tube_leak,TUBE_LEAK,433.03,1388.0,127.47,538.0,1943.5,-166.0,-0.0899,167.08,1,0
2026-01-01T01:47:10Z,tube_leak,TUBE_LEAK,432.66,1390.9,128.4,539.1,1957.1,-156.0,-0.0903,167.23,1,0
2026-01-01T01:47:11Z,tube_leak,TUBE_LEAK,432.45,1389.4,128.46,540.3,1949.9,-151.0,-0.0889,166.67,1,0
2026-01-01T01:47:12Z,tube_leak,TUBE_LEAK,439.38,1395.1,128.17,540.7,1953.6,-162.2,-0.0892,167.93,1,0
2026-01-01T01:47:13Z,tube_leak,TUBE_LEAK,440.62,1390.9,127.68,539.2,1948.9,-148.5,-0.0886,167.32,1,0
2026-01-01T01:47:14Z,tube_leak,TUBE_LEAK,433.44,1389.8,128.23,540.2,1947.9,-157.7,-0.0896,167.19,1,0
2026-01-01T01:47:15Z,tube_leak,TUBE_LEAK,437.15,1389.4,128.04,538.6,1947.6,-156.7,-0.0901,167.0,1,0
2026-01-01T01:47:16Z,tube_leak,TUBE_LEAK,437.35,1394.5,127.7,541.2,1950.3,-157.7,-0.0908,168.09,1,0
2026-01-01T01:47:17Z,tube_leak,TUBE_LEAK,434.57,1393.0,128.06,540.7,1946.6,-158.8,-0.0884,167.38,1,0
2026-01-01T01:47:18Z,tube_leak,TUBE_LEAK,434.0,1389.5,128.23,540.2,1953.8,-153.3,-0.09,168.07,1,0
2026-01-01T01:47:19Z,tube_leak,TUBE_LEAK,434.7,1393.6,128.25,540.8,1948.1,-148.8,-0.0896,166.7,1,0
2026-01-01T01:47:20Z,tube_leak,TUBE_LEAK,433.28,1389.6,127.86,539.6,1945.7,-162.8,-0.091,165.78,1,0
2026-01-01T01:47:21Z,tube_leak,TUBE_LEAK,437.51,1392.9,128.31,540.5,1949.1,-153.4,-0.0898,167.31,1,0
2026-01-01T01:47:22Z,tube_leak,TUBE_LEAK,433.91,1390.9,127.47,541.2,1944.9,-161.4,-0.0868,168.06,1,0
2026-01-01T01:47:23Z,tube_leak,TUBE_LEAK,434.41,1391.6,128.98,540.6,1949.1,-159.9,-0.0909,166.95,1,0
2026-01-01T01:47:24Z,tube_leak,TUBE_LEAK,431.71,1391.3,127.9,539.4,1955.1,-161.9,-0.089,168.05,1,0
2026-01-01T01:47:25Z,tube_leak,TUBE_LEAK,436.47,1391.7,128.13,539.2,1949.2,-169.5,-0.09,167.79,1,0
2026-01-01T01:47:26Z,tube_leak,TUBE_LEAK,433.7,1393.5,128.27,538.8,1947.0,-164.4,-0.0895,167.54,1,0
2026-01-01T01:47:27Z,tube_leak,TUBE_LEAK,434.14,1392.7,127.52,539.5,1947.8,-158.4,-0.0889,164.52,1,0
2026-01-01T01:47:28Z,tube_leak,TUBE_LEAK,431.29,1389.7,128.48,540.2,1949.6,-154.3,-0.0908,167.03,1,0
2026-01-01T01:47:29Z,tube_leak,TUBE_LEAK,433.07,1393.9,127.82,539.8,1945.0,-152.8,-0.0915,168.12,1,0
2026-01-01T01:47:30Z,tube_leak,TUBE_LEAK,432.43,1395.6,128.37,539.8,1945.3,-158.6,-0.0895,165.83,1,0
2026-01-01T01:47:31Z,tube_leak,TUBE_LEAK,432.34,1393.3,127.99,539.9,1945.1,-166.4,-0.0901,165.45,1,0
2026-01-01T01:47:32Z,tube_leak,TUBE_LEAK,438.9,1391.9,127.85,539.5,1951.7,-157.3,-0.0905,166.97,1,0
2026-01-01T01:47:33Z,tube_leak,TUBE_LEAK,430.68,1392.2,128.59,541.1,1954.2,-150.6,-0.0896,168.27,1,0
2026-01-01T01:47:34Z,tube_leak,TUBE_LEAK,433.79,1391.8,127.52,538.7,1947.7,-161.7,-0.0901,166.36,1,0
2026-01-01T01:47:35Z,tube_leak,TUBE_LEAK,436.93,1393.1,128.1,540.1,1954.7,-160.2,-0.0903,168.2,1,0
2026-01-01T01:47:36Z,tube_leak,TUBE_LEAK,430.72,1392.7,128.03,539.8,1948.7,-152.7,-0.0882,169.6,1,0
2026-01-01T01:47:37Z,tube_leak,TUBE_LEAK,430.98,1389.4,127.91,540.4,1947.5,-156.4,-0.0905,168.16,1,0
2026-01-01T01:47:38Z,tube_leak,TUBE_LEAK,438.22,1391.8,128.46,539.9,1947.9,-161.0,-0.0919,166.51,1,0
2026-01-01T01:47:39Z,tube_leak,TUBE_LEAK,439.8,1392.4,128.73,539.9,1948.4,-152.4,-0.0902,167.37,1,0
2026-01-01T01:47:40Z,tube_leak,TUBE_LEAK,433.81,1394.7,127.76,541.2,1951.2,-152.8,-0.0913,168.81,1,0
2026-01-01T01:47:41Z,tube_leak,TUBE_LEAK,433.35,1392.7,128.57,539.2,1951.8,-171.2,-0.0901,165.7,1,0
2026-01-01T01:47:42Z,tube_leak,TUBE_LEAK,439.39,1391.5,127.74,539.0,1944.7,-155.3,-0.0915,167.61,1,0
2026-01-01T01:47:43Z,tube_leak,TUBE_LEAK,437.05,1389.6,128.54,542.4,1949.1,-150.5,-0.0899,166.34,1,0
2026-01-01T01:47:44Z,tube_leak,TUBE_LEAK,434.72,1391.9,128.41,539.6,1947.5,-160.8,-0.0893,168.18,1,0
2026-01-01T01:47:45Z,tube_leak,TUBE_LEAK,437.64,1392.8,127.49,539.7,1946.7,-153.4,-0.0912,166.33,1,0
2026-01-01T01:47:46Z,tube_leak,TUBE_LEAK,436.11,1392.3,128.18,540.4,1952.6,-154.1,-0.0906,167.82,1,0
2026-01-01T01:47:47Z,tube_leak,TUBE_LEAK,438.02,1390.4,127.32,541.7,1952.1,-160.0,-0.0907,166.68,1,0
2026-01-01T01:47:48Z,tube_leak,TUBE_LEAK,436.45,1390.6,127.05,539.9,1950.3,-151.5,-0.0906,167.73,1,0
2026-01-01T01:47:49Z,tube_leak,TUBE_LEAK,433.92,1390.7,128.36,540.8,1949.0,-160.4,-0.0914,164.87,1,0
2026-01-01T01:47:50Z,tube_leak,TUBE_LEAK,435.71,1391.1,128.26,541.6,1951.6,-154.8,-0.0894,167.69,1,0
2026-01-01T01:47:51Z,tube_leak,TUBE_LEAK,437.46,1389.7,128.91,540.5,1950.9,-163.7,-0.09,167.29,1,0
2026-01-01T01:47:52Z,tube_leak,TUBE_LEAK,432.0,1392.7,128.1,538.4,1947.3,-157.4,-0.0899,166.57,1,0
2026-01-01T01:47:53Z,tube_leak,TUBE_LEAK,434.17,1394.3,127.77,540.9,1955.5,-163.6,-0.091,167.09,1,0
2026-01-01T01:47:54Z,tube_leak,TUBE_LEAK,435.41,1392.9,127.38,539.9,1950.8,-161.5,-0.0909,168.36,1,0
2026-01-01T01:47:55Z,tube_leak,TUBE_LEAK,436.09,1392.7,127.66,537.8,1946.3,-157.6,-0.0917,167.26,1,0
2026-01-01T01:47:56Z,tube_leak,TUBE_LEAK,433.82,1392.9,127.39,539.0,1949.2,-157.4,-0.0886,168.43,1,0
2026-01-01T01:47:57Z,tube_leak,TUBE_LEAK,430.87,1390.9,128.04,540.0,1942.8,-160.8,-0.0887,168.25,1,0
2026-01-01T01:47:58Z,tube_leak,TUBE_LEAK,438.76,1389.8,127.8,540.7,1950.5,-166.9,-0.0881,166.02,1,0
2026-01-01T01:47:59Z,tube_leak,TUBE_LEAK,435.02,1391.1,128.5,540.8,1953.3,-161.8,-0.0905,169.38,1,0
2026-01-01T01:48:00Z,tube_leak,TUBE_LEAK,437.89,1393.2,128.97,540.9,1948.3,-152.3,-0.0905,168.27,1,0
2026-01-01T01:48:01Z,tube_leak,TUBE_LEAK,432.36,1392.4,127.5,540.9,1948.4,-162.8,-0.0897,168.52,1,0
2026-01-01T01:48:02Z,tube_leak,TUBE_LEAK,437.3,1393.4,128.0,539.7,1947.8,-155.5,-0.0885,167.2,1,0
2026-01-01T01:48:03Z,tube_leak,TUBE_LEAK,440.02,1395.9,127.54,540.3,1954.2,-161.2,-0.0901,166.87,1,0
2026-01-01T01:48:04Z,tube_leak,TUBE_LEAK,435.78,1392.0,128.28,540.6,1949.7,-156.7,-0.0896,167.37,1,0
2026-01-01T01:48:05Z,tube_leak,TUBE_LEAK,437.16,1391.9,128.73,539.9,1950.7,-151.6,-0.0891,167.22,1,0
2026-01-01T01:48:06Z,tube_leak,TUBE_LEAK,437.92,1393.4,127.49,539.0,1949.4,-158.4,-0.0895,167.7,1,0
2026-01-01T01:48:07Z,tube_leak,TUBE_LEAK,436.48,1391.9,128.0,539.9,1949.9,-166.7,-0.0903,166.85,1,0
2026-01-01T01:48:08Z,tube_leak,TUBE_LEAK,439.29,1393.3,127.65,540.3,1955.8,-156.4,-0.0902,167.0,1,0
2026-01-01T01:48:09Z,tube_leak,TUBE_LEAK,435.42,1389.7,128.05,538.5,1950.0,-160.0,-0.0888,168.12,1,0
2026-01-01T01:48:10Z,tube_leak,TUBE_LEAK,439.69,1395.3,128.05,539.0,1951.4,-158.7,-0.0902,167.23,1,0
2026-01-01T01:48:11Z,tube_leak,TUBE_LEAK,430.97,1390.1,128.5,539.3,1946.6,-157.3,-0.0888,167.64,1,0
2026-01-01T01:48:12Z,tube_leak,TUBE_LEAK,433.59,1391.2,127.88,539.4,1944.3,-158.0,-0.0918,167.13,1,0
2026-01-01T01:48:13Z,tube_leak,TUBE_LEAK,438.4,1390.2,128.46,540.0,1949.4,-155.8,-0.0912,167.25,1,0
2026-01-01T01:48:14Z,tube_leak,TUBE_LEAK,437.62,1391.0,128.68,540.0,1948.3,-165.3,-0.0917,167.89,1,0
2026-01-01T01:48:15Z,tube_leak,TUBE_LEAK,434.32,1393.3,127.6,541.1,1950.8,-154.4,-0.09,168.21,1,0
2026-01-01T01:48:16Z,tube_leak,TUBE_LEAK,439.56,1393.8,128.06,539.1,1949.1,-154.5,-0.0913,166.73,1,0
2026-01-01T01:48:17Z,tube_leak,TUBE_LEAK,435.64,1391.5,128.12,540.1,1944.3,-160.4,-0.0915,167.8,1,0
2026-01-01T01:48:18Z,tube_leak,TUBE_LEAK,436.07,1392.8,128.37,541.2,1948.6,-156.0,-0.0907,167.11,1,0
2026-01-01T01:48:19Z,tube_leak,TUBE_LEAK,430.67,1393.0,128.18,538.8,1943.6,-161.4,-0.0911,168.33,1,0
2026-01-01T01:48:20Z,tube_leak,TUBE_LEAK,436.5,1390.8,128.2,539.9,1948.7,-157.5,-0.0904,167.88,1,0
2026-01-01T01:48:21Z,tube_leak,TUBE_LEAK,434.95,1391.1,128.54,541.2,1946.7,-159.6,-0.0899,167.07,1,0
2026-01-01T01:48:22Z,tube_leak,TUBE_LEAK,435.3,1394.5,127.18,540.6,1948.0,-162.1,-0.0899,166.79,1,0
2026-01-01T01:48:23Z,tube_leak,TUBE_LEAK,433.22,1391.0,127.24,541.7,1947.7,-162.1,-0.0907,168.59,1,0
2026-01-01T01:48:24Z,tube_leak,TUBE_LEAK,436.3,1392.9,128.6,542.3,1951.2,-167.9,-0.0919,168.19,1,0
2026-01-01T01:48:25Z,tube_leak,TUBE_LEAK,436.21,1396.7,128.54,539.7,1954.6,-158.4,-0.0905,167.03,1,0
2026-01-01T01:48:26Z,tube_leak,TUBE_LEAK,432.97,1393.2,128.54,540.4,1955.9,-162.4,-0.0917,166.76,1,0
2026-01-01T01:48:27Z,tube_leak,TUBE_LEAK,438.13,1393.5,127.22,538.1,1947.1,-160.9,-0.0888,166.96,1,0
2026-01-01T01:48:28Z,tube_leak,TUBE_LEAK,439.14,1393.9,128.27,542.2,1947.4,-155.1,-0.0906,166.88,1,0
2026-01-01T01:48:29Z,tube_leak,TUBE_LEAK,433.58,1390.7,128.14,540.0,1946.0,-160.3,-0.0903,166.76,1,0
2026-01-01T01:48:30Z,tube_leak,TUBE_LEAK,439.42,1395.9,127.57,541.5,1947.6,-162.2,-0.0923,167.92,1,0
2026-01-01T01:48:31Z,tube_leak,TUBE_LEAK,435.13,1387.4,127.54,538.2,1949.8,-156.8,-0.0905,167.46,1,0
2026-01-01T01:48:32Z,tube_leak,TUBE_LEAK,436.61,1391.1,127.35,541.5,1950.0,-160.2,-0.0896,166.82,1,0
2026-01-01T01:48:33Z,tube_leak,TUBE_LEAK,433.17,1390.9,127.89,539.7,1948.5,-151.7,-0.09,168.25,1,0
2026-01-01T01:48:34Z,tube_leak,TUBE_LEAK,433.99,1393.6,128.26,540.0,1949.5,-158.5,-0.0911,166.45,1,0
2026-01-01T01:48:35Z,tube_leak,TUBE_LEAK,428.71,1391.3,127.93,540.4,1955.9,-153.6,-0.088,166.96,1,0
2026-01-01T01:48:36Z,tube_leak,TUBE_LEAK,435.1,1394.5,127.22,539.8,1952.6,-159.0,-0.0887,169.32,1,0
2026-01-01T01:48:37Z,tube_leak,TUBE_LEAK,435.41,1392.5,127.77,537.8,1952.7,-166.4,-0.092,168.46,1,0
2026-01-01T01:48:38Z,tube_leak,TUBE_LEAK,434.36,1391.7,128.28,538.2,1945.8,-156.5,-0.0902,166.92,1,0
2026-01-01T01:48:39Z,tube_leak,TUBE_LEAK,437.0,1394.7,127.83,540.1,1952.8,-163.1,-0.0924,165.74,1,0
2026-01-01T01:48:40Z,tube_leak,TUBE_LEAK,433.24,1392.2,127.85,539.2,1947.8,-162.7,-0.0907,166.31,1,0
2026-01-01T01:48:41Z,tube_leak,TUBE_LEAK,431.6,1390.2,128.22,540.5,1947.8,-157.2,-0.0893,168.09,1,0
2026-01-01T01:48:42Z,tube_leak,TUBE_LEAK,434.87,1398.6,127.65,540.3,1946.9,-158.5,-0.0889,167.9,1,0
2026-01-01T01:48:43Z,tube_leak,TUBE_LEAK,433.74,1393.9,127.91,540.7,1951.9,-156.9,-0.0898,167.83,1,0
2026-01-01T01:48:44Z,tube_leak,TUBE_LEAK,434.21,1387.7,127.4,542.2,1948.2,-163.0,-0.0893,166.89,1,0
2026-01-01T01:48:45Z,tube_leak,TUBE_LEAK,434.23,1393.3,128.73,541.1,1953.3,-163.1,-0.0886,166.51,1,0
2026-01-01T01:48:46Z,tube_leak,TUBE_LEAK,432.9,1391.4,128.2,539.2,1952.0,-152.3,-0.0915,166.46,1,0
2026-01-01T01:48:47Z,tube_leak,TUBE_LEAK,441.51,1392.5,128.33,538.5,1950.5,-159.0,-0.0888,167.37,1,0
2026-01-01T01:48:48Z,tube_leak,TUBE_LEAK,435.65,1389.4,128.64,539.7,1950.3,-169.0,-0.0909,166.52,1,0
2026-01-01T01:48:49Z,tube_leak,TUBE_LEAK,434.38,1390.0,127.5,540.8,1949.6,-159.9,-0.0906,166.8,1,0
2026-01-01T01:48:50Z,tube_leak,TUBE_LEAK,435.62,1387.8,128.2,540.8,1953.5,-162.3,-0.0894,167.6,1,0
2026-01-01T01:48:51Z,tube_leak,TUBE_LEAK,436.99,1398.4,128.31,540.5,1950.1,-160.7,-0.0889,165.43,1,0
2026-01-01T01:48:52Z,tube_leak,TUBE_LEAK,435.28,1394.2,127.71,540.1,1952.8,-164.1,-0.0898,167.29,1,0
2026-01-01T01:48:53Z,tube_leak,TUBE_LEAK,440.17,1391.5,127.7,539.3,1950.5,-153.6,-0.09,167.38,1,0
2026-01-01T01:48:54Z,tube_leak,TUBE_LEAK,438.05,1391.1,128.68,540.0,1944.2,-157.1,-0.0904,167.44,1,0
2026-01-01T01:48:55Z,tube_leak,TUBE_LEAK,437.7,1391.0,126.99,538.8,1948.9,-161.1,-0.0905,168.08,1,0
2026-01-01T01:48:56Z,tube_leak,TUBE_LEAK,436.54,1390.9,128.03,538.8,1947.1,-163.2,-0.0899,166.31,1,0
2026-01-01T01:48:57Z,tube_leak,TUBE_LEAK,435.22,1392.1,127.16,539.9,1949.5,-165.5,-0.0893,165.93,1,0
2026-01-01T01:48:58Z,tube_leak,TUBE_LEAK,435.58,1391.3,127.84,539.0,1947.3,-161.6,-0.092,166.2,1,0
2026-01-01T01:48:59Z,tube_leak,TUBE_LEAK,436.1,1394.7,127.39,539.3,1945.9,-156.4,-0.0904,166.71,1,0
2026-01-01T01:49:00Z,tube_leak,TUBE_LEAK,432.48,1392.3,128.01,540.2,1942.9,-169.6,-0.091,166.92,1,0
2026-01-01T01:49:01Z,tube_leak,TUBE_LEAK,434.27,1391.3,128.35,540.5,1952.7,-160.2,-0.0898,165.39,1,0
2026-01-01T01:49:02Z,tube_leak,TUBE_LEAK,434.1,1394.1,128.46,539.7,1950.2,-165.0,-0.0893,168.02,1,0
2026-01-01T01:49:03Z,tube_leak,TUBE_LEAK,435.36,1390.4,127.59,540.5,1952.5,-161.5,-0.0897,166.87,1,0
2026-01-01T01:49:04Z,tube_leak,TUBE_LEAK,432.72,1392.7,128.02,540.4,1950.3,-160.3,-0.0883,167.0,1,0
2026-01-01T01:49:05Z,tube_leak,TUBE_LEAK,431.9,1394.7,128.27,540.0,1952.0,-157.5,-0.0911,167.97,1,0
2026-01-01T01:49:06Z,tube_leak,TUBE_LEAK,433.51,1392.1,127.69,540.4,1948.6,-163.4,-0.0901,167.6,1,0
2026-01-01T01:49:07Z,tube_leak,TUBE_LEAK,435.35,1391.6,127.51,538.5,1946.9,-161.2,-0.0894,168.01,1,0
2026-01-01T01:49:08Z,tube_leak,TUBE_LEAK,434.53,1391.4,128.19,540.2,1948.8,-161.5,-0.089,168.01,1,0
2026-01-01T01:49:09Z,tube_leak,TUBE_LEAK,434.34,1393.5,126.48,538.8,1947.3,-166.0,-0.0889,168.23,1,0
2026-01-01T01:49:10Z,tube_leak,TUBE_LEAK,436.95,1388.1,128.22,541.1,1949.2,-158.3,-0.0901,169.28,1,0
2026-01-01T01:49:11Z,tube_leak,TUBE_LEAK,433.11,1391.6,128.15,538.4,1948.1,-160.1,-0.0913,167.49,1,0
2026-01-01T01:49:12Z,tube_leak,TUBE_LEAK,431.51,1392.7,127.74,540.6,1950.4,-152.8,-0.0896,168.16,1,0
2026-01-01T01:49:13Z,tube_leak,TUBE_LEAK,433.33,1389.3,128.29,540.2,1947.8,-161.7,-0.0907,169.09,1,0
2026-01-01T01:49:14Z,tube_leak,TUBE_LEAK,434.33,1394.0,127.79,539.7,1951.0,-164.4,-0.0904,166.24,1,0
2026-01-01T01:49:15Z,tube_leak,TUBE_LEAK,437.59,1394.8,128.12,538.5,1948.1,-166.0,-0.0902,167.56,1,0
2026-01-01T01:49:16Z,tube_leak,TUBE_LEAK,439.33,1388.7,128.05,541.9,1947.2,-152.3,-0.0908,168.54,1,0
2026-01-01T01:49:17Z,tube_leak,TUBE_LEAK,439.8,1390.6,128.29,540.2,1949.3,-160.6,-0.0896,168.62,1,0
2026-01-01T01:49:18Z,tube_leak,TUBE_LEAK,437.48,1392.0,128.37,539.1,1952.5,-161.7,-0.0904,169.77,1,0
2026-01-01T01:49:19Z,tube_leak,TUBE_LEAK,436.72,1394.0,127.77,540.3,1943.1,-150.9,-0.0902,166.69,1,0
2026-01-01T01:49:20Z,tube_leak,TUBE_LEAK,435.96,1391.4,128.73,538.5,1950.0,-165.2,-0.0892,167.75,1,0
2026-01-01T01:49:21Z,tube_leak,TUBE_LEAK,433.94,1393.6,128.56,539.1,1952.0,-150.8,-0.0883,167.66,1,0
2026-01-01T01:49:22Z,tube_leak,TUBE_LEAK,438.09,1392.3,128.08,539.5,1948.1,-162.6,-0.0898,167.43,1,0
2026-01-01T01:49:23Z,tube_leak,TUBE_LEAK,434.36,1390.9,127.94,540.0,1945.7,-166.2,-0.0913,167.02,1,0
2026-01-01T01:49:24Z,tube_leak,TUBE_LEAK,431.88,1393.3,128.2,541.3,1953.2,-150.0,-0.0891,168.3,1,0
2026-01-01T01:49:25Z,tube_leak,TUBE_LEAK,437.78,1393.7,128.34,542.4,1951.1,-168.4,-0.0897,165.33,1,0
2026-01-01T01:49:26Z,tube_leak,TUBE_LEAK,434.71,1390.9,128.14,540.5,1948.2,-157.4,-0.0885,168.22,1,0
2026-01-01T01:49:27Z,tube_leak,TUBE_LEAK,434.33,1392.4,128.14,541.2,1948.0,-161.6,-0.0899,166.15,1,0
2026-01-01T01:49:28Z,tube_leak,TUBE_LEAK,432.41,1390.6,127.26,537.3,1951.1,-153.5,-0.0898,168.06,1,0
2026-01-01T01:49:29Z,tube_leak,TUBE_LEAK,436.96,1391.4,128.04,537.1,1951.7,-155.5,-0.0903,167.58,1,0
2026-01-01T01:49:30Z,tube_leak,TUBE_LEAK,433.87,1388.7,127.77,540.3,1950.1,-161.2,-0.0907,166.62,1,0
2026-01-01T01:49:31Z,tube_leak,TUBE_LEAK,435.04,1390.3,128.93,539.3,1950.8,-158.1,-0.091,165.89,1,0
2026-01-01T01:49:32Z,tube_leak,TUBE_LEAK,434.94,1393.1,127.22,540.2,1955.2,-170.9,-0.0881,166.25,1,0
2026-01-01T01:49:33Z,tube_leak,TUBE_LEAK,430.0,1387.3,128.28,538.4,1949.7,-157.3,-0.0908,168.74,1,0
2026-01-01T01:49:34Z,tube_leak,TUBE_LEAK,434.39,1392.1,127.4,540.1,1950.3,-166.8,-0.0917,167.21,1,0
2026-01-01T01:49:35Z,tube_leak,TUBE_LEAK,433.17,1392.6,128.14,541.6,1948.9,-170.5,-0.089,167.41,1,0
2026-01-01T01:49:36Z,tube_leak,TUBE_LEAK,438.61,1392.1,127.97,540.0,1952.1,-161.8,-0.0884,167.01,1,0
2026-01-01T01:49:37Z,tube_leak,TUBE_LEAK,431.89,1394.3,128.45,539.7,1942.3,-161.3,-0.0885,167.03,1,0
2026-01-01T01:49:38Z,tube_leak,TUBE_LEAK,436.86,1391.1,128.19,539.4,1947.7,-156.9,-0.0896,169.13,1,0
2026-01-01T01:49:39Z,tube_leak,TUBE_LEAK,434.42,1391.7,128.02,541.6,1952.8,-160.3,-0.0883,167.05,1,0
2026-01-01T01:49:40Z,tube_leak,TUBE_LEAK,437.51,1392.7,127.91,538.5,1943.9,-157.8,-0.0894,167.29,1,0
2026-01-01T01:49:41Z,tube_leak,TUBE_LEAK,439.83,1390.4,128.6,541.1,1951.5,-163.2,-0.0904,167.05,1,0
2026-01-01T01:49:42Z,tube_leak,TUBE_LEAK,430.03,1391.0,128.14,539.1,1951.2,-153.8,-0.09,166.58,1,0
2026-01-01T01:49:43Z,tube_leak,TUBE_LEAK,437.04,1393.5,128.04,542.7,1949.5,-158.4,-0.0891,166.24,1,0
2026-01-01T01:49:44Z,tube_leak,TUBE_LEAK,435.85,1391.7,127.33,540.5,1947.3,-155.7,-0.0908,167.68,1,0
2026-01-01T01:49:45Z,tube_leak,TUBE_LEAK,435.02,1393.0,128.42,539.3,1948.0,-156.0,-0.0906,165.83,1,0
2026-01-01T01:49:46Z,tube_leak,TUBE_LEAK,435.8,1389.5,128.76,540.4,1953.2,-162.4,-0.0912,167.56,1,0
2026-01-01T01:49:47Z,tube_leak,TUBE_LEAK,438.25,1390.0,127.64,539.9,1951.8,-172.8,-0.0887,167.34,1,0
2026-01-01T01:49:48Z,tube_leak,TUBE_LEAK,437.47,1394.3,127.83,537.3,1950.9,-159.8,-0.0907,169.5,1,0
2026-01-01T01:49:49Z,tube_leak,TUBE_LEAK,428.31,1392.7,128.14,538.5,1948.9,-160.9,-0.0895,166.18,1,0
2026-01-01T01:49:50Z,tube_leak,TUBE_LEAK,436.49,1395.3,128.15,542.4,1950.6,-161.3,-0.0905,167.97,1,0
2026-01-01T01:49:51Z,tube_leak,TUBE_LEAK,435.88,1390.7,127.98,539.5,1952.4,-162.7,-0.0899,167.24,1,0
2026-01-01T01:49:52Z,tube_leak,TUBE_LEAK,435.49,1389.5,127.02,539.8,1952.0,-163.4,-0.0898,166.24,1,0
2026-01-01T01:49:53Z,tube_leak,TUBE_LEAK,434.04,1389.5,128.56,539.9,1950.0,-157.6,-0.0918,166.46,1,0
2026-01-01T01:49:54Z,tube_leak,TUBE_LEAK,434.3,1392.1,127.08,538.8,1949.3,-151.0,-0.091,165.83,1,0
2026-01-01T01:49:55Z,tube_leak,TUBE_LEAK,430.96,1394.5,128.12,540.2,1949.8,-156.4,-0.091,167.95,1,0
2026-01-01T01:49:56Z,tube_leak,TUBE_LEAK,433.58,1392.7,128.34,540.2,1951.5,-158.1,-0.0888,168.01,1,0
2026-01-01T01:49:57Z,tube_leak,TUBE_LEAK,434.88,1394.0,128.7,540.4,1946.5,-171.6,-0.09,165.54,1,0
2026-01-01T01:49:58Z,tube_leak,TUBE_LEAK,435.84,1390.6,127.97,540.4,1947.6,-160.6,-0.0894,167.96,1,0
2026-01-01T01:49:59Z,tube_leak,TUBE_LEAK,437.17,1395.0,128.2,540.8,1948.3,-159.8,-0.0891,168.19,1,0
2026-01-01T01:50:00Z,tube_leak,TUBE_LEAK,437.8,1392.7,127.78,540.7,1949.1,-160.7,-0.0891,168.85,1,0
2026-01-01T01:50:01Z,tube_leak,TUBE_LEAK,440.1,1390.0,128.33,541.4,1949.7,-162.6,-0.0907,165.7,1,0
2026-01-01T01:50:02Z,tube_leak,TUBE_LEAK,437.14,1395.0,127.85,537.7,1947.7,-163.2,-0.089,166.31,1,0
2026-01-01T01:50:03Z,tube_leak,TUBE_LEAK,435.17,1392.7,127.05,541.7,1949.0,-157.1,-0.0916,167.87,1,0
2026-01-01T01:50:04Z,tube_leak,TUBE_LEAK,435.74,1389.9,127.45,540.2,1946.8,-164.9,-0.09,167.7,1,0
2026-01-01T01:50:05Z,tube_leak,TUBE_LEAK,437.14,1396.2,129.07,539.3,1945.6,-150.5,-0.0904,169.12,1,0
2026-01-01T01:50:06Z,tube_leak,TUBE_LEAK,437.27,1392.7,127.62,539.8,1944.3,-169.9,-0.0897,166.16,1,0
2026-01-01T01:50:07Z,tube_leak,TUBE_LEAK,432.37,1392.1,127.66,542.7,1949.8,-166.7,-0.0916,166.8,1,0
2026-01-01T01:50:08Z,tube_leak,TUBE_LEAK,433.38,1392.2,128.05,539.1,1949.0,-166.7,-0.0874,165.92,1,0
2026-01-01T01:50:09Z,tube_leak,TUBE_LEAK,435.89,1391.5,128.13,540.0,1950.8,-164.6,-0.0898,169.52,1,0
2026-01-01T01:50:10Z,tube_leak,TUBE_LEAK,438.02,1391.9,128.81,539.8,1950.0,-153.2,-0.0889,168.01,1,0
2026-01-01T01:50:11Z,tube_leak,TUBE_LEAK,434.66,1391.4,128.27,539.7,1952.2,-157.9,-0.0905,166.96,1,0
2026-01-01T01:50:12Z,tube_leak,TUBE_LEAK,434.32,1390.9,128.38,539.9,1948.1,-155.4,-0.0905,166.69,1,0
2026-01-01T01:50:13Z,tube_leak,TUBE_LEAK,439.19,1391.3,129.03,538.7,1942.6,-156.2,-0.0905,165.63,1,0
2026-01-01T01:50:14Z,tube_leak,TUBE_LEAK,433.89,1395.5,128.33,538.5,1943.5,-157.7,-0.0902,167.54,1,0
2026-01-01T01:50:15Z,tube_leak,TUBE_LEAK,437.85,1390.8,127.18,540.5,1948.8,-162.6,-0.0883,167.54,1,0
2026-01-01T01:50:16Z,tube_leak,TUBE_LEAK,437.05,1393.6,127.52,539.2,1950.5,-155.3,-0.0889,168.13,1,0
2026-01-01T01:50:17Z,tube_leak,TUBE_LEAK,433.37,1394.9,128.59,538.5,1949.0,-158.8,-0.092,167.57,1,0
2026-01-01T01:50:18Z,tube_leak,TUBE_LEAK,434.39,1392.0,128.53,540.5,1955.2,-154.4,-0.088,166.72,1,0
2026-01-01T01:50:19Z,tube_leak,TUBE_LEAK,435.91,1395.5,128.86,539.6,1951.2,-156.6,-0.0895,167.75,1,0
2026-01-01T01:50:20Z,tube_leak,TUBE_LEAK,436.26,1391.3,127.79,538.4,1948.4,-166.8,-0.0896,168.45,1,0
2026-01-01T01:50:21Z,tube_leak,TUBE_LEAK,436.25,1388.7,128.27,539.4,1946.9,-159.7,-0.092,166.95,1,0
2026-01-01T01:50:22Z,tube_leak,TUBE_LEAK,434.4,1392.0,128.79,538.8,1946.0,-153.9,-0.0893,167.76,1,0
2026-01-01T01:50:23Z,tube_leak,TUBE_LEAK,436.25,1394.4,128.26,540.2,1948.9,-162.5,-0.0906,169.62,1,0
2026-01-01T01:50:24Z,tube_leak,TUBE_LEAK,432.92,1393.3,128.63,539.2,1948.1,-160.1,-0.0889,167.27,1,0
2026-01-01T01:50:25Z,tube_leak,TUBE_LEAK,433.38,1391.1,127.74,539.5,1951.6,-160.2,-0.0898,168.48,1,0
2026-01-01T01:50:26Z,tube_leak,TUBE_LEAK,437.39,1390.4,128.2,538.8,1947.4,-153.1,-0.0904,165.89,1,0
2026-01-01T01:50:27Z,tube_leak,TUBE_LEAK,431.55,1392.1,128.23,540.0,1948.1,-155.7,-0.0901,167.42,1,0
2026-01-01T01:50:28Z,tube_leak,TUBE_LEAK,434.65,1390.4,127.62,539.3,1948.8,-154.0,-0.0889,168.18,1,0
2026-01-01T01:50:29Z,tube_leak,TUBE_LEAK,440.69,1393.1,127.19,539.6,1945.7,-152.6,-0.0906,167.13,1,0
2026-01-01T01:50:30Z,tube_leak,TUBE_LEAK,434.92,1396.7,128.77,541.1,1947.6,-157.7,-0.0918,168.01,1,0
2026-01-01T01:50:31Z,tube_leak,TUBE_LEAK,432.8,1390.6,128.83,542.0,1946.0,-152.6,-0.0905,166.74,1,0
2026-01-01T01:50:32Z,tube_leak,TUBE_LEAK,436.07,1392.9,127.21,538.6,1950.5,-166.8,-0.0895,167.06,1,0
2026-01-01T01:50:33Z,tube_leak,TUBE_LEAK,432.62,1392.3,128.55,539.0,1946.2,-162.0,-0.0901,167.62,1,0
2026-01-01T01:50:34Z,tube_leak,TUBE_LEAK,433.85,1390.0,127.89,540.5,1948.8,-154.7,-0.0894,167.36,1,0
2026-01-01T01:50:35Z,tube_leak,TUBE_LEAK,433.02,1390.5,127.68,540.1,1952.0,-159.6,-0.0892,166.84,1,0
2026-01-01T01:50:36Z,tube_leak,TUBE_LEAK,432.56,1391.5,128.35,541.5,1947.0,-162.9,-0.091,166.64,1,0
2026-01-01T01:50:37Z,tube_leak,TUBE_LEAK,435.43,1391.6,128.21,541.5,1952.5,-148.8,-0.0892,168.12,1,0
2026-01-01T01:50:38Z,tube_leak,TUBE_LEAK,433.29,1391.7,128.64,540.6,1949.1,-164.2,-0.0884,167.73,1,0
2026-01-01T01:50:39Z,tube_leak,TUBE_LEAK,430.43,1389.5,127.62,539.4,1954.4,-158.9,-0.09,166.66,1,0
2026-01-01T01:50:40Z,tube_leak,TUBE_LEAK,432.79,1397.3,127.96,540.6,1950.3,-157.5,-0.0905,168.37,1,0
2026-01-01T01:50:41Z,tube_leak,TUBE_LEAK,434.66,1391.0,126.87,538.5,1949.8,-161.2,-0.0908,167.54,1,0
2026-01-01T01:50:42Z,tube_leak,TUBE_LEAK,437.77,1391.1,127.57,540.6,1949.0,-153.8,-0.0888,167.83,1,0
2026-01-01T01:50:43Z,tube_leak,TUBE_LEAK,434.49,1392.3,129.21,540.1,1950.0,-163.0,-0.0902,167.06,1,0
2026-01-01T01:50:44Z,tube_leak,TUBE_LEAK,433.85,1392.9,127.52,540.4,1953.0,-167.5,-0.0885,167.79,1,0
2026-01-01T01:50:45Z,tube_leak,TUBE_LEAK,434.8,1394.0,128.18,539.8,1951.2,-163.6,-0.0908,166.93,1,0
2026-01-01T01:50:46Z,tube_leak,TUBE_LEAK,435.27,1389.9,128.59,540.4,1946.1,-163.6,-0.0888,167.45,1,0
2026-01-01T01:50:47Z,tube_leak,TUBE_LEAK,432.77,1395.8,127.38,539.2,1955.8,-160.4,-0.0894,166.58,1,0
2026-01-01T01:50:48Z,tube_leak,TUBE_LEAK,431.9,1393.4,127.68,539.4,1951.8,-156.1,-0.09,166.29,1,0
2026-01-01T01:50:49Z,tube_leak,TUBE_LEAK,431.62,1393.0,127.91,539.4,1950.2,-154.9,-0.0911,167.82,1,0
2026-01-01T01:50:50Z,tube_leak,TUBE_LEAK,434.03,1393.6,127.88,541.1,1948.5,-161.0,-0.0883,167.9,1,0
2026-01-01T01:50:51Z,tube_leak,TUBE_LEAK,436.14,1388.9,127.44,539.6,1950.2,-154.2,-0.0907,168.21,1,0
2026-01-01T01:50:52Z,tube_leak,TUBE_LEAK,435.07,1388.8,128.88,539.2,1948.1,-164.1,-0.0896,167.41,1,0
2026-01-01T01:50:53Z,tube_leak,TUBE_LEAK,436.19,1390.1,128.32,540.9,1954.7,-166.0,-0.0913,169.47,1,0
2026-01-01T01:50:54Z,tube_leak,TUBE_LEAK,433.16,1393.3,128.53,539.1,1945.2,-161.5,-0.0898,167.01,1,0
2026-01-01T01:50:55Z,tube_leak,TUBE_LEAK,438.32,1391.8,128.63,540.2,1948.7,-156.3,-0.0887,168.43,1,0
2026-01-01T01:50:56Z,tube_leak,TUBE_LEAK,435.73,1387.4,128.13,539.9,1951.8,-160.8,-0.0906,169.09,1,0
2026-01-01T01:50:57Z,tube_leak,TUBE_LEAK,436.2,1390.9,127.61,541.3,1945.3,-161.4,-0.0895,169.19,1,0
2026-01-01T01:50:58Z,tube_leak,TUBE_LEAK,435.16,1392.9,127.37,539.3,1947.3,-156.8,-0.0906,168.65,1,0
2026-01-01T01:50:59Z,tube_leak,TUBE_LEAK,437.3,1395.1,128.3,539.9,1955.8,-159.4,-0.0908,168.14,1,0
2026-01-01T01:51:00Z,tube_leak,TUBE_LEAK,435.77,1394.3,127.27,540.5,1952.1,-156.6,-0.0881,167.73,1,0
2026-01-01T01:51:01Z,tube_leak,TUBE_LEAK,435.04,1392.0,129.06,540.3,1948.8,-165.0,-0.0893,166.56,1,0
2026-01-01T01:51:02Z,tube_leak,TUBE_LEAK,438.96,1392.3,128.4,538.4,1947.3,-153.5,-0.0906,165.45,1,0
2026-01-01T01:51:03Z,tube_leak,TUBE_LEAK,429.76,1395.4,128.74,539.6,1949.3,-164.5,-0.089,168.77,1,0
2026-01-01T01:51:04Z,tube_leak,TUBE_LEAK,435.48,1387.4,128.09,540.3,1950.2,-158.6,-0.0896,167.13,1,0
2026-01-01T01:51:05Z,tube_leak,TUBE_LEAK,437.31,1391.5,126.58,540.8,1950.5,-160.4,-0.0925,167.77,1,0
2026-01-01T01:51:06Z,tube_leak,TUBE_LEAK,432.56,1392.4,127.8,540.3,1949.6,-157.7,-0.09,166.83,1,0
2026-01-01T01:51:07Z,tube_leak,TUBE_LEAK,433.82,1391.8,127.59,538.5,1944.3,-158.8,-0.0892,168.21,1,0
2026-01-01T01:51:08Z,tube_leak,TUBE_LEAK,436.81,1391.2,127.51,540.8,1947.7,-153.9,-0.0909,168.4,1,0
2026-01-01T01:51:09Z,tube_leak,TUBE_LEAK,432.8,1392.1,127.19,540.5,1950.0,-161.1,-0.0895,167.97,1,0
2026-01-01T01:51:10Z,tube_leak,TUBE_LEAK,436.64,1393.2,127.84,539.3,1947.0,-160.0,-0.0896,166.77,1,0
2026-01-01T01:51:11Z,tube_leak,TUBE_LEAK,431.91,1389.1,128.35,539.9,1947.3,-156.6,-0.0909,168.35,1,0
2026-01-01T01:51:12Z,tube_leak,TUBE_LEAK,434.68,1388.9,127.35,539.8,1951.6,-148.7,-0.0908,166.78,1,0
2026-01-01T01:51:13Z,tube_leak,TUBE_LEAK,436.14,1391.1,127.67,539.1,1947.4,-158.2,-0.0915,167.23,1,0
2026-01-01T01:51:14Z,tube_leak,TUBE_LEAK,439.02,1390.7,127.11,541.1,1946.9,-156.5,-0.0901,167.32,1,0
2026-01-01T01:51:15Z,tube_leak,TUBE_LEAK,437.31,1394.3,127.69,538.9,1954.8,-154.5,-0.0911,166.75,1,0
2026-01-01T01:51:16Z,tube_leak,TUBE_LEAK,436.12,1392.9,128.53,539.2,1948.8,-159.4,-0.0899,166.5,1,0
2026-01-01T01:51:17Z,tube_leak,TUBE_LEAK,434.45,1395.2,128.83,540.6,1947.0,-162.9,-0.0901,168.98,1,0
2026-01-01T01:51:18Z,tube_leak,TUBE_LEAK,434.02,1391.5,127.67,541.6,1950.3,-158.8,-0.0904,166.95,1,0
2026-01-01T01:51:19Z,tube_leak,TUBE_LEAK,432.27,1391.4,127.87,539.7,1951.0,-166.1,-0.0892,167.59,1,0
2026-01-01T01:51:20Z,tube_leak,TUBE_LEAK,435.94,1392.8,128.79,539.1,1951.3,-159.8,-0.0913,167.12,1,0
2026-01-01T01:51:21Z,tube_leak,TUBE_LEAK,434.38,1392.7,128.49,539.3,1946.3,-161.4,-0.0893,168.82,1,0
2026-01-01T01:51:22Z,tube_leak,TUBE_LEAK,433.7,1393.9,127.86,539.1,1949.9,-157.7,-0.0884,168.04,1,0
2026-01-01T01:51:23Z,tube_leak,TUBE_LEAK,434.14,1393.4,128.19,539.0,1956.5,-158.6,-0.0905,167.94,1,0
2026-01-01T01:51:24Z,tube_leak,TUBE_LEAK,434.61,1389.2,127.71,538.3,1945.5,-156.6,-0.087,168.09,1,0
2026-01-01T01:51:25Z,tube_leak,TUBE_LEAK,435.95,1390.7,127.42,539.9,1948.2,-164.4,-0.0917,167.21,1,0
2026-01-01T01:51:26Z,tube_leak,TUBE_LEAK,435.71,1388.8,128.67,539.5,1943.2,-164.8,-0.0897,167.2,1,0
2026-01-01T01:51:27Z,tube_leak,TUBE_LEAK,437.54,1390.0,128.53,540.4,1951.3,-159.4,-0.09,167.59,1,0
2026-01-01T01:51:28Z,tube_leak,TUBE_LEAK,437.36,1391.4,127.63,540.2,1950.1,-156.0,-0.0911,167.16,1,0
2026-01-01T01:51:29Z,tube_leak,TUBE_LEAK,434.78,1390.6,128.08,541.5,1944.6,-154.5,-0.0894,166.8,1,0
2026-01-01T01:51:30Z,tube_leak,TUBE_LEAK,431.09,1393.6,127.89,540.6,1949.2,-151.7,-0.0901,165.35,1,0
2026-01-01T01:51:31Z,tube_leak,TUBE_LEAK,435.02,1392.1,127.92,542.4,1948.7,-154.3,-0.0878,166.4,1,0
2026-01-01T01:51:32Z,tube_leak,TUBE_LEAK,435.01,1392.7,127.64,539.5,1947.0,-149.8,-0.0915,167.08,1,0
2026-01-01T01:51:33Z,tube_leak,TUBE_LEAK,438.07,1393.0,128.12,540.2,1952.6,-164.4,-0.0883,167.68,1,0
2026-01-01T01:51:34Z,tube_leak,TUBE_LEAK,435.14,1392.5,128.06,538.7,1952.5,-157.8,-0.0894,167.02,1,0
2026-01-01T01:51:35Z,tube_leak,TUBE_LEAK,434.9,1395.0,128.41,538.7,1952.3,-157.9,-0.0925,167.78,1,0
2026-01-01T01:51:36Z,tube_leak,TUBE_LEAK,431.29,1391.9,127.65,540.6,1948.0,-162.6,-0.0912,169.04,1,0
2026-01-01T01:51:37Z,tube_leak,TUBE_LEAK,432.17,1392.9,127.53,540.2,1944.1,-156.6,-0.0907,170.01,1,0
2026-01-01T01:51:38Z,tube_leak,TUBE_LEAK,432.45,1390.9,127.88,540.4,1950.1,-151.3,-0.0893,168.22,1,0
2026-01-01T01:51:39Z,tube_leak,TUBE_LEAK,431.8,1393.0,128.21,540.5,1949.6,-161.8,-0.091,168.38,1,0
2026-01-01T01:51:40Z,tube_leak,TUBE_LEAK,436.2,1391.2,127.77,540.0,1948.2,-153.8,-0.0893,167.85,1,0
2026-01-01T01:51:41Z,tube_leak,TUBE_LEAK,434.92,1388.8,127.77,538.6,1945.4,-158.4,-0.0904,167.12,1,0
2026-01-01T01:51:42Z,tube_leak,TUBE_LEAK,434.96,1393.7,128.01,541.0,1951.6,-161.0,-0.0899,164.24,1,0
2026-01-01T01:51:43Z,tube_leak,TUBE_LEAK,436.99,1391.1,127.79,540.6,1944.7,-158.5,-0.0876,165.99,1,0
2026-01-01T01:51:44Z,tube_leak,TUBE_LEAK,433.97,1390.9,128.56,538.9,1941.3,-154.5,-0.0903,167.91,1,0
2026-01-01T01:51:45Z,tube_leak,TUBE_LEAK,436.96,1390.6,127.3,541.8,1946.8,-163.6,-0.0886,167.19,1,0
2026-01-01T01:51:46Z,tube_leak,TUBE_LEAK,437.29,1391.9,127.59,539.0,1944.5,-159.5,-0.091,166.26,1,0
2026-01-01T01:51:47Z,tube_leak,TUBE_LEAK,435.12,1387.4,129.16,540.0,1952.7,-163.6,-0.0909,165.65,1,0
2026-01-01T01:51:48Z,tube_leak,TUBE_LEAK,433.1,1395.7,128.57,539.6,1948.0,-165.0,-0.0905,167.58,1,0
2026-01-01T01:51:49Z,tube_leak,TUBE_LEAK,437.15,1392.2,127.92,540.4,1951.3,-162.0,-0.0899,166.53,1,0
2026-01-01T01:51:50Z,tube_leak,TUBE_LEAK,437.39,1393.3,127.8,541.3,1945.1,-161.8,-0.0914,168.45,1,0
2026-01-01T01:51:51Z,tube_leak,TUBE_LEAK,438.63,1389.0,128.54,540.7,1948.0,-161.1,-0.0889,167.99,1,0
2026-01-01T01:51:52Z,tube_leak,TUBE_LEAK,436.69,1389.7,128.77,538.9,1948.0,-170.3,-0.0914,167.41,1,0
2026-01-01T01:51:53Z,tube_leak,TUBE_LEAK,433.42,1393.6,127.77,539.4,1949.7,-159.4,-0.0918,165.37,1,0
2026-01-01T01:51:54Z,tube_leak,TUBE_LEAK,435.45,1390.0,128.07,538.9,1946.7,-162.9,-0.09,169.17,1,0
2026-01-01T01:51:55Z,tube_leak,TUBE_LEAK,438.12,1388.8,128.19,538.4,1949.5,-166.7,-0.0888,166.44,1,0
2026-01-01T01:51:56Z,tube_leak,TUBE_LEAK,438.52,1393.6,127.74,538.6,1951.0,-153.1,-0.0882,167.84,1,0
2026-01-01T01:51:57Z,tube_leak,TUBE_LEAK,433.14,1392.2,127.71,540.9,1947.6,-161.9,-0.0893,167.19,1,0
2026-01-01T01:51:58Z,tube_leak,TUBE_LEAK,441.9,1393.3,128.38,539.1,1943.7,-163.6,-0.089,167.86,1,0
2026-01-01T01:51:59Z,tube_leak,TUBE_LEAK,434.96,1395.6,129.02,539.9,1943.9,-157.0,-0.0897,167.64,1,0
2026-01-01T01:52:00Z,tube_leak,TUBE_LEAK,432.28,1388.8,127.32,541.1,1949.9,-159.2,-0.0906,165.89,1,0
2026-01-01T01:52:01Z,tube_leak,TUBE_LEAK,434.37,1388.0,127.63,538.9,1941.7,-159.6,-0.0899,167.67,1,0
2026-01-01T01:52:02Z,tube_leak,TUBE_LEAK,432.61,1396.1,127.79,540.5,1946.8,-161.0,-0.0892,168.01,1,0
2026-01-01T01:52:03Z,tube_leak,TUBE_LEAK,435.17,1391.9,128.6,539.4,1950.8,-151.3,-0.0899,168.92,1,0
2026-01-01T01:52:04Z,tube_leak,TUBE_LEAK,436.84,1387.6,127.99,540.1,1951.3,-163.1,-0.09,166.33,1,0
2026-01-01T01:52:05Z,tube_leak,TUBE_LEAK,432.2,1388.9,127.8,540.3,1947.1,-161.7,-0.0905,167.33,1,0
2026-01-01T01:52:06Z,tube_leak,TUBE_LEAK,439.36,1394.2,128.99,538.7,1948.9,-164.1,-0.091,166.07,1,0
2026-01-01T01:52:07Z,tube_leak,TUBE_LEAK,437.11,1389.0,128.22,539.0,1946.6,-160.8,-0.0889,166.49,1,0
2026-01-01T01:52:08Z,tube_leak,TUBE_LEAK,432.78,1391.8,127.9,540.6,1951.3,-153.2,-0.0885,167.28,1,0
2026-01-01T01:52:09Z,tube_leak,TUBE_LEAK,437.18,1393.8,128.79,540.6,1949.9,-161.8,-0.0894,168.67,1,0
2026-01-01T01:52:10Z,tube_leak,TUBE_LEAK,435.03,1388.8,127.77,542.1,1944.6,-150.5,-0.0903,166.18,1,0
2026-01-01T01:52:11Z,tube_leak,TUBE_LEAK,432.6,1393.3,127.88,539.7,1951.8,-168.4,-0.0894,167.34,1,0
2026-01-01T01:52:12Z,tube_leak,TUBE_LEAK,431.54,1393.6,127.73,541.8,1948.2,-159.9,-0.0904,166.8,1,0
2026-01-01T01:52:13Z,tube_leak,TUBE_LEAK,432.49,1395.6,129.73,539.9,1949.7,-156.7,-0.0891,167.38,1,0
2026-01-01T01:52:14Z,tube_leak,TUBE_LEAK,433.78,1389.6,126.67,540.7,1951.9,-160.5,-0.0909,166.66,1,0
2026-01-01T01:52:15Z,tube_leak,TUBE_LEAK,438.52,1391.3,128.31,539.8,1950.2,-156.2,-0.089,166.05,1,0
2026-01-01T01:52:16Z,tube_leak,TUBE_LEAK,434.17,1393.1,128.54,539.8,1944.7,-157.6,-0.0901,167.38,1,0
2026-01-01T01:52:17Z,tube_leak,TUBE_LEAK,435.24,1393.5,128.25,539.5,1948.4,-159.9,-0.0911,167.27,1,0
2026-01-01T01:52:18Z,tube_leak,TUBE_LEAK,433.88,1389.9,127.85,540.5,1950.2,-169.4,-0.0889,166.52,1,0
2026-01-01T01:52:19Z,tube_leak,TUBE_LEAK,440.41,1391.4,128.42,540.2,1947.4,-162.6,-0.0895,167.38,1,0
2026-01-01T01:52:20Z,tube_leak,TUBE_LEAK,435.7,1391.7,128.14,541.9,1946.8,-159.5,-0.0907,169.6,1,0
2026-01-01T01:52:21Z,tube_leak,TUBE_LEAK,436.31,1390.4,128.16,540.1,1952.4,-155.8,-0.0911,168.14,1,0
2026-01-01T01:52:22Z,tube_leak,TUBE_LEAK,432.88,1393.2,127.84,541.6,1946.5,-157.5,-0.091,168.46,1,0
2026-01-01T01:52:23Z,tube_leak,TUBE_LEAK,434.68,1392.7,127.45,539.4,1952.9,-166.9,-0.0895,167.94,1,0
2026-01-01T01:52:24Z,tube_leak,TUBE_LEAK,433.66,1390.7,128.25,538.5,1948.8,-157.0,-0.0909,168.22,1,0
2026-01-01T01:52:25Z,tube_leak,TUBE_LEAK,432.83,1392.1,127.6,541.9,1947.6,-160.6,-0.0907,166.5,1,0
2026-01-01T01:52:26Z,tube_leak,TUBE_LEAK,433.02,1393.2,127.68,540.4,1949.5,-162.9,-0.0903,167.45,1,0
2026-01-01T01:52:27Z,tube_leak,TUBE_LEAK,436.98,1392.9,127.94,539.0,1950.7,-154.0,-0.0901,167.5,1,0
2026-01-01T01:52:28Z,tube_leak,TUBE_LEAK,430.46,1396.6,127.88,539.6,1955.0,-165.3,-0.09,167.73,1,0
2026-01-01T01:52:29Z,tube_leak,TUBE_LEAK,436.66,1390.6,127.93,541.2,1943.8,-149.0,-0.0891,167.02,1,0
2026-01-01T01:52:30Z,tube_leak,TUBE_LEAK,433.19,1388.7,127.74,537.3,1951.4,-163.5,-0.0897,166.6,1,0
2026-01-01T01:52:31Z,tube_leak,TUBE_LEAK,435.58,1393.4,128.48,539.6,1949.7,-163.1,-0.0904,168.76,1,0
2026-01-01T01:52:32Z,tube_leak,TUBE_LEAK,433.02,1392.8,127.69,541.1,1953.0,-149.8,-0.0899,167.8,1,0
2026-01-01T01:52:33Z,tube_leak,TUBE_LEAK,435.93,1390.5,127.63,540.5,1946.0,-157.7,-0.0901,166.53,1,0
2026-01-01T01:52:34Z,tube_leak,TUBE_LEAK,435.08,1391.2,127.84,542.2,1947.9,-163.3,-0.0893,167.11,1,0
2026-01-01T01:52:35Z,tube_leak,TUBE_LEAK,433.9,1394.1,127.57,539.5,1948.2,-168.6,-0.0906,167.44,1,0
2026-01-01T01:52:36Z,tube_leak,TUBE_LEAK,432.72,1388.6,128.33,540.5,1943.2,-166.4,-0.0884,167.02,1,0
2026-01-01T01:52:37Z,tube_leak,TUBE_LEAK,432.65,1389.8,127.54,539.2,1949.6,-151.7,-0.0891,167.96,1,0
2026-01-01T01:52:38Z,tube_leak,TUBE_LEAK,433.59,1390.2,127.62,538.1,1948.3,-150.8,-0.0911,167.31,1,0
2026-01-01T01:52:39Z,tube_leak,TUBE_LEAK,432.3,1391.6,128.38,540.8,1940.8,-162.7,-0.0906,167.91,1,0
2026-01-01T01:52:40Z,tube_leak,TUBE_LEAK,436.92,1389.5,128.5,539.9,1943.1,-167.2,-0.0906,166.44,1,0
2026-01-01T01:52:41Z,tube_leak,TUBE_LEAK,435.3,1389.0,127.9,539.1,1948.1,-166.3,-0.0924,168.05,1,0
2026-01-01T01:52:42Z,tube_leak,TUBE_LEAK,439.14,1392.4,128.16,540.2,1950.6,-168.0,-0.0914,166.68,1,0
2026-01-01T01:52:43Z,tube_leak,TUBE_LEAK,434.01,1389.7,127.63,541.6,1952.6,-169.1,-0.0902,168.44,1,0
2026-01-01T01:52:44Z,tube_leak,TUBE_LEAK,434.48,1393.0,127.89,540.1,1943.3,-148.7,-0.0894,166.43,1,0
2026-01-01T01:52:45Z,tube_leak,TUBE_LEAK,432.71,1395.4,128.21,538.8,1949.2,-163.5,-0.0912,167.79,1,0
2026-01-01T01:52:46Z,tube_leak,TUBE_LEAK,436.75,1392.4,127.62,540.2,1952.0,-163.5,-0.0897,167.44,1,0
2026-01-01T01:52:47Z,tube_leak,TUBE_LEAK,433.11,1395.7,128.35,539.7,1953.7,-158.1,-0.088,165.82,1,0
2026-01-01T01:52:48Z,tube_leak,TUBE_LEAK,432.73,1391.5,127.68,538.9,1947.7,-172.3,-0.0906,167.64,1,0
2026-01-01T01:52:49Z,tube_leak,TUBE_LEAK,435.28,1390.6,127.91,539.7,1952.2,-157.2,-0.0918,168.21,1,0
2026-01-01T01:52:50Z,tube_leak,TUBE_LEAK,434.56,1395.0,128.45,541.0,1950.3,-164.9,-0.0893,167.56,1,0
2026-01-01T01:52:51Z,tube_leak,TUBE_LEAK,434.86,1392.6,128.2,539.3,1948.7,-166.1,-0.0898,168.41,1,0
2026-01-01T01:52:52Z,tube_leak,TUBE_LEAK,436.18,1390.7,126.92,539.6,1945.4,-155.8,-0.0886,168.23,1,0
2026-01-01T01:52:53Z,tube_leak,TUBE_LEAK,429.33,1394.5,128.73,539.5,1946.9,-145.0,-0.0894,167.83,1,0
2026-01-01T01:52:54Z,tube_leak,TUBE_LEAK,434.4,1391.8,127.43,539.1,1948.8,-161.5,-0.0909,168.18,1,0
2026-01-01T01:52:55Z,tube_leak,TUBE_LEAK,435.21,1393.1,127.84,542.6,1949.1,-157.9,-0.0899,169.95,1,0
2026-01-01T01:52:56Z,tube_leak,TUBE_LEAK,429.84,1391.5,127.23,540.3,1942.5,-158.0,-0.0917,168.26,1,0
2026-01-01T01:52:57Z,tube_leak,TUBE_LEAK,432.07,1391.9,127.7,540.6,1947.9,-159.9,-0.0896,166.24,1,0
2026-01-01T01:52:58Z,tube_leak,TUBE_LEAK,434.96,1393.0,127.51,541.0,1940.2,-161.3,-0.0895,165.52,1,0
2026-01-01T01:52:59Z,tube_leak,TUBE_LEAK,433.26,1390.5,128.51,540.3,1946.4,-157.9,-0.0891,166.97,1,0
2026-01-01T01:53:00Z,tube_leak,TUBE_LEAK,437.67,1391.7,127.71,539.6,1951.5,-154.7,-0.0898,165.69,1,0
2026-01-01T01:53:01Z,tube_leak,TUBE_LEAK,434.45,1391.6,127.27,538.2,1951.5,-164.6,-0.0897,168.42,1,0
2026-01-01T01:53:02Z,tube_leak,TUBE_LEAK,439.34,1392.5,128.68,539.3,1947.6,-158.5,-0.0907,168.25,1,0
2026-01-01T01:53:03Z,tube_leak,TUBE_LEAK,429.94,1387.0,129.0,539.8,1951.4,-166.9,-0.0892,166.55,1,0
2026-01-01T01:53:04Z,tube_leak,TUBE_LEAK,432.1,1392.8,127.75,539.0,1945.1,-158.7,-0.0909,169.33,1,0
2026-01-01T01:53:05Z,tube_leak,TUBE_LEAK,437.03,1392.2,127.8,540.3,1950.2,-157.0,-0.0907,167.91,1,0
2026-01-01T01:53:06Z,tube_leak,TUBE_LEAK,433.08,1393.5,128.09,541.0,1948.9,-165.0,-0.0887,167.28,1,0
2026-01-01T01:53:07Z,tube_leak,TUBE_LEAK,435.06,1390.6,127.35,538.8,1951.1,-169.6,-0.0899,167.81,1,0
2026-01-01T01:53:08Z,tube_leak,TUBE_LEAK,434.11,1395.3,128.3,540.4,1942.2,-167.5,-0.0917,166.69,1,0
2026-01-01T01:53:09Z,tube_leak,TUBE_LEAK,436.74,1391.0,127.37,539.7,1948.4,-163.4,-0.0904,165.28,1,0
2026-01-01T01:53:10Z,tube_leak,TUBE_LEAK,436.52,1392.8,127.72,540.9,1947.2,-168.7,-0.0901,165.83,1,0
2026-01-01T01:53:11Z,tube_leak,TUBE_LEAK,432.31,1389.7,127.97,540.1,1949.5,-157.6,-0.0893,166.27,1,0
2026-01-01T01:53:12Z,tube_leak,TUBE_LEAK,431.17,1389.2,128.31,540.3,1951.3,-159.6,-0.0885,166.09,1,0
2026-01-01T01:53:13Z,tube_leak,TUBE_LEAK,434.16,1389.1,128.12,539.8,1948.3,-165.6,-0.0904,168.84,1,0
2026-01-01T01:53:14Z,tube_leak,TUBE_LEAK,435.92,1391.6,128.04,540.6,1952.8,-152.4,-0.0909,168.03,1,0
2026-01-01T01:53:15Z,tube_leak,TUBE_LEAK,434.3,1393.4,128.46,538.5,1947.6,-160.8,-0.0915,167.01,1,0
2026-01-01T01:53:16Z,tube_leak,TUBE_LEAK,434.61,1390.6,128.0,540.7,1949.1,-154.7,-0.0916,167.94,1,0
2026-01-01T01:53:17Z,tube_leak,TUBE_LEAK,440.91,1391.1,127.65,540.5,1951.1,-161.5,-0.0902,167.12,1,0
2026-01-01T01:53:18Z,tube_leak,TUBE_LEAK,434.43,1393.8,128.17,539.8,1947.5,-163.8,-0.0896,167.78,1,0
2026-01-01T01:53:19Z,tube_leak,TUBE_LEAK,437.25,1392.9,128.65,539.6,1947.9,-162.4,-0.0883,166.93,1,0
2026-01-01T01:53:20Z,tube_leak,TUBE_LEAK,437.31,1396.2,128.64,540.5,1948.6,-166.6,-0.0892,166.99,1,0
2026-01-01T01:53:21Z,tube_leak,TUBE_LEAK,431.62,1386.6,128.18,541.4,1955.1,-157.2,-0.0885,167.84,1,0
2026-01-01T01:53:22Z,tube_leak,TUBE_LEAK,432.55,1390.6,128.05,540.1,1949.7,-157.6,-0.0896,166.08,1,0
2026-01-01T01:53:23Z,tube_leak,TUBE_LEAK,437.75,1390.0,128.17,539.2,1948.6,-166.0,-0.0899,167.06,1,0
2026-01-01T01:53:24Z,tube_leak,TUBE_LEAK,436.66,1390.9,128.43,540.8,1946.3,-161.0,-0.0893,167.2,1,0
2026-01-01T01:53:25Z,tube_leak,TUBE_LEAK,433.47,1394.0,128.43,541.0,1947.1,-151.4,-0.0913,167.47,1,0
2026-01-01T01:53:26Z,tube_leak,TUBE_LEAK,432.09,1392.4,128.37,541.1,1944.5,-160.3,-0.0888,168.14,1,0
2026-01-01T01:53:27Z,tube_leak,TUBE_LEAK,431.12,1395.1,127.82,539.7,1948.2,-156.4,-0.0914,166.53,1,0
2026-01-01T01:53:28Z,tube_leak,TUBE_LEAK,434.56,1390.8,129.27,539.3,1949.4,-160.7,-0.09,166.9,1,0
2026-01-01T01:53:29Z,tube_leak,TUBE_LEAK,435.82,1391.1,128.65,540.4,1947.7,-158.5,-0.0885,166.63,1,0
2026-01-01T01:53:30Z,tube_leak,TUBE_LEAK,432.16,1393.2,127.96,540.4,1943.7,-162.6,-0.091,167.69,1,0
2026-01-01T01:53:31Z,tube_leak,TUBE_LEAK,433.55,1389.8,127.34,540.8,1952.6,-163.2,-0.0906,167.72,1,0
2026-01-01T01:53:32Z,tube_leak,TUBE_LEAK,436.25,1391.7,128.29,539.4,1949.2,-165.8,-0.0897,166.26,1,0
2026-01-01T01:53:33Z,tube_leak,TUBE_LEAK,440.19,1394.6,127.6,538.1,1953.2,-156.9,-0.0924,167.06,1,0
2026-01-01T01:53:34Z,tube_leak,TUBE_LEAK,433.13,1394.2,128.07,540.3,1948.0,-157.9,-0.0905,167.78,1,0
2026-01-01T01:53:35Z,tube_leak,TUBE_LEAK,437.82,1388.4,127.88,540.5,1949.8,-165.7,-0.0897,167.52,1,0
2026-01-01T01:53:36Z,tube_leak,TUBE_LEAK,432.99,1390.7,128.47,540.1,1948.2,-159.5,-0.0893,166.48,1,0
2026-01-01T01:53:37Z,tube_leak,TUBE_LEAK,432.93,1389.9,126.92,543.7,1942.2,-158.2,-0.0896,167.21,1,0
2026-01-01T01:53:38Z,tube_leak,TUBE_LEAK,436.94,1392.5,128.03,540.2,1945.6,-160.8,-0.091,167.19,1,0
2026-01-01T01:53:39Z,tube_leak,TUBE_LEAK,437.23,1391.1,128.54,541.7,1946.5,-160.5,-0.0895,167.96,1,0
2026-01-01T01:53:40Z,tube_leak,TUBE_LEAK,436.13,1394.4,128.29,540.2,1949.7,-160.8,-0.0911,167.62,1,0
2026-01-01T01:53:41Z,tube_leak,TUBE_LEAK,436.82,1392.3,128.14,541.2,1950.5,-151.4,-0.0893,166.65,1,0
2026-01-01T01:53:42Z,tube_leak,TUBE_LEAK,431.35,1392.6,127.95,538.1,1944.4,-152.2,-0.0881,166.01,1,0
2026-01-01T01:53:43Z,tube_leak,TUBE_LEAK,437.17,1390.3,128.81,542.8,1950.2,-163.1,-0.0906,168.06,1,0
2026-01-01T01:53:44Z,tube_leak,TUBE_LEAK,433.9,1393.4,128.15,539.2,1952.8,-164.2,-0.0907,166.53,1,0
2026-01-01T01:53:45Z,tube_leak,TUBE_LEAK,436.25,1393.4,127.75,540.7,1948.2,-167.2,-0.0911,166.33,1,0
2026-01-01T01:53:46Z,tube_leak,TUBE_LEAK,435.6,1393.4,127.99,540.2,1949.5,-160.9,-0.0911,165.55,1,0
2026-01-01T01:53:47Z,tube_leak,TUBE_LEAK,432.7,1394.9,127.53,540.0,1946.0,-160.4,-0.0911,169.11,1,0
2026-01-01T01:53:48Z,tube_leak,TUBE_LEAK,431.93,1393.2,127.39,541.5,1946.3,-167.0,-0.0911,166.71,1,0
2026-01-01T01:53:49Z,tube_leak,TUBE_LEAK,430.07,1388.6,127.52,538.6,1949.3,-165.4,-0.0898,168.13,1,0
2026-01-01T01:53:50Z,tube_leak,TUBE_LEAK,438.37,1397.4,127.75,539.6,1944.0,-161.6,-0.0894,166.76,1,0
2026-01-01T01:53:51Z,tube_leak,TUBE_LEAK,435.37,1390.2,127.46,538.4,1949.1,-160.4,-0.0909,167.29,1,0
2026-01-01T01:53:52Z,tube_leak,TUBE_LEAK,432.98,1391.5,127.08,540.0,1946.0,-169.1,-0.0892,168.58,1,0
2026-01-01T01:53:53Z,tube_leak,TUBE_LEAK,439.53,1393.6,128.79,539.5,1947.9,-158.8,-0.0896,168.37,1,0
2026-01-01T01:53:54Z,tube_leak,TUBE_LEAK,436.06,1391.7,127.35,540.6,1953.5,-157.8,-0.0889,167.75,1,0
2026-01-01T01:53:55Z,tube_leak,TUBE_LEAK,439.75,1389.4,127.99,540.1,1951.1,-167.9,-0.0895,166.1,1,0
2026-01-01T01:53:56Z,tube_leak,TUBE_LEAK,434.22,1391.3,128.79,540.3,1948.2,-168.6,-0.0893,166.62,1,0
2026-01-01T01:53:57Z,tube_leak,TUBE_LEAK,435.25,1395.8,127.92,539.0,1950.1,-155.7,-0.0897,169.14,1,0
2026-01-01T01:53:58Z,tube_leak,TUBE_LEAK,437.58,1389.2,128.29,539.3,1955.6,-151.5,-0.088,169.59,1,0
2026-01-01T01:53:59Z,tube_leak,TUBE_LEAK,436.1,1390.3,128.33,537.8,1954.9,-144.2,-0.0889,166.62,1,0
2026-01-01T01:54:00Z,tube_leak,TUBE_LEAK,436.29,1392.3,127.48,539.5,1947.3,-169.5,-0.0894,167.84,1,0
2026-01-01T01:54:01Z,tube_leak,TUBE_LEAK,435.74,1392.1,128.35,540.9,1948.8,-160.8,-0.0906,166.3,1,0
2026-01-01T01:54:02Z,tube_leak,TUBE_LEAK,432.5,1394.1,128.6,539.9,1948.7,-157.3,-0.0899,167.88,1,0
2026-01-01T01:54:03Z,tube_leak,TUBE_LEAK,431.53,1390.9,127.92,539.4,1947.1,-158.7,-0.0909,166.47,1,0
2026-01-01T01:54:04Z,tube_leak,TUBE_LEAK,437.72,1389.7,127.86,540.9,1949.5,-149.5,-0.0901,168.28,1,0
2026-01-01T01:54:05Z,tube_leak,TUBE_LEAK,431.72,1392.5,128.28,541.3,1944.2,-155.6,-0.0892,165.68,1,0
2026-01-01T01:54:06Z,tube_leak,TUBE_LEAK,431.35,1389.3,128.27,540.7,1951.5,-168.4,-0.0895,165.91,1,0
2026-01-01T01:54:07Z,tube_leak,TUBE_LEAK,430.69,1392.8,128.39,538.1,1950.6,-152.4,-0.0893,167.52,1,0
2026-01-01T01:54:08Z,tube_leak,TUBE_LEAK,432.73,1390.2,127.58,541.0,1953.7,-164.6,-0.0904,166.35,1,0
2026-01-01T01:54:09Z,tube_leak,TUBE_LEAK,434.53,1393.4,127.49,538.1,1951.0,-147.0,-0.0901,167.36,1,0
2026-01-01T01:54:10Z,tube_leak,TUBE_LEAK,433.61,1391.1,128.62,540.2,1950.2,-168.6,-0.0899,167.9,1,0
2026-01-01T01:54:11Z,tube_leak,TUBE_LEAK,436.57,1393.1,127.52,540.1,1945.4,-162.7,-0.0904,167.62,1,0
2026-01-01T01:54:12Z,tube_leak,TUBE_LEAK,433.5,1392.7,127.18,539.9,1950.9,-161.2,-0.0894,167.73,1,0
2026-01-01T01:54:13Z,tube_leak,TUBE_LEAK,440.18,1389.9,127.62,539.1,1947.3,-156.0,-0.0898,166.93,1,0
2026-01-01T01:54:14Z,tube_leak,TUBE_LEAK,435.18,1393.1,127.58,539.0,1949.9,-160.9,-0.0886,167.0,1,0
2026-01-01T01:54:15Z,tube_leak,TUBE_LEAK,433.06,1391.1,127.02,539.8,1950.9,-159.4,-0.0897,166.99,1,0
2026-01-01T01:54:16Z,tube_leak,TUBE_LEAK,432.87,1392.2,128.08,540.9,1950.4,-156.7,-0.0893,165.78,1,0
2026-01-01T01:54:17Z,tube_leak,TUBE_LEAK,436.21,1396.3,127.81,538.3,1947.0,-160.8,-0.0895,169.42,1,0
2026-01-01T01:54:18Z,tube_leak,TUBE_LEAK,435.55,1393.3,128.15,540.4,1952.6,-157.5,-0.0899,169.54,1,0
2026-01-01T01:54:19Z,tube_leak,TUBE_LEAK,431.19,1392.4,128.48,540.2,1947.3,-156.3,-0.0896,168.34,1,0
2026-01-01T01:54:20Z,tube_leak,TUBE_LEAK,436.35,1391.5,127.93,539.3,1950.2,-159.6,-0.0905,168.12,1,0
2026-01-01T01:54:21Z,tube_leak,TUBE_LEAK,434.46,1391.9,127.65,541.3,1950.6,-158.0,-0.0916,167.31,1,0
2026-01-01T01:54:22Z,tube_leak,TUBE_LEAK,432.15,1392.4,128.06,539.2,1945.3,-163.1,-0.09,168.28,1,0
2026-01-01T01:54:23Z,tube_leak,TUBE_LEAK,438.09,1391.9,128.67,539.5,1953.7,-165.8,-0.0903,165.63,1,0
2026-01-01T01:54:24Z,tube_leak,TUBE_LEAK,437.6,1394.7,127.14,541.2,1947.4,-173.0,-0.0894,167.87,1,0
2026-01-01T01:54:25Z,tube_leak,TUBE_LEAK,434.89,1393.3,127.91,538.9,1951.3,-152.5,-0.0907,168.98,1,0
2026-01-01T01:54:26Z,tube_leak,TUBE_LEAK,435.0,1390.0,127.84,541.2,1950.0,-161.4,-0.0893,166.83,1,0
2026-01-01T01:54:27Z,tube_leak,TUBE_LEAK,438.66,1391.6,128.17,540.0,1946.6,-158.8,-0.0889,168.73,1,0
2026-01-01T01:54:28Z,tube_leak,TUBE_LEAK,430.48,1387.3,128.36,541.8,1947.4,-158.6,-0.091,166.31,1,0
2026-01-01T01:54:29Z,tube_leak,TUBE_LEAK,434.24,1391.3,128.84,540.0,1953.3,-164.1,-0.0908,167.76,1,0
2026-01-01T01:54:30Z,tube_leak,TUBE_LEAK,432.69,1392.6,127.39,541.7,1946.4,-165.5,-0.0898,167.47,1,0
2026-01-01T01:54:31Z,tube_leak,TUBE_LEAK,433.53,1392.6,128.14,541.9,1949.7,-164.9,-0.0896,166.93,1,0
2026-01-01T01:54:32Z,tube_leak,TUBE_LEAK,435.07,1390.6,128.17,540.3,1948.0,-159.0,-0.0881,168.21,1,0
2026-01-01T01:54:33Z,tube_leak,TUBE_LEAK,433.26,1390.9,128.03,540.2,1951.2,-152.7,-0.092,166.96,1,0
2026-01-01T01:54:34Z,tube_leak,TUBE_LEAK,435.38,1393.4,128.48,540.3,1946.1,-171.1,-0.0911,167.5,1,0
2026-01-01T01:54:35Z,tube_leak,TUBE_LEAK,433.61,1389.5,127.54,540.7,1948.0,-157.5,-0.091,168.19,1,0
2026-01-01T01:54:36Z,tube_leak,TUBE_LEAK,434.55,1393.2,128.33,538.8,1950.6,-168.2,-0.0913,166.33,1,0
2026-01-01T01:54:37Z,tube_leak,TUBE_LEAK,434.34,1390.8,128.58,539.3,1950.9,-163.5,-0.0917,167.75,1,0
2026-01-01T01:54:38Z,tube_leak,TUBE_LEAK,437.19,1391.3,127.34,538.7,1947.3,-155.7,-0.0895,165.91,1,0
2026-01-01T01:54:39Z,tube_leak,TUBE_LEAK,434.0,1395.0,127.18,540.9,1947.6,-159.4,-0.0913,167.26,1,0
2026-01-01T01:54:40Z,tube_leak,TUBE_LEAK,434.08,1391.1,127.52,540.6,1951.5,-157.2,-0.0909,166.96,1,0
2026-01-01T01:54:41Z,tube_leak,TUBE_LEAK,433.51,1392.5,128.49,541.2,1946.1,-165.7,-0.0874,165.95,1,0
2026-01-01T01:54:42Z,tube_leak,TUBE_LEAK,431.14,1390.0,127.83,541.1,1948.7,-161.1,-0.0901,168.18,1,0
2026-01-01T01:54:43Z,tube_leak,TUBE_LEAK,436.03,1397.0,127.94,539.0,1949.5,-165.4,-0.0891,168.11,1,0
2026-01-01T01:54:44Z,tube_leak,TUBE_LEAK,433.62,1392.3,128.15,539.3,1943.3,-154.1,-0.09,166.77,1,0
2026-01-01T01:54:45Z,tube_leak,TUBE_LEAK,437.72,1392.5,126.8,539.5,1949.3,-156.6,-0.0898,165.88,1,0
2026-01-01T01:54:46Z,tube_leak,TUBE_LEAK,434.13,1391.6,127.16,540.0,1947.3,-164.1,-0.0912,168.16,1,0
2026-01-01T01:54:47Z,tube_leak,TUBE_LEAK,437.64,1393.1,126.98,540.6,1951.2,-157.0,-0.0919,169.23,1,0
2026-01-01T01:54:48Z,tube_leak,TUBE_LEAK,432.45,1391.0,128.15,541.6,1949.5,-158.9,-0.089,166.0,1,0
2026-01-01T01:54:49Z,tube_leak,TUBE_LEAK,433.19,1390.3,127.74,541.7,1946.5,-157.6,-0.0897,167.46,1,0
2026-01-01T01:54:50Z,tube_leak,TUBE_LEAK,434.05,1394.7,127.94,541.7,1949.1,-166.7,-0.0917,166.47,1,0
2026-01-01T01:54:51Z,tube_leak,TUBE_LEAK,428.52,1395.8,128.13,539.6,1952.5,-167.9,-0.0887,166.62,1,0
2026-01-01T01:54:52Z,tube_leak,TUBE_LEAK,434.44,1391.6,127.02,540.7,1950.8,-156.3,-0.089,167.42,1,0
2026-01-01T01:54:53Z,tube_leak,TUBE_LEAK,431.89,1388.7,127.94,538.8,1949.8,-163.2,-0.0905,167.99,1,0
2026-01-01T01:54:54Z,tube_leak,TUBE_LEAK,433.03,1393.6,127.92,540.1,1949.7,-164.5,-0.0899,167.48,1,0
2026-01-01T01:54:55Z,tube_leak,TUBE_LEAK,433.85,1391.6,128.2,541.1,1949.6,-166.4,-0.0891,168.11,1,0
2026-01-01T01:54:56Z,tube_leak,TUBE_LEAK,438.84,1390.2,127.97,539.9,1953.1,-160.6,-0.0924,165.81,1,0
2026-01-01T01:54:57Z,tube_leak,TUBE_LEAK,431.44,1392.3,127.48,539.4,1948.1,-167.5,-0.0891,168.32,1,0
2026-01-01T01:54:58Z,tube_leak,TUBE_LEAK,432.26,1394.2,127.67,540.4,1951.7,-164.1,-0.0879,167.52,1,0
2026-01-01T01:54:59Z,tube_leak,TUBE_LEAK,433.7,1391.6,128.26,539.6,1947.0,-150.9,-0.0924,168.57,1,0
2026-01-01T01:55:00Z,tube_leak,TUBE_LEAK,434.06,1392.5,127.85,539.1,1946.0,-157.9,-0.0896,168.4,1,0
2026-01-01T01:55:01Z,tube_leak,TUBE_LEAK,439.52,1391.4,127.89,540.7,1949.6,-163.1,-0.09,166.85,1,0
2026-01-01T01:55:02Z,tube_leak,TUBE_LEAK,438.73,1391.7,127.89,540.0,1947.5,-161.2,-0.0897,165.4,1,0
2026-01-01T01:55:03Z,tube_leak,TUBE_LEAK,437.25,1393.0,127.98,541.3,1941.1,-155.6,-0.0903,168.51,1,0
2026-01-01T01:55:04Z,tube_leak,TUBE_LEAK,436.7,1389.8,129.18,539.3,1946.8,-166.8,-0.0898,167.32,1,0
2026-01-01T01:55:05Z,tube_leak,TUBE_LEAK,435.84,1390.4,127.85,540.1,1946.5,-163.7,-0.0894,166.67,1,0
2026-01-01T01:55:06Z,tube_leak,TUBE_LEAK,434.35,1393.0,128.53,539.7,1946.9,-162.1,-0.0912,167.69,1,0
2026-01-01T01:55:07Z,tube_leak,TUBE_LEAK,435.54,1391.3,127.44,540.5,1942.6,-159.4,-0.0882,169.06,1,0
2026-01-01T01:55:08Z,tube_leak,TUBE_LEAK,436.0,1392.1,127.47,540.4,1943.0,-153.1,-0.0894,167.66,1,0
2026-01-01T01:55:09Z,tube_leak,TUBE_LEAK,438.6,1392.2,128.0,541.6,1948.2,-157.5,-0.0905,167.44,1,0
2026-01-01T01:55:10Z,tube_leak,TUBE_LEAK,434.12,1393.1,128.42,540.2,1950.0,-156.7,-0.0908,168.81,1,0
2026-01-01T01:55:11Z,tube_leak,TUBE_LEAK,436.37,1394.6,128.62,541.7,1951.6,-159.3,-0.0886,167.47,1,0
2026-01-01T01:55:12Z,tube_leak,TUBE_LEAK,436.88,1392.3,128.28,540.3,1949.4,-164.4,-0.0905,168.2,1,0
2026-01-01T01:55:13Z,tube_leak,TUBE_LEAK,433.95,1394.0,127.6,540.7,1947.2,-162.3,-0.0904,168.76,1,0
2026-01-01T01:55:14Z,tube_leak,TUBE_LEAK,432.91,1395.4,127.82,539.5,1952.9,-150.8,-0.0897,166.58,1,0
2026-01-01T01:55:15Z,tube_leak,TUBE_LEAK,436.42,1391.8,128.72,539.7,1951.1,-150.0,-0.0902,168.12,1,0
2026-01-01T01:55:16Z,tube_leak,TUBE_LEAK,436.15,1392.1,128.03,540.6,1945.9,-160.0,-0.0914,167.23,1,0
2026-01-01T01:55:17Z,tube_leak,TUBE_LEAK,431.76,1392.8,126.47,538.2,1945.4,-156.7,-0.09,166.98,1,0
2026-01-01T01:55:18Z,tube_leak,TUBE_LEAK,433.38,1391.4,128.11,539.7,1948.6,-153.4,-0.0915,167.52,1,0
2026-01-01T01:55:19Z,tube_leak,TUBE_LEAK,435.43,1394.1,126.89,541.2,1956.0,-155.8,-0.0905,165.4,1,0
2026-01-01T01:55:20Z,tube_leak,TUBE_LEAK,432.88,1392.4,128.29,539.7,1952.3,-155.8,-0.0919,167.95,1,0
2026-01-01T01:55:21Z,tube_leak,TUBE_LEAK,434.49,1391.6,128.27,541.4,1948.7,-164.5,-0.0902,166.31,1,0
2026-01-01T01:55:22Z,tube_leak,TUBE_LEAK,436.13,1390.4,127.95,539.2,1951.2,-151.4,-0.0924,168.21,1,0
2026-01-01T01:55:23Z,tube_leak,TUBE_LEAK,435.52,1395.3,127.18,540.4,1946.6,-159.9,-0.092,167.3,1,0
2026-01-01T01:55:24Z,tube_leak,TUBE_LEAK,434.98,1392.9,127.55,538.4,1952.1,-150.6,-0.0898,166.45,1,0
2026-01-01T01:55:25Z,tube_leak,TUBE_LEAK,432.67,1387.6,128.54,539.1,1949.1,-159.6,-0.09,168.01,1,0
2026-01-01T01:55:26Z,tube_leak,TUBE_LEAK,435.38,1393.1,129.05,540.2,1947.3,-167.2,-0.0891,167.35,1,0
2026-01-01T01:55:27Z,tube_leak,TUBE_LEAK,432.27,1394.2,127.59,537.8,1948.6,-154.2,-0.0893,167.77,1,0
2026-01-01T01:55:28Z,tube_leak,TUBE_LEAK,438.37,1388.7,128.38,540.3,1946.9,-164.0,-0.0908,169.44,1,0
2026-01-01T01:55:29Z,tube_leak,TUBE_LEAK,435.74,1395.1,128.61,540.7,1953.6,-153.5,-0.0879,168.45,1,0
2026-01-01T01:55:30Z,tube_leak,TUBE_LEAK,436.03,1391.1,128.04,540.5,1945.4,-163.2,-0.0884,169.8,1,0
2026-01-01T01:55:31Z,tube_leak,TUBE_LEAK,436.44,1389.1,128.56,539.9,1951.3,-158.7,-0.0904,165.95,1,0
2026-01-01T01:55:32Z,tube_leak,TUBE_LEAK,437.18,1392.4,126.92,541.9,1951.1,-156.2,-0.0908,167.53,1,0
2026-01-01T01:55:33Z,tube_leak,TUBE_LEAK,431.32,1394.4,127.55,540.1,1955.5,-149.9,-0.0897,168.07,1,0
2026-01-01T01:55:34Z,tube_leak,TUBE_LEAK,433.62,1387.7,128.74,538.2,1950.7,-168.9,-0.088,166.52,1,0
2026-01-01T01:55:35Z,tube_leak,TUBE_LEAK,431.61,1391.1,127.77,539.7,1947.9,-160.0,-0.0898,167.8,1,0
2026-01-01T01:55:36Z,tube_leak,TUBE_LEAK,435.82,1396.1,128.73,540.3,1949.0,-161.4,-0.0907,166.51,1,0
2026-01-01T01:55:37Z,tube_leak,TUBE_LEAK,437.88,1391.6,127.76,539.6,1945.8,-156.8,-0.0897,168.22,1,0
2026-01-01T01:55:38Z,tube_leak,TUBE_LEAK,437.33,1393.8,128.32,538.8,1944.2,-174.7,-0.0909,167.27,1,0
2026-01-01T01:55:39Z,tube_leak,TUBE_LEAK,432.17,1391.4,127.95,539.5,1949.5,-160.8,-0.0889,167.09,1,0
2026-01-01T01:55:40Z,tube_leak,TUBE_LEAK,429.11,1394.4,127.87,538.8,1945.9,-158.1,-0.0888,166.37,1,0
2026-01-01T01:55:41Z,tube_leak,TUBE_LEAK,439.09,1391.5,128.64,541.4,1955.8,-160.6,-0.0917,166.17,1,0
2026-01-01T01:55:42Z,tube_leak,TUBE_LEAK,438.96,1390.5,128.14,540.4,1954.2,-157.9,-0.09,166.79,1,0
2026-01-01T01:55:43Z,tube_leak,TUBE_LEAK,434.03,1392.6,127.63,540.7,1947.9,-167.4,-0.0913,166.38,1,0
2026-01-01T01:55:44Z,tube_leak,TUBE_LEAK,435.24,1392.8,128.94,540.0,1945.5,-164.4,-0.0905,166.36,1,0
2026-01-01T01:55:45Z,tube_leak,TUBE_LEAK,436.52,1392.1,128.16,541.4,1947.9,-157.2,-0.091,167.78,1,0
2026-01-01T01:55:46Z,tube_leak,TUBE_LEAK,434.12,1390.3,128.14,539.9,1946.1,-160.0,-0.092,166.95,1,0
2026-01-01T01:55:47Z,tube_leak,TUBE_LEAK,431.03,1389.7,129.14,539.3,1949.7,-169.8,-0.0902,167.68,1,0
2026-01-01T01:55:48Z,tube_leak,TUBE_LEAK,435.27,1395.5,127.39,540.2,1952.6,-161.6,-0.0903,168.86,1,0
2026-01-01T01:55:49Z,tube_leak,TUBE_LEAK,429.95,1390.8,128.11,538.1,1947.5,-158.3,-0.0913,168.56,1,0
2026-01-01T01:55:50Z,tube_leak,TUBE_LEAK,438.47,1392.6,127.87,539.8,1948.1,-162.4,-0.0888,167.29,1,0
2026-01-01T01:55:51Z,tube_leak,TUBE_LEAK,433.81,1391.1,128.86,540.0,1946.9,-159.3,-0.0921,167.04,1,0
2026-01-01T01:55:52Z,tube_leak,TUBE_LEAK,436.62,1390.8,129.31,540.3,1949.2,-156.7,-0.0917,168.89,1,0
2026-01-01T01:55:53Z,tube_leak,TUBE_LEAK,432.82,1392.6,127.4,539.5,1946.5,-155.0,-0.0886,168.51,1,0
2026-01-01T01:55:54Z,tube_leak,TUBE_LEAK,438.56,1390.8,127.8,539.8,1949.3,-155.2,-0.0895,167.21,1,0
2026-01-01T01:55:55Z,tube_leak,TUBE_LEAK,432.37,1394.6,127.61,540.0,1943.5,-171.5,-0.0883,167.66,1,0
2026-01-01T01:55:56Z,tube_leak,TUBE_LEAK,432.45,1393.1,128.1,540.4,1948.1,-162.1,-0.0901,165.78,1,0
2026-01-01T01:55:57Z,tube_leak,TUBE_LEAK,436.86,1391.2,127.9,541.4,1946.0,-160.4,-0.0895,168.14,1,0
2026-01-01T01:55:58Z,tube_leak,TUBE_LEAK,434.18,1392.4,127.92,539.7,1949.5,-161.9,-0.0895,167.49,1,0
2026-01-01T01:55:59Z,tube_leak,TUBE_LEAK,437.22,1390.5,127.28,539.2,1949.6,-148.2,-0.0906,166.8,1,0
2026-01-01T01:56:00Z,tube_leak,TUBE_LEAK,436.76,1393.0,128.48,539.7,1943.1,-156.7,-0.0896,168.23,1,0
2026-01-01T01:56:01Z,tube_leak,TUBE_LEAK,435.07,1393.3,127.81,539.2,1947.4,-148.9,-0.0897,167.71,1,0
2026-01-01T01:56:02Z,tube_leak,TUBE_LEAK,429.16,1390.3,129.53,539.3,1950.3,-162.3,-0.0905,166.76,1,0
2026-01-01T01:56:03Z,tube_leak,TUBE_LEAK,433.38,1392.9,127.92,540.2,1949.1,-159.3,-0.0898,169.68,1,0
2026-01-01T01:56:04Z,tube_leak,TUBE_LEAK,432.37,1391.6,128.37,539.2,1946.1,-158.2,-0.0911,168.29,1,0
2026-01-01T01:56:05Z,tube_leak,TUBE_LEAK,436.07,1389.8,127.76,539.1,1951.8,-142.5,-0.0892,167.65,1,0
2026-01-01T01:56:06Z,tube_leak,TUBE_LEAK,434.9,1390.0,128.17,539.4,1953.6,-167.1,-0.09,167.43,1,0
2026-01-01T01:56:07Z,tube_leak,TUBE_LEAK,429.03,1391.2,128.07,539.7,1948.3,-157.7,-0.0921,167.28,1,0
2026-01-01T01:56:08Z,tube_leak,TUBE_LEAK,438.3,1393.0,128.4,541.3,1949.4,-153.1,-0.0901,168.46,1,0
2026-01-01T01:56:09Z,tube_leak,TUBE_LEAK,433.24,1391.7,127.74,541.4,1947.5,-158.1,-0.0898,166.29,1,0
2026-01-01T01:56:10Z,tube_leak,TUBE_LEAK,433.45,1391.9,128.25,540.6,1949.8,-155.1,-0.0918,166.63,1,0
2026-01-01T01:56:11Z,tube_leak,TUBE_LEAK,433.84,1386.7,127.64,538.7,1941.5,-159.3,-0.09,168.06,1,0
2026-01-01T01:56:12Z,tube_leak,TUBE_LEAK,437.21,1390.0,127.85,538.7,1947.5,-163.0,-0.0884,169.33,1,0
2026-01-01T01:56:13Z,tube_leak,TUBE_LEAK,435.86,1391.7,127.43,540.8,1948.7,-159.0,-0.0915,168.59,1,0
2026-01-01T01:56:14Z,tube_leak,TUBE_LEAK,436.61,1393.8,128.1,539.9,1945.7,-154.2,-0.0911,166.48,1,0
2026-01-01T01:56:15Z,tube_leak,TUBE_LEAK,435.51,1392.7,128.33,539.2,1947.1,-161.7,-0.0886,167.18,1,0
2026-01-01T01:56:16Z,tube_leak,TUBE_LEAK,430.87,1391.5,128.25,540.8,1950.5,-161.3,-0.0896,167.02,1,0
2026-01-01T01:56:17Z,tube_leak,TUBE_LEAK,433.39,1391.1,127.61,540.3,1948.1,-156.0,-0.0901,168.3,1,0
2026-01-01T01:56:18Z,tube_leak,TUBE_LEAK,434.09,1390.1,127.63,540.7,1949.5,-161.2,-0.0906,167.9,1,0
2026-01-01T01:56:19Z,tube_leak,TUBE_LEAK,435.42,1391.7,128.3,540.9,1946.5,-156.9,-0.0909,165.1,1,0
2026-01-01T01:56:20Z,tube_leak,TUBE_LEAK,432.52,1394.5,128.32,540.3,1947.3,-168.0,-0.0898,168.27,1,0
2026-01-01T01:56:21Z,tube_leak,TUBE_LEAK,431.84,1394.5,127.72,539.6,1945.4,-159.0,-0.0898,166.65,1,0
2026-01-01T01:56:22Z,tube_leak,TUBE_LEAK,434.84,1387.8,128.29,541.0,1949.0,-161.9,-0.0892,166.26,1,0
2026-01-01T01:56:23Z,tube_leak,TUBE_LEAK,432.28,1389.4,128.23,539.9,1948.9,-165.9,-0.0904,167.69,1,0
2026-01-01T01:56:24Z,tube_leak,TUBE_LEAK,434.27,1395.1,127.27,538.8,1944.8,-158.4,-0.0907,166.99,1,0
2026-01-01T01:56:25Z,tube_leak,TUBE_LEAK,439.79,1391.8,128.39,540.4,1950.7,-164.1,-0.0906,167.28,1,0
2026-01-01T01:56:26Z,tube_leak,TUBE_LEAK,432.55,1392.5,128.06,540.1,1952.1,-163.3,-0.0928,167.98,1,0
2026-01-01T01:56:27Z,tube_leak,TUBE_LEAK,437.75,1394.8,128.55,539.5,1948.7,-158.1,-0.0904,167.88,1,0
2026-01-01T01:56:28Z,tube_leak,TUBE_LEAK,429.22,1393.2,127.16,541.4,1945.6,-164.7,-0.0899,165.72,1,0
2026-01-01T01:56:29Z,tube_leak,TUBE_LEAK,432.46,1391.5,127.53,542.1,1951.1,-159.4,-0.0903,167.89,1,0
2026-01-01T01:56:30Z,tube_leak,TUBE_LEAK,437.83,1392.4,127.27,540.8,1945.4,-158.7,-0.0882,169.06,1,0
2026-01-01T01:56:31Z,tube_leak,TUBE_LEAK,434.03,1392.8,128.82,540.2,1947.8,-162.8,-0.0878,169.69,1,0
2026-01-01T01:56:32Z,tube_leak,TUBE_LEAK,431.54,1394.0,127.91,539.7,1950.2,-165.8,-0.0905,168.34,1,0
2026-01-01T01:56:33Z,tube_leak,TUBE_LEAK,436.09,1393.0,127.9,540.7,1948.1,-161.5,-0.0902,167.37,1,0
2026-01-01T01:56:34Z,tube_leak,TUBE_LEAK,432.16,1394.8,128.13,539.4,1943.4,-163.0,-0.0895,167.24,1,0
2026-01-01T01:56:35Z,tube_leak,TUBE_LEAK,435.32,1391.4,128.1,539.7,1951.3,-167.8,-0.0901,165.04,1,0
2026-01-01T01:56:36Z,tube_leak,TUBE_LEAK,434.61,1389.1,128.01,539.8,1948.0,-160.5,-0.0902,168.01,1,0
2026-01-01T01:56:37Z,tube_leak,TUBE_LEAK,434.77,1394.6,128.57,539.7,1946.9,-154.8,-0.0906,167.43,1,0
2026-01-01T01:56:38Z,tube_leak,TUBE_LEAK,439.42,1390.8,128.23,540.2,1944.6,-155.6,-0.0912,168.33,1,0
2026-01-01T01:56:39Z,tube_leak,TUBE_LEAK,439.45,1393.0,127.08,538.5,1951.4,-150.7,-0.0889,168.24,1,0
2026-01-01T01:56:40Z,tube_leak,TUBE_LEAK,430.67,1389.3,128.76,538.7,1943.8,-165.2,-0.0895,166.46,1,0
2026-01-01T01:56:41Z,tube_leak,TUBE_LEAK,438.27,1394.2,128.39,539.5,1948.5,-151.7,-0.0908,165.01,1,0
2026-01-01T01:56:42Z,tube_leak,TUBE_LEAK,436.35,1388.9,128.34,540.3,1950.2,-148.0,-0.0911,168.39,1,0
2026-01-01T01:56:43Z,tube_leak,TUBE_LEAK,435.3,1390.4,128.18,541.1,1948.6,-158.4,-0.0902,168.01,1,0
2026-01-01T01:56:44Z,tube_leak,TUBE_LEAK,437.62,1391.2,127.99,539.2,1947.2,-155.8,-0.0902,165.48,1,0
2026-01-01T01:56:45Z,tube_leak,TUBE_LEAK,436.73,1393.1,127.62,541.0,1951.5,-157.6,-0.0872,167.53,1,0
2026-01-01T01:56:46Z,tube_leak,TUBE_LEAK,434.7,1392.6,127.46,540.4,1948.2,-159.5,-0.0896,164.83,1,0
2026-01-01T01:56:47Z,tube_leak,TUBE_LEAK,431.92,1392.5,127.69,538.8,1952.4,-168.0,-0.0903,168.85,1,0
2026-01-01T01:56:48Z,tube_leak,TUBE_LEAK,435.39,1394.2,128.7,539.2,1951.2,-154.5,-0.0902,165.93,1,0
2026-01-01T01:56:49Z,tube_leak,TUBE_LEAK,440.07,1390.5,128.07,540.5,1945.3,-163.6,-0.0914,166.05,1,0
2026-01-01T01:56:50Z,tube_leak,TUBE_LEAK,433.39,1395.6,128.25,538.3,1950.8,-157.4,-0.0907,168.19,1,0
2026-01-01T01:56:51Z,tube_leak,TUBE_LEAK,429.84,1390.5,127.62,539.8,1949.8,-165.0,-0.0902,168.29,1,0
2026-01-01T01:56:52Z,tube_leak,TUBE_LEAK,435.47,1394.5,127.49,538.2,1948.0,-150.8,-0.0915,168.97,1,0
2026-01-01T01:56:53Z,tube_leak,TUBE_LEAK,433.6,1393.5,127.92,538.0,1949.8,-165.3,-0.0903,167.35,1,0
2026-01-01T01:56:54Z,tube_leak,TUBE_LEAK,432.34,1389.6,127.41,539.4,1947.2,-159.5,-0.088,168.59,1,0
2026-01-01T01:56:55Z,tube_leak,TUBE_LEAK,438.13,1393.5,128.62,541.2,1949.1,-157.1,-0.0926,167.78,1,0
2026-01-01T01:56:56Z,tube_leak,TUBE_LEAK,436.14,1396.1,127.44,540.9,1945.0,-165.9,-0.0927,167.49,1,0
2026-01-01T01:56:57Z,tube_leak,TUBE_LEAK,436.2,1390.0,127.25,539.8,1945.8,-155.6,-0.0924,169.05,1,0
2026-01-01T01:56:58Z,tube_leak,TUBE_LEAK,431.91,1392.0,128.41,538.7,1940.9,-158.5,-0.0901,168.79,1,0
2026-01-01T01:56:59Z,tube_leak,TUBE_LEAK,437.76,1393.8,128.57,539.2,1949.6,-169.4,-0.0886,168.65,1,0
2026-01-01T01:57:00Z,tube_leak,TUBE_LEAK,432.53,1396.5,128.18,539.3,1948.2,-154.9,-0.0898,167.69,1,0
2026-01-01T01:57:01Z,tube_leak,TUBE_LEAK,436.98,1393.2,128.07,539.4,1945.7,-164.6,-0.091,168.03,1,0
2026-01-01T01:57:02Z,tube_leak,TUBE_LEAK,435.38,1389.8,128.77,539.9,1949.9,-163.2,-0.0892,169.1,1,0
2026-01-01T01:57:03Z,tube_leak,TUBE_LEAK,433.76,1392.9,127.82,540.0,1945.7,-156.9,-0.0904,168.46,1,0
2026-01-01T01:57:04Z,tube_leak,TUBE_LEAK,434.04,1392.0,128.11,540.2,1945.3,-157.3,-0.0904,167.09,1,0
2026-01-01T01:57:05Z,tube_leak,TUBE_LEAK,427.57,1393.6,128.65,539.7,1945.7,-166.1,-0.0926,167.99,1,0
2026-01-01T01:57:06Z,tube_leak,TUBE_LEAK,438.11,1393.2,128.33,539.8,1947.0,-165.9,-0.0898,165.96,1,0
2026-01-01T01:57:07Z,tube_leak,TUBE_LEAK,433.64,1396.0,127.64,540.7,1947.4,-159.8,-0.089,167.75,1,0
2026-01-01T01:57:08Z,tube_leak,TUBE_LEAK,434.16,1390.1,128.54,539.3,1949.6,-160.9,-0.0901,168.44,1,0
2026-01-01T01:57:09Z,tube_leak,TUBE_LEAK,433.99,1389.8,127.19,541.2,1947.8,-157.3,-0.0897,167.9,1,0
2026-01-01T01:57:10Z,tube_leak,TUBE_LEAK,434.94,1391.3,128.14,537.7,1946.2,-153.8,-0.0888,166.64,1,0
2026-01-01T01:57:11Z,tube_leak,TUBE_LEAK,434.57,1392.9,127.9,541.4,1952.6,-156.4,-0.0878,167.51,1,0
2026-01-01T01:57:12Z,tube_leak,TUBE_LEAK,435.12,1392.0,127.41,541.1,1943.3,-163.0,-0.0889,169.49,1,0
2026-01-01T01:57:13Z,tube_leak,TUBE_LEAK,439.67,1392.7,127.45,540.5,1943.6,-158.5,-0.0883,167.02,1,0
2026-01-01T01:57:14Z,tube_leak,TUBE_LEAK,437.48,1390.4,128.21,538.7,1949.6,-158.4,-0.0904,167.67,1,0
2026-01-01T01:57:15Z,tube_leak,TUBE_LEAK,435.18,1393.6,127.8,538.9,1951.8,-160.6,-0.0909,168.5,1,0
2026-01-01T01:57:16Z,tube_leak,TUBE_LEAK,439.12,1392.0,127.85,539.7,1947.4,-164.1,-0.0898,167.05,1,0
2026-01-01T01:57:17Z,tube_leak,TUBE_LEAK,435.71,1395.5,127.91,539.4,1956.2,-163.2,-0.0898,167.26,1,0
2026-01-01T01:57:18Z,tube_leak,TUBE_LEAK,434.36,1392.5,128.23,540.1,1951.8,-166.1,-0.0913,169.01,1,0
2026-01-01T01:57:19Z,tube_leak,TUBE_LEAK,439.22,1390.3,127.69,539.5,1942.8,-163.3,-0.0904,167.4,1,0
2026-01-01T01:57:20Z,tube_leak,TUBE_LEAK,434.97,1392.2,127.61,538.5,1951.6,-153.9,-0.091,170.38,1,0
2026-01-01T01:57:21Z,tube_leak,TUBE_LEAK,431.25,1392.6,127.89,540.6,1946.8,-151.7,-0.0905,166.49,1,0
2026-01-01T01:57:22Z,tube_leak,TUBE_LEAK,433.2,1393.6,127.29,541.2,1947.2,-161.9,-0.0895,170.4,1,0
2026-01-01T01:57:23Z,tube_leak,TUBE_LEAK,435.52,1396.7,127.95,539.9,1955.2,-166.1,-0.0916,166.53,1,0
2026-01-01T01:57:24Z,tube_leak,TUBE_LEAK,438.7,1393.7,128.15,540.3,1945.9,-152.4,-0.0907,164.88,1,0
2026-01-01T01:57:25Z,tube_leak,TUBE_LEAK,432.64,1392.5,127.87,540.0,1947.3,-166.9,-0.0902,166.1,1,0
2026-01-01T01:57:26Z,tube_leak,TUBE_LEAK,436.74,1390.0,128.16,539.8,1951.5,-159.5,-0.091,167.41,1,0
2026-01-01T01:57:27Z,tube_leak,TUBE_LEAK,438.76,1389.7,127.83,539.8,1949.2,-160.3,-0.088,169.58,1,0
2026-01-01T01:57:28Z,tube_leak,TUBE_LEAK,437.74,1393.3,127.26,539.1,1950.0,-157.0,-0.0889,168.07,1,0
2026-01-01T01:57:29Z,tube_leak,TUBE_LEAK,436.67,1390.7,127.04,541.2,1949.4,-157.8,-0.0923,167.32,1,0
2026-01-01T01:57:30Z,tube_leak,TUBE_LEAK,434.46,1388.9,128.58,539.7,1949.8,-158.4,-0.0904,166.64,1,0
2026-01-01T01:57:31Z,tube_leak,TUBE_LEAK,440.55,1387.8,127.78,539.5,1950.5,-154.0,-0.0903,166.73,1,0
2026-01-01T01:57:32Z,tube_leak,TUBE_LEAK,435.5,1390.5,127.9,539.0,1954.6,-164.8,-0.0892,166.43,1,0
2026-01-01T01:57:33Z,tube_leak,TUBE_LEAK,435.58,1392.9,128.63,540.4,1951.0,-166.9,-0.0902,168.7,1,0
2026-01-01T01:57:34Z,tube_leak,TUBE_LEAK,436.48,1392.5,128.28,539.8,1949.7,-164.3,-0.0907,167.04,1,0
2026-01-01T01:57:35Z,tube_leak,TUBE_LEAK,435.44,1392.7,128.43,540.8,1948.3,-155.2,-0.0891,167.82,1,0
2026-01-01T01:57:36Z,tube_leak,TUBE_LEAK,434.16,1392.0,127.59,539.0,1954.4,-151.8,-0.0899,167.45,1,0
2026-01-01T01:57:37Z,tube_leak,TUBE_LEAK,433.79,1392.0,127.32,542.2,1948.2,-165.3,-0.0891,170.16,1,0
2026-01-01T01:57:38Z,tube_leak,TUBE_LEAK,435.49,1392.6,129.21,538.0,1944.0,-158.2,-0.0912,168.02,1,0
2026-01-01T01:57:39Z,tube_leak,TUBE_LEAK,433.87,1392.9,127.42,540.2,1951.2,-150.4,-0.0891,166.1,1,0
2026-01-01T01:57:40Z,tube_leak,TUBE_LEAK,435.08,1392.1,127.96,541.1,1944.4,-163.8,-0.092,166.98,1,0
2026-01-01T01:57:41Z,tube_leak,TUBE_LEAK,439.45,1389.7,128.15,539.8,1942.7,-155.8,-0.0904,166.89,1,0
2026-01-01T01:57:42Z,tube_leak,TUBE_LEAK,438.69,1393.0,127.92,539.0,1954.3,-154.0,-0.0918,167.76,1,0
2026-01-01T01:57:43Z,tube_leak,TUBE_LEAK,436.32,1392.4,127.96,540.3,1949.7,-157.4,-0.0893,167.55,1,0
2026-01-01T01:57:44Z,tube_leak,TUBE_LEAK,430.49,1390.8,128.87,540.2,1949.9,-161.0,-0.0904,166.1,1,0
2026-01-01T01:57:45Z,tube_leak,TUBE_LEAK,435.96,1390.7,128.38,538.0,1951.7,-167.3,-0.0898,166.76,1,0
2026-01-01T01:57:46Z,tube_leak,TUBE_LEAK,435.79,1392.4,128.49,539.1,1949.2,-154.3,-0.0899,168.19,1,0
2026-01-01T01:57:47Z,tube_leak,TUBE_LEAK,431.85,1392.6,127.09,539.8,1942.0,-162.1,-0.088,168.45,1,0
2026-01-01T01:57:48Z,tube_leak,TUBE_LEAK,435.71,1391.9,128.23,540.6,1945.8,-159.0,-0.0887,166.48,1,0
2026-01-01T01:57:49Z,tube_leak,TUBE_LEAK,439.11,1392.1,127.26,540.1,1945.7,-158.7,-0.0894,168.4,1,0
2026-01-01T01:57:50Z,tube_leak,TUBE_LEAK,434.36,1392.1,128.46,539.2,1946.8,-156.4,-0.0891,166.04,1,0
2026-01-01T01:57:51Z,tube_leak,TUBE_LEAK,434.32,1391.5,128.38,539.6,1948.4,-158.2,-0.0889,168.58,1,0
2026-01-01T01:57:52Z,tube_leak,TUBE_LEAK,433.64,1390.9,127.3,539.7,1949.3,-162.4,-0.0907,167.1,1,0
2026-01-01T01:57:53Z,tube_leak,TUBE_LEAK,438.51,1391.0,128.11,540.7,1951.0,-152.9,-0.0914,165.44,1,0
2026-01-01T01:57:54Z,tube_leak,TUBE_LEAK,436.47,1387.7,128.61,540.1,1952.0,-152.5,-0.0932,168.64,1,0
2026-01-01T01:57:55Z,tube_leak,TUBE_LEAK,437.88,1390.1,127.93,540.9,1952.4,-156.7,-0.0912,166.19,1,0
2026-01-01T01:57:56Z,tube_leak,TUBE_LEAK,434.98,1389.9,127.77,539.1,1953.8,-159.4,-0.0908,165.79,1,0
2026-01-01T01:57:57Z,tube_leak,TUBE_LEAK,433.44,1394.0,127.41,540.0,1949.1,-154.0,-0.0895,167.44,1,0
2026-01-01T01:57:58Z,tube_leak,TUBE_LEAK,432.46,1392.7,128.05,540.6,1948.2,-154.0,-0.0894,165.99,1,0
2026-01-01T01:57:59Z,tube_leak,TUBE_LEAK,440.61,1392.3,128.82,539.3,1953.5,-149.0,-0.092,167.22,1,0
2026-01-01T01:58:00Z,tube_leak,TUBE_LEAK,430.68,1392.4,127.86,541.3,1950.1,-160.2,-0.0904,167.32,1,0
2026-01-01T01:58:01Z,tube_leak,TUBE_LEAK,440.09,1391.2,127.75,538.6,1951.0,-158.2,-0.089,168.39,1,0
2026-01-01T01:58:02Z,tube_leak,TUBE_LEAK,431.47,1392.1,128.38,539.5,1946.4,-162.8,-0.089,165.71,1,0
2026-01-01T01:58:03Z,tube_leak,TUBE_LEAK,435.04,1392.4,127.82,539.0,1953.0,-169.7,-0.0889,167.57,1,0
2026-01-01T01:58:04Z,tube_leak,TUBE_LEAK,434.59,1394.4,129.83,539.3,1950.2,-156.2,-0.0901,168.49,1,0
2026-01-01T01:58:05Z,tube_leak,TUBE_LEAK,437.41,1390.9,127.85,539.8,1947.1,-173.0,-0.0894,165.7,1,0
2026-01-01T01:58:06Z,tube_leak,TUBE_LEAK,433.34,1392.1,127.25,539.2,1946.9,-159.6,-0.0913,167.21,1,0
2026-01-01T01:58:07Z,tube_leak,TUBE_LEAK,436.15,1395.1,128.44,539.8,1943.7,-166.4,-0.0896,166.63,1,0
2026-01-01T01:58:08Z,tube_leak,TUBE_LEAK,441.17,1389.9,128.03,540.7,1954.5,-166.6,-0.09,166.51,1,0
2026-01-01T01:58:09Z,tube_leak,TUBE_LEAK,434.85,1393.1,128.21,540.9,1949.3,-155.4,-0.091,168.05,1,0
2026-01-01T01:58:10Z,tube_leak,TUBE_LEAK,433.36,1391.9,128.82,539.2,1943.5,-158.5,-0.0899,166.62,1,0
2026-01-01T01:58:11Z,tube_leak,TUBE_LEAK,442.6,1388.9,128.37,539.1,1946.5,-161.2,-0.0905,167.58,1,0
2026-01-01T01:58:12Z,tube_leak,TUBE_LEAK,432.51,1394.0,127.84,540.7,1945.8,-153.6,-0.0895,165.56,1,0
2026-01-01T01:58:13Z,tube_leak,TUBE_LEAK,436.02,1393.3,128.84,538.3,1941.8,-159.0,-0.0913,168.43,1,0
2026-01-01T01:58:14Z,tube_leak,TUBE_LEAK,433.0,1387.7,127.82,541.0,1944.8,-160.7,-0.0901,166.91,1,0
2026-01-01T01:58:15Z,tube_leak,TUBE_LEAK,435.62,1394.4,127.71,540.4,1953.8,-169.0,-0.0896,167.56,1,0
2026-01-01T01:58:16Z,tube_leak,TUBE_LEAK,433.47,1389.8,128.33,541.3,1944.4,-163.3,-0.0903,165.25,1,0
2026-01-01T01:58:17Z,tube_leak,TUBE_LEAK,435.59,1392.1,127.68,540.8,1946.8,-164.3,-0.0893,166.16,1,0
2026-01-01T01:58:18Z,tube_leak,TUBE_LEAK,431.39,1391.3,127.87,540.2,1945.7,-161.5,-0.0918,166.46,1,0
2026-01-01T01:58:19Z,tube_leak,TUBE_LEAK,435.18,1395.8,127.87,538.1,1954.4,-162.8,-0.0912,165.02,1,0
2026-01-01T01:58:20Z,tube_leak,TUBE_LEAK,433.77,1389.5,128.12,539.9,1953.6,-161.8,-0.0884,168.32,1,0
2026-01-01T01:58:21Z,tube_leak,TUBE_LEAK,438.44,1392.8,128.31,539.6,1954.1,-158.0,-0.0912,167.38,1,0
2026-01-01T01:58:22Z,tube_leak,TUBE_LEAK,430.97,1390.0,128.33,540.3,1950.7,-154.7,-0.0912,169.04,1,0
2026-01-01T01:58:23Z,tube_leak,TUBE_LEAK,438.94,1390.0,128.06,541.0,1951.4,-166.0,-0.088,166.89,1,0
2026-01-01T01:58:24Z,tube_leak,TUBE_LEAK,435.24,1393.1,128.71,539.0,1944.9,-159.9,-0.0886,169.04,1,0
2026-01-01T01:58:25Z,tube_leak,TUBE_LEAK,437.36,1393.7,128.63,539.7,1948.9,-150.8,-0.0901,167.66,1,0
2026-01-01T01:58:26Z,tube_leak,TUBE_LEAK,431.71,1392.8,127.57,541.1,1951.6,-157.1,-0.0891,166.51,1,0
2026-01-01T01:58:27Z,tube_leak,TUBE_LEAK,433.06,1389.3,127.73,540.5,1949.5,-160.8,-0.09,168.79,1,0
2026-01-01T01:58:28Z,tube_leak,TUBE_LEAK,440.56,1389.3,127.5,540.7,1947.6,-156.6,-0.0901,168.91,1,0
2026-01-01T01:58:29Z,tube_leak,TUBE_LEAK,436.41,1388.4,127.87,540.5,1947.4,-155.5,-0.0895,169.4,1,0
2026-01-01T01:58:30Z,tube_leak,TUBE_LEAK,433.13,1392.2,128.13,539.9,1948.5,-164.0,-0.0888,168.34,1,0
2026-01-01T01:58:31Z,tube_leak,TUBE_LEAK,435.55,1390.9,127.84,541.4,1945.5,-153.8,-0.0886,165.01,1,0
2026-01-01T01:58:32Z,tube_leak,TUBE_LEAK,437.98,1390.5,128.32,538.3,1948.4,-160.4,-0.0896,167.49,1,0
2026-01-01T01:58:33Z,tube_leak,TUBE_LEAK,433.86,1391.4,127.2,540.1,1951.6,-156.5,-0.0903,167.1,1,0
2026-01-01T01:58:34Z,tube_leak,TUBE_LEAK,433.04,1393.4,127.68,540.4,1949.6,-159.6,-0.0901,169.0,1,0
2026-01-01T01:58:35Z,tube_leak,TUBE_LEAK,433.19,1390.2,128.05,538.9,1947.3,-157.2,-0.0905,168.0,1,0
2026-01-01T01:58:36Z,tube_leak,TUBE_LEAK,433.22,1395.0,127.73,540.3,1950.9,-154.9,-0.0903,166.4,1,0
2026-01-01T01:58:37Z,tube_leak,TUBE_LEAK,437.2,1391.1,128.54,540.4,1950.1,-170.6,-0.0912,166.86,1,0
2026-01-01T01:58:38Z,tube_leak,TUBE_LEAK,435.94,1391.6,128.14,540.4,1949.4,-153.7,-0.0906,168.09,1,0
2026-01-01T01:58:39Z,tube_leak,TUBE_LEAK,430.16,1390.9,127.19,538.4,1951.2,-158.5,-0.0914,167.39,1,0
2026-01-01T01:58:40Z,tube_leak,TUBE_LEAK,432.82,1393.2,127.53,539.7,1945.8,-154.5,-0.0907,166.98,1,0
2026-01-01T01:58:41Z,tube_leak,TUBE_LEAK,432.2,1394.2,127.49,539.5,1946.0,-158.9,-0.0885,166.6,1,0
2026-01-01T01:58:42Z,tube_leak,TUBE_LEAK,436.11,1393.4,128.2,540.1,1948.3,-162.5,-0.0916,166.13,1,0
2026-01-01T01:58:43Z,tube_leak,TUBE_LEAK,436.07,1392.1,128.52,540.2,1944.2,-165.1,-0.0898,167.87,1,0
2026-01-01T01:58:44Z,tube_leak,TUBE_LEAK,434.92,1389.8,128.02,539.7,1948.1,-156.3,-0.0895,168.59,1,0
2026-01-01T01:58:45Z,tube_leak,TUBE_LEAK,439.21,1395.9,128.75,540.0,1946.1,-161.4,-0.0912,167.81,1,0
2026-01-01T01:58:46Z,tube_leak,TUBE_LEAK,435.29,1392.9,127.72,537.5,1949.3,-158.9,-0.0902,166.79,1,0
2026-01-01T01:58:47Z,tube_leak,TUBE_LEAK,431.44,1392.1,127.85,540.2,1946.6,-158.7,-0.0922,167.51,1,0
2026-01-01T01:58:48Z,tube_leak,TUBE_LEAK,433.57,1391.2,128.51,538.9,1950.3,-161.6,-0.092,167.05,1,0
2026-01-01T01:58:49Z,tube_leak,TUBE_LEAK,435.8,1390.4,127.95,538.7,1950.5,-157.3,-0.0893,167.33,1,0
2026-01-01T01:58:50Z,tube_leak,TUBE_LEAK,436.87,1391.3,127.75,539.8,1948.8,-159.7,-0.0908,167.26,1,0
2026-01-01T01:58:51Z,tube_leak,TUBE_LEAK,435.17,1388.8,127.65,540.3,1954.1,-151.9,-0.0902,168.03,1,0
2026-01-01T01:58:52Z,tube_leak,TUBE_LEAK,434.88,1387.8,128.95,540.6,1947.4,-157.8,-0.0898,166.59,1,0
2026-01-01T01:58:53Z,tube_leak,TUBE_LEAK,431.23,1392.3,129.01,541.5,1952.3,-161.6,-0.0889,167.48,1,0
2026-01-01T01:58:54Z,tube_leak,TUBE_LEAK,432.28,1390.9,127.77,540.8,1944.3,-167.7,-0.0903,166.94,1,0
2026-01-01T01:58:55Z,tube_leak,TUBE_LEAK,437.13,1391.0,128.01,540.3,1950.3,-162.9,-0.091,168.1,1,0
2026-01-01T01:58:56Z,tube_leak,TUBE_LEAK,437.94,1393.0,128.47,539.7,1949.0,-155.7,-0.0911,168.94,1,0
2026-01-01T01:58:57Z,tube_leak,TUBE_LEAK,435.17,1393.7,128.54,540.2,1946.0,-154.6,-0.0902,167.01,1,0
2026-01-01T01:58:58Z,tube_leak,TUBE_LEAK,434.16,1396.1,127.91,539.9,1946.6,-163.8,-0.09,168.73,1,0
2026-01-01T01:58:59Z,tube_leak,TUBE_LEAK,434.56,1393.1,128.1,540.1,1946.0,-153.1,-0.0914,167.3,1,0
2026-01-01T01:59:00Z,tube_leak,TUBE_LEAK,437.18,1389.0,127.97,540.2,1944.7,-151.6,-0.0905,166.96,1,0
2026-01-01T01:59:01Z,tube_leak,TUBE_LEAK,433.13,1390.6,126.95,540.9,1948.2,-157.6,-0.0902,167.71,1,0
2026-01-01T01:59:02Z,tube_leak,TUBE_LEAK,434.86,1389.7,128.95,539.6,1946.7,-161.8,-0.0904,168.19,1,0
2026-01-01T01:59:03Z,tube_leak,TUBE_LEAK,433.61,1392.6,128.04,540.4,1957.8,-161.2,-0.0896,168.98,1,0
2026-01-01T01:59:04Z,tube_leak,TUBE_LEAK,433.44,1389.1,127.76,539.8,1949.6,-160.3,-0.0911,167.18,1,0
2026-01-01T01:59:05Z,tube_leak,TUBE_LEAK,440.88,1389.7,128.1,539.9,1952.0,-158.9,-0.0925,167.48,1,0
2026-01-01T01:59:06Z,tube_leak,TUBE_LEAK,431.27,1389.8,128.54,540.7,1944.6,-155.1,-0.0901,167.52,1,0
2026-01-01T01:59:07Z,tube_leak,TUBE_LEAK,439.44,1390.2,128.56,539.6,1941.9,-160.5,-0.089,165.36,1,0
2026-01-01T01:59:08Z,tube_leak,TUBE_LEAK,434.41,1392.2,127.66,539.8,1944.5,-161.5,-0.0918,167.58,1,0
2026-01-01T01:59:09Z,tube_leak,TUBE_LEAK,434.41,1391.6,128.22,539.3,1947.5,-157.4,-0.0907,167.02,1,0
2026-01-01T01:59:10Z,tube_leak,TUBE_LEAK,437.93,1391.4,127.43,539.8,1949.0,-149.8,-0.09,168.35,1,0
2026-01-01T01:59:11Z,tube_leak,TUBE_LEAK,435.64,1394.3,128.79,539.8,1954.3,-159.3,-0.0904,168.1,1,0
2026-01-01T01:59:12Z,tube_leak,TUBE_LEAK,437.79,1391.1,127.74,539.8,1950.8,-159.6,-0.0899,167.25,1,0
2026-01-01T01:59:13Z,tube_leak,TUBE_LEAK,440.51,1392.3,127.62,539.4,1942.5,-162.4,-0.0916,168.62,1,0
2026-01-01T01:59:14Z,tube_leak,TUBE_LEAK,432.03,1392.1,127.79,540.9,1947.1,-156.3,-0.0903,167.16,1,0
2026-01-01T01:59:15Z,tube_leak,TUBE_LEAK,433.48,1387.9,128.66,538.1,1950.0,-160.9,-0.089,168.97,1,0
2026-01-01T01:59:16Z,tube_leak,TUBE_LEAK,436.38,1393.3,127.52,540.6,1947.3,-169.0,-0.0911,166.35,1,0
2026-01-01T01:59:17Z,tube_leak,TUBE_LEAK,437.52,1393.2,128.99,540.7,1947.0,-163.9,-0.0901,167.94,1,0
2026-01-01T01:59:18Z,tube_leak,TUBE_LEAK,438.28,1390.7,127.05,540.3,1952.8,-160.1,-0.0893,167.2,1,0
2026-01-01T01:59:19Z,tube_leak,TUBE_LEAK,432.98,1393.7,127.99,539.6,1944.8,-159.5,-0.0891,167.88,1,0
2026-01-01T01:59:20Z,tube_leak,TUBE_LEAK,435.19,1393.2,127.71,540.7,1949.1,-156.6,-0.0898,168.21,1,0
2026-01-01T01:59:21Z,tube_leak,TUBE_LEAK,436.82,1389.9,127.46,539.1,1954.4,-158.5,-0.09,165.2,1,0
2026-01-01T01:59:22Z,tube_leak,TUBE_LEAK,435.76,1393.1,128.17,539.8,1951.0,-155.9,-0.0897,166.52,1,0
2026-01-01T01:59:23Z,tube_leak,TUBE_LEAK,430.87,1394.5,127.54,540.9,1952.1,-160.8,-0.0908,167.62,1,0
2026-01-01T01:59:24Z,tube_leak,TUBE_LEAK,438.32,1393.9,127.85,540.8,1955.5,-152.6,-0.0892,169.05,1,0
2026-01-01T01:59:25Z,tube_leak,TUBE_LEAK,434.88,1396.3,127.86,539.7,1948.2,-163.7,-0.0911,165.72,1,0
2026-01-01T01:59:26Z,tube_leak,TUBE_LEAK,437.81,1391.8,127.84,538.1,1947.8,-163.0,-0.0911,167.61,1,0
2026-01-01T01:59:27Z,tube_leak,TUBE_LEAK,432.92,1390.2,127.82,541.3,1951.3,-165.7,-0.0889,166.68,1,0
2026-01-01T01:59:28Z,tube_leak,TUBE_LEAK,436.28,1392.5,128.53,538.9,1948.2,-162.4,-0.0894,166.89,1,0
2026-01-01T01:59:29Z,tube_leak,TUBE_LEAK,433.75,1394.7,128.01,539.9,1942.8,-157.8,-0.0895,169.52,1,0
2026-01-01T01:59:30Z,tube_leak,TUBE_LEAK,432.58,1390.5,128.94,540.6,1944.1,-160.7,-0.0888,165.63,1,0
2026-01-01T01:59:31Z,tube_leak,TUBE_LEAK,431.02,1391.0,127.58,540.0,1944.6,-157.5,-0.0904,169.63,1,0
2026-01-01T01:59:32Z,tube_leak,TUBE_LEAK,437.33,1391.3,128.18,541.4,1946.3,-156.2,-0.0918,166.65,1,0
2026-01-01T01:59:33Z,tube_leak,TUBE_LEAK,433.27,1391.4,128.17,540.2,1949.1,-162.6,-0.0898,167.81,1,0
2026-01-01T01:59:34Z,tube_leak,TUBE_LEAK,437.02,1390.1,127.5,541.4,1946.5,-155.1,-0.0894,167.76,1,0
2026-01-01T01:59:35Z,tube_leak,TUBE_LEAK,436.19,1388.9,127.51,539.8,1945.0,-160.3,-0.0897,167.98,1,0
2026-01-01T01:59:36Z,tube_leak,TUBE_LEAK,436.07,1391.7,128.02,541.3,1948.3,-163.0,-0.0902,166.19,1,0
2026-01-01T01:59:37Z,tube_leak,TUBE_LEAK,435.67,1390.2,128.2,540.0,1945.2,-155.8,-0.0882,168.13,1,0
2026-01-01T01:59:38Z,tube_leak,TUBE_LEAK,438.59,1393.7,128.06,540.6,1943.1,-158.2,-0.0895,168.58,1,0
2026-01-01T01:59:39Z,tube_leak,TUBE_LEAK,434.47,1393.6,128.51,539.7,1946.6,-158.5,-0.0904,168.14,1,0
2026-01-01T01:59:40Z,tube_leak,TUBE_LEAK,436.18,1390.3,126.92,537.0,1942.0,-155.6,-0.09,166.82,1,0
2026-01-01T01:59:41Z,tube_leak,TUBE_LEAK,437.07,1392.7,128.95,539.8,1946.0,-158.7,-0.0925,166.99,1,0
2026-01-01T01:59:42Z,tube_leak,TUBE_LEAK,432.77,1393.9,126.98,541.1,1953.9,-161.7,-0.0908,168.76,1,0
2026-01-01T01:59:43Z,tube_leak,TUBE_LEAK,437.24,1393.2,128.1,539.0,1951.7,-153.0,-0.0919,168.32,1,0
2026-01-01T01:59:44Z,tube_leak,TUBE_LEAK,433.9,1392.1,129.02,539.2,1953.0,-148.9,-0.0898,167.0,1,0
2026-01-01T01:59:45Z,tube_leak,TUBE_LEAK,439.33,1391.2,128.14,539.1,1952.4,-162.1,-0.0902,166.63,1,0
2026-01-01T01:59:46Z,tube_leak,TUBE_LEAK,431.68,1394.4,128.16,539.7,1946.0,-167.4,-0.09,167.62,1,0
2026-01-01T01:59:47Z,tube_leak,TUBE_LEAK,431.0,1391.6,127.1,539.8,1953.2,-159.4,-0.0901,168.06,1,0
2026-01-01T01:59:48Z,tube_leak,TUBE_LEAK,435.99,1388.0,128.03,539.0,1952.0,-155.7,-0.0886,167.8,1,0
2026-01-01T01:59:49Z,tube_leak,TUBE_LEAK,431.96,1392.6,127.63,539.5,1947.7,-160.9,-0.089,168.23,1,0
2026-01-01T01:59:50Z,tube_leak,TUBE_LEAK,428.15,1392.0,127.69,539.0,1947.6,-160.2,-0.0907,167.73,1,0
2026-01-01T01:59:51Z,tube_leak,TUBE_LEAK,431.74,1390.5,127.49,540.5,1946.5,-158.0,-0.0915,167.74,1,0
2026-01-01T01:59:52Z,tube_leak,TUBE_LEAK,432.38,1391.7,127.06,540.1,1947.3,-160.5,-0.0906,167.76,1,0
2026-01-01T01:59:53Z,tube_leak,TUBE_LEAK,435.96,1394.4,128.43,539.6,1947.2,-163.9,-0.0914,166.3,1,0
2026-01-01T01:59:54Z,tube_leak,TUBE_LEAK,439.55,1393.6,128.39,539.7,1947.4,-167.0,-0.0891,167.1,1,0
2026-01-01T01:59:55Z,tube_leak,TUBE_LEAK,435.7,1389.5,128.53,540.7,1948.0,-161.6,-0.0907,165.93,1,0
2026-01-01T01:59:56Z,tube_leak,TUBE_LEAK,430.19,1392.2,127.6,540.1,1952.6,-160.5,-0.0907,168.87,1,0
2026-01-01T01:59:57Z,tube_leak,TUBE_LEAK,433.09,1390.7,127.59,540.5,1946.3,-166.5,-0.0906,168.07,1,0
2026-01-01T01:59:58Z,tube_leak,TUBE_LEAK,436.61,1392.2,129.34,539.8,1949.0,-164.1,-0.0896,168.38,1,0
2026-01-01T01:59:59Z,tube_leak,TUBE_LEAK,436.2,1394.8,127.68,538.8,1948.1,-158.1,-0.0896,169.57,1,0
