timestamp,scenario,operating_state,compressor_rpm,suction_pressure_bar,discharge_pressure_bar,delivery_pressure_bar,flow_in_mmscmd,flow_out_mmscmd,gas_temperature_c,wobbe_index,hydrate_risk_pct,compressor_trip_alarm,leak_alarm,hydrate_alarm,choke_alarm
2026-01-01T00:00:00Z,compressor_trip,NORMAL,8498.6,39.97,89.94,80.35,14.99,14.85,25.03,49.99,0,0,0,0,0
2026-01-01T00:00:01Z,compressor_trip,NORMAL,8497.9,40.02,90.12,80.58,15.07,15.01,24.93,49.95,0,0,0,0,0
2026-01-01T00:00:02Z,compressor_trip,NORMAL,8502.8,40.26,90.02,79.95,15.05,14.85,24.97,50.02,0,0,0,0,0
2026-01-01T00:00:03Z,compressor_trip,NORMAL,8509.3,39.95,90.19,80.12,15.08,14.89,25.06,49.92,0,0,0,0,0
2026-01-01T00:00:04Z,compressor_trip,NORMAL,8474.7,39.88,89.54,80.44,15.07,14.88,25.09,49.95,0,0,0,0,0
2026-01-01T00:00:05Z,compressor_trip,NORMAL,8500.5,39.94,90.06,80.41,15.06,15.03,25.07,50.02,0,0,0,0,0
2026-01-01T00:00:06Z,compressor_trip,NORMAL,8495.5,39.86,89.77,80.25,14.97,15.23,24.92,49.95,0,0,0,0,0
2026-01-01T00:00:07Z,compressor_trip,NORMAL,8510.0,40.28,90.26,80.42,15.14,14.99,24.86,49.97,0,0,0,0,0
2026-01-01T00:00:08Z,compressor_trip,NORMAL,8512.4,39.71,90.03,80.13,14.97,15.07,25.06,50.12,0,0,0,0,0
2026-01-01T00:00:09Z,compressor_trip,NORMAL,8509.7,39.88,89.73,79.59,15.1,14.94,25.0,50.04,0,0,0,0,0
2026-01-01T00:00:10Z,compressor_trip,NORMAL,8496.9,39.94,89.09,79.46,14.94,15.04,25.13,50.0,0,0,0,0,0
2026-01-01T00:00:11Z,compressor_trip,NORMAL,8507.4,40.03,90.56,80.45,15.03,14.9,25.1,50.02,0,0,0,0,0
2026-01-01T00:00:12Z,compressor_trip,NORMAL,8517.8,39.99,91.0,79.82,15.16,15.01,24.96,49.94,0,0,0,0,0
2026-01-01T00:00:13Z,compressor_trip,NORMAL,8504.8,40.28,90.44,80.35,14.76,15.07,25.07,49.97,0,0,0,0,0
2026-01-01T00:00:14Z,compressor_trip,NORMAL,8500.8,40.0,90.89,79.48,14.96,15.14,24.97,49.98,0,0,0,0,0
2026-01-01T00:00:15Z,compressor_trip,NORMAL,8508.8,39.75,90.15,79.4,15.09,15.0,25.24,50.01,0,0,0,0,0
2026-01-01T00:00:16Z,compressor_trip,NORMAL,8522.3,39.74,89.98,80.17,15.17,14.83,25.12,50.03,0,0,0,0,0
2026-01-01T00:00:17Z,compressor_trip,NORMAL,8524.8,40.14,90.07,79.75,14.88,15.02,25.0,50.1,0,0,0,0,0
2026-01-01T00:00:18Z,compressor_trip,NORMAL,8504.2,40.06,89.27,79.81,15.03,15.08,25.17,50.0,0,0,0,0,0
2026-01-01T00:00:19Z,compressor_trip,NORMAL,8500.0,40.09,90.32,80.26,14.93,15.11,25.03,50.03,0,0,0,0,0
2026-01-01T00:00:20Z,compressor_trip,NORMAL,8524.8,40.12,90.21,81.09,15.02,14.97,25.04,50.07,0,0,0,0,0
2026-01-01T00:00:21Z,compressor_trip,NORMAL,8514.1,40.1,90.67,79.76,14.83,15.03,25.05,49.97,0,0,0,0,0
2026-01-01T00:00:22Z,compressor_trip,NORMAL,8522.5,40.12,89.58,80.28,14.98,14.85,25.07,50.0,0,0,0,0,0
2026-01-01T00:00:23Z,compressor_trip,NORMAL,8507.3,40.1,90.33,79.73,15.04,15.1,24.96,50.02,0,0,0,0,0
2026-01-01T00:00:24Z,compressor_trip,NORMAL,8515.6,40.45,89.17,80.37,14.97,14.99,25.22,50.0,0,0,0,0,0
2026-01-01T00:00:25Z,compressor_trip,NORMAL,8538.9,39.91,90.28,79.78,14.93,15.01,25.01,50.01,0,0,0,0,0
2026-01-01T00:00:26Z,compressor_trip,NORMAL,8496.4,40.4,90.03,80.9,14.9,15.03,25.36,49.96,0,0,0,0,0
2026-01-01T00:00:27Z,compressor_trip,NORMAL,8503.4,39.89,90.36,80.38,15.13,14.97,24.88,49.98,0,0,0,0,0
2026-01-01T00:00:28Z,compressor_trip,NORMAL,8531.7,40.09,89.15,80.02,15.14,15.21,25.1,50.02,0,0,0,0,0
2026-01-01T00:00:29Z,compressor_trip,NORMAL,8507.8,39.83,90.16,80.29,15.06,14.95,24.93,49.96,0,0,0,0,0
2026-01-01T00:00:30Z,compressor_trip,NORMAL,8509.6,40.13,88.99,79.88,15.04,15.15,25.06,50.05,0,0,0,0,0
2026-01-01T00:00:31Z,compressor_trip,NORMAL,8518.1,39.85,89.82,80.81,15.1,15.05,25.39,50.0,0,0,0,0,0
2026-01-01T00:00:32Z,compressor_trip,NORMAL,8529.2,40.06,90.05,81.21,15.15,14.86,25.02,50.02,0,0,0,0,0
2026-01-01T00:00:33Z,compressor_trip,NORMAL,8531.8,39.73,89.05,79.1,14.99,14.99,25.1,49.96,0,0,0,0,0
2026-01-01T00:00:34Z,compressor_trip,NORMAL,8512.7,39.6,90.35,80.25,15.1,15.08,25.05,50.07,0,0,0,0,0
2026-01-01T00:00:35Z,compressor_trip,NORMAL,8524.5,39.87,89.93,79.77,14.78,15.02,25.09,49.98,0,0,0,0,0
2026-01-01T00:00:36Z,compressor_trip,NORMAL,8519.6,40.07,91.06,80.09,14.95,14.94,25.06,49.94,0,0,0,0,0
2026-01-01T00:00:37Z,compressor_trip,NORMAL,8526.5,40.01,91.13,80.55,15.1,14.93,25.14,49.94,0,0,0,0,0
2026-01-01T00:00:38Z,compressor_trip,NORMAL,8531.8,40.08,89.84,81.08,15.06,14.81,25.13,49.98,0,0,0,0,0
2026-01-01T00:00:39Z,compressor_trip,NORMAL,8529.6,40.09,90.42,79.07,14.88,15.08,25.21,50.1,0,0,0,0,0
2026-01-01T00:00:40Z,compressor_trip,NORMAL,8548.6,39.59,90.62,79.13,15.16,15.03,24.97,50.1,0,0,0,0,0
2026-01-01T00:00:41Z,compressor_trip,NORMAL,8537.9,39.62,90.39,79.73,15.01,14.95,25.23,49.93,0,0,0,0,0
2026-01-01T00:00:42Z,compressor_trip,NORMAL,8535.6,40.36,89.84,80.21,15.02,14.93,25.16,50.0,0,0,0,0,0
2026-01-01T00:00:43Z,compressor_trip,NORMAL,8523.9,40.35,90.66,80.03,14.94,14.92,25.22,49.99,0,0,0,0,0
2026-01-01T00:00:44Z,compressor_trip,NORMAL,8538.8,39.96,90.58,80.06,15.08,14.98,25.18,50.03,0,0,0,0,0
2026-01-01T00:00:45Z,compressor_trip,NORMAL,8534.0,39.83,89.82,79.75,14.9,15.09,25.1,50.08,0,0,0,0,0
2026-01-01T00:00:46Z,compressor_trip,NORMAL,8558.9,40.0,89.52,79.94,14.99,14.85,25.08,50.01,0,0,0,0,0
2026-01-01T00:00:47Z,compressor_trip,NORMAL,8532.4,39.85,89.93,81.03,14.98,14.92,25.08,50.05,0,0,0,0,0
2026-01-01T00:00:48Z,compressor_trip,NORMAL,8531.1,40.1,90.68,80.52,15.14,14.94,25.23,49.96,0,0,0,0,0
2026-01-01T00:00:49Z,compressor_trip,NORMAL,8534.9,40.24,90.74,80.15,14.88,15.06,25.06,49.95,0,0,0,0,0
2026-01-01T00:00:50Z,compressor_trip,NORMAL,8533.3,40.05,89.27,80.34,15.02,14.94,25.23,50.03,0,0,0,0,0
2026-01-01T00:00:51Z,compressor_trip,NORMAL,8534.6,39.87,90.69,79.41,14.97,14.94,25.14,50.01,0,0,0,0,0
2026-01-01T00:00:52Z,compressor_trip,NORMAL,8541.9,40.23,90.47,80.01,14.88,15.07,25.19,50.07,0,0,0,0,0
2026-01-01T00:00:53Z,compressor_trip,NORMAL,8535.0,40.01,90.33,80.13,15.0,14.83,25.22,50.03,0,0,0,0,0
2026-01-01T00:00:54Z,compressor_trip,NORMAL,8554.7,40.45,90.21,80.17,15.0,15.19,24.97,50.02,0,0,0,0,0
2026-01-01T00:00:55Z,compressor_trip,NORMAL,8529.5,39.48,89.37,79.5,15.11,14.91,25.12,49.94,0,0,0,0,0
2026-01-01T00:00:56Z,compressor_trip,NORMAL,8551.2,39.78,91.05,79.7,14.92,15.01,25.15,50.07,0,0,0,0,0
2026-01-01T00:00:57Z,compressor_trip,NORMAL,8547.2,39.76,90.12,79.92,15.07,15.04,25.14,50.04,0,0,0,0,0
2026-01-01T00:00:58Z,compressor_trip,NORMAL,8541.6,39.97,90.5,80.98,14.99,14.96,25.06,50.03,0,0,0,0,0
2026-01-01T00:00:59Z,compressor_trip,NORMAL,8541.9,40.07,89.47,80.75,14.87,14.92,25.27,49.93,0,0,0,0,0
2026-01-01T00:01:00Z,compressor_trip,NORMAL,8547.8,40.01,89.93,80.9,15.15,14.8,25.02,50.04,0,0,0,0,0
2026-01-01T00:01:01Z,compressor_trip,NORMAL,8536.5,39.92,90.5,80.59,14.98,15.01,25.1,50.06,0,0,0,0,0
2026-01-01T00:01:02Z,compressor_trip,NORMAL,8545.4,40.07,90.19,80.3,14.98,14.98,25.08,50.04,0,0,0,0,0
2026-01-01T00:01:03Z,compressor_trip,NORMAL,8565.4,40.05,90.82,80.67,15.09,15.03,25.21,50.04,0,0,0,0,0
2026-01-01T00:01:04Z,compressor_trip,NORMAL,8552.8,39.81,90.48,79.32,15.0,15.04,25.31,50.01,0,0,0,0,0
2026-01-01T00:01:05Z,compressor_trip,NORMAL,8562.2,40.0,89.96,79.57,14.9,14.86,25.26,49.99,0,0,0,0,0
2026-01-01T00:01:06Z,compressor_trip,NORMAL,8559.5,40.01,91.01,80.81,14.94,14.97,25.15,49.92,0,0,0,0,0
2026-01-01T00:01:07Z,compressor_trip,NORMAL,8561.3,40.24,90.49,80.04,15.11,14.77,25.22,50.01,0,0,0,0,0
2026-01-01T00:01:08Z,compressor_trip,NORMAL,8549.7,40.28,90.99,80.17,14.99,14.96,25.16,49.93,0,0,0,0,0
2026-01-01T00:01:09Z,compressor_trip,NORMAL,8570.0,40.21,90.91,79.76,15.21,15.2,25.23,49.95,0,0,0,0,0
2026-01-01T00:01:10Z,compressor_trip,NORMAL,8548.4,40.08,90.07,80.3,15.11,14.85,25.42,50.08,0,0,0,0,0
2026-01-01T00:01:11Z,compressor_trip,NORMAL,8545.5,39.72,90.39,79.81,14.97,14.74,25.2,50.09,0,0,0,0,0
2026-01-01T00:01:12Z,compressor_trip,NORMAL,8547.5,39.95,89.8,80.65,14.98,15.19,25.25,49.98,0,0,0,0,0
2026-01-01T00:01:13Z,compressor_trip,NORMAL,8565.0,39.9,89.88,80.49,14.98,15.02,25.27,49.97,0,0,0,0,0
2026-01-01T00:01:14Z,compressor_trip,NORMAL,8564.5,40.35,90.0,81.22,14.98,14.92,25.48,50.01,0,0,0,0,0
2026-01-01T00:01:15Z,compressor_trip,NORMAL,8574.8,40.16,89.73,80.42,14.95,14.87,25.07,50.01,0,0,0,0,0
2026-01-01T00:01:16Z,compressor_trip,NORMAL,8567.7,40.08,90.42,79.96,14.9,14.94,25.15,49.99,0,0,0,0,0
2026-01-01T00:01:17Z,compressor_trip,NORMAL,8562.4,39.82,90.47,79.99,15.0,15.05,25.27,50.02,0,0,0,0,0
2026-01-01T00:01:18Z,compressor_trip,NORMAL,8546.9,39.92,90.73,80.7,14.84,15.02,25.38,49.99,0,0,0,0,0
2026-01-01T00:01:19Z,compressor_trip,NORMAL,8563.2,40.09,90.73,80.73,15.01,15.02,25.19,49.99,0,0,0,0,0
2026-01-01T00:01:20Z,compressor_trip,NORMAL,8577.4,39.96,90.53,80.15,15.08,14.91,25.36,49.95,0,0,0,0,0
2026-01-01T00:01:21Z,compressor_trip,NORMAL,8555.1,40.04,90.68,80.56,15.11,14.96,25.32,49.95,0,0,0,0,0
2026-01-01T00:01:22Z,compressor_trip,NORMAL,8579.0,40.13,90.9,80.51,14.92,14.97,25.33,50.0,0,0,0,0,0
2026-01-01T00:01:23Z,compressor_trip,NORMAL,8568.4,39.73,90.73,80.08,14.89,14.98,25.1,50.03,0,0,0,0,0
2026-01-01T00:01:24Z,compressor_trip,NORMAL,8576.4,39.99,90.15,79.96,14.98,14.76,25.31,50.03,0,0,0,0,0
2026-01-01T00:01:25Z,compressor_trip,NORMAL,8565.5,39.9,90.74,80.62,15.11,15.0,25.23,49.98,0,0,0,0,0
2026-01-01T00:01:26Z,compressor_trip,NORMAL,8571.1,40.31,90.5,79.92,14.91,14.79,25.33,49.93,0,0,0,0,0
2026-01-01T00:01:27Z,compressor_trip,NORMAL,8557.7,39.6,90.11,80.74,14.87,14.83,25.32,49.98,0,0,0,0,0
2026-01-01T00:01:28Z,compressor_trip,NORMAL,8575.1,40.15,90.67,79.82,14.99,15.05,25.25,49.93,0,0,0,0,0
2026-01-01T00:01:29Z,compressor_trip,NORMAL,8582.5,39.92,90.48,80.48,15.1,15.03,25.28,50.03,0,0,0,0,0
2026-01-01T00:01:30Z,compressor_trip,NORMAL,8593.6,40.28,91.03,79.92,15.38,14.88,25.29,49.97,0,0,0,0,0
2026-01-01T00:01:31Z,compressor_trip,NORMAL,8589.1,40.08,89.99,80.62,15.05,14.97,25.21,49.96,0,0,0,0,0
2026-01-01T00:01:32Z,compressor_trip,NORMAL,8569.1,40.0,90.45,80.87,14.91,14.83,25.26,50.07,0,0,0,0,0
2026-01-01T00:01:33Z,compressor_trip,NORMAL,8568.4,40.47,90.96,79.93,14.92,15.02,25.22,50.12,0,0,0,0,0
2026-01-01T00:01:34Z,compressor_trip,NORMAL,8564.9,40.14,91.45,80.46,14.9,14.97,25.38,50.04,0,0,0,0,0
2026-01-01T00:01:35Z,compressor_trip,NORMAL,8576.0,39.72,90.75,80.19,14.78,14.93,25.21,50.03,0,0,0,0,0
2026-01-01T00:01:36Z,compressor_trip,NORMAL,8595.6,40.37,90.45,80.3,15.07,15.11,25.31,49.99,0,0,0,0,0
2026-01-01T00:01:37Z,compressor_trip,NORMAL,8598.8,39.98,90.5,80.6,15.06,14.9,25.34,49.94,0,0,0,0,0
2026-01-01T00:01:38Z,compressor_trip,NORMAL,8574.6,40.38,91.12,80.5,14.91,14.97,25.47,49.97,0,0,0,0,0
2026-01-01T00:01:39Z,compressor_trip,NORMAL,8592.5,39.73,90.62,81.43,14.8,15.12,25.19,50.0,0,0,0,0,0
2026-01-01T00:01:40Z,compressor_trip,NORMAL,8576.9,40.16,89.19,79.61,14.94,15.0,25.29,49.99,0,0,0,0,0
2026-01-01T00:01:41Z,compressor_trip,NORMAL,8567.4,39.92,90.35,80.7,15.06,15.14,25.32,49.98,0,0,0,0,0
2026-01-01T00:01:42Z,compressor_trip,NORMAL,8580.3,39.94,90.76,79.8,15.04,14.91,25.29,49.92,0,0,0,0,0
2026-01-01T00:01:43Z,compressor_trip,NORMAL,8592.0,39.97,91.36,80.73,14.83,14.89,25.47,49.96,0,0,0,0,0
2026-01-01T00:01:44Z,compressor_trip,NORMAL,8570.1,39.96,90.71,80.09,14.97,14.95,25.14,50.03,0,0,0,0,0
2026-01-01T00:01:45Z,compressor_trip,NORMAL,8573.5,40.26,90.23,79.82,15.12,14.84,25.34,50.03,0,0,0,0,0
2026-01-01T00:01:46Z,compressor_trip,NORMAL,8578.8,39.67,90.9,80.52,15.13,15.06,25.72,49.92,0,0,0,0,0
2026-01-01T00:01:47Z,compressor_trip,NORMAL,8582.5,39.79,91.39,81.03,15.08,14.92,25.34,49.9,0,0,0,0,0
2026-01-01T00:01:48Z,compressor_trip,NORMAL,8600.3,40.1,90.69,81.1,15.08,15.1,25.26,49.96,0,0,0,0,0
2026-01-01T00:01:49Z,compressor_trip,NORMAL,8585.7,40.07,91.31,80.13,15.01,15.22,25.5,50.04,0,0,0,0,0
2026-01-01T00:01:50Z,compressor_trip,NORMAL,8584.1,40.15,91.74,80.7,15.12,14.91,25.49,50.05,0,0,0,0,0
2026-01-01T00:01:51Z,compressor_trip,NORMAL,8577.3,40.22,90.5,80.25,15.0,15.19,25.47,50.05,0,0,0,0,0
2026-01-01T00:01:52Z,compressor_trip,NORMAL,8578.0,40.02,90.26,80.37,15.08,15.0,25.59,49.99,0,0,0,0,0
2026-01-01T00:01:53Z,compressor_trip,NORMAL,8583.9,40.26,90.53,79.91,15.13,15.04,25.24,50.0,0,0,0,0,0
2026-01-01T00:01:54Z,compressor_trip,NORMAL,8582.3,40.35,90.5,80.38,14.91,14.89,25.39,49.93,0,0,0,0,0
2026-01-01T00:01:55Z,compressor_trip,NORMAL,8576.5,39.68,90.12,79.9,14.95,14.93,25.34,50.02,0,0,0,0,0
2026-01-01T00:01:56Z,compressor_trip,NORMAL,8586.9,39.91,90.64,81.49,15.02,15.05,25.21,49.97,0,0,0,0,0
2026-01-01T00:01:57Z,compressor_trip,NORMAL,8566.1,39.91,91.06,80.36,15.05,14.9,25.53,49.92,0,0,0,0,0
2026-01-01T00:01:58Z,compressor_trip,NORMAL,8585.7,40.08,91.15,80.64,15.19,14.96,25.44,49.86,0,0,0,0,0
2026-01-01T00:01:59Z,compressor_trip,NORMAL,8606.4,39.93,90.3,81.37,15.12,15.01,25.34,50.02,0,0,0,0,0
2026-01-01T00:02:00Z,compressor_trip,NORMAL,8583.0,39.77,91.42,79.65,15.06,15.05,25.7,50.02,0,0,0,0,0
2026-01-01T00:02:01Z,compressor_trip,NORMAL,8569.0,39.83,90.93,80.9,15.1,14.8,25.47,50.05,0,0,0,0,0
2026-01-01T00:02:02Z,compressor_trip,NORMAL,8605.5,40.37,90.71,81.28,15.17,15.12,25.58,50.04,0,0,0,0,0
2026-01-01T00:02:03Z,compressor_trip,NORMAL,8582.6,39.71,91.4,80.57,15.0,14.94,25.47,50.01,0,0,0,0,0
2026-01-01T00:02:04Z,compressor_trip,NORMAL,8580.7,40.01,91.04,80.71,14.93,15.08,25.7,49.97,0,0,0,0,0
2026-01-01T00:02:05Z,compressor_trip,NORMAL,8603.6,40.18,89.59,80.37,14.94,15.08,25.54,50.02,0,0,0,0,0
2026-01-01T00:02:06Z,compressor_trip,NORMAL,8598.0,39.82,90.55,80.15,14.98,14.99,25.55,49.96,0,0,0,0,0
2026-01-01T00:02:07Z,compressor_trip,NORMAL,8601.1,40.18,91.7,81.12,15.02,15.07,25.6,49.97,0,0,0,0,0
2026-01-01T00:02:08Z,compressor_trip,NORMAL,8605.3,40.34,91.92,80.79,15.03,15.04,25.54,50.03,0,0,0,0,0
2026-01-01T00:02:09Z,compressor_trip,NORMAL,8591.6,39.96,91.82,80.86,15.01,15.09,25.56,50.01,0,0,0,0,0
2026-01-01T00:02:10Z,compressor_trip,NORMAL,8592.5,39.76,90.93,80.22,15.02,14.88,25.64,50.04,0,0,0,0,0
2026-01-01T00:02:11Z,compressor_trip,NORMAL,8596.3,39.98,91.16,79.81,14.89,14.99,25.59,50.0,0,0,0,0,0
2026-01-01T00:02:12Z,compressor_trip,NORMAL,8583.8,40.03,90.73,80.26,15.03,14.98,25.68,50.03,0,0,0,0,0
2026-01-01T00:02:13Z,compressor_trip,NORMAL,8601.5,40.06,90.54,80.34,14.85,15.29,25.46,49.99,0,0,0,0,0
2026-01-01T00:02:14Z,compressor_trip,NORMAL,8590.9,39.94,90.67,79.88,14.9,14.86,25.56,49.97,0,0,0,0,0
2026-01-01T00:02:15Z,compressor_trip,NORMAL,8587.9,40.04,90.68,81.28,14.96,15.02,25.45,50.03,0,0,0,0,0
2026-01-01T00:02:16Z,compressor_trip,NORMAL,8591.0,40.08,91.14,80.74,15.02,14.96,25.72,50.05,0,0,0,0,0
2026-01-01T00:02:17Z,compressor_trip,NORMAL,8600.2,39.76,90.42,80.5,14.98,15.04,25.5,50.06,0,0,0,0,0
2026-01-01T00:02:18Z,compressor_trip,NORMAL,8595.7,39.6,90.74,79.54,14.92,14.95,25.54,49.98,0,0,0,0,0
2026-01-01T00:02:19Z,compressor_trip,NORMAL,8592.0,39.88,91.73,81.45,14.89,15.13,25.44,49.96,0,0,0,0,0
2026-01-01T00:02:20Z,compressor_trip,NORMAL,8611.4,39.55,91.27,80.22,14.99,14.98,25.78,49.96,0,0,0,0,0
2026-01-01T00:02:21Z,compressor_trip,NORMAL,8595.8,40.13,90.86,80.44,14.99,15.01,25.71,49.95,0,0,0,0,0
2026-01-01T00:02:22Z,compressor_trip,NORMAL,8592.2,40.06,90.91,80.76,15.0,14.93,25.54,50.02,0,0,0,0,0
2026-01-01T00:02:23Z,compressor_trip,NORMAL,8586.0,40.23,91.1,80.22,15.03,15.02,25.7,50.06,0,0,0,0,0
2026-01-01T00:02:24Z,compressor_trip,NORMAL,8593.5,39.86,90.7,80.38,14.93,15.03,25.64,49.98,0,0,0,0,0
2026-01-01T00:02:25Z,compressor_trip,NORMAL,8590.0,40.07,90.75,80.35,14.98,14.97,25.53,50.04,0,0,0,0,0
2026-01-01T00:02:26Z,compressor_trip,NORMAL,8606.0,40.01,91.07,81.14,15.0,15.09,25.81,50.0,0,0,0,0,0
2026-01-01T00:02:27Z,compressor_trip,NORMAL,8602.2,40.17,90.84,80.32,15.09,14.84,25.83,50.04,0,0,0,0,0
2026-01-01T00:02:28Z,compressor_trip,NORMAL,8599.8,40.01,91.89,80.42,14.88,14.94,25.63,49.95,0,0,0,0,0
2026-01-01T00:02:29Z,compressor_trip,NORMAL,8599.6,40.03,90.61,81.69,14.86,14.87,25.7,49.99,0,0,0,0,0
2026-01-01T00:02:30Z,compressor_trip,NORMAL,8602.5,39.88,90.5,80.58,14.93,15.05,25.62,50.04,0,0,0,0,0
2026-01-01T00:02:31Z,compressor_trip,NORMAL,8604.3,40.21,91.47,81.29,15.08,14.95,25.65,49.91,0,0,0,0,0
2026-01-01T00:02:32Z,compressor_trip,NORMAL,8601.5,39.87,91.22,81.17,14.86,14.9,25.65,49.97,0,0,0,0,0
2026-01-01T00:02:33Z,compressor_trip,NORMAL,8600.4,39.77,91.05,80.07,14.78,15.07,25.56,49.97,0,0,0,0,0
2026-01-01T00:02:34Z,compressor_trip,NORMAL,8584.7,39.72,90.83,80.71,15.1,15.04,25.67,50.04,0,0,0,0,0
2026-01-01T00:02:35Z,compressor_trip,NORMAL,8610.1,40.08,90.83,81.43,15.18,15.07,25.88,50.05,0,0,0,0,0
2026-01-01T00:02:36Z,compressor_trip,NORMAL,8607.5,39.78,90.47,80.9,14.83,14.94,25.79,49.97,0,0,0,0,0
2026-01-01T00:02:37Z,compressor_trip,NORMAL,8604.5,39.73,90.79,81.44,15.02,15.03,25.88,50.06,0,0,0,0,0
2026-01-01T00:02:38Z,compressor_trip,NORMAL,8590.5,40.26,90.73,80.92,15.0,15.11,25.6,50.02,0,0,0,0,0
2026-01-01T00:02:39Z,compressor_trip,NORMAL,8604.5,40.16,90.93,81.44,14.93,15.11,25.76,49.93,0,0,0,0,0
2026-01-01T00:02:40Z,compressor_trip,NORMAL,8603.5,40.04,90.86,80.57,14.98,14.86,25.9,49.94,0,0,0,0,0
2026-01-01T00:02:41Z,compressor_trip,NORMAL,8592.8,40.23,91.33,81.31,15.15,14.97,25.63,50.04,0,0,0,0,0
2026-01-01T00:02:42Z,compressor_trip,NORMAL,8607.4,39.93,90.41,81.57,15.06,14.86,25.82,49.93,0,0,0,0,0
2026-01-01T00:02:43Z,compressor_trip,NORMAL,8594.7,39.78,90.72,80.54,14.94,15.07,25.78,50.03,0,0,0,0,0
2026-01-01T00:02:44Z,compressor_trip,NORMAL,8610.5,39.93,91.08,81.23,15.17,15.09,25.89,50.05,0,0,0,0,0
2026-01-01T00:02:45Z,compressor_trip,NORMAL,8610.1,39.64,91.48,81.07,15.01,14.95,25.72,50.02,0,0,0,0,0
2026-01-01T00:02:46Z,compressor_trip,NORMAL,8608.0,39.7,91.15,80.68,14.9,15.04,25.73,49.97,0,0,0,0,0
2026-01-01T00:02:47Z,compressor_trip,NORMAL,8591.9,40.06,91.04,80.42,14.92,14.98,25.81,49.95,0,0,0,0,0
2026-01-01T00:02:48Z,compressor_trip,NORMAL,8604.4,39.84,92.41,80.5,14.92,15.02,25.69,50.04,0,0,0,0,0
2026-01-01T00:02:49Z,compressor_trip,NORMAL,8617.5,39.92,91.13,80.71,15.0,15.14,25.87,49.95,0,0,0,0,0
2026-01-01T00:02:50Z,compressor_trip,NORMAL,8614.9,40.23,91.29,80.65,15.01,14.92,25.83,49.98,0,0,0,0,0
2026-01-01T00:02:51Z,compressor_trip,NORMAL,8577.1,40.19,91.14,81.52,14.99,15.02,25.9,50.02,0,0,0,0,0
2026-01-01T00:02:52Z,compressor_trip,NORMAL,8602.3,40.64,90.96,81.07,15.17,14.92,25.69,49.93,0,0,0,0,0
2026-01-01T00:02:53Z,compressor_trip,NORMAL,8604.6,40.13,91.42,80.31,15.1,15.12,25.8,50.0,0,0,0,0,0
2026-01-01T00:02:54Z,compressor_trip,NORMAL,8606.0,40.07,91.37,80.44,14.98,14.88,25.87,50.03,0,0,0,0,0
2026-01-01T00:02:55Z,compressor_trip,NORMAL,8598.2,40.06,90.27,81.42,14.95,15.01,25.93,49.96,0,0,0,0,0
2026-01-01T00:02:56Z,compressor_trip,NORMAL,8611.0,40.02,91.06,81.27,14.88,15.06,25.83,50.05,0,0,0,0,0
2026-01-01T00:02:57Z,compressor_trip,NORMAL,8596.8,39.93,91.23,80.96,14.88,14.98,25.95,50.0,0,0,0,0,0
2026-01-01T00:02:58Z,compressor_trip,NORMAL,8590.1,40.14,90.12,79.94,15.0,15.02,25.86,49.96,0,0,0,0,0
2026-01-01T00:02:59Z,compressor_trip,NORMAL,8597.2,39.72,91.16,80.19,14.99,15.03,25.66,49.97,0,0,0,0,0
2026-01-01T00:03:00Z,compressor_trip,NORMAL,8606.5,40.31,90.3,81.17,14.88,14.87,26.01,50.03,0,0,0,0,0
2026-01-01T00:03:01Z,compressor_trip,NORMAL,8590.4,40.04,91.37,81.09,15.22,15.06,25.55,49.99,0,0,0,0,0
2026-01-01T00:03:02Z,compressor_trip,NORMAL,8590.9,39.96,91.05,80.68,14.89,15.14,25.92,49.97,0,0,0,0,0
2026-01-01T00:03:03Z,compressor_trip,NORMAL,8604.9,40.14,91.68,80.48,15.08,14.94,25.98,49.99,0,0,0,0,0
2026-01-01T00:03:04Z,compressor_trip,NORMAL,8575.2,40.01,90.15,80.9,14.99,14.96,25.72,49.94,0,0,0,0,0
2026-01-01T00:03:05Z,compressor_trip,NORMAL,8589.3,39.95,91.69,81.36,14.95,15.13,25.74,50.03,0,0,0,0,0
2026-01-01T00:03:06Z,compressor_trip,NORMAL,8595.8,40.05,91.36,80.67,15.08,15.0,26.12,49.98,0,0,0,0,0
2026-01-01T00:03:07Z,compressor_trip,NORMAL,8610.1,40.13,90.45,81.69,14.89,14.78,25.97,50.05,0,0,0,0,0
2026-01-01T00:03:08Z,compressor_trip,NORMAL,8597.7,39.95,91.83,81.37,14.93,15.07,25.77,49.97,0,0,0,0,0
2026-01-01T00:03:09Z,compressor_trip,NORMAL,8586.4,39.56,90.45,81.63,14.89,14.94,25.78,50.04,0,0,0,0,0
2026-01-01T00:03:10Z,compressor_trip,NORMAL,8596.7,40.1,90.98,80.43,14.9,15.08,25.9,50.04,0,0,0,0,0
2026-01-01T00:03:11Z,compressor_trip,NORMAL,8564.8,40.22,90.79,82.1,14.95,15.0,25.97,49.96,0,0,0,0,0
2026-01-01T00:03:12Z,compressor_trip,NORMAL,8604.9,39.87,91.68,81.41,15.05,14.93,25.89,50.01,0,0,0,0,0
2026-01-01T00:03:13Z,compressor_trip,NORMAL,8575.6,39.89,91.5,80.38,15.13,14.94,25.95,49.94,0,0,0,0,0
2026-01-01T00:03:14Z,compressor_trip,NORMAL,8600.5,40.09,91.6,81.69,15.13,15.02,25.8,50.07,0,0,0,0,0
2026-01-01T00:03:15Z,compressor_trip,NORMAL,8582.4,39.91,91.4,81.24,15.16,15.0,25.76,49.99,0,0,0,0,0
2026-01-01T00:03:16Z,compressor_trip,NORMAL,8596.9,39.93,91.73,80.9,14.86,15.05,25.82,50.08,0,0,0,0,0
2026-01-01T00:03:17Z,compressor_trip,NORMAL,8597.5,39.72,91.56,82.2,14.8,15.09,25.99,50.01,0,0,0,0,0
2026-01-01T00:03:18Z,compressor_trip,NORMAL,8597.9,40.1,90.68,81.72,14.87,15.2,26.1,49.94,0,0,0,0,0
2026-01-01T00:03:19Z,compressor_trip,NORMAL,8594.1,40.28,90.77,80.94,14.96,15.12,25.89,50.0,0,0,0,0,0
2026-01-01T00:03:20Z,compressor_trip,NORMAL,8599.3,39.96,90.58,80.35,14.85,14.88,25.79,49.96,0,0,0,0,0
2026-01-01T00:03:21Z,compressor_trip,NORMAL,8596.5,40.01,90.6,80.51,14.9,14.86,25.84,50.04,0,0,0,0,0
2026-01-01T00:03:22Z,compressor_trip,NORMAL,8579.1,40.0,90.7,82.23,14.82,15.02,25.94,49.96,0,0,0,0,0
2026-01-01T00:03:23Z,compressor_trip,NORMAL,8596.0,40.03,90.47,81.23,15.04,15.13,25.92,50.07,0,0,0,0,0
2026-01-01T00:03:24Z,compressor_trip,NORMAL,8590.5,39.6,91.27,80.98,14.91,15.09,25.94,50.05,0,0,0,0,0
2026-01-01T00:03:25Z,compressor_trip,NORMAL,8591.3,40.15,91.34,81.25,14.9,15.09,25.99,50.1,0,0,0,0,0
2026-01-01T00:03:26Z,compressor_trip,NORMAL,8596.5,40.15,90.62,80.81,15.01,14.88,25.88,49.99,0,0,0,0,0
2026-01-01T00:03:27Z,compressor_trip,NORMAL,8590.5,40.04,91.55,80.82,15.07,14.99,25.98,50.01,0,0,0,0,0
2026-01-01T00:03:28Z,compressor_trip,NORMAL,8570.2,40.01,90.67,80.55,14.81,14.96,25.82,50.04,0,0,0,0,0
2026-01-01T00:03:29Z,compressor_trip,NORMAL,8588.1,39.66,90.65,81.39,14.94,14.97,25.97,49.99,0,0,0,0,0
2026-01-01T00:03:30Z,compressor_trip,NORMAL,8573.1,39.99,90.71,82.49,14.98,14.95,26.11,49.99,0,0,0,0,0
2026-01-01T00:03:31Z,compressor_trip,NORMAL,8592.2,39.83,91.76,80.7,15.04,15.11,25.99,50.0,0,0,0,0,0
2026-01-01T00:03:32Z,compressor_trip,NORMAL,8595.1,40.14,90.43,81.1,14.91,14.93,25.96,50.06,0,0,0,0,0
2026-01-01T00:03:33Z,compressor_trip,NORMAL,8604.7,40.52,90.95,80.59,14.9,15.16,25.88,49.98,0,0,0,0,0
2026-01-01T00:03:34Z,compressor_trip,NORMAL,8582.7,40.35,90.46,81.56,15.13,14.98,26.08,49.92,0,0,0,0,0
2026-01-01T00:03:35Z,compressor_trip,NORMAL,8587.0,39.96,89.68,81.21,15.04,14.83,25.9,49.96,0,0,0,0,0
2026-01-01T00:03:36Z,compressor_trip,NORMAL,8582.1,39.94,90.48,80.5,15.03,14.95,26.04,49.99,0,0,0,0,0
2026-01-01T00:03:37Z,compressor_trip,NORMAL,8591.5,39.97,91.39,81.06,15.09,15.12,25.91,50.05,0,0,0,0,0
2026-01-01T00:03:38Z,compressor_trip,NORMAL,8604.2,39.81,90.94,80.82,15.04,15.05,25.99,50.07,0,0,0,0,0
2026-01-01T00:03:39Z,compressor_trip,NORMAL,8577.4,39.97,91.46,81.98,14.95,15.08,26.09,49.92,0,0,0,0,0
2026-01-01T00:03:40Z,compressor_trip,NORMAL,8575.9,39.76,90.69,80.79,15.0,15.13,26.11,50.13,0,0,0,0,0
2026-01-01T00:03:41Z,compressor_trip,NORMAL,8582.5,40.16,91.15,81.75,14.96,15.08,26.24,49.96,0,0,0,0,0
2026-01-01T00:03:42Z,compressor_trip,NORMAL,8583.6,40.1,90.72,80.56,15.18,14.98,26.26,49.97,0,0,0,0,0
2026-01-01T00:03:43Z,compressor_trip,NORMAL,8581.8,40.16,90.83,80.54,14.93,15.03,26.02,50.0,0,0,0,0,0
2026-01-01T00:03:44Z,compressor_trip,NORMAL,8560.7,39.89,90.84,80.73,14.9,14.91,26.1,50.07,0,0,0,0,0
2026-01-01T00:03:45Z,compressor_trip,NORMAL,8568.8,39.94,91.41,81.15,14.99,14.95,26.1,49.99,0,0,0,0,0
2026-01-01T00:03:46Z,compressor_trip,NORMAL,8560.3,39.86,89.94,81.63,15.08,14.92,26.18,50.12,0,0,0,0,0
2026-01-01T00:03:47Z,compressor_trip,NORMAL,8575.4,40.26,91.09,80.86,14.89,14.94,26.07,49.88,0,0,0,0,0
2026-01-01T00:03:48Z,compressor_trip,NORMAL,8586.4,39.94,91.14,80.77,15.3,14.83,26.02,50.04,0,0,0,0,0
2026-01-01T00:03:49Z,compressor_trip,NORMAL,8604.1,39.8,91.81,80.52,15.13,15.01,26.34,50.09,0,0,0,0,0
2026-01-01T00:03:50Z,compressor_trip,NORMAL,8573.4,40.59,90.33,80.82,15.18,14.93,26.06,50.01,0,0,0,0,0
2026-01-01T00:03:51Z,compressor_trip,NORMAL,8583.8,40.08,90.52,81.07,15.06,15.15,26.16,49.94,0,0,0,0,0
2026-01-01T00:03:52Z,compressor_trip,NORMAL,8579.0,39.88,91.54,80.13,15.06,14.89,26.26,50.04,0,0,0,0,0
2026-01-01T00:03:53Z,compressor_trip,NORMAL,8580.3,40.1,90.71,81.3,15.0,15.07,26.15,49.88,0,0,0,0,0
2026-01-01T00:03:54Z,compressor_trip,NORMAL,8572.3,40.3,91.6,81.01,14.99,14.97,26.21,50.03,0,0,0,0,0
2026-01-01T00:03:55Z,compressor_trip,NORMAL,8567.0,40.13,91.48,80.48,14.98,15.05,26.22,49.98,0,0,0,0,0
2026-01-01T00:03:56Z,compressor_trip,NORMAL,8570.9,39.91,91.05,81.17,15.0,14.86,26.05,50.03,0,0,0,0,0
2026-01-01T00:03:57Z,compressor_trip,NORMAL,8563.3,40.05,90.67,80.65,15.0,15.17,26.19,49.99,0,0,0,0,0
2026-01-01T00:03:58Z,compressor_trip,NORMAL,8560.1,40.1,91.42,81.25,15.12,15.05,26.04,50.0,0,0,0,0,0
2026-01-01T00:03:59Z,compressor_trip,NORMAL,8579.5,40.14,90.6,80.91,15.04,15.13,26.27,50.03,0,0,0,0,0
2026-01-01T00:04:00Z,compressor_trip,NORMAL,8577.5,39.79,90.29,80.89,15.1,15.04,26.23,49.92,0,0,0,0,0
2026-01-01T00:04:01Z,compressor_trip,NORMAL,8558.3,40.22,90.81,80.28,15.09,15.03,26.48,50.06,0,0,0,0,0
2026-01-01T00:04:02Z,compressor_trip,NORMAL,8575.7,39.97,90.94,80.88,14.86,15.09,26.22,49.86,0,0,0,0,0
2026-01-01T00:04:03Z,compressor_trip,NORMAL,8565.2,39.83,91.31,80.9,15.15,14.84,26.09,50.05,0,0,0,0,0
2026-01-01T00:04:04Z,compressor_trip,NORMAL,8564.3,39.79,90.55,80.54,15.05,15.11,26.04,49.99,0,0,0,0,0
2026-01-01T00:04:05Z,compressor_trip,NORMAL,8570.2,40.02,91.22,80.98,14.94,14.89,26.02,49.98,0,0,0,0,0
2026-01-01T00:04:06Z,compressor_trip,NORMAL,8569.5,40.18,90.61,82.07,14.99,14.95,26.25,49.95,0,0,0,0,0
2026-01-01T00:04:07Z,compressor_trip,NORMAL,8570.8,39.59,91.13,80.94,15.02,15.02,26.09,49.96,0,0,0,0,0
2026-01-01T00:04:08Z,compressor_trip,NORMAL,8583.6,40.1,90.48,81.11,15.04,15.2,26.33,50.02,0,0,0,0,0
2026-01-01T00:04:09Z,compressor_trip,NORMAL,8562.7,40.36,90.72,80.46,14.88,14.91,26.19,50.04,0,0,0,0,0
2026-01-01T00:04:10Z,compressor_trip,NORMAL,8575.6,40.23,90.84,81.31,15.23,15.09,26.39,49.92,0,0,0,0,0
2026-01-01T00:04:11Z,compressor_trip,NORMAL,8558.3,39.85,89.42,80.92,15.14,14.95,26.25,49.96,0,0,0,0,0
2026-01-01T00:04:12Z,compressor_trip,NORMAL,8560.1,40.06,90.16,81.47,14.81,15.03,26.19,50.07,0,0,0,0,0
2026-01-01T00:04:13Z,compressor_trip,NORMAL,8571.9,39.58,89.53,80.38,14.95,14.98,26.25,50.03,0,0,0,0,0
2026-01-01T00:04:14Z,compressor_trip,NORMAL,8549.8,39.64,90.87,80.69,14.99,14.94,26.23,50.07,0,0,0,0,0
2026-01-01T00:04:15Z,compressor_trip,NORMAL,8546.5,39.75,91.05,81.65,14.98,14.87,26.05,50.01,0,0,0,0,0
2026-01-01T00:04:16Z,compressor_trip,NORMAL,8549.4,40.44,91.89,80.97,15.05,14.99,26.37,50.0,0,0,0,0,0
2026-01-01T00:04:17Z,compressor_trip,NORMAL,8561.8,40.27,91.03,81.92,14.84,14.94,26.17,50.04,0,0,0,0,0
2026-01-01T00:04:18Z,compressor_trip,NORMAL,8555.4,40.12,90.12,80.8,15.23,15.16,26.08,50.02,0,0,0,0,0
2026-01-01T00:04:19Z,compressor_trip,NORMAL,8567.8,39.9,90.15,81.18,15.01,15.06,26.26,50.12,0,0,0,0,0
2026-01-01T00:04:20Z,compressor_trip,NORMAL,8549.6,39.9,90.95,81.2,14.86,15.13,26.13,50.0,0,0,0,0,0
2026-01-01T00:04:21Z,compressor_trip,NORMAL,8554.9,39.86,91.25,79.66,14.93,14.91,26.37,50.08,0,0,0,0,0
2026-01-01T00:04:22Z,compressor_trip,NORMAL,8564.9,40.28,89.56,80.91,14.86,14.96,26.31,50.0,0,0,0,0,0
2026-01-01T00:04:23Z,compressor_trip,NORMAL,8570.1,39.6,90.25,80.08,14.84,15.1,26.31,50.08,0,0,0,0,0
2026-01-01T00:04:24Z,compressor_trip,NORMAL,8567.3,40.01,90.18,81.31,14.93,14.88,26.18,50.01,0,0,0,0,0
2026-01-01T00:04:25Z,compressor_trip,NORMAL,8567.3,40.01,91.26,80.85,14.96,15.27,26.49,50.01,0,0,0,0,0
2026-01-01T00:04:26Z,compressor_trip,NORMAL,8545.5,39.68,90.84,80.67,15.05,15.03,26.35,50.06,0,0,0,0,0
2026-01-01T00:04:27Z,compressor_trip,NORMAL,8556.1,39.86,90.25,81.09,14.89,15.07,26.39,50.0,0,0,0,0,0
2026-01-01T00:04:28Z,compressor_trip,NORMAL,8544.3,39.64,90.07,79.98,15.0,14.96,26.23,50.04,0,0,0,0,0
2026-01-01T00:04:29Z,compressor_trip,NORMAL,8552.6,40.01,90.9,81.3,14.84,15.07,26.14,49.96,0,0,0,0,0
2026-01-01T00:04:30Z,compressor_trip,NORMAL,8560.6,40.14,90.94,80.87,15.14,14.85,26.3,50.0,0,0,0,0,0
2026-01-01T00:04:31Z,compressor_trip,NORMAL,8569.9,40.21,91.12,80.39,15.22,15.05,26.23,50.12,0,0,0,0,0
2026-01-01T00:04:32Z,compressor_trip,NORMAL,8534.4,39.83,90.48,80.27,15.05,15.03,26.35,50.09,0,0,0,0,0
2026-01-01T00:04:33Z,compressor_trip,NORMAL,8531.5,40.27,90.17,81.49,15.19,15.23,26.32,49.94,0,0,0,0,0
2026-01-01T00:04:34Z,compressor_trip,NORMAL,8550.2,39.99,89.69,81.12,14.91,15.14,26.44,49.99,0,0,0,0,0
2026-01-01T00:04:35Z,compressor_trip,NORMAL,8546.4,39.95,90.34,82.29,14.91,15.01,26.45,49.98,0,0,0,0,0
2026-01-01T00:04:36Z,compressor_trip,NORMAL,8538.9,39.73,91.15,81.09,15.05,14.85,26.41,50.01,0,0,0,0,0
2026-01-01T00:04:37Z,compressor_trip,NORMAL,8540.9,39.72,90.52,80.29,15.01,15.01,26.33,50.04,0,0,0,0,0
2026-01-01T00:04:38Z,compressor_trip,NORMAL,8542.8,40.11,90.75,81.23,14.9,14.97,26.46,50.01,0,0,0,0,0
2026-01-01T00:04:39Z,compressor_trip,NORMAL,8553.8,40.15,90.31,81.15,14.97,15.1,26.56,50.05,0,0,0,0,0
2026-01-01T00:04:40Z,compressor_trip,NORMAL,8564.5,39.69,90.25,80.57,14.96,15.04,26.34,50.06,0,0,0,0,0
2026-01-01T00:04:41Z,compressor_trip,NORMAL,8550.6,40.08,90.01,80.97,15.07,15.04,26.38,50.07,0,0,0,0,0
2026-01-01T00:04:42Z,compressor_trip,NORMAL,8534.3,39.93,90.84,80.96,15.09,14.97,26.25,49.94,0,0,0,0,0
2026-01-01T00:04:43Z,compressor_trip,NORMAL,8534.6,40.16,90.89,79.78,15.05,14.99,26.29,50.11,0,0,0,0,0
2026-01-01T00:04:44Z,compressor_trip,NORMAL,8540.6,40.17,91.77,80.39,14.96,15.15,26.26,50.0,0,0,0,0,0
2026-01-01T00:04:45Z,compressor_trip,NORMAL,8537.5,40.19,90.68,80.21,15.1,15.08,26.3,49.97,0,0,0,0,0
2026-01-01T00:04:46Z,compressor_trip,NORMAL,8530.9,39.77,91.0,80.5,14.97,14.9,26.37,50.07,0,0,0,0,0
2026-01-01T00:04:47Z,compressor_trip,NORMAL,8542.7,39.68,89.96,80.97,14.95,14.94,26.32,49.93,0,0,0,0,0
2026-01-01T00:04:48Z,compressor_trip,NORMAL,8535.2,39.92,91.02,80.61,14.9,15.07,26.55,49.96,0,0,0,0,0
2026-01-01T00:04:49Z,compressor_trip,NORMAL,8516.3,39.9,89.76,81.46,14.86,14.97,26.57,50.04,0,0,0,0,0
2026-01-01T00:04:50Z,compressor_trip,NORMAL,8527.2,39.84,90.34,80.51,15.15,14.98,26.29,50.05,0,0,0,0,0
2026-01-01T00:04:51Z,compressor_trip,NORMAL,8541.8,39.95,90.81,80.65,14.88,14.99,26.31,49.97,0,0,0,0,0
2026-01-01T00:04:52Z,compressor_trip,NORMAL,8521.1,40.07,90.5,79.95,14.91,15.0,26.48,50.0,0,0,0,0,0
2026-01-01T00:04:53Z,compressor_trip,NORMAL,8507.5,40.26,91.29,81.4,15.05,15.07,26.37,50.01,0,0,0,0,0
2026-01-01T00:04:54Z,compressor_trip,NORMAL,8517.3,40.02,89.68,80.89,14.96,15.08,26.46,49.98,0,0,0,0,0
2026-01-01T00:04:55Z,compressor_trip,NORMAL,8536.1,39.77,90.25,80.32,15.07,14.99,26.47,50.03,0,0,0,0,0
2026-01-01T00:04:56Z,compressor_trip,NORMAL,8503.2,39.81,90.43,81.09,15.06,15.13,26.43,50.01,0,0,0,0,0
2026-01-01T00:04:57Z,compressor_trip,NORMAL,8520.7,39.91,89.95,80.3,14.98,14.93,26.46,49.91,0,0,0,0,0
2026-01-01T00:04:58Z,compressor_trip,NORMAL,8529.0,40.04,90.57,80.33,14.95,15.1,26.44,50.1,0,0,0,0,0
2026-01-01T00:04:59Z,compressor_trip,NORMAL,8509.7,39.95,89.78,80.16,14.92,14.95,26.54,49.94,0,0,0,0,0
2026-01-01T00:05:00Z,compressor_trip,NORMAL,8528.9,39.71,90.13,81.21,15.05,15.03,26.53,50.03,0,0,0,0,0
2026-01-01T00:05:01Z,compressor_trip,NORMAL,8528.1,40.28,89.8,80.5,15.06,15.07,26.53,50.07,0,0,0,0,0
2026-01-01T00:05:02Z,compressor_trip,NORMAL,8515.9,39.73,90.95,80.53,14.95,15.0,26.43,50.05,0,0,0,0,0
2026-01-01T00:05:03Z,compressor_trip,NORMAL,8528.8,40.06,90.57,80.54,15.1,14.76,26.36,50.0,0,0,0,0,0
2026-01-01T00:05:04Z,compressor_trip,NORMAL,8514.8,39.81,90.6,80.02,15.02,15.01,26.49,49.96,0,0,0,0,0
2026-01-01T00:05:05Z,compressor_trip,NORMAL,8516.0,40.25,90.55,80.98,14.99,14.83,26.44,49.99,0,0,0,0,0
2026-01-01T00:05:06Z,compressor_trip,NORMAL,8530.0,40.23,90.48,80.07,15.01,14.97,26.47,49.94,0,0,0,0,0
2026-01-01T00:05:07Z,compressor_trip,NORMAL,8520.6,39.99,90.66,79.75,14.89,15.36,26.41,50.01,0,0,0,0,0
2026-01-01T00:05:08Z,compressor_trip,NORMAL,8519.4,39.8,91.11,80.44,15.01,15.18,26.42,49.98,0,0,0,0,0
2026-01-01T00:05:09Z,compressor_trip,NORMAL,8510.6,39.73,90.38,80.7,15.02,15.07,26.59,50.02,0,0,0,0,0
2026-01-01T00:05:10Z,compressor_trip,NORMAL,8510.6,40.24,89.88,81.16,14.98,15.08,26.69,49.89,0,0,0,0,0
2026-01-01T00:05:11Z,compressor_trip,NORMAL,8510.1,39.92,91.07,80.25,15.27,14.85,26.55,49.98,0,0,0,0,0
2026-01-01T00:05:12Z,compressor_trip,NORMAL,8516.1,39.89,89.98,79.53,15.01,14.85,26.39,50.0,0,0,0,0,0
2026-01-01T00:05:13Z,compressor_trip,NORMAL,8508.9,40.21,89.52,80.64,15.03,14.97,26.44,50.0,0,0,0,0,0
2026-01-01T00:05:14Z,compressor_trip,NORMAL,8517.9,39.93,90.61,80.28,15.17,15.0,26.51,49.92,0,0,0,0,0
2026-01-01T00:05:15Z,compressor_trip,NORMAL,8493.8,40.08,90.06,80.55,14.93,14.98,26.47,50.01,0,0,0,0,0
2026-01-01T00:05:16Z,compressor_trip,NORMAL,8504.9,40.37,89.82,80.96,14.89,14.95,26.45,50.06,0,0,0,0,0
2026-01-01T00:05:17Z,compressor_trip,NORMAL,8510.5,40.03,90.28,79.85,15.14,15.14,26.54,50.0,0,0,0,0,0
2026-01-01T00:05:18Z,compressor_trip,NORMAL,8511.6,39.96,90.05,80.14,14.97,14.95,26.62,49.98,0,0,0,0,0
2026-01-01T00:05:19Z,compressor_trip,NORMAL,8499.8,39.87,89.39,81.15,15.05,15.09,26.5,50.07,0,0,0,0,0
2026-01-01T00:05:20Z,compressor_trip,NORMAL,8504.6,40.29,90.12,80.34,14.95,15.01,26.57,50.07,0,0,0,0,0
2026-01-01T00:05:21Z,compressor_trip,NORMAL,8517.5,40.02,90.73,79.0,14.95,15.02,26.64,50.02,0,0,0,0,0
2026-01-01T00:05:22Z,compressor_trip,NORMAL,8500.6,39.91,89.71,81.3,15.11,15.13,26.56,49.97,0,0,0,0,0
2026-01-01T00:05:23Z,compressor_trip,NORMAL,8505.7,40.0,90.03,80.32,14.94,14.91,26.54,49.93,0,0,0,0,0
2026-01-01T00:05:24Z,compressor_trip,NORMAL,8505.1,40.17,89.7,79.41,15.04,15.02,26.57,49.93,0,0,0,0,0
2026-01-01T00:05:25Z,compressor_trip,NORMAL,8479.0,40.34,89.97,80.57,14.99,15.04,26.44,49.98,0,0,0,0,0
2026-01-01T00:05:26Z,compressor_trip,NORMAL,8483.6,39.78,89.71,79.4,14.95,14.93,26.46,49.99,0,0,0,0,0
2026-01-01T00:05:27Z,compressor_trip,NORMAL,8496.0,39.83,91.06,80.66,15.11,14.97,26.67,50.04,0,0,0,0,0
2026-01-01T00:05:28Z,compressor_trip,NORMAL,8485.0,39.86,91.5,80.08,15.05,14.98,26.67,49.95,0,0,0,0,0
2026-01-01T00:05:29Z,compressor_trip,NORMAL,8484.1,40.23,90.13,79.04,15.0,14.98,26.66,50.02,0,0,0,0,0
2026-01-01T00:05:30Z,compressor_trip,NORMAL,8496.6,40.02,90.17,79.69,14.92,14.91,26.46,50.04,0,0,0,0,0
2026-01-01T00:05:31Z,compressor_trip,NORMAL,8503.0,40.12,89.71,79.99,14.96,15.11,26.65,50.09,0,0,0,0,0
2026-01-01T00:05:32Z,compressor_trip,NORMAL,8481.5,39.95,89.37,79.54,14.98,14.97,26.55,49.92,0,0,0,0,0
2026-01-01T00:05:33Z,compressor_trip,NORMAL,8492.2,39.94,90.45,80.51,14.87,15.04,26.54,50.08,0,0,0,0,0
2026-01-01T00:05:34Z,compressor_trip,NORMAL,8488.9,39.9,89.78,79.48,15.13,15.21,26.43,49.99,0,0,0,0,0
2026-01-01T00:05:35Z,compressor_trip,NORMAL,8487.1,39.88,90.58,80.84,14.98,15.21,26.61,49.99,0,0,0,0,0
2026-01-01T00:05:36Z,compressor_trip,NORMAL,8490.0,39.85,90.69,80.52,14.96,14.98,26.52,50.01,0,0,0,0,0
2026-01-01T00:05:37Z,compressor_trip,NORMAL,8473.3,40.0,89.69,80.48,15.1,15.08,26.61,49.96,0,0,0,0,0
2026-01-01T00:05:38Z,compressor_trip,NORMAL,8482.3,40.0,90.18,79.9,14.9,15.02,26.76,50.09,0,0,0,0,0
2026-01-01T00:05:39Z,compressor_trip,NORMAL,8492.2,39.8,90.63,79.76,14.92,15.04,26.49,50.04,0,0,0,0,0
2026-01-01T00:05:40Z,compressor_trip,NORMAL,8482.7,40.08,89.51,80.59,15.05,14.96,26.72,49.87,0,0,0,0,0
2026-01-01T00:05:41Z,compressor_trip,NORMAL,8485.9,39.98,89.51,80.25,15.05,14.93,26.62,50.0,0,0,0,0,0
2026-01-01T00:05:42Z,compressor_trip,NORMAL,8485.3,40.25,89.66,80.81,14.87,15.03,26.47,50.0,0,0,0,0,0
2026-01-01T00:05:43Z,compressor_trip,NORMAL,8487.6,40.4,89.91,79.76,15.1,15.0,26.65,50.05,0,0,0,0,0
2026-01-01T00:05:44Z,compressor_trip,NORMAL,8490.3,39.65,89.9,80.12,14.89,14.84,26.64,49.98,0,0,0,0,0
2026-01-01T00:05:45Z,compressor_trip,NORMAL,8471.2,39.97,89.69,80.13,15.16,15.0,26.84,50.06,0,0,0,0,0
2026-01-01T00:05:46Z,compressor_trip,NORMAL,8487.1,39.85,89.71,79.65,15.04,14.99,26.7,50.02,0,0,0,0,0
2026-01-01T00:05:47Z,compressor_trip,NORMAL,8478.1,39.93,89.36,79.88,15.07,14.98,26.65,50.04,0,0,0,0,0
2026-01-01T00:05:48Z,compressor_trip,NORMAL,8480.4,39.71,89.79,79.65,14.99,15.04,26.71,50.08,0,0,0,0,0
2026-01-01T00:05:49Z,compressor_trip,NORMAL,8469.5,39.94,90.11,80.56,14.9,15.07,26.73,49.99,0,0,0,0,0
2026-01-01T00:05:50Z,compressor_trip,NORMAL,8470.8,40.15,90.03,80.27,14.93,14.83,26.66,49.99,0,0,0,0,0
2026-01-01T00:05:51Z,compressor_trip,NORMAL,8477.2,39.85,90.12,80.26,14.93,15.09,26.64,49.97,0,0,0,0,0
2026-01-01T00:05:52Z,compressor_trip,NORMAL,8474.2,40.0,89.34,80.36,15.0,14.92,26.5,50.02,0,0,0,0,0
2026-01-01T00:05:53Z,compressor_trip,NORMAL,8471.7,40.02,90.47,78.79,15.13,15.14,26.58,50.05,0,0,0,0,0
2026-01-01T00:05:54Z,compressor_trip,NORMAL,8461.6,39.79,89.72,80.94,15.04,15.0,26.77,49.97,0,0,0,0,0
2026-01-01T00:05:55Z,compressor_trip,NORMAL,8483.8,40.31,89.98,79.62,15.11,15.03,26.75,50.06,0,0,0,0,0
2026-01-01T00:05:56Z,compressor_trip,NORMAL,8472.2,39.82,90.5,80.15,15.03,15.06,26.72,50.04,0,0,0,0,0
2026-01-01T00:05:57Z,compressor_trip,NORMAL,8468.9,39.96,89.47,79.74,14.97,15.1,26.66,49.99,0,0,0,0,0
2026-01-01T00:05:58Z,compressor_trip,NORMAL,8465.0,40.11,90.06,80.97,14.86,14.98,26.75,49.92,0,0,0,0,0
2026-01-01T00:05:59Z,compressor_trip,NORMAL,8482.5,39.98,89.32,80.46,14.78,15.02,26.6,50.0,0,0,0,0,0
2026-01-01T00:06:00Z,compressor_trip,NORMAL,8467.9,40.16,89.92,81.01,15.01,14.97,26.82,50.0,0,0,0,0,0
2026-01-01T00:06:01Z,compressor_trip,NORMAL,8467.4,39.21,89.93,79.92,14.96,14.93,26.79,49.9,0,0,0,0,0
2026-01-01T00:06:02Z,compressor_trip,NORMAL,8493.8,40.23,89.88,80.9,15.03,14.91,26.81,49.92,0,0,0,0,0
2026-01-01T00:06:03Z,compressor_trip,NORMAL,8467.4,40.24,89.95,79.21,15.02,14.99,26.64,49.88,0,0,0,0,0
2026-01-01T00:06:04Z,compressor_trip,NORMAL,8448.6,39.9,90.23,81.3,15.09,14.92,26.67,50.05,0,0,0,0,0
2026-01-01T00:06:05Z,compressor_trip,NORMAL,8465.7,40.08,89.78,80.51,15.22,15.0,26.73,50.03,0,0,0,0,0
2026-01-01T00:06:06Z,compressor_trip,NORMAL,8454.0,39.56,89.9,79.54,15.13,15.02,26.87,49.96,0,0,0,0,0
2026-01-01T00:06:07Z,compressor_trip,NORMAL,8469.0,39.67,90.11,79.78,15.09,14.96,26.79,50.03,0,0,0,0,0
2026-01-01T00:06:08Z,compressor_trip,NORMAL,8460.6,40.09,90.47,79.6,15.14,14.96,26.85,50.12,0,0,0,0,0
2026-01-01T00:06:09Z,compressor_trip,NORMAL,8447.9,39.57,89.7,79.53,14.95,14.97,26.68,50.07,0,0,0,0,0
2026-01-01T00:06:10Z,compressor_trip,NORMAL,8466.3,40.23,90.77,79.48,14.75,15.2,26.76,50.0,0,0,0,0,0
2026-01-01T00:06:11Z,compressor_trip,NORMAL,8436.1,39.73,89.95,79.78,14.78,14.91,26.84,50.06,0,0,0,0,0
2026-01-01T00:06:12Z,compressor_trip,NORMAL,8455.4,40.57,90.11,80.75,15.13,15.08,26.6,49.92,0,0,0,0,0
2026-01-01T00:06:13Z,compressor_trip,NORMAL,8445.0,40.05,89.58,80.02,15.0,15.05,26.84,50.0,0,0,0,0,0
2026-01-01T00:06:14Z,compressor_trip,NORMAL,8448.6,39.48,90.01,79.44,14.91,15.09,26.84,50.03,0,0,0,0,0
2026-01-01T00:06:15Z,compressor_trip,NORMAL,8460.2,39.78,89.45,79.54,15.17,15.09,26.72,50.04,0,0,0,0,0
2026-01-01T00:06:16Z,compressor_trip,NORMAL,8453.5,39.98,89.79,80.23,14.99,14.87,26.79,49.99,0,0,0,0,0
2026-01-01T00:06:17Z,compressor_trip,NORMAL,8437.5,39.85,89.42,79.81,15.06,14.98,26.8,49.98,0,0,0,0,0
2026-01-01T00:06:18Z,compressor_trip,NORMAL,8453.5,40.08,89.82,80.5,14.97,14.84,26.75,50.04,0,0,0,0,0
2026-01-01T00:06:19Z,compressor_trip,NORMAL,8447.5,40.06,88.66,79.36,15.05,15.08,26.69,50.02,0,0,0,0,0
2026-01-01T00:06:20Z,compressor_trip,NORMAL,8439.3,39.77,89.55,79.87,15.04,15.07,26.93,50.05,0,0,0,0,0
2026-01-01T00:06:21Z,compressor_trip,NORMAL,8441.9,40.19,88.77,79.8,15.11,15.07,26.85,50.1,0,0,0,0,0
2026-01-01T00:06:22Z,compressor_trip,NORMAL,8437.3,40.16,89.45,80.3,15.01,15.08,26.92,50.03,0,0,0,0,0
2026-01-01T00:06:23Z,compressor_trip,NORMAL,8441.8,39.93,89.14,80.25,15.13,14.98,26.59,49.97,0,0,0,0,0
2026-01-01T00:06:24Z,compressor_trip,NORMAL,8447.4,39.81,88.5,79.5,14.8,15.03,26.73,50.0,0,0,0,0,0
2026-01-01T00:06:25Z,compressor_trip,NORMAL,8455.2,39.82,88.4,79.7,15.05,14.86,26.74,49.98,0,0,0,0,0
2026-01-01T00:06:26Z,compressor_trip,NORMAL,8441.7,39.88,90.79,79.57,15.02,14.95,26.52,50.07,0,0,0,0,0
2026-01-01T00:06:27Z,compressor_trip,NORMAL,8409.1,40.27,88.79,79.02,14.99,15.22,26.82,49.99,0,0,0,0,0
2026-01-01T00:06:28Z,compressor_trip,NORMAL,8432.2,40.13,89.26,80.04,14.8,15.05,26.82,49.93,0,0,0,0,0
2026-01-01T00:06:29Z,compressor_trip,NORMAL,8428.7,39.97,89.19,79.82,14.86,14.91,27.0,49.96,0,0,0,0,0
2026-01-01T00:06:30Z,compressor_trip,NORMAL,8434.0,39.96,89.29,80.27,14.94,15.09,26.71,50.04,0,0,0,0,0
2026-01-01T00:06:31Z,compressor_trip,NORMAL,8435.4,39.97,89.37,79.93,14.88,14.9,27.0,50.03,0,0,0,0,0
2026-01-01T00:06:32Z,compressor_trip,NORMAL,8433.1,40.13,89.38,78.52,15.02,14.99,26.83,49.96,0,0,0,0,0
2026-01-01T00:06:33Z,compressor_trip,NORMAL,8433.8,40.23,89.32,79.42,15.04,14.96,26.91,49.99,0,0,0,0,0
2026-01-01T00:06:34Z,compressor_trip,NORMAL,8438.8,39.86,88.77,79.99,15.03,15.06,26.88,49.93,0,0,0,0,0
2026-01-01T00:06:35Z,compressor_trip,NORMAL,8435.7,39.6,89.64,79.08,15.05,15.07,26.75,50.0,0,0,0,0,0
2026-01-01T00:06:36Z,compressor_trip,NORMAL,8445.9,39.67,89.7,79.67,15.09,14.83,26.81,50.06,0,0,0,0,0
2026-01-01T00:06:37Z,compressor_trip,NORMAL,8446.6,39.85,89.23,80.52,14.86,15.0,26.83,50.01,0,0,0,0,0
2026-01-01T00:06:38Z,compressor_trip,NORMAL,8422.9,40.19,89.8,80.5,14.92,14.95,26.92,50.09,0,0,0,0,0
2026-01-01T00:06:39Z,compressor_trip,NORMAL,8431.4,39.69,89.24,80.06,15.07,15.11,27.01,49.98,0,0,0,0,0
2026-01-01T00:06:40Z,compressor_trip,NORMAL,8421.7,39.76,89.28,80.08,15.17,15.02,26.82,49.99,0,0,0,0,0
2026-01-01T00:06:41Z,compressor_trip,NORMAL,8442.3,39.85,89.28,79.52,15.0,15.18,26.73,50.12,0,0,0,0,0
2026-01-01T00:06:42Z,compressor_trip,NORMAL,8422.8,39.84,88.99,79.88,15.0,15.11,26.74,49.92,0,0,0,0,0
2026-01-01T00:06:43Z,compressor_trip,NORMAL,8425.0,40.06,88.58,79.49,15.05,14.92,26.74,49.95,0,0,0,0,0
2026-01-01T00:06:44Z,compressor_trip,NORMAL,8426.6,40.09,90.68,80.12,14.87,14.85,26.82,50.08,0,0,0,0,0
2026-01-01T00:06:45Z,compressor_trip,NORMAL,8433.9,39.89,89.8,80.21,15.15,14.89,26.87,49.94,0,0,0,0,0
2026-01-01T00:06:46Z,compressor_trip,NORMAL,8418.6,39.74,89.16,78.8,15.08,15.0,26.75,50.02,0,0,0,0,0
2026-01-01T00:06:47Z,compressor_trip,NORMAL,8441.3,40.07,88.99,79.37,14.99,14.93,26.66,49.98,0,0,0,0,0
2026-01-01T00:06:48Z,compressor_trip,NORMAL,8437.7,39.83,88.31,79.45,15.11,14.83,26.86,50.02,0,0,0,0,0
2026-01-01T00:06:49Z,compressor_trip,NORMAL,8430.0,40.11,89.57,78.7,15.06,15.14,26.82,50.02,0,0,0,0,0
2026-01-01T00:06:50Z,compressor_trip,NORMAL,8413.8,40.26,88.95,80.31,14.96,15.07,26.79,50.09,0,0,0,0,0
2026-01-01T00:06:51Z,compressor_trip,NORMAL,8403.6,40.07,88.22,78.87,15.19,15.09,26.64,50.0,0,0,0,0,0
2026-01-01T00:06:52Z,compressor_trip,NORMAL,8416.5,40.11,90.17,79.79,15.04,15.05,26.74,50.04,0,0,0,0,0
2026-01-01T00:06:53Z,compressor_trip,NORMAL,8431.3,39.88,88.92,80.18,15.02,14.89,26.81,49.98,0,0,0,0,0
2026-01-01T00:06:54Z,compressor_trip,NORMAL,8420.8,39.99,89.11,80.28,15.08,15.15,26.68,50.01,0,0,0,0,0
2026-01-01T00:06:55Z,compressor_trip,NORMAL,8432.6,40.15,88.89,79.06,15.1,14.98,26.92,50.01,0,0,0,0,0
2026-01-01T00:06:56Z,compressor_trip,NORMAL,8419.1,40.02,88.8,80.28,15.05,15.14,26.8,49.97,0,0,0,0,0
2026-01-01T00:06:57Z,compressor_trip,NORMAL,8416.5,39.83,89.55,79.78,14.95,14.97,26.9,49.96,0,0,0,0,0
2026-01-01T00:06:58Z,compressor_trip,NORMAL,8415.0,40.31,88.83,79.15,15.25,14.79,26.74,50.09,0,0,0,0,0
2026-01-01T00:06:59Z,compressor_trip,NORMAL,8414.4,40.1,90.26,79.05,14.94,15.04,26.86,49.97,0,0,0,0,0
2026-01-01T00:07:00Z,compressor_trip,NORMAL,8416.6,39.73,89.42,79.81,14.98,14.98,26.92,49.97,0,0,0,0,0
2026-01-01T00:07:01Z,compressor_trip,NORMAL,8414.3,39.99,89.92,79.36,14.99,14.98,26.83,49.95,0,0,0,0,0
2026-01-01T00:07:02Z,compressor_trip,NORMAL,8407.7,40.17,88.89,79.43,14.95,14.87,26.82,50.07,0,0,0,0,0
2026-01-01T00:07:03Z,compressor_trip,NORMAL,8412.2,39.86,88.96,79.2,15.02,14.96,26.86,49.98,0,0,0,0,0
2026-01-01T00:07:04Z,compressor_trip,NORMAL,8419.3,40.06,89.27,79.68,14.99,15.12,26.92,50.07,0,0,0,0,0
2026-01-01T00:07:05Z,compressor_trip,NORMAL,8414.4,40.05,88.82,79.36,15.08,14.96,27.02,50.0,0,0,0,0,0
2026-01-01T00:07:06Z,compressor_trip,NORMAL,8430.6,39.79,89.01,79.1,15.1,15.06,26.87,49.98,0,0,0,0,0
2026-01-01T00:07:07Z,compressor_trip,NORMAL,8413.9,40.14,89.56,79.31,14.96,15.01,26.89,50.01,0,0,0,0,0
2026-01-01T00:07:08Z,compressor_trip,NORMAL,8409.2,40.35,88.83,80.09,15.14,15.09,27.07,50.03,0,0,0,0,0
2026-01-01T00:07:09Z,compressor_trip,NORMAL,8410.1,39.9,88.8,79.74,14.85,14.86,27.04,50.05,0,0,0,0,0
2026-01-01T00:07:10Z,compressor_trip,NORMAL,8416.9,40.18,89.52,79.22,14.85,15.13,26.93,49.93,0,0,0,0,0
2026-01-01T00:07:11Z,compressor_trip,NORMAL,8413.7,39.91,89.07,79.15,15.06,14.98,26.77,50.03,0,0,0,0,0
2026-01-01T00:07:12Z,compressor_trip,NORMAL,8416.7,39.71,89.32,79.75,14.98,15.02,26.81,49.91,0,0,0,0,0
2026-01-01T00:07:13Z,compressor_trip,NORMAL,8416.6,39.98,89.33,79.18,14.97,15.02,26.89,50.04,0,0,0,0,0
2026-01-01T00:07:14Z,compressor_trip,NORMAL,8406.6,39.71,89.18,78.64,14.75,14.89,26.85,49.96,0,0,0,0,0
2026-01-01T00:07:15Z,compressor_trip,NORMAL,8395.1,39.96,89.71,79.7,15.0,15.09,26.85,49.96,0,0,0,0,0
2026-01-01T00:07:16Z,compressor_trip,NORMAL,8416.8,39.78,89.26,79.26,14.96,14.95,27.01,49.92,0,0,0,0,0
2026-01-01T00:07:17Z,compressor_trip,NORMAL,8412.3,39.94,88.72,79.29,15.03,14.99,26.92,50.07,0,0,0,0,0
2026-01-01T00:07:18Z,compressor_trip,NORMAL,8403.2,40.08,88.22,79.49,14.81,15.06,26.85,50.01,0,0,0,0,0
2026-01-01T00:07:19Z,compressor_trip,NORMAL,8394.2,40.0,89.49,79.56,15.0,15.0,27.02,50.04,0,0,0,0,0
2026-01-01T00:07:20Z,compressor_trip,NORMAL,8402.1,39.88,88.74,79.23,14.88,14.78,26.88,50.01,0,0,0,0,0
2026-01-01T00:07:21Z,compressor_trip,NORMAL,8409.9,40.22,88.42,78.98,14.86,15.02,26.9,49.98,0,0,0,0,0
2026-01-01T00:07:22Z,compressor_trip,NORMAL,8408.0,39.86,88.55,80.02,15.08,14.98,26.75,49.99,0,0,0,0,0
2026-01-01T00:07:23Z,compressor_trip,NORMAL,8413.0,40.03,89.57,79.84,14.99,14.95,26.86,49.98,0,0,0,0,0
2026-01-01T00:07:24Z,compressor_trip,NORMAL,8415.9,39.92,88.22,79.45,14.99,14.95,26.71,50.06,0,0,0,0,0
2026-01-01T00:07:25Z,compressor_trip,NORMAL,8413.5,39.77,89.13,78.67,14.86,14.79,26.99,50.04,0,0,0,0,0
2026-01-01T00:07:26Z,compressor_trip,NORMAL,8403.1,39.99,89.92,78.83,14.88,15.01,26.97,49.99,0,0,0,0,0
2026-01-01T00:07:27Z,compressor_trip,NORMAL,8391.6,39.85,89.39,79.56,14.83,14.88,26.82,50.0,0,0,0,0,0
2026-01-01T00:07:28Z,compressor_trip,NORMAL,8427.6,39.94,89.07,78.79,15.26,14.94,26.87,50.01,0,0,0,0,0
2026-01-01T00:07:29Z,compressor_trip,NORMAL,8392.0,40.16,89.03,78.77,14.94,14.81,26.86,49.89,0,0,0,0,0
2026-01-01T00:07:30Z,compressor_trip,NORMAL,8400.5,39.9,88.74,78.89,14.92,15.12,27.06,49.99,0,0,0,0,0
2026-01-01T00:07:31Z,compressor_trip,NORMAL,8416.1,39.94,88.87,78.76,15.07,15.06,26.79,50.01,0,0,0,0,0
2026-01-01T00:07:32Z,compressor_trip,NORMAL,8399.2,39.82,89.01,78.21,14.96,15.19,26.97,49.94,0,0,0,0,0
2026-01-01T00:07:33Z,compressor_trip,NORMAL,8409.6,40.02,88.86,78.87,15.0,14.94,26.91,50.04,0,0,0,0,0
2026-01-01T00:07:34Z,compressor_trip,NORMAL,8412.0,39.74,88.78,79.96,15.18,15.04,27.09,50.06,0,0,0,0,0
2026-01-01T00:07:35Z,compressor_trip,NORMAL,8402.3,39.6,88.98,78.51,15.01,15.17,26.95,49.96,0,0,0,0,0
2026-01-01T00:07:36Z,compressor_trip,NORMAL,8391.7,39.61,88.05,79.96,15.09,14.99,26.91,50.0,0,0,0,0,0
2026-01-01T00:07:37Z,compressor_trip,NORMAL,8403.0,40.28,89.2,78.15,15.11,14.81,26.89,49.93,0,0,0,0,0
2026-01-01T00:07:38Z,compressor_trip,NORMAL,8403.3,39.75,88.31,78.61,15.08,14.98,27.0,50.07,0,0,0,0,0
2026-01-01T00:07:39Z,compressor_trip,NORMAL,8405.1,40.11,88.51,79.09,14.89,15.06,27.02,50.05,0,0,0,0,0
2026-01-01T00:07:40Z,compressor_trip,NORMAL,8402.2,40.18,88.92,78.84,15.05,15.07,27.15,50.04,0,0,0,0,0
2026-01-01T00:07:41Z,compressor_trip,NORMAL,8391.3,39.8,88.34,79.16,14.89,15.14,26.91,50.03,0,0,0,0,0
2026-01-01T00:07:42Z,compressor_trip,NORMAL,8403.6,40.07,88.47,79.1,14.96,14.99,26.95,50.03,0,0,0,0,0
2026-01-01T00:07:43Z,compressor_trip,NORMAL,8397.3,40.16,89.15,79.93,14.67,14.94,27.06,49.87,0,0,0,0,0
2026-01-01T00:07:44Z,compressor_trip,NORMAL,8416.6,40.02,87.96,79.47,14.89,14.91,27.09,49.98,0,0,0,0,0
2026-01-01T00:07:45Z,compressor_trip,NORMAL,8392.0,40.4,89.45,78.93,14.92,14.98,27.1,49.95,0,0,0,0,0
2026-01-01T00:07:46Z,compressor_trip,NORMAL,8388.7,40.25,88.84,79.14,15.05,14.96,26.7,49.99,0,0,0,0,0
2026-01-01T00:07:47Z,compressor_trip,NORMAL,8413.7,40.43,88.92,79.08,15.14,15.06,26.97,49.9,0,0,0,0,0
2026-01-01T00:07:48Z,compressor_trip,NORMAL,8397.0,40.04,88.22,78.9,15.17,14.97,26.8,49.91,0,0,0,0,0
2026-01-01T00:07:49Z,compressor_trip,NORMAL,8401.0,39.88,88.54,79.19,15.03,15.02,26.98,49.94,0,0,0,0,0
2026-01-01T00:07:50Z,compressor_trip,NORMAL,8394.6,39.93,88.94,79.57,14.93,14.92,27.09,50.01,0,0,0,0,0
2026-01-01T00:07:51Z,compressor_trip,NORMAL,8386.9,39.94,88.35,78.5,14.87,14.92,27.15,50.05,0,0,0,0,0
2026-01-01T00:07:52Z,compressor_trip,NORMAL,8414.6,40.22,88.9,79.27,15.01,14.89,26.83,50.05,0,0,0,0,0
2026-01-01T00:07:53Z,compressor_trip,NORMAL,8388.5,40.04,89.29,79.44,15.04,14.88,27.0,49.99,0,0,0,0,0
2026-01-01T00:07:54Z,compressor_trip,NORMAL,8390.9,39.6,89.19,78.28,14.83,15.17,26.83,49.98,0,0,0,0,0
2026-01-01T00:07:55Z,compressor_trip,NORMAL,8401.3,40.01,88.45,78.7,15.08,14.97,26.95,49.89,0,0,0,0,0
2026-01-01T00:07:56Z,compressor_trip,NORMAL,8394.8,40.17,88.6,78.58,15.04,15.06,26.99,49.97,0,0,0,0,0
2026-01-01T00:07:57Z,compressor_trip,NORMAL,8408.0,40.33,89.54,78.27,15.29,14.87,26.83,50.02,0,0,0,0,0
2026-01-01T00:07:58Z,compressor_trip,NORMAL,8399.5,40.07,89.61,79.51,14.91,15.01,27.06,50.05,0,0,0,0,0
2026-01-01T00:07:59Z,compressor_trip,NORMAL,8411.7,40.16,89.31,78.78,14.87,15.04,26.91,50.06,0,0,0,0,0
2026-01-01T00:08:00Z,compressor_trip,NORMAL,8391.7,39.92,88.74,79.52,15.08,15.0,26.99,50.08,0,0,0,0,0
2026-01-01T00:08:01Z,compressor_trip,NORMAL,8382.8,40.15,89.49,79.64,15.08,14.92,26.9,50.03,0,0,0,0,0
2026-01-01T00:08:02Z,compressor_trip,NORMAL,8394.6,39.96,88.2,78.44,15.03,14.96,26.88,49.99,0,0,0,0,0
2026-01-01T00:08:03Z,compressor_trip,NORMAL,8403.5,39.95,89.04,79.07,14.97,15.0,26.87,49.97,0,0,0,0,0
2026-01-01T00:08:04Z,compressor_trip,NORMAL,8382.1,39.77,88.36,78.83,15.11,15.0,26.97,49.95,0,0,0,0,0
2026-01-01T00:08:05Z,compressor_trip,NORMAL,8403.4,40.34,88.91,78.61,14.88,15.03,26.87,50.04,0,0,0,0,0
2026-01-01T00:08:06Z,compressor_trip,NORMAL,8390.5,39.67,89.19,78.37,15.06,15.1,26.9,50.01,0,0,0,0,0
2026-01-01T00:08:07Z,compressor_trip,NORMAL,8414.6,39.91,89.75,78.85,14.91,15.01,26.98,50.06,0,0,0,0,0
2026-01-01T00:08:08Z,compressor_trip,NORMAL,8409.6,40.07,89.28,79.1,15.08,14.95,26.85,50.01,0,0,0,0,0
2026-01-01T00:08:09Z,compressor_trip,NORMAL,8427.7,40.16,88.6,79.71,14.81,14.97,27.0,49.97,0,0,0,0,0
2026-01-01T00:08:10Z,compressor_trip,NORMAL,8395.0,39.97,88.68,78.62,14.89,14.84,26.87,49.99,0,0,0,0,0
2026-01-01T00:08:11Z,compressor_trip,NORMAL,8411.1,39.87,88.34,79.81,14.89,15.01,26.87,49.96,0,0,0,0,0
2026-01-01T00:08:12Z,compressor_trip,NORMAL,8405.0,40.09,89.59,79.34,15.02,15.06,26.86,50.06,0,0,0,0,0
2026-01-01T00:08:13Z,compressor_trip,NORMAL,8406.6,40.1,89.25,78.26,14.89,15.01,26.98,50.03,0,0,0,0,0
2026-01-01T00:08:14Z,compressor_trip,NORMAL,8402.5,39.96,89.58,79.18,15.07,15.12,27.09,50.02,0,0,0,0,0
2026-01-01T00:08:15Z,compressor_trip,NORMAL,8408.8,40.05,89.49,80.14,14.9,14.92,27.12,50.01,0,0,0,0,0
2026-01-01T00:08:16Z,compressor_trip,NORMAL,8397.4,39.86,89.42,79.28,15.2,14.99,27.06,50.08,0,0,0,0,0
2026-01-01T00:08:17Z,compressor_trip,NORMAL,8387.5,39.79,89.09,78.71,14.96,14.93,26.95,49.95,0,0,0,0,0
2026-01-01T00:08:18Z,compressor_trip,NORMAL,8389.2,40.08,89.02,79.48,15.05,15.04,27.04,49.95,0,0,0,0,0
2026-01-01T00:08:19Z,compressor_trip,NORMAL,8397.2,40.05,89.42,79.32,14.98,14.98,26.99,49.94,0,0,0,0,0
2026-01-01T00:08:20Z,compressor_trip,NORMAL,8410.9,40.15,89.42,79.49,15.1,14.81,26.99,49.93,0,0,0,0,0
2026-01-01T00:08:21Z,compressor_trip,NORMAL,8393.1,39.97,89.55,79.15,15.02,15.18,26.99,49.95,0,0,0,0,0
2026-01-01T00:08:22Z,compressor_trip,NORMAL,8388.9,39.83,89.02,78.22,15.04,15.03,26.9,50.01,0,0,0,0,0
2026-01-01T00:08:23Z,compressor_trip,NORMAL,8408.2,39.87,89.33,78.63,15.06,15.15,27.0,49.94,0,0,0,0,0
2026-01-01T00:08:24Z,compressor_trip,NORMAL,8404.1,40.02,88.53,78.36,14.96,15.09,27.05,50.06,0,0,0,0,0
2026-01-01T00:08:25Z,compressor_trip,NORMAL,8403.0,40.39,88.54,79.21,14.98,15.15,26.97,49.95,0,0,0,0,0
2026-01-01T00:08:26Z,compressor_trip,NORMAL,8406.2,39.78,88.53,79.45,15.0,15.09,26.88,50.06,0,0,0,0,0
2026-01-01T00:08:27Z,compressor_trip,NORMAL,8402.2,39.61,88.52,78.28,14.85,15.05,27.01,50.03,0,0,0,0,0
2026-01-01T00:08:28Z,compressor_trip,NORMAL,8396.9,40.11,88.24,78.74,14.98,14.94,26.98,50.0,0,0,0,0,0
2026-01-01T00:08:29Z,compressor_trip,NORMAL,8409.3,40.06,89.45,78.74,15.07,15.03,27.0,50.01,0,0,0,0,0
2026-01-01T00:08:30Z,compressor_trip,NORMAL,8383.3,40.38,88.52,78.58,14.97,14.87,27.15,49.97,0,0,0,0,0
2026-01-01T00:08:31Z,compressor_trip,NORMAL,8398.3,39.83,89.19,79.68,15.03,14.92,27.1,50.01,0,0,0,0,0
2026-01-01T00:08:32Z,compressor_trip,NORMAL,8398.2,39.99,89.04,79.1,15.0,15.0,27.16,50.14,0,0,0,0,0
2026-01-01T00:08:33Z,compressor_trip,NORMAL,8407.5,39.82,88.46,79.39,14.84,14.98,27.01,50.01,0,0,0,0,0
2026-01-01T00:08:34Z,compressor_trip,NORMAL,8402.0,40.37,89.38,78.75,15.08,14.98,26.92,49.98,0,0,0,0,0
2026-01-01T00:08:35Z,compressor_trip,NORMAL,8418.2,39.89,88.95,79.49,15.03,15.02,26.91,50.12,0,0,0,0,0
2026-01-01T00:08:36Z,compressor_trip,NORMAL,8414.9,39.53,89.64,78.34,14.86,14.93,27.1,49.99,0,0,0,0,0
2026-01-01T00:08:37Z,compressor_trip,NORMAL,8409.2,39.67,89.53,78.85,14.87,15.03,27.02,50.0,0,0,0,0,0
2026-01-01T00:08:38Z,compressor_trip,NORMAL,8420.4,40.12,89.75,78.95,15.01,15.09,27.09,49.98,0,0,0,0,0
2026-01-01T00:08:39Z,compressor_trip,NORMAL,8426.7,40.02,89.0,79.2,14.91,14.84,27.18,50.05,0,0,0,0,0
2026-01-01T00:08:40Z,compressor_trip,NORMAL,8399.0,40.03,89.31,78.74,15.14,14.95,27.07,49.97,0,0,0,0,0
2026-01-01T00:08:41Z,compressor_trip,NORMAL,8413.7,40.31,89.24,78.74,15.02,15.07,26.93,49.98,0,0,0,0,0
2026-01-01T00:08:42Z,compressor_trip,NORMAL,8426.6,40.28,88.67,78.33,14.87,14.89,26.94,50.0,0,0,0,0,0
2026-01-01T00:08:43Z,compressor_trip,NORMAL,8395.6,40.03,87.56,79.06,15.16,14.88,26.69,50.01,0,0,0,0,0
2026-01-01T00:08:44Z,compressor_trip,NORMAL,8416.8,39.92,89.13,79.63,15.17,15.06,26.85,50.01,0,0,0,0,0
2026-01-01T00:08:45Z,compressor_trip,NORMAL,8400.3,40.0,88.9,78.7,15.15,14.98,26.82,50.02,0,0,0,0,0
2026-01-01T00:08:46Z,compressor_trip,NORMAL,8417.6,40.01,88.63,78.77,14.94,14.95,26.9,49.99,0,0,0,0,0
2026-01-01T00:08:47Z,compressor_trip,NORMAL,8397.6,40.05,88.63,79.43,15.04,15.15,26.84,50.07,0,0,0,0,0
2026-01-01T00:08:48Z,compressor_trip,NORMAL,8410.4,40.12,89.47,79.47,15.01,15.05,26.96,50.04,0,0,0,0,0
2026-01-01T00:08:49Z,compressor_trip,NORMAL,8403.1,40.08,89.8,80.0,15.11,15.15,27.02,50.05,0,0,0,0,0
2026-01-01T00:08:50Z,compressor_trip,NORMAL,8432.0,39.99,88.24,78.91,15.02,14.92,26.85,49.98,0,0,0,0,0
2026-01-01T00:08:51Z,compressor_trip,NORMAL,8400.7,40.18,89.89,79.33,14.86,15.02,26.89,50.01,0,0,0,0,0
2026-01-01T00:08:52Z,compressor_trip,NORMAL,8405.3,40.2,89.4,78.84,15.05,15.01,27.14,49.9,0,0,0,0,0
2026-01-01T00:08:53Z,compressor_trip,NORMAL,8418.1,40.25,88.87,78.75,15.02,14.91,26.92,49.95,0,0,0,0,0
2026-01-01T00:08:54Z,compressor_trip,NORMAL,8412.7,39.58,88.75,79.28,14.96,14.96,27.06,50.08,0,0,0,0,0
2026-01-01T00:08:55Z,compressor_trip,NORMAL,8407.6,40.24,88.18,78.58,15.05,15.03,26.98,50.04,0,0,0,0,0
2026-01-01T00:08:56Z,compressor_trip,NORMAL,8413.5,40.15,88.82,78.69,14.81,15.07,26.88,50.05,0,0,0,0,0
2026-01-01T00:08:57Z,compressor_trip,NORMAL,8426.2,39.96,89.11,79.11,14.98,14.85,27.11,49.97,0,0,0,0,0
2026-01-01T00:08:58Z,compressor_trip,NORMAL,8421.9,40.06,89.22,79.12,15.09,14.91,27.07,50.01,0,0,0,0,0
2026-01-01T00:08:59Z,compressor_trip,NORMAL,8417.6,39.92,89.06,79.3,14.88,14.83,26.94,50.04,0,0,0,0,0
2026-01-01T00:09:00Z,compressor_trip,NORMAL,8414.7,40.27,89.73,79.72,15.15,15.03,27.03,49.97,0,0,0,0,0
2026-01-01T00:09:01Z,compressor_trip,NORMAL,8391.4,40.08,88.7,78.92,14.75,15.09,26.95,49.97,0,0,0,0,0
2026-01-01T00:09:02Z,compressor_trip,NORMAL,8407.3,39.84,88.67,78.54,14.86,14.98,26.93,50.04,0,0,0,0,0
2026-01-01T00:09:03Z,compressor_trip,NORMAL,8401.9,39.91,88.65,79.19,14.99,15.08,27.15,50.0,0,0,0,0,0
2026-01-01T00:09:04Z,compressor_trip,NORMAL,8425.3,39.85,89.04,79.04,15.21,14.89,26.95,50.0,0,0,0,0,0
2026-01-01T00:09:05Z,compressor_trip,NORMAL,8413.1,40.07,89.12,79.09,14.93,15.07,26.87,49.98,0,0,0,0,0
2026-01-01T00:09:06Z,compressor_trip,NORMAL,8429.7,40.28,88.74,79.34,14.99,15.1,26.98,50.08,0,0,0,0,0
2026-01-01T00:09:07Z,compressor_trip,NORMAL,8437.2,39.81,88.96,78.66,14.99,14.82,26.8,50.05,0,0,0,0,0
2026-01-01T00:09:08Z,compressor_trip,NORMAL,8425.9,40.15,88.67,78.51,14.98,15.14,26.97,50.01,0,0,0,0,0
2026-01-01T00:09:09Z,compressor_trip,NORMAL,8434.9,40.08,89.22,79.26,14.98,15.16,26.95,49.96,0,0,0,0,0
2026-01-01T00:09:10Z,compressor_trip,NORMAL,8430.5,40.19,88.9,79.41,15.11,14.66,26.79,50.02,0,0,0,0,0
2026-01-01T00:09:11Z,compressor_trip,NORMAL,8415.1,40.34,89.31,79.0,15.01,14.96,26.9,50.01,0,0,0,0,0
2026-01-01T00:09:12Z,compressor_trip,NORMAL,8435.0,39.69,89.27,78.83,15.01,14.92,26.98,49.95,0,0,0,0,0
2026-01-01T00:09:13Z,compressor_trip,NORMAL,8425.5,39.95,88.32,79.27,14.72,14.96,26.81,50.01,0,0,0,0,0
2026-01-01T00:09:14Z,compressor_trip,NORMAL,8423.0,40.16,89.06,78.96,15.11,14.95,26.96,50.07,0,0,0,0,0
2026-01-01T00:09:15Z,compressor_trip,NORMAL,8433.6,40.4,89.4,78.8,15.11,15.09,26.93,50.03,0,0,0,0,0
2026-01-01T00:09:16Z,compressor_trip,NORMAL,8426.9,40.1,89.19,79.01,15.17,15.05,26.83,50.01,0,0,0,0,0
2026-01-01T00:09:17Z,compressor_trip,NORMAL,8425.4,40.06,89.3,79.26,14.83,14.84,27.1,50.0,0,0,0,0,0
2026-01-01T00:09:18Z,compressor_trip,NORMAL,8442.5,40.11,88.92,78.23,15.05,15.05,27.13,49.99,0,0,0,0,0
2026-01-01T00:09:19Z,compressor_trip,NORMAL,8430.5,39.64,88.89,79.21,14.96,14.91,27.1,50.08,0,0,0,0,0
2026-01-01T00:09:20Z,compressor_trip,NORMAL,8419.8,40.02,88.99,79.83,15.02,15.06,26.86,50.07,0,0,0,0,0
2026-01-01T00:09:21Z,compressor_trip,NORMAL,8428.2,40.37,89.76,78.77,15.05,15.02,26.93,50.04,0,0,0,0,0
2026-01-01T00:09:22Z,compressor_trip,NORMAL,8431.7,40.01,88.9,78.73,15.01,15.02,27.06,49.93,0,0,0,0,0
2026-01-01T00:09:23Z,compressor_trip,NORMAL,8433.8,40.32,88.88,78.58,14.91,15.08,26.83,50.0,0,0,0,0,0
2026-01-01T00:09:24Z,compressor_trip,NORMAL,8426.7,39.88,89.08,78.92,14.96,14.99,26.98,49.98,0,0,0,0,0
2026-01-01T00:09:25Z,compressor_trip,NORMAL,8438.8,39.9,89.01,79.13,14.83,14.92,26.88,49.95,0,0,0,0,0
2026-01-01T00:09:26Z,compressor_trip,NORMAL,8432.6,39.85,88.79,79.62,15.21,15.1,26.98,50.06,0,0,0,0,0
2026-01-01T00:09:27Z,compressor_trip,NORMAL,8438.8,39.95,89.31,78.95,14.78,14.92,26.87,50.02,0,0,0,0,0
2026-01-01T00:09:28Z,compressor_trip,NORMAL,8431.6,39.64,89.25,79.27,15.08,15.04,27.19,49.96,0,0,0,0,0
2026-01-01T00:09:29Z,compressor_trip,NORMAL,8450.3,40.18,88.95,79.07,14.93,14.99,26.9,49.98,0,0,0,0,0
2026-01-01T00:09:30Z,compressor_trip,NORMAL,8437.9,39.79,89.84,79.58,14.93,15.09,26.84,49.91,0,0,0,0,0
2026-01-01T00:09:31Z,compressor_trip,NORMAL,8441.9,40.11,88.91,79.41,15.2,15.3,26.86,50.02,0,0,0,0,0
2026-01-01T00:09:32Z,compressor_trip,NORMAL,8427.2,40.57,89.07,79.58,15.01,14.89,26.92,49.93,0,0,0,0,0
2026-01-01T00:09:33Z,compressor_trip,NORMAL,8433.9,39.95,89.41,78.02,14.99,15.26,26.85,50.02,0,0,0,0,0
2026-01-01T00:09:34Z,compressor_trip,NORMAL,8436.9,39.44,88.81,78.82,15.08,15.0,26.92,50.03,0,0,0,0,0
2026-01-01T00:09:35Z,compressor_trip,NORMAL,8443.2,39.97,89.65,78.48,14.98,15.13,26.73,49.96,0,0,0,0,0
2026-01-01T00:09:36Z,compressor_trip,NORMAL,8444.3,40.05,89.15,79.39,14.91,15.1,26.96,50.09,0,0,0,0,0
2026-01-01T00:09:37Z,compressor_trip,NORMAL,8452.0,40.11,90.04,78.78,14.97,14.82,27.02,50.08,0,0,0,0,0
2026-01-01T00:09:38Z,compressor_trip,NORMAL,8439.5,39.76,89.9,78.82,14.95,15.15,26.9,49.99,0,0,0,0,0
2026-01-01T00:09:39Z,compressor_trip,NORMAL,8461.3,40.12,88.81,79.94,14.83,15.1,26.98,49.97,0,0,0,0,0
2026-01-01T00:09:40Z,compressor_trip,NORMAL,8438.2,39.78,90.22,79.26,14.94,15.06,27.05,50.02,0,0,0,0,0
2026-01-01T00:09:41Z,compressor_trip,NORMAL,8453.8,40.19,89.39,79.36,14.99,14.9,26.81,50.02,0,0,0,0,0
2026-01-01T00:09:42Z,compressor_trip,NORMAL,8440.6,40.0,89.25,79.69,15.03,15.03,26.9,49.99,0,0,0,0,0
2026-01-01T00:09:43Z,compressor_trip,NORMAL,8445.2,40.05,88.52,79.21,15.04,15.04,26.82,49.98,0,0,0,0,0
2026-01-01T00:09:44Z,compressor_trip,NORMAL,8445.6,39.89,88.78,78.68,15.0,15.04,26.94,49.96,0,0,0,0,0
2026-01-01T00:09:45Z,compressor_trip,NORMAL,8454.1,39.96,89.15,78.77,14.95,15.07,26.91,49.99,0,0,0,0,0
2026-01-01T00:09:46Z,compressor_trip,NORMAL,8441.1,40.56,88.27,78.22,14.95,15.02,27.1,50.03,0,0,0,0,0
2026-01-01T00:09:47Z,compressor_trip,NORMAL,8455.0,40.18,89.46,78.26,15.03,15.02,27.14,49.96,0,0,0,0,0
2026-01-01T00:09:48Z,compressor_trip,NORMAL,8465.5,39.73,90.19,79.32,15.08,15.07,26.99,50.0,0,0,0,0,0
2026-01-01T00:09:49Z,compressor_trip,NORMAL,8447.2,39.97,89.05,79.2,14.84,15.02,27.02,50.06,0,0,0,0,0
2026-01-01T00:09:50Z,compressor_trip,NORMAL,8467.8,40.03,89.36,79.14,15.04,15.07,26.95,49.93,0,0,0,0,0
2026-01-01T00:09:51Z,compressor_trip,NORMAL,8469.3,40.1,89.94,79.3,14.97,15.19,26.81,49.92,0,0,0,0,0
2026-01-01T00:09:52Z,compressor_trip,NORMAL,8476.4,40.05,89.24,78.98,14.8,15.19,26.99,50.03,0,0,0,0,0
2026-01-01T00:09:53Z,compressor_trip,NORMAL,8465.6,39.82,89.7,79.83,14.78,15.06,26.99,50.01,0,0,0,0,0
2026-01-01T00:09:54Z,compressor_trip,NORMAL,8449.4,39.97,89.25,79.47,14.95,15.08,26.86,49.97,0,0,0,0,0
2026-01-01T00:09:55Z,compressor_trip,NORMAL,8470.8,39.97,89.75,78.65,15.15,14.85,26.92,49.99,0,0,0,0,0
2026-01-01T00:09:56Z,compressor_trip,NORMAL,8452.4,39.95,90.11,80.18,14.98,14.96,26.72,50.09,0,0,0,0,0
2026-01-01T00:09:57Z,compressor_trip,NORMAL,8450.3,39.82,89.56,79.68,15.15,15.22,26.98,49.98,0,0,0,0,0
2026-01-01T00:09:58Z,compressor_trip,NORMAL,8455.3,39.96,89.92,79.8,15.06,14.81,26.85,50.07,0,0,0,0,0
2026-01-01T00:09:59Z,compressor_trip,NORMAL,8457.5,39.98,90.89,79.29,15.14,15.18,26.98,49.98,0,0,0,0,0
2026-01-01T00:10:00Z,compressor_trip,NORMAL,8440.9,39.83,89.85,79.63,15.12,14.89,26.92,49.9,0,0,0,0,0
2026-01-01T00:10:01Z,compressor_trip,NORMAL,8455.8,40.11,88.45,79.75,15.18,14.86,26.88,50.09,0,0,0,0,0
2026-01-01T00:10:02Z,compressor_trip,NORMAL,8470.6,40.08,89.6,78.67,14.99,15.13,26.91,50.04,0,0,0,0,0
2026-01-01T00:10:03Z,compressor_trip,NORMAL,8462.9,39.83,89.34,78.83,14.86,15.0,26.88,49.95,0,0,0,0,0
2026-01-01T00:10:04Z,compressor_trip,NORMAL,8474.4,39.81,89.78,79.62,15.17,15.03,26.98,50.0,0,0,0,0,0
2026-01-01T00:10:05Z,compressor_trip,NORMAL,8454.3,40.17,90.42,79.31,15.21,15.09,27.09,49.99,0,0,0,0,0
2026-01-01T00:10:06Z,compressor_trip,NORMAL,8460.5,40.01,89.23,79.48,14.98,15.02,26.88,49.95,0,0,0,0,0
2026-01-01T00:10:07Z,compressor_trip,NORMAL,8465.0,40.25,89.57,78.72,14.8,14.97,26.92,49.94,0,0,0,0,0
2026-01-01T00:10:08Z,compressor_trip,NORMAL,8453.4,40.11,91.21,79.84,14.9,14.99,26.88,49.94,0,0,0,0,0
2026-01-01T00:10:09Z,compressor_trip,NORMAL,8458.2,39.97,90.01,79.54,14.93,15.05,26.94,49.95,0,0,0,0,0
2026-01-01T00:10:10Z,compressor_trip,NORMAL,8461.0,40.13,90.2,79.62,15.12,15.15,26.73,50.02,0,0,0,0,0
2026-01-01T00:10:11Z,compressor_trip,NORMAL,8487.3,40.23,90.35,79.13,15.07,15.08,26.82,50.01,0,0,0,0,0
2026-01-01T00:10:12Z,compressor_trip,NORMAL,8461.8,39.83,89.81,79.96,15.0,15.15,27.03,49.95,0,0,0,0,0
2026-01-01T00:10:13Z,compressor_trip,NORMAL,8475.0,39.9,90.07,79.8,14.92,15.09,26.75,50.06,0,0,0,0,0
2026-01-01T00:10:14Z,compressor_trip,NORMAL,8452.6,39.96,89.31,79.79,15.03,14.78,26.74,49.97,0,0,0,0,0
2026-01-01T00:10:15Z,compressor_trip,NORMAL,8489.8,40.33,90.02,80.17,14.92,15.04,26.89,49.95,0,0,0,0,0
2026-01-01T00:10:16Z,compressor_trip,NORMAL,8475.5,39.93,89.92,79.72,14.95,14.95,26.68,50.03,0,0,0,0,0
2026-01-01T00:10:17Z,compressor_trip,NORMAL,8478.9,39.99,89.97,79.23,14.9,14.94,26.84,50.01,0,0,0,0,0
2026-01-01T00:10:18Z,compressor_trip,NORMAL,8474.9,39.91,89.04,79.28,14.83,14.93,26.92,50.01,0,0,0,0,0
2026-01-01T00:10:19Z,compressor_trip,NORMAL,8480.3,39.96,90.17,78.91,15.04,14.93,26.89,49.99,0,0,0,0,0
2026-01-01T00:10:20Z,compressor_trip,NORMAL,8477.4,40.06,89.4,78.9,14.95,14.87,26.88,49.97,0,0,0,0,0
2026-01-01T00:10:21Z,compressor_trip,NORMAL,8471.2,40.07,89.94,79.42,14.97,15.09,26.83,50.01,0,0,0,0,0
2026-01-01T00:10:22Z,compressor_trip,NORMAL,8473.5,40.11,89.68,79.78,14.97,14.92,26.74,49.99,0,0,0,0,0
2026-01-01T00:10:23Z,compressor_trip,NORMAL,8481.2,39.74,90.38,80.04,14.8,14.79,26.71,50.01,0,0,0,0,0
2026-01-01T00:10:24Z,compressor_trip,NORMAL,8513.6,39.76,89.61,80.21,14.95,15.11,26.95,50.0,0,0,0,0,0
2026-01-01T00:10:25Z,compressor_trip,NORMAL,8496.6,40.19,89.08,79.46,14.94,15.0,26.73,49.95,0,0,0,0,0
2026-01-01T00:10:26Z,compressor_trip,NORMAL,8489.3,40.0,90.48,79.66,15.14,15.13,26.96,49.82,0,0,0,0,0
2026-01-01T00:10:27Z,compressor_trip,NORMAL,8482.0,40.09,89.14,79.3,15.07,15.0,26.81,50.09,0,0,0,0,0
2026-01-01T00:10:28Z,compressor_trip,NORMAL,8486.5,40.22,89.78,79.63,14.96,14.92,26.82,49.93,0,0,0,0,0
2026-01-01T00:10:29Z,compressor_trip,NORMAL,8497.9,40.02,89.6,79.98,14.9,14.8,26.89,49.93,0,0,0,0,0
2026-01-01T00:10:30Z,compressor_trip,NORMAL,8478.8,40.03,90.31,79.21,14.91,15.15,26.7,50.04,0,0,0,0,0
2026-01-01T00:10:31Z,compressor_trip,NORMAL,8498.0,39.85,89.77,79.18,14.93,14.98,26.77,49.92,0,0,0,0,0
2026-01-01T00:10:32Z,compressor_trip,NORMAL,8501.9,39.88,90.25,79.54,15.28,15.06,26.7,49.93,0,0,0,0,0
2026-01-01T00:10:33Z,compressor_trip,NORMAL,8486.8,39.91,89.03,79.06,15.0,14.84,26.82,50.01,0,0,0,0,0
2026-01-01T00:10:34Z,compressor_trip,NORMAL,8486.7,40.12,89.91,80.18,15.07,14.98,26.82,50.02,0,0,0,0,0
2026-01-01T00:10:35Z,compressor_trip,NORMAL,8501.5,39.66,90.35,79.36,15.11,15.02,26.76,50.0,0,0,0,0,0
2026-01-01T00:10:36Z,compressor_trip,NORMAL,8513.1,39.85,89.04,79.52,15.13,15.16,26.93,49.89,0,0,0,0,0
2026-01-01T00:10:37Z,compressor_trip,NORMAL,8497.3,39.9,89.81,79.11,14.97,14.88,27.06,50.0,0,0,0,0,0
2026-01-01T00:10:38Z,compressor_trip,NORMAL,8495.5,39.75,90.39,79.96,15.12,15.03,26.78,49.96,0,0,0,0,0
2026-01-01T00:10:39Z,compressor_trip,NORMAL,8494.1,39.92,90.27,79.41,15.03,15.08,26.77,50.05,0,0,0,0,0
2026-01-01T00:10:40Z,compressor_trip,NORMAL,8506.9,40.08,89.92,79.78,14.91,14.92,26.84,50.04,0,0,0,0,0
2026-01-01T00:10:41Z,compressor_trip,NORMAL,8501.4,40.1,89.83,79.31,15.0,15.04,26.75,49.97,0,0,0,0,0
2026-01-01T00:10:42Z,compressor_trip,NORMAL,8499.7,40.04,89.22,79.85,15.03,15.02,26.76,50.01,0,0,0,0,0
2026-01-01T00:10:43Z,compressor_trip,NORMAL,8494.6,39.85,90.37,79.06,14.94,14.94,26.87,49.93,0,0,0,0,0
2026-01-01T00:10:44Z,compressor_trip,NORMAL,8500.8,39.78,90.8,79.59,14.95,15.01,26.89,49.9,0,0,0,0,0
2026-01-01T00:10:45Z,compressor_trip,NORMAL,8496.9,40.04,89.67,79.02,14.93,15.02,26.84,50.1,0,0,0,0,0
2026-01-01T00:10:46Z,compressor_trip,NORMAL,8492.3,39.7,89.39,80.24,14.91,14.85,26.88,49.96,0,0,0,0,0
2026-01-01T00:10:47Z,compressor_trip,NORMAL,8520.8,40.04,89.68,80.21,15.08,15.15,26.76,49.98,0,0,0,0,0
2026-01-01T00:10:48Z,compressor_trip,NORMAL,8525.4,40.22,90.15,79.34,14.9,14.86,26.7,49.99,0,0,0,0,0
2026-01-01T00:10:49Z,compressor_trip,NORMAL,8499.7,40.14,88.74,79.38,14.93,15.06,26.85,49.94,0,0,0,0,0
2026-01-01T00:10:50Z,compressor_trip,NORMAL,8514.9,39.79,90.18,79.18,15.01,15.15,26.99,50.05,0,0,0,0,0
2026-01-01T00:10:51Z,compressor_trip,NORMAL,8503.3,39.9,89.58,79.49,14.83,14.94,26.9,50.11,0,0,0,0,0
2026-01-01T00:10:52Z,compressor_trip,NORMAL,8518.9,40.04,90.4,79.02,14.92,15.08,26.76,49.98,0,0,0,0,0
2026-01-01T00:10:53Z,compressor_trip,NORMAL,8524.1,39.62,90.65,79.41,15.06,15.0,26.85,50.05,0,0,0,0,0
2026-01-01T00:10:54Z,compressor_trip,NORMAL,8506.4,40.17,90.33,80.54,14.95,15.12,26.85,49.98,0,0,0,0,0
2026-01-01T00:10:55Z,compressor_trip,NORMAL,8527.5,39.93,90.55,79.79,15.01,15.01,26.88,50.0,0,0,0,0,0
2026-01-01T00:10:56Z,compressor_trip,NORMAL,8524.3,40.12,89.67,80.31,15.15,15.05,26.81,49.96,0,0,0,0,0
2026-01-01T00:10:57Z,compressor_trip,NORMAL,8532.4,39.69,90.18,80.63,14.93,15.05,26.7,50.03,0,0,0,0,0
2026-01-01T00:10:58Z,compressor_trip,NORMAL,8506.3,39.92,89.8,79.92,14.83,15.15,26.8,49.98,0,0,0,0,0
2026-01-01T00:10:59Z,compressor_trip,NORMAL,8536.3,40.0,90.26,80.02,15.16,15.02,26.66,50.0,0,0,0,0,0
2026-01-01T00:11:00Z,compressor_trip,NORMAL,8526.6,39.99,89.82,79.49,14.83,15.05,26.68,49.97,0,0,0,0,0
2026-01-01T00:11:01Z,compressor_trip,NORMAL,8528.5,40.22,89.64,79.72,14.96,15.05,26.65,49.96,0,0,0,0,0
2026-01-01T00:11:02Z,compressor_trip,NORMAL,8528.6,39.88,89.65,79.9,14.91,14.97,26.88,49.99,0,0,0,0,0
2026-01-01T00:11:03Z,compressor_trip,NORMAL,8523.9,39.91,89.41,80.01,15.1,15.13,27.04,49.99,0,0,0,0,0
2026-01-01T00:11:04Z,compressor_trip,NORMAL,8528.3,39.78,91.11,80.43,15.1,15.06,26.74,49.87,0,0,0,0,0
2026-01-01T00:11:05Z,compressor_trip,NORMAL,8539.7,40.13,90.32,79.53,15.09,15.03,26.77,49.94,0,0,0,0,0
2026-01-01T00:11:06Z,compressor_trip,NORMAL,8517.0,39.98,90.15,79.43,15.17,14.96,26.74,50.01,0,0,0,0,0
2026-01-01T00:11:07Z,compressor_trip,NORMAL,8543.9,39.84,90.12,79.32,15.1,15.04,26.76,50.01,0,0,0,0,0
2026-01-01T00:11:08Z,compressor_trip,NORMAL,8548.3,39.98,89.93,79.68,15.1,15.06,26.79,49.97,0,0,0,0,0
2026-01-01T00:11:09Z,compressor_trip,NORMAL,8536.5,40.12,90.29,79.92,15.05,15.04,26.69,49.98,0,0,0,0,0
2026-01-01T00:11:10Z,compressor_trip,NORMAL,8514.8,40.12,90.19,80.77,14.82,15.02,26.79,49.97,0,0,0,0,0
2026-01-01T00:11:11Z,compressor_trip,NORMAL,8537.8,40.06,90.52,79.89,14.68,15.01,26.74,49.96,0,0,0,0,0
2026-01-01T00:11:12Z,compressor_trip,NORMAL,8520.6,40.1,90.47,80.8,14.92,15.12,26.73,49.98,0,0,0,0,0
2026-01-01T00:11:13Z,compressor_trip,NORMAL,8539.8,40.18,90.01,80.81,15.0,14.88,26.61,50.05,0,0,0,0,0
2026-01-01T00:11:14Z,compressor_trip,NORMAL,8530.2,40.02,90.34,79.98,15.1,14.95,26.61,49.88,0,0,0,0,0
2026-01-01T00:11:15Z,compressor_trip,NORMAL,8535.5,39.95,90.92,79.69,15.1,14.97,26.89,49.95,0,0,0,0,0
2026-01-01T00:11:16Z,compressor_trip,NORMAL,8533.6,40.14,90.9,80.48,14.87,15.11,26.71,49.92,0,0,0,0,0
2026-01-01T00:11:17Z,compressor_trip,NORMAL,8532.9,39.93,89.92,80.72,15.05,15.11,26.62,49.92,0,0,0,0,0
2026-01-01T00:11:18Z,compressor_trip,NORMAL,8543.9,40.01,90.76,80.4,15.02,15.08,26.71,50.01,0,0,0,0,0
2026-01-01T00:11:19Z,compressor_trip,NORMAL,8560.1,40.26,89.81,79.29,15.14,14.96,26.69,49.98,0,0,0,0,0
2026-01-01T00:11:20Z,compressor_trip,NORMAL,8544.5,39.92,89.75,79.2,14.76,14.89,26.82,49.95,0,0,0,0,0
2026-01-01T00:11:21Z,compressor_trip,NORMAL,8541.9,40.22,91.01,79.83,15.07,14.96,26.5,50.05,0,0,0,0,0
2026-01-01T00:11:22Z,compressor_trip,NORMAL,8544.1,39.82,90.47,80.28,15.02,14.9,26.67,50.02,0,0,0,0,0
2026-01-01T00:11:23Z,compressor_trip,NORMAL,8551.5,39.96,89.84,80.34,15.12,14.94,26.74,50.05,0,0,0,0,0
2026-01-01T00:11:24Z,compressor_trip,NORMAL,8555.4,40.27,90.53,80.84,15.14,14.92,26.72,50.01,0,0,0,0,0
2026-01-01T00:11:25Z,compressor_trip,NORMAL,8538.9,39.93,89.39,80.5,15.08,15.12,26.82,49.97,0,0,0,0,0
2026-01-01T00:11:26Z,compressor_trip,NORMAL,8545.0,40.31,90.95,79.79,14.76,14.98,26.57,50.0,0,0,0,0,0
2026-01-01T00:11:27Z,compressor_trip,NORMAL,8557.2,39.71,90.55,79.56,15.25,15.01,26.72,49.95,0,0,0,0,0
2026-01-01T00:11:28Z,compressor_trip,NORMAL,8527.0,39.81,89.95,80.76,14.89,15.08,26.71,49.99,0,0,0,0,0
2026-01-01T00:11:29Z,compressor_trip,NORMAL,8524.4,39.89,90.92,80.45,15.01,14.86,26.68,50.01,0,0,0,0,0
2026-01-01T00:11:30Z,compressor_trip,NORMAL,8545.2,40.09,90.09,79.19,14.94,14.93,26.79,50.04,0,0,0,0,0
2026-01-01T00:11:31Z,compressor_trip,NORMAL,8550.4,39.89,90.73,80.95,14.9,14.94,26.78,50.02,0,0,0,0,0
2026-01-01T00:11:32Z,compressor_trip,NORMAL,8547.4,40.23,90.74,79.74,15.03,15.0,26.82,50.03,0,0,0,0,0
2026-01-01T00:11:33Z,compressor_trip,NORMAL,8557.5,40.03,90.73,79.53,14.85,15.04,26.69,49.98,0,0,0,0,0
2026-01-01T00:11:34Z,compressor_trip,NORMAL,8533.5,39.78,90.75,80.3,14.94,14.91,26.68,49.99,0,0,0,0,0
2026-01-01T00:11:35Z,compressor_trip,NORMAL,8552.7,39.9,90.57,80.39,14.94,15.17,26.59,50.01,0,0,0,0,0
2026-01-01T00:11:36Z,compressor_trip,NORMAL,8539.6,39.8,90.96,80.62,15.02,14.93,26.68,49.95,0,0,0,0,0
2026-01-01T00:11:37Z,compressor_trip,NORMAL,8566.7,39.47,90.32,79.87,15.13,14.98,26.76,50.07,0,0,0,0,0
2026-01-01T00:11:38Z,compressor_trip,NORMAL,8561.3,39.67,90.14,80.02,15.04,15.04,26.5,50.04,0,0,0,0,0
2026-01-01T00:11:39Z,compressor_trip,NORMAL,8547.5,39.93,90.66,80.22,15.16,15.11,26.5,49.94,0,0,0,0,0
2026-01-01T00:11:40Z,compressor_trip,NORMAL,8569.9,40.02,90.85,80.31,15.12,15.08,26.71,49.97,0,0,0,0,0
2026-01-01T00:11:41Z,compressor_trip,NORMAL,8565.3,39.68,90.43,79.99,14.92,14.91,26.42,50.06,0,0,0,0,0
2026-01-01T00:11:42Z,compressor_trip,NORMAL,8557.9,39.96,90.81,80.85,15.13,14.96,26.64,49.95,0,0,0,0,0
2026-01-01T00:11:43Z,compressor_trip,NORMAL,8568.1,40.0,91.02,80.74,15.08,15.05,26.63,49.94,0,0,0,0,0
2026-01-01T00:11:44Z,compressor_trip,NORMAL,8564.9,40.34,90.36,79.99,15.06,15.17,26.51,49.88,0,0,0,0,0
2026-01-01T00:11:45Z,compressor_trip,NORMAL,8556.2,40.02,90.51,80.21,14.95,14.94,26.53,50.02,0,0,0,0,0
2026-01-01T00:11:46Z,compressor_trip,NORMAL,8568.9,39.68,91.38,80.57,15.06,14.97,26.63,49.94,0,0,0,0,0
2026-01-01T00:11:47Z,compressor_trip,NORMAL,8579.7,40.28,90.48,79.7,14.97,15.06,26.56,49.96,0,0,0,0,0
2026-01-01T00:11:48Z,compressor_trip,NORMAL,8566.3,39.83,91.28,80.84,15.07,14.93,26.62,50.06,0,0,0,0,0
2026-01-01T00:11:49Z,compressor_trip,NORMAL,8544.5,40.04,91.32,81.29,14.9,15.03,26.7,50.06,0,0,0,0,0
2026-01-01T00:11:50Z,compressor_trip,NORMAL,8547.8,39.6,90.7,80.64,14.99,14.97,26.72,50.07,0,0,0,0,0
2026-01-01T00:11:51Z,compressor_trip,NORMAL,8561.0,40.03,90.05,81.27,14.86,14.89,26.5,49.95,0,0,0,0,0
2026-01-01T00:11:52Z,compressor_trip,NORMAL,8580.4,40.46,90.77,80.24,15.07,14.91,26.72,50.0,0,0,0,0,0
2026-01-01T00:11:53Z,compressor_trip,NORMAL,8572.6,39.86,90.55,79.61,15.0,15.09,26.39,49.95,0,0,0,0,0
2026-01-01T00:11:54Z,compressor_trip,NORMAL,8564.3,39.94,90.61,80.4,15.03,15.0,26.41,50.02,0,0,0,0,0
2026-01-01T00:11:55Z,compressor_trip,NORMAL,8581.8,40.05,89.78,80.55,15.05,14.9,26.58,50.06,0,0,0,0,0
2026-01-01T00:11:56Z,compressor_trip,NORMAL,8586.7,40.03,90.93,80.36,14.96,15.14,26.66,50.03,0,0,0,0,0
2026-01-01T00:11:57Z,compressor_trip,NORMAL,8565.9,40.29,91.2,79.81,15.11,15.02,26.59,49.9,0,0,0,0,0
2026-01-01T00:11:58Z,compressor_trip,NORMAL,8557.3,40.2,90.31,80.87,14.87,14.85,26.75,50.05,0,0,0,0,0
2026-01-01T00:11:59Z,compressor_trip,NORMAL,8571.3,40.04,90.34,80.65,15.12,14.96,26.6,49.92,0,0,0,0,0
2026-01-01T00:12:00Z,compressor_trip,NORMAL,8591.3,40.2,90.69,80.31,15.14,14.95,26.59,49.98,0,0,0,0,0
2026-01-01T00:12:01Z,compressor_trip,NORMAL,8564.7,40.21,90.51,80.72,14.97,14.99,26.53,49.97,0,0,0,0,0
2026-01-01T00:12:02Z,compressor_trip,NORMAL,8581.9,39.98,91.15,80.87,15.12,14.95,26.61,49.99,0,0,0,0,0
2026-01-01T00:12:03Z,compressor_trip,NORMAL,8575.0,39.86,90.49,80.82,14.97,14.93,26.62,50.02,0,0,0,0,0
2026-01-01T00:12:04Z,compressor_trip,NORMAL,8563.7,40.02,91.3,81.07,14.95,14.89,26.5,50.07,0,0,0,0,0
2026-01-01T00:12:05Z,compressor_trip,NORMAL,8584.0,39.54,91.17,79.42,15.19,15.08,26.49,50.01,0,0,0,0,0
2026-01-01T00:12:06Z,compressor_trip,NORMAL,8583.8,39.9,90.98,80.47,14.97,15.15,26.32,50.0,0,0,0,0,0
2026-01-01T00:12:07Z,compressor_trip,NORMAL,8563.9,39.96,90.4,81.82,14.95,14.99,26.46,50.04,0,0,0,0,0
2026-01-01T00:12:08Z,compressor_trip,NORMAL,8573.3,39.87,91.7,80.94,15.03,15.24,26.45,49.96,0,0,0,0,0
2026-01-01T00:12:09Z,compressor_trip,NORMAL,8571.1,40.24,90.46,81.16,14.94,14.82,26.43,50.01,0,0,0,0,0
2026-01-01T00:12:10Z,compressor_trip,NORMAL,8591.6,40.26,90.96,80.91,14.74,15.03,26.51,49.98,0,0,0,0,0
2026-01-01T00:12:11Z,compressor_trip,NORMAL,8573.6,40.18,91.36,81.56,14.98,14.92,26.69,49.98,0,0,0,0,0
2026-01-01T00:12:12Z,compressor_trip,NORMAL,8575.6,39.72,91.0,80.89,15.08,15.02,26.55,50.03,0,0,0,0,0
2026-01-01T00:12:13Z,compressor_trip,NORMAL,8586.5,40.24,91.23,80.69,14.95,15.08,26.44,49.99,0,0,0,0,0
2026-01-01T00:12:14Z,compressor_trip,NORMAL,8574.8,40.43,90.32,80.93,15.07,15.09,26.49,50.0,0,0,0,0,0
2026-01-01T00:12:15Z,compressor_trip,NORMAL,8580.5,39.46,90.43,81.29,14.92,15.01,26.75,49.95,0,0,0,0,0
2026-01-01T00:12:16Z,compressor_trip,NORMAL,8578.0,39.95,89.82,80.18,14.86,15.05,26.46,49.89,0,0,0,0,0
2026-01-01T00:12:17Z,compressor_trip,NORMAL,8591.7,40.19,90.65,81.1,15.06,14.91,26.51,50.01,0,0,0,0,0
2026-01-01T00:12:18Z,compressor_trip,NORMAL,8575.8,39.79,91.04,81.79,15.0,15.02,26.37,49.99,0,0,0,0,0
2026-01-01T00:12:19Z,compressor_trip,NORMAL,8582.7,39.92,90.51,80.62,14.94,15.12,26.67,49.96,0,0,0,0,0
2026-01-01T00:12:20Z,compressor_trip,NORMAL,8581.6,40.09,91.14,80.27,14.94,15.06,26.3,50.11,0,0,0,0,0
2026-01-01T00:12:21Z,compressor_trip,NORMAL,8588.7,39.94,90.78,80.12,15.18,14.99,26.42,50.09,0,0,0,0,0
2026-01-01T00:12:22Z,compressor_trip,NORMAL,8596.5,39.96,91.08,80.5,14.96,14.98,26.49,50.05,0,0,0,0,0
2026-01-01T00:12:23Z,compressor_trip,NORMAL,8606.5,39.57,92.03,81.19,15.0,14.96,26.27,50.06,0,0,0,0,0
2026-01-01T00:12:24Z,compressor_trip,NORMAL,8576.2,40.13,90.66,79.87,15.04,15.05,26.35,50.04,0,0,0,0,0
2026-01-01T00:12:25Z,compressor_trip,NORMAL,8605.7,40.1,91.09,80.32,14.9,14.96,26.45,50.0,0,0,0,0,0
2026-01-01T00:12:26Z,compressor_trip,NORMAL,8586.1,40.5,91.17,80.21,14.88,14.83,26.34,50.03,0,0,0,0,0
2026-01-01T00:12:27Z,compressor_trip,NORMAL,8585.7,39.86,91.18,80.98,15.04,15.0,26.43,49.93,0,0,0,0,0
2026-01-01T00:12:28Z,compressor_trip,NORMAL,8570.6,39.84,90.5,80.3,14.98,14.95,26.3,49.99,0,0,0,0,0
2026-01-01T00:12:29Z,compressor_trip,NORMAL,8592.8,39.9,91.31,80.88,15.04,14.96,26.47,50.03,0,0,0,0,0
2026-01-01T00:12:30Z,compressor_trip,NORMAL,8570.6,40.21,90.65,81.05,14.77,14.96,26.25,49.99,0,0,0,0,0
2026-01-01T00:12:31Z,compressor_trip,NORMAL,8592.2,40.08,90.92,80.11,15.13,14.87,26.38,49.96,0,0,0,0,0
2026-01-01T00:12:32Z,compressor_trip,NORMAL,8584.7,39.72,91.46,81.11,15.01,14.99,26.32,49.99,0,0,0,0,0
2026-01-01T00:12:33Z,compressor_trip,NORMAL,8582.1,40.02,91.12,80.62,15.04,15.06,26.49,50.1,0,0,0,0,0
2026-01-01T00:12:34Z,compressor_trip,NORMAL,8577.3,39.75,90.32,80.65,14.84,14.95,26.49,50.04,0,0,0,0,0
2026-01-01T00:12:35Z,compressor_trip,NORMAL,8608.3,40.17,91.44,80.5,14.96,15.09,26.48,49.9,0,0,0,0,0
2026-01-01T00:12:36Z,compressor_trip,NORMAL,8578.4,39.8,90.5,81.43,15.18,15.03,26.43,50.1,0,0,0,0,0
2026-01-01T00:12:37Z,compressor_trip,NORMAL,8597.2,40.11,91.13,80.96,15.13,15.07,26.4,49.98,0,0,0,0,0
2026-01-01T00:12:38Z,compressor_trip,NORMAL,8595.6,39.67,91.17,80.84,15.03,14.88,26.43,50.01,0,0,0,0,0
2026-01-01T00:12:39Z,compressor_trip,NORMAL,8593.3,40.07,90.53,80.06,15.05,14.78,26.44,50.1,0,0,0,0,0
2026-01-01T00:12:40Z,compressor_trip,NORMAL,8597.4,40.17,91.77,81.32,15.23,14.91,26.34,50.02,0,0,0,0,0
2026-01-01T00:12:41Z,compressor_trip,NORMAL,8577.9,40.0,90.99,81.45,15.11,15.08,26.44,50.0,0,0,0,0,0
2026-01-01T00:12:42Z,compressor_trip,NORMAL,8597.3,40.15,91.47,80.45,15.04,14.99,26.39,50.06,0,0,0,0,0
2026-01-01T00:12:43Z,compressor_trip,NORMAL,8592.2,39.82,90.51,80.53,15.06,14.98,26.3,50.04,0,0,0,0,0
2026-01-01T00:12:44Z,compressor_trip,NORMAL,8596.6,40.14,92.07,81.76,15.03,15.03,26.47,50.06,0,0,0,0,0
2026-01-01T00:12:45Z,compressor_trip,NORMAL,8591.7,39.75,91.4,80.94,15.06,15.05,26.28,49.97,0,0,0,0,0
2026-01-01T00:12:46Z,compressor_trip,NORMAL,8606.3,39.97,90.59,80.69,15.04,14.95,26.52,50.04,0,0,0,0,0
2026-01-01T00:12:47Z,compressor_trip,NORMAL,8580.9,40.05,91.77,82.48,14.95,15.0,26.2,50.03,0,0,0,0,0
2026-01-01T00:12:48Z,compressor_trip,NORMAL,8600.9,40.06,90.44,81.23,15.18,15.14,26.37,50.0,0,0,0,0,0
2026-01-01T00:12:49Z,compressor_trip,NORMAL,8605.3,39.97,89.72,79.99,15.14,15.13,26.32,49.96,0,0,0,0,0
2026-01-01T00:12:50Z,compressor_trip,NORMAL,8593.6,39.74,90.86,81.73,14.94,14.92,26.19,50.01,0,0,0,0,0
2026-01-01T00:12:51Z,compressor_trip,NORMAL,8587.3,40.13,90.84,81.7,15.06,15.05,26.18,50.0,0,0,0,0,0
2026-01-01T00:12:52Z,compressor_trip,NORMAL,8600.1,40.07,91.18,80.93,14.88,14.76,26.2,50.05,0,0,0,0,0
2026-01-01T00:12:53Z,compressor_trip,NORMAL,8605.3,40.23,91.17,80.98,15.0,14.83,26.33,49.97,0,0,0,0,0
2026-01-01T00:12:54Z,compressor_trip,NORMAL,8591.4,39.8,90.97,81.33,15.08,14.9,26.33,50.0,0,0,0,0,0
2026-01-01T00:12:55Z,compressor_trip,NORMAL,8577.6,40.19,90.68,81.17,14.92,15.08,26.43,50.01,0,0,0,0,0
2026-01-01T00:12:56Z,compressor_trip,NORMAL,8603.3,39.87,90.85,80.33,15.11,15.12,26.25,50.0,0,0,0,0,0
2026-01-01T00:12:57Z,compressor_trip,NORMAL,8591.4,39.74,90.76,80.29,14.81,15.03,26.19,50.0,0,0,0,0,0
2026-01-01T00:12:58Z,compressor_trip,NORMAL,8571.6,40.02,90.67,80.58,15.09,14.99,26.32,50.0,0,0,0,0,0
2026-01-01T00:12:59Z,compressor_trip,NORMAL,8603.2,39.84,91.01,80.78,15.07,14.94,26.36,50.03,0,0,0,0,0
2026-01-01T00:13:00Z,compressor_trip,NORMAL,8592.7,40.15,90.82,80.58,14.92,14.89,26.31,49.99,0,0,0,0,0
2026-01-01T00:13:01Z,compressor_trip,NORMAL,8595.6,40.17,91.46,80.96,14.81,15.05,26.08,49.96,0,0,0,0,0
2026-01-01T00:13:02Z,compressor_trip,NORMAL,8597.2,40.31,89.78,80.15,14.93,15.07,26.1,49.96,0,0,0,0,0
2026-01-01T00:13:03Z,compressor_trip,NORMAL,8611.0,40.18,90.72,81.43,15.01,14.91,26.19,49.97,0,0,0,0,0
2026-01-01T00:13:04Z,compressor_trip,NORMAL,8588.2,40.09,91.53,80.2,15.07,14.9,26.25,50.02,0,0,0,0,0
2026-01-01T00:13:05Z,compressor_trip,NORMAL,8609.3,40.0,91.16,81.74,15.16,15.11,26.33,50.03,0,0,0,0,0
2026-01-01T00:13:06Z,compressor_trip,NORMAL,8615.6,40.15,90.69,80.98,15.04,14.86,26.19,50.09,0,0,0,0,0
2026-01-01T00:13:07Z,compressor_trip,NORMAL,8587.9,40.1,91.19,81.42,14.92,14.92,26.25,49.97,0,0,0,0,0
2026-01-01T00:13:08Z,compressor_trip,NORMAL,8614.8,40.04,91.46,80.44,15.06,15.25,26.23,49.94,0,0,0,0,0
2026-01-01T00:13:09Z,compressor_trip,NORMAL,8610.8,39.91,90.39,80.38,14.88,15.05,26.15,49.96,0,0,0,0,0
2026-01-01T00:13:10Z,compressor_trip,NORMAL,8595.7,40.09,91.49,81.56,14.97,15.1,26.15,50.09,0,0,0,0,0
2026-01-01T00:13:11Z,compressor_trip,NORMAL,8605.7,40.05,90.25,81.44,14.95,14.94,26.14,49.97,0,0,0,0,0
2026-01-01T00:13:12Z,compressor_trip,NORMAL,8604.5,40.09,91.07,81.89,14.88,15.03,26.08,50.03,0,0,0,0,0
2026-01-01T00:13:13Z,compressor_trip,NORMAL,8605.3,40.03,91.3,81.25,15.05,14.86,26.3,50.09,0,0,0,0,0
2026-01-01T00:13:14Z,compressor_trip,NORMAL,8610.8,39.95,92.03,81.08,15.12,15.07,26.35,49.92,0,0,0,0,0
2026-01-01T00:13:15Z,compressor_trip,NORMAL,8591.6,40.1,90.93,80.78,15.15,14.94,26.23,50.02,0,0,0,0,0
2026-01-01T00:13:16Z,compressor_trip,NORMAL,8597.3,39.54,90.12,80.84,15.22,14.93,26.19,50.1,0,0,0,0,0
2026-01-01T00:13:17Z,compressor_trip,NORMAL,8599.9,40.1,91.2,80.55,14.91,14.95,26.19,49.96,0,0,0,0,0
2026-01-01T00:13:18Z,compressor_trip,NORMAL,8594.5,40.05,91.65,82.15,14.93,15.03,26.09,49.97,0,0,0,0,0
2026-01-01T00:13:19Z,compressor_trip,NORMAL,8582.2,40.35,90.84,81.46,14.89,14.77,26.35,49.92,0,0,0,0,0
2026-01-01T00:13:20Z,compressor_trip,NORMAL,8589.1,40.24,91.09,80.89,15.13,14.97,26.25,49.94,0,0,0,0,0
2026-01-01T00:13:21Z,compressor_trip,NORMAL,8613.6,39.89,91.14,80.62,14.92,14.97,26.26,49.99,0,0,0,0,0
2026-01-01T00:13:22Z,compressor_trip,NORMAL,8601.2,39.91,91.71,80.25,14.83,15.14,25.95,50.09,0,0,0,0,0
2026-01-01T00:13:23Z,compressor_trip,NORMAL,8599.0,40.09,91.21,80.66,15.05,15.2,26.28,49.96,0,0,0,0,0
2026-01-01T00:13:24Z,compressor_trip,NORMAL,8611.5,39.77,90.94,81.06,15.12,14.86,26.26,49.98,0,0,0,0,0
2026-01-01T00:13:25Z,compressor_trip,NORMAL,8582.6,40.2,90.84,79.99,15.08,14.83,26.11,49.94,0,0,0,0,0
2026-01-01T00:13:26Z,compressor_trip,NORMAL,8590.8,40.22,91.37,80.24,14.98,15.01,26.28,50.02,0,0,0,0,0
2026-01-01T00:13:27Z,compressor_trip,NORMAL,8586.7,39.74,91.38,81.38,14.94,14.94,26.19,50.01,0,0,0,0,0
2026-01-01T00:13:28Z,compressor_trip,NORMAL,8572.3,39.95,91.46,80.26,15.09,14.88,26.15,49.96,0,0,0,0,0
2026-01-01T00:13:29Z,compressor_trip,NORMAL,8582.3,40.04,91.0,81.76,15.08,14.84,26.16,50.05,0,0,0,0,0
2026-01-01T00:13:30Z,compressor_trip,NORMAL,8606.8,40.37,92.02,80.65,15.04,15.24,26.25,49.97,0,0,0,0,0
2026-01-01T00:13:31Z,compressor_trip,NORMAL,8582.9,39.69,91.37,80.95,14.98,14.94,26.03,50.03,0,0,0,0,0
2026-01-01T00:13:32Z,compressor_trip,NORMAL,8597.7,40.09,90.23,81.9,15.12,15.11,25.9,50.04,0,0,0,0,0
2026-01-01T00:13:33Z,compressor_trip,NORMAL,8583.5,40.09,91.63,81.54,15.07,15.19,26.12,49.96,0,0,0,0,0
2026-01-01T00:13:34Z,compressor_trip,NORMAL,8592.4,40.0,91.46,80.48,15.08,15.0,26.05,49.95,0,0,0,0,0
2026-01-01T00:13:35Z,compressor_trip,NORMAL,8592.7,40.06,90.94,81.39,14.84,14.85,25.99,50.06,0,0,0,0,0
2026-01-01T00:13:36Z,compressor_trip,NORMAL,8595.8,40.01,91.34,81.34,14.95,14.86,26.05,49.92,0,0,0,0,0
2026-01-01T00:13:37Z,compressor_trip,NORMAL,8596.3,39.85,91.18,81.11,14.96,15.06,26.37,49.91,0,0,0,0,0
2026-01-01T00:13:38Z,compressor_trip,NORMAL,8621.1,39.81,90.36,80.53,15.07,15.02,26.01,49.97,0,0,0,0,0
2026-01-01T00:13:39Z,compressor_trip,NORMAL,8589.0,40.12,91.66,80.89,14.93,14.96,25.84,50.0,0,0,0,0,0
2026-01-01T00:13:40Z,compressor_trip,NORMAL,8600.1,39.93,90.78,81.58,15.03,15.04,26.12,50.01,0,0,0,0,0
2026-01-01T00:13:41Z,compressor_trip,NORMAL,8609.2,39.73,91.02,79.88,14.96,15.2,25.93,49.94,0,0,0,0,0
2026-01-01T00:13:42Z,compressor_trip,NORMAL,8595.0,40.17,91.37,80.75,15.17,14.99,26.17,50.08,0,0,0,0,0
2026-01-01T00:13:43Z,compressor_trip,NORMAL,8585.7,39.7,91.3,81.11,15.0,15.03,26.04,50.08,0,0,0,0,0
2026-01-01T00:13:44Z,compressor_trip,NORMAL,8565.1,40.25,91.16,80.95,14.9,15.12,25.93,50.01,0,0,0,0,0
2026-01-01T00:13:45Z,compressor_trip,NORMAL,8606.3,39.67,91.18,81.17,15.04,14.95,26.1,50.05,0,0,0,0,0
2026-01-01T00:13:46Z,compressor_trip,NORMAL,8591.6,40.42,90.45,80.68,15.12,14.98,25.94,49.98,0,0,0,0,0
2026-01-01T00:13:47Z,compressor_trip,NORMAL,8609.4,40.16,90.56,80.08,15.15,15.02,25.98,49.95,0,0,0,0,0
2026-01-01T00:13:48Z,compressor_trip,NORMAL,8573.3,39.74,91.17,80.77,15.16,15.09,25.96,49.95,0,0,0,0,0
2026-01-01T00:13:49Z,compressor_trip,NORMAL,8606.5,39.93,92.34,81.07,14.86,14.8,25.94,50.07,0,0,0,0,0
2026-01-01T00:13:50Z,compressor_trip,NORMAL,8590.8,39.5,90.7,80.87,15.14,15.04,25.99,50.02,0,0,0,0,0
2026-01-01T00:13:51Z,compressor_trip,NORMAL,8615.2,40.21,90.64,81.36,15.11,15.23,26.03,49.98,0,0,0,0,0
2026-01-01T00:13:52Z,compressor_trip,NORMAL,8596.2,39.9,91.08,80.62,15.0,14.85,26.08,50.04,0,0,0,0,0
2026-01-01T00:13:53Z,compressor_trip,NORMAL,8575.7,40.15,90.72,81.72,15.1,15.11,26.05,49.95,0,0,0,0,0
2026-01-01T00:13:54Z,compressor_trip,NORMAL,8571.1,40.03,90.36,81.11,14.85,15.08,26.04,49.94,0,0,0,0,0
2026-01-01T00:13:55Z,compressor_trip,NORMAL,8581.8,40.08,91.44,81.13,14.93,15.02,25.96,49.97,0,0,0,0,0
2026-01-01T00:13:56Z,compressor_trip,NORMAL,8577.0,40.01,90.58,80.95,14.8,15.08,25.92,50.0,0,0,0,0,0
2026-01-01T00:13:57Z,compressor_trip,NORMAL,8605.6,40.31,91.32,80.5,14.99,15.03,26.0,50.01,0,0,0,0,0
2026-01-01T00:13:58Z,compressor_trip,NORMAL,8598.4,40.13,91.6,81.43,14.93,14.97,25.96,50.02,0,0,0,0,0
2026-01-01T00:13:59Z,compressor_trip,NORMAL,8584.9,40.0,90.82,80.75,15.04,15.09,26.14,50.05,0,0,0,0,0
2026-01-01T00:14:00Z,compressor_trip,NORMAL,8585.4,40.25,90.26,81.22,14.94,14.94,26.15,49.98,0,0,0,0,0
2026-01-01T00:14:01Z,compressor_trip,NORMAL,8591.4,40.12,90.96,80.33,15.03,14.97,25.94,50.0,0,0,0,0,0
2026-01-01T00:14:02Z,compressor_trip,NORMAL,8593.0,40.08,90.21,81.12,15.18,14.81,25.85,49.97,0,0,0,0,0
2026-01-01T00:14:03Z,compressor_trip,NORMAL,8568.2,39.63,90.49,81.58,14.96,14.91,25.92,50.02,0,0,0,0,0
2026-01-01T00:14:04Z,compressor_trip,NORMAL,8592.4,40.01,92.28,81.14,15.04,14.95,25.84,49.94,0,0,0,0,0
2026-01-01T00:14:05Z,compressor_trip,NORMAL,8574.2,40.11,91.04,80.69,14.96,15.11,25.9,50.0,0,0,0,0,0
2026-01-01T00:14:06Z,compressor_trip,NORMAL,8589.5,40.1,90.58,79.77,14.8,15.04,25.86,49.98,0,0,0,0,0
2026-01-01T00:14:07Z,compressor_trip,NORMAL,8568.9,39.84,91.01,81.02,14.89,14.88,26.1,49.99,0,0,0,0,0
2026-01-01T00:14:08Z,compressor_trip,NORMAL,8584.5,39.73,90.56,80.86,14.88,15.01,25.79,49.96,0,0,0,0,0
2026-01-01T00:14:09Z,compressor_trip,NORMAL,8577.1,39.67,90.15,81.06,14.9,14.98,25.89,50.02,0,0,0,0,0
2026-01-01T00:14:10Z,compressor_trip,NORMAL,8592.7,39.87,90.36,81.09,15.09,14.97,25.89,49.99,0,0,0,0,0
2026-01-01T00:14:11Z,compressor_trip,NORMAL,8582.5,40.13,90.73,81.29,15.04,15.22,25.82,50.06,0,0,0,0,0
2026-01-01T00:14:12Z,compressor_trip,NORMAL,8591.5,39.76,91.21,81.3,14.94,14.75,25.96,49.94,0,0,0,0,0
2026-01-01T00:14:13Z,compressor_trip,NORMAL,8581.2,39.65,91.22,80.07,14.94,14.94,25.88,49.93,0,0,0,0,0
2026-01-01T00:14:14Z,compressor_trip,NORMAL,8587.0,40.1,90.74,80.84,14.72,15.16,25.85,50.03,0,0,0,0,0
2026-01-01T00:14:15Z,compressor_trip,NORMAL,8583.6,40.01,91.26,80.66,15.1,15.16,25.88,49.99,0,0,0,0,0
2026-01-01T00:14:16Z,compressor_trip,NORMAL,8591.0,40.08,90.72,80.81,15.01,15.08,25.81,50.04,0,0,0,0,0
2026-01-01T00:14:17Z,compressor_trip,NORMAL,8600.3,40.12,90.87,81.26,14.96,14.89,25.78,49.93,0,0,0,0,0
2026-01-01T00:14:18Z,compressor_trip,NORMAL,8589.7,39.9,89.97,81.23,15.04,15.03,25.71,49.94,0,0,0,0,0
2026-01-01T00:14:19Z,compressor_trip,NORMAL,8597.1,39.88,91.12,81.03,14.86,14.85,25.89,49.98,0,0,0,0,0
2026-01-01T00:14:20Z,compressor_trip,NORMAL,8576.0,40.21,90.07,80.94,15.12,15.08,25.81,50.02,0,0,0,0,0
2026-01-01T00:14:21Z,compressor_trip,NORMAL,8584.5,39.82,90.14,81.4,15.01,15.18,25.76,50.05,0,0,0,0,0
2026-01-01T00:14:22Z,compressor_trip,NORMAL,8585.9,40.1,90.89,80.49,14.97,14.95,25.83,49.95,0,0,0,0,0
2026-01-01T00:14:23Z,compressor_trip,NORMAL,8579.5,40.36,90.43,81.22,14.81,15.05,25.84,49.95,0,0,0,0,0
2026-01-01T00:14:24Z,compressor_trip,NORMAL,8581.9,40.02,91.77,81.01,15.04,14.99,25.7,50.13,0,0,0,0,0
2026-01-01T00:14:25Z,compressor_trip,NORMAL,8577.6,40.06,90.9,80.22,14.86,14.83,25.94,50.03,0,0,0,0,0
2026-01-01T00:14:26Z,compressor_trip,NORMAL,8571.7,39.71,90.43,80.89,14.88,15.09,25.72,49.99,0,0,0,0,0
2026-01-01T00:14:27Z,compressor_trip,NORMAL,8573.4,39.56,91.25,80.96,14.78,14.96,25.76,49.95,0,0,0,0,0
2026-01-01T00:14:28Z,compressor_trip,NORMAL,8577.3,40.24,91.01,80.23,14.93,14.8,25.81,49.95,0,0,0,0,0
2026-01-01T00:14:29Z,compressor_trip,NORMAL,8575.8,40.16,91.27,81.04,14.97,14.84,26.0,50.11,0,0,0,0,0
2026-01-01T00:14:30Z,compressor_trip,NORMAL,8571.5,40.09,90.25,80.74,15.0,14.94,25.95,50.02,0,0,0,0,0
2026-01-01T00:14:31Z,compressor_trip,NORMAL,8565.5,39.92,90.94,80.13,15.05,15.0,25.86,50.02,0,0,0,0,0
2026-01-01T00:14:32Z,compressor_trip,NORMAL,8564.5,39.87,91.5,81.14,15.06,15.06,25.75,49.95,0,0,0,0,0
2026-01-01T00:14:33Z,compressor_trip,NORMAL,8588.3,39.96,91.45,80.87,15.11,14.91,25.62,49.99,0,0,0,0,0
2026-01-01T00:14:34Z,compressor_trip,NORMAL,8564.8,40.13,90.97,80.14,14.93,14.86,25.68,50.0,0,0,0,0,0
2026-01-01T00:14:35Z,compressor_trip,NORMAL,8562.7,40.23,91.0,80.48,15.13,15.09,25.76,49.98,0,0,0,0,0
2026-01-01T00:14:36Z,compressor_trip,NORMAL,8587.6,40.16,90.25,80.98,14.92,15.09,25.64,49.97,0,0,0,0,0
2026-01-01T00:14:37Z,compressor_trip,NORMAL,8561.3,40.1,90.25,80.9,14.78,15.09,25.46,50.01,0,0,0,0,0
2026-01-01T00:14:38Z,compressor_trip,NORMAL,8569.2,39.9,91.32,81.46,15.11,15.11,25.76,49.98,0,0,0,0,0
2026-01-01T00:14:39Z,compressor_trip,NORMAL,8568.6,40.22,90.74,79.69,14.83,15.18,25.64,49.97,0,0,0,0,0
2026-01-01T00:14:40Z,compressor_trip,NORMAL,8574.7,40.18,91.04,80.96,14.79,15.22,25.68,50.05,0,0,0,0,0
2026-01-01T00:14:41Z,compressor_trip,NORMAL,8565.9,39.89,90.62,80.79,15.17,14.87,25.75,50.09,0,0,0,0,0
2026-01-01T00:14:42Z,compressor_trip,NORMAL,8558.6,40.01,90.15,81.7,14.89,15.06,25.5,49.96,0,0,0,0,0
2026-01-01T00:14:43Z,compressor_trip,NORMAL,8565.2,39.78,90.61,80.2,15.01,14.88,25.59,50.01,0,0,0,0,0
2026-01-01T00:14:44Z,compressor_trip,NORMAL,8543.1,40.13,90.32,81.66,14.95,14.91,25.7,50.05,0,0,0,0,0
2026-01-01T00:14:45Z,compressor_trip,NORMAL,8537.0,39.87,91.35,80.34,14.88,14.84,25.65,49.94,0,0,0,0,0
2026-01-01T00:14:46Z,compressor_trip,NORMAL,8565.1,39.7,90.47,80.76,14.94,14.98,25.58,49.96,0,0,0,0,0
2026-01-01T00:14:47Z,compressor_trip,NORMAL,8572.1,40.08,90.91,81.37,15.04,14.97,25.73,49.99,0,0,0,0,0
2026-01-01T00:14:48Z,compressor_trip,NORMAL,8576.5,40.04,90.72,81.62,15.08,14.93,25.71,49.94,0,0,0,0,0
2026-01-01T00:14:49Z,compressor_trip,NORMAL,8555.7,40.04,90.76,80.75,14.9,15.04,25.71,49.97,0,0,0,0,0
2026-01-01T00:14:50Z,compressor_trip,NORMAL,8557.2,40.1,90.93,81.01,15.05,15.06,25.72,50.02,0,0,0,0,0
2026-01-01T00:14:51Z,compressor_trip,NORMAL,8551.5,40.07,90.34,80.53,15.03,15.01,25.58,50.03,0,0,0,0,0
2026-01-01T00:14:52Z,compressor_trip,NORMAL,8548.2,40.09,90.0,81.48,15.05,15.05,25.64,49.93,0,0,0,0,0
2026-01-01T00:14:53Z,compressor_trip,NORMAL,8538.2,40.01,90.47,80.97,15.1,15.04,25.54,50.03,0,0,0,0,0
2026-01-01T00:14:54Z,compressor_trip,NORMAL,8548.0,40.08,90.95,80.54,15.15,14.97,25.63,50.06,0,0,0,0,0
2026-01-01T00:14:55Z,compressor_trip,NORMAL,8555.1,39.83,90.46,80.91,14.96,14.95,25.72,49.99,0,0,0,0,0
2026-01-01T00:14:56Z,compressor_trip,NORMAL,8569.8,39.97,90.12,80.67,15.09,14.94,25.73,50.0,0,0,0,0,0
2026-01-01T00:14:57Z,compressor_trip,NORMAL,8555.5,39.85,90.64,80.78,15.1,14.95,25.45,49.94,0,0,0,0,0
2026-01-01T00:14:58Z,compressor_trip,NORMAL,8543.9,40.13,90.17,80.29,14.97,15.0,25.59,49.94,0,0,0,0,0
2026-01-01T00:14:59Z,compressor_trip,NORMAL,8546.7,40.19,90.8,80.96,14.92,14.97,25.47,50.03,0,0,0,0,0
2026-01-01T00:15:00Z,compressor_trip,NORMAL,8557.4,39.95,90.41,80.35,14.99,15.17,25.52,50.01,0,0,0,0,0
2026-01-01T00:15:01Z,compressor_trip,NORMAL,8557.2,39.98,89.93,80.93,15.15,15.02,25.58,50.0,0,0,0,0,0
2026-01-01T00:15:02Z,compressor_trip,NORMAL,8526.0,40.06,90.34,80.3,15.12,14.9,25.59,49.94,0,0,0,0,0
2026-01-01T00:15:03Z,compressor_trip,NORMAL,8549.7,39.72,90.68,80.8,15.07,14.87,25.53,49.96,0,0,0,0,0
2026-01-01T00:15:04Z,compressor_trip,NORMAL,8552.7,39.65,90.37,80.98,15.02,14.85,25.68,50.0,0,0,0,0,0
2026-01-01T00:15:05Z,compressor_trip,NORMAL,8554.6,39.92,90.57,80.83,14.96,15.22,25.53,50.02,0,0,0,0,0
2026-01-01T00:15:06Z,compressor_trip,NORMAL,8537.3,39.89,90.47,80.37,14.91,15.0,25.51,50.11,0,0,0,0,0
2026-01-01T00:15:07Z,compressor_trip,NORMAL,8541.0,39.87,90.84,81.59,14.84,15.12,25.44,49.98,0,0,0,0,0
2026-01-01T00:15:08Z,compressor_trip,NORMAL,8528.0,39.91,89.83,80.41,14.97,14.99,25.56,50.01,0,0,0,0,0
2026-01-01T00:15:09Z,compressor_trip,NORMAL,8540.2,40.26,90.6,81.3,15.01,14.94,25.4,49.86,0,0,0,0,0
2026-01-01T00:15:10Z,compressor_trip,NORMAL,8535.8,39.77,90.5,81.34,14.77,15.07,25.38,49.91,0,0,0,0,0
2026-01-01T00:15:11Z,compressor_trip,NORMAL,8561.6,40.15,89.01,81.36,14.98,15.15,25.43,50.01,0,0,0,0,0
2026-01-01T00:15:12Z,compressor_trip,NORMAL,8539.4,39.59,90.55,81.08,14.9,15.05,25.58,50.0,0,0,0,0,0
2026-01-01T00:15:13Z,compressor_trip,NORMAL,8548.7,40.13,91.29,80.8,15.1,14.99,25.58,50.02,0,0,0,0,0
2026-01-01T00:15:14Z,compressor_trip,NORMAL,8540.8,40.15,90.31,80.5,14.82,15.02,25.38,49.96,0,0,0,0,0
2026-01-01T00:15:15Z,compressor_trip,NORMAL,8531.7,40.13,90.75,80.89,14.98,15.03,25.41,50.08,0,0,0,0,0
2026-01-01T00:15:16Z,compressor_trip,NORMAL,8550.8,39.88,89.83,80.07,14.91,14.91,25.52,50.01,0,0,0,0,0
2026-01-01T00:15:17Z,compressor_trip,NORMAL,8542.1,40.04,90.55,80.49,15.16,15.16,25.4,50.02,0,0,0,0,0
2026-01-01T00:15:18Z,compressor_trip,NORMAL,8530.1,39.95,90.15,80.06,14.97,15.09,25.61,50.05,0,0,0,0,0
2026-01-01T00:15:19Z,compressor_trip,NORMAL,8533.2,40.27,90.38,80.56,14.87,15.12,25.57,49.95,0,0,0,0,0
2026-01-01T00:15:20Z,compressor_trip,NORMAL,8518.2,40.4,90.53,80.08,14.97,15.06,25.57,50.04,0,0,0,0,0
2026-01-01T00:15:21Z,compressor_trip,NORMAL,8545.9,40.15,90.63,81.22,14.95,14.94,25.32,50.04,0,0,0,0,0
2026-01-01T00:15:22Z,compressor_trip,NORMAL,8521.9,40.05,90.44,80.43,14.96,15.1,25.61,49.98,0,0,0,0,0
2026-01-01T00:15:23Z,compressor_trip,NORMAL,8520.1,40.39,90.43,80.31,14.97,15.09,25.44,50.0,0,0,0,0,0
2026-01-01T00:15:24Z,compressor_trip,NORMAL,8514.1,39.84,90.93,80.79,15.1,14.83,25.38,50.02,0,0,0,0,0
2026-01-01T00:15:25Z,compressor_trip,NORMAL,8532.7,40.42,90.46,80.13,14.92,14.87,25.57,49.99,0,0,0,0,0
2026-01-01T00:15:26Z,compressor_trip,NORMAL,8518.6,40.23,91.03,80.41,14.95,15.03,25.26,50.02,0,0,0,0,0
2026-01-01T00:15:27Z,compressor_trip,NORMAL,8530.9,40.04,90.7,80.57,15.02,15.14,25.43,50.08,0,0,0,0,0
2026-01-01T00:15:28Z,compressor_trip,NORMAL,8531.7,39.95,90.31,80.21,15.12,15.28,25.39,50.01,0,0,0,0,0
2026-01-01T00:15:29Z,compressor_trip,NORMAL,8527.0,40.02,90.24,80.86,14.85,14.91,25.43,50.0,0,0,0,0,0
2026-01-01T00:15:30Z,compressor_trip,NORMAL,8523.2,40.12,90.91,80.01,14.93,15.11,25.41,50.01,0,0,0,0,0
2026-01-01T00:15:31Z,compressor_trip,NORMAL,8532.3,39.63,91.05,80.62,14.87,15.12,25.57,50.08,0,0,0,0,0
2026-01-01T00:15:32Z,compressor_trip,NORMAL,8516.7,40.14,90.56,79.83,15.26,14.9,25.59,50.0,0,0,0,0,0
2026-01-01T00:15:33Z,compressor_trip,NORMAL,8520.9,39.95,90.98,81.4,15.02,14.94,25.31,50.03,0,0,0,0,0
2026-01-01T00:15:34Z,compressor_trip,NORMAL,8495.0,39.68,90.28,80.65,14.95,14.96,25.2,49.98,0,0,0,0,0
2026-01-01T00:15:35Z,compressor_trip,NORMAL,8514.8,40.06,90.55,79.51,15.16,14.79,25.42,49.98,0,0,0,0,0
2026-01-01T00:15:36Z,compressor_trip,NORMAL,8525.2,40.11,90.16,80.32,14.83,14.99,25.29,49.95,0,0,0,0,0
2026-01-01T00:15:37Z,compressor_trip,NORMAL,8503.2,40.0,90.03,80.91,14.95,14.85,25.27,50.0,0,0,0,0,0
2026-01-01T00:15:38Z,compressor_trip,NORMAL,8495.0,40.26,90.12,80.39,15.01,15.07,25.41,49.96,0,0,0,0,0
2026-01-01T00:15:39Z,compressor_trip,NORMAL,8505.1,40.39,89.17,79.94,14.91,15.09,25.37,50.02,0,0,0,0,0
2026-01-01T00:15:40Z,compressor_trip,NORMAL,8502.6,40.06,89.73,80.16,14.92,14.93,25.23,50.01,0,0,0,0,0
2026-01-01T00:15:41Z,compressor_trip,NORMAL,8513.3,39.84,89.97,80.65,15.01,15.14,25.3,50.02,0,0,0,0,0
2026-01-01T00:15:42Z,compressor_trip,NORMAL,8516.0,39.8,89.65,79.74,15.04,14.98,25.35,50.01,0,0,0,0,0
2026-01-01T00:15:43Z,compressor_trip,NORMAL,8510.4,40.13,89.98,80.79,15.06,14.86,25.29,50.08,0,0,0,0,0
2026-01-01T00:15:44Z,compressor_trip,NORMAL,8543.3,39.99,90.18,79.59,15.01,14.99,25.25,50.09,0,0,0,0,0
2026-01-01T00:15:45Z,compressor_trip,NORMAL,8508.5,39.8,89.61,80.76,14.94,14.91,25.13,49.99,0,0,0,0,0
2026-01-01T00:15:46Z,compressor_trip,NORMAL,8511.4,40.16,90.27,81.21,14.88,15.02,25.33,49.92,0,0,0,0,0
2026-01-01T00:15:47Z,compressor_trip,NORMAL,8502.5,39.78,90.25,79.96,15.07,15.16,25.27,49.97,0,0,0,0,0
2026-01-01T00:15:48Z,compressor_trip,NORMAL,8491.3,40.08,89.67,80.83,15.17,15.17,25.46,50.01,0,0,0,0,0
2026-01-01T00:15:49Z,compressor_trip,NORMAL,8507.0,39.84,89.45,80.73,14.86,15.1,25.19,49.99,0,0,0,0,0
2026-01-01T00:15:50Z,compressor_trip,NORMAL,8518.8,40.05,90.36,80.21,15.09,14.97,25.18,49.95,0,0,0,0,0
2026-01-01T00:15:51Z,compressor_trip,NORMAL,8484.8,39.75,90.43,80.3,14.9,15.08,25.28,50.02,0,0,0,0,0
2026-01-01T00:15:52Z,compressor_trip,NORMAL,8489.5,39.91,90.26,80.19,15.1,15.08,25.41,50.02,0,0,0,0,0
2026-01-01T00:15:53Z,compressor_trip,NORMAL,8492.0,40.01,91.24,80.86,14.98,15.07,25.23,49.98,0,0,0,0,0
2026-01-01T00:15:54Z,compressor_trip,NORMAL,8508.8,40.09,90.53,81.18,14.95,15.03,25.34,50.04,0,0,0,0,0
2026-01-01T00:15:55Z,compressor_trip,NORMAL,8492.7,40.01,91.02,80.02,15.05,15.05,25.09,50.03,0,0,0,0,0
2026-01-01T00:15:56Z,compressor_trip,NORMAL,8482.0,40.04,90.66,80.04,14.85,15.0,25.23,50.01,0,0,0,0,0
2026-01-01T00:15:57Z,compressor_trip,NORMAL,8496.7,40.06,89.3,80.82,14.78,14.96,25.3,49.96,0,0,0,0,0
2026-01-01T00:15:58Z,compressor_trip,NORMAL,8479.0,39.85,89.78,81.27,14.85,15.04,25.2,49.96,0,0,0,0,0
2026-01-01T00:15:59Z,compressor_trip,NORMAL,8478.7,39.76,90.19,80.6,15.13,14.9,25.0,50.03,0,0,0,0,0
2026-01-01T00:16:00Z,compressor_trip,NORMAL,8496.8,40.24,89.06,81.0,15.01,15.2,25.18,50.07,0,0,0,0,0
2026-01-01T00:16:01Z,compressor_trip,NORMAL,8484.7,40.43,89.74,79.48,15.02,15.11,25.32,50.0,0,0,0,0,0
2026-01-01T00:16:02Z,compressor_trip,NORMAL,8493.5,40.0,90.66,80.76,14.95,15.1,25.19,50.06,0,0,0,0,0
2026-01-01T00:16:03Z,compressor_trip,NORMAL,8484.7,40.02,89.69,79.44,14.88,15.11,25.25,49.96,0,0,0,0,0
2026-01-01T00:16:04Z,compressor_trip,NORMAL,8492.5,40.01,90.35,79.99,15.0,14.88,25.29,50.03,0,0,0,0,0
2026-01-01T00:16:05Z,compressor_trip,NORMAL,8487.7,40.49,90.54,80.92,15.03,14.95,25.22,50.0,0,0,0,0,0
2026-01-01T00:16:06Z,compressor_trip,NORMAL,8482.2,40.24,89.79,80.32,15.01,14.85,25.22,50.04,0,0,0,0,0
2026-01-01T00:16:07Z,compressor_trip,NORMAL,8485.1,40.05,89.77,79.87,14.94,14.82,25.21,49.93,0,0,0,0,0
2026-01-01T00:16:08Z,compressor_trip,NORMAL,8479.1,39.58,89.59,80.44,15.01,15.0,25.18,49.92,0,0,0,0,0
2026-01-01T00:16:09Z,compressor_trip,NORMAL,8491.4,39.92,89.93,80.38,14.73,15.14,25.11,50.03,0,0,0,0,0
2026-01-01T00:16:10Z,compressor_trip,NORMAL,8478.2,39.88,90.56,79.55,15.03,14.95,25.19,50.04,0,0,0,0,0
2026-01-01T00:16:11Z,compressor_trip,NORMAL,8487.6,40.11,89.59,80.02,15.03,15.12,25.18,49.99,0,0,0,0,0
2026-01-01T00:16:12Z,compressor_trip,NORMAL,8481.8,40.18,90.11,80.58,14.96,15.09,25.09,50.0,0,0,0,0,0
2026-01-01T00:16:13Z,compressor_trip,NORMAL,8484.5,39.73,89.74,80.26,15.02,15.08,24.89,49.92,0,0,0,0,0
2026-01-01T00:16:14Z,compressor_trip,NORMAL,8487.7,40.15,90.83,80.05,15.12,15.22,24.88,49.92,0,0,0,0,0
2026-01-01T00:16:15Z,compressor_trip,NORMAL,8471.8,39.72,90.61,79.97,14.93,15.12,25.17,49.97,0,0,0,0,0
2026-01-01T00:16:16Z,compressor_trip,NORMAL,8482.6,39.82,89.49,80.68,14.92,14.95,25.05,49.97,0,0,0,0,0
2026-01-01T00:16:17Z,compressor_trip,NORMAL,8449.4,39.69,89.9,80.77,15.07,14.95,25.08,49.92,0,0,0,0,0
2026-01-01T00:16:18Z,compressor_trip,NORMAL,8471.3,39.95,89.52,80.37,15.04,15.06,25.31,50.03,0,0,0,0,0
2026-01-01T00:16:19Z,compressor_trip,NORMAL,8453.2,39.72,89.78,79.62,14.97,15.14,25.09,49.94,0,0,0,0,0
2026-01-01T00:16:20Z,compressor_trip,NORMAL,8486.3,39.96,89.77,80.16,15.05,14.93,25.08,50.06,0,0,0,0,0
2026-01-01T00:16:21Z,compressor_trip,NORMAL,8483.3,39.84,89.79,80.8,14.97,14.87,25.0,50.03,0,0,0,0,0
2026-01-01T00:16:22Z,compressor_trip,NORMAL,8469.0,40.01,89.91,79.89,15.05,15.13,25.1,50.03,0,0,0,0,0
2026-01-01T00:16:23Z,compressor_trip,NORMAL,8480.3,40.15,90.33,79.01,15.0,15.04,25.04,49.96,0,0,0,0,0
2026-01-01T00:16:24Z,compressor_trip,NORMAL,8466.8,39.85,89.92,80.35,14.98,15.11,24.99,49.97,0,0,0,0,0
2026-01-01T00:16:25Z,compressor_trip,NORMAL,8468.0,39.92,90.24,79.91,15.05,15.09,24.88,50.0,0,0,0,0,0
2026-01-01T00:16:26Z,compressor_trip,NORMAL,8467.5,39.63,89.76,79.89,14.86,15.13,25.05,49.89,0,0,0,0,0
2026-01-01T00:16:27Z,compressor_trip,NORMAL,8460.6,39.94,89.67,79.6,14.89,15.02,24.93,50.05,0,0,0,0,0
2026-01-01T00:16:28Z,compressor_trip,NORMAL,8469.3,40.05,89.43,80.02,15.01,15.01,24.86,50.0,0,0,0,0,0
2026-01-01T00:16:29Z,compressor_trip,NORMAL,8440.7,40.02,90.94,79.47,14.92,15.08,24.93,49.95,0,0,0,0,0
2026-01-01T00:16:30Z,compressor_trip,NORMAL,8460.2,40.03,90.13,79.72,14.94,14.97,24.94,50.01,0,0,0,0,0
2026-01-01T00:16:31Z,compressor_trip,NORMAL,8475.3,39.83,89.11,79.9,14.94,14.86,24.87,49.91,0,0,0,0,0
2026-01-01T00:16:32Z,compressor_trip,NORMAL,8460.1,39.85,90.57,80.13,14.9,14.89,24.95,49.93,0,0,0,0,0
2026-01-01T00:16:33Z,compressor_trip,NORMAL,8459.0,40.22,89.5,79.57,14.8,14.85,25.0,49.99,0,0,0,0,0
2026-01-01T00:16:34Z,compressor_trip,NORMAL,8460.8,39.71,90.09,79.66,14.82,14.89,24.92,50.0,0,0,0,0,0
2026-01-01T00:16:35Z,compressor_trip,NORMAL,8441.3,40.18,89.64,80.32,15.14,14.97,24.91,50.03,0,0,0,0,0
2026-01-01T00:16:36Z,compressor_trip,NORMAL,8439.7,40.22,89.6,79.67,14.89,14.87,24.94,50.02,0,0,0,0,0
2026-01-01T00:16:37Z,compressor_trip,NORMAL,8456.0,39.54,89.28,80.13,15.18,14.99,25.0,50.0,0,0,0,0,0
2026-01-01T00:16:38Z,compressor_trip,NORMAL,8451.3,39.77,89.16,79.2,15.05,15.09,24.94,49.97,0,0,0,0,0
2026-01-01T00:16:39Z,compressor_trip,NORMAL,8464.5,40.44,88.73,80.14,15.01,15.03,25.02,50.08,0,0,0,0,0
2026-01-01T00:16:40Z,compressor_trip,NORMAL,8452.3,40.43,89.01,80.23,14.86,14.86,24.98,50.04,0,0,0,0,0
2026-01-01T00:16:41Z,compressor_trip,NORMAL,8446.9,40.11,89.22,80.39,14.85,15.02,24.96,50.01,0,0,0,0,0
2026-01-01T00:16:42Z,compressor_trip,NORMAL,8451.8,39.98,88.29,79.09,15.1,15.07,25.06,50.0,0,0,0,0,0
2026-01-01T00:16:43Z,compressor_trip,NORMAL,8467.8,39.97,90.08,79.58,14.94,15.09,24.78,50.08,0,0,0,0,0
2026-01-01T00:16:44Z,compressor_trip,NORMAL,8468.5,40.0,90.25,79.54,14.98,15.02,24.86,50.04,0,0,0,0,0
2026-01-01T00:16:45Z,compressor_trip,NORMAL,8458.1,40.13,89.29,79.04,15.04,14.96,24.75,49.94,0,0,0,0,0
2026-01-01T00:16:46Z,compressor_trip,NORMAL,8445.5,40.3,89.73,79.35,14.89,14.9,24.8,50.01,0,0,0,0,0
2026-01-01T00:16:47Z,compressor_trip,NORMAL,8458.6,40.54,90.41,79.54,15.09,15.01,25.07,50.03,0,0,0,0,0
2026-01-01T00:16:48Z,compressor_trip,NORMAL,8441.7,40.19,89.12,79.45,14.97,14.97,24.68,50.05,0,0,0,0,0
2026-01-01T00:16:49Z,compressor_trip,NORMAL,8472.5,39.75,90.19,78.91,14.99,14.92,24.9,50.03,0,0,0,0,0
2026-01-01T00:16:50Z,compressor_trip,NORMAL,8432.1,39.97,89.87,79.28,15.12,15.13,24.83,50.07,0,0,0,0,0
2026-01-01T00:16:51Z,compressor_trip,NORMAL,8424.7,39.88,89.76,80.21,15.11,15.1,24.87,50.03,0,0,0,0,0
2026-01-01T00:16:52Z,compressor_trip,NORMAL,8443.6,39.71,89.93,80.01,14.99,14.94,25.06,49.95,0,0,0,0,0
2026-01-01T00:16:53Z,compressor_trip,NORMAL,8443.2,39.86,89.45,80.29,15.04,14.97,24.94,50.05,0,0,0,0,0
2026-01-01T00:16:54Z,compressor_trip,NORMAL,8441.0,39.91,89.1,78.76,15.16,14.93,24.73,49.96,0,0,0,0,0
2026-01-01T00:16:55Z,compressor_trip,NORMAL,8429.5,40.22,89.41,79.21,14.92,14.9,24.95,49.93,0,0,0,0,0
2026-01-01T00:16:56Z,compressor_trip,NORMAL,8440.9,40.1,89.63,79.8,14.99,14.77,24.83,49.98,0,0,0,0,0
2026-01-01T00:16:57Z,compressor_trip,NORMAL,8426.1,40.29,90.07,79.49,15.04,15.0,24.64,49.98,0,0,0,0,0
2026-01-01T00:16:58Z,compressor_trip,NORMAL,8447.2,39.98,88.93,80.23,15.03,14.88,24.77,49.98,0,0,0,0,0
2026-01-01T00:16:59Z,compressor_trip,NORMAL,8427.9,40.15,89.15,79.73,15.18,14.93,24.71,50.0,0,0,0,0,0
2026-01-01T00:17:00Z,compressor_trip,NORMAL,8432.5,39.93,88.96,78.88,14.96,14.87,24.7,50.14,0,0,0,0,0
2026-01-01T00:17:01Z,compressor_trip,NORMAL,8460.4,40.48,89.25,79.09,15.06,14.9,24.78,49.95,0,0,0,0,0
2026-01-01T00:17:02Z,compressor_trip,NORMAL,8444.4,39.98,89.56,79.33,14.98,14.82,24.79,49.98,0,0,0,0,0
2026-01-01T00:17:03Z,compressor_trip,NORMAL,8438.9,39.91,88.89,79.66,15.15,14.99,24.97,49.87,0,0,0,0,0
2026-01-01T00:17:04Z,compressor_trip,NORMAL,8425.3,39.95,88.71,78.24,15.0,14.9,24.7,49.99,0,0,0,0,0
2026-01-01T00:17:05Z,compressor_trip,NORMAL,8431.0,39.88,89.68,79.21,15.11,15.12,24.62,49.96,0,0,0,0,0
2026-01-01T00:17:06Z,compressor_trip,NORMAL,8441.7,39.75,89.07,79.67,15.1,15.12,24.76,50.03,0,0,0,0,0
2026-01-01T00:17:07Z,compressor_trip,NORMAL,8435.0,40.33,89.35,79.52,14.98,14.87,24.63,49.87,0,0,0,0,0
2026-01-01T00:17:08Z,compressor_trip,NORMAL,8445.7,40.39,88.48,80.0,15.04,14.98,24.82,49.99,0,0,0,0,0
2026-01-01T00:17:09Z,compressor_trip,NORMAL,8456.8,40.18,88.94,79.02,15.14,14.97,24.73,50.01,0,0,0,0,0
2026-01-01T00:17:10Z,compressor_trip,NORMAL,8430.3,40.23,88.86,78.41,14.94,14.92,24.68,49.92,0,0,0,0,0
2026-01-01T00:17:11Z,compressor_trip,NORMAL,8419.5,39.71,89.8,79.0,14.98,15.14,24.7,50.02,0,0,0,0,0
2026-01-01T00:17:12Z,compressor_trip,NORMAL,8438.3,40.12,89.02,79.02,15.13,15.02,24.66,49.98,0,0,0,0,0
2026-01-01T00:17:13Z,compressor_trip,NORMAL,8427.0,39.64,89.54,80.05,14.93,14.92,24.68,49.99,0,0,0,0,0
2026-01-01T00:17:14Z,compressor_trip,NORMAL,8447.0,40.17,89.39,79.21,15.01,14.98,24.6,49.98,0,0,0,0,0
2026-01-01T00:17:15Z,compressor_trip,NORMAL,8430.6,39.79,88.63,79.43,14.96,14.83,24.83,50.06,0,0,0,0,0
2026-01-01T00:17:16Z,compressor_trip,NORMAL,8446.4,39.91,89.57,80.11,15.05,15.12,24.72,49.98,0,0,0,0,0
2026-01-01T00:17:17Z,compressor_trip,NORMAL,8429.5,40.1,89.61,80.04,15.02,14.98,24.82,49.99,0,0,0,0,0
2026-01-01T00:17:18Z,compressor_trip,NORMAL,8416.0,40.19,88.2,80.04,15.08,15.0,24.81,49.98,0,0,0,0,0
2026-01-01T00:17:19Z,compressor_trip,NORMAL,8426.6,39.71,88.64,79.7,14.96,14.89,24.78,50.0,0,0,0,0,0
2026-01-01T00:17:20Z,compressor_trip,NORMAL,8416.3,39.97,90.0,80.01,15.01,15.06,24.62,50.09,0,0,0,0,0
2026-01-01T00:17:21Z,compressor_trip,NORMAL,8435.4,39.93,89.34,79.92,15.1,15.1,24.74,50.02,0,0,0,0,0
2026-01-01T00:17:22Z,compressor_trip,NORMAL,8405.7,40.29,89.07,79.57,15.0,15.11,24.62,49.94,0,0,0,0,0
2026-01-01T00:17:23Z,compressor_trip,NORMAL,8435.7,40.14,90.0,79.42,15.03,15.09,24.56,49.92,0,0,0,0,0
2026-01-01T00:17:24Z,compressor_trip,NORMAL,8412.2,39.87,90.11,80.72,14.98,15.01,24.62,49.99,0,0,0,0,0
2026-01-01T00:17:25Z,compressor_trip,NORMAL,8423.3,40.07,89.04,79.37,14.94,14.93,24.61,50.03,0,0,0,0,0
2026-01-01T00:17:26Z,compressor_trip,NORMAL,8424.1,39.9,89.69,79.45,15.1,14.98,24.82,50.07,0,0,0,0,0
2026-01-01T00:17:27Z,compressor_trip,NORMAL,8426.0,40.29,88.88,80.28,14.88,15.01,24.57,49.9,0,0,0,0,0
2026-01-01T00:17:28Z,compressor_trip,NORMAL,8405.2,39.91,89.44,79.21,15.09,14.97,24.53,50.07,0,0,0,0,0
2026-01-01T00:17:29Z,compressor_trip,NORMAL,8429.6,39.95,88.38,78.85,14.95,15.01,24.74,50.0,0,0,0,0,0
2026-01-01T00:17:30Z,compressor_trip,NORMAL,8419.9,40.09,88.59,79.95,15.15,15.05,24.77,49.99,0,0,0,0,0
2026-01-01T00:17:31Z,compressor_trip,NORMAL,8416.5,40.27,89.09,79.07,15.18,14.98,24.53,50.0,0,0,0,0,0
2026-01-01T00:17:32Z,compressor_trip,NORMAL,8394.5,40.21,89.84,78.74,14.93,15.19,24.7,49.98,0,0,0,0,0
2026-01-01T00:17:33Z,compressor_trip,NORMAL,8413.7,40.08,89.87,79.75,15.06,14.98,24.75,50.03,0,0,0,0,0
2026-01-01T00:17:34Z,compressor_trip,NORMAL,8403.9,39.92,90.06,78.44,14.89,15.05,24.58,49.94,0,0,0,0,0
2026-01-01T00:17:35Z,compressor_trip,NORMAL,8379.3,39.93,89.74,78.84,14.89,15.08,24.72,49.96,0,0,0,0,0
2026-01-01T00:17:36Z,compressor_trip,NORMAL,8410.4,39.7,89.14,78.96,14.98,14.76,24.67,49.91,0,0,0,0,0
2026-01-01T00:17:37Z,compressor_trip,NORMAL,8399.9,39.95,88.13,78.52,14.91,14.82,24.5,49.99,0,0,0,0,0
2026-01-01T00:17:38Z,compressor_trip,NORMAL,8429.9,40.17,87.9,79.21,14.91,15.05,24.53,50.02,0,0,0,0,0
2026-01-01T00:17:39Z,compressor_trip,NORMAL,8418.9,39.92,88.3,79.1,15.06,15.06,24.54,50.03,0,0,0,0,0
2026-01-01T00:17:40Z,compressor_trip,NORMAL,8411.0,39.74,89.21,79.72,15.13,14.94,24.56,49.99,0,0,0,0,0
2026-01-01T00:17:41Z,compressor_trip,NORMAL,8398.0,40.06,88.65,79.33,14.93,14.94,24.54,50.0,0,0,0,0,0
2026-01-01T00:17:42Z,compressor_trip,NORMAL,8416.0,39.92,88.97,79.47,14.96,15.0,24.48,50.0,0,0,0,0,0
2026-01-01T00:17:43Z,compressor_trip,NORMAL,8418.8,40.16,89.51,79.89,15.02,15.1,24.5,50.05,0,0,0,0,0
2026-01-01T00:17:44Z,compressor_trip,NORMAL,8417.7,40.33,89.51,79.61,15.03,14.95,24.46,50.04,0,0,0,0,0
2026-01-01T00:17:45Z,compressor_trip,NORMAL,8396.9,40.31,89.2,79.58,15.1,15.03,24.51,49.89,0,0,0,0,0
2026-01-01T00:17:46Z,compressor_trip,NORMAL,8412.9,40.11,88.35,79.36,14.99,15.1,24.34,49.97,0,0,0,0,0
2026-01-01T00:17:47Z,compressor_trip,NORMAL,8406.9,39.83,89.17,78.23,14.77,15.0,24.56,49.96,0,0,0,0,0
2026-01-01T00:17:48Z,compressor_trip,NORMAL,8412.2,40.06,89.36,79.29,14.83,15.0,24.51,50.08,0,0,0,0,0
2026-01-01T00:17:49Z,compressor_trip,NORMAL,8393.1,40.46,89.03,78.71,14.97,15.11,24.5,49.96,0,0,0,0,0
2026-01-01T00:17:50Z,compressor_trip,NORMAL,8414.6,40.2,89.07,80.09,15.21,14.76,24.49,50.09,0,0,0,0,0
2026-01-01T00:17:51Z,compressor_trip,NORMAL,8412.4,40.3,89.35,78.5,14.94,15.0,24.61,50.0,0,0,0,0,0
2026-01-01T00:17:52Z,compressor_trip,NORMAL,8402.2,39.89,89.15,79.32,15.23,14.99,24.35,50.03,0,0,0,0,0
2026-01-01T00:17:53Z,compressor_trip,NORMAL,8409.4,40.03,88.7,79.45,14.95,14.95,24.41,50.05,0,0,0,0,0
2026-01-01T00:17:54Z,compressor_trip,NORMAL,8392.0,39.98,88.92,79.58,14.98,15.09,24.38,50.02,0,0,0,0,0
2026-01-01T00:17:55Z,compressor_trip,NORMAL,8408.8,40.02,89.83,79.47,15.03,15.11,24.49,49.99,0,0,0,0,0
2026-01-01T00:17:56Z,compressor_trip,NORMAL,8415.4,40.45,88.76,79.52,15.01,15.01,24.26,49.97,0,0,0,0,0
2026-01-01T00:17:57Z,compressor_trip,NORMAL,8397.3,40.29,88.48,79.85,14.91,14.98,24.4,49.97,0,0,0,0,0
2026-01-01T00:17:58Z,compressor_trip,NORMAL,8389.5,40.28,89.59,79.78,15.1,15.09,24.56,49.96,0,0,0,0,0
2026-01-01T00:17:59Z,compressor_trip,NORMAL,8410.5,40.29,89.2,79.09,14.91,14.97,24.38,49.85,0,0,0,0,0
2026-01-01T00:18:00Z,compressor_trip,NORMAL,8409.2,40.31,89.34,79.26,14.93,14.98,24.56,49.93,0,0,0,0,0
2026-01-01T00:18:01Z,compressor_trip,NORMAL,8426.8,39.7,89.45,78.83,14.96,14.78,24.51,50.02,0,0,0,0,0
2026-01-01T00:18:02Z,compressor_trip,NORMAL,8414.7,39.9,89.69,79.25,14.98,14.95,24.53,50.02,0,0,0,0,0
2026-01-01T00:18:03Z,compressor_trip,NORMAL,8407.9,39.7,88.98,78.65,14.92,14.81,24.46,49.99,0,0,0,0,0
2026-01-01T00:18:04Z,compressor_trip,NORMAL,8403.5,39.8,89.1,78.65,14.99,15.06,24.44,50.03,0,0,0,0,0
2026-01-01T00:18:05Z,compressor_trip,NORMAL,8396.4,39.61,89.14,78.61,14.97,14.88,24.37,50.03,0,0,0,0,0
2026-01-01T00:18:06Z,compressor_trip,NORMAL,8399.7,39.76,89.07,79.27,15.0,15.03,24.51,50.08,0,0,0,0,0
2026-01-01T00:18:07Z,compressor_trip,NORMAL,8409.9,39.93,89.18,78.44,15.0,15.19,24.37,50.0,0,0,0,0,0
2026-01-01T00:18:08Z,compressor_trip,NORMAL,8394.7,40.22,88.85,79.28,14.97,14.88,24.36,49.95,0,0,0,0,0
2026-01-01T00:18:09Z,compressor_trip,NORMAL,8395.6,39.89,89.85,79.44,15.03,14.94,24.43,49.99,0,0,0,0,0
2026-01-01T00:18:10Z,compressor_trip,NORMAL,8414.4,39.96,89.85,79.0,15.01,14.95,24.36,49.95,0,0,0,0,0
2026-01-01T00:18:11Z,compressor_trip,NORMAL,8390.5,39.67,88.57,78.64,15.03,14.94,24.34,50.07,0,0,0,0,0
2026-01-01T00:18:12Z,compressor_trip,NORMAL,8407.7,39.69,89.19,79.41,14.99,14.91,24.38,49.99,0,0,0,0,0
2026-01-01T00:18:13Z,compressor_trip,NORMAL,8404.3,40.12,89.19,78.85,14.84,15.01,24.33,49.99,0,0,0,0,0
2026-01-01T00:18:14Z,compressor_trip,NORMAL,8404.8,40.11,88.44,79.52,15.04,15.02,24.34,50.11,0,0,0,0,0
2026-01-01T00:18:15Z,compressor_trip,NORMAL,8405.9,39.98,88.18,78.96,15.05,14.87,24.32,50.01,0,0,0,0,0
2026-01-01T00:18:16Z,compressor_trip,NORMAL,8409.1,39.7,88.88,78.97,15.0,15.04,24.41,50.05,0,0,0,0,0
2026-01-01T00:18:17Z,compressor_trip,NORMAL,8427.1,40.04,89.2,79.02,14.99,14.91,24.3,49.97,0,0,0,0,0
2026-01-01T00:18:18Z,compressor_trip,NORMAL,8388.2,40.03,88.69,79.18,14.97,15.05,24.46,50.03,0,0,0,0,0
2026-01-01T00:18:19Z,compressor_trip,NORMAL,8397.3,39.93,89.07,78.87,14.97,15.11,24.33,49.98,0,0,0,0,0
2026-01-01T00:18:20Z,compressor_trip,NORMAL,8402.7,39.98,88.71,79.19,14.96,14.94,24.37,49.97,0,0,0,0,0
2026-01-01T00:18:21Z,compressor_trip,NORMAL,8414.6,39.75,89.2,79.26,15.04,15.03,24.38,49.99,0,0,0,0,0
2026-01-01T00:18:22Z,compressor_trip,NORMAL,8396.9,39.93,89.96,78.54,15.11,14.92,24.34,50.06,0,0,0,0,0
2026-01-01T00:18:23Z,compressor_trip,NORMAL,8388.4,39.82,89.4,79.66,14.94,15.17,24.25,50.02,0,0,0,0,0
2026-01-01T00:18:24Z,compressor_trip,NORMAL,8413.3,39.85,89.79,78.68,14.99,14.96,24.51,50.0,0,0,0,0,0
2026-01-01T00:18:25Z,compressor_trip,NORMAL,8409.2,40.23,88.75,79.5,14.97,14.83,24.23,50.0,0,0,0,0,0
2026-01-01T00:18:26Z,compressor_trip,NORMAL,8378.1,39.76,88.92,79.26,15.06,15.0,24.2,50.03,0,0,0,0,0
2026-01-01T00:18:27Z,compressor_trip,NORMAL,8386.8,40.14,88.19,79.5,14.91,15.16,24.21,49.97,0,0,0,0,0
2026-01-01T00:18:28Z,compressor_trip,NORMAL,8390.2,40.11,88.35,78.91,15.04,14.91,24.16,49.97,0,0,0,0,0
2026-01-01T00:18:29Z,compressor_trip,NORMAL,8386.9,39.86,88.95,78.26,15.0,15.01,24.26,50.0,0,0,0,0,0
2026-01-01T00:18:30Z,compressor_trip,NORMAL,8377.0,39.82,89.11,78.95,14.89,15.16,24.36,49.93,0,0,0,0,0
2026-01-01T00:18:31Z,compressor_trip,NORMAL,8398.9,40.11,89.76,77.97,15.06,14.96,24.25,49.99,0,0,0,0,0
2026-01-01T00:18:32Z,compressor_trip,NORMAL,8417.1,40.39,88.81,78.56,15.26,15.04,24.12,50.06,0,0,0,0,0
2026-01-01T00:18:33Z,compressor_trip,NORMAL,8398.5,39.93,89.48,78.16,15.09,15.02,24.25,50.01,0,0,0,0,0
2026-01-01T00:18:34Z,compressor_trip,NORMAL,8384.0,39.85,89.14,79.28,14.99,14.83,24.19,49.96,0,0,0,0,0
2026-01-01T00:18:35Z,compressor_trip,NORMAL,8392.9,40.1,89.1,78.26,14.99,15.06,24.23,49.99,0,0,0,0,0
2026-01-01T00:18:36Z,compressor_trip,NORMAL,8400.8,39.76,89.89,79.08,14.91,14.82,24.02,49.97,0,0,0,0,0
2026-01-01T00:18:37Z,compressor_trip,NORMAL,8411.1,39.89,88.82,78.5,15.15,15.22,23.92,49.98,0,0,0,0,0
2026-01-01T00:18:38Z,compressor_trip,NORMAL,8405.8,40.1,88.69,78.77,15.07,15.15,24.01,49.97,0,0,0,0,0
2026-01-01T00:18:39Z,compressor_trip,NORMAL,8405.6,39.79,88.67,79.67,15.03,14.95,24.23,49.93,0,0,0,0,0
2026-01-01T00:18:40Z,compressor_trip,NORMAL,8402.7,40.09,89.55,79.32,15.01,14.98,24.15,50.06,0,0,0,0,0
2026-01-01T00:18:41Z,compressor_trip,NORMAL,8413.6,40.11,88.97,78.57,14.86,14.95,24.25,50.01,0,0,0,0,0
2026-01-01T00:18:42Z,compressor_trip,NORMAL,8414.1,39.96,88.14,78.66,15.08,15.02,24.18,50.0,0,0,0,0,0
2026-01-01T00:18:43Z,compressor_trip,NORMAL,8396.4,40.13,88.69,79.2,15.0,14.84,24.31,49.99,0,0,0,0,0
2026-01-01T00:18:44Z,compressor_trip,NORMAL,8410.0,40.12,88.94,78.77,15.02,14.95,24.07,49.97,0,0,0,0,0
2026-01-01T00:18:45Z,compressor_trip,NORMAL,8385.1,39.8,88.88,79.27,14.8,15.05,24.28,50.04,0,0,0,0,0
2026-01-01T00:18:46Z,compressor_trip,NORMAL,8415.5,39.76,88.47,78.29,15.14,15.22,23.98,49.99,0,0,0,0,0
2026-01-01T00:18:47Z,compressor_trip,NORMAL,8388.7,39.62,88.48,79.73,14.95,15.08,24.2,49.96,0,0,0,0,0
2026-01-01T00:18:48Z,compressor_trip,NORMAL,8415.7,39.78,88.7,79.21,14.97,14.97,24.21,50.06,0,0,0,0,0
2026-01-01T00:18:49Z,compressor_trip,NORMAL,8384.5,40.01,89.59,79.78,14.75,14.92,24.13,49.98,0,0,0,0,0
2026-01-01T00:18:50Z,compressor_trip,NORMAL,8409.9,40.1,89.23,78.87,14.98,15.09,24.17,50.02,0,0,0,0,0
2026-01-01T00:18:51Z,compressor_trip,NORMAL,8404.0,39.85,88.58,79.05,15.1,14.9,24.15,50.02,0,0,0,0,0
2026-01-01T00:18:52Z,compressor_trip,NORMAL,8400.6,39.98,89.28,78.59,15.14,14.83,24.17,50.03,0,0,0,0,0
2026-01-01T00:18:53Z,compressor_trip,NORMAL,8417.2,39.59,88.43,79.52,14.92,15.0,24.21,49.95,0,0,0,0,0
2026-01-01T00:18:54Z,compressor_trip,NORMAL,8393.2,39.8,88.94,78.61,15.01,14.99,24.14,49.97,0,0,0,0,0
2026-01-01T00:18:55Z,compressor_trip,NORMAL,8409.4,40.17,89.41,79.2,14.96,15.01,23.95,50.02,0,0,0,0,0
2026-01-01T00:18:56Z,compressor_trip,NORMAL,8413.2,39.87,89.66,79.4,15.2,14.89,24.09,49.97,0,0,0,0,0
2026-01-01T00:18:57Z,compressor_trip,NORMAL,8400.3,40.15,89.55,78.97,14.97,14.89,24.07,50.01,0,0,0,0,0
2026-01-01T00:18:58Z,compressor_trip,NORMAL,8411.0,40.19,88.69,78.64,15.13,15.03,23.9,50.08,0,0,0,0,0
2026-01-01T00:18:59Z,compressor_trip,NORMAL,8398.2,40.16,88.81,79.01,15.17,14.82,24.03,49.96,0,0,0,0,0
2026-01-01T00:19:00Z,compressor_trip,NORMAL,8402.6,39.94,89.44,79.2,14.95,15.15,24.14,49.96,0,0,0,0,0
2026-01-01T00:19:01Z,compressor_trip,NORMAL,8401.9,39.86,89.09,78.79,15.07,14.95,24.06,49.97,0,0,0,0,0
2026-01-01T00:19:02Z,compressor_trip,NORMAL,8399.9,40.17,88.23,79.1,15.08,15.13,23.95,50.06,0,0,0,0,0
2026-01-01T00:19:03Z,compressor_trip,NORMAL,8405.2,40.02,89.12,78.32,15.13,15.07,23.98,49.97,0,0,0,0,0
2026-01-01T00:19:04Z,compressor_trip,NORMAL,8430.2,39.96,88.95,78.16,14.98,15.05,23.98,50.01,0,0,0,0,0
2026-01-01T00:19:05Z,compressor_trip,NORMAL,8410.2,39.93,89.49,78.89,14.99,15.0,23.85,50.03,0,0,0,0,0
2026-01-01T00:19:06Z,compressor_trip,NORMAL,8415.0,40.16,89.22,78.94,15.05,15.27,23.92,50.03,0,0,0,0,0
2026-01-01T00:19:07Z,compressor_trip,NORMAL,8412.6,40.17,88.28,79.99,15.13,14.98,24.2,50.01,0,0,0,0,0
2026-01-01T00:19:08Z,compressor_trip,NORMAL,8429.3,40.04,87.99,78.97,14.95,14.86,23.92,50.01,0,0,0,0,0
2026-01-01T00:19:09Z,compressor_trip,NORMAL,8401.0,40.2,88.16,78.86,15.05,15.04,23.95,50.01,0,0,0,0,0
2026-01-01T00:19:10Z,compressor_trip,NORMAL,8398.5,39.86,88.3,79.64,14.96,14.9,23.97,50.07,0,0,0,0,0
2026-01-01T00:19:11Z,compressor_trip,NORMAL,8426.9,39.82,89.91,78.96,15.12,15.09,23.92,49.97,0,0,0,0,0
2026-01-01T00:19:12Z,compressor_trip,NORMAL,8393.0,40.01,89.22,78.88,14.88,15.05,24.07,50.01,0,0,0,0,0
2026-01-01T00:19:13Z,compressor_trip,NORMAL,8403.9,40.07,88.55,79.12,15.04,15.11,24.17,50.09,0,0,0,0,0
2026-01-01T00:19:14Z,compressor_trip,NORMAL,8419.4,39.89,89.35,78.28,15.0,14.99,23.93,50.03,0,0,0,0,0
2026-01-01T00:19:15Z,compressor_trip,NORMAL,8406.7,40.4,88.94,79.94,15.03,14.9,23.99,50.11,0,0,0,0,0
2026-01-01T00:19:16Z,compressor_trip,NORMAL,8409.9,40.02,89.3,79.39,15.08,14.83,23.9,49.97,0,0,0,0,0
2026-01-01T00:19:17Z,compressor_trip,NORMAL,8442.3,39.84,89.1,80.34,15.05,15.13,24.05,49.92,0,0,0,0,0
2026-01-01T00:19:18Z,compressor_trip,NORMAL,8407.7,39.95,88.13,77.95,15.1,15.19,23.85,49.99,0,0,0,0,0
2026-01-01T00:19:19Z,compressor_trip,NORMAL,8427.4,40.21,88.33,78.98,15.04,14.81,23.9,49.97,0,0,0,0,0
2026-01-01T00:19:20Z,compressor_trip,NORMAL,8390.3,39.84,89.11,79.21,14.87,15.05,23.93,49.99,0,0,0,0,0
2026-01-01T00:19:21Z,compressor_trip,NORMAL,8407.9,39.57,89.48,79.23,15.0,14.95,23.81,50.02,0,0,0,0,0
2026-01-01T00:19:22Z,compressor_trip,NORMAL,8409.7,40.12,89.39,78.75,14.93,14.98,23.97,49.91,0,0,0,0,0
2026-01-01T00:19:23Z,compressor_trip,NORMAL,8416.7,39.71,88.87,80.16,14.9,14.9,23.89,49.99,0,0,0,0,0
2026-01-01T00:19:24Z,compressor_trip,NORMAL,8402.4,40.07,89.38,79.26,15.03,14.97,23.83,50.0,0,0,0,0,0
2026-01-01T00:19:25Z,compressor_trip,NORMAL,8421.1,39.83,88.96,79.01,15.23,15.11,24.05,50.04,0,0,0,0,0
2026-01-01T00:19:26Z,compressor_trip,NORMAL,8410.3,40.12,89.83,78.51,15.01,15.01,23.97,50.06,0,0,0,0,0
2026-01-01T00:19:27Z,compressor_trip,NORMAL,8415.0,39.97,90.65,78.77,14.86,15.01,23.85,49.99,0,0,0,0,0
2026-01-01T00:19:28Z,compressor_trip,NORMAL,8416.3,39.54,89.12,79.13,15.12,15.02,24.02,50.08,0,0,0,0,0
2026-01-01T00:19:29Z,compressor_trip,NORMAL,8423.4,40.09,88.92,79.33,14.97,14.77,23.88,50.06,0,0,0,0,0
2026-01-01T00:19:30Z,compressor_trip,NORMAL,8427.5,39.95,88.7,78.89,15.0,14.88,23.79,50.0,0,0,0,0,0
2026-01-01T00:19:31Z,compressor_trip,NORMAL,8421.4,40.12,88.69,78.06,14.98,15.1,23.74,49.96,0,0,0,0,0
2026-01-01T00:19:32Z,compressor_trip,NORMAL,8413.1,40.33,89.66,78.86,15.08,14.93,23.88,49.91,0,0,0,0,0
2026-01-01T00:19:33Z,compressor_trip,NORMAL,8410.6,39.81,88.52,79.31,14.9,15.1,23.93,50.01,0,0,0,0,0
2026-01-01T00:19:34Z,compressor_trip,NORMAL,8432.7,40.05,88.76,78.82,15.07,14.87,23.96,49.99,0,0,0,0,0
2026-01-01T00:19:35Z,compressor_trip,NORMAL,8427.8,40.02,88.73,79.83,14.98,15.03,23.81,49.96,0,0,0,0,0
2026-01-01T00:19:36Z,compressor_trip,NORMAL,8423.2,39.9,89.09,79.11,14.95,15.1,23.92,49.9,0,0,0,0,0
2026-01-01T00:19:37Z,compressor_trip,NORMAL,8413.7,39.93,88.64,78.68,15.06,15.05,23.69,49.93,0,0,0,0,0
2026-01-01T00:19:38Z,compressor_trip,NORMAL,8426.0,39.94,89.55,78.72,15.0,14.91,23.82,50.03,0,0,0,0,0
2026-01-01T00:19:39Z,compressor_trip,NORMAL,8428.0,39.78,89.66,79.02,15.04,15.04,23.8,50.04,0,0,0,0,0
2026-01-01T00:19:40Z,compressor_trip,NORMAL,8417.5,39.92,88.54,78.28,15.22,14.98,23.8,50.09,0,0,0,0,0
2026-01-01T00:19:41Z,compressor_trip,NORMAL,8408.0,40.24,89.28,78.99,14.98,14.97,23.98,50.05,0,0,0,0,0
2026-01-01T00:19:42Z,compressor_trip,NORMAL,8424.8,39.84,89.17,78.56,14.92,14.97,23.75,49.97,0,0,0,0,0
2026-01-01T00:19:43Z,compressor_trip,NORMAL,8423.2,39.79,89.93,78.0,15.07,15.07,23.8,49.99,0,0,0,0,0
2026-01-01T00:19:44Z,compressor_trip,NORMAL,8428.9,40.01,89.52,79.34,14.96,14.9,23.85,50.03,0,0,0,0,0
2026-01-01T00:19:45Z,compressor_trip,NORMAL,8436.0,39.89,90.42,78.21,15.18,14.92,23.8,50.09,0,0,0,0,0
2026-01-01T00:19:46Z,compressor_trip,NORMAL,8447.5,40.31,89.59,79.28,14.86,14.88,23.8,50.03,0,0,0,0,0
2026-01-01T00:19:47Z,compressor_trip,NORMAL,8436.8,40.17,89.89,79.79,15.0,14.79,23.9,49.99,0,0,0,0,0
2026-01-01T00:19:48Z,compressor_trip,NORMAL,8425.4,40.03,88.55,78.97,14.86,14.77,23.72,50.07,0,0,0,0,0
2026-01-01T00:19:49Z,compressor_trip,NORMAL,8432.2,40.15,89.15,79.29,14.81,14.93,23.7,49.93,0,0,0,0,0
2026-01-01T00:19:50Z,compressor_trip,NORMAL,8432.8,40.08,89.39,79.06,15.07,15.01,23.81,49.97,0,0,0,0,0
2026-01-01T00:19:51Z,compressor_trip,NORMAL,8437.8,40.08,88.71,78.77,15.11,14.87,23.74,50.05,0,0,0,0,0
2026-01-01T00:19:52Z,compressor_trip,NORMAL,8439.9,40.2,89.53,78.92,14.82,15.21,23.86,49.96,0,0,0,0,0
2026-01-01T00:19:53Z,compressor_trip,NORMAL,8435.1,39.87,89.18,79.41,14.93,15.19,23.74,49.98,0,0,0,0,0
2026-01-01T00:19:54Z,compressor_trip,NORMAL,8446.4,39.77,89.31,80.17,15.01,15.02,23.71,49.95,0,0,0,0,0
2026-01-01T00:19:55Z,compressor_trip,NORMAL,8433.2,40.46,89.71,79.39,15.07,15.1,23.73,50.0,0,0,0,0,0
2026-01-01T00:19:56Z,compressor_trip,NORMAL,8435.5,40.09,88.78,78.47,14.93,15.04,23.64,50.04,0,0,0,0,0
2026-01-01T00:19:57Z,compressor_trip,NORMAL,8425.5,39.96,88.57,79.44,14.85,14.8,23.76,50.02,0,0,0,0,0
2026-01-01T00:19:58Z,compressor_trip,NORMAL,8445.4,40.03,89.48,79.23,15.02,15.14,23.72,49.95,0,0,0,0,0
2026-01-01T00:19:59Z,compressor_trip,NORMAL,8451.6,40.19,89.57,78.87,15.05,15.17,23.69,50.03,0,0,0,0,0
2026-01-01T00:20:00Z,compressor_trip,NORMAL,8425.9,39.81,89.78,79.48,14.97,14.89,23.66,50.1,0,0,0,0,0
2026-01-01T00:20:01Z,compressor_trip,NORMAL,8440.7,40.17,89.59,79.29,15.04,14.97,23.84,50.0,0,0,0,0,0
2026-01-01T00:20:02Z,compressor_trip,NORMAL,8437.7,40.11,89.29,79.36,14.92,14.82,23.5,49.93,0,0,0,0,0
2026-01-01T00:20:03Z,compressor_trip,NORMAL,8431.6,39.88,89.32,79.41,15.05,14.88,23.91,49.99,0,0,0,0,0
2026-01-01T00:20:04Z,compressor_trip,NORMAL,8436.5,39.98,89.45,79.35,14.95,15.15,23.56,50.02,0,0,0,0,0
2026-01-01T00:20:05Z,compressor_trip,NORMAL,8451.0,39.99,88.85,79.22,15.09,15.01,23.66,49.9,0,0,0,0,0
2026-01-01T00:20:06Z,compressor_trip,NORMAL,8447.1,39.61,89.89,78.79,15.12,15.1,23.7,49.99,0,0,0,0,0
2026-01-01T00:20:07Z,compressor_trip,NORMAL,8464.5,39.95,89.19,78.96,14.93,15.0,23.68,49.87,0,0,0,0,0
2026-01-01T00:20:08Z,compressor_trip,NORMAL,8435.3,40.26,89.78,80.36,14.83,14.8,23.8,49.95,0,0,0,0,0
2026-01-01T00:20:09Z,compressor_trip,NORMAL,8455.4,39.87,89.95,79.04,14.99,15.15,23.77,49.97,0,0,0,0,0
2026-01-01T00:20:10Z,compressor_trip,NORMAL,8419.7,40.32,89.32,79.34,14.91,14.99,23.6,49.97,0,0,0,0,0
2026-01-01T00:20:11Z,compressor_trip,NORMAL,8423.1,40.15,89.49,78.82,15.12,14.98,23.64,49.95,0,0,0,0,0
2026-01-01T00:20:12Z,compressor_trip,NORMAL,8464.5,40.42,88.86,78.7,14.97,15.08,23.68,49.99,0,0,0,0,0
2026-01-01T00:20:13Z,compressor_trip,NORMAL,8457.9,40.04,89.26,79.14,14.96,15.1,23.67,50.0,0,0,0,0,0
2026-01-01T00:20:14Z,compressor_trip,NORMAL,8450.8,40.19,89.2,80.2,14.91,14.85,23.69,50.02,0,0,0,0,0
2026-01-01T00:20:15Z,compressor_trip,NORMAL,8447.4,40.66,89.63,79.87,15.06,15.03,23.57,50.01,0,0,0,0,0
2026-01-01T00:20:16Z,compressor_trip,NORMAL,8458.0,39.74,88.27,79.86,15.06,15.05,23.63,50.04,0,0,0,0,0
2026-01-01T00:20:17Z,compressor_trip,NORMAL,8439.6,39.88,89.14,79.84,14.97,14.94,23.73,50.05,0,0,0,0,0
2026-01-01T00:20:18Z,compressor_trip,NORMAL,8453.0,40.08,88.79,78.97,14.91,14.97,23.72,49.96,0,0,0,0,0
2026-01-01T00:20:19Z,compressor_trip,NORMAL,8462.2,40.17,88.99,80.35,14.97,14.89,23.55,50.02,0,0,0,0,0
2026-01-01T00:20:20Z,compressor_trip,NORMAL,8454.2,40.03,88.28,78.82,14.85,15.08,23.57,49.97,0,0,0,0,0
2026-01-01T00:20:21Z,compressor_trip,NORMAL,8457.6,40.24,89.9,79.73,14.92,14.97,23.63,49.95,0,0,0,0,0
2026-01-01T00:20:22Z,compressor_trip,NORMAL,8457.1,40.01,89.83,78.34,14.97,15.01,23.8,50.03,0,0,0,0,0
2026-01-01T00:20:23Z,compressor_trip,NORMAL,8453.6,39.85,89.82,79.54,14.91,15.01,23.77,50.03,0,0,0,0,0
2026-01-01T00:20:24Z,compressor_trip,NORMAL,8452.3,39.71,89.81,79.42,15.1,15.13,23.55,50.0,0,0,0,0,0
2026-01-01T00:20:25Z,compressor_trip,NORMAL,8451.9,39.65,89.37,79.72,15.01,15.0,23.46,50.01,0,0,0,0,0
2026-01-01T00:20:26Z,compressor_trip,NORMAL,8461.7,40.0,89.31,79.17,15.06,15.04,23.42,50.02,0,0,0,0,0
2026-01-01T00:20:27Z,compressor_trip,NORMAL,8459.3,40.02,89.89,79.68,15.18,14.98,23.67,49.95,0,0,0,0,0
2026-01-01T00:20:28Z,compressor_trip,NORMAL,8470.0,39.73,89.97,78.8,14.87,15.06,23.67,50.08,0,0,0,0,0
2026-01-01T00:20:29Z,compressor_trip,NORMAL,8461.0,39.9,89.51,78.71,14.92,15.01,23.47,49.89,0,0,0,0,0
2026-01-01T00:20:30Z,compressor_trip,NORMAL,8450.5,40.01,88.95,79.84,15.08,15.06,23.57,50.01,0,0,0,0,0
2026-01-01T00:20:31Z,compressor_trip,NORMAL,8453.8,40.07,89.98,79.39,14.87,14.83,23.56,49.99,0,0,0,0,0
2026-01-01T00:20:32Z,compressor_trip,NORMAL,8488.6,39.72,88.78,79.53,14.95,15.28,23.46,50.08,0,0,0,0,0
2026-01-01T00:20:33Z,compressor_trip,NORMAL,8458.8,40.0,89.44,78.9,15.13,15.06,23.48,50.06,0,0,0,0,0
2026-01-01T00:20:34Z,compressor_trip,NORMAL,8460.6,40.27,89.68,78.99,15.01,14.92,23.4,50.07,0,0,0,0,0
2026-01-01T00:20:35Z,compressor_trip,NORMAL,8464.1,39.85,88.87,79.52,14.8,14.89,23.59,49.94,0,0,0,0,0
2026-01-01T00:20:36Z,compressor_trip,NORMAL,8477.0,40.13,90.05,79.27,14.92,14.93,23.75,50.03,0,0,0,0,0
2026-01-01T00:20:37Z,compressor_trip,NORMAL,8474.3,40.08,90.53,80.13,14.83,15.02,23.74,49.99,0,0,0,0,0
2026-01-01T00:20:38Z,compressor_trip,NORMAL,8472.1,39.85,89.87,79.23,15.13,14.89,23.52,50.01,0,0,0,0,0
2026-01-01T00:20:39Z,compressor_trip,NORMAL,8470.1,39.94,89.75,79.26,15.01,14.86,23.67,49.9,0,0,0,0,0
2026-01-01T00:20:40Z,compressor_trip,NORMAL,8468.1,40.28,88.57,80.47,14.94,14.97,23.54,50.05,0,0,0,0,0
2026-01-01T00:20:41Z,compressor_trip,NORMAL,8474.2,40.13,90.14,80.22,15.02,14.94,23.42,49.97,0,0,0,0,0
2026-01-01T00:20:42Z,compressor_trip,NORMAL,8473.4,39.88,90.05,78.47,14.93,15.08,23.5,49.99,0,0,0,0,0
2026-01-01T00:20:43Z,compressor_trip,NORMAL,8484.1,40.3,90.28,79.08,14.81,15.0,23.43,49.98,0,0,0,0,0
2026-01-01T00:20:44Z,compressor_trip,NORMAL,8470.3,40.22,89.43,79.37,15.1,15.04,23.5,50.01,0,0,0,0,0
2026-01-01T00:20:45Z,compressor_trip,NORMAL,8495.0,40.16,89.62,79.71,15.02,15.13,23.49,50.03,0,0,0,0,0
2026-01-01T00:20:46Z,compressor_trip,NORMAL,8501.7,39.84,89.7,80.26,15.18,15.08,23.56,50.0,0,0,0,0,0
2026-01-01T00:20:47Z,compressor_trip,NORMAL,8464.1,39.82,90.25,79.25,14.97,15.02,23.5,49.98,0,0,0,0,0
2026-01-01T00:20:48Z,compressor_trip,NORMAL,8460.6,40.08,89.71,79.62,14.96,15.07,23.42,50.07,0,0,0,0,0
2026-01-01T00:20:49Z,compressor_trip,NORMAL,8491.6,40.19,89.62,78.38,14.89,14.82,23.51,50.02,0,0,0,0,0
2026-01-01T00:20:50Z,compressor_trip,NORMAL,8505.0,39.86,89.5,78.7,15.27,15.06,23.63,49.98,0,0,0,0,0
2026-01-01T00:20:51Z,compressor_trip,NORMAL,8482.4,39.95,88.61,79.14,15.0,15.03,23.61,50.01,0,0,0,0,0
2026-01-01T00:20:52Z,compressor_trip,NORMAL,8480.3,39.83,89.44,80.46,15.02,15.0,23.65,50.03,0,0,0,0,0
2026-01-01T00:20:53Z,compressor_trip,NORMAL,8492.1,39.77,90.26,78.96,14.99,14.87,23.65,50.03,0,0,0,0,0
2026-01-01T00:20:54Z,compressor_trip,NORMAL,8484.9,39.8,89.54,79.68,14.8,15.08,23.58,49.99,0,0,0,0,0
2026-01-01T00:20:55Z,compressor_trip,NORMAL,8493.2,40.2,90.14,79.69,14.94,14.96,23.48,49.9,0,0,0,0,0
2026-01-01T00:20:56Z,compressor_trip,NORMAL,8493.9,39.75,89.89,79.57,14.97,14.82,23.52,50.01,0,0,0,0,0
2026-01-01T00:20:57Z,compressor_trip,NORMAL,8492.7,40.05,89.39,80.17,15.0,15.08,23.38,49.96,0,0,0,0,0
2026-01-01T00:20:58Z,compressor_trip,NORMAL,8495.3,40.06,89.83,80.22,14.84,15.01,23.33,50.09,0,0,0,0,0
2026-01-01T00:20:59Z,compressor_trip,NORMAL,8496.4,40.31,90.65,79.29,14.96,15.14,23.38,49.99,0,0,0,0,0
2026-01-01T00:21:00Z,compressor_trip,NORMAL,8490.6,39.78,90.86,79.97,14.96,14.87,23.45,50.03,0,0,0,0,0
2026-01-01T00:21:01Z,compressor_trip,NORMAL,8513.2,40.41,89.96,80.44,15.02,15.09,23.48,49.97,0,0,0,0,0
2026-01-01T00:21:02Z,compressor_trip,NORMAL,8511.7,39.96,89.54,79.19,15.09,15.08,23.53,50.01,0,0,0,0,0
2026-01-01T00:21:03Z,compressor_trip,NORMAL,8483.4,40.25,90.23,79.84,14.91,14.93,23.51,49.96,0,0,0,0,0
2026-01-01T00:21:04Z,compressor_trip,NORMAL,8504.9,40.04,90.1,80.14,15.08,15.03,23.35,49.99,0,0,0,0,0
2026-01-01T00:21:05Z,compressor_trip,NORMAL,8512.9,40.04,90.79,78.96,15.15,14.9,23.3,49.95,0,0,0,0,0
2026-01-01T00:21:06Z,compressor_trip,NORMAL,8490.2,40.32,89.43,79.88,14.98,14.84,23.48,50.01,0,0,0,0,0
2026-01-01T00:21:07Z,compressor_trip,NORMAL,8489.2,40.21,89.49,78.79,15.1,14.96,23.31,49.97,0,0,0,0,0
2026-01-01T00:21:08Z,compressor_trip,NORMAL,8496.5,39.99,89.32,80.25,15.05,14.98,23.6,50.01,0,0,0,0,0
2026-01-01T00:21:09Z,compressor_trip,NORMAL,8507.4,39.97,89.94,80.32,14.95,15.09,23.35,49.97,0,0,0,0,0
2026-01-01T00:21:10Z,compressor_trip,NORMAL,8494.9,39.71,90.2,79.07,15.09,15.09,23.38,50.04,0,0,0,0,0
2026-01-01T00:21:11Z,compressor_trip,NORMAL,8510.2,40.2,89.44,79.92,15.11,14.98,23.45,49.97,0,0,0,0,0
2026-01-01T00:21:12Z,compressor_trip,NORMAL,8528.4,40.17,89.86,80.4,14.99,15.03,23.48,50.08,0,0,0,0,0
2026-01-01T00:21:13Z,compressor_trip,NORMAL,8504.1,40.4,90.48,80.24,15.08,15.11,23.45,50.01,0,0,0,0,0
2026-01-01T00:21:14Z,compressor_trip,NORMAL,8523.1,40.07,90.42,79.24,15.15,15.04,23.55,50.03,0,0,0,0,0
2026-01-01T00:21:15Z,compressor_trip,NORMAL,8508.9,40.15,89.58,78.87,14.9,15.13,23.32,49.97,0,0,0,0,0
2026-01-01T00:21:16Z,compressor_trip,NORMAL,8519.9,40.1,89.65,79.74,14.96,15.09,23.44,49.95,0,0,0,0,0
2026-01-01T00:21:17Z,compressor_trip,NORMAL,8498.5,39.68,90.3,80.12,15.02,14.91,23.27,50.04,0,0,0,0,0
2026-01-01T00:21:18Z,compressor_trip,NORMAL,8485.8,40.1,89.82,79.58,15.22,15.06,23.41,49.99,0,0,0,0,0
2026-01-01T00:21:19Z,compressor_trip,NORMAL,8499.2,39.77,89.18,79.74,14.87,14.99,23.34,50.03,0,0,0,0,0
2026-01-01T00:21:20Z,compressor_trip,NORMAL,8515.5,39.95,89.98,79.32,15.04,15.0,23.59,50.05,0,0,0,0,0
2026-01-01T00:21:21Z,compressor_trip,NORMAL,8517.1,40.23,89.5,79.53,14.86,15.08,23.45,49.95,0,0,0,0,0
2026-01-01T00:21:22Z,compressor_trip,NORMAL,8527.0,40.07,89.54,79.74,14.98,15.19,23.35,50.04,0,0,0,0,0
2026-01-01T00:21:23Z,compressor_trip,NORMAL,8518.0,40.34,89.73,80.26,15.0,14.95,23.38,50.08,0,0,0,0,0
2026-01-01T00:21:24Z,compressor_trip,NORMAL,8525.1,39.87,89.74,80.32,15.13,14.93,23.28,49.97,0,0,0,0,0
2026-01-01T00:21:25Z,compressor_trip,NORMAL,8507.9,40.13,90.23,79.63,14.83,14.96,23.25,50.04,0,0,0,0,0
2026-01-01T00:21:26Z,compressor_trip,NORMAL,8525.2,40.12,90.02,80.29,15.09,15.05,23.49,49.99,0,0,0,0,0
2026-01-01T00:21:27Z,compressor_trip,NORMAL,8509.6,39.75,90.96,79.28,15.05,15.0,23.34,50.06,0,0,0,0,0
2026-01-01T00:21:28Z,compressor_trip,NORMAL,8537.0,39.86,90.23,79.98,14.86,15.06,23.4,50.0,0,0,0,0,0
2026-01-01T00:21:29Z,compressor_trip,NORMAL,8538.1,39.67,90.54,79.63,14.9,15.07,23.33,49.98,0,0,0,0,0
2026-01-01T00:21:30Z,compressor_trip,NORMAL,8541.1,39.74,89.58,79.53,15.03,15.0,23.34,49.95,0,0,0,0,0
2026-01-01T00:21:31Z,compressor_trip,NORMAL,8515.3,40.06,89.27,80.21,14.97,15.11,23.38,50.02,0,0,0,0,0
2026-01-01T00:21:32Z,compressor_trip,NORMAL,8528.2,39.56,90.37,79.85,15.11,14.92,23.24,50.05,0,0,0,0,0
2026-01-01T00:21:33Z,compressor_trip,NORMAL,8519.1,40.15,89.53,79.9,15.04,14.98,23.31,50.04,0,0,0,0,0
2026-01-01T00:21:34Z,compressor_trip,NORMAL,8508.3,39.83,89.36,79.48,14.92,15.04,23.3,50.03,0,0,0,0,0
2026-01-01T00:21:35Z,compressor_trip,NORMAL,8540.2,40.29,90.07,78.46,15.03,15.12,23.2,49.97,0,0,0,0,0
2026-01-01T00:21:36Z,compressor_trip,NORMAL,8536.4,40.1,90.52,80.24,14.81,15.08,23.27,50.11,0,0,0,0,0
2026-01-01T00:21:37Z,compressor_trip,NORMAL,8547.4,39.98,90.89,79.64,15.04,15.05,23.41,49.93,0,0,0,0,0
2026-01-01T00:21:38Z,compressor_trip,NORMAL,8552.9,40.07,90.85,79.83,15.0,14.99,23.33,49.99,0,0,0,0,0
2026-01-01T00:21:39Z,compressor_trip,NORMAL,8539.5,40.46,89.52,79.65,14.81,14.98,23.3,50.02,0,0,0,0,0
2026-01-01T00:21:40Z,compressor_trip,NORMAL,8528.3,39.63,89.76,80.19,14.98,15.2,23.47,50.0,0,0,0,0,0
2026-01-01T00:21:41Z,compressor_trip,NORMAL,8541.5,40.12,91.05,80.44,14.99,14.91,23.22,50.0,0,0,0,0,0
2026-01-01T00:21:42Z,compressor_trip,NORMAL,8527.3,39.82,90.42,79.26,14.91,15.21,23.09,50.05,0,0,0,0,0
2026-01-01T00:21:43Z,compressor_trip,NORMAL,8538.8,39.83,90.69,79.42,15.02,14.98,23.29,50.0,0,0,0,0,0
2026-01-01T00:21:44Z,compressor_trip,NORMAL,8543.6,40.15,91.01,79.79,14.99,15.06,23.36,49.93,0,0,0,0,0
2026-01-01T00:21:45Z,compressor_trip,NORMAL,8536.9,40.13,91.19,79.2,15.1,14.87,23.33,50.0,0,0,0,0,0
2026-01-01T00:21:46Z,compressor_trip,NORMAL,8532.7,39.95,90.55,80.54,14.99,15.1,23.17,49.96,0,0,0,0,0
2026-01-01T00:21:47Z,compressor_trip,NORMAL,8525.5,40.03,90.51,80.46,15.01,15.08,23.11,50.01,0,0,0,0,0
2026-01-01T00:21:48Z,compressor_trip,NORMAL,8533.6,40.12,90.12,80.12,15.16,15.13,23.28,49.96,0,0,0,0,0
2026-01-01T00:21:49Z,compressor_trip,NORMAL,8550.6,39.97,90.22,79.89,14.91,15.02,23.4,50.05,0,0,0,0,0
2026-01-01T00:21:50Z,compressor_trip,NORMAL,8537.9,39.67,89.46,80.2,14.9,15.01,23.28,50.04,0,0,0,0,0
2026-01-01T00:21:51Z,compressor_trip,NORMAL,8522.7,39.98,90.41,79.95,15.01,14.92,23.23,50.05,0,0,0,0,0
2026-01-01T00:21:52Z,compressor_trip,NORMAL,8535.1,40.07,90.72,79.92,14.99,14.91,23.3,49.96,0,0,0,0,0
2026-01-01T00:21:53Z,compressor_trip,NORMAL,8534.4,40.14,90.56,80.44,14.83,14.83,23.2,49.97,0,0,0,0,0
2026-01-01T00:21:54Z,compressor_trip,NORMAL,8544.7,39.98,90.25,79.26,15.13,15.08,23.41,49.96,0,0,0,0,0
2026-01-01T00:21:55Z,compressor_trip,NORMAL,8533.4,39.9,89.94,80.11,15.02,15.06,23.07,49.98,0,0,0,0,0
2026-01-01T00:21:56Z,compressor_trip,NORMAL,8550.4,40.36,90.8,79.93,15.03,15.16,23.28,50.0,0,0,0,0,0
2026-01-01T00:21:57Z,compressor_trip,NORMAL,8572.5,40.06,90.83,80.48,14.94,15.01,23.23,50.03,0,0,0,0,0
2026-01-01T00:21:58Z,compressor_trip,NORMAL,8550.9,39.85,90.41,80.45,15.03,14.86,23.36,50.06,0,0,0,0,0
2026-01-01T00:21:59Z,compressor_trip,NORMAL,8550.1,40.08,91.17,80.56,15.01,14.9,23.44,50.01,0,0,0,0,0
2026-01-01T00:22:00Z,compressor_trip,NORMAL,8547.0,39.93,90.38,79.33,15.05,15.13,23.21,50.04,0,0,0,0,0
2026-01-01T00:22:01Z,compressor_trip,NORMAL,8550.2,40.0,90.42,80.55,14.99,15.15,23.16,50.01,0,0,0,0,0
2026-01-01T00:22:02Z,compressor_trip,NORMAL,8575.0,40.29,89.95,80.02,15.1,14.93,23.24,50.01,0,0,0,0,0
2026-01-01T00:22:03Z,compressor_trip,NORMAL,8544.0,40.0,90.05,80.69,15.06,15.04,23.33,49.99,0,0,0,0,0
2026-01-01T00:22:04Z,compressor_trip,NORMAL,8556.0,40.19,89.84,79.97,14.91,15.16,23.28,50.0,0,0,0,0,0
2026-01-01T00:22:05Z,compressor_trip,NORMAL,8565.4,40.35,90.13,80.29,15.09,15.11,23.07,50.01,0,0,0,0,0
2026-01-01T00:22:06Z,compressor_trip,NORMAL,8549.9,39.94,90.56,79.89,14.97,15.08,23.28,50.04,0,0,0,0,0
2026-01-01T00:22:07Z,compressor_trip,NORMAL,8548.0,39.92,91.29,80.31,15.01,14.82,23.14,49.99,0,0,0,0,0
2026-01-01T00:22:08Z,compressor_trip,NORMAL,8553.1,39.86,90.38,79.71,15.2,14.76,23.26,50.01,0,0,0,0,0
2026-01-01T00:22:09Z,compressor_trip,NORMAL,8555.9,39.82,90.56,80.0,15.0,14.94,22.97,50.05,0,0,0,0,0
2026-01-01T00:22:10Z,compressor_trip,NORMAL,8570.0,40.05,90.98,81.1,14.83,15.01,23.12,49.99,0,0,0,0,0
2026-01-01T00:22:11Z,compressor_trip,NORMAL,8557.5,40.2,90.25,81.41,14.95,14.89,23.14,49.97,0,0,0,0,0
2026-01-01T00:22:12Z,compressor_trip,NORMAL,8558.1,39.91,90.24,80.28,14.88,14.9,23.13,50.0,0,0,0,0,0
2026-01-01T00:22:13Z,compressor_trip,NORMAL,8539.3,40.11,91.29,79.99,15.03,14.96,23.02,49.99,0,0,0,0,0
2026-01-01T00:22:14Z,compressor_trip,NORMAL,8573.3,40.01,90.7,80.5,15.09,14.99,23.26,50.07,0,0,0,0,0
2026-01-01T00:22:15Z,compressor_trip,NORMAL,8555.0,39.96,91.12,80.57,15.05,15.08,23.13,49.99,0,0,0,0,0
2026-01-01T00:22:16Z,compressor_trip,NORMAL,8548.6,39.67,90.46,81.28,15.09,14.9,23.15,50.07,0,0,0,0,0
2026-01-01T00:22:17Z,compressor_trip,NORMAL,8558.9,40.09,89.9,80.19,15.05,15.03,23.19,49.96,0,0,0,0,0
2026-01-01T00:22:18Z,compressor_trip,NORMAL,8565.6,40.09,90.81,79.75,15.01,14.91,23.21,49.93,0,0,0,0,0
2026-01-01T00:22:19Z,compressor_trip,NORMAL,8563.6,40.36,91.14,79.86,14.94,15.01,23.25,49.85,0,0,0,0,0
2026-01-01T00:22:20Z,compressor_trip,NORMAL,8582.6,40.2,90.82,80.64,15.06,14.94,23.21,49.99,0,0,0,0,0
2026-01-01T00:22:21Z,compressor_trip,NORMAL,8557.4,39.98,90.42,80.03,14.95,15.0,23.1,49.98,0,0,0,0,0
2026-01-01T00:22:22Z,compressor_trip,NORMAL,8560.3,40.15,90.43,80.99,14.8,14.96,23.32,49.9,0,0,0,0,0
2026-01-01T00:22:23Z,compressor_trip,NORMAL,8587.4,39.87,90.43,79.5,14.89,14.96,23.22,49.93,0,0,0,0,0
2026-01-01T00:22:24Z,compressor_trip,NORMAL,8560.3,39.92,90.61,80.53,14.93,15.08,23.1,49.93,0,0,0,0,0
2026-01-01T00:22:25Z,compressor_trip,NORMAL,8573.9,40.25,91.86,80.44,14.95,15.04,23.18,49.99,0,0,0,0,0
2026-01-01T00:22:26Z,compressor_trip,NORMAL,8560.3,40.09,91.12,80.48,15.08,15.05,23.17,50.11,0,0,0,0,0
2026-01-01T00:22:27Z,compressor_trip,NORMAL,8570.3,39.97,90.61,81.03,15.15,15.04,23.17,50.07,0,0,0,0,0
2026-01-01T00:22:28Z,compressor_trip,NORMAL,8591.4,39.93,91.45,79.61,15.14,15.0,23.06,50.0,0,0,0,0,0
2026-01-01T00:22:29Z,compressor_trip,NORMAL,8585.5,39.76,90.76,80.36,15.21,15.04,23.26,50.07,0,0,0,0,0
2026-01-01T00:22:30Z,compressor_trip,NORMAL,8578.1,39.92,89.87,80.96,15.13,15.05,23.21,50.01,0,0,0,0,0
2026-01-01T00:22:31Z,compressor_trip,NORMAL,8547.5,39.84,90.96,81.15,15.19,15.02,23.21,49.96,0,0,0,0,0
2026-01-01T00:22:32Z,compressor_trip,NORMAL,8570.2,39.58,89.71,79.89,14.76,14.98,23.0,50.05,0,0,0,0,0
2026-01-01T00:22:33Z,compressor_trip,NORMAL,8574.6,39.94,91.01,80.0,14.99,14.96,23.08,50.01,0,0,0,0,0
2026-01-01T00:22:34Z,compressor_trip,NORMAL,8580.7,40.23,91.13,81.27,15.0,14.99,23.14,50.05,0,0,0,0,0
2026-01-01T00:22:35Z,compressor_trip,NORMAL,8570.6,40.22,90.54,79.93,14.95,15.01,23.29,50.04,0,0,0,0,0
2026-01-01T00:22:36Z,compressor_trip,NORMAL,8583.5,40.25,91.6,80.37,15.02,14.93,23.12,50.01,0,0,0,0,0
2026-01-01T00:22:37Z,compressor_trip,NORMAL,8577.6,39.85,91.14,79.95,15.05,14.96,23.15,49.97,0,0,0,0,0
2026-01-01T00:22:38Z,compressor_trip,NORMAL,8594.2,40.1,90.9,80.81,14.97,15.07,23.22,50.1,0,0,0,0,0
2026-01-01T00:22:39Z,compressor_trip,NORMAL,8583.7,40.15,90.66,80.2,14.87,15.01,23.06,50.06,0,0,0,0,0
2026-01-01T00:22:40Z,compressor_trip,NORMAL,8567.2,40.09,90.86,80.46,15.05,14.91,23.07,49.99,0,0,0,0,0
2026-01-01T00:22:41Z,compressor_trip,NORMAL,8578.5,39.82,91.13,79.76,15.04,15.15,22.95,50.0,0,0,0,0,0
2026-01-01T00:22:42Z,compressor_trip,NORMAL,8583.0,39.92,90.86,80.22,14.98,15.01,23.25,50.05,0,0,0,0,0
2026-01-01T00:22:43Z,compressor_trip,NORMAL,8584.5,40.1,90.4,80.36,14.9,15.09,23.29,50.02,0,0,0,0,0
2026-01-01T00:22:44Z,compressor_trip,NORMAL,8569.0,39.71,91.34,80.64,14.93,15.12,23.31,50.07,0,0,0,0,0
2026-01-01T00:22:45Z,compressor_trip,NORMAL,8579.6,40.21,90.87,80.72,15.04,14.9,23.03,49.98,0,0,0,0,0
2026-01-01T00:22:46Z,compressor_trip,NORMAL,8568.7,40.22,90.82,81.12,14.92,15.13,23.05,50.13,0,0,0,0,0
2026-01-01T00:22:47Z,compressor_trip,NORMAL,8596.7,39.76,91.32,80.29,14.85,15.08,23.22,49.99,0,0,0,0,0
2026-01-01T00:22:48Z,compressor_trip,NORMAL,8596.8,40.04,91.77,80.16,15.23,14.95,23.21,50.13,0,0,0,0,0
2026-01-01T00:22:49Z,compressor_trip,NORMAL,8585.6,39.89,90.22,81.75,15.08,14.98,23.14,49.91,0,0,0,0,0
2026-01-01T00:22:50Z,compressor_trip,NORMAL,8580.2,40.03,91.14,80.67,15.06,14.94,23.18,50.02,0,0,0,0,0
2026-01-01T00:22:51Z,compressor_trip,NORMAL,8587.8,40.08,90.89,81.43,15.05,14.92,23.03,50.01,0,0,0,0,0
2026-01-01T00:22:52Z,compressor_trip,NORMAL,8572.1,40.06,90.52,79.63,14.91,14.84,23.07,49.92,0,0,0,0,0
2026-01-01T00:22:53Z,compressor_trip,NORMAL,8591.8,40.06,90.9,80.42,15.03,14.79,23.18,49.93,0,0,0,0,0
2026-01-01T00:22:54Z,compressor_trip,NORMAL,8579.1,40.09,91.4,80.95,14.99,14.87,23.14,50.07,0,0,0,0,0
2026-01-01T00:22:55Z,compressor_trip,NORMAL,8589.5,39.81,90.39,81.49,14.87,14.89,23.23,49.96,0,0,0,0,0
2026-01-01T00:22:56Z,compressor_trip,NORMAL,8593.1,40.1,91.02,81.23,14.92,15.12,23.03,50.02,0,0,0,0,0
2026-01-01T00:22:57Z,compressor_trip,NORMAL,8575.3,40.24,92.13,80.99,14.95,15.03,23.03,49.91,0,0,0,0,0
2026-01-01T00:22:58Z,compressor_trip,NORMAL,8585.7,40.02,90.81,80.51,15.12,14.86,23.19,50.0,0,0,0,0,0
2026-01-01T00:22:59Z,compressor_trip,NORMAL,8581.4,39.91,90.35,80.89,15.1,14.97,23.11,49.96,0,0,0,0,0
2026-01-01T00:23:00Z,compressor_trip,NORMAL,8589.8,40.28,90.2,80.19,14.91,15.03,23.01,50.01,0,0,0,0,0
2026-01-01T00:23:01Z,compressor_trip,NORMAL,8581.7,39.96,91.23,79.37,14.9,14.98,23.07,49.97,0,0,0,0,0
2026-01-01T00:23:02Z,compressor_trip,NORMAL,8579.3,40.4,90.64,80.57,15.06,14.85,23.07,50.0,0,0,0,0,0
2026-01-01T00:23:03Z,compressor_trip,NORMAL,8590.8,40.1,90.45,80.79,15.12,14.9,23.09,50.05,0,0,0,0,0
2026-01-01T00:23:04Z,compressor_trip,NORMAL,8586.9,40.35,90.63,80.68,14.99,15.01,23.03,50.06,0,0,0,0,0
2026-01-01T00:23:05Z,compressor_trip,NORMAL,8584.8,39.89,91.73,80.96,15.0,15.04,23.23,50.05,0,0,0,0,0
2026-01-01T00:23:06Z,compressor_trip,NORMAL,8585.8,39.84,90.74,82.1,14.97,14.93,23.18,49.92,0,0,0,0,0
2026-01-01T00:23:07Z,compressor_trip,NORMAL,8592.0,39.76,90.75,80.84,14.96,15.04,23.23,49.99,0,0,0,0,0
2026-01-01T00:23:08Z,compressor_trip,NORMAL,8600.9,39.87,91.15,80.77,15.15,14.93,23.07,50.0,0,0,0,0,0
2026-01-01T00:23:09Z,compressor_trip,NORMAL,8601.3,39.95,90.36,79.95,15.06,14.91,23.13,50.02,0,0,0,0,0
2026-01-01T00:23:10Z,compressor_trip,NORMAL,8593.7,40.17,89.98,80.72,15.01,15.18,23.0,50.04,0,0,0,0,0
2026-01-01T00:23:11Z,compressor_trip,NORMAL,8595.3,39.79,90.95,79.94,14.97,15.15,22.91,49.93,0,0,0,0,0
2026-01-01T00:23:12Z,compressor_trip,NORMAL,8591.4,39.86,90.89,80.87,14.95,15.03,23.07,50.07,0,0,0,0,0
2026-01-01T00:23:13Z,compressor_trip,NORMAL,8603.8,39.97,90.99,80.92,14.98,15.03,23.04,50.08,0,0,0,0,0
2026-01-01T00:23:14Z,compressor_trip,NORMAL,8601.7,39.76,90.68,80.49,14.82,15.15,23.17,50.0,0,0,0,0,0
2026-01-01T00:23:15Z,compressor_trip,NORMAL,8589.6,40.18,90.18,81.03,15.04,15.15,23.04,49.97,0,0,0,0,0
2026-01-01T00:23:16Z,compressor_trip,NORMAL,8615.2,40.08,91.68,80.7,14.91,14.97,23.15,50.14,0,0,0,0,0
2026-01-01T00:23:17Z,compressor_trip,NORMAL,8590.6,40.12,90.69,81.53,15.14,15.03,23.12,50.04,0,0,0,0,0
2026-01-01T00:23:18Z,compressor_trip,NORMAL,8566.4,40.28,92.32,81.05,14.89,14.96,23.09,50.11,0,0,0,0,0
2026-01-01T00:23:19Z,compressor_trip,NORMAL,8606.0,40.2,91.13,80.67,15.06,15.31,23.01,49.99,0,0,0,0,0
2026-01-01T00:23:20Z,compressor_trip,NORMAL,8606.4,40.29,90.95,80.36,14.86,15.09,22.95,50.03,0,0,0,0,0
2026-01-01T00:23:21Z,compressor_trip,NORMAL,8593.2,40.17,91.82,81.51,15.16,14.96,23.02,50.06,0,0,0,0,0
2026-01-01T00:23:22Z,compressor_trip,NORMAL,8582.0,40.25,90.45,80.89,15.05,14.9,23.12,49.99,0,0,0,0,0
2026-01-01T00:23:23Z,compressor_trip,NORMAL,8594.7,40.24,90.73,81.36,15.1,15.19,22.96,50.05,0,0,0,0,0
2026-01-01T00:23:24Z,compressor_trip,NORMAL,8608.0,39.97,90.55,80.36,15.09,15.11,23.2,50.0,0,0,0,0,0
2026-01-01T00:23:25Z,compressor_trip,NORMAL,8595.3,39.52,90.84,81.23,14.9,14.95,23.14,50.03,0,0,0,0,0
2026-01-01T00:23:26Z,compressor_trip,NORMAL,8597.3,39.59,90.66,80.37,15.13,14.85,23.11,50.04,0,0,0,0,0
2026-01-01T00:23:27Z,compressor_trip,NORMAL,8602.7,39.91,92.06,80.46,14.96,15.07,23.11,49.98,0,0,0,0,0
2026-01-01T00:23:28Z,compressor_trip,NORMAL,8591.2,40.04,89.81,79.99,15.08,14.74,23.01,50.0,0,0,0,0,0
2026-01-01T00:23:29Z,compressor_trip,NORMAL,8591.5,39.89,91.28,80.77,14.75,15.06,23.08,50.0,0,0,0,0,0
2026-01-01T00:23:30Z,compressor_trip,NORMAL,8589.8,39.64,92.02,80.88,15.09,15.04,23.05,50.08,0,0,0,0,0
2026-01-01T00:23:31Z,compressor_trip,NORMAL,8611.4,40.24,90.65,80.42,15.11,15.02,23.04,49.96,0,0,0,0,0
2026-01-01T00:23:32Z,compressor_trip,NORMAL,8584.1,40.22,91.09,80.45,14.98,14.88,22.99,49.96,0,0,0,0,0
2026-01-01T00:23:33Z,compressor_trip,NORMAL,8603.1,40.08,90.96,81.86,15.0,14.95,23.1,50.05,0,0,0,0,0
2026-01-01T00:23:34Z,compressor_trip,NORMAL,8587.4,40.37,91.13,80.6,15.12,15.08,23.24,50.05,0,0,0,0,0
2026-01-01T00:23:35Z,compressor_trip,NORMAL,8591.8,40.01,91.01,81.35,14.83,15.06,23.01,49.94,0,0,0,0,0
2026-01-01T00:23:36Z,compressor_trip,NORMAL,8585.3,39.81,91.28,81.27,15.02,15.09,23.0,50.03,0,0,0,0,0
2026-01-01T00:23:37Z,compressor_trip,NORMAL,8604.9,39.96,90.66,80.52,14.92,15.03,23.04,49.92,0,0,0,0,0
2026-01-01T00:23:38Z,compressor_trip,NORMAL,8604.5,40.13,90.51,81.42,15.07,15.01,23.0,50.06,0,0,0,0,0
2026-01-01T00:23:39Z,compressor_trip,NORMAL,8598.5,40.32,90.99,79.28,14.88,15.08,23.09,50.04,0,0,0,0,0
2026-01-01T00:23:40Z,compressor_trip,NORMAL,8610.4,40.32,90.85,81.4,15.08,14.91,23.11,50.05,0,0,0,0,0
2026-01-01T00:23:41Z,compressor_trip,NORMAL,8609.2,40.38,92.25,81.07,14.95,15.07,23.06,50.04,0,0,0,0,0
2026-01-01T00:23:42Z,compressor_trip,NORMAL,8602.6,39.65,90.77,80.58,14.79,15.06,23.2,49.95,0,0,0,0,0
2026-01-01T00:23:43Z,compressor_trip,NORMAL,8609.4,39.71,90.69,80.91,15.04,15.14,23.01,50.01,0,0,0,0,0
2026-01-01T00:23:44Z,compressor_trip,NORMAL,8597.8,40.07,90.46,80.76,14.99,14.8,23.08,50.0,0,0,0,0,0
2026-01-01T00:23:45Z,compressor_trip,NORMAL,8592.6,39.94,91.02,81.79,14.95,14.87,23.05,50.08,0,0,0,0,0
2026-01-01T00:23:46Z,compressor_trip,NORMAL,8596.7,40.02,90.56,80.57,15.05,15.04,23.06,49.98,0,0,0,0,0
2026-01-01T00:23:47Z,compressor_trip,NORMAL,8609.4,39.86,91.38,81.11,14.89,14.93,22.92,50.01,0,0,0,0,0
2026-01-01T00:23:48Z,compressor_trip,NORMAL,8601.1,39.83,90.83,80.73,15.03,15.03,23.08,50.06,0,0,0,0,0
2026-01-01T00:23:49Z,compressor_trip,NORMAL,8601.9,40.23,90.45,80.7,15.03,14.96,23.17,49.94,0,0,0,0,0
2026-01-01T00:23:50Z,compressor_trip,NORMAL,8605.4,40.34,90.63,80.62,15.17,15.0,22.94,49.97,0,0,0,0,0
2026-01-01T00:23:51Z,compressor_trip,NORMAL,8604.5,40.21,89.82,80.88,14.94,15.19,23.04,50.04,0,0,0,0,0
2026-01-01T00:23:52Z,compressor_trip,NORMAL,8591.2,39.94,89.77,81.5,15.11,14.96,22.92,50.12,0,0,0,0,0
2026-01-01T00:23:53Z,compressor_trip,NORMAL,8593.2,40.02,91.54,81.2,14.92,15.21,22.9,50.02,0,0,0,0,0
2026-01-01T00:23:54Z,compressor_trip,NORMAL,8592.8,39.97,91.2,80.16,15.03,15.11,22.98,50.06,0,0,0,0,0
2026-01-01T00:23:55Z,compressor_trip,NORMAL,8605.5,40.1,90.55,80.58,15.03,15.05,23.05,49.91,0,0,0,0,0
2026-01-01T00:23:56Z,compressor_trip,NORMAL,8606.9,39.78,91.74,82.04,15.14,14.98,23.08,49.92,0,0,0,0,0
2026-01-01T00:23:57Z,compressor_trip,NORMAL,8595.7,40.46,90.08,81.17,14.98,15.05,22.99,50.04,0,0,0,0,0
2026-01-01T00:23:58Z,compressor_trip,NORMAL,8598.1,39.78,90.6,81.23,14.85,15.08,22.82,50.07,0,0,0,0,0
2026-01-01T00:23:59Z,compressor_trip,NORMAL,8587.3,40.29,91.89,80.87,15.15,15.02,23.07,50.08,0,0,0,0,0
2026-01-01T00:24:00Z,compressor_trip,NORMAL,8595.4,40.19,90.66,81.8,14.94,15.11,23.05,50.03,0,0,0,0,0
2026-01-01T00:24:01Z,compressor_trip,NORMAL,8578.2,39.99,91.34,81.24,14.95,15.1,23.01,49.94,0,0,0,0,0
2026-01-01T00:24:02Z,compressor_trip,NORMAL,8600.7,39.99,90.63,80.37,15.1,14.94,23.01,50.07,0,0,0,0,0
2026-01-01T00:24:03Z,compressor_trip,NORMAL,8594.2,40.07,90.79,80.7,14.85,15.17,23.07,50.02,0,0,0,0,0
2026-01-01T00:24:04Z,compressor_trip,NORMAL,8597.3,39.82,91.12,80.5,15.03,15.05,23.01,50.03,0,0,0,0,0
2026-01-01T00:24:05Z,compressor_trip,NORMAL,8603.5,40.08,90.28,80.64,14.99,15.12,23.02,50.01,0,0,0,0,0
2026-01-01T00:24:06Z,compressor_trip,NORMAL,8597.4,39.93,91.21,80.25,14.92,15.18,23.12,49.97,0,0,0,0,0
2026-01-01T00:24:07Z,compressor_trip,NORMAL,8601.4,39.92,90.49,81.12,14.93,15.13,23.01,49.96,0,0,0,0,0
2026-01-01T00:24:08Z,compressor_trip,NORMAL,8596.3,39.96,91.41,81.37,14.91,15.07,23.15,50.02,0,0,0,0,0
2026-01-01T00:24:09Z,compressor_trip,NORMAL,8606.4,39.88,91.57,81.07,15.12,15.02,23.08,49.92,0,0,0,0,0
2026-01-01T00:24:10Z,compressor_trip,NORMAL,8582.8,40.01,90.49,80.41,14.75,14.89,23.05,49.94,0,0,0,0,0
2026-01-01T00:24:11Z,compressor_trip,NORMAL,8601.4,39.63,91.99,81.61,14.76,14.8,23.03,49.91,0,0,0,0,0
2026-01-01T00:24:12Z,compressor_trip,NORMAL,8588.0,40.07,90.04,81.33,14.99,14.86,23.16,50.03,0,0,0,0,0
2026-01-01T00:24:13Z,compressor_trip,NORMAL,8588.5,40.21,90.7,80.15,14.98,15.01,23.02,50.0,0,0,0,0,0
2026-01-01T00:24:14Z,compressor_trip,NORMAL,8595.6,39.97,91.11,81.54,15.0,15.07,22.99,49.96,0,0,0,0,0
2026-01-01T00:24:15Z,compressor_trip,NORMAL,8580.1,40.08,91.1,80.37,14.87,15.16,23.07,49.98,0,0,0,0,0
2026-01-01T00:24:16Z,compressor_trip,NORMAL,8595.1,39.87,91.07,81.12,14.85,14.88,23.05,49.94,0,0,0,0,0
2026-01-01T00:24:17Z,compressor_trip,NORMAL,8602.3,39.95,90.87,81.35,15.02,15.08,22.96,50.02,0,0,0,0,0
2026-01-01T00:24:18Z,compressor_trip,NORMAL,8599.9,39.95,90.85,81.23,15.09,14.94,23.08,49.96,0,0,0,0,0
2026-01-01T00:24:19Z,compressor_trip,NORMAL,8577.6,40.11,90.98,80.53,14.9,15.03,23.05,50.05,0,0,0,0,0
2026-01-01T00:24:20Z,compressor_trip,NORMAL,8594.4,39.92,91.51,82.0,14.99,14.95,23.03,49.97,0,0,0,0,0
2026-01-01T00:24:21Z,compressor_trip,NORMAL,8578.7,40.02,91.0,80.58,15.11,15.27,23.06,49.96,0,0,0,0,0
2026-01-01T00:24:22Z,compressor_trip,NORMAL,8591.8,40.1,90.94,81.03,15.03,14.9,23.09,49.96,0,0,0,0,0
2026-01-01T00:24:23Z,compressor_trip,NORMAL,8609.5,39.87,90.11,81.41,14.87,15.38,23.15,50.04,0,0,0,0,0
2026-01-01T00:24:24Z,compressor_trip,NORMAL,8582.5,40.14,91.38,80.9,14.95,14.93,23.07,50.03,0,0,0,0,0
2026-01-01T00:24:25Z,compressor_trip,NORMAL,8586.0,39.96,91.42,81.65,15.0,14.96,23.09,49.91,0,0,0,0,0
2026-01-01T00:24:26Z,compressor_trip,NORMAL,8585.2,39.84,90.74,81.16,15.11,15.21,23.19,49.98,0,0,0,0,0
2026-01-01T00:24:27Z,compressor_trip,NORMAL,8592.3,39.88,91.16,80.85,15.06,15.1,22.98,50.07,0,0,0,0,0
2026-01-01T00:24:28Z,compressor_trip,NORMAL,8596.1,39.92,90.6,81.8,14.9,15.18,23.23,50.02,0,0,0,0,0
2026-01-01T00:24:29Z,compressor_trip,NORMAL,8591.7,39.97,90.49,81.48,14.94,14.99,23.24,50.01,0,0,0,0,0
2026-01-01T00:24:30Z,compressor_trip,NORMAL,8613.6,40.33,91.41,81.38,15.2,14.98,22.98,49.99,0,0,0,0,0
2026-01-01T00:24:31Z,compressor_trip,NORMAL,8576.8,39.83,90.76,81.53,15.04,14.97,22.97,49.96,0,0,0,0,0
2026-01-01T00:24:32Z,compressor_trip,NORMAL,8575.7,39.79,90.14,81.12,15.04,14.95,23.04,50.03,0,0,0,0,0
2026-01-01T00:24:33Z,compressor_trip,NORMAL,8593.9,39.95,91.16,81.12,14.83,15.12,23.08,50.02,0,0,0,0,0
2026-01-01T00:24:34Z,compressor_trip,NORMAL,8592.6,40.27,90.32,82.19,14.94,14.89,22.84,49.95,0,0,0,0,0
2026-01-01T00:24:35Z,compressor_trip,NORMAL,8586.6,39.89,90.3,81.35,14.79,14.89,23.24,50.02,0,0,0,0,0
2026-01-01T00:24:36Z,compressor_trip,NORMAL,8583.4,40.04,91.05,81.3,15.02,15.02,23.05,49.97,0,0,0,0,0
2026-01-01T00:24:37Z,compressor_trip,NORMAL,8579.5,40.23,90.49,81.04,14.87,14.87,22.93,49.97,0,0,0,0,0
2026-01-01T00:24:38Z,compressor_trip,NORMAL,8587.8,40.27,90.7,80.92,14.97,15.17,23.11,49.98,0,0,0,0,0
2026-01-01T00:24:39Z,compressor_trip,NORMAL,8590.2,39.9,91.14,80.45,14.86,14.96,22.98,49.96,0,0,0,0,0
2026-01-01T00:24:40Z,compressor_trip,NORMAL,8580.1,39.99,90.45,81.53,15.05,14.99,23.05,50.05,0,0,0,0,0
2026-01-01T00:24:41Z,compressor_trip,NORMAL,8592.8,40.16,90.64,81.96,14.96,15.1,23.07,50.0,0,0,0,0,0
2026-01-01T00:24:42Z,compressor_trip,NORMAL,8590.5,39.82,89.97,81.7,15.07,15.0,23.07,49.97,0,0,0,0,0
2026-01-01T00:24:43Z,compressor_trip,NORMAL,8598.2,40.03,90.5,81.52,15.11,15.16,22.85,49.99,0,0,0,0,0
2026-01-01T00:24:44Z,compressor_trip,NORMAL,8576.7,40.11,91.49,80.78,14.97,15.03,23.1,50.06,0,0,0,0,0
2026-01-01T00:24:45Z,compressor_trip,NORMAL,8566.7,39.74,90.91,80.69,15.13,14.95,23.08,49.97,0,0,0,0,0
2026-01-01T00:24:46Z,compressor_trip,NORMAL,8603.8,39.88,90.59,82.0,15.21,14.96,22.98,50.01,0,0,0,0,0
2026-01-01T00:24:47Z,compressor_trip,NORMAL,8579.9,40.0,90.89,81.61,14.91,15.21,22.84,49.92,0,0,0,0,0
2026-01-01T00:24:48Z,compressor_trip,NORMAL,8588.6,40.07,91.46,81.7,15.02,14.82,23.1,49.99,0,0,0,0,0
2026-01-01T00:24:49Z,compressor_trip,NORMAL,8581.7,39.72,90.63,81.17,15.02,14.97,23.11,49.99,0,0,0,0,0
2026-01-01T00:24:50Z,compressor_trip,NORMAL,8581.8,39.94,90.8,79.76,15.06,15.09,22.96,49.93,0,0,0,0,0
2026-01-01T00:24:51Z,compressor_trip,NORMAL,8582.2,40.01,90.78,81.17,14.92,14.92,22.99,49.96,0,0,0,0,0
2026-01-01T00:24:52Z,compressor_trip,NORMAL,8588.2,40.23,90.68,81.01,15.22,14.97,22.99,50.03,0,0,0,0,0
2026-01-01T00:24:53Z,compressor_trip,NORMAL,8585.7,39.99,91.05,80.8,14.87,15.03,23.15,49.95,0,0,0,0,0
2026-01-01T00:24:54Z,compressor_trip,NORMAL,8579.9,39.68,90.89,81.18,15.14,15.0,22.96,49.97,0,0,0,0,0
2026-01-01T00:24:55Z,compressor_trip,NORMAL,8584.7,39.78,91.51,79.84,14.87,15.07,23.09,49.97,0,0,0,0,0
2026-01-01T00:24:56Z,compressor_trip,NORMAL,8572.7,39.84,90.83,81.53,14.83,15.09,23.08,50.0,0,0,0,0,0
2026-01-01T00:24:57Z,compressor_trip,NORMAL,8587.9,40.21,90.86,81.52,14.88,14.92,23.18,50.05,0,0,0,0,0
2026-01-01T00:24:58Z,compressor_trip,NORMAL,8569.3,39.75,91.08,80.52,14.77,14.97,22.94,50.05,0,0,0,0,0
2026-01-01T00:24:59Z,compressor_trip,NORMAL,8557.0,39.81,91.45,80.74,15.13,15.11,22.95,50.06,0,0,0,0,0
2026-01-01T00:25:00Z,compressor_trip,NORMAL,8579.9,39.88,90.17,81.43,14.9,15.14,23.12,49.95,0,0,0,0,0
2026-01-01T00:25:01Z,compressor_trip,NORMAL,8547.1,39.93,91.08,80.27,15.03,14.85,23.17,50.01,0,0,0,0,0
2026-01-01T00:25:02Z,compressor_trip,NORMAL,8593.7,40.07,91.72,81.57,15.05,14.85,23.09,49.97,0,0,0,0,0
2026-01-01T00:25:03Z,compressor_trip,NORMAL,8573.0,39.83,91.17,80.85,14.97,15.01,22.75,50.04,0,0,0,0,0
2026-01-01T00:25:04Z,compressor_trip,NORMAL,8566.9,40.35,91.0,81.74,14.92,14.97,22.97,50.03,0,0,0,0,0
2026-01-01T00:25:05Z,compressor_trip,NORMAL,8575.4,39.65,91.06,80.55,14.88,14.89,23.08,49.97,0,0,0,0,0
2026-01-01T00:25:06Z,compressor_trip,NORMAL,8569.1,39.92,90.65,80.19,14.95,15.11,23.09,50.05,0,0,0,0,0
2026-01-01T00:25:07Z,compressor_trip,NORMAL,8564.8,40.31,90.23,81.62,15.13,14.9,23.13,49.99,0,0,0,0,0
2026-01-01T00:25:08Z,compressor_trip,NORMAL,8575.6,40.17,91.41,80.46,14.84,14.94,22.95,49.99,0,0,0,0,0
2026-01-01T00:25:09Z,compressor_trip,NORMAL,8562.5,39.87,91.32,81.24,15.07,14.93,23.04,50.08,0,0,0,0,0
2026-01-01T00:25:10Z,compressor_trip,NORMAL,8554.1,39.96,90.95,80.76,15.18,14.95,23.12,49.97,0,0,0,0,0
2026-01-01T00:25:11Z,compressor_trip,NORMAL,8559.4,39.96,91.28,80.87,15.12,15.03,23.01,49.97,0,0,0,0,0
2026-01-01T00:25:12Z,compressor_trip,NORMAL,8543.5,40.01,91.1,80.83,15.02,15.14,23.06,50.01,0,0,0,0,0
2026-01-01T00:25:13Z,compressor_trip,NORMAL,8561.7,40.04,89.99,80.24,14.89,15.06,22.96,49.98,0,0,0,0,0
2026-01-01T00:25:14Z,compressor_trip,NORMAL,8568.5,39.78,89.98,80.1,15.16,14.98,22.98,49.86,0,0,0,0,0
2026-01-01T00:25:15Z,compressor_trip,NORMAL,8562.6,39.85,89.97,81.63,15.08,14.97,22.9,50.1,0,0,0,0,0
2026-01-01T00:25:16Z,compressor_trip,NORMAL,8572.4,40.3,91.07,80.81,14.95,14.99,23.23,49.99,0,0,0,0,0
2026-01-01T00:25:17Z,compressor_trip,NORMAL,8547.1,39.99,90.34,81.67,14.87,14.9,23.03,49.93,0,0,0,0,0
2026-01-01T00:25:18Z,compressor_trip,NORMAL,8530.3,39.81,90.04,80.97,15.13,15.05,22.95,50.0,0,0,0,0,0
2026-01-01T00:25:19Z,compressor_trip,NORMAL,8562.7,39.96,90.08,80.59,15.09,15.03,23.1,49.98,0,0,0,0,0
2026-01-01T00:25:20Z,compressor_trip,NORMAL,8554.5,39.93,90.54,80.18,15.15,14.95,23.04,49.94,0,0,0,0,0
2026-01-01T00:25:21Z,compressor_trip,NORMAL,8548.4,39.54,91.0,80.78,14.88,15.04,23.02,49.96,0,0,0,0,0
2026-01-01T00:25:22Z,compressor_trip,NORMAL,8535.9,39.83,90.91,80.71,14.85,14.96,23.06,50.01,0,0,0,0,0
2026-01-01T00:25:23Z,compressor_trip,NORMAL,8541.3,39.8,90.48,81.0,15.14,14.98,22.91,49.98,0,0,0,0,0
2026-01-01T00:25:24Z,compressor_trip,NORMAL,8551.9,39.85,89.96,80.29,15.03,15.06,23.0,49.95,0,0,0,0,0
2026-01-01T00:25:25Z,compressor_trip,NORMAL,8555.0,40.06,91.24,80.57,15.09,14.97,22.94,50.04,0,0,0,0,0
2026-01-01T00:25:26Z,compressor_trip,NORMAL,8556.9,40.14,91.0,81.05,14.95,14.8,23.01,50.0,0,0,0,0,0
2026-01-01T00:25:27Z,compressor_trip,NORMAL,8544.3,40.08,91.31,80.71,14.91,15.14,23.05,50.0,0,0,0,0,0
2026-01-01T00:25:28Z,compressor_trip,NORMAL,8527.0,39.65,91.05,80.94,15.13,15.22,23.06,50.0,0,0,0,0,0
2026-01-01T00:25:29Z,compressor_trip,NORMAL,8546.6,40.03,91.12,80.4,15.16,14.81,23.13,50.06,0,0,0,0,0
2026-01-01T00:25:30Z,compressor_trip,NORMAL,8550.4,40.13,90.01,81.59,15.12,14.93,22.89,49.95,0,0,0,0,0
2026-01-01T00:25:31Z,compressor_trip,NORMAL,8541.1,39.6,90.7,81.0,15.01,14.98,23.2,50.01,0,0,0,0,0
2026-01-01T00:25:32Z,compressor_trip,NORMAL,8568.7,39.88,90.72,80.34,14.98,15.09,23.13,50.05,0,0,0,0,0
2026-01-01T00:25:33Z,compressor_trip,NORMAL,8554.4,39.86,89.18,79.69,15.21,14.89,23.19,49.97,0,0,0,0,0
2026-01-01T00:25:34Z,compressor_trip,NORMAL,8535.6,40.14,91.02,81.15,14.95,15.08,23.1,50.09,0,0,0,0,0
2026-01-01T00:25:35Z,compressor_trip,NORMAL,8546.9,40.19,89.84,81.58,15.16,14.91,23.22,49.96,0,0,0,0,0
2026-01-01T00:25:36Z,compressor_trip,NORMAL,8544.6,39.92,89.8,80.62,14.95,15.11,22.98,49.97,0,0,0,0,0
2026-01-01T00:25:37Z,compressor_trip,NORMAL,8531.4,40.16,90.65,81.12,14.94,15.02,23.19,49.98,0,0,0,0,0
2026-01-01T00:25:38Z,compressor_trip,NORMAL,8536.6,40.03,90.74,80.73,14.87,14.95,22.98,50.15,0,0,0,0,0
2026-01-01T00:25:39Z,compressor_trip,NORMAL,8541.7,39.66,90.31,80.11,15.23,15.06,23.04,50.06,0,0,0,0,0
2026-01-01T00:25:40Z,compressor_trip,NORMAL,8548.7,39.85,89.97,80.05,14.97,14.99,23.07,50.03,0,0,0,0,0
2026-01-01T00:25:41Z,compressor_trip,NORMAL,8540.8,39.99,90.95,79.77,14.99,14.88,23.14,50.04,0,0,0,0,0
2026-01-01T00:25:42Z,compressor_trip,NORMAL,8529.8,39.58,91.47,81.38,15.12,14.9,23.16,50.01,0,0,0,0,0
2026-01-01T00:25:43Z,compressor_trip,NORMAL,8539.6,40.28,91.59,80.77,15.04,15.15,23.11,50.0,0,0,0,0,0
2026-01-01T00:25:44Z,compressor_trip,NORMAL,8536.0,40.37,91.16,79.39,15.19,14.98,22.97,50.07,0,0,0,0,0
2026-01-01T00:25:45Z,compressor_trip,NORMAL,8539.2,40.03,90.46,81.39,15.08,14.93,22.92,49.96,0,0,0,0,0
2026-01-01T00:25:46Z,compressor_trip,NORMAL,8528.2,39.9,91.03,80.07,14.98,15.15,23.01,50.03,0,0,0,0,0
2026-01-01T00:25:47Z,compressor_trip,NORMAL,8528.3,40.42,90.66,80.1,14.89,14.92,22.98,50.05,0,0,0,0,0
2026-01-01T00:25:48Z,compressor_trip,NORMAL,8517.1,40.09,90.54,81.32,15.16,15.14,23.04,50.0,0,0,0,0,0
2026-01-01T00:25:49Z,compressor_trip,NORMAL,8518.9,40.42,90.38,81.37,15.09,14.96,23.03,49.99,0,0,0,0,0
2026-01-01T00:25:50Z,compressor_trip,NORMAL,8524.9,39.96,91.08,81.24,15.18,14.84,23.0,49.98,0,0,0,0,0
2026-01-01T00:25:51Z,compressor_trip,NORMAL,8551.2,40.47,90.15,80.64,15.03,15.19,23.18,50.08,0,0,0,0,0
2026-01-01T00:25:52Z,compressor_trip,NORMAL,8529.9,39.86,89.97,80.23,15.08,15.11,23.34,50.03,0,0,0,0,0
2026-01-01T00:25:53Z,compressor_trip,NORMAL,8527.0,39.87,90.47,81.0,14.78,14.9,22.98,50.1,0,0,0,0,0
2026-01-01T00:25:54Z,compressor_trip,NORMAL,8533.6,39.91,90.58,81.25,14.96,15.04,23.11,50.02,0,0,0,0,0
2026-01-01T00:25:55Z,compressor_trip,NORMAL,8527.1,40.12,90.05,80.11,15.03,14.97,23.12,50.06,0,0,0,0,0
2026-01-01T00:25:56Z,compressor_trip,NORMAL,8518.2,39.96,90.5,80.51,14.96,14.91,22.99,49.99,0,0,0,0,0
2026-01-01T00:25:57Z,compressor_trip,NORMAL,8533.7,40.41,90.14,80.75,15.06,15.04,23.03,50.04,0,0,0,0,0
2026-01-01T00:25:58Z,compressor_trip,NORMAL,8528.2,39.68,90.58,80.78,14.91,14.91,23.26,50.03,0,0,0,0,0
2026-01-01T00:25:59Z,compressor_trip,NORMAL,8540.5,39.75,90.06,80.2,14.92,14.93,23.13,49.92,0,0,0,0,0
2026-01-01T00:26:00Z,compressor_trip,NORMAL,8512.6,39.88,90.85,80.48,15.05,14.97,23.04,49.99,0,0,0,0,0
2026-01-01T00:26:01Z,compressor_trip,NORMAL,8527.3,40.22,90.89,81.67,15.21,15.0,23.12,50.01,0,0,0,0,0
2026-01-01T00:26:02Z,compressor_trip,NORMAL,8519.5,39.9,89.51,80.7,14.93,14.98,22.98,50.06,0,0,0,0,0
2026-01-01T00:26:03Z,compressor_trip,NORMAL,8502.2,40.38,89.81,80.74,14.99,14.89,23.06,50.03,0,0,0,0,0
2026-01-01T00:26:04Z,compressor_trip,NORMAL,8511.0,40.18,90.2,80.15,15.01,15.06,23.21,50.1,0,0,0,0,0
2026-01-01T00:26:05Z,compressor_trip,NORMAL,8507.2,39.77,90.76,80.1,15.01,14.9,23.1,49.97,0,0,0,0,0
2026-01-01T00:26:06Z,compressor_trip,NORMAL,8516.7,40.07,89.99,80.12,15.09,14.85,23.12,49.99,0,0,0,0,0
2026-01-01T00:26:07Z,compressor_trip,NORMAL,8515.3,40.25,90.5,80.87,14.94,14.99,23.0,50.03,0,0,0,0,0
2026-01-01T00:26:08Z,compressor_trip,NORMAL,8500.5,40.19,90.1,81.26,14.95,14.98,23.01,50.05,0,0,0,0,0
2026-01-01T00:26:09Z,compressor_trip,NORMAL,8514.0,40.19,89.22,80.63,15.16,15.17,23.06,50.11,0,0,0,0,0
2026-01-01T00:26:10Z,compressor_trip,NORMAL,8497.3,39.79,90.73,79.9,15.01,14.96,23.35,50.01,0,0,0,0,0
2026-01-01T00:26:11Z,compressor_trip,NORMAL,8527.2,40.13,89.77,81.41,15.02,15.05,23.2,50.09,0,0,0,0,0
2026-01-01T00:26:12Z,compressor_trip,NORMAL,8493.5,40.33,89.36,79.94,14.85,15.02,23.15,50.02,0,0,0,0,0
2026-01-01T00:26:13Z,compressor_trip,NORMAL,8486.8,39.84,90.46,80.82,14.86,14.97,23.23,50.05,0,0,0,0,0
2026-01-01T00:26:14Z,compressor_trip,NORMAL,8477.7,40.11,89.76,79.38,15.15,14.98,23.23,50.04,0,0,0,0,0
2026-01-01T00:26:15Z,compressor_trip,NORMAL,8504.9,39.89,89.79,80.71,15.01,15.02,23.09,49.91,0,0,0,0,0
2026-01-01T00:26:16Z,compressor_trip,NORMAL,8515.8,39.89,90.57,81.33,15.24,14.96,22.98,49.96,0,0,0,0,0
2026-01-01T00:26:17Z,compressor_trip,NORMAL,8523.6,39.97,90.37,80.47,14.97,15.1,23.35,50.13,0,0,0,0,0
2026-01-01T00:26:18Z,compressor_trip,NORMAL,8505.5,39.71,90.54,80.25,14.94,14.76,23.29,50.03,0,0,0,0,0
2026-01-01T00:26:19Z,compressor_trip,NORMAL,8501.3,39.97,90.5,80.01,15.1,15.17,23.2,50.04,0,0,0,0,0
2026-01-01T00:26:20Z,compressor_trip,NORMAL,8477.7,39.94,89.01,80.4,15.07,15.02,23.14,50.05,0,0,0,0,0
2026-01-01T00:26:21Z,compressor_trip,NORMAL,8496.2,40.02,90.08,79.48,14.96,15.01,23.13,49.99,0,0,0,0,0
2026-01-01T00:26:22Z,compressor_trip,NORMAL,8511.6,39.96,90.06,80.22,14.84,15.15,23.16,50.01,0,0,0,0,0
2026-01-01T00:26:23Z,compressor_trip,NORMAL,8489.5,39.73,89.6,81.08,15.11,14.86,23.11,50.03,0,0,0,0,0
2026-01-01T00:26:24Z,compressor_trip,NORMAL,8510.7,39.89,89.5,80.11,14.98,15.22,23.22,49.99,0,0,0,0,0
2026-01-01T00:26:25Z,compressor_trip,NORMAL,8490.4,39.85,89.79,80.27,15.07,14.83,23.22,50.01,0,0,0,0,0
2026-01-01T00:26:26Z,compressor_trip,NORMAL,8489.8,40.08,90.3,79.45,15.01,14.99,23.37,50.01,0,0,0,0,0
2026-01-01T00:26:27Z,compressor_trip,NORMAL,8502.3,39.8,90.41,80.85,15.08,14.92,23.32,49.94,0,0,0,0,0
2026-01-01T00:26:28Z,compressor_trip,NORMAL,8495.8,40.06,89.91,79.93,15.0,14.96,23.4,50.07,0,0,0,0,0
2026-01-01T00:26:29Z,compressor_trip,NORMAL,8508.5,40.01,90.01,80.4,15.08,15.04,23.09,49.99,0,0,0,0,0
2026-01-01T00:26:30Z,compressor_trip,NORMAL,8499.5,40.56,89.73,80.04,14.96,15.15,23.23,49.99,0,0,0,0,0
2026-01-01T00:26:31Z,compressor_trip,NORMAL,8489.3,40.02,90.13,80.52,15.08,15.1,23.36,49.99,0,0,0,0,0
2026-01-01T00:26:32Z,compressor_trip,NORMAL,8486.7,39.92,90.14,80.62,15.06,15.0,23.12,49.95,0,0,0,0,0
2026-01-01T00:26:33Z,compressor_trip,NORMAL,8477.3,39.86,89.84,80.72,15.07,14.85,23.07,49.99,0,0,0,0,0
2026-01-01T00:26:34Z,compressor_trip,NORMAL,8493.3,39.97,89.95,80.01,15.08,15.04,23.2,49.93,0,0,0,0,0
2026-01-01T00:26:35Z,compressor_trip,NORMAL,8486.6,39.93,90.01,79.39,15.16,15.01,23.33,50.04,0,0,0,0,0
2026-01-01T00:26:36Z,compressor_trip,NORMAL,8492.1,39.9,89.61,79.49,15.07,15.03,23.28,49.95,0,0,0,0,0
2026-01-01T00:26:37Z,compressor_trip,NORMAL,8482.4,39.77,89.06,80.17,14.85,15.35,23.27,50.06,0,0,0,0,0
2026-01-01T00:26:38Z,compressor_trip,NORMAL,8490.9,40.05,89.36,80.28,15.17,14.91,23.34,49.99,0,0,0,0,0
2026-01-01T00:26:39Z,compressor_trip,NORMAL,8489.8,39.87,90.42,80.79,14.98,15.01,23.28,50.03,0,0,0,0,0
2026-01-01T00:26:40Z,compressor_trip,NORMAL,8494.1,39.98,89.81,80.18,15.04,14.86,23.29,50.06,0,0,0,0,0
2026-01-01T00:26:41Z,compressor_trip,NORMAL,8480.8,40.08,89.65,80.3,14.99,15.02,23.17,50.03,0,0,0,0,0
2026-01-01T00:26:42Z,compressor_trip,NORMAL,8490.2,39.93,89.94,80.69,14.98,14.89,23.29,49.99,0,0,0,0,0
2026-01-01T00:26:43Z,compressor_trip,NORMAL,8480.5,39.99,90.03,80.06,14.95,15.1,23.22,50.04,0,0,0,0,0
2026-01-01T00:26:44Z,compressor_trip,NORMAL,8493.0,39.87,89.77,80.13,14.98,15.05,23.14,49.94,0,0,0,0,0
2026-01-01T00:26:45Z,compressor_trip,NORMAL,8470.5,40.04,90.11,80.38,14.97,14.82,23.31,49.96,0,0,0,0,0
2026-01-01T00:26:46Z,compressor_trip,NORMAL,8477.7,39.99,89.33,80.24,15.02,15.09,23.27,50.1,0,0,0,0,0
2026-01-01T00:26:47Z,compressor_trip,NORMAL,8464.7,40.41,90.68,79.91,14.88,14.96,23.22,50.03,0,0,0,0,0
2026-01-01T00:26:48Z,compressor_trip,NORMAL,8478.4,40.13,88.9,79.07,15.02,15.13,23.27,50.09,0,0,0,0,0
2026-01-01T00:26:49Z,compressor_trip,NORMAL,8460.1,40.02,90.38,80.12,15.14,15.09,23.23,49.99,0,0,0,0,0
2026-01-01T00:26:50Z,compressor_trip,NORMAL,8456.8,40.02,90.75,79.24,14.99,15.11,23.29,49.91,0,0,0,0,0
2026-01-01T00:26:51Z,compressor_trip,NORMAL,8468.5,40.11,89.87,79.88,15.0,15.14,23.18,50.08,0,0,0,0,0
2026-01-01T00:26:52Z,compressor_trip,NORMAL,8462.9,40.01,89.7,80.45,15.14,14.99,23.09,49.98,0,0,0,0,0
2026-01-01T00:26:53Z,compressor_trip,NORMAL,8452.2,39.6,89.54,79.86,14.98,14.84,23.33,50.08,0,0,0,0,0
2026-01-01T00:26:54Z,compressor_trip,NORMAL,8463.0,40.35,88.92,80.42,15.08,15.01,23.29,50.01,0,0,0,0,0
2026-01-01T00:26:55Z,compressor_trip,NORMAL,8455.8,39.72,90.22,80.25,15.05,14.97,23.19,49.95,0,0,0,0,0
2026-01-01T00:26:56Z,compressor_trip,NORMAL,8450.7,39.81,90.03,80.22,14.97,15.15,23.22,50.01,0,0,0,0,0
2026-01-01T00:26:57Z,compressor_trip,NORMAL,8481.1,40.36,90.42,80.67,14.91,14.97,23.22,50.07,0,0,0,0,0
2026-01-01T00:26:58Z,compressor_trip,NORMAL,8449.5,39.91,89.39,79.55,14.91,15.17,23.37,50.01,0,0,0,0,0
2026-01-01T00:26:59Z,compressor_trip,NORMAL,8450.1,39.9,89.81,79.83,14.99,14.95,23.32,50.01,0,0,0,0,0
2026-01-01T00:27:00Z,compressor_trip,NORMAL,8468.1,40.2,90.02,79.8,15.01,14.73,23.24,50.04,0,0,0,0,0
2026-01-01T00:27:01Z,compressor_trip,NORMAL,8460.2,39.77,89.08,79.75,14.94,14.92,23.4,50.08,0,0,0,0,0
2026-01-01T00:27:02Z,compressor_trip,NORMAL,8463.5,39.8,90.48,80.64,15.0,15.07,23.22,49.95,0,0,0,0,0
2026-01-01T00:27:03Z,compressor_trip,NORMAL,8476.5,40.12,89.67,80.05,15.01,15.07,23.42,50.08,0,0,0,0,0
2026-01-01T00:27:04Z,compressor_trip,NORMAL,8448.6,40.0,89.67,79.15,15.17,15.02,23.16,50.0,0,0,0,0,0
2026-01-01T00:27:05Z,compressor_trip,NORMAL,8452.4,39.76,90.27,80.05,15.03,15.13,23.47,50.0,0,0,0,0,0
2026-01-01T00:27:06Z,compressor_trip,NORMAL,8447.2,39.91,89.86,79.69,15.03,15.12,23.46,49.96,0,0,0,0,0
2026-01-01T00:27:07Z,compressor_trip,NORMAL,8452.2,40.25,89.31,79.84,15.04,15.13,23.27,50.04,0,0,0,0,0
2026-01-01T00:27:08Z,compressor_trip,NORMAL,8453.5,40.1,89.57,79.97,14.88,14.91,23.22,50.0,0,0,0,0,0
2026-01-01T00:27:09Z,compressor_trip,NORMAL,8454.1,40.05,89.87,79.06,15.05,14.95,23.17,49.96,0,0,0,0,0
2026-01-01T00:27:10Z,compressor_trip,NORMAL,8459.5,39.74,90.28,79.23,14.98,15.03,23.24,49.95,0,0,0,0,0
2026-01-01T00:27:11Z,compressor_trip,NORMAL,8456.9,39.9,89.14,79.79,15.01,15.06,23.27,50.05,0,0,0,0,0
2026-01-01T00:27:12Z,compressor_trip,NORMAL,8447.3,39.69,89.08,79.94,15.01,14.77,23.2,50.01,0,0,0,0,0
2026-01-01T00:27:13Z,compressor_trip,NORMAL,8453.6,39.72,89.74,79.72,15.0,15.0,23.37,50.0,0,0,0,0,0
2026-01-01T00:27:14Z,compressor_trip,NORMAL,8456.6,40.01,90.08,79.79,14.97,14.75,23.42,50.03,0,0,0,0,0
2026-01-01T00:27:15Z,compressor_trip,NORMAL,8431.6,39.58,89.51,79.3,14.97,15.14,23.34,50.01,0,0,0,0,0
2026-01-01T00:27:16Z,compressor_trip,NORMAL,8451.0,40.08,88.4,80.08,15.22,14.98,23.45,50.05,0,0,0,0,0
2026-01-01T00:27:17Z,compressor_trip,NORMAL,8463.0,39.9,90.36,78.97,15.02,15.04,23.33,49.95,0,0,0,0,0
2026-01-01T00:27:18Z,compressor_trip,NORMAL,8456.9,39.8,89.49,79.86,14.97,14.99,23.33,49.97,0,0,0,0,0
2026-01-01T00:27:19Z,compressor_trip,NORMAL,8436.6,40.12,90.01,79.86,14.94,15.01,23.57,50.01,0,0,0,0,0
2026-01-01T00:27:20Z,compressor_trip,NORMAL,8429.6,39.58,90.05,79.18,14.99,14.93,23.35,50.07,0,0,0,0,0
2026-01-01T00:27:21Z,compressor_trip,NORMAL,8449.1,39.97,89.14,78.87,15.03,15.0,23.18,49.96,0,0,0,0,0
2026-01-01T00:27:22Z,compressor_trip,NORMAL,8427.4,39.89,89.67,78.95,15.0,14.92,23.45,50.03,0,0,0,0,0
2026-01-01T00:27:23Z,compressor_trip,NORMAL,8446.6,39.77,88.7,80.47,14.98,14.88,23.31,50.06,0,0,0,0,0
2026-01-01T00:27:24Z,compressor_trip,NORMAL,8429.4,40.15,88.45,80.72,15.01,14.94,23.28,49.91,0,0,0,0,0
2026-01-01T00:27:25Z,compressor_trip,NORMAL,8435.0,39.82,89.65,79.63,15.0,15.05,23.51,49.97,0,0,0,0,0
2026-01-01T00:27:26Z,compressor_trip,NORMAL,8426.9,40.08,88.99,78.72,14.88,15.19,23.44,50.0,0,0,0,0,0
2026-01-01T00:27:27Z,compressor_trip,NORMAL,8430.3,40.24,89.39,78.69,14.75,14.88,23.44,49.91,0,0,0,0,0
2026-01-01T00:27:28Z,compressor_trip,NORMAL,8422.4,40.23,90.53,78.61,14.88,14.97,23.32,49.98,0,0,0,0,0
2026-01-01T00:27:29Z,compressor_trip,NORMAL,8413.8,39.85,89.36,78.89,15.03,14.89,23.31,50.08,0,0,0,0,0
2026-01-01T00:27:30Z,compressor_trip,NORMAL,8419.2,40.34,88.48,79.5,15.02,15.09,23.26,50.05,0,0,0,0,0
2026-01-01T00:27:31Z,compressor_trip,NORMAL,8446.2,40.18,88.48,79.9,15.05,14.96,23.58,50.0,0,0,0,0,0
2026-01-01T00:27:32Z,compressor_trip,NORMAL,8429.4,40.0,89.5,79.77,15.07,14.98,23.25,50.05,0,0,0,0,0
2026-01-01T00:27:33Z,compressor_trip,NORMAL,8429.1,39.98,89.41,79.51,15.05,15.01,23.48,50.08,0,0,0,0,0
2026-01-01T00:27:34Z,compressor_trip,NORMAL,8439.6,40.07,89.86,79.44,14.94,15.08,23.39,49.96,0,0,0,0,0
2026-01-01T00:27:35Z,compressor_trip,NORMAL,8426.8,40.09,88.75,79.88,14.86,15.02,23.53,50.02,0,0,0,0,0
2026-01-01T00:27:36Z,compressor_trip,NORMAL,8439.9,40.03,90.11,79.73,15.06,14.92,23.38,49.99,0,0,0,0,0
2026-01-01T00:27:37Z,compressor_trip,NORMAL,8425.3,39.74,88.55,80.64,14.98,15.0,23.54,50.01,0,0,0,0,0
2026-01-01T00:27:38Z,compressor_trip,NORMAL,8439.2,39.87,89.13,79.5,14.97,14.84,23.53,49.97,0,0,0,0,0
2026-01-01T00:27:39Z,compressor_trip,NORMAL,8429.1,39.85,89.45,79.54,14.94,15.16,23.48,49.97,0,0,0,0,0
2026-01-01T00:27:40Z,compressor_trip,NORMAL,8427.2,40.02,90.0,80.26,15.05,14.77,23.33,50.02,0,0,0,0,0
2026-01-01T00:27:41Z,compressor_trip,NORMAL,8412.7,40.07,88.44,80.27,14.98,14.97,23.31,49.96,0,0,0,0,0
2026-01-01T00:27:42Z,compressor_trip,NORMAL,8405.5,40.02,89.22,79.81,14.98,15.09,23.49,50.02,0,0,0,0,0
2026-01-01T00:27:43Z,compressor_trip,NORMAL,8429.9,39.89,89.24,79.52,15.03,14.82,23.59,49.95,0,0,0,0,0
2026-01-01T00:27:44Z,compressor_trip,NORMAL,8431.8,40.03,88.88,80.14,15.04,14.94,23.31,50.03,0,0,0,0,0
2026-01-01T00:27:45Z,compressor_trip,NORMAL,8429.0,39.95,89.8,80.13,15.12,14.96,23.37,50.02,0,0,0,0,0
2026-01-01T00:27:46Z,compressor_trip,NORMAL,8423.8,39.96,88.51,79.37,14.97,14.96,23.38,50.01,0,0,0,0,0
2026-01-01T00:27:47Z,compressor_trip,NORMAL,8414.0,39.93,89.62,79.63,15.09,14.97,23.29,50.07,0,0,0,0,0
2026-01-01T00:27:48Z,compressor_trip,NORMAL,8440.1,39.77,89.47,79.67,14.87,14.94,23.16,50.06,0,0,0,0,0
2026-01-01T00:27:49Z,compressor_trip,NORMAL,8417.0,40.11,90.05,79.82,15.04,15.09,23.41,49.99,0,0,0,0,0
2026-01-01T00:27:50Z,compressor_trip,NORMAL,8425.1,40.09,89.22,79.38,15.16,15.06,23.59,50.05,0,0,0,0,0
2026-01-01T00:27:51Z,compressor_trip,NORMAL,8420.1,39.99,89.43,79.26,15.17,14.91,23.51,49.97,0,0,0,0,0
2026-01-01T00:27:52Z,compressor_trip,NORMAL,8409.4,40.04,89.63,79.72,14.92,14.91,23.51,49.97,0,0,0,0,0
2026-01-01T00:27:53Z,compressor_trip,NORMAL,8428.4,40.17,89.34,79.28,14.71,14.98,23.42,49.98,0,0,0,0,0
2026-01-01T00:27:54Z,compressor_trip,NORMAL,8419.9,39.62,88.98,79.69,15.0,15.03,23.31,50.04,0,0,0,0,0
2026-01-01T00:27:55Z,compressor_trip,NORMAL,8419.3,39.95,88.66,78.39,14.89,15.09,23.61,49.94,0,0,0,0,0
2026-01-01T00:27:56Z,compressor_trip,NORMAL,8427.9,40.2,89.46,78.39,14.9,14.87,23.58,50.06,0,0,0,0,0
2026-01-01T00:27:57Z,compressor_trip,NORMAL,8413.7,40.33,89.08,79.44,15.04,15.02,23.55,49.98,0,0,0,0,0
2026-01-01T00:27:58Z,compressor_trip,NORMAL,8411.1,39.85,88.75,79.73,15.08,14.79,23.47,50.06,0,0,0,0,0
2026-01-01T00:27:59Z,compressor_trip,NORMAL,8412.6,40.15,89.74,79.19,14.85,15.13,23.46,49.93,0,0,0,0,0
2026-01-01T00:28:00Z,compressor_trip,NORMAL,8428.2,39.87,88.82,78.82,14.96,15.01,23.43,50.0,0,0,0,0,0
2026-01-01T00:28:01Z,compressor_trip,NORMAL,8401.5,39.97,89.16,79.76,14.99,15.08,23.44,50.0,0,0,0,0,0
2026-01-01T00:28:02Z,compressor_trip,NORMAL,8433.1,39.76,88.73,79.17,14.94,15.18,23.43,49.99,0,0,0,0,0
2026-01-01T00:28:03Z,compressor_trip,NORMAL,8413.6,40.21,88.69,78.63,15.04,14.97,23.55,49.96,0,0,0,0,0
2026-01-01T00:28:04Z,compressor_trip,NORMAL,8410.4,39.83,88.72,79.22,15.04,14.87,23.62,50.07,0,0,0,0,0
2026-01-01T00:28:05Z,compressor_trip,NORMAL,8423.7,39.8,89.38,80.18,15.03,14.94,23.48,49.95,0,0,0,0,0
2026-01-01T00:28:06Z,compressor_trip,NORMAL,8413.4,40.23,89.05,79.96,14.95,14.99,23.49,49.98,0,0,0,0,0
2026-01-01T00:28:07Z,compressor_trip,NORMAL,8430.5,39.92,89.17,79.31,15.09,15.22,23.65,49.98,0,0,0,0,0
2026-01-01T00:28:08Z,compressor_trip,NORMAL,8425.3,39.98,89.01,79.95,15.01,15.03,23.31,50.06,0,0,0,0,0
2026-01-01T00:28:09Z,compressor_trip,NORMAL,8402.2,39.87,88.92,79.46,15.04,15.09,23.57,49.98,0,0,0,0,0
2026-01-01T00:28:10Z,compressor_trip,NORMAL,8415.8,39.87,88.73,79.17,15.05,14.78,23.54,49.97,0,0,0,0,0
2026-01-01T00:28:11Z,compressor_trip,NORMAL,8420.8,39.84,89.56,79.31,14.94,14.94,23.51,50.02,0,0,0,0,0
2026-01-01T00:28:12Z,compressor_trip,NORMAL,8400.7,39.82,89.03,79.91,15.03,14.95,23.5,49.99,0,0,0,0,0
2026-01-01T00:28:13Z,compressor_trip,NORMAL,8413.3,40.36,89.25,78.97,14.81,14.83,23.72,50.04,0,0,0,0,0
2026-01-01T00:28:14Z,compressor_trip,NORMAL,8417.3,39.98,88.86,79.28,15.04,14.94,23.53,50.01,0,0,0,0,0
2026-01-01T00:28:15Z,compressor_trip,NORMAL,8412.3,40.13,89.37,79.49,14.95,15.12,23.51,49.97,0,0,0,0,0
2026-01-01T00:28:16Z,compressor_trip,NORMAL,8409.7,40.09,89.77,79.64,14.85,15.06,23.49,50.05,0,0,0,0,0
2026-01-01T00:28:17Z,compressor_trip,NORMAL,8399.1,40.17,88.93,80.27,14.82,15.01,23.51,49.99,0,0,0,0,0
2026-01-01T00:28:18Z,compressor_trip,NORMAL,8394.0,40.0,89.43,78.66,14.89,15.11,23.48,49.95,0,0,0,0,0
2026-01-01T00:28:19Z,compressor_trip,NORMAL,8394.8,40.24,89.18,79.65,14.94,15.04,23.59,50.04,0,0,0,0,0
2026-01-01T00:28:20Z,compressor_trip,NORMAL,8398.0,39.87,90.22,79.4,15.01,15.15,23.44,50.03,0,0,0,0,0
2026-01-01T00:28:21Z,compressor_trip,NORMAL,8399.7,40.12,88.63,79.61,14.96,14.78,23.68,50.02,0,0,0,0,0
2026-01-01T00:28:22Z,compressor_trip,NORMAL,8407.7,40.19,89.62,79.2,15.1,15.17,23.54,49.95,0,0,0,0,0
2026-01-01T00:28:23Z,compressor_trip,NORMAL,8413.2,39.64,89.52,79.14,15.0,14.96,23.67,49.99,0,0,0,0,0
2026-01-01T00:28:24Z,compressor_trip,NORMAL,8404.7,39.94,90.06,79.75,14.92,15.02,23.68,49.97,0,0,0,0,0
2026-01-01T00:28:25Z,compressor_trip,NORMAL,8411.7,39.93,88.81,79.75,15.01,15.04,23.78,50.02,0,0,0,0,0
2026-01-01T00:28:26Z,compressor_trip,NORMAL,8410.4,39.52,89.32,79.07,14.77,14.93,23.7,49.98,0,0,0,0,0
2026-01-01T00:28:27Z,compressor_trip,NORMAL,8407.2,39.88,88.99,79.0,15.15,15.11,23.67,50.02,0,0,0,0,0
2026-01-01T00:28:28Z,compressor_trip,NORMAL,8388.1,40.08,88.98,78.89,15.07,14.97,23.85,50.01,0,0,0,0,0
2026-01-01T00:28:29Z,compressor_trip,NORMAL,8405.5,39.76,89.61,79.24,15.05,15.02,23.71,50.01,0,0,0,0,0
2026-01-01T00:28:30Z,compressor_trip,NORMAL,8417.4,40.29,89.35,78.6,14.99,15.07,23.68,50.02,0,0,0,0,0
2026-01-01T00:28:31Z,compressor_trip,NORMAL,8403.9,40.29,89.02,78.97,15.0,15.0,23.49,50.02,0,0,0,0,0
2026-01-01T00:28:32Z,compressor_trip,NORMAL,8399.1,39.82,88.52,79.02,14.75,14.96,23.76,49.98,0,0,0,0,0
2026-01-01T00:28:33Z,compressor_trip,NORMAL,8390.7,39.8,89.0,78.31,14.9,14.98,23.56,50.0,0,0,0,0,0
2026-01-01T00:28:34Z,compressor_trip,NORMAL,8405.3,39.87,88.62,78.86,14.96,15.13,23.6,50.03,0,0,0,0,0
2026-01-01T00:28:35Z,compressor_trip,NORMAL,8396.7,40.12,89.03,79.22,14.87,15.06,23.81,50.08,0,0,0,0,0
2026-01-01T00:28:36Z,compressor_trip,NORMAL,8406.8,39.68,88.75,78.79,15.0,15.02,23.71,50.05,0,0,0,0,0
2026-01-01T00:28:37Z,compressor_trip,NORMAL,8391.2,40.02,87.98,79.35,14.9,15.02,23.93,50.04,0,0,0,0,0
2026-01-01T00:28:38Z,compressor_trip,NORMAL,8420.3,39.73,88.94,79.28,14.9,15.02,23.64,49.96,0,0,0,0,0
2026-01-01T00:28:39Z,compressor_trip,NORMAL,8394.4,39.89,88.42,79.07,15.18,14.92,23.61,50.01,0,0,0,0,0
2026-01-01T00:28:40Z,compressor_trip,NORMAL,8409.7,40.42,89.77,80.45,15.1,15.13,23.71,50.01,0,0,0,0,0
2026-01-01T00:28:41Z,compressor_trip,NORMAL,8404.1,40.24,89.49,79.18,15.03,14.89,23.66,49.97,0,0,0,0,0
2026-01-01T00:28:42Z,compressor_trip,NORMAL,8413.0,40.08,89.36,79.47,14.83,15.01,23.89,50.02,0,0,0,0,0
2026-01-01T00:28:43Z,compressor_trip,NORMAL,8399.7,39.74,90.17,79.63,15.09,14.96,23.67,49.95,0,0,0,0,0
2026-01-01T00:28:44Z,compressor_trip,NORMAL,8399.9,39.84,89.67,79.95,15.08,15.05,23.71,50.01,0,0,0,0,0
2026-01-01T00:28:45Z,compressor_trip,NORMAL,8393.1,40.47,89.2,79.69,14.84,15.09,23.81,50.05,0,0,0,0,0
2026-01-01T00:28:46Z,compressor_trip,NORMAL,8400.3,40.44,89.16,79.08,15.05,14.94,23.7,50.0,0,0,0,0,0
2026-01-01T00:28:47Z,compressor_trip,NORMAL,8373.3,40.11,89.49,78.81,15.1,15.05,23.86,49.96,0,0,0,0,0
2026-01-01T00:28:48Z,compressor_trip,NORMAL,8420.2,39.95,89.34,78.96,14.8,14.92,23.79,49.96,0,0,0,0,0
2026-01-01T00:28:49Z,compressor_trip,NORMAL,8394.5,39.79,88.5,78.24,14.87,14.92,23.82,49.92,0,0,0,0,0
2026-01-01T00:28:50Z,compressor_trip,NORMAL,8401.2,40.37,88.6,79.22,15.08,14.97,24.07,49.97,0,0,0,0,0
2026-01-01T00:28:51Z,compressor_trip,NORMAL,8413.3,40.08,89.09,78.69,15.06,14.89,23.81,49.97,0,0,0,0,0
2026-01-01T00:28:52Z,compressor_trip,NORMAL,8411.3,39.94,89.09,79.24,14.91,14.98,23.77,49.95,0,0,0,0,0
2026-01-01T00:28:53Z,compressor_trip,NORMAL,8398.5,40.07,89.26,79.54,15.03,14.98,23.7,50.1,0,0,0,0,0
2026-01-01T00:28:54Z,compressor_trip,NORMAL,8383.6,40.14,89.28,79.51,15.23,15.05,23.84,50.02,0,0,0,0,0
2026-01-01T00:28:55Z,compressor_trip,NORMAL,8408.9,39.84,89.6,78.87,14.84,15.11,23.76,50.07,0,0,0,0,0
2026-01-01T00:28:56Z,compressor_trip,NORMAL,8403.5,40.1,88.73,79.47,15.04,15.02,23.8,49.99,0,0,0,0,0
2026-01-01T00:28:57Z,compressor_trip,NORMAL,8389.2,39.94,90.06,79.76,15.05,14.87,23.8,50.0,0,0,0,0,0
2026-01-01T00:28:58Z,compressor_trip,NORMAL,8402.8,40.1,89.43,78.98,14.93,14.83,23.72,50.05,0,0,0,0,0
2026-01-01T00:28:59Z,compressor_trip,NORMAL,8420.9,40.11,88.89,79.15,14.74,14.85,23.67,49.94,0,0,0,0,0
2026-01-01T00:29:00Z,compressor_trip,NORMAL,8402.7,40.11,87.72,80.03,15.1,15.08,23.72,49.96,0,0,0,0,0
2026-01-01T00:29:01Z,compressor_trip,NORMAL,8404.6,39.86,89.58,79.3,14.99,15.14,23.8,49.98,0,0,0,0,0
2026-01-01T00:29:02Z,compressor_trip,NORMAL,8388.6,39.81,89.91,79.22,14.92,14.87,23.86,49.96,0,0,0,0,0
2026-01-01T00:29:03Z,compressor_trip,NORMAL,8392.3,39.99,88.81,78.53,15.03,14.93,23.92,50.0,0,0,0,0,0
2026-01-01T00:29:04Z,compressor_trip,NORMAL,8397.3,40.13,89.12,79.25,15.12,15.06,23.87,50.02,0,0,0,0,0
2026-01-01T00:29:05Z,compressor_trip,NORMAL,8395.4,40.04,89.72,79.4,14.95,14.88,23.82,49.95,0,0,0,0,0
2026-01-01T00:29:06Z,compressor_trip,NORMAL,8411.2,40.2,89.54,78.79,14.8,14.88,23.87,50.05,0,0,0,0,0
2026-01-01T00:29:07Z,compressor_trip,NORMAL,8406.7,40.02,89.02,79.18,15.19,15.04,23.85,50.03,0,0,0,0,0
2026-01-01T00:29:08Z,compressor_trip,NORMAL,8386.4,40.0,88.32,79.48,14.98,15.05,23.73,50.12,0,0,0,0,0
2026-01-01T00:29:09Z,compressor_trip,NORMAL,8393.5,40.08,89.51,78.68,15.0,14.99,23.91,49.88,0,0,0,0,0
2026-01-01T00:29:10Z,compressor_trip,NORMAL,8391.3,40.12,89.23,78.98,15.06,14.95,23.67,49.92,0,0,0,0,0
2026-01-01T00:29:11Z,compressor_trip,NORMAL,8414.8,39.82,88.21,79.42,14.89,14.88,23.9,49.95,0,0,0,0,0
2026-01-01T00:29:12Z,compressor_trip,NORMAL,8413.1,40.0,89.22,78.47,15.02,15.09,23.79,49.93,0,0,0,0,0
2026-01-01T00:29:13Z,compressor_trip,NORMAL,8389.4,39.99,90.18,77.98,14.9,14.91,23.66,50.05,0,0,0,0,0
2026-01-01T00:29:14Z,compressor_trip,NORMAL,8405.3,39.79,88.83,78.38,14.84,14.96,23.97,50.01,0,0,0,0,0
2026-01-01T00:29:15Z,compressor_trip,NORMAL,8390.4,40.15,89.1,78.45,15.17,14.84,24.01,49.96,0,0,0,0,0
2026-01-01T00:29:16Z,compressor_trip,NORMAL,8403.3,40.17,88.5,78.7,14.95,15.14,23.97,50.01,0,0,0,0,0
2026-01-01T00:29:17Z,compressor_trip,NORMAL,8408.8,39.91,88.9,79.6,15.24,15.06,23.81,50.02,0,0,0,0,0
2026-01-01T00:29:18Z,compressor_trip,NORMAL,8379.8,40.21,89.09,78.61,15.05,14.88,23.81,50.03,0,0,0,0,0
2026-01-01T00:29:19Z,compressor_trip,NORMAL,8419.9,39.9,88.69,78.66,14.97,14.98,23.98,50.0,0,0,0,0,0
2026-01-01T00:29:20Z,compressor_trip,NORMAL,8398.7,39.86,89.23,79.23,15.13,14.99,23.86,50.06,0,0,0,0,0
2026-01-01T00:29:21Z,compressor_trip,NORMAL,8408.0,40.29,89.6,79.33,15.02,14.99,24.04,50.06,0,0,0,0,0
2026-01-01T00:29:22Z,compressor_trip,NORMAL,8402.8,40.29,88.72,78.53,15.06,14.96,23.96,50.02,0,0,0,0,0
2026-01-01T00:29:23Z,compressor_trip,NORMAL,8411.7,39.93,88.36,78.82,15.26,15.12,24.07,49.93,0,0,0,0,0
2026-01-01T00:29:24Z,compressor_trip,NORMAL,8411.5,40.0,89.13,78.11,15.24,14.91,24.03,50.04,0,0,0,0,0
2026-01-01T00:29:25Z,compressor_trip,NORMAL,8416.7,40.24,89.07,78.43,15.11,15.1,23.94,50.02,0,0,0,0,0
2026-01-01T00:29:26Z,compressor_trip,NORMAL,8406.9,39.82,88.73,79.19,15.15,14.95,24.07,49.96,0,0,0,0,0
2026-01-01T00:29:27Z,compressor_trip,NORMAL,8421.7,39.93,89.27,78.97,14.93,15.1,23.94,49.97,0,0,0,0,0
2026-01-01T00:29:28Z,compressor_trip,NORMAL,8422.0,39.98,88.71,79.35,14.87,15.11,24.06,50.04,0,0,0,0,0
2026-01-01T00:29:29Z,compressor_trip,NORMAL,8408.2,39.87,89.24,79.64,15.02,14.84,24.26,50.06,0,0,0,0,0
2026-01-01T00:29:30Z,compressor_trip,NORMAL,8408.0,40.29,89.48,78.68,15.01,14.9,23.94,49.97,0,0,0,0,0
2026-01-01T00:29:31Z,compressor_trip,NORMAL,8416.8,40.06,89.45,78.99,15.23,14.98,23.92,49.96,0,0,0,0,0
2026-01-01T00:29:32Z,compressor_trip,NORMAL,8420.3,39.55,89.12,78.82,15.07,14.89,23.94,49.99,0,0,0,0,0
2026-01-01T00:29:33Z,compressor_trip,NORMAL,8414.6,40.18,89.79,78.96,14.92,15.12,24.18,50.02,0,0,0,0,0
2026-01-01T00:29:34Z,compressor_trip,NORMAL,8403.7,40.16,89.17,78.61,15.02,14.97,23.92,50.12,0,0,0,0,0
2026-01-01T00:29:35Z,compressor_trip,NORMAL,8412.6,40.12,88.79,79.18,14.94,15.09,24.12,50.03,0,0,0,0,0
2026-01-01T00:29:36Z,compressor_trip,NORMAL,8415.6,40.08,88.97,79.08,15.09,14.99,23.96,49.9,0,0,0,0,0
2026-01-01T00:29:37Z,compressor_trip,NORMAL,8420.7,39.89,89.28,78.6,15.06,15.04,23.91,50.09,0,0,0,0,0
2026-01-01T00:29:38Z,compressor_trip,NORMAL,8411.6,40.13,89.12,78.64,14.97,15.19,23.9,49.98,0,0,0,0,0
2026-01-01T00:29:39Z,compressor_trip,NORMAL,8420.7,39.72,88.38,78.79,14.97,14.92,23.95,49.99,0,0,0,0,0
2026-01-01T00:29:40Z,compressor_trip,NORMAL,8422.8,39.8,90.1,79.27,14.87,15.07,24.03,50.02,0,0,0,0,0
2026-01-01T00:29:41Z,compressor_trip,NORMAL,8432.1,40.2,88.81,78.86,14.89,15.02,23.96,50.05,0,0,0,0,0
2026-01-01T00:29:42Z,compressor_trip,NORMAL,8409.2,40.27,88.19,78.65,15.05,15.03,23.97,49.95,0,0,0,0,0
2026-01-01T00:29:43Z,compressor_trip,NORMAL,8420.3,39.79,89.37,79.03,14.98,14.94,24.24,49.97,0,0,0,0,0
2026-01-01T00:29:44Z,compressor_trip,NORMAL,8381.1,39.96,89.63,79.01,14.97,15.18,24.07,49.97,0,0,0,0,0
2026-01-01T00:29:45Z,compressor_trip,NORMAL,8408.4,39.98,89.21,79.71,15.04,15.11,24.01,50.04,0,0,0,0,0
2026-01-01T00:29:46Z,compressor_trip,NORMAL,8393.7,39.76,88.95,79.36,15.03,14.96,23.94,50.03,0,0,0,0,0
2026-01-01T00:29:47Z,compressor_trip,NORMAL,8385.1,40.01,88.77,79.18,15.0,15.05,24.13,50.07,0,0,0,0,0
2026-01-01T00:29:48Z,compressor_trip,NORMAL,8424.1,40.2,89.14,79.1,15.17,15.0,24.06,49.92,0,0,0,0,0
2026-01-01T00:29:49Z,compressor_trip,NORMAL,8418.4,40.1,89.68,78.83,14.91,14.87,24.09,49.99,0,0,0,0,0
2026-01-01T00:29:50Z,compressor_trip,NORMAL,8419.5,40.08,89.55,79.63,15.04,14.8,24.04,50.05,0,0,0,0,0
2026-01-01T00:29:51Z,compressor_trip,NORMAL,8406.6,39.75,88.74,79.12,14.96,14.95,23.98,50.08,0,0,0,0,0
2026-01-01T00:29:52Z,compressor_trip,NORMAL,8424.5,39.77,87.84,79.08,14.93,15.03,24.05,50.01,0,0,0,0,0
2026-01-01T00:29:53Z,compressor_trip,NORMAL,8419.4,39.63,89.06,78.4,15.01,15.05,24.09,50.04,0,0,0,0,0
2026-01-01T00:29:54Z,compressor_trip,NORMAL,8423.8,40.31,88.23,79.15,15.1,15.04,24.09,50.03,0,0,0,0,0
2026-01-01T00:29:55Z,compressor_trip,NORMAL,8422.9,40.38,89.76,77.92,14.99,15.11,24.07,50.01,0,0,0,0,0
2026-01-01T00:29:56Z,compressor_trip,NORMAL,8420.1,39.72,87.98,79.99,14.86,14.95,24.18,50.03,0,0,0,0,0
2026-01-01T00:29:57Z,compressor_trip,NORMAL,8412.6,40.11,89.89,79.6,14.91,14.99,24.1,50.01,0,0,0,0,0
2026-01-01T00:29:58Z,compressor_trip,NORMAL,8423.1,39.97,89.4,78.79,15.01,15.25,24.32,49.96,0,0,0,0,0
2026-01-01T00:29:59Z,compressor_trip,NORMAL,8398.8,39.8,89.72,78.69,15.01,15.0,24.23,49.99,0,0,0,0,0
2026-01-01T00:30:00Z,compressor_trip,NORMAL,8414.9,39.76,89.08,79.01,15.02,15.04,24.09,50.08,0,0,0,0,0
2026-01-01T00:30:01Z,compressor_trip,NORMAL,8420.1,40.36,88.5,78.67,14.88,14.78,24.07,49.98,0,0,0,0,0
2026-01-01T00:30:02Z,compressor_trip,NORMAL,8410.6,40.19,89.45,78.75,15.06,14.93,24.17,49.94,0,0,0,0,0
2026-01-01T00:30:03Z,compressor_trip,NORMAL,8410.8,40.01,88.41,78.74,15.17,15.13,24.19,50.1,0,0,0,0,0
2026-01-01T00:30:04Z,compressor_trip,NORMAL,8424.9,40.2,89.32,79.03,14.89,14.75,24.12,50.01,0,0,0,0,0
2026-01-01T00:30:05Z,compressor_trip,NORMAL,8422.2,39.86,89.44,79.26,15.09,14.95,24.32,50.0,0,0,0,0,0
2026-01-01T00:30:06Z,compressor_trip,NORMAL,8439.6,39.73,90.08,79.67,14.97,14.97,24.19,50.07,0,0,0,0,0
2026-01-01T00:30:07Z,compressor_trip,NORMAL,8423.4,39.53,89.17,79.62,14.99,15.06,24.2,49.92,0,0,0,0,0
2026-01-01T00:30:08Z,compressor_trip,NORMAL,8435.0,39.9,90.04,79.01,15.03,14.97,24.13,50.0,0,0,0,0,0
2026-01-01T00:30:09Z,compressor_trip,NORMAL,8425.1,40.0,88.77,77.95,15.0,14.87,24.29,50.07,0,0,0,0,0
2026-01-01T00:30:10Z,compressor_trip,NORMAL,8438.8,39.97,89.0,78.78,15.03,14.93,24.27,50.01,0,0,0,0,0
2026-01-01T00:30:11Z,compressor_trip,NORMAL,8429.7,39.88,89.12,79.23,14.87,15.04,24.37,50.02,0,0,0,0,0
2026-01-01T00:30:12Z,compressor_trip,NORMAL,8425.7,39.81,89.21,78.22,15.05,14.91,24.15,49.91,0,0,0,0,0
2026-01-01T00:30:13Z,compressor_trip,NORMAL,8433.2,40.16,89.24,79.19,15.09,15.17,24.19,50.01,0,0,0,0,0
2026-01-01T00:30:14Z,compressor_trip,NORMAL,8430.8,40.07,88.73,79.35,14.98,14.94,24.2,49.92,0,0,0,0,0
2026-01-01T00:30:15Z,compressor_trip,NORMAL,8438.5,39.84,89.74,78.69,15.13,14.97,24.19,50.05,0,0,0,0,0
2026-01-01T00:30:16Z,compressor_trip,NORMAL,8436.4,39.76,89.01,78.79,14.94,15.02,24.3,49.95,0,0,0,0,0
2026-01-01T00:30:17Z,compressor_trip,NORMAL,8425.3,40.25,90.01,78.69,15.03,14.94,24.2,50.08,0,0,0,0,0
2026-01-01T00:30:18Z,compressor_trip,NORMAL,8427.2,40.02,88.43,78.66,15.02,15.02,24.25,49.94,0,0,0,0,0
2026-01-01T00:30:19Z,compressor_trip,NORMAL,8440.2,39.8,88.65,79.54,14.96,14.82,24.32,50.01,0,0,0,0,0
2026-01-01T00:30:20Z,compressor_trip,NORMAL,8445.7,39.75,89.24,79.26,15.08,14.9,24.38,50.03,0,0,0,0,0
2026-01-01T00:30:21Z,compressor_trip,NORMAL,8444.2,40.12,89.56,79.32,14.82,14.94,24.39,50.02,0,0,0,0,0
2026-01-01T00:30:22Z,compressor_trip,NORMAL,8437.3,39.91,89.43,78.36,15.05,15.03,24.19,50.02,0,0,0,0,0
2026-01-01T00:30:23Z,compressor_trip,NORMAL,8432.4,39.94,89.28,78.56,14.87,14.71,24.28,50.01,0,0,0,0,0
2026-01-01T00:30:24Z,compressor_trip,NORMAL,8438.3,40.0,89.2,79.03,15.01,14.98,24.22,50.08,0,0,0,0,0
2026-01-01T00:30:25Z,compressor_trip,NORMAL,8441.4,39.75,89.54,79.29,15.04,14.99,24.33,49.94,0,0,0,0,0
2026-01-01T00:30:26Z,compressor_trip,NORMAL,8425.3,40.25,89.26,78.45,14.94,14.71,24.25,50.07,0,0,0,0,0
2026-01-01T00:30:27Z,compressor_trip,NORMAL,8441.5,39.77,89.17,79.54,15.07,15.11,24.4,50.06,0,0,0,0,0
2026-01-01T00:30:28Z,compressor_trip,NORMAL,8431.0,39.96,88.44,79.03,15.11,15.15,24.29,50.07,0,0,0,0,0
2026-01-01T00:30:29Z,compressor_trip,NORMAL,8449.2,40.05,89.81,79.29,15.13,15.02,24.4,50.0,0,0,0,0,0
2026-01-01T00:30:30Z,compressor_trip,NORMAL,8440.9,40.18,89.04,79.55,14.88,14.99,24.23,50.04,0,0,0,0,0
2026-01-01T00:30:31Z,compressor_trip,NORMAL,8441.9,40.11,89.27,79.52,14.94,15.13,24.21,50.07,0,0,0,0,0
2026-01-01T00:30:32Z,compressor_trip,NORMAL,8444.3,39.81,90.08,79.37,14.98,14.98,24.37,50.05,0,0,0,0,0
2026-01-01T00:30:33Z,compressor_trip,NORMAL,8450.9,39.8,88.68,78.58,15.14,15.01,24.2,49.91,0,0,0,0,0
2026-01-01T00:30:34Z,compressor_trip,NORMAL,8449.5,39.94,89.7,79.34,15.05,15.01,24.21,50.06,0,0,0,0,0
2026-01-01T00:30:35Z,compressor_trip,NORMAL,8453.7,40.18,89.29,79.18,14.95,14.95,24.4,49.98,0,0,0,0,0
2026-01-01T00:30:36Z,compressor_trip,NORMAL,8456.6,39.93,89.9,78.94,14.88,15.12,24.33,50.0,0,0,0,0,0
2026-01-01T00:30:37Z,compressor_trip,NORMAL,8445.7,40.12,90.07,79.51,14.94,14.94,24.44,50.06,0,0,0,0,0
2026-01-01T00:30:38Z,compressor_trip,NORMAL,8439.3,39.72,89.12,79.37,15.0,15.1,24.36,49.95,0,0,0,0,0
2026-01-01T00:30:39Z,compressor_trip,NORMAL,8446.1,39.76,89.47,79.63,15.01,14.96,24.52,49.93,0,0,0,0,0
2026-01-01T00:30:40Z,compressor_trip,NORMAL,8441.5,40.55,89.02,79.52,15.0,14.83,24.41,49.99,0,0,0,0,0
2026-01-01T00:30:41Z,compressor_trip,NORMAL,8443.8,40.08,89.19,78.82,14.97,14.92,24.61,49.97,0,0,0,0,0
2026-01-01T00:30:42Z,compressor_trip,NORMAL,8454.8,40.01,89.03,79.59,14.98,15.08,24.24,49.96,0,0,0,0,0
2026-01-01T00:30:43Z,compressor_trip,NORMAL,8429.1,39.99,89.52,78.44,14.91,15.09,24.35,50.0,0,0,0,0,0
2026-01-01T00:30:44Z,compressor_trip,NORMAL,8461.3,39.98,89.97,79.15,15.02,14.97,24.41,49.99,0,0,0,0,0
2026-01-01T00:30:45Z,compressor_trip,NORMAL,8451.9,39.94,89.65,78.96,15.06,14.97,24.44,49.95,0,0,0,0,0
2026-01-01T00:30:46Z,compressor_trip,NORMAL,8457.7,39.86,89.12,79.98,14.94,15.04,24.46,50.02,0,0,0,0,0
2026-01-01T00:30:47Z,compressor_trip,NORMAL,8466.2,40.15,88.66,79.13,15.03,14.88,24.39,49.98,0,0,0,0,0
2026-01-01T00:30:48Z,compressor_trip,NORMAL,8444.1,39.84,89.56,79.6,14.93,15.05,24.48,50.1,0,0,0,0,0
2026-01-01T00:30:49Z,compressor_trip,NORMAL,8466.6,39.75,90.54,78.98,14.91,14.92,24.46,49.96,0,0,0,0,0
2026-01-01T00:30:50Z,compressor_trip,NORMAL,8449.1,40.14,88.96,79.29,14.81,14.94,24.47,50.0,0,0,0,0,0
2026-01-01T00:30:51Z,compressor_trip,NORMAL,8465.9,40.34,89.6,79.29,15.14,15.11,24.5,50.02,0,0,0,0,0
2026-01-01T00:30:52Z,compressor_trip,NORMAL,8440.9,39.74,89.51,79.79,14.85,15.03,24.46,50.04,0,0,0,0,0
2026-01-01T00:30:53Z,compressor_trip,NORMAL,8465.4,39.99,89.42,78.8,15.14,15.0,24.5,50.05,0,0,0,0,0
2026-01-01T00:30:54Z,compressor_trip,NORMAL,8462.7,39.9,89.91,79.47,15.05,15.02,24.31,49.99,0,0,0,0,0
2026-01-01T00:30:55Z,compressor_trip,NORMAL,8459.4,40.24,89.59,79.82,14.81,15.03,24.35,49.96,0,0,0,0,0
2026-01-01T00:30:56Z,compressor_trip,NORMAL,8458.0,40.07,89.32,78.16,14.91,14.93,24.59,50.02,0,0,0,0,0
2026-01-01T00:30:57Z,compressor_trip,NORMAL,8458.8,40.18,90.51,79.98,14.93,14.81,24.47,50.06,0,0,0,0,0
2026-01-01T00:30:58Z,compressor_trip,NORMAL,8451.2,40.18,89.88,78.73,15.02,14.91,24.41,50.0,0,0,0,0,0
2026-01-01T00:30:59Z,compressor_trip,NORMAL,8449.7,40.14,90.29,79.58,15.04,15.04,24.52,49.99,0,0,0,0,0
2026-01-01T00:31:00Z,compressor_trip,NORMAL,8473.2,40.03,90.17,79.33,15.03,15.1,24.55,49.99,0,0,0,0,0
2026-01-01T00:31:01Z,compressor_trip,NORMAL,8469.4,39.97,89.89,79.83,14.93,15.15,24.58,50.02,0,0,0,0,0
2026-01-01T00:31:02Z,compressor_trip,NORMAL,8472.9,40.42,89.01,80.11,14.94,15.0,24.43,49.97,0,0,0,0,0
2026-01-01T00:31:03Z,compressor_trip,NORMAL,8475.7,39.83,88.59,78.98,14.79,14.8,24.58,49.96,0,0,0,0,0
2026-01-01T00:31:04Z,compressor_trip,NORMAL,8475.5,39.98,89.39,80.0,15.08,14.72,24.56,49.96,0,0,0,0,0
2026-01-01T00:31:05Z,compressor_trip,NORMAL,8473.2,40.4,90.31,78.98,14.9,14.98,24.59,50.07,0,0,0,0,0
2026-01-01T00:31:06Z,compressor_trip,NORMAL,8468.7,39.93,90.01,79.7,14.99,14.98,24.61,49.95,0,0,0,0,0
2026-01-01T00:31:07Z,compressor_trip,NORMAL,8486.7,39.99,90.01,79.58,14.79,14.9,24.54,49.95,0,0,0,0,0
2026-01-01T00:31:08Z,compressor_trip,NORMAL,8473.9,40.36,89.09,79.82,14.79,14.89,24.45,50.03,0,0,0,0,0
2026-01-01T00:31:09Z,compressor_trip,NORMAL,8482.6,39.62,89.13,78.65,14.89,14.87,24.58,49.92,0,0,0,0,0
2026-01-01T00:31:10Z,compressor_trip,NORMAL,8477.8,39.61,90.17,79.77,15.11,15.14,24.46,49.97,0,0,0,0,0
2026-01-01T00:31:11Z,compressor_trip,NORMAL,8472.3,39.95,89.29,79.29,15.03,14.79,24.43,49.96,0,0,0,0,0
2026-01-01T00:31:12Z,compressor_trip,NORMAL,8493.7,39.61,89.87,79.31,15.1,14.85,24.63,50.09,0,0,0,0,0
2026-01-01T00:31:13Z,compressor_trip,NORMAL,8481.1,39.79,88.52,78.98,15.13,15.05,24.73,50.01,0,0,0,0,0
2026-01-01T00:31:14Z,compressor_trip,NORMAL,8488.3,40.24,89.2,79.62,15.11,14.91,24.64,50.03,0,0,0,0,0
2026-01-01T00:31:15Z,compressor_trip,NORMAL,8451.3,39.76,89.8,80.17,14.93,15.13,24.74,49.96,0,0,0,0,0
2026-01-01T00:31:16Z,compressor_trip,NORMAL,8492.0,39.86,89.37,78.96,15.18,15.02,24.62,50.0,0,0,0,0,0
2026-01-01T00:31:17Z,compressor_trip,NORMAL,8477.5,40.17,89.0,78.3,15.11,14.93,24.61,50.0,0,0,0,0,0
2026-01-01T00:31:18Z,compressor_trip,NORMAL,8490.1,39.67,89.04,79.99,14.95,14.98,24.61,49.98,0,0,0,0,0
2026-01-01T00:31:19Z,compressor_trip,NORMAL,8472.8,39.92,89.36,80.11,15.06,14.97,24.48,49.97,0,0,0,0,0
2026-01-01T00:31:20Z,compressor_trip,NORMAL,8501.5,40.22,90.39,78.96,15.03,14.92,24.53,50.1,0,0,0,0,0
2026-01-01T00:31:21Z,compressor_trip,NORMAL,8501.2,40.26,89.86,79.05,15.08,15.11,24.68,49.9,0,0,0,0,0
2026-01-01T00:31:22Z,compressor_trip,NORMAL,8485.2,40.42,90.36,78.8,15.09,15.14,24.81,50.0,0,0,0,0,0
2026-01-01T00:31:23Z,compressor_trip,NORMAL,8475.7,39.98,90.21,79.29,15.05,15.0,24.77,49.99,0,0,0,0,0
2026-01-01T00:31:24Z,compressor_trip,NORMAL,8491.4,40.08,90.04,80.22,15.08,14.83,24.91,50.02,0,0,0,0,0
2026-01-01T00:31:25Z,compressor_trip,NORMAL,8488.7,40.05,89.69,79.42,14.97,14.97,24.68,49.98,0,0,0,0,0
2026-01-01T00:31:26Z,compressor_trip,NORMAL,8486.9,40.07,89.6,79.35,14.91,14.95,24.64,50.01,0,0,0,0,0
2026-01-01T00:31:27Z,compressor_trip,NORMAL,8492.2,39.86,89.82,79.69,14.89,15.0,24.68,50.03,0,0,0,0,0
2026-01-01T00:31:28Z,compressor_trip,NORMAL,8491.7,39.79,90.17,80.0,15.1,14.89,24.63,49.97,0,0,0,0,0
2026-01-01T00:31:29Z,compressor_trip,NORMAL,8491.0,39.97,90.41,79.04,15.1,14.8,24.96,49.93,0,0,0,0,0
2026-01-01T00:31:30Z,compressor_trip,NORMAL,8474.8,39.81,90.66,79.98,15.23,15.03,24.68,49.97,0,0,0,0,0
2026-01-01T00:31:31Z,compressor_trip,NORMAL,8503.6,39.98,89.67,79.7,15.16,15.17,24.58,50.09,0,0,0,0,0
2026-01-01T00:31:32Z,compressor_trip,NORMAL,8504.6,40.43,89.43,79.97,15.1,14.95,24.82,50.16,0,0,0,0,0
2026-01-01T00:31:33Z,compressor_trip,NORMAL,8511.7,39.83,90.16,79.8,14.95,15.05,24.57,50.04,0,0,0,0,0
2026-01-01T00:31:34Z,compressor_trip,NORMAL,8508.7,39.98,89.29,79.79,15.1,14.99,24.78,50.05,0,0,0,0,0
2026-01-01T00:31:35Z,compressor_trip,NORMAL,8510.8,39.84,89.68,80.3,14.99,14.94,24.72,49.99,0,0,0,0,0
2026-01-01T00:31:36Z,compressor_trip,NORMAL,8507.5,39.87,90.82,79.93,14.93,15.03,24.86,50.02,0,0,0,0,0
2026-01-01T00:31:37Z,compressor_trip,NORMAL,8495.2,39.66,89.44,80.06,15.19,14.9,24.75,49.94,0,0,0,0,0
2026-01-01T00:31:38Z,compressor_trip,NORMAL,8481.9,39.96,90.79,80.14,14.87,14.84,24.87,49.96,0,0,0,0,0
2026-01-01T00:31:39Z,compressor_trip,NORMAL,8507.2,39.92,90.17,80.28,15.06,14.99,24.62,49.98,0,0,0,0,0
2026-01-01T00:31:40Z,compressor_trip,NORMAL,8489.9,40.02,89.68,79.5,14.83,15.08,24.87,49.96,0,0,0,0,0
2026-01-01T00:31:41Z,compressor_trip,NORMAL,8520.9,39.73,90.31,80.41,14.99,15.02,24.81,50.08,0,0,0,0,0
2026-01-01T00:31:42Z,compressor_trip,NORMAL,8510.1,39.99,90.14,79.09,14.98,14.9,24.66,49.85,0,0,0,0,0
2026-01-01T00:31:43Z,compressor_trip,NORMAL,8494.2,40.09,89.04,80.43,15.01,15.1,24.81,49.97,0,0,0,0,0
2026-01-01T00:31:44Z,compressor_trip,NORMAL,8512.5,39.82,90.64,79.77,15.17,15.1,24.87,50.06,0,0,0,0,0
2026-01-01T00:31:45Z,compressor_trip,NORMAL,8508.2,40.1,90.77,79.74,14.99,14.99,24.66,50.13,0,0,0,0,0
2026-01-01T00:31:46Z,compressor_trip,NORMAL,8526.1,39.88,89.8,79.94,15.13,15.06,24.86,49.99,0,0,0,0,0
2026-01-01T00:31:47Z,compressor_trip,NORMAL,8504.9,39.92,89.6,80.12,14.98,14.98,24.68,49.95,0,0,0,0,0
2026-01-01T00:31:48Z,compressor_trip,NORMAL,8512.7,40.21,89.73,79.54,14.98,14.99,24.95,50.09,0,0,0,0,0
2026-01-01T00:31:49Z,compressor_trip,NORMAL,8523.7,40.04,90.73,79.96,14.98,14.85,24.58,49.96,0,0,0,0,0
2026-01-01T00:31:50Z,compressor_trip,NORMAL,8503.4,39.82,89.66,79.8,15.14,15.15,24.76,50.07,0,0,0,0,0
2026-01-01T00:31:51Z,compressor_trip,NORMAL,8502.9,39.98,89.84,79.51,14.88,15.04,24.68,50.02,0,0,0,0,0
2026-01-01T00:31:52Z,compressor_trip,NORMAL,8531.1,39.84,89.66,80.01,15.09,15.19,24.78,50.03,0,0,0,0,0
2026-01-01T00:31:53Z,compressor_trip,NORMAL,8524.6,40.32,90.04,79.76,14.94,14.95,24.91,49.87,0,0,0,0,0
2026-01-01T00:31:54Z,compressor_trip,NORMAL,8532.8,40.11,90.69,79.77,14.9,14.98,24.95,50.06,0,0,0,0,0
2026-01-01T00:31:55Z,compressor_trip,NORMAL,8531.1,39.88,90.07,79.59,15.04,14.92,24.77,49.97,0,0,0,0,0
2026-01-01T00:31:56Z,compressor_trip,NORMAL,8521.8,39.65,89.4,79.73,15.14,15.0,24.81,49.92,0,0,0,0,0
2026-01-01T00:31:57Z,compressor_trip,NORMAL,8512.3,40.23,90.69,79.4,15.11,14.88,24.77,50.05,0,0,0,0,0
2026-01-01T00:31:58Z,compressor_trip,NORMAL,8518.3,40.19,90.88,80.08,15.11,15.19,24.97,50.07,0,0,0,0,0
2026-01-01T00:31:59Z,compressor_trip,NORMAL,8529.4,39.87,90.42,80.47,14.9,15.02,25.02,50.07,0,0,0,0,0
2026-01-01T00:32:00Z,compressor_trip,NORMAL,8520.8,39.92,90.2,81.15,14.93,14.85,25.01,49.93,0,0,0,0,0
2026-01-01T00:32:01Z,compressor_trip,NORMAL,8530.1,39.88,90.77,79.71,15.11,14.92,25.0,50.03,0,0,0,0,0
2026-01-01T00:32:02Z,compressor_trip,NORMAL,8526.6,40.3,90.48,79.78,15.01,14.84,24.98,49.99,0,0,0,0,0
2026-01-01T00:32:03Z,compressor_trip,NORMAL,8537.9,39.93,90.51,79.89,15.07,14.98,24.9,49.96,0,0,0,0,0
2026-01-01T00:32:04Z,compressor_trip,NORMAL,8517.6,39.81,91.01,80.56,15.04,14.98,24.91,49.95,0,0,0,0,0
2026-01-01T00:32:05Z,compressor_trip,NORMAL,8544.7,40.05,88.99,79.83,15.12,14.96,25.03,50.0,0,0,0,0,0
2026-01-01T00:32:06Z,compressor_trip,NORMAL,8516.3,40.02,90.4,79.67,15.05,15.13,25.06,50.05,0,0,0,0,0
2026-01-01T00:32:07Z,compressor_trip,NORMAL,8519.3,39.98,90.47,79.89,14.89,15.01,25.07,50.02,0,0,0,0,0
2026-01-01T00:32:08Z,compressor_trip,NORMAL,8529.6,39.75,90.24,80.14,15.04,14.94,24.93,50.04,0,0,0,0,0
2026-01-01T00:32:09Z,compressor_trip,NORMAL,8525.7,40.05,90.16,80.23,14.99,14.91,25.11,49.94,0,0,0,0,0
2026-01-01T00:32:10Z,compressor_trip,NORMAL,8516.0,40.06,89.92,79.97,14.83,15.09,25.22,50.04,0,0,0,0,0
2026-01-01T00:32:11Z,compressor_trip,NORMAL,8534.2,40.39,90.06,79.36,15.19,15.16,24.99,49.99,0,0,0,0,0
2026-01-01T00:32:12Z,compressor_trip,NORMAL,8530.3,40.18,89.39,79.24,15.1,15.09,24.96,50.0,0,0,0,0,0
2026-01-01T00:32:13Z,compressor_trip,NORMAL,8537.3,39.89,89.92,80.11,15.13,15.14,24.8,49.98,0,0,0,0,0
2026-01-01T00:32:14Z,compressor_trip,NORMAL,8535.4,40.1,90.61,80.41,15.07,14.83,24.97,50.01,0,0,0,0,0
2026-01-01T00:32:15Z,compressor_trip,NORMAL,8532.0,40.31,89.45,80.04,14.9,15.03,24.99,50.03,0,0,0,0,0
2026-01-01T00:32:16Z,compressor_trip,NORMAL,8531.6,40.01,89.91,80.79,14.94,14.89,24.95,50.06,0,0,0,0,0
2026-01-01T00:32:17Z,compressor_trip,NORMAL,8559.0,39.92,90.03,80.82,14.95,14.96,25.2,50.09,0,0,0,0,0
2026-01-01T00:32:18Z,compressor_trip,NORMAL,8564.6,39.72,90.56,79.62,14.97,15.05,25.15,49.92,0,0,0,0,0
2026-01-01T00:32:19Z,compressor_trip,NORMAL,8560.7,40.1,90.12,80.38,14.96,14.94,25.09,49.99,0,0,0,0,0
2026-01-01T00:32:20Z,compressor_trip,NORMAL,8559.1,39.71,90.8,79.33,15.03,14.97,25.13,50.0,0,0,0,0,0
2026-01-01T00:32:21Z,compressor_trip,NORMAL,8551.8,40.03,89.96,79.67,15.02,15.04,24.99,50.09,0,0,0,0,0
2026-01-01T00:32:22Z,compressor_trip,NORMAL,8536.3,39.97,89.0,79.31,14.88,15.01,25.24,49.88,0,0,0,0,0
2026-01-01T00:32:23Z,compressor_trip,NORMAL,8548.8,40.22,90.06,79.75,15.14,14.96,25.07,50.0,0,0,0,0,0
2026-01-01T00:32:24Z,compressor_trip,NORMAL,8539.8,40.18,90.4,79.87,14.95,15.05,25.19,49.98,0,0,0,0,0
2026-01-01T00:32:25Z,compressor_trip,NORMAL,8550.8,39.88,89.54,79.93,14.99,14.94,25.14,50.01,0,0,0,0,0
2026-01-01T00:32:26Z,compressor_trip,NORMAL,8561.5,40.3,90.86,80.21,15.08,15.05,25.13,50.0,0,0,0,0,0
2026-01-01T00:32:27Z,compressor_trip,NORMAL,8550.6,40.16,90.87,80.87,14.98,15.01,25.15,50.05,0,0,0,0,0
2026-01-01T00:32:28Z,compressor_trip,NORMAL,8547.0,39.99,89.61,80.45,15.09,14.93,25.02,50.07,0,0,0,0,0
2026-01-01T00:32:29Z,compressor_trip,NORMAL,8542.9,40.21,89.98,80.27,15.16,14.82,25.04,50.06,0,0,0,0,0
2026-01-01T00:32:30Z,compressor_trip,NORMAL,8535.7,39.98,90.21,79.75,15.1,14.93,25.1,49.95,0,0,0,0,0
2026-01-01T00:32:31Z,compressor_trip,NORMAL,8547.8,39.96,90.25,80.33,14.96,15.01,25.09,49.97,0,0,0,0,0
2026-01-01T00:32:32Z,compressor_trip,NORMAL,8558.4,39.69,91.15,79.92,15.25,14.95,25.2,49.98,0,0,0,0,0
2026-01-01T00:32:33Z,compressor_trip,NORMAL,8561.6,40.23,89.87,79.98,14.99,14.79,25.28,49.98,0,0,0,0,0
2026-01-01T00:32:34Z,compressor_trip,NORMAL,8560.7,39.72,89.9,79.9,15.01,15.13,25.14,50.03,0,0,0,0,0
2026-01-01T00:32:35Z,compressor_trip,NORMAL,8548.2,39.74,90.54,80.93,15.05,14.96,25.06,49.99,0,0,0,0,0
2026-01-01T00:32:36Z,compressor_trip,NORMAL,8547.8,40.11,90.03,79.64,15.05,14.95,25.18,49.96,0,0,0,0,0
2026-01-01T00:32:37Z,compressor_trip,NORMAL,8570.9,39.91,90.51,80.68,15.06,14.84,25.03,49.95,0,0,0,0,0
2026-01-01T00:32:38Z,compressor_trip,NORMAL,8564.1,40.2,91.0,79.42,14.94,15.02,25.18,50.02,0,0,0,0,0
2026-01-01T00:32:39Z,compressor_trip,NORMAL,8567.4,40.05,91.02,79.99,14.88,14.98,25.26,50.04,0,0,0,0,0
2026-01-01T00:32:40Z,compressor_trip,NORMAL,8568.1,39.89,90.01,80.02,15.06,14.96,25.28,50.07,0,0,0,0,0
2026-01-01T00:32:41Z,compressor_trip,NORMAL,8562.0,39.91,90.71,79.85,15.05,14.81,25.12,49.99,0,0,0,0,0
2026-01-01T00:32:42Z,compressor_trip,NORMAL,8568.5,39.89,89.94,80.12,15.19,14.92,25.07,49.99,0,0,0,0,0
2026-01-01T00:32:43Z,compressor_trip,NORMAL,8555.0,39.92,90.79,81.15,14.97,14.91,25.13,50.0,0,0,0,0,0
2026-01-01T00:32:44Z,compressor_trip,NORMAL,8557.7,39.85,91.49,80.72,15.0,14.65,25.21,49.97,0,0,0,0,0
2026-01-01T00:32:45Z,compressor_trip,NORMAL,8563.5,40.17,91.25,80.04,15.08,14.82,25.16,49.99,0,0,0,0,0
2026-01-01T00:32:46Z,compressor_trip,NORMAL,8583.1,40.15,90.8,80.68,14.97,14.79,25.23,49.99,0,0,0,0,0
2026-01-01T00:32:47Z,compressor_trip,NORMAL,8574.2,40.21,90.78,79.6,14.92,14.95,25.3,50.01,0,0,0,0,0
2026-01-01T00:32:48Z,compressor_trip,NORMAL,8552.8,40.04,90.6,80.08,14.95,14.96,25.33,50.0,0,0,0,0,0
2026-01-01T00:32:49Z,compressor_trip,NORMAL,8561.2,40.03,90.46,80.29,15.05,14.99,25.29,50.01,0,0,0,0,0
2026-01-01T00:32:50Z,compressor_trip,NORMAL,8572.6,40.11,91.21,80.94,14.97,14.89,25.1,50.02,0,0,0,0,0
2026-01-01T00:32:51Z,compressor_trip,NORMAL,8582.2,40.09,90.66,80.21,15.08,15.07,25.29,50.02,0,0,0,0,0
2026-01-01T00:32:52Z,compressor_trip,NORMAL,8581.7,40.22,89.91,80.7,14.88,14.81,25.27,49.88,0,0,0,0,0
2026-01-01T00:32:53Z,compressor_trip,NORMAL,8575.3,40.26,90.66,80.31,14.9,14.95,25.19,50.05,0,0,0,0,0
2026-01-01T00:32:54Z,compressor_trip,NORMAL,8565.6,39.81,91.34,79.82,15.01,14.95,25.27,49.96,0,0,0,0,0
2026-01-01T00:32:55Z,compressor_trip,NORMAL,8578.8,40.1,90.88,79.73,14.96,14.96,25.27,50.01,0,0,0,0,0
2026-01-01T00:32:56Z,compressor_trip,NORMAL,8558.4,39.51,90.94,80.81,15.13,15.14,25.15,49.96,0,0,0,0,0
2026-01-01T00:32:57Z,compressor_trip,NORMAL,8556.0,40.39,90.54,79.54,15.15,15.07,25.18,49.93,0,0,0,0,0
2026-01-01T00:32:58Z,compressor_trip,NORMAL,8577.4,40.29,90.5,80.34,14.96,14.89,25.34,50.0,0,0,0,0,0
2026-01-01T00:32:59Z,compressor_trip,NORMAL,8579.8,39.98,90.64,81.02,14.94,15.07,25.24,50.03,0,0,0,0,0
2026-01-01T00:33:00Z,compressor_trip,NORMAL,8581.6,39.94,91.91,80.71,15.13,14.89,25.6,50.02,0,0,0,0,0
2026-01-01T00:33:01Z,compressor_trip,NORMAL,8585.6,39.91,90.55,80.75,15.01,15.12,25.44,50.03,0,0,0,0,0
2026-01-01T00:33:02Z,compressor_trip,NORMAL,8591.5,40.12,91.26,80.41,15.01,14.98,25.32,50.03,0,0,0,0,0
2026-01-01T00:33:03Z,compressor_trip,NORMAL,8574.6,40.28,91.13,80.27,14.99,15.2,25.4,49.93,0,0,0,0,0
2026-01-01T00:33:04Z,compressor_trip,NORMAL,8573.6,39.89,90.66,80.15,15.0,15.05,25.17,49.93,0,0,0,0,0
2026-01-01T00:33:05Z,compressor_trip,NORMAL,8568.9,40.13,91.38,80.19,14.86,15.16,25.32,50.02,0,0,0,0,0
2026-01-01T00:33:06Z,compressor_trip,NORMAL,8565.2,40.11,91.26,80.56,14.95,15.03,25.35,50.06,0,0,0,0,0
2026-01-01T00:33:07Z,compressor_trip,NORMAL,8594.8,40.24,90.78,81.11,15.1,15.08,25.37,49.91,0,0,0,0,0
2026-01-01T00:33:08Z,compressor_trip,NORMAL,8577.6,39.99,91.87,80.76,15.03,14.88,25.44,50.03,0,0,0,0,0
2026-01-01T00:33:09Z,compressor_trip,NORMAL,8581.4,39.91,91.11,81.1,14.88,14.97,25.42,49.93,0,0,0,0,0
2026-01-01T00:33:10Z,compressor_trip,NORMAL,8576.2,40.04,91.59,80.75,15.15,14.97,25.31,50.01,0,0,0,0,0
2026-01-01T00:33:11Z,compressor_trip,NORMAL,8592.8,40.06,90.82,81.16,15.01,15.04,25.57,50.03,0,0,0,0,0
2026-01-01T00:33:12Z,compressor_trip,NORMAL,8574.8,40.19,90.75,81.03,15.02,14.94,25.38,49.99,0,0,0,0,0
2026-01-01T00:33:13Z,compressor_trip,NORMAL,8577.5,39.95,90.22,80.5,14.94,15.08,25.32,50.02,0,0,0,0,0
2026-01-01T00:33:14Z,compressor_trip,NORMAL,8588.8,40.02,91.16,80.64,14.9,14.82,25.43,50.05,0,0,0,0,0
2026-01-01T00:33:15Z,compressor_trip,NORMAL,8594.2,39.6,90.48,80.78,14.91,15.04,25.42,49.98,0,0,0,0,0
2026-01-01T00:33:16Z,compressor_trip,NORMAL,8574.4,39.88,91.22,79.97,14.97,15.0,25.51,49.99,0,0,0,0,0
2026-01-01T00:33:17Z,compressor_trip,NORMAL,8577.7,40.08,90.53,81.24,15.01,14.82,25.54,50.02,0,0,0,0,0
2026-01-01T00:33:18Z,compressor_trip,NORMAL,8583.3,39.91,90.85,80.76,14.93,14.89,25.19,49.97,0,0,0,0,0
2026-01-01T00:33:19Z,compressor_trip,NORMAL,8600.8,40.13,90.91,79.68,14.95,14.94,25.5,50.0,0,0,0,0,0
2026-01-01T00:33:20Z,compressor_trip,NORMAL,8590.6,40.0,90.9,80.53,14.91,14.92,25.46,49.96,0,0,0,0,0
2026-01-01T00:33:21Z,compressor_trip,NORMAL,8596.3,39.67,91.32,80.47,14.76,14.81,25.35,49.94,0,0,0,0,0
2026-01-01T00:33:22Z,compressor_trip,NORMAL,8592.1,40.25,90.51,79.85,14.91,15.09,25.42,50.05,0,0,0,0,0
2026-01-01T00:33:23Z,compressor_trip,NORMAL,8584.9,40.06,90.97,81.1,15.11,15.03,25.45,50.04,0,0,0,0,0
2026-01-01T00:33:24Z,compressor_trip,NORMAL,8592.8,40.16,91.22,81.45,15.15,14.97,25.35,49.96,0,0,0,0,0
2026-01-01T00:33:25Z,compressor_trip,NORMAL,8617.3,39.65,90.81,80.74,14.95,14.79,25.52,50.05,0,0,0,0,0
2026-01-01T00:33:26Z,compressor_trip,NORMAL,8604.3,39.98,91.45,80.81,14.82,14.98,25.41,49.99,0,0,0,0,0
2026-01-01T00:33:27Z,compressor_trip,NORMAL,8592.9,40.04,91.31,81.35,15.18,15.03,25.45,49.98,0,0,0,0,0
2026-01-01T00:33:28Z,compressor_trip,NORMAL,8611.8,39.8,91.75,80.42,15.01,15.15,25.49,49.93,0,0,0,0,0
2026-01-01T00:33:29Z,compressor_trip,NORMAL,8573.7,39.77,91.02,80.21,15.03,15.04,25.74,49.98,0,0,0,0,0
2026-01-01T00:33:30Z,compressor_trip,NORMAL,8589.8,39.75,90.01,79.83,15.11,14.95,25.58,49.91,0,0,0,0,0
2026-01-01T00:33:31Z,compressor_trip,NORMAL,8614.2,39.92,91.26,80.49,15.11,15.13,25.31,50.03,0,0,0,0,0
2026-01-01T00:33:32Z,compressor_trip,NORMAL,8584.7,40.19,91.51,80.48,14.89,15.04,25.5,50.0,0,0,0,0,0
2026-01-01T00:33:33Z,compressor_trip,NORMAL,8601.0,40.32,90.93,80.92,14.89,15.02,25.68,50.05,0,0,0,0,0
2026-01-01T00:33:34Z,compressor_trip,NORMAL,8598.2,39.84,91.52,81.12,15.12,15.08,25.57,50.01,0,0,0,0,0
2026-01-01T00:33:35Z,compressor_trip,NORMAL,8604.8,39.81,90.2,80.31,14.92,14.94,25.58,49.98,0,0,0,0,0
2026-01-01T00:33:36Z,compressor_trip,NORMAL,8592.0,39.8,91.65,80.53,15.09,14.88,25.56,50.0,0,0,0,0,0
2026-01-01T00:33:37Z,compressor_trip,NORMAL,8584.2,40.25,90.91,81.68,15.03,14.9,25.52,50.01,0,0,0,0,0
2026-01-01T00:33:38Z,compressor_trip,NORMAL,8605.8,39.83,91.14,81.17,15.12,14.91,25.46,49.98,0,0,0,0,0
2026-01-01T00:33:39Z,compressor_trip,NORMAL,8591.1,40.07,91.56,80.53,15.09,14.89,25.51,49.98,0,0,0,0,0
2026-01-01T00:33:40Z,compressor_trip,NORMAL,8581.6,39.68,91.66,80.47,14.97,15.13,25.5,50.03,0,0,0,0,0
2026-01-01T00:33:41Z,compressor_trip,NORMAL,8593.8,40.27,91.51,80.91,14.99,15.03,25.7,50.0,0,0,0,0,0
2026-01-01T00:33:42Z,compressor_trip,NORMAL,8599.8,40.07,91.44,80.77,15.01,14.81,25.47,50.03,0,0,0,0,0
2026-01-01T00:33:43Z,compressor_trip,NORMAL,8604.0,40.17,90.19,80.44,15.02,15.12,25.46,49.99,0,0,0,0,0
2026-01-01T00:33:44Z,compressor_trip,NORMAL,8580.4,39.73,91.23,81.13,14.7,15.04,25.59,49.95,0,0,0,0,0
2026-01-01T00:33:45Z,compressor_trip,NORMAL,8586.9,39.9,90.86,80.72,14.98,15.07,25.66,49.94,0,0,0,0,0
2026-01-01T00:33:46Z,compressor_trip,NORMAL,8597.1,39.68,90.46,81.5,14.85,14.89,25.8,50.0,0,0,0,0,0
2026-01-01T00:33:47Z,compressor_trip,NORMAL,8595.6,39.91,91.17,81.63,15.07,14.94,25.63,50.0,0,0,0,0,0
2026-01-01T00:33:48Z,compressor_trip,NORMAL,8596.6,40.25,91.37,81.11,15.01,14.98,25.72,50.09,0,0,0,0,0
2026-01-01T00:33:49Z,compressor_trip,NORMAL,8595.6,40.17,91.16,81.07,15.07,15.05,25.68,50.01,0,0,0,0,0
2026-01-01T00:33:50Z,compressor_trip,NORMAL,8596.8,40.05,90.54,80.66,15.15,15.06,25.4,50.01,0,0,0,0,0
2026-01-01T00:33:51Z,compressor_trip,NORMAL,8597.3,39.66,91.28,81.15,14.84,14.96,25.54,49.95,0,0,0,0,0
2026-01-01T00:33:52Z,compressor_trip,NORMAL,8613.3,39.91,91.38,80.47,14.96,14.99,25.71,50.02,0,0,0,0,0
2026-01-01T00:33:53Z,compressor_trip,NORMAL,8565.4,39.93,91.23,79.96,14.84,14.84,25.47,49.91,0,0,0,0,0
2026-01-01T00:33:54Z,compressor_trip,NORMAL,8584.8,39.92,90.14,80.68,15.0,15.27,25.54,50.04,0,0,0,0,0
2026-01-01T00:33:55Z,compressor_trip,NORMAL,8576.8,40.17,90.7,81.19,15.03,14.97,25.61,50.03,0,0,0,0,0
2026-01-01T00:33:56Z,compressor_trip,NORMAL,8592.7,40.27,91.55,81.34,14.97,14.85,25.8,50.03,0,0,0,0,0
2026-01-01T00:33:57Z,compressor_trip,NORMAL,8589.2,40.03,90.86,80.44,14.97,14.91,25.7,50.01,0,0,0,0,0
2026-01-01T00:33:58Z,compressor_trip,NORMAL,8597.2,39.93,91.33,80.37,15.02,14.82,25.7,50.04,0,0,0,0,0
2026-01-01T00:33:59Z,compressor_trip,NORMAL,8585.5,40.17,91.45,81.34,14.99,15.1,25.79,50.02,0,0,0,0,0
2026-01-01T00:34:00Z,compressor_trip,NORMAL,8611.7,40.08,90.78,80.58,15.08,15.09,25.63,49.98,0,0,0,0,0
2026-01-01T00:34:01Z,compressor_trip,NORMAL,8596.4,40.19,90.32,81.63,15.04,14.84,25.59,49.98,0,0,0,0,0
2026-01-01T00:34:02Z,compressor_trip,NORMAL,8595.9,40.0,91.13,80.55,15.18,15.02,25.66,50.05,0,0,0,0,0
2026-01-01T00:34:03Z,compressor_trip,NORMAL,8588.2,40.25,90.47,81.82,14.84,14.92,25.67,50.04,0,0,0,0,0
2026-01-01T00:34:04Z,compressor_trip,NORMAL,8602.5,40.34,91.08,80.82,15.13,15.14,25.59,50.07,0,0,0,0,0
2026-01-01T00:34:05Z,compressor_trip,NORMAL,8611.8,39.75,91.23,80.69,14.86,15.08,25.81,50.02,0,0,0,0,0
2026-01-01T00:34:06Z,compressor_trip,NORMAL,8592.5,40.24,91.06,81.11,14.95,14.86,25.76,50.03,0,0,0,0,0
2026-01-01T00:34:07Z,compressor_trip,NORMAL,8603.3,40.15,91.91,80.74,14.81,15.09,25.69,49.95,0,0,0,0,0
2026-01-01T00:34:08Z,compressor_trip,NORMAL,8585.7,40.2,90.67,80.63,15.05,15.04,25.72,49.98,0,0,0,0,0
2026-01-01T00:34:09Z,compressor_trip,NORMAL,8580.9,40.38,89.79,80.93,14.88,14.97,25.71,50.01,0,0,0,0,0
2026-01-01T00:34:10Z,compressor_trip,NORMAL,8601.4,39.44,91.61,81.01,14.9,14.99,25.67,49.85,0,0,0,0,0
2026-01-01T00:34:11Z,compressor_trip,NORMAL,8613.7,40.29,91.36,81.56,15.1,14.96,25.76,49.99,0,0,0,0,0
2026-01-01T00:34:12Z,compressor_trip,NORMAL,8603.0,39.79,91.56,80.95,15.0,15.06,25.77,49.98,0,0,0,0,0
2026-01-01T00:34:13Z,compressor_trip,NORMAL,8596.8,39.55,91.63,81.17,15.02,15.17,25.69,50.0,0,0,0,0,0
2026-01-01T00:34:14Z,compressor_trip,NORMAL,8592.0,40.22,90.42,81.52,15.12,15.04,25.91,49.99,0,0,0,0,0
2026-01-01T00:34:15Z,compressor_trip,NORMAL,8594.2,40.12,90.62,80.94,15.09,15.09,25.78,49.94,0,0,0,0,0
2026-01-01T00:34:16Z,compressor_trip,NORMAL,8606.3,39.87,91.07,79.75,15.14,15.04,25.71,50.02,0,0,0,0,0
2026-01-01T00:34:17Z,compressor_trip,NORMAL,8589.6,40.22,90.9,81.22,15.07,15.19,25.97,50.08,0,0,0,0,0
2026-01-01T00:34:18Z,compressor_trip,NORMAL,8608.3,40.26,90.24,81.26,14.88,14.89,25.95,49.99,0,0,0,0,0
2026-01-01T00:34:19Z,compressor_trip,NORMAL,8585.9,39.75,91.51,81.26,15.03,14.83,25.81,50.04,0,0,0,0,0
2026-01-01T00:34:20Z,compressor_trip,NORMAL,8588.8,39.74,90.92,81.0,15.09,14.91,25.76,50.02,0,0,0,0,0
2026-01-01T00:34:21Z,compressor_trip,NORMAL,8609.2,40.1,90.89,80.28,15.18,15.07,25.74,49.97,0,0,0,0,0
2026-01-01T00:34:22Z,compressor_trip,NORMAL,8599.0,40.06,90.71,81.62,15.13,15.03,25.84,49.97,0,0,0,0,0
2026-01-01T00:34:23Z,compressor_trip,NORMAL,8596.6,39.77,91.48,81.55,15.02,15.19,25.84,49.99,0,0,0,0,0
2026-01-01T00:34:24Z,compressor_trip,NORMAL,8611.2,39.69,91.24,80.2,14.84,14.99,25.74,50.03,0,0,0,0,0
2026-01-01T00:34:25Z,compressor_trip,NORMAL,8593.6,40.42,91.3,80.62,15.04,15.07,26.05,49.94,0,0,0,0,0
2026-01-01T00:34:26Z,compressor_trip,NORMAL,8597.7,40.21,91.21,80.7,14.91,14.98,25.97,50.03,0,0,0,0,0
2026-01-01T00:34:27Z,compressor_trip,NORMAL,8601.5,40.31,90.96,80.97,14.93,14.85,25.9,49.93,0,0,0,0,0
2026-01-01T00:34:28Z,compressor_trip,NORMAL,8598.9,40.27,91.38,81.45,14.85,15.0,25.97,49.94,0,0,0,0,0
2026-01-01T00:34:29Z,compressor_trip,NORMAL,8602.3,39.76,90.45,81.31,14.94,14.99,25.98,49.95,0,0,0,0,0
2026-01-01T00:34:30Z,compressor_trip,NORMAL,8627.1,40.24,90.78,81.61,15.08,15.08,25.85,50.05,0,0,0,0,0
2026-01-01T00:34:31Z,compressor_trip,NORMAL,8603.9,40.15,91.25,81.06,14.98,14.87,25.87,49.95,0,0,0,0,0
2026-01-01T00:34:32Z,compressor_trip,NORMAL,8597.2,40.16,91.82,80.48,14.92,14.89,25.92,50.03,0,0,0,0,0
2026-01-01T00:34:33Z,compressor_trip,NORMAL,8592.9,39.96,92.48,80.79,14.94,14.9,25.74,50.06,0,0,0,0,0
2026-01-01T00:34:34Z,compressor_trip,NORMAL,8609.1,39.91,91.64,80.95,14.97,15.0,25.69,49.95,0,0,0,0,0
2026-01-01T00:34:35Z,compressor_trip,NORMAL,8599.2,40.09,91.07,80.94,15.03,15.21,26.05,50.01,0,0,0,0,0
2026-01-01T00:34:36Z,compressor_trip,NORMAL,8588.4,40.14,91.86,81.74,14.86,14.99,25.84,49.94,0,0,0,0,0
2026-01-01T00:34:37Z,compressor_trip,NORMAL,8599.9,39.78,90.98,81.07,15.07,15.04,25.78,50.06,0,0,0,0,0
2026-01-01T00:34:38Z,compressor_trip,NORMAL,8590.6,40.43,91.09,81.65,15.13,14.94,25.89,49.98,0,0,0,0,0
2026-01-01T00:34:39Z,compressor_trip,NORMAL,8592.6,40.0,90.51,81.07,15.0,14.8,25.88,49.97,0,0,0,0,0
2026-01-01T00:34:40Z,compressor_trip,NORMAL,8588.1,40.37,90.23,80.52,15.01,14.97,25.98,50.08,0,0,0,0,0
2026-01-01T00:34:41Z,compressor_trip,NORMAL,8614.0,40.04,90.76,81.2,14.87,15.13,26.16,49.96,0,0,0,0,0
2026-01-01T00:34:42Z,compressor_trip,NORMAL,8585.7,39.89,91.11,81.06,14.96,14.9,26.08,49.99,0,0,0,0,0
2026-01-01T00:34:43Z,compressor_trip,NORMAL,8590.6,40.04,91.74,81.08,15.07,14.96,25.98,50.01,0,0,0,0,0
2026-01-01T00:34:44Z,compressor_trip,NORMAL,8611.2,39.47,91.08,81.42,15.04,14.88,26.06,50.04,0,0,0,0,0
2026-01-01T00:34:45Z,compressor_trip,NORMAL,8605.7,39.87,91.1,80.46,14.98,15.0,25.98,49.92,0,0,0,0,0
2026-01-01T00:34:46Z,compressor_trip,NORMAL,8582.1,40.11,90.94,81.28,14.87,14.97,25.92,49.98,0,0,0,0,0
2026-01-01T00:34:47Z,compressor_trip,NORMAL,8579.5,39.78,90.4,80.91,14.89,14.96,25.93,49.98,0,0,0,0,0
2026-01-01T00:34:48Z,compressor_trip,NORMAL,8577.9,39.94,90.46,80.34,15.02,15.01,26.01,49.95,0,0,0,0,0
2026-01-01T00:34:49Z,compressor_trip,NORMAL,8579.9,40.29,90.04,80.57,15.13,15.02,26.15,50.09,0,0,0,0,0
2026-01-01T00:34:50Z,compressor_trip,NORMAL,8606.0,40.31,91.04,80.55,15.08,14.89,25.82,49.96,0,0,0,0,0
2026-01-01T00:34:51Z,compressor_trip,NORMAL,8592.4,40.03,91.63,80.93,15.24,15.01,26.07,49.97,0,0,0,0,0
2026-01-01T00:34:52Z,compressor_trip,NORMAL,8593.8,40.06,90.56,81.13,14.9,15.23,25.89,50.01,0,0,0,0,0
2026-01-01T00:34:53Z,compressor_trip,NORMAL,8586.8,39.71,91.26,81.34,14.86,14.9,26.12,50.04,0,0,0,0,0
2026-01-01T00:34:54Z,compressor_trip,NORMAL,8596.9,39.78,90.86,81.69,14.8,14.87,25.95,50.01,0,0,0,0,0
2026-01-01T00:34:55Z,compressor_trip,NORMAL,8605.2,40.37,90.65,81.59,14.83,15.06,26.17,49.93,0,0,0,0,0
2026-01-01T00:34:56Z,compressor_trip,NORMAL,8588.2,40.32,90.95,81.28,15.04,14.92,25.99,50.06,0,0,0,0,0
2026-01-01T00:34:57Z,compressor_trip,NORMAL,8593.7,39.85,91.03,80.76,15.03,14.95,26.08,49.96,0,0,0,0,0
2026-01-01T00:34:58Z,compressor_trip,NORMAL,8596.4,39.72,91.78,81.1,15.09,15.04,26.22,49.95,0,0,0,0,0
2026-01-01T00:34:59Z,compressor_trip,NORMAL,8567.6,40.26,90.64,81.1,15.13,15.15,25.97,50.01,0,0,0,0,0
2026-01-01T00:35:00Z,compressor_trip,NORMAL,8594.5,40.22,90.59,81.71,15.0,14.99,26.14,50.03,0,0,0,0,0
2026-01-01T00:35:01Z,compressor_trip,NORMAL,8604.7,39.88,91.28,81.7,14.98,14.93,26.11,50.04,0,0,0,0,0
2026-01-01T00:35:02Z,compressor_trip,NORMAL,8569.0,40.3,91.75,80.6,14.92,15.08,26.14,50.02,0,0,0,0,0
2026-01-01T00:35:03Z,compressor_trip,NORMAL,8572.1,39.88,91.16,80.93,14.76,14.88,25.91,49.94,0,0,0,0,0
2026-01-01T00:35:04Z,compressor_trip,NORMAL,8589.5,39.94,91.04,80.81,15.02,15.04,26.18,49.94,0,0,0,0,0
2026-01-01T00:35:05Z,compressor_trip,NORMAL,8588.0,40.36,90.99,80.84,14.94,14.97,26.11,50.0,0,0,0,0,0
2026-01-01T00:35:06Z,compressor_trip,NORMAL,8577.0,40.07,92.19,81.11,14.99,15.16,26.12,50.0,0,0,0,0,0
2026-01-01T00:35:07Z,compressor_trip,NORMAL,8566.8,39.99,90.52,80.83,14.95,15.18,26.16,50.05,0,0,0,0,0
2026-01-01T00:35:08Z,compressor_trip,NORMAL,8570.7,40.05,90.03,80.55,14.95,15.03,26.07,50.13,0,0,0,0,0
2026-01-01T00:35:09Z,compressor_trip,NORMAL,8584.3,39.79,90.79,79.73,15.03,14.88,26.16,50.04,0,0,0,0,0
2026-01-01T00:35:10Z,compressor_trip,NORMAL,8588.9,39.66,91.86,81.52,14.99,14.96,26.09,50.02,0,0,0,0,0
2026-01-01T00:35:11Z,compressor_trip,NORMAL,8574.5,40.21,90.64,80.76,15.05,15.1,26.02,50.13,0,0,0,0,0
2026-01-01T00:35:12Z,compressor_trip,NORMAL,8585.0,39.68,90.35,81.21,15.05,14.95,26.15,49.98,0,0,0,0,0
2026-01-01T00:35:13Z,compressor_trip,NORMAL,8571.0,39.96,90.81,81.6,15.1,15.03,26.16,50.06,0,0,0,0,0
2026-01-01T00:35:14Z,compressor_trip,NORMAL,8614.0,39.96,91.8,80.24,14.87,15.0,26.2,49.99,0,0,0,0,0
2026-01-01T00:35:15Z,compressor_trip,NORMAL,8583.0,40.45,91.1,80.3,15.06,14.92,26.14,50.01,0,0,0,0,0
2026-01-01T00:35:16Z,compressor_trip,NORMAL,8573.8,40.19,90.51,81.11,15.09,15.03,26.06,49.97,0,0,0,0,0
2026-01-01T00:35:17Z,compressor_trip,NORMAL,8572.0,40.15,90.97,81.27,15.06,14.88,26.05,49.99,0,0,0,0,0
2026-01-01T00:35:18Z,compressor_trip,NORMAL,8578.5,39.91,90.1,80.99,14.98,14.85,25.97,49.94,0,0,0,0,0
2026-01-01T00:35:19Z,compressor_trip,NORMAL,8580.8,40.05,91.57,81.47,15.04,14.98,26.16,50.0,0,0,0,0,0
2026-01-01T00:35:20Z,compressor_trip,NORMAL,8572.8,40.15,91.57,80.69,15.15,15.05,26.16,50.01,0,0,0,0,0
2026-01-01T00:35:21Z,compressor_trip,NORMAL,8574.2,39.81,90.95,81.87,15.14,14.94,26.21,50.02,0,0,0,0,0
2026-01-01T00:35:22Z,compressor_trip,NORMAL,8579.7,40.0,91.21,81.35,14.93,15.16,25.97,49.96,0,0,0,0,0
2026-01-01T00:35:23Z,compressor_trip,NORMAL,8580.3,40.04,90.05,81.4,15.04,14.98,26.22,50.02,0,0,0,0,0
2026-01-01T00:35:24Z,compressor_trip,NORMAL,8573.0,39.88,91.78,80.04,14.91,14.87,26.16,50.07,0,0,0,0,0
2026-01-01T00:35:25Z,compressor_trip,NORMAL,8571.6,39.97,90.58,82.16,14.83,15.01,26.12,49.91,0,0,0,0,0
2026-01-01T00:35:26Z,compressor_trip,NORMAL,8560.5,40.06,91.54,80.6,14.92,14.95,26.25,50.01,0,0,0,0,0
2026-01-01T00:35:27Z,compressor_trip,NORMAL,8572.2,39.93,91.32,80.96,15.13,14.96,26.36,49.98,0,0,0,0,0
2026-01-01T00:35:28Z,compressor_trip,NORMAL,8586.7,40.02,90.78,80.91,14.86,15.19,26.27,49.96,0,0,0,0,0
2026-01-01T00:35:29Z,compressor_trip,NORMAL,8555.3,39.99,90.82,80.74,14.86,14.96,26.41,49.93,0,0,0,0,0
2026-01-01T00:35:30Z,compressor_trip,NORMAL,8579.1,39.99,90.01,80.22,15.09,14.98,26.21,49.96,0,0,0,0,0
2026-01-01T00:35:31Z,compressor_trip,NORMAL,8560.3,40.18,91.08,81.29,15.03,15.02,26.33,49.99,0,0,0,0,0
2026-01-01T00:35:32Z,compressor_trip,NORMAL,8555.9,39.87,90.37,81.22,15.16,14.9,26.33,50.02,0,0,0,0,0
2026-01-01T00:35:33Z,compressor_trip,NORMAL,8565.6,39.78,91.52,81.11,15.01,15.11,26.2,50.08,0,0,0,0,0
2026-01-01T00:35:34Z,compressor_trip,NORMAL,8562.0,39.51,90.43,80.34,14.97,15.13,26.32,49.99,0,0,0,0,0
2026-01-01T00:35:35Z,compressor_trip,NORMAL,8566.6,40.01,90.28,80.92,15.03,14.95,26.19,50.03,0,0,0,0,0
2026-01-01T00:35:36Z,compressor_trip,NORMAL,8553.1,39.72,91.07,81.04,14.94,15.05,26.28,49.98,0,0,0,0,0
2026-01-01T00:35:37Z,compressor_trip,NORMAL,8574.7,40.15,90.83,81.04,15.09,15.22,26.22,49.97,0,0,0,0,0
2026-01-01T00:35:38Z,compressor_trip,NORMAL,8566.3,39.83,90.86,80.73,15.0,14.97,26.45,50.03,0,0,0,0,0
2026-01-01T00:35:39Z,compressor_trip,NORMAL,8550.2,40.14,90.71,80.91,15.01,14.88,26.35,49.97,0,0,0,0,0
2026-01-01T00:35:40Z,compressor_trip,NORMAL,8562.9,40.11,90.91,80.74,14.94,15.04,26.4,50.09,0,0,0,0,0
2026-01-01T00:35:41Z,compressor_trip,NORMAL,8558.9,40.3,91.82,80.56,14.84,15.05,26.39,50.0,0,0,0,0,0
2026-01-01T00:35:42Z,compressor_trip,NORMAL,8572.0,39.98,91.34,80.08,15.11,15.07,26.18,49.97,0,0,0,0,0
2026-01-01T00:35:43Z,compressor_trip,NORMAL,8561.8,40.05,91.06,80.74,14.9,14.82,26.33,49.9,0,0,0,0,0
2026-01-01T00:35:44Z,compressor_trip,NORMAL,8565.6,40.15,90.5,80.82,14.89,15.03,26.41,50.01,0,0,0,0,0
2026-01-01T00:35:45Z,compressor_trip,NORMAL,8569.6,40.0,91.08,81.09,15.08,15.13,26.22,49.99,0,0,0,0,0
2026-01-01T00:35:46Z,compressor_trip,NORMAL,8535.1,40.21,91.41,81.35,14.99,14.94,26.15,50.09,0,0,0,0,0
2026-01-01T00:35:47Z,compressor_trip,NORMAL,8559.8,39.76,91.35,80.4,14.95,14.88,26.13,50.03,0,0,0,0,0
2026-01-01T00:35:48Z,compressor_trip,NORMAL,8549.4,40.0,90.23,81.28,15.12,15.07,26.23,50.08,0,0,0,0,0
2026-01-01T00:35:49Z,compressor_trip,NORMAL,8551.3,39.79,90.6,80.6,14.97,14.99,26.6,50.05,0,0,0,0,0
2026-01-01T00:35:50Z,compressor_trip,NORMAL,8550.7,40.12,89.77,80.61,14.94,14.96,26.21,49.99,0,0,0,0,0
2026-01-01T00:35:51Z,compressor_trip,NORMAL,8564.9,39.92,89.71,80.27,15.03,14.92,26.39,49.99,0,0,0,0,0
2026-01-01T00:35:52Z,compressor_trip,NORMAL,8557.2,40.03,90.33,80.77,15.0,14.94,26.43,50.02,0,0,0,0,0
2026-01-01T00:35:53Z,compressor_trip,NORMAL,8542.8,39.84,89.95,80.11,15.02,15.15,26.36,50.03,0,0,0,0,0
2026-01-01T00:35:54Z,compressor_trip,NORMAL,8549.3,40.23,90.56,81.12,15.11,15.12,26.28,50.0,0,0,0,0,0
2026-01-01T00:35:55Z,compressor_trip,NORMAL,8528.6,40.23,90.18,81.3,15.0,15.01,26.43,50.05,0,0,0,0,0
2026-01-01T00:35:56Z,compressor_trip,NORMAL,8552.2,40.0,90.64,80.93,15.14,14.94,26.34,50.03,0,0,0,0,0
2026-01-01T00:35:57Z,compressor_trip,NORMAL,8546.3,39.77,90.75,80.55,15.05,14.95,26.33,49.99,0,0,0,0,0
2026-01-01T00:35:58Z,compressor_trip,NORMAL,8548.7,39.9,90.96,81.01,15.07,15.02,26.39,50.07,0,0,0,0,0
2026-01-01T00:35:59Z,compressor_trip,NORMAL,8551.1,39.84,90.67,80.4,15.05,14.9,26.21,50.09,0,0,0,0,0
2026-01-01T00:36:00Z,compressor_trip,NORMAL,8556.3,40.14,90.7,80.88,15.06,15.01,26.27,49.97,0,0,0,0,0
2026-01-01T00:36:01Z,compressor_trip,NORMAL,8556.5,39.8,90.53,80.17,14.9,15.09,26.39,49.98,0,0,0,0,0
2026-01-01T00:36:02Z,compressor_trip,NORMAL,8544.2,39.75,91.19,81.33,14.98,15.19,26.35,49.91,0,0,0,0,0
2026-01-01T00:36:03Z,compressor_trip,NORMAL,8552.4,40.08,90.88,81.27,15.02,14.94,26.45,50.04,0,0,0,0,0
2026-01-01T00:36:04Z,compressor_trip,NORMAL,8532.9,40.0,90.08,80.55,15.1,14.84,26.46,49.97,0,0,0,0,0
2026-01-01T00:36:05Z,compressor_trip,NORMAL,8542.0,39.58,89.95,81.23,15.04,14.98,26.28,50.0,0,0,0,0,0
2026-01-01T00:36:06Z,compressor_trip,NORMAL,8535.2,40.13,90.32,81.52,15.0,15.15,26.28,50.02,0,0,0,0,0
2026-01-01T00:36:07Z,compressor_trip,NORMAL,8554.8,39.96,90.25,80.49,15.02,15.1,26.53,50.0,0,0,0,0,0
2026-01-01T00:36:08Z,compressor_trip,NORMAL,8531.0,40.15,90.7,80.91,15.14,15.15,26.45,50.03,0,0,0,0,0
2026-01-01T00:36:09Z,compressor_trip,NORMAL,8542.1,40.11,90.25,80.82,15.04,14.92,26.31,49.94,0,0,0,0,0
2026-01-01T00:36:10Z,compressor_trip,NORMAL,8536.4,40.11,90.06,79.79,14.84,14.81,26.29,49.99,0,0,0,0,0
2026-01-01T00:36:11Z,compressor_trip,NORMAL,8560.5,39.96,89.86,80.11,15.05,14.98,26.41,50.04,0,0,0,0,0
2026-01-01T00:36:12Z,compressor_trip,NORMAL,8537.0,39.92,89.85,80.21,14.99,15.07,26.37,50.03,0,0,0,0,0
2026-01-01T00:36:13Z,compressor_trip,NORMAL,8551.5,40.39,91.66,80.56,15.06,14.99,26.39,50.01,0,0,0,0,0
2026-01-01T00:36:14Z,compressor_trip,NORMAL,8526.3,39.97,90.42,80.97,15.07,14.83,26.42,50.02,0,0,0,0,0
2026-01-01T00:36:15Z,compressor_trip,NORMAL,8542.2,39.66,89.93,80.54,14.89,15.11,26.35,50.04,0,0,0,0,0
2026-01-01T00:36:16Z,compressor_trip,NORMAL,8528.3,39.56,90.05,80.47,14.95,15.1,26.25,49.94,0,0,0,0,0
2026-01-01T00:36:17Z,compressor_trip,NORMAL,8532.8,39.85,90.56,79.55,14.84,14.82,26.38,50.03,0,0,0,0,0
2026-01-01T00:36:18Z,compressor_trip,NORMAL,8521.7,40.16,90.71,80.21,15.12,14.94,26.18,50.0,0,0,0,0,0
2026-01-01T00:36:19Z,compressor_trip,NORMAL,8534.9,40.05,90.35,80.8,14.95,15.08,26.23,49.98,0,0,0,0,0
2026-01-01T00:36:20Z,compressor_trip,NORMAL,8507.2,39.8,91.41,80.16,14.99,15.04,26.35,50.07,0,0,0,0,0
2026-01-01T00:36:21Z,compressor_trip,NORMAL,8519.4,39.9,90.98,80.34,14.85,15.12,26.53,50.09,0,0,0,0,0
2026-01-01T00:36:22Z,compressor_trip,NORMAL,8526.4,40.22,90.63,80.54,14.89,15.12,26.53,50.0,0,0,0,0,0
2026-01-01T00:36:23Z,compressor_trip,NORMAL,8507.3,40.31,89.96,82.26,15.14,14.96,26.39,49.98,0,0,0,0,0
2026-01-01T00:36:24Z,compressor_trip,NORMAL,8542.7,39.71,90.51,80.17,14.96,15.08,26.46,49.98,0,0,0,0,0
2026-01-01T00:36:25Z,compressor_trip,NORMAL,8516.3,39.94,90.38,80.19,15.15,14.96,26.59,50.01,0,0,0,0,0
2026-01-01T00:36:26Z,compressor_trip,NORMAL,8519.8,39.91,91.18,80.2,15.05,14.97,26.54,50.03,0,0,0,0,0
2026-01-01T00:36:27Z,compressor_trip,NORMAL,8516.6,39.97,90.68,80.36,15.05,15.08,26.56,49.99,0,0,0,0,0
2026-01-01T00:36:28Z,compressor_trip,NORMAL,8528.3,39.87,91.04,80.02,14.99,15.19,26.39,49.94,0,0,0,0,0
2026-01-01T00:36:29Z,compressor_trip,NORMAL,8530.1,40.07,90.1,80.28,14.89,14.85,26.61,50.01,0,0,0,0,0
2026-01-01T00:36:30Z,compressor_trip,NORMAL,8523.8,39.61,90.43,80.18,14.9,15.04,26.4,49.98,0,0,0,0,0
2026-01-01T00:36:31Z,compressor_trip,NORMAL,8514.0,40.12,90.03,80.54,15.12,14.92,26.66,50.02,0,0,0,0,0
2026-01-01T00:36:32Z,compressor_trip,NORMAL,8510.3,39.65,90.71,79.42,15.21,15.09,26.4,50.05,0,0,0,0,0
2026-01-01T00:36:33Z,compressor_trip,NORMAL,8513.3,39.95,90.53,80.52,15.04,14.95,26.56,50.03,0,0,0,0,0
2026-01-01T00:36:34Z,compressor_trip,NORMAL,8507.7,40.27,90.48,80.38,15.08,15.01,26.66,49.98,0,0,0,0,0
2026-01-01T00:36:35Z,compressor_trip,NORMAL,8529.0,40.31,90.28,79.85,14.97,14.97,26.73,50.0,0,0,0,0,0
2026-01-01T00:36:36Z,compressor_trip,NORMAL,8514.1,40.13,89.89,80.13,15.1,15.14,26.59,50.07,0,0,0,0,0
2026-01-01T00:36:37Z,compressor_trip,NORMAL,8505.8,39.92,90.06,79.47,15.02,14.91,26.47,49.87,0,0,0,0,0
2026-01-01T00:36:38Z,compressor_trip,NORMAL,8497.4,40.34,90.01,80.14,15.01,15.06,26.41,49.93,0,0,0,0,0
2026-01-01T00:36:39Z,compressor_trip,NORMAL,8494.5,40.11,90.41,80.99,15.0,15.0,26.45,50.04,0,0,0,0,0
2026-01-01T00:36:40Z,compressor_trip,NORMAL,8500.7,39.6,90.61,79.65,15.01,15.07,26.42,50.03,0,0,0,0,0
2026-01-01T00:36:41Z,compressor_trip,NORMAL,8518.1,39.96,90.3,80.49,15.03,15.0,26.59,50.06,0,0,0,0,0
2026-01-01T00:36:42Z,compressor_trip,NORMAL,8507.3,39.9,89.86,80.38,15.06,14.92,26.63,50.03,0,0,0,0,0
2026-01-01T00:36:43Z,compressor_trip,NORMAL,8507.6,40.08,89.39,79.41,15.07,14.99,26.69,49.98,0,0,0,0,0
2026-01-01T00:36:44Z,compressor_trip,NORMAL,8499.8,39.91,90.97,80.9,14.9,14.83,26.4,50.03,0,0,0,0,0
2026-01-01T00:36:45Z,compressor_trip,NORMAL,8501.6,40.4,90.23,79.8,14.92,15.15,26.6,50.03,0,0,0,0,0
2026-01-01T00:36:46Z,compressor_trip,NORMAL,8508.9,39.97,90.01,80.09,15.21,14.93,26.41,50.0,0,0,0,0,0
2026-01-01T00:36:47Z,compressor_trip,NORMAL,8501.3,39.83,90.57,80.34,15.2,14.99,26.41,49.97,0,0,0,0,0
2026-01-01T00:36:48Z,compressor_trip,NORMAL,8492.3,39.74,90.3,80.09,15.1,14.97,26.43,50.06,0,0,0,0,0
2026-01-01T00:36:49Z,compressor_trip,NORMAL,8475.8,39.57,90.26,81.04,15.06,14.96,26.71,49.95,0,0,0,0,0
2026-01-01T00:36:50Z,compressor_trip,NORMAL,8480.3,40.05,90.73,80.61,14.92,14.98,26.52,49.95,0,0,0,0,0
2026-01-01T00:36:51Z,compressor_trip,NORMAL,8502.9,40.09,89.63,80.35,15.15,14.81,26.6,49.93,0,0,0,0,0
2026-01-01T00:36:52Z,compressor_trip,NORMAL,8495.4,40.03,89.86,80.0,14.92,15.07,26.74,50.03,0,0,0,0,0
2026-01-01T00:36:53Z,compressor_trip,NORMAL,8491.4,39.88,90.31,79.79,14.98,15.03,26.56,49.91,0,0,0,0,0
2026-01-01T00:36:54Z,compressor_trip,NORMAL,8502.5,40.05,89.22,79.9,15.14,14.94,26.52,50.04,0,0,0,0,0
2026-01-01T00:36:55Z,compressor_trip,NORMAL,8492.4,39.92,89.0,79.82,14.94,15.09,26.82,50.01,0,0,0,0,0
2026-01-01T00:36:56Z,compressor_trip,NORMAL,8505.5,40.17,89.72,80.07,14.95,15.11,26.56,50.02,0,0,0,0,0
2026-01-01T00:36:57Z,compressor_trip,NORMAL,8490.8,40.0,90.25,80.54,14.95,15.02,26.74,50.01,0,0,0,0,0
2026-01-01T00:36:58Z,compressor_trip,NORMAL,8487.6,39.93,89.96,80.02,14.92,15.22,26.45,49.96,0,0,0,0,0
2026-01-01T00:36:59Z,compressor_trip,NORMAL,8467.3,40.21,89.47,80.58,14.94,14.92,26.5,49.98,0,0,0,0,0
2026-01-01T00:37:00Z,compressor_trip,NORMAL,8489.5,40.12,89.4,80.25,15.12,15.07,26.62,49.97,0,0,0,0,0
2026-01-01T00:37:01Z,compressor_trip,NORMAL,8478.5,39.76,91.2,80.43,14.91,14.76,26.5,49.99,0,0,0,0,0
2026-01-01T00:37:02Z,compressor_trip,NORMAL,8477.2,39.95,90.58,79.21,15.14,14.94,26.74,49.95,0,0,0,0,0
2026-01-01T00:37:03Z,compressor_trip,NORMAL,8483.4,40.09,90.66,80.66,14.97,15.06,26.77,49.98,0,0,0,0,0
2026-01-01T00:37:04Z,compressor_trip,NORMAL,8487.4,39.72,90.03,80.41,15.05,15.01,26.8,50.04,0,0,0,0,0
2026-01-01T00:37:05Z,compressor_trip,NORMAL,8485.0,39.77,88.78,81.26,14.9,14.96,26.73,49.97,0,0,0,0,0
2026-01-01T00:37:06Z,compressor_trip,NORMAL,8482.1,39.99,89.34,80.46,14.93,15.05,26.58,49.95,0,0,0,0,0
2026-01-01T00:37:07Z,compressor_trip,NORMAL,8470.7,40.15,88.95,79.52,15.03,14.97,26.68,49.95,0,0,0,0,0
2026-01-01T00:37:08Z,compressor_trip,NORMAL,8471.5,40.25,90.85,80.35,15.1,15.02,26.55,50.06,0,0,0,0,0
2026-01-01T00:37:09Z,compressor_trip,NORMAL,8476.6,40.01,89.78,78.77,14.87,14.94,26.75,49.99,0,0,0,0,0
2026-01-01T00:37:10Z,compressor_trip,NORMAL,8489.3,40.18,89.7,79.9,14.98,14.93,26.69,50.07,0,0,0,0,0
2026-01-01T00:37:11Z,compressor_trip,NORMAL,8464.1,39.82,90.05,80.53,15.03,15.05,26.59,50.02,0,0,0,0,0
2026-01-01T00:37:12Z,compressor_trip,NORMAL,8467.3,40.56,90.26,79.55,15.12,14.93,26.53,49.98,0,0,0,0,0
2026-01-01T00:37:13Z,compressor_trip,NORMAL,8470.3,40.17,90.29,79.85,14.92,15.03,26.62,50.03,0,0,0,0,0
2026-01-01T00:37:14Z,compressor_trip,NORMAL,8492.9,39.74,89.81,79.65,15.0,15.04,26.77,49.96,0,0,0,0,0
2026-01-01T00:37:15Z,compressor_trip,NORMAL,8455.4,40.28,89.1,79.62,15.01,15.16,26.72,49.97,0,0,0,0,0
2026-01-01T00:37:16Z,compressor_trip,NORMAL,8465.7,40.04,90.55,79.36,14.99,15.12,26.6,49.93,0,0,0,0,0
2026-01-01T00:37:17Z,compressor_trip,NORMAL,8466.4,39.96,90.22,80.18,14.88,15.07,26.44,50.02,0,0,0,0,0
2026-01-01T00:37:18Z,compressor_trip,NORMAL,8485.5,39.98,88.94,79.86,14.8,14.97,26.67,50.04,0,0,0,0,0
2026-01-01T00:37:19Z,compressor_trip,NORMAL,8470.7,40.02,90.28,79.63,15.11,15.11,26.77,50.04,0,0,0,0,0
2026-01-01T00:37:20Z,compressor_trip,NORMAL,8477.3,40.05,90.25,79.66,15.05,15.13,26.7,49.95,0,0,0,0,0
2026-01-01T00:37:21Z,compressor_trip,NORMAL,8454.7,40.05,89.92,79.81,15.0,15.03,26.67,50.05,0,0,0,0,0
2026-01-01T00:37:22Z,compressor_trip,NORMAL,8459.2,40.43,90.15,80.55,14.83,14.92,26.79,50.06,0,0,0,0,0
2026-01-01T00:37:23Z,compressor_trip,NORMAL,8462.6,40.09,90.34,80.52,14.81,15.05,26.77,49.95,0,0,0,0,0
2026-01-01T00:37:24Z,compressor_trip,NORMAL,8459.6,39.93,89.11,79.63,15.14,14.78,26.6,49.98,0,0,0,0,0
2026-01-01T00:37:25Z,compressor_trip,NORMAL,8471.9,39.58,88.78,79.2,14.99,15.09,26.68,50.04,0,0,0,0,0
2026-01-01T00:37:26Z,compressor_trip,NORMAL,8458.5,40.18,90.01,80.14,14.91,14.97,26.77,49.97,0,0,0,0,0
2026-01-01T00:37:27Z,compressor_trip,NORMAL,8469.8,40.34,90.1,80.57,15.13,15.15,26.74,50.05,0,0,0,0,0
2026-01-01T00:37:28Z,compressor_trip,NORMAL,8465.5,40.19,89.63,79.85,15.01,15.11,26.61,49.97,0,0,0,0,0
2026-01-01T00:37:29Z,compressor_trip,NORMAL,8454.1,39.66,88.93,80.49,15.01,14.98,26.79,49.86,0,0,0,0,0
2026-01-01T00:37:30Z,compressor_trip,NORMAL,8450.3,39.74,90.18,79.52,14.97,15.16,26.77,49.99,0,0,0,0,0
2026-01-01T00:37:31Z,compressor_trip,NORMAL,8460.0,39.92,89.35,79.41,15.03,14.98,26.69,50.16,0,0,0,0,0
2026-01-01T00:37:32Z,compressor_trip,NORMAL,8451.5,40.36,89.98,80.02,15.05,14.82,26.78,49.99,0,0,0,0,0
2026-01-01T00:37:33Z,compressor_trip,NORMAL,8462.2,39.75,89.54,80.37,15.07,15.15,26.71,49.92,0,0,0,0,0
2026-01-01T00:37:34Z,compressor_trip,NORMAL,8456.2,39.87,90.69,81.06,14.95,14.95,26.76,50.02,0,0,0,0,0
2026-01-01T00:37:35Z,compressor_trip,NORMAL,8429.9,40.36,89.83,80.86,15.01,15.07,26.73,50.06,0,0,0,0,0
2026-01-01T00:37:36Z,compressor_trip,NORMAL,8468.1,40.13,89.35,79.39,14.78,15.06,26.93,50.01,0,0,0,0,0
2026-01-01T00:37:37Z,compressor_trip,NORMAL,8460.4,40.18,88.95,79.31,14.91,15.2,26.81,50.01,0,0,0,0,0
2026-01-01T00:37:38Z,compressor_trip,NORMAL,8450.0,40.05,89.87,79.72,15.02,15.13,26.76,49.91,0,0,0,0,0
2026-01-01T00:37:39Z,compressor_trip,NORMAL,8452.6,40.04,89.43,80.93,15.01,14.97,26.64,49.99,0,0,0,0,0
2026-01-01T00:37:40Z,compressor_trip,NORMAL,8467.5,39.88,89.89,78.98,15.02,14.99,26.69,50.01,0,0,0,0,0
2026-01-01T00:37:41Z,compressor_trip,NORMAL,8459.0,40.31,89.28,80.8,15.17,15.07,26.71,49.89,0,0,0,0,0
2026-01-01T00:37:42Z,compressor_trip,NORMAL,8447.7,40.41,88.7,79.99,15.18,15.13,26.66,49.94,0,0,0,0,0
2026-01-01T00:37:43Z,compressor_trip,NORMAL,8444.7,40.14,90.23,80.33,14.84,14.88,26.79,49.99,0,0,0,0,0
2026-01-01T00:37:44Z,compressor_trip,NORMAL,8439.2,40.19,88.43,79.52,15.09,15.12,26.7,49.97,0,0,0,0,0
2026-01-01T00:37:45Z,compressor_trip,NORMAL,8448.9,39.95,89.89,80.32,15.04,14.87,26.73,49.95,0,0,0,0,0
2026-01-01T00:37:46Z,compressor_trip,NORMAL,8445.9,39.84,89.49,80.35,14.98,14.76,26.63,50.01,0,0,0,0,0
2026-01-01T00:37:47Z,compressor_trip,NORMAL,8428.3,40.1,89.78,79.89,15.03,15.03,26.89,50.02,0,0,0,0,0
2026-01-01T00:37:48Z,compressor_trip,NORMAL,8446.7,39.99,89.02,78.39,14.83,14.94,26.77,49.98,0,0,0,0,0
2026-01-01T00:37:49Z,compressor_trip,NORMAL,8466.7,39.73,90.36,80.16,15.08,14.91,26.71,49.92,0,0,0,0,0
2026-01-01T00:37:50Z,compressor_trip,NORMAL,8454.5,39.89,89.07,80.25,14.94,14.95,26.69,50.05,0,0,0,0,0
2026-01-01T00:37:51Z,compressor_trip,NORMAL,8439.4,39.58,89.64,79.85,15.1,15.19,26.94,49.97,0,0,0,0,0
2026-01-01T00:37:52Z,compressor_trip,NORMAL,8440.6,40.26,89.5,79.79,15.04,14.96,26.83,50.02,0,0,0,0,0
2026-01-01T00:37:53Z,compressor_trip,NORMAL,8433.3,39.73,89.37,80.71,14.81,15.17,26.92,49.96,0,0,0,0,0
2026-01-01T00:37:54Z,compressor_trip,NORMAL,8451.5,40.0,89.89,80.96,14.97,15.1,26.8,49.99,0,0,0,0,0
2026-01-01T00:37:55Z,compressor_trip,NORMAL,8426.2,40.0,88.77,79.63,14.96,15.07,26.85,50.0,0,0,0,0,0
2026-01-01T00:37:56Z,compressor_trip,NORMAL,8446.3,39.79,88.99,80.07,14.92,15.11,26.84,49.98,0,0,0,0,0
2026-01-01T00:37:57Z,compressor_trip,NORMAL,8431.8,39.79,88.64,78.89,14.89,15.09,26.86,50.12,0,0,0,0,0
2026-01-01T00:37:58Z,compressor_trip,NORMAL,8428.8,39.9,89.43,79.96,15.1,14.95,26.82,49.97,0,0,0,0,0
2026-01-01T00:37:59Z,compressor_trip,NORMAL,8431.5,40.09,88.48,80.14,14.98,15.03,26.82,49.98,0,0,0,0,0
2026-01-01T00:38:00Z,compressor_trip,NORMAL,8427.0,39.79,89.64,79.49,14.99,15.04,27.03,49.94,0,0,0,0,0
2026-01-01T00:38:01Z,compressor_trip,NORMAL,8434.5,39.86,89.63,79.96,15.01,14.84,26.72,50.03,0,0,0,0,0
2026-01-01T00:38:02Z,compressor_trip,NORMAL,8417.4,40.07,89.66,80.02,15.07,14.86,26.68,49.89,0,0,0,0,0
2026-01-01T00:38:03Z,compressor_trip,NORMAL,8441.6,40.05,89.16,79.92,14.86,14.99,26.77,49.99,0,0,0,0,0
2026-01-01T00:38:04Z,compressor_trip,NORMAL,8432.8,40.09,88.87,78.88,15.08,15.02,26.63,49.98,0,0,0,0,0
2026-01-01T00:38:05Z,compressor_trip,NORMAL,8429.1,39.89,89.43,79.38,15.03,14.96,26.9,49.92,0,0,0,0,0
2026-01-01T00:38:06Z,compressor_trip,NORMAL,8424.2,40.12,88.79,78.68,14.97,14.88,26.91,49.95,0,0,0,0,0
2026-01-01T00:38:07Z,compressor_trip,NORMAL,8399.3,39.86,89.31,79.62,15.0,14.95,26.76,50.06,0,0,0,0,0
2026-01-01T00:38:08Z,compressor_trip,NORMAL,8436.7,40.06,89.22,79.8,15.0,15.0,26.84,49.97,0,0,0,0,0
2026-01-01T00:38:09Z,compressor_trip,NORMAL,8448.0,39.81,88.6,79.54,14.81,15.02,26.66,49.99,0,0,0,0,0
2026-01-01T00:38:10Z,compressor_trip,NORMAL,8441.1,39.93,89.1,80.52,15.0,14.83,26.91,50.04,0,0,0,0,0
2026-01-01T00:38:11Z,compressor_trip,NORMAL,8432.4,40.12,89.58,80.14,14.98,14.9,26.86,50.02,0,0,0,0,0
2026-01-01T00:38:12Z,compressor_trip,NORMAL,8429.4,40.16,89.66,79.67,14.91,14.92,26.85,49.98,0,0,0,0,0
2026-01-01T00:38:13Z,compressor_trip,NORMAL,8422.7,39.53,89.84,79.18,15.13,14.85,27.01,50.05,0,0,0,0,0
2026-01-01T00:38:14Z,compressor_trip,NORMAL,8407.0,40.12,88.7,79.87,15.08,14.99,26.82,49.98,0,0,0,0,0
2026-01-01T00:38:15Z,compressor_trip,NORMAL,8432.2,40.26,89.75,79.89,15.19,15.07,26.82,50.0,0,0,0,0,0
2026-01-01T00:38:16Z,compressor_trip,NORMAL,8421.0,39.89,89.31,79.47,15.15,14.94,26.78,49.99,0,0,0,0,0
2026-01-01T00:38:17Z,compressor_trip,NORMAL,8406.6,40.25,89.95,79.48,14.97,15.06,26.85,50.06,0,0,0,0,0
2026-01-01T00:38:18Z,compressor_trip,NORMAL,8423.6,40.31,89.82,79.2,15.05,15.09,26.87,49.97,0,0,0,0,0
2026-01-01T00:38:19Z,compressor_trip,NORMAL,8424.5,39.66,89.74,79.66,14.9,14.98,26.93,49.92,0,0,0,0,0
2026-01-01T00:38:20Z,compressor_trip,NORMAL,8438.9,39.84,89.51,80.01,15.16,14.87,26.64,50.0,0,0,0,0,0
2026-01-01T00:38:21Z,compressor_trip,NORMAL,8410.6,39.63,89.48,80.31,14.86,15.09,26.71,50.0,0,0,0,0,0
2026-01-01T00:38:22Z,compressor_trip,NORMAL,8438.8,39.66,89.92,78.99,15.01,14.94,26.79,50.01,0,0,0,0,0
2026-01-01T00:38:23Z,compressor_trip,NORMAL,8394.5,39.83,90.25,80.26,15.05,15.14,26.88,49.97,0,0,0,0,0
2026-01-01T00:38:24Z,compressor_trip,NORMAL,8420.6,40.27,89.7,79.77,14.73,14.99,26.83,50.03,0,0,0,0,0
2026-01-01T00:38:25Z,compressor_trip,NORMAL,8416.6,39.68,89.72,79.62,14.96,14.84,26.88,50.0,0,0,0,0,0
2026-01-01T00:38:26Z,compressor_trip,NORMAL,8428.3,39.93,88.64,79.87,14.88,15.07,26.78,50.05,0,0,0,0,0
2026-01-01T00:38:27Z,compressor_trip,NORMAL,8438.2,40.02,88.95,79.33,14.96,14.94,26.89,49.93,0,0,0,0,0
2026-01-01T00:38:28Z,compressor_trip,NORMAL,8405.7,40.04,88.7,79.67,14.95,15.0,26.97,49.99,0,0,0,0,0
2026-01-01T00:38:29Z,compressor_trip,NORMAL,8424.4,39.77,88.76,79.26,14.97,14.95,26.74,49.86,0,0,0,0,0
2026-01-01T00:38:30Z,compressor_trip,NORMAL,8417.7,39.9,88.79,79.66,15.1,14.97,26.83,50.02,0,0,0,0,0
2026-01-01T00:38:31Z,compressor_trip,NORMAL,8423.6,39.81,89.52,79.59,15.04,15.13,26.7,49.94,0,0,0,0,0
2026-01-01T00:38:32Z,compressor_trip,NORMAL,8418.8,40.15,88.55,78.89,14.99,14.99,26.8,50.01,0,0,0,0,0
2026-01-01T00:38:33Z,compressor_trip,NORMAL,8426.7,40.3,89.53,79.39,14.83,15.03,26.77,50.04,0,0,0,0,0
2026-01-01T00:38:34Z,compressor_trip,NORMAL,8416.8,40.0,88.49,79.59,14.87,15.01,26.76,49.98,0,0,0,0,0
2026-01-01T00:38:35Z,compressor_trip,NORMAL,8407.4,40.28,89.11,79.78,14.9,14.91,26.85,50.01,0,0,0,0,0
2026-01-01T00:38:36Z,compressor_trip,NORMAL,8394.3,39.98,89.43,78.39,15.08,15.07,26.86,50.05,0,0,0,0,0
2026-01-01T00:38:37Z,compressor_trip,NORMAL,8420.4,39.94,88.59,79.69,15.02,14.96,26.76,50.06,0,0,0,0,0
2026-01-01T00:38:38Z,compressor_trip,NORMAL,8403.6,39.97,88.75,80.11,15.07,15.12,26.96,49.9,0,0,0,0,0
2026-01-01T00:38:39Z,compressor_trip,NORMAL,8408.0,40.11,89.86,78.03,15.03,15.05,26.8,50.01,0,0,0,0,0
2026-01-01T00:38:40Z,compressor_trip,NORMAL,8407.1,40.26,89.99,79.64,15.05,15.11,26.89,50.06,0,0,0,0,0
2026-01-01T00:38:41Z,compressor_trip,NORMAL,8410.0,39.99,89.56,78.82,15.05,15.14,27.01,50.01,0,0,0,0,0
2026-01-01T00:38:42Z,compressor_trip,NORMAL,8403.3,39.78,89.15,79.94,14.81,15.03,26.9,49.98,0,0,0,0,0
2026-01-01T00:38:43Z,compressor_trip,NORMAL,8392.6,40.47,89.11,79.54,15.17,14.96,26.93,49.99,0,0,0,0,0
2026-01-01T00:38:44Z,compressor_trip,NORMAL,8412.3,40.29,88.92,78.42,14.89,15.08,26.99,49.95,0,0,0,0,0
2026-01-01T00:38:45Z,compressor_trip,NORMAL,8407.2,39.97,89.54,79.15,14.97,15.12,26.91,49.97,0,0,0,0,0
2026-01-01T00:38:46Z,compressor_trip,NORMAL,8396.4,40.09,89.93,77.97,14.88,15.05,26.79,50.0,0,0,0,0,0
2026-01-01T00:38:47Z,compressor_trip,NORMAL,8407.3,39.96,89.48,79.61,14.88,15.07,26.96,50.01,0,0,0,0,0
2026-01-01T00:38:48Z,compressor_trip,NORMAL,8407.3,39.79,89.26,79.06,15.03,15.22,26.82,50.12,0,0,0,0,0
2026-01-01T00:38:49Z,compressor_trip,NORMAL,8416.0,40.2,89.61,79.37,14.87,14.79,26.7,49.96,0,0,0,0,0
2026-01-01T00:38:50Z,compressor_trip,NORMAL,8410.6,39.82,89.01,79.34,15.11,15.13,27.08,50.07,0,0,0,0,0
2026-01-01T00:38:51Z,compressor_trip,NORMAL,8398.0,39.86,88.62,79.27,14.94,15.03,26.97,49.99,0,0,0,0,0
2026-01-01T00:38:52Z,compressor_trip,NORMAL,8398.9,39.89,89.2,79.89,14.94,14.91,27.03,50.01,0,0,0,0,0
2026-01-01T00:38:53Z,compressor_trip,NORMAL,8395.7,40.02,88.3,79.0,14.94,15.12,26.85,49.97,0,0,0,0,0
2026-01-01T00:38:54Z,compressor_trip,NORMAL,8420.6,40.21,89.07,79.54,15.19,15.01,27.0,49.99,0,0,0,0,0
2026-01-01T00:38:55Z,compressor_trip,NORMAL,8404.0,39.86,89.5,79.99,15.03,14.98,26.91,49.95,0,0,0,0,0
2026-01-01T00:38:56Z,compressor_trip,NORMAL,8391.5,39.59,89.2,79.1,14.98,14.89,27.05,49.97,0,0,0,0,0
2026-01-01T00:38:57Z,compressor_trip,NORMAL,8396.9,39.83,89.5,79.89,14.88,14.97,26.93,50.05,0,0,0,0,0
2026-01-01T00:38:58Z,compressor_trip,NORMAL,8397.6,40.27,88.73,79.06,14.93,14.96,26.89,49.96,0,0,0,0,0
2026-01-01T00:38:59Z,compressor_trip,NORMAL,8401.8,39.83,87.87,79.92,14.96,15.08,26.96,50.01,0,0,0,0,0
2026-01-01T00:39:00Z,compressor_trip,NORMAL,8401.9,40.06,89.1,79.03,14.98,15.04,26.85,50.01,0,0,0,0,0
2026-01-01T00:39:01Z,compressor_trip,NORMAL,8386.6,40.06,88.71,78.79,15.07,15.08,26.77,49.99,0,0,0,0,0
2026-01-01T00:39:02Z,compressor_trip,NORMAL,8402.6,39.9,89.14,78.6,14.95,15.07,26.97,49.94,0,0,0,0,0
2026-01-01T00:39:03Z,compressor_trip,NORMAL,8405.5,40.16,89.28,78.94,14.94,15.1,26.86,49.99,0,0,0,0,0
2026-01-01T00:39:04Z,compressor_trip,NORMAL,8407.6,40.1,89.76,79.57,14.97,14.93,26.8,49.91,0,0,0,0,0
2026-01-01T00:39:05Z,compressor_trip,NORMAL,8412.9,39.97,89.55,79.26,14.94,14.99,26.97,49.99,0,0,0,0,0
2026-01-01T00:39:06Z,compressor_trip,NORMAL,8405.4,39.78,88.92,79.13,15.05,14.91,26.92,50.02,0,0,0,0,0
2026-01-01T00:39:07Z,compressor_trip,NORMAL,8406.6,40.2,88.84,79.53,14.88,14.81,26.92,49.94,0,0,0,0,0
2026-01-01T00:39:08Z,compressor_trip,NORMAL,8406.0,39.78,89.5,79.49,15.08,15.07,26.86,50.01,0,0,0,0,0
2026-01-01T00:39:09Z,compressor_trip,NORMAL,8409.7,39.83,88.93,78.57,14.96,15.04,26.99,49.94,0,0,0,0,0
2026-01-01T00:39:10Z,compressor_trip,NORMAL,8409.5,40.07,89.11,79.59,14.89,14.93,27.05,49.95,0,0,0,0,0
2026-01-01T00:39:11Z,compressor_trip,NORMAL,8377.3,40.23,88.61,79.67,14.84,14.92,26.92,49.98,0,0,0,0,0
2026-01-01T00:39:12Z,compressor_trip,NORMAL,8388.9,39.95,88.33,79.17,14.93,14.99,27.09,49.97,0,0,0,0,0
2026-01-01T00:39:13Z,compressor_trip,NORMAL,8409.2,40.27,88.48,78.96,14.79,14.97,26.98,50.04,0,0,0,0,0
2026-01-01T00:39:14Z,compressor_trip,NORMAL,8397.1,40.46,89.04,78.67,15.0,14.78,26.87,49.93,0,0,0,0,0
2026-01-01T00:39:15Z,compressor_trip,NORMAL,8391.6,39.89,88.02,78.69,15.09,14.81,26.87,50.07,0,0,0,0,0
2026-01-01T00:39:16Z,compressor_trip,NORMAL,8393.8,40.2,89.74,78.8,15.02,14.97,27.01,50.04,0,0,0,0,0
2026-01-01T00:39:17Z,compressor_trip,NORMAL,8386.8,39.84,88.14,78.39,15.11,14.84,26.98,49.96,0,0,0,0,0
2026-01-01T00:39:18Z,compressor_trip,NORMAL,8386.9,39.93,89.42,78.76,15.01,15.01,26.89,50.06,0,0,0,0,0
2026-01-01T00:39:19Z,compressor_trip,NORMAL,8392.7,40.49,89.78,78.65,15.04,14.83,26.98,50.06,0,0,0,0,0
2026-01-01T00:39:20Z,compressor_trip,NORMAL,8409.1,39.83,88.49,79.44,15.14,15.08,26.91,49.97,0,0,0,0,0
2026-01-01T00:39:21Z,compressor_trip,NORMAL,8383.8,39.99,89.1,78.85,15.07,15.04,27.07,49.99,0,0,0,0,0
2026-01-01T00:39:22Z,compressor_trip,NORMAL,8392.7,39.96,89.53,78.72,15.02,14.99,26.99,49.93,0,0,0,0,0
2026-01-01T00:39:23Z,compressor_trip,NORMAL,8413.3,39.71,88.09,78.62,15.05,14.91,26.87,49.98,0,0,0,0,0
2026-01-01T00:39:24Z,compressor_trip,NORMAL,8412.4,40.32,89.55,78.74,15.03,15.17,27.11,50.05,0,0,0,0,0
2026-01-01T00:39:25Z,compressor_trip,NORMAL,8395.9,40.22,88.96,78.2,14.84,15.04,26.97,49.93,0,0,0,0,0
2026-01-01T00:39:26Z,compressor_trip,NORMAL,8405.5,40.28,89.77,79.14,15.05,15.05,26.94,50.0,0,0,0,0,0
2026-01-01T00:39:27Z,compressor_trip,NORMAL,8412.4,39.94,89.82,77.88,14.95,15.13,26.94,50.02,0,0,0,0,0
2026-01-01T00:39:28Z,compressor_trip,NORMAL,8400.0,39.94,89.53,79.25,15.08,14.84,27.06,49.94,0,0,0,0,0
2026-01-01T00:39:29Z,compressor_trip,NORMAL,8409.1,40.05,89.26,78.74,14.99,14.93,27.04,50.02,0,0,0,0,0
2026-01-01T00:39:30Z,compressor_trip,NORMAL,8394.8,39.67,88.46,79.03,14.82,15.13,27.09,50.04,0,0,0,0,0
2026-01-01T00:39:31Z,compressor_trip,NORMAL,8387.1,39.98,88.64,78.88,15.01,15.14,26.92,49.93,0,0,0,0,0
2026-01-01T00:39:32Z,compressor_trip,NORMAL,8374.5,39.85,89.9,78.88,14.91,15.04,27.07,49.98,0,0,0,0,0
2026-01-01T00:39:33Z,compressor_trip,NORMAL,8401.1,40.29,89.54,78.3,15.01,15.12,27.0,50.04,0,0,0,0,0
2026-01-01T00:39:34Z,compressor_trip,NORMAL,8404.1,39.94,88.83,79.5,14.99,14.97,27.04,50.04,0,0,0,0,0
2026-01-01T00:39:35Z,compressor_trip,NORMAL,8401.7,40.23,88.0,79.27,14.9,14.97,26.97,49.95,0,0,0,0,0
2026-01-01T00:39:36Z,compressor_trip,NORMAL,8423.2,40.01,88.78,79.59,14.94,15.05,27.11,50.03,0,0,0,0,0
2026-01-01T00:39:37Z,compressor_trip,NORMAL,8398.9,40.03,90.44,80.16,14.76,15.06,26.92,49.97,0,0,0,0,0
2026-01-01T00:39:38Z,compressor_trip,NORMAL,8383.3,39.92,89.4,78.75,14.97,15.27,26.99,50.0,0,0,0,0,0
2026-01-01T00:39:39Z,compressor_trip,NORMAL,8395.3,39.78,89.88,80.05,15.06,15.0,26.87,50.03,0,0,0,0,0
2026-01-01T00:39:40Z,compressor_trip,NORMAL,8412.4,39.9,89.52,79.42,14.95,14.9,26.84,49.99,0,0,0,0,0
2026-01-01T00:39:41Z,compressor_trip,NORMAL,8386.8,39.81,89.54,78.71,14.97,14.99,26.89,50.0,0,0,0,0,0
2026-01-01T00:39:42Z,compressor_trip,NORMAL,8402.7,39.55,89.4,78.45,15.0,14.99,27.02,50.05,0,0,0,0,0
2026-01-01T00:39:43Z,compressor_trip,NORMAL,8402.7,39.84,88.54,78.63,14.99,15.09,27.02,49.99,0,0,0,0,0
2026-01-01T00:39:44Z,compressor_trip,NORMAL,8397.2,39.64,89.02,78.37,15.04,14.97,26.86,50.0,0,0,0,0,0
2026-01-01T00:39:45Z,compressor_trip,NORMAL,8404.0,39.97,89.84,78.81,15.28,14.93,27.01,49.92,0,0,0,0,0
2026-01-01T00:39:46Z,compressor_trip,NORMAL,8412.5,39.69,89.09,78.15,15.08,15.02,27.0,50.06,0,0,0,0,0
2026-01-01T00:39:47Z,compressor_trip,NORMAL,8399.2,39.99,88.33,79.01,14.84,15.06,27.04,49.99,0,0,0,0,0
2026-01-01T00:39:48Z,compressor_trip,NORMAL,8404.1,40.2,89.0,78.44,15.02,14.96,26.94,49.93,0,0,0,0,0
2026-01-01T00:39:49Z,compressor_trip,NORMAL,8399.8,39.93,89.27,78.89,15.09,14.82,27.03,49.99,0,0,0,0,0
2026-01-01T00:39:50Z,compressor_trip,NORMAL,8407.2,40.08,88.94,79.29,15.08,15.02,26.94,49.97,0,0,0,0,0
2026-01-01T00:39:51Z,compressor_trip,NORMAL,8418.3,39.69,88.35,78.47,14.93,15.09,27.14,50.0,0,0,0,0,0
2026-01-01T00:39:52Z,compressor_trip,NORMAL,8407.1,40.03,88.69,78.27,15.04,14.93,26.92,49.99,0,0,0,0,0
2026-01-01T00:39:53Z,compressor_trip,NORMAL,8392.3,40.25,89.35,78.38,15.11,15.04,26.94,49.98,0,0,0,0,0
2026-01-01T00:39:54Z,compressor_trip,NORMAL,8400.8,39.92,88.97,78.36,14.87,15.03,26.96,49.94,0,0,0,0,0
2026-01-01T00:39:55Z,compressor_trip,NORMAL,8403.8,39.43,89.41,78.49,15.02,15.06,27.08,50.03,0,0,0,0,0
2026-01-01T00:39:56Z,compressor_trip,NORMAL,8403.5,40.11,88.88,79.36,15.11,14.91,27.0,50.05,0,0,0,0,0
2026-01-01T00:39:57Z,compressor_trip,NORMAL,8420.1,40.24,89.29,79.09,14.92,15.07,26.95,49.97,0,0,0,0,0
2026-01-01T00:39:58Z,compressor_trip,NORMAL,8400.1,40.02,88.36,79.44,15.11,15.2,26.99,50.01,0,0,0,0,0
2026-01-01T00:39:59Z,compressor_trip,NORMAL,8391.7,39.81,89.07,80.03,14.95,15.03,26.91,49.99,0,0,0,0,0
2026-01-01T00:40:00Z,compressor_trip,NORMAL,8419.2,39.93,89.54,79.02,14.98,14.98,27.03,50.02,0,0,0,0,0
2026-01-01T00:40:01Z,compressor_trip,NORMAL,8397.8,40.31,89.1,78.96,14.87,15.03,27.11,50.04,0,0,0,0,0
2026-01-01T00:40:02Z,compressor_trip,NORMAL,8417.8,40.05,89.12,79.18,14.91,14.98,27.09,50.02,0,0,0,0,0
2026-01-01T00:40:03Z,compressor_trip,NORMAL,8418.4,39.81,88.67,78.99,15.18,15.03,26.88,50.1,0,0,0,0,0
2026-01-01T00:40:04Z,compressor_trip,NORMAL,8410.3,39.67,89.48,77.21,15.05,15.04,27.06,49.88,0,0,0,0,0
2026-01-01T00:40:05Z,compressor_trip,NORMAL,8407.1,40.0,88.98,79.36,15.26,15.09,27.05,49.92,0,0,0,0,0
2026-01-01T00:40:06Z,compressor_trip,NORMAL,8403.9,40.34,89.26,78.8,15.09,15.11,27.06,50.0,0,0,0,0,0
2026-01-01T00:40:07Z,compressor_trip,NORMAL,8412.0,40.26,89.02,78.71,14.97,14.77,26.96,49.93,0,0,0,0,0
2026-01-01T00:40:08Z,compressor_trip,NORMAL,8403.1,40.35,89.18,78.44,15.06,15.13,26.99,50.03,0,0,0,0,0
2026-01-01T00:40:09Z,compressor_trip,NORMAL,8404.0,39.86,89.95,79.62,14.96,15.01,26.79,50.02,0,0,0,0,0
2026-01-01T00:40:10Z,compressor_trip,NORMAL,8409.9,39.96,89.28,78.94,15.18,14.94,26.89,50.05,0,0,0,0,0
2026-01-01T00:40:11Z,compressor_trip,NORMAL,8412.8,40.04,89.54,79.39,15.19,15.16,26.75,49.97,0,0,0,0,0
2026-01-01T00:40:12Z,compressor_trip,NORMAL,8426.4,40.2,88.53,78.86,15.0,14.92,26.88,49.96,0,0,0,0,0
2026-01-01T00:40:13Z,compressor_trip,NORMAL,8401.8,40.12,88.11,79.44,15.15,14.98,27.05,50.04,0,0,0,0,0
2026-01-01T00:40:14Z,compressor_trip,NORMAL,8433.9,40.0,88.64,78.99,14.98,15.01,26.97,49.95,0,0,0,0,0
2026-01-01T00:40:15Z,compressor_trip,NORMAL,8397.5,39.54,89.28,78.96,15.08,15.02,27.0,49.98,0,0,0,0,0
2026-01-01T00:40:16Z,compressor_trip,NORMAL,8410.3,40.02,88.37,79.46,15.02,14.77,27.0,49.88,0,0,0,0,0
2026-01-01T00:40:17Z,compressor_trip,NORMAL,8417.6,40.26,89.01,78.74,15.03,15.08,26.99,50.06,0,0,0,0,0
2026-01-01T00:40:18Z,compressor_trip,NORMAL,8406.1,39.99,89.18,78.95,15.04,15.06,27.07,49.99,0,0,0,0,0
2026-01-01T00:40:19Z,compressor_trip,NORMAL,8413.5,40.13,89.04,78.93,15.06,15.02,26.97,49.94,0,0,0,0,0
2026-01-01T00:40:20Z,compressor_trip,NORMAL,8420.3,39.96,90.13,79.1,15.07,15.0,26.98,50.02,0,0,0,0,0
2026-01-01T00:40:21Z,compressor_trip,NORMAL,8427.6,40.03,89.07,79.42,14.98,14.9,26.97,50.02,0,0,0,0,0
2026-01-01T00:40:22Z,compressor_trip,NORMAL,8428.1,40.01,88.29,78.63,15.05,15.0,27.1,50.06,0,0,0,0,0
2026-01-01T00:40:23Z,compressor_trip,NORMAL,8441.3,40.07,89.36,78.61,15.0,14.86,26.99,49.98,0,0,0,0,0
2026-01-01T00:40:24Z,compressor_trip,NORMAL,8393.9,40.02,89.05,78.35,14.83,14.97,26.95,49.92,0,0,0,0,0
2026-01-01T00:40:25Z,compressor_trip,NORMAL,8410.4,39.87,88.3,78.81,14.91,15.29,27.2,49.96,0,0,0,0,0
2026-01-01T00:40:26Z,compressor_trip,NORMAL,8426.7,39.81,88.71,79.07,15.0,15.03,27.13,49.96,0,0,0,0,0
2026-01-01T00:40:27Z,compressor_trip,NORMAL,8430.7,39.96,88.94,78.67,15.03,15.03,27.09,49.89,0,0,0,0,0
2026-01-01T00:40:28Z,compressor_trip,NORMAL,8423.4,40.04,89.42,78.73,14.93,14.89,26.91,50.03,0,0,0,0,0
2026-01-01T00:40:29Z,compressor_trip,NORMAL,8403.2,40.0,89.52,78.93,15.06,14.99,26.95,50.1,0,0,0,0,0
2026-01-01T00:40:30Z,compressor_trip,NORMAL,8430.1,40.01,88.94,79.36,14.98,15.01,26.86,50.11,0,0,0,0,0
2026-01-01T00:40:31Z,compressor_trip,NORMAL,8415.3,39.91,88.44,78.65,15.07,14.92,26.99,50.01,0,0,0,0,0
2026-01-01T00:40:32Z,compressor_trip,NORMAL,8426.9,40.04,89.71,78.49,15.06,14.85,26.92,49.99,0,0,0,0,0
2026-01-01T00:40:33Z,compressor_trip,NORMAL,8400.0,39.98,88.78,78.55,14.86,14.9,27.02,49.99,0,0,0,0,0
2026-01-01T00:40:34Z,compressor_trip,NORMAL,8427.4,39.93,88.55,78.93,15.07,15.03,26.94,50.02,0,0,0,0,0
2026-01-01T00:40:35Z,compressor_trip,NORMAL,8426.9,40.44,88.93,78.8,14.91,15.23,27.02,50.16,0,0,0,0,0
2026-01-01T00:40:36Z,compressor_trip,NORMAL,8432.7,40.02,89.27,79.24,15.03,14.76,26.88,49.99,0,0,0,0,0
2026-01-01T00:40:37Z,compressor_trip,NORMAL,8410.5,39.91,89.8,78.79,15.06,14.74,26.95,50.01,0,0,0,0,0
2026-01-01T00:40:38Z,compressor_trip,NORMAL,8415.0,39.64,89.25,79.14,14.94,15.01,27.06,50.02,0,0,0,0,0
2026-01-01T00:40:39Z,compressor_trip,NORMAL,8430.5,40.01,88.6,78.83,14.98,15.01,26.93,49.92,0,0,0,0,0
2026-01-01T00:40:40Z,compressor_trip,NORMAL,8439.9,40.51,89.74,79.65,15.09,14.95,26.93,50.02,0,0,0,0,0
2026-01-01T00:40:41Z,compressor_trip,NORMAL,8423.3,39.87,88.7,78.97,14.89,15.0,26.96,49.96,0,0,0,0,0
2026-01-01T00:40:42Z,compressor_trip,NORMAL,8436.8,39.61,89.9,78.64,14.94,15.15,27.04,49.99,0,0,0,0,0
2026-01-01T00:40:43Z,compressor_trip,NORMAL,8431.6,40.1,87.81,79.63,15.05,14.93,26.97,49.99,0,0,0,0,0
2026-01-01T00:40:44Z,compressor_trip,NORMAL,8423.3,39.88,89.78,79.11,14.99,14.86,27.0,50.08,0,0,0,0,0
2026-01-01T00:40:45Z,compressor_trip,NORMAL,8424.9,40.01,89.26,79.72,14.9,15.05,26.9,50.02,0,0,0,0,0
2026-01-01T00:40:46Z,compressor_trip,NORMAL,8446.9,39.88,89.21,78.83,14.76,15.06,26.72,50.09,0,0,0,0,0
2026-01-01T00:40:47Z,compressor_trip,NORMAL,8412.6,39.98,89.07,78.62,14.91,15.12,26.91,50.02,0,0,0,0,0
2026-01-01T00:40:48Z,compressor_trip,NORMAL,8452.3,40.42,89.89,78.91,14.67,15.12,27.02,49.96,0,0,0,0,0
2026-01-01T00:40:49Z,compressor_trip,NORMAL,8438.3,39.88,88.83,78.71,15.07,14.87,26.83,49.97,0,0,0,0,0
2026-01-01T00:40:50Z,compressor_trip,NORMAL,8432.4,40.04,89.48,79.07,14.88,14.99,26.87,50.0,0,0,0,0,0
2026-01-01T00:40:51Z,compressor_trip,NORMAL,8439.4,40.12,89.85,78.43,14.97,15.08,26.81,50.04,0,0,0,0,0
2026-01-01T00:40:52Z,compressor_trip,NORMAL,8431.5,40.08,89.42,79.26,15.03,14.9,26.95,50.08,0,0,0,0,0
2026-01-01T00:40:53Z,compressor_trip,NORMAL,8430.6,40.15,88.99,78.99,15.14,14.97,26.93,50.04,0,0,0,0,0
2026-01-01T00:40:54Z,compressor_trip,NORMAL,8444.3,39.69,89.9,79.6,14.93,15.0,26.83,49.98,0,0,0,0,0
2026-01-01T00:40:55Z,compressor_trip,NORMAL,8437.3,40.0,89.1,78.82,15.02,15.15,26.97,49.94,0,0,0,0,0
2026-01-01T00:40:56Z,compressor_trip,NORMAL,8450.7,39.73,89.18,78.54,14.97,15.18,26.64,49.96,0,0,0,0,0
2026-01-01T00:40:57Z,compressor_trip,NORMAL,8423.0,40.23,90.25,79.26,15.13,14.71,26.97,50.03,0,0,0,0,0
2026-01-01T00:40:58Z,compressor_trip,NORMAL,8446.6,39.88,89.07,78.82,15.02,14.94,26.98,49.98,0,0,0,0,0
2026-01-01T00:40:59Z,compressor_trip,NORMAL,8434.1,40.1,89.28,78.55,15.24,15.01,26.9,50.0,0,0,0,0,0
2026-01-01T00:41:00Z,compressor_trip,NORMAL,8439.4,39.6,88.2,80.14,15.01,15.03,26.93,49.98,0,0,0,0,0
2026-01-01T00:41:01Z,compressor_trip,NORMAL,8425.0,40.12,88.53,78.4,15.04,15.01,26.9,50.12,0,0,0,0,0
2026-01-01T00:41:02Z,compressor_trip,NORMAL,8449.2,40.43,89.08,79.22,15.12,15.1,26.94,49.93,0,0,0,0,0
2026-01-01T00:41:03Z,compressor_trip,NORMAL,8430.2,40.06,88.59,79.63,15.11,15.09,26.76,50.07,0,0,0,0,0
2026-01-01T00:41:04Z,compressor_trip,NORMAL,8446.8,39.53,89.07,78.56,15.0,14.97,26.89,50.0,0,0,0,0,0
2026-01-01T00:41:05Z,compressor_trip,NORMAL,8434.5,39.69,88.75,78.5,14.95,15.08,26.98,50.0,0,0,0,0,0
2026-01-01T00:41:06Z,compressor_trip,NORMAL,8449.8,40.21,89.47,79.81,14.99,14.98,27.05,49.97,0,0,0,0,0
2026-01-01T00:41:07Z,compressor_trip,NORMAL,8439.2,39.66,89.33,79.2,15.07,15.09,26.94,49.92,0,0,0,0,0
2026-01-01T00:41:08Z,compressor_trip,NORMAL,8425.0,40.1,89.47,79.29,14.98,14.95,26.73,49.91,0,0,0,0,0
2026-01-01T00:41:09Z,compressor_trip,NORMAL,8461.4,40.35,88.93,78.3,14.75,14.84,26.93,50.06,0,0,0,0,0
2026-01-01T00:41:10Z,compressor_trip,NORMAL,8455.1,40.09,89.21,79.53,14.9,15.03,27.07,49.92,0,0,0,0,0
2026-01-01T00:41:11Z,compressor_trip,NORMAL,8469.1,40.02,88.69,79.02,14.98,14.91,26.81,50.08,0,0,0,0,0
2026-01-01T00:41:12Z,compressor_trip,NORMAL,8450.3,40.0,88.98,78.64,14.95,15.17,27.06,50.08,0,0,0,0,0
2026-01-01T00:41:13Z,compressor_trip,NORMAL,8458.7,39.97,89.65,78.81,15.31,15.07,26.79,49.95,0,0,0,0,0
2026-01-01T00:41:14Z,compressor_trip,NORMAL,8435.4,39.88,89.39,80.0,15.18,15.02,26.88,49.96,0,0,0,0,0
2026-01-01T00:41:15Z,compressor_trip,NORMAL,8440.6,40.12,89.47,80.24,15.08,14.95,26.92,49.9,0,0,0,0,0
2026-01-01T00:41:16Z,compressor_trip,NORMAL,8461.1,40.14,89.36,78.32,15.15,14.89,26.91,50.0,0,0,0,0,0
2026-01-01T00:41:17Z,compressor_trip,NORMAL,8462.8,39.94,88.54,80.33,15.14,14.96,26.94,49.89,0,0,0,0,0
2026-01-01T00:41:18Z,compressor_trip,NORMAL,8468.1,40.32,89.24,78.55,14.85,14.86,26.84,49.98,0,0,0,0,0
2026-01-01T00:41:19Z,compressor_trip,NORMAL,8465.5,39.81,89.49,79.36,15.14,14.91,26.77,49.95,0,0,0,0,0
2026-01-01T00:41:20Z,compressor_trip,NORMAL,8462.6,39.84,89.52,79.58,14.97,15.03,26.82,50.01,0,0,0,0,0
2026-01-01T00:41:21Z,compressor_trip,NORMAL,8464.6,39.76,89.18,79.58,14.98,14.93,26.79,49.9,0,0,0,0,0
2026-01-01T00:41:22Z,compressor_trip,NORMAL,8465.7,39.89,89.29,79.25,14.92,15.16,26.97,49.97,0,0,0,0,0
2026-01-01T00:41:23Z,compressor_trip,NORMAL,8454.2,40.0,90.09,79.3,15.06,14.88,26.68,50.06,0,0,0,0,0
2026-01-01T00:41:24Z,compressor_trip,NORMAL,8459.6,40.14,89.09,80.04,15.04,14.98,26.87,49.99,0,0,0,0,0
2026-01-01T00:41:25Z,compressor_trip,NORMAL,8452.7,40.07,89.63,79.09,14.86,14.91,26.86,50.0,0,0,0,0,0
2026-01-01T00:41:26Z,compressor_trip,NORMAL,8460.9,40.09,89.98,78.78,15.01,14.82,26.83,50.01,0,0,0,0,0
2026-01-01T00:41:27Z,compressor_trip,NORMAL,8461.3,40.08,89.67,78.83,14.98,14.69,26.91,49.95,0,0,0,0,0
2026-01-01T00:41:28Z,compressor_trip,NORMAL,8461.2,40.03,89.22,79.78,15.07,15.01,26.95,49.95,0,0,0,0,0
2026-01-01T00:41:29Z,compressor_trip,NORMAL,8455.8,40.28,89.59,78.8,15.17,14.99,26.74,50.01,0,0,0,0,0
2026-01-01T00:41:30Z,compressor_trip,NORMAL,8470.9,40.23,89.45,79.71,15.06,15.01,26.72,50.03,0,0,0,0,0
2026-01-01T00:41:31Z,compressor_trip,NORMAL,8475.8,39.8,89.34,79.88,15.01,15.03,26.81,49.98,0,0,0,0,0
2026-01-01T00:41:32Z,compressor_trip,NORMAL,8471.6,39.8,88.21,79.15,15.05,14.96,26.81,50.0,0,0,0,0,0
2026-01-01T00:41:33Z,compressor_trip,NORMAL,8481.3,40.06,89.61,79.47,14.94,14.92,26.92,50.05,0,0,0,0,0
2026-01-01T00:41:34Z,compressor_trip,NORMAL,8489.5,40.16,89.74,79.85,14.96,14.74,26.8,50.03,0,0,0,0,0
2026-01-01T00:41:35Z,compressor_trip,NORMAL,8482.0,40.21,89.75,80.02,14.97,14.81,26.8,49.97,0,0,0,0,0
2026-01-01T00:41:36Z,compressor_trip,NORMAL,8473.0,39.96,89.54,80.54,14.9,14.99,26.86,49.97,0,0,0,0,0
2026-01-01T00:41:37Z,compressor_trip,NORMAL,8469.1,39.67,89.71,79.05,14.99,15.02,26.69,49.99,0,0,0,0,0
2026-01-01T00:41:38Z,compressor_trip,NORMAL,8477.7,39.78,88.93,79.06,15.09,14.98,26.94,49.96,0,0,0,0,0
2026-01-01T00:41:39Z,compressor_trip,NORMAL,8477.0,40.03,89.93,80.13,14.95,15.1,26.87,49.94,0,0,0,0,0
2026-01-01T00:41:40Z,compressor_trip,NORMAL,8486.7,39.84,89.47,79.79,14.96,15.02,26.87,49.99,0,0,0,0,0
2026-01-01T00:41:41Z,compressor_trip,NORMAL,8485.0,39.79,89.88,79.72,15.03,15.1,26.93,49.95,0,0,0,0,0
2026-01-01T00:41:42Z,compressor_trip,NORMAL,8480.9,40.07,90.24,80.55,15.03,15.04,26.88,49.91,0,0,0,0,0
2026-01-01T00:41:43Z,compressor_trip,NORMAL,8488.0,39.75,89.03,79.53,15.05,14.99,26.96,50.07,0,0,0,0,0
2026-01-01T00:41:44Z,compressor_trip,NORMAL,8493.3,40.35,89.43,79.79,15.05,14.91,26.84,50.0,0,0,0,0,0
2026-01-01T00:41:45Z,compressor_trip,NORMAL,8485.0,40.08,89.14,79.8,15.05,15.19,26.87,50.01,0,0,0,0,0
2026-01-01T00:41:46Z,compressor_trip,NORMAL,8488.3,40.19,90.37,79.36,14.96,14.99,26.94,49.99,0,0,0,0,0
2026-01-01T00:41:47Z,compressor_trip,NORMAL,8481.5,39.86,89.83,79.37,14.81,14.94,26.66,50.03,0,0,0,0,0
2026-01-01T00:41:48Z,compressor_trip,NORMAL,8487.2,39.55,89.83,79.34,15.1,14.95,26.89,49.9,0,0,0,0,0
2026-01-01T00:41:49Z,compressor_trip,NORMAL,8477.4,39.56,89.68,79.86,15.08,15.17,26.95,50.1,0,0,0,0,0
2026-01-01T00:41:50Z,compressor_trip,NORMAL,8482.8,40.1,90.47,80.14,15.04,15.07,26.59,50.05,0,0,0,0,0
2026-01-01T00:41:51Z,compressor_trip,NORMAL,8489.7,39.99,89.9,80.19,14.99,14.83,26.83,50.02,0,0,0,0,0
2026-01-01T00:41:52Z,compressor_trip,NORMAL,8500.0,39.81,88.68,78.61,14.93,15.14,26.87,50.07,0,0,0,0,0
2026-01-01T00:41:53Z,compressor_trip,NORMAL,8501.6,40.22,90.39,79.55,14.96,14.99,26.89,49.98,0,0,0,0,0
2026-01-01T00:41:54Z,compressor_trip,NORMAL,8484.8,40.12,91.12,79.99,14.9,14.96,26.92,50.04,0,0,0,0,0
2026-01-01T00:41:55Z,compressor_trip,NORMAL,8484.0,40.1,89.68,79.86,15.08,14.9,26.75,50.13,0,0,0,0,0
2026-01-01T00:41:56Z,compressor_trip,NORMAL,8487.1,39.92,89.84,78.94,15.16,15.02,26.71,50.0,0,0,0,0,0
2026-01-01T00:41:57Z,compressor_trip,NORMAL,8494.5,40.01,89.83,78.02,15.0,14.81,26.87,50.0,0,0,0,0,0
2026-01-01T00:41:58Z,compressor_trip,NORMAL,8511.6,40.02,90.87,80.39,15.08,14.89,26.92,50.07,0,0,0,0,0
2026-01-01T00:41:59Z,compressor_trip,NORMAL,8511.0,39.8,90.84,79.28,15.0,15.03,26.82,50.07,0,0,0,0,0
2026-01-01T00:42:00Z,compressor_trip,NORMAL,8504.7,40.03,90.25,79.37,15.02,15.06,26.89,50.0,0,0,0,0,0
2026-01-01T00:42:01Z,compressor_trip,NORMAL,8497.0,40.05,90.29,78.64,15.03,14.91,26.88,50.0,0,0,0,0,0
2026-01-01T00:42:02Z,compressor_trip,NORMAL,8505.1,39.91,89.67,80.04,14.96,14.79,26.84,50.05,0,0,0,0,0
2026-01-01T00:42:03Z,compressor_trip,NORMAL,8488.0,39.99,89.2,79.39,15.02,15.06,26.83,49.97,0,0,0,0,0
2026-01-01T00:42:04Z,compressor_trip,NORMAL,8512.0,40.33,89.69,79.87,14.99,15.01,26.73,49.99,0,0,0,0,0
2026-01-01T00:42:05Z,compressor_trip,NORMAL,8502.5,39.75,89.78,79.49,15.09,14.85,26.82,49.98,0,0,0,0,0
2026-01-01T00:42:06Z,compressor_trip,NORMAL,8506.2,39.95,90.1,78.88,14.83,15.14,26.71,49.96,0,0,0,0,0
2026-01-01T00:42:07Z,compressor_trip,NORMAL,8509.5,39.97,89.98,80.3,15.04,15.11,26.78,50.04,0,0,0,0,0
2026-01-01T00:42:08Z,compressor_trip,NORMAL,8517.4,40.37,89.46,80.17,15.1,14.89,26.61,49.96,0,0,0,0,0
2026-01-01T00:42:09Z,compressor_trip,NORMAL,8490.8,40.49,90.19,79.88,14.97,15.02,26.82,50.06,0,0,0,0,0
2026-01-01T00:42:10Z,compressor_trip,NORMAL,8508.8,40.2,90.91,79.4,14.99,15.09,26.74,49.95,0,0,0,0,0
2026-01-01T00:42:11Z,compressor_trip,NORMAL,8515.3,39.92,90.87,80.4,14.94,14.8,26.7,50.02,0,0,0,0,0
2026-01-01T00:42:12Z,compressor_trip,NORMAL,8509.9,39.95,89.74,79.63,14.99,14.88,26.77,50.1,0,0,0,0,0
2026-01-01T00:42:13Z,compressor_trip,NORMAL,8509.8,40.13,89.97,79.6,14.93,14.82,26.74,50.03,0,0,0,0,0
2026-01-01T00:42:14Z,compressor_trip,NORMAL,8509.6,40.32,90.45,80.29,15.06,15.05,26.86,49.95,0,0,0,0,0
2026-01-01T00:42:15Z,compressor_trip,NORMAL,8491.8,40.16,89.77,79.86,14.74,15.06,26.67,50.06,0,0,0,0,0
2026-01-01T00:42:16Z,compressor_trip,NORMAL,8517.3,39.91,90.57,80.15,14.98,14.93,26.81,49.96,0,0,0,0,0
2026-01-01T00:42:17Z,compressor_trip,NORMAL,8530.7,39.85,89.37,79.37,15.08,14.98,26.67,49.98,0,0,0,0,0
2026-01-01T00:42:18Z,compressor_trip,NORMAL,8502.7,40.12,90.23,79.53,15.02,15.07,26.85,50.06,0,0,0,0,0
2026-01-01T00:42:19Z,compressor_trip,NORMAL,8507.9,39.93,89.65,80.37,15.09,15.03,26.75,49.93,0,0,0,0,0
2026-01-01T00:42:20Z,compressor_trip,NORMAL,8525.3,39.96,90.43,79.54,14.82,15.0,26.76,49.94,0,0,0,0,0
2026-01-01T00:42:21Z,compressor_trip,NORMAL,8524.5,39.78,90.54,79.78,14.84,15.07,26.89,50.07,0,0,0,0,0
2026-01-01T00:42:22Z,compressor_trip,NORMAL,8531.4,40.03,89.91,80.02,14.95,14.97,26.75,50.03,0,0,0,0,0
2026-01-01T00:42:23Z,compressor_trip,NORMAL,8524.4,39.6,90.11,79.67,14.95,14.97,26.8,50.03,0,0,0,0,0
2026-01-01T00:42:24Z,compressor_trip,NORMAL,8511.6,40.27,89.68,79.78,15.07,14.78,26.62,50.05,0,0,0,0,0
2026-01-01T00:42:25Z,compressor_trip,NORMAL,8533.3,39.98,89.84,79.79,15.01,14.79,26.74,49.98,0,0,0,0,0
2026-01-01T00:42:26Z,compressor_trip,NORMAL,8540.2,39.88,90.17,80.3,14.97,15.13,26.61,49.95,0,0,0,0,0
2026-01-01T00:42:27Z,compressor_trip,NORMAL,8512.9,39.82,89.42,80.49,14.95,15.02,26.69,50.02,0,0,0,0,0
2026-01-01T00:42:28Z,compressor_trip,NORMAL,8529.8,39.84,90.86,78.83,14.96,15.05,26.93,50.04,0,0,0,0,0
2026-01-01T00:42:29Z,compressor_trip,NORMAL,8525.1,39.97,90.21,80.13,15.0,14.96,26.77,50.05,0,0,0,0,0
2026-01-01T00:42:30Z,compressor_trip,NORMAL,8531.5,40.26,90.48,80.26,14.96,15.01,26.66,49.97,0,0,0,0,0
2026-01-01T00:42:31Z,compressor_trip,NORMAL,8531.3,40.0,91.34,79.7,15.07,15.09,26.84,50.01,0,0,0,0,0
2026-01-01T00:42:32Z,compressor_trip,NORMAL,8510.8,40.27,90.21,79.02,15.26,15.09,26.81,49.96,0,0,0,0,0
2026-01-01T00:42:33Z,compressor_trip,NORMAL,8532.5,40.24,90.29,79.95,14.94,14.97,26.77,50.04,0,0,0,0,0
2026-01-01T00:42:34Z,compressor_trip,NORMAL,8546.9,40.2,89.7,79.15,14.97,14.94,26.78,49.98,0,0,0,0,0
2026-01-01T00:42:35Z,compressor_trip,NORMAL,8530.7,40.02,90.89,79.72,14.99,15.04,26.68,50.01,0,0,0,0,0
2026-01-01T00:42:36Z,compressor_trip,NORMAL,8534.4,40.09,89.63,80.87,14.95,15.22,26.75,50.03,0,0,0,0,0
2026-01-01T00:42:37Z,compressor_trip,NORMAL,8513.1,40.08,89.7,79.93,14.8,15.11,26.92,50.02,0,0,0,0,0
2026-01-01T00:42:38Z,compressor_trip,NORMAL,8536.8,40.15,90.09,80.7,15.08,15.02,26.69,50.01,0,0,0,0,0
2026-01-01T00:42:39Z,compressor_trip,NORMAL,8531.5,40.16,89.75,79.99,15.19,15.0,26.58,50.0,0,0,0,0,0
2026-01-01T00:42:40Z,compressor_trip,NORMAL,8539.9,40.16,90.72,80.99,14.98,15.07,26.65,50.08,0,0,0,0,0
2026-01-01T00:42:41Z,compressor_trip,NORMAL,8548.0,40.11,90.4,80.51,15.03,14.83,26.61,50.0,0,0,0,0,0
2026-01-01T00:42:42Z,compressor_trip,NORMAL,8538.1,40.26,90.62,80.06,15.12,14.88,26.66,50.03,0,0,0,0,0
2026-01-01T00:42:43Z,compressor_trip,NORMAL,8542.4,39.91,90.19,80.02,14.98,14.94,26.54,49.99,0,0,0,0,0
2026-01-01T00:42:44Z,compressor_trip,NORMAL,8538.9,40.29,90.38,80.08,14.94,15.1,26.59,50.09,0,0,0,0,0
2026-01-01T00:42:45Z,compressor_trip,NORMAL,8517.5,40.05,90.58,80.54,14.98,15.09,26.68,50.0,0,0,0,0,0
2026-01-01T00:42:46Z,compressor_trip,NORMAL,8546.1,39.75,90.47,80.71,14.99,15.11,26.63,50.09,0,0,0,0,0
2026-01-01T00:42:47Z,compressor_trip,NORMAL,8532.3,39.75,90.22,80.65,15.12,14.97,26.67,50.05,0,0,0,0,0
2026-01-01T00:42:48Z,compressor_trip,NORMAL,8536.3,40.12,89.85,79.98,14.89,14.84,26.74,49.97,0,0,0,0,0
2026-01-01T00:42:49Z,compressor_trip,NORMAL,8535.2,40.12,90.17,79.69,15.01,15.13,26.78,49.88,0,0,0,0,0
2026-01-01T00:42:50Z,compressor_trip,NORMAL,8559.1,40.12,90.55,80.0,14.92,15.09,26.66,49.99,0,0,0,0,0
2026-01-01T00:42:51Z,compressor_trip,NORMAL,8556.9,40.08,90.68,80.02,15.01,14.99,26.59,50.0,0,0,0,0,0
2026-01-01T00:42:52Z,compressor_trip,NORMAL,8542.8,39.73,90.67,79.74,14.98,15.07,26.5,50.05,0,0,0,0,0
2026-01-01T00:42:53Z,compressor_trip,NORMAL,8569.4,40.09,90.48,80.55,14.99,15.1,26.6,50.0,0,0,0,0,0
2026-01-01T00:42:54Z,compressor_trip,NORMAL,8537.8,40.17,90.38,80.09,14.87,15.09,26.71,49.98,0,0,0,0,0
2026-01-01T00:42:55Z,compressor_trip,NORMAL,8555.9,39.95,90.65,80.66,15.14,14.83,26.56,49.93,0,0,0,0,0
2026-01-01T00:42:56Z,compressor_trip,NORMAL,8538.0,39.77,89.77,80.42,14.94,15.03,26.67,49.93,0,0,0,0,0
2026-01-01T00:42:57Z,compressor_trip,NORMAL,8552.9,39.94,90.13,80.28,14.93,15.04,26.72,49.93,0,0,0,0,0
2026-01-01T00:42:58Z,compressor_trip,NORMAL,8545.7,39.62,89.9,80.21,14.87,15.1,26.53,50.15,0,0,0,0,0
2026-01-01T00:42:59Z,compressor_trip,NORMAL,8552.6,40.04,90.28,79.86,15.12,15.14,26.64,49.98,0,0,0,0,0
2026-01-01T00:43:00Z,compressor_trip,NORMAL,8546.7,39.79,90.57,79.4,14.9,14.97,26.64,49.99,0,0,0,0,0
2026-01-01T00:43:01Z,compressor_trip,NORMAL,8550.2,40.08,90.68,80.33,15.01,14.87,26.85,49.97,0,0,0,0,0
2026-01-01T00:43:02Z,compressor_trip,NORMAL,8562.5,40.01,90.75,79.65,15.01,14.88,26.53,49.95,0,0,0,0,0
2026-01-01T00:43:03Z,compressor_trip,NORMAL,8545.5,39.9,90.66,80.49,15.09,15.13,26.8,49.98,0,0,0,0,0
2026-01-01T00:43:04Z,compressor_trip,NORMAL,8558.7,39.86,91.22,80.72,15.11,14.94,26.67,49.96,0,0,0,0,0
2026-01-01T00:43:05Z,compressor_trip,NORMAL,8557.7,40.2,90.51,80.41,14.97,14.87,26.57,49.93,0,0,0,0,0
2026-01-01T00:43:06Z,compressor_trip,NORMAL,8563.5,39.99,90.71,79.06,14.9,15.29,26.61,49.99,0,0,0,0,0
2026-01-01T00:43:07Z,compressor_trip,NORMAL,8556.6,40.34,90.16,79.98,15.1,15.02,26.68,50.06,0,0,0,0,0
2026-01-01T00:43:08Z,compressor_trip,NORMAL,8565.4,39.81,90.95,80.33,14.95,14.96,26.69,50.0,0,0,0,0,0
2026-01-01T00:43:09Z,compressor_trip,NORMAL,8575.7,39.83,90.42,81.2,15.06,14.86,26.64,49.92,0,0,0,0,0
2026-01-01T00:43:10Z,compressor_trip,NORMAL,8564.1,39.93,90.54,80.1,14.8,15.04,26.75,50.0,0,0,0,0,0
2026-01-01T00:43:11Z,compressor_trip,NORMAL,8570.8,39.95,90.63,80.59,15.09,14.92,26.72,49.94,0,0,0,0,0
2026-01-01T00:43:12Z,compressor_trip,NORMAL,8568.0,39.96,90.38,80.05,15.03,14.78,26.48,49.91,0,0,0,0,0
2026-01-01T00:43:13Z,compressor_trip,NORMAL,8562.2,39.93,91.79,80.38,15.01,14.95,26.72,50.02,0,0,0,0,0
2026-01-01T00:43:14Z,compressor_trip,NORMAL,8573.3,40.23,91.61,80.65,15.03,15.11,26.48,49.99,0,0,0,0,0
2026-01-01T00:43:15Z,compressor_trip,NORMAL,8586.6,39.7,90.89,80.51,15.04,15.05,26.71,49.98,0,0,0,0,0
2026-01-01T00:43:16Z,compressor_trip,NORMAL,8557.0,39.72,91.11,79.57,14.89,15.21,26.58,49.99,0,0,0,0,0
2026-01-01T00:43:17Z,compressor_trip,NORMAL,8574.8,40.19,90.24,80.19,14.87,14.94,26.5,50.01,0,0,0,0,0
2026-01-01T00:43:18Z,compressor_trip,NORMAL,8579.5,40.11,90.06,80.73,15.1,15.09,26.73,49.94,0,0,0,0,0
2026-01-01T00:43:19Z,compressor_trip,NORMAL,8574.5,40.2,90.59,80.48,15.05,15.01,26.71,50.01,0,0,0,0,0
2026-01-01T00:43:20Z,compressor_trip,NORMAL,8556.2,40.08,91.21,78.92,14.87,15.07,26.63,49.97,0,0,0,0,0
2026-01-01T00:43:21Z,compressor_trip,NORMAL,8574.1,40.35,90.14,80.94,14.94,14.93,26.38,49.99,0,0,0,0,0
2026-01-01T00:43:22Z,compressor_trip,NORMAL,8570.2,40.0,91.04,81.19,14.96,15.14,26.52,49.96,0,0,0,0,0
2026-01-01T00:43:23Z,compressor_trip,NORMAL,8566.6,39.84,90.61,80.52,15.19,15.12,26.66,49.99,0,0,0,0,0
2026-01-01T00:43:24Z,compressor_trip,NORMAL,8572.7,40.13,91.25,80.12,14.85,15.1,26.53,49.96,0,0,0,0,0
2026-01-01T00:43:25Z,compressor_trip,NORMAL,8561.2,40.24,91.82,80.49,14.97,15.09,26.66,50.06,0,0,0,0,0
2026-01-01T00:43:26Z,compressor_trip,NORMAL,8572.9,39.95,90.24,81.1,14.89,15.05,26.65,50.03,0,0,0,0,0
2026-01-01T00:43:27Z,compressor_trip,NORMAL,8565.7,40.07,91.43,80.23,15.2,14.96,26.58,49.96,0,0,0,0,0
2026-01-01T00:43:28Z,compressor_trip,NORMAL,8583.8,39.83,91.01,80.88,14.98,14.89,26.42,50.0,0,0,0,0,0
2026-01-01T00:43:29Z,compressor_trip,NORMAL,8573.3,40.31,89.15,81.51,15.07,14.98,26.63,50.01,0,0,0,0,0
2026-01-01T00:43:30Z,compressor_trip,NORMAL,8559.7,40.08,91.25,80.43,14.95,14.97,26.42,49.97,0,0,0,0,0
2026-01-01T00:43:31Z,compressor_trip,NORMAL,8555.3,40.04,91.58,79.83,15.02,15.02,26.52,50.07,0,0,0,0,0
2026-01-01T00:43:32Z,compressor_trip,NORMAL,8573.3,40.08,90.17,80.91,15.1,15.01,26.62,50.02,0,0,0,0,0
2026-01-01T00:43:33Z,compressor_trip,NORMAL,8590.5,39.89,91.23,81.5,14.79,15.2,26.72,49.93,0,0,0,0,0
2026-01-01T00:43:34Z,compressor_trip,NORMAL,8575.9,39.9,91.36,80.21,15.12,14.96,26.55,50.08,0,0,0,0,0
2026-01-01T00:43:35Z,compressor_trip,NORMAL,8577.7,39.6,90.29,80.92,14.97,14.89,26.59,50.1,0,0,0,0,0
2026-01-01T00:43:36Z,compressor_trip,NORMAL,8572.5,40.07,90.8,81.19,15.23,15.07,26.58,49.9,0,0,0,0,0
2026-01-01T00:43:37Z,compressor_trip,NORMAL,8582.6,39.92,90.98,81.17,15.06,15.16,26.76,50.08,0,0,0,0,0
2026-01-01T00:43:38Z,compressor_trip,NORMAL,8579.4,40.03,91.13,80.34,15.26,15.09,26.42,49.89,0,0,0,0,0
2026-01-01T00:43:39Z,compressor_trip,NORMAL,8590.3,40.22,90.8,80.42,15.04,14.84,26.39,49.92,0,0,0,0,0
2026-01-01T00:43:40Z,compressor_trip,NORMAL,8593.7,39.76,90.49,80.47,15.05,15.05,26.53,49.95,0,0,0,0,0
2026-01-01T00:43:41Z,compressor_trip,NORMAL,8591.3,40.23,90.56,80.55,14.9,14.93,26.37,49.93,0,0,0,0,0
2026-01-01T00:43:42Z,compressor_trip,NORMAL,8579.2,40.08,91.09,79.47,15.14,15.16,26.35,50.12,0,0,0,0,0
2026-01-01T00:43:43Z,compressor_trip,NORMAL,8582.2,39.95,91.02,81.05,15.01,15.13,26.37,50.01,0,0,0,0,0
2026-01-01T00:43:44Z,compressor_trip,NORMAL,8570.8,39.77,90.56,80.37,15.08,14.94,26.58,49.97,0,0,0,0,0
2026-01-01T00:43:45Z,compressor_trip,NORMAL,8602.4,39.95,92.07,79.99,15.29,15.06,26.38,50.05,0,0,0,0,0
2026-01-01T00:43:46Z,compressor_trip,NORMAL,8588.8,39.94,90.65,80.34,15.1,14.96,26.42,50.01,0,0,0,0,0
2026-01-01T00:43:47Z,compressor_trip,NORMAL,8573.4,39.96,91.14,80.63,15.02,14.78,26.35,49.93,0,0,0,0,0
2026-01-01T00:43:48Z,compressor_trip,NORMAL,8587.4,39.98,90.88,81.86,14.95,15.0,26.49,50.03,0,0,0,0,0
2026-01-01T00:43:49Z,compressor_trip,NORMAL,8593.1,40.06,90.64,80.31,14.99,15.01,26.33,50.0,0,0,0,0,0
2026-01-01T00:43:50Z,compressor_trip,NORMAL,8585.2,39.94,91.34,80.66,15.01,15.04,26.31,49.97,0,0,0,0,0
2026-01-01T00:43:51Z,compressor_trip,NORMAL,8593.7,39.98,90.53,81.3,15.07,14.88,26.5,50.01,0,0,0,0,0
2026-01-01T00:43:52Z,compressor_trip,NORMAL,8581.8,40.01,91.29,80.81,15.03,15.08,26.51,50.0,0,0,0,0,0
2026-01-01T00:43:53Z,compressor_trip,NORMAL,8577.1,40.08,91.29,80.71,14.9,15.05,26.53,49.99,0,0,0,0,0
2026-01-01T00:43:54Z,compressor_trip,NORMAL,8594.4,40.1,92.03,80.62,15.11,14.9,26.34,50.01,0,0,0,0,0
2026-01-01T00:43:55Z,compressor_trip,NORMAL,8592.3,39.73,91.06,80.04,15.15,14.98,26.58,49.89,0,0,0,0,0
2026-01-01T00:43:56Z,compressor_trip,NORMAL,8603.4,40.16,91.2,80.66,14.91,14.98,26.4,50.05,0,0,0,0,0
2026-01-01T00:43:57Z,compressor_trip,NORMAL,8593.5,39.99,91.16,80.15,15.0,15.0,26.32,50.07,0,0,0,0,0
2026-01-01T00:43:58Z,compressor_trip,NORMAL,8588.8,39.64,90.51,81.6,14.99,15.16,26.3,49.95,0,0,0,0,0
2026-01-01T00:43:59Z,compressor_trip,NORMAL,8591.7,40.3,91.06,80.68,14.89,15.01,26.42,50.0,0,0,0,0,0
2026-01-01T00:44:00Z,compressor_trip,NORMAL,8592.4,40.38,91.36,80.79,15.04,14.97,26.39,50.01,0,0,0,0,0
2026-01-01T00:44:01Z,compressor_trip,NORMAL,8593.3,39.73,91.08,80.16,15.08,15.16,26.46,50.01,0,0,0,0,0
2026-01-01T00:44:02Z,compressor_trip,NORMAL,8580.0,40.23,91.03,79.96,15.12,15.03,26.5,49.97,0,0,0,0,0
2026-01-01T00:44:03Z,compressor_trip,NORMAL,8573.4,40.29,90.41,80.23,15.11,15.01,26.33,49.99,0,0,0,0,0
2026-01-01T00:44:04Z,compressor_trip,NORMAL,8587.4,40.25,90.25,81.92,14.89,15.1,26.36,49.97,0,0,0,0,0
2026-01-01T00:44:05Z,compressor_trip,NORMAL,8595.9,40.14,90.9,80.53,15.06,15.02,26.46,50.0,0,0,0,0,0
2026-01-01T00:44:06Z,compressor_trip,NORMAL,8601.0,39.81,90.79,80.79,15.01,14.89,26.52,50.02,0,0,0,0,0
2026-01-01T00:44:07Z,compressor_trip,NORMAL,8585.3,39.86,91.62,80.68,15.15,15.04,26.48,50.05,0,0,0,0,0
2026-01-01T00:44:08Z,compressor_trip,NORMAL,8610.7,40.21,91.27,80.18,15.2,14.97,26.42,50.02,0,0,0,0,0
2026-01-01T00:44:09Z,compressor_trip,NORMAL,8598.5,39.91,90.79,80.97,14.96,15.07,26.34,50.01,0,0,0,0,0
2026-01-01T00:44:10Z,compressor_trip,NORMAL,8600.6,40.17,91.07,81.06,14.92,14.94,26.32,50.05,0,0,0,0,0
2026-01-01T00:44:11Z,compressor_trip,NORMAL,8583.6,39.46,91.24,81.18,14.91,14.93,26.46,50.0,0,0,0,0,0
2026-01-01T00:44:12Z,compressor_trip,NORMAL,8593.6,40.31,90.75,81.61,15.03,14.99,26.13,49.98,0,0,0,0,0
2026-01-01T00:44:13Z,compressor_trip,NORMAL,8599.3,39.56,91.15,80.72,15.0,14.92,26.33,49.91,0,0,0,0,0
2026-01-01T00:44:14Z,compressor_trip,NORMAL,8581.9,39.86,90.52,80.61,15.05,14.83,26.38,50.0,0,0,0,0,0
2026-01-01T00:44:15Z,compressor_trip,NORMAL,8590.3,40.08,90.8,80.23,15.08,14.96,26.38,50.0,0,0,0,0,0
2026-01-01T00:44:16Z,compressor_trip,NORMAL,8584.6,40.22,90.91,81.11,14.87,15.01,26.25,50.01,0,0,0,0,0
2026-01-01T00:44:17Z,compressor_trip,NORMAL,8589.3,40.13,90.55,81.66,14.98,15.02,26.23,50.03,0,0,0,0,0
2026-01-01T00:44:18Z,compressor_trip,NORMAL,8600.3,40.0,90.88,79.83,15.12,15.07,26.31,50.01,0,0,0,0,0
2026-01-01T00:44:19Z,compressor_trip,NORMAL,8592.6,39.97,91.43,80.36,14.75,14.84,26.46,50.03,0,0,0,0,0
2026-01-01T00:44:20Z,compressor_trip,NORMAL,8594.1,39.91,91.46,81.39,14.92,15.13,26.31,49.94,0,0,0,0,0
2026-01-01T00:44:21Z,compressor_trip,NORMAL,8590.1,40.16,90.71,80.68,15.11,15.09,26.33,50.05,0,0,0,0,0
2026-01-01T00:44:22Z,compressor_trip,NORMAL,8613.2,40.1,90.77,81.0,15.09,14.98,26.34,49.95,0,0,0,0,0
2026-01-01T00:44:23Z,compressor_trip,NORMAL,8595.8,40.17,91.55,79.59,14.95,14.97,26.22,50.08,0,0,0,0,0
2026-01-01T00:44:24Z,compressor_trip,NORMAL,8606.3,39.96,90.92,81.34,14.95,15.0,26.41,50.01,0,0,0,0,0
2026-01-01T00:44:25Z,compressor_trip,NORMAL,8595.9,39.74,90.75,81.28,15.05,15.2,26.37,49.93,0,0,0,0,0
2026-01-01T00:44:26Z,compressor_trip,NORMAL,8590.5,40.12,91.48,80.41,14.98,14.95,26.15,50.0,0,0,0,0,0
2026-01-01T00:44:27Z,compressor_trip,NORMAL,8594.7,40.19,92.34,81.01,14.85,15.1,26.31,49.96,0,0,0,0,0
2026-01-01T00:44:28Z,compressor_trip,NORMAL,8589.3,40.1,90.74,81.87,15.06,15.09,26.28,50.0,0,0,0,0,0
2026-01-01T00:44:29Z,compressor_trip,NORMAL,8604.9,40.34,91.58,81.15,15.1,15.02,26.26,50.0,0,0,0,0,0
2026-01-01T00:44:30Z,compressor_trip,NORMAL,8585.1,40.11,90.89,80.76,14.96,15.0,26.17,50.02,0,0,0,0,0
2026-01-01T00:44:31Z,compressor_trip,NORMAL,8595.9,40.03,91.3,81.21,15.07,15.03,26.2,50.05,0,0,0,0,0
2026-01-01T00:44:32Z,compressor_trip,NORMAL,8597.8,40.31,91.83,80.78,14.97,15.03,26.3,49.93,0,0,0,0,0
2026-01-01T00:44:33Z,compressor_trip,NORMAL,8610.5,39.98,91.79,81.21,15.17,15.16,26.36,50.03,0,0,0,0,0
2026-01-01T00:44:34Z,compressor_trip,NORMAL,8586.5,39.96,90.0,81.72,15.18,14.92,26.17,50.02,0,0,0,0,0
2026-01-01T00:44:35Z,compressor_trip,NORMAL,8589.4,40.36,90.73,80.84,14.94,15.12,26.21,50.07,0,0,0,0,0
2026-01-01T00:44:36Z,compressor_trip,NORMAL,8587.3,40.06,91.8,80.98,15.06,15.02,26.23,50.08,0,0,0,0,0
2026-01-01T00:44:37Z,compressor_trip,NORMAL,8588.3,40.03,90.97,80.33,15.0,15.01,26.13,49.95,0,0,0,0,0
2026-01-01T00:44:38Z,compressor_trip,NORMAL,8606.5,40.23,90.7,81.11,15.07,15.17,26.16,49.94,0,0,0,0,0
2026-01-01T00:44:39Z,compressor_trip,NORMAL,8582.1,40.05,91.48,81.44,15.05,14.94,26.4,50.03,0,0,0,0,0
2026-01-01T00:44:40Z,compressor_trip,NORMAL,8607.3,39.92,91.12,80.05,15.2,14.92,26.07,50.02,0,0,0,0,0
2026-01-01T00:44:41Z,compressor_trip,NORMAL,8594.2,39.93,91.33,81.46,15.02,15.23,26.28,50.07,0,0,0,0,0
2026-01-01T00:44:42Z,compressor_trip,NORMAL,8609.3,39.79,91.4,81.08,15.05,15.12,26.19,50.15,0,0,0,0,0
2026-01-01T00:44:43Z,compressor_trip,NORMAL,8612.2,40.11,91.17,81.86,14.92,14.99,26.2,50.04,0,0,0,0,0
2026-01-01T00:44:44Z,compressor_trip,NORMAL,8592.1,39.77,90.01,80.81,15.15,15.01,26.14,50.04,0,0,0,0,0
2026-01-01T00:44:45Z,compressor_trip,NORMAL,8616.0,40.19,90.95,80.74,14.83,15.14,26.07,50.02,0,0,0,0,0
2026-01-01T00:44:46Z,compressor_trip,NORMAL,8594.2,39.74,91.43,82.19,15.01,15.01,26.26,49.92,0,0,0,0,0
2026-01-01T00:44:47Z,compressor_trip,NORMAL,8606.2,39.99,91.53,81.7,14.87,15.06,26.2,49.89,0,0,0,0,0
2026-01-01T00:44:48Z,compressor_trip,NORMAL,8588.0,40.01,91.28,82.15,14.86,15.08,26.15,49.99,0,0,0,0,0
2026-01-01T00:44:49Z,compressor_trip,NORMAL,8580.6,40.27,91.03,80.87,15.0,14.99,26.12,49.99,0,0,0,0,0
2026-01-01T00:44:50Z,compressor_trip,NORMAL,8597.1,40.04,90.82,80.79,14.91,15.0,26.12,49.98,0,0,0,0,0
2026-01-01T00:44:51Z,compressor_trip,NORMAL,8605.3,39.74,91.16,80.59,15.2,15.07,26.12,50.07,0,0,0,0,0
2026-01-01T00:44:52Z,compressor_trip,NORMAL,8606.4,39.83,91.08,80.4,14.91,15.05,25.98,50.08,0,0,0,0,0
2026-01-01T00:44:53Z,compressor_trip,NORMAL,8604.4,39.82,91.56,81.81,15.0,15.1,26.18,49.93,0,0,0,0,0
2026-01-01T00:44:54Z,compressor_trip,NORMAL,8586.4,40.3,91.23,80.53,15.07,14.98,26.09,50.01,0,0,0,0,0
2026-01-01T00:44:55Z,compressor_trip,NORMAL,8591.3,39.93,90.45,80.6,15.03,15.12,26.15,50.07,0,0,0,0,0
2026-01-01T00:44:56Z,compressor_trip,NORMAL,8600.1,39.7,91.04,80.05,14.95,14.81,26.08,49.99,0,0,0,0,0
2026-01-01T00:44:57Z,compressor_trip,NORMAL,8585.3,39.82,90.45,81.3,14.94,14.94,26.03,50.09,0,0,0,0,0
2026-01-01T00:44:58Z,compressor_trip,NORMAL,8583.1,39.79,91.29,81.91,15.02,14.89,26.11,50.03,0,0,0,0,0
2026-01-01T00:44:59Z,compressor_trip,NORMAL,8599.9,40.26,91.22,80.87,15.13,15.09,25.9,49.94,0,0,0,0,0
2026-01-01T00:45:00Z,compressor_trip,NORMAL,8583.2,39.94,90.46,80.08,14.96,15.07,26.16,49.99,0,0,0,0,0
2026-01-01T00:45:01Z,compressor_trip,NORMAL,8612.7,40.03,91.27,81.51,14.98,14.7,26.13,49.98,0,0,0,0,0
2026-01-01T00:45:02Z,compressor_trip,NORMAL,8601.7,40.25,89.95,80.8,15.08,14.97,26.19,49.9,0,0,0,0,0
2026-01-01T00:45:03Z,compressor_trip,NORMAL,8602.1,40.17,90.46,81.16,14.81,15.01,26.09,49.94,0,0,0,0,0
2026-01-01T00:45:04Z,compressor_trip,NORMAL,8601.0,39.94,90.35,81.24,14.98,14.97,25.92,49.89,0,0,0,0,0
2026-01-01T00:45:05Z,compressor_trip,NORMAL,8593.8,40.19,91.77,81.25,15.07,14.99,26.04,49.94,0,0,0,0,0
2026-01-01T00:45:06Z,compressor_trip,NORMAL,8590.2,40.12,91.02,80.36,14.8,14.95,26.06,50.01,0,0,0,0,0
2026-01-01T00:45:07Z,compressor_trip,NORMAL,8590.6,39.78,90.76,80.37,14.84,14.93,26.11,50.07,0,0,0,0,0
2026-01-01T00:45:08Z,compressor_trip,NORMAL,8595.5,40.02,90.22,80.25,15.06,15.08,26.19,50.07,0,0,0,0,0
2026-01-01T00:45:09Z,compressor_trip,NORMAL,8614.4,40.15,90.6,81.26,15.03,15.03,25.95,50.1,0,0,0,0,0
2026-01-01T00:45:10Z,compressor_trip,NORMAL,8593.2,39.7,90.69,81.24,14.77,15.0,26.12,49.99,0,0,0,0,0
2026-01-01T00:45:11Z,compressor_trip,NORMAL,8594.7,39.81,90.79,81.03,15.07,14.98,26.02,50.0,0,0,0,0,0
2026-01-01T00:45:12Z,compressor_trip,NORMAL,8605.8,40.08,90.56,81.77,14.89,15.06,26.13,50.06,0,0,0,0,0
2026-01-01T00:45:13Z,compressor_trip,NORMAL,8587.5,40.16,90.75,81.37,15.12,15.17,26.07,49.97,0,0,0,0,0
2026-01-01T00:45:14Z,compressor_trip,NORMAL,8595.3,39.74,90.6,81.09,15.12,15.15,26.05,50.06,0,0,0,0,0
2026-01-01T00:45:15Z,compressor_trip,NORMAL,8623.4,39.63,91.87,81.11,15.1,14.84,26.12,49.94,0,0,0,0,0
2026-01-01T00:45:16Z,compressor_trip,NORMAL,8568.8,40.15,90.88,81.1,14.87,14.87,25.98,50.11,0,0,0,0,0
2026-01-01T00:45:17Z,compressor_trip,NORMAL,8582.3,39.98,91.42,81.81,14.98,15.03,25.9,49.96,0,0,0,0,0
2026-01-01T00:45:18Z,compressor_trip,NORMAL,8605.7,40.05,91.58,80.42,15.03,15.14,26.16,50.01,0,0,0,0,0
2026-01-01T00:45:19Z,compressor_trip,NORMAL,8579.8,39.72,90.43,81.11,15.1,14.85,25.88,49.97,0,0,0,0,0
2026-01-01T00:45:20Z,compressor_trip,NORMAL,8596.3,39.85,91.22,81.34,15.02,15.1,25.98,50.01,0,0,0,0,0
2026-01-01T00:45:21Z,compressor_trip,NORMAL,8589.8,40.05,91.23,81.82,14.89,15.11,25.94,50.06,0,0,0,0,0
2026-01-01T00:45:22Z,compressor_trip,NORMAL,8603.6,39.97,90.28,81.02,15.01,15.07,26.06,50.01,0,0,0,0,0
2026-01-01T00:45:23Z,compressor_trip,NORMAL,8598.2,39.7,91.69,81.22,14.94,15.03,25.9,49.97,0,0,0,0,0
2026-01-01T00:45:24Z,compressor_trip,NORMAL,8579.2,39.7,91.33,81.11,15.19,15.12,25.82,49.95,0,0,0,0,0
2026-01-01T00:45:25Z,compressor_trip,NORMAL,8585.3,40.14,91.03,80.93,15.03,15.08,26.0,50.01,0,0,0,0,0
2026-01-01T00:45:26Z,compressor_trip,NORMAL,8588.4,39.7,90.37,81.12,14.87,15.03,25.99,49.99,0,0,0,0,0
2026-01-01T00:45:27Z,compressor_trip,NORMAL,8584.1,40.22,90.62,81.19,15.1,14.93,25.94,50.0,0,0,0,0,0
2026-01-01T00:45:28Z,compressor_trip,NORMAL,8572.1,39.96,91.2,80.64,14.87,14.84,25.87,49.91,0,0,0,0,0
2026-01-01T00:45:29Z,compressor_trip,NORMAL,8585.4,40.26,91.35,81.61,15.05,15.26,25.78,50.04,0,0,0,0,0
2026-01-01T00:45:30Z,compressor_trip,NORMAL,8579.0,40.19,90.78,80.18,15.05,15.09,25.7,50.01,0,0,0,0,0
2026-01-01T00:45:31Z,compressor_trip,NORMAL,8591.4,40.38,90.23,81.27,14.95,15.04,25.79,49.96,0,0,0,0,0
2026-01-01T00:45:32Z,compressor_trip,NORMAL,8576.6,39.76,89.97,82.02,14.79,14.96,25.92,49.94,0,0,0,0,0
2026-01-01T00:45:33Z,compressor_trip,NORMAL,8577.2,40.0,91.24,81.39,14.94,15.07,25.85,50.06,0,0,0,0,0
2026-01-01T00:45:34Z,compressor_trip,NORMAL,8583.2,39.98,90.69,81.13,15.11,15.12,25.92,50.06,0,0,0,0,0
2026-01-01T00:45:35Z,compressor_trip,NORMAL,8573.3,40.07,89.7,80.32,15.05,14.95,25.84,49.94,0,0,0,0,0
2026-01-01T00:45:36Z,compressor_trip,NORMAL,8601.8,40.08,90.98,80.46,15.09,14.82,25.86,49.93,0,0,0,0,0
2026-01-01T00:45:37Z,compressor_trip,NORMAL,8569.3,40.1,90.06,80.7,15.13,14.99,25.87,49.98,0,0,0,0,0
2026-01-01T00:45:38Z,compressor_trip,NORMAL,8585.6,39.8,90.79,81.3,14.7,14.95,25.97,49.96,0,0,0,0,0
2026-01-01T00:45:39Z,compressor_trip,NORMAL,8580.3,39.96,90.59,81.09,14.91,14.99,25.98,50.02,0,0,0,0,0
2026-01-01T00:45:40Z,compressor_trip,NORMAL,8594.1,40.09,89.9,82.06,15.01,14.86,25.96,50.08,0,0,0,0,0
2026-01-01T00:45:41Z,compressor_trip,NORMAL,8583.2,40.15,90.39,80.94,14.8,14.97,26.01,49.98,0,0,0,0,0
2026-01-01T00:45:42Z,compressor_trip,NORMAL,8576.0,40.07,90.27,80.56,15.1,15.21,25.88,49.93,0,0,0,0,0
2026-01-01T00:45:43Z,compressor_trip,NORMAL,8574.0,39.87,91.77,81.51,14.94,14.98,25.69,49.96,0,0,0,0,0
2026-01-01T00:45:44Z,compressor_trip,NORMAL,8569.7,39.97,90.42,80.27,14.95,15.0,25.89,49.93,0,0,0,0,0
2026-01-01T00:45:45Z,compressor_trip,NORMAL,8556.7,40.03,90.24,81.51,15.03,14.99,25.92,50.04,0,0,0,0,0
2026-01-01T00:45:46Z,compressor_trip,NORMAL,8586.0,40.17,91.26,81.47,14.9,15.09,25.84,50.04,0,0,0,0,0
2026-01-01T00:45:47Z,compressor_trip,NORMAL,8573.6,39.72,91.3,80.36,14.91,14.93,25.97,50.02,0,0,0,0,0
2026-01-01T00:45:48Z,compressor_trip,NORMAL,8588.2,40.06,90.2,81.13,15.11,14.87,26.04,49.87,0,0,0,0,0
2026-01-01T00:45:49Z,compressor_trip,NORMAL,8579.7,40.17,90.02,81.25,14.85,15.06,25.83,49.9,0,0,0,0,0
2026-01-01T00:45:50Z,compressor_trip,NORMAL,8564.5,39.65,91.22,81.21,14.9,14.89,25.82,49.95,0,0,0,0,0
2026-01-01T00:45:51Z,compressor_trip,NORMAL,8582.8,39.89,90.47,80.47,14.89,14.9,25.79,49.94,0,0,0,0,0
2026-01-01T00:45:52Z,compressor_trip,NORMAL,8572.4,39.84,91.3,81.07,14.93,15.0,25.88,49.99,0,0,0,0,0
2026-01-01T00:45:53Z,compressor_trip,NORMAL,8569.6,40.21,91.9,81.29,15.05,15.03,25.81,50.07,0,0,0,0,0
2026-01-01T00:45:54Z,compressor_trip,NORMAL,8571.7,40.06,89.59,81.83,15.11,15.09,25.6,50.07,0,0,0,0,0
2026-01-01T00:45:55Z,compressor_trip,NORMAL,8568.5,39.98,91.52,81.1,15.08,14.92,25.74,50.01,0,0,0,0,0
2026-01-01T00:45:56Z,compressor_trip,NORMAL,8577.1,39.9,91.71,80.78,14.93,14.93,25.69,50.0,0,0,0,0,0
2026-01-01T00:45:57Z,compressor_trip,NORMAL,8583.9,39.96,90.51,81.99,15.18,14.99,25.59,50.05,0,0,0,0,0
2026-01-01T00:45:58Z,compressor_trip,NORMAL,8587.9,39.89,91.13,81.06,15.06,15.07,25.78,50.06,0,0,0,0,0
2026-01-01T00:45:59Z,compressor_trip,NORMAL,8559.0,39.66,90.06,81.86,14.9,15.12,25.87,50.09,0,0,0,0,0
2026-01-01T00:46:00Z,compressor_trip,NORMAL,8561.7,39.74,90.85,81.5,15.17,14.96,25.75,50.01,0,0,0,0,0
2026-01-01T00:46:01Z,compressor_trip,NORMAL,8564.2,39.97,89.73,80.49,14.92,14.88,25.81,50.0,0,0,0,0,0
2026-01-01T00:46:02Z,compressor_trip,NORMAL,8569.4,40.08,91.28,80.25,15.08,15.04,25.72,49.94,0,0,0,0,0
2026-01-01T00:46:03Z,compressor_trip,NORMAL,8551.2,39.82,91.32,80.98,15.02,15.08,25.64,50.04,0,0,0,0,0
2026-01-01T00:46:04Z,compressor_trip,NORMAL,8565.8,40.12,91.36,81.46,14.89,14.94,25.59,49.91,0,0,0,0,0
2026-01-01T00:46:05Z,compressor_trip,NORMAL,8548.8,40.03,91.36,80.57,14.9,15.05,25.59,50.1,0,0,0,0,0
2026-01-01T00:46:06Z,compressor_trip,NORMAL,8567.6,39.95,90.49,80.44,14.86,14.95,25.9,49.96,0,0,0,0,0
2026-01-01T00:46:07Z,compressor_trip,NORMAL,8578.0,40.2,90.62,81.25,14.85,15.02,25.83,50.02,0,0,0,0,0
2026-01-01T00:46:08Z,compressor_trip,NORMAL,8565.7,39.88,90.19,80.91,15.33,15.05,25.56,49.96,0,0,0,0,0
2026-01-01T00:46:09Z,compressor_trip,NORMAL,8569.3,40.14,89.86,79.4,15.17,14.97,25.75,50.01,0,0,0,0,0
2026-01-01T00:46:10Z,compressor_trip,NORMAL,8575.1,39.93,91.53,80.7,14.87,14.93,25.54,50.06,0,0,0,0,0
2026-01-01T00:46:11Z,compressor_trip,NORMAL,8576.2,40.28,90.24,81.13,15.12,15.12,25.78,50.0,0,0,0,0,0
2026-01-01T00:46:12Z,compressor_trip,NORMAL,8560.3,40.0,91.53,80.83,15.07,14.96,25.76,49.9,0,0,0,0,0
2026-01-01T00:46:13Z,compressor_trip,NORMAL,8571.9,40.29,91.22,81.38,15.08,14.99,25.64,49.99,0,0,0,0,0
2026-01-01T00:46:14Z,compressor_trip,NORMAL,8563.7,39.92,90.2,81.03,15.02,15.1,25.55,50.06,0,0,0,0,0
2026-01-01T00:46:15Z,compressor_trip,NORMAL,8574.0,40.22,90.34,80.54,14.95,14.94,25.59,50.02,0,0,0,0,0
2026-01-01T00:46:16Z,compressor_trip,NORMAL,8562.4,40.02,90.7,81.81,15.08,15.03,25.57,50.03,0,0,0,0,0
2026-01-01T00:46:17Z,compressor_trip,NORMAL,8559.8,39.93,90.99,79.96,15.08,15.06,25.59,50.0,0,0,0,0,0
2026-01-01T00:46:18Z,compressor_trip,NORMAL,8557.5,40.25,90.75,80.35,15.08,14.94,25.56,49.97,0,0,0,0,0
2026-01-01T00:46:19Z,compressor_trip,NORMAL,8549.0,39.94,90.96,81.5,14.85,15.15,25.66,49.96,0,0,0,0,0
2026-01-01T00:46:20Z,compressor_trip,NORMAL,8559.9,40.04,91.2,80.11,15.03,14.92,25.78,49.99,0,0,0,0,0
2026-01-01T00:46:21Z,compressor_trip,NORMAL,8550.5,40.06,90.57,80.45,15.24,14.9,25.66,49.89,0,0,0,0,0
2026-01-01T00:46:22Z,compressor_trip,NORMAL,8551.1,40.25,90.31,80.82,15.06,14.96,25.72,50.0,0,0,0,0,0
2026-01-01T00:46:23Z,compressor_trip,NORMAL,8551.1,40.15,90.6,81.25,14.88,15.11,25.73,50.04,0,0,0,0,0
2026-01-01T00:46:24Z,compressor_trip,NORMAL,8544.9,40.36,90.74,80.95,14.99,15.17,25.48,50.02,0,0,0,0,0
2026-01-01T00:46:25Z,compressor_trip,NORMAL,8541.6,39.91,91.54,81.16,15.02,15.0,25.56,50.03,0,0,0,0,0
2026-01-01T00:46:26Z,compressor_trip,NORMAL,8537.4,40.01,90.86,80.94,14.94,14.83,25.55,50.0,0,0,0,0,0
2026-01-01T00:46:27Z,compressor_trip,NORMAL,8545.1,39.76,90.79,80.71,15.01,15.04,25.61,50.01,0,0,0,0,0
2026-01-01T00:46:28Z,compressor_trip,NORMAL,8547.8,40.23,89.97,81.11,15.02,14.99,25.58,49.98,0,0,0,0,0
2026-01-01T00:46:29Z,compressor_trip,NORMAL,8542.5,40.02,90.23,80.12,14.96,15.08,25.51,50.05,0,0,0,0,0
2026-01-01T00:46:30Z,compressor_trip,NORMAL,8558.1,40.09,90.53,80.7,15.12,14.86,25.52,49.97,0,0,0,0,0
2026-01-01T00:46:31Z,compressor_trip,NORMAL,8545.1,39.93,90.84,80.61,15.0,14.98,25.61,50.01,0,0,0,0,0
2026-01-01T00:46:32Z,compressor_trip,NORMAL,8566.6,40.17,90.12,80.9,14.86,14.81,25.56,49.99,0,0,0,0,0
2026-01-01T00:46:33Z,compressor_trip,NORMAL,8533.2,40.33,90.93,81.42,15.15,15.1,25.64,50.01,0,0,0,0,0
2026-01-01T00:46:34Z,compressor_trip,NORMAL,8549.4,40.04,90.48,81.52,14.98,14.99,25.63,49.99,0,0,0,0,0
2026-01-01T00:46:35Z,compressor_trip,NORMAL,8545.4,39.92,90.49,80.42,15.04,15.04,25.83,50.04,0,0,0,0,0
2026-01-01T00:46:36Z,compressor_trip,NORMAL,8542.2,40.55,91.0,81.23,15.09,15.03,25.49,49.98,0,0,0,0,0
2026-01-01T00:46:37Z,compressor_trip,NORMAL,8531.1,39.76,90.68,80.74,15.0,14.92,25.49,50.03,0,0,0,0,0
2026-01-01T00:46:38Z,compressor_trip,NORMAL,8543.1,40.09,90.62,80.95,14.81,15.19,25.52,49.97,0,0,0,0,0
2026-01-01T00:46:39Z,compressor_trip,NORMAL,8535.6,39.85,90.72,80.22,14.99,15.05,25.46,50.06,0,0,0,0,0
2026-01-01T00:46:40Z,compressor_trip,NORMAL,8530.0,40.34,90.05,80.32,15.08,15.0,25.39,50.0,0,0,0,0,0
2026-01-01T00:46:41Z,compressor_trip,NORMAL,8532.7,40.33,90.37,79.99,14.93,15.08,25.35,50.02,0,0,0,0,0
2026-01-01T00:46:42Z,compressor_trip,NORMAL,8519.4,39.72,90.48,81.38,14.87,14.96,25.53,50.05,0,0,0,0,0
2026-01-01T00:46:43Z,compressor_trip,NORMAL,8533.8,40.2,90.5,80.19,15.04,15.09,25.57,49.99,0,0,0,0,0
2026-01-01T00:46:44Z,compressor_trip,NORMAL,8522.1,40.34,90.33,81.47,14.95,15.04,25.52,49.9,0,0,0,0,0
2026-01-01T00:46:45Z,compressor_trip,NORMAL,8516.9,39.98,90.05,80.83,14.98,15.17,25.41,50.03,0,0,0,0,0
2026-01-01T00:46:46Z,compressor_trip,NORMAL,8538.8,39.75,90.96,81.47,15.04,14.76,25.55,49.98,0,0,0,0,0
2026-01-01T00:46:47Z,compressor_trip,NORMAL,8526.0,39.71,90.06,81.15,14.95,14.85,25.31,50.05,0,0,0,0,0
2026-01-01T00:46:48Z,compressor_trip,NORMAL,8537.5,39.82,91.02,80.06,15.04,15.06,25.59,49.96,0,0,0,0,0
2026-01-01T00:46:49Z,compressor_trip,NORMAL,8509.6,40.29,90.51,80.77,14.94,15.01,25.3,50.02,0,0,0,0,0
2026-01-01T00:46:50Z,compressor_trip,NORMAL,8548.5,39.8,90.34,79.95,15.01,15.08,25.51,49.98,0,0,0,0,0
2026-01-01T00:46:51Z,compressor_trip,NORMAL,8513.8,39.93,89.68,80.89,15.17,15.03,25.33,50.04,0,0,0,0,0
2026-01-01T00:46:52Z,compressor_trip,NORMAL,8520.8,40.22,89.9,80.03,15.0,14.83,25.43,49.98,0,0,0,0,0
2026-01-01T00:46:53Z,compressor_trip,NORMAL,8539.4,40.23,90.06,80.03,15.17,15.13,25.35,50.0,0,0,0,0,0
2026-01-01T00:46:54Z,compressor_trip,NORMAL,8519.8,40.01,91.22,80.67,14.9,15.02,25.35,50.01,0,0,0,0,0
2026-01-01T00:46:55Z,compressor_trip,NORMAL,8521.6,39.98,90.83,80.88,14.9,15.05,25.25,49.97,0,0,0,0,0
2026-01-01T00:46:56Z,compressor_trip,NORMAL,8515.0,39.96,90.23,79.87,15.21,15.19,25.49,49.99,0,0,0,0,0
2026-01-01T00:46:57Z,compressor_trip,NORMAL,8524.8,40.32,90.4,79.99,15.06,15.13,25.47,49.93,0,0,0,0,0
2026-01-01T00:46:58Z,compressor_trip,NORMAL,8532.4,39.98,89.69,81.01,14.94,15.08,25.44,49.98,0,0,0,0,0
2026-01-01T00:46:59Z,compressor_trip,NORMAL,8521.5,40.07,91.17,80.08,14.82,14.89,25.47,50.0,0,0,0,0,0
2026-01-01T00:47:00Z,compressor_trip,NORMAL,8505.6,39.9,89.46,79.12,15.11,15.09,25.34,49.95,0,0,0,0,0
2026-01-01T00:47:01Z,compressor_trip,NORMAL,8512.4,40.21,89.85,80.1,14.95,14.91,25.41,49.98,0,0,0,0,0
2026-01-01T00:47:02Z,compressor_trip,NORMAL,8507.9,40.24,91.47,80.73,15.07,15.06,25.36,49.99,0,0,0,0,0
2026-01-01T00:47:03Z,compressor_trip,NORMAL,8500.3,40.18,89.87,80.3,14.85,14.91,25.41,50.02,0,0,0,0,0
2026-01-01T00:47:04Z,compressor_trip,NORMAL,8511.2,40.16,89.49,80.56,15.07,14.87,25.38,50.07,0,0,0,0,0
2026-01-01T00:47:05Z,compressor_trip,NORMAL,8506.8,39.98,90.83,80.62,15.02,14.92,25.3,49.88,0,0,0,0,0
2026-01-01T00:47:06Z,compressor_trip,NORMAL,8518.1,39.82,90.24,80.62,15.0,15.13,25.34,50.0,0,0,0,0,0
2026-01-01T00:47:07Z,compressor_trip,NORMAL,8506.4,40.29,89.57,80.03,15.0,14.97,25.24,50.1,0,0,0,0,0
2026-01-01T00:47:08Z,compressor_trip,NORMAL,8520.0,40.37,90.56,80.94,15.14,14.87,25.41,49.98,0,0,0,0,0
2026-01-01T00:47:09Z,compressor_trip,NORMAL,8504.9,39.99,91.17,80.18,14.94,14.95,25.46,50.1,0,0,0,0,0
2026-01-01T00:47:10Z,compressor_trip,NORMAL,8507.3,39.85,91.08,79.68,14.97,15.07,25.32,50.01,0,0,0,0,0
2026-01-01T00:47:11Z,compressor_trip,NORMAL,8503.7,40.07,90.68,80.6,15.04,15.0,25.41,49.9,0,0,0,0,0
2026-01-01T00:47:12Z,compressor_trip,NORMAL,8522.6,40.26,89.99,80.51,15.01,14.96,25.28,49.98,0,0,0,0,0
2026-01-01T00:47:13Z,compressor_trip,NORMAL,8496.7,40.0,90.65,80.95,14.93,14.96,25.29,49.99,0,0,0,0,0
2026-01-01T00:47:14Z,compressor_trip,NORMAL,8516.7,40.33,90.1,80.32,15.12,14.98,25.29,49.98,0,0,0,0,0
2026-01-01T00:47:15Z,compressor_trip,NORMAL,8505.9,40.06,89.15,80.14,14.98,15.05,25.11,50.01,0,0,0,0,0
2026-01-01T00:47:16Z,compressor_trip,NORMAL,8502.3,39.73,90.66,80.23,14.88,14.99,25.23,50.05,0,0,0,0,0
2026-01-01T00:47:17Z,compressor_trip,NORMAL,8493.6,39.91,90.14,80.13,15.1,14.94,25.22,49.98,0,0,0,0,0
2026-01-01T00:47:18Z,compressor_trip,NORMAL,8503.5,39.99,89.71,80.13,15.0,15.06,25.13,50.08,0,0,0,0,0
2026-01-01T00:47:19Z,compressor_trip,NORMAL,8504.0,40.07,90.37,80.14,15.13,15.04,25.11,50.03,0,0,0,0,0
2026-01-01T00:47:20Z,compressor_trip,NORMAL,8488.6,40.13,90.05,80.76,15.04,15.08,25.24,49.94,0,0,0,0,0
2026-01-01T00:47:21Z,compressor_trip,NORMAL,8493.9,40.07,90.35,80.65,14.82,15.02,25.33,49.98,0,0,0,0,0
2026-01-01T00:47:22Z,compressor_trip,NORMAL,8479.4,39.92,89.94,80.88,15.09,14.94,25.13,49.96,0,0,0,0,0
2026-01-01T00:47:23Z,compressor_trip,NORMAL,8506.9,39.97,90.15,80.26,15.24,15.19,25.19,49.96,0,0,0,0,0
2026-01-01T00:47:24Z,compressor_trip,NORMAL,8469.9,40.14,90.31,80.09,14.92,15.09,25.36,49.94,0,0,0,0,0
2026-01-01T00:47:25Z,compressor_trip,NORMAL,8497.2,40.26,90.25,80.4,14.86,15.1,25.14,50.04,0,0,0,0,0
2026-01-01T00:47:26Z,compressor_trip,NORMAL,8489.3,40.41,89.26,80.35,15.17,15.1,25.15,49.97,0,0,0,0,0
2026-01-01T00:47:27Z,compressor_trip,NORMAL,8490.0,39.98,90.23,79.69,15.1,14.97,25.2,50.01,0,0,0,0,0
2026-01-01T00:47:28Z,compressor_trip,NORMAL,8485.2,39.79,90.34,79.27,15.14,15.0,25.22,49.95,0,0,0,0,0
2026-01-01T00:47:29Z,compressor_trip,NORMAL,8475.4,39.83,90.86,80.15,15.04,15.03,25.25,50.04,0,0,0,0,0
2026-01-01T00:47:30Z,compressor_trip,NORMAL,8492.3,40.21,90.31,80.5,15.02,14.94,25.19,50.06,0,0,0,0,0
2026-01-01T00:47:31Z,compressor_trip,NORMAL,8490.9,40.23,89.81,80.8,14.8,15.04,25.07,49.99,0,0,0,0,0
2026-01-01T00:47:32Z,compressor_trip,NORMAL,8474.0,39.83,90.32,80.26,15.16,15.04,25.14,50.07,0,0,0,0,0
2026-01-01T00:47:33Z,compressor_trip,NORMAL,8490.8,40.13,90.07,79.41,15.08,14.96,25.34,50.02,0,0,0,0,0
2026-01-01T00:47:34Z,compressor_trip,NORMAL,8483.6,39.87,91.08,79.92,15.05,14.97,25.06,49.95,0,0,0,0,0
2026-01-01T00:47:35Z,compressor_trip,NORMAL,8482.7,39.99,90.27,79.97,14.85,14.82,25.06,50.04,0,0,0,0,0
2026-01-01T00:47:36Z,compressor_trip,NORMAL,8494.0,39.97,89.53,80.22,15.09,15.09,25.14,49.99,0,0,0,0,0
2026-01-01T00:47:37Z,compressor_trip,NORMAL,8475.3,40.27,90.54,79.71,14.96,15.07,24.97,49.93,0,0,0,0,0
2026-01-01T00:47:38Z,compressor_trip,NORMAL,8490.6,40.24,89.88,79.9,14.95,14.93,24.95,49.97,0,0,0,0,0
2026-01-01T00:47:39Z,compressor_trip,NORMAL,8472.8,40.4,89.95,80.21,15.1,15.06,24.98,49.98,0,0,0,0,0
2026-01-01T00:47:40Z,compressor_trip,NORMAL,8483.7,40.02,89.06,81.27,14.85,14.94,25.43,50.03,0,0,0,0,0
2026-01-01T00:47:41Z,compressor_trip,NORMAL,8462.8,40.06,90.05,80.28,15.03,15.14,25.07,49.92,0,0,0,0,0
2026-01-01T00:47:42Z,compressor_trip,NORMAL,8474.7,40.45,89.88,80.88,14.99,14.99,25.14,49.94,0,0,0,0,0
2026-01-01T00:47:43Z,compressor_trip,NORMAL,8495.3,39.88,89.96,79.42,14.94,15.16,25.01,49.99,0,0,0,0,0
2026-01-01T00:47:44Z,compressor_trip,NORMAL,8458.4,39.85,90.15,79.47,14.87,15.06,25.04,49.96,0,0,0,0,0
2026-01-01T00:47:45Z,compressor_trip,NORMAL,8479.7,40.22,89.71,80.03,15.03,15.01,25.02,50.05,0,0,0,0,0
2026-01-01T00:47:46Z,compressor_trip,NORMAL,8472.7,40.33,89.05,80.81,15.08,15.04,25.02,50.01,0,0,0,0,0
2026-01-01T00:47:47Z,compressor_trip,NORMAL,8472.5,40.29,90.38,80.31,14.95,14.98,25.06,50.01,0,0,0,0,0
2026-01-01T00:47:48Z,compressor_trip,NORMAL,8466.9,40.22,89.21,80.43,14.88,14.85,25.03,50.04,0,0,0,0,0
2026-01-01T00:47:49Z,compressor_trip,NORMAL,8469.9,39.77,90.13,79.77,15.01,14.99,25.03,50.03,0,0,0,0,0
2026-01-01T00:47:50Z,compressor_trip,NORMAL,8466.4,39.57,89.94,80.38,15.03,15.0,25.18,50.04,0,0,0,0,0
2026-01-01T00:47:51Z,compressor_trip,NORMAL,8460.6,40.3,89.08,80.99,14.96,15.03,24.95,49.99,0,0,0,0,0
2026-01-01T00:47:52Z,compressor_trip,NORMAL,8460.3,40.49,90.17,79.76,15.06,14.89,24.98,50.02,0,0,0,0,0
2026-01-01T00:47:53Z,compressor_trip,NORMAL,8470.0,40.19,89.77,80.81,15.01,15.05,25.06,49.93,0,0,0,0,0
2026-01-01T00:47:54Z,compressor_trip,NORMAL,8461.8,40.12,89.74,80.16,14.86,14.83,25.08,50.04,0,0,0,0,0
2026-01-01T00:47:55Z,compressor_trip,NORMAL,8464.5,40.01,90.02,79.35,14.83,15.14,24.96,49.94,0,0,0,0,0
2026-01-01T00:47:56Z,compressor_trip,NORMAL,8457.3,40.03,89.6,80.22,15.03,15.04,24.97,50.05,0,0,0,0,0
2026-01-01T00:47:57Z,compressor_trip,NORMAL,8444.1,39.91,90.06,79.66,15.0,15.06,24.88,50.04,0,0,0,0,0
2026-01-01T00:47:58Z,compressor_trip,NORMAL,8429.6,40.1,90.02,79.93,15.07,15.07,25.05,50.01,0,0,0,0,0
2026-01-01T00:47:59Z,compressor_trip,NORMAL,8465.9,39.77,89.23,79.91,15.04,14.82,25.04,50.0,0,0,0,0,0
2026-01-01T00:48:00Z,compressor_trip,COMP_TRIP,7600.0,40.15,87.8,80.12,14.51,14.93,24.89,49.96,0,1,0,0,0
2026-01-01T00:48:01Z,compressor_trip,COMP_TRIP,6838.1,40.02,85.53,79.87,14.18,15.08,24.94,50.02,0,1,0,0,0
2026-01-01T00:48:02Z,compressor_trip,COMP_TRIP,6178.2,40.31,82.0,80.28,13.69,15.04,24.86,50.0,0,1,0,0,0
2026-01-01T00:48:03Z,compressor_trip,COMP_TRIP,5558.3,39.97,80.35,78.87,13.18,14.73,24.97,50.04,0,1,0,0,0
2026-01-01T00:48:04Z,compressor_trip,COMP_TRIP,4997.9,39.68,78.69,79.22,12.99,15.07,24.88,49.95,0,1,0,0,0
2026-01-01T00:48:05Z,compressor_trip,COMP_TRIP,4506.1,39.88,76.9,79.15,12.58,14.91,25.0,49.95,0,1,0,0,0
2026-01-01T00:48:06Z,compressor_trip,COMP_TRIP,4046.9,39.9,74.44,79.38,12.33,14.81,25.13,49.94,0,1,0,0,0
2026-01-01T00:48:07Z,compressor_trip,COMP_TRIP,3628.3,39.53,72.47,78.39,11.94,14.61,24.98,50.05,0,1,0,0,0
2026-01-01T00:48:08Z,compressor_trip,COMP_TRIP,3285.4,39.87,71.91,78.33,11.7,14.55,24.89,49.96,0,1,0,0,0
2026-01-01T00:48:09Z,compressor_trip,COMP_TRIP,2939.7,39.94,70.44,77.58,11.44,14.44,24.96,50.01,0,1,0,0,0
2026-01-01T00:48:10Z,compressor_trip,COMP_TRIP,2642.0,40.03,68.34,76.66,11.04,14.23,24.83,50.02,0,1,0,0,0
2026-01-01T00:48:11Z,compressor_trip,COMP_TRIP,2393.4,40.1,66.21,76.21,10.83,14.19,25.02,50.07,0,1,0,0,0
2026-01-01T00:48:12Z,compressor_trip,COMP_TRIP,2142.0,39.98,64.97,75.54,10.66,14.08,24.88,50.03,0,1,0,0,0
2026-01-01T00:48:13Z,compressor_trip,COMP_TRIP,1934.3,40.04,65.03,75.14,10.3,14.02,25.0,49.96,0,1,0,0,0
2026-01-01T00:48:14Z,compressor_trip,COMP_TRIP,1720.4,39.9,63.23,74.67,10.15,13.81,24.88,50.05,0,1,0,0,0
2026-01-01T00:48:15Z,compressor_trip,COMP_TRIP,1561.0,39.8,61.35,74.21,10.04,13.84,25.03,49.98,0,1,0,0,0
2026-01-01T00:48:16Z,compressor_trip,COMP_TRIP,1422.4,40.18,60.99,73.82,9.65,13.71,24.94,49.97,0,1,0,0,0
2026-01-01T00:48:17Z,compressor_trip,COMP_TRIP,1272.6,40.24,59.94,72.5,9.54,13.72,24.93,49.92,0,1,0,0,0
2026-01-01T00:48:18Z,compressor_trip,COMP_TRIP,1148.1,40.18,58.6,72.29,9.53,13.24,24.92,49.97,0,1,0,0,0
2026-01-01T00:48:19Z,compressor_trip,COMP_TRIP,1032.4,39.78,58.24,71.08,9.08,13.48,24.95,49.97,0,1,0,0,0
2026-01-01T00:48:20Z,compressor_trip,COMP_TRIP,933.1,39.74,56.58,71.19,8.86,12.96,24.84,50.05,0,1,0,0,0
2026-01-01T00:48:21Z,compressor_trip,COMP_TRIP,830.2,40.2,56.53,70.53,8.77,12.94,24.85,49.99,0,1,0,0,0
2026-01-01T00:48:22Z,compressor_trip,COMP_TRIP,745.2,40.06,55.78,69.08,8.86,12.98,24.77,50.05,0,1,0,0,0
2026-01-01T00:48:23Z,compressor_trip,COMP_TRIP,672.3,40.08,54.57,68.22,8.58,12.79,24.72,50.02,0,1,0,0,0
2026-01-01T00:48:24Z,compressor_trip,COMP_TRIP,593.8,40.01,53.82,68.13,8.6,12.65,24.83,49.96,0,1,0,0,0
2026-01-01T00:48:25Z,compressor_trip,COMP_TRIP,560.9,39.72,53.67,67.3,8.31,12.7,24.69,49.91,0,1,0,0,0
2026-01-01T00:48:26Z,compressor_trip,COMP_TRIP,498.8,40.32,52.28,66.89,8.07,12.32,24.95,49.97,0,1,0,0,0
2026-01-01T00:48:27Z,compressor_trip,COMP_TRIP,442.6,39.98,52.94,64.94,8.12,12.14,24.87,49.97,0,1,0,0,0
2026-01-01T00:48:28Z,compressor_trip,COMP_TRIP,403.9,39.87,50.91,64.53,8.08,12.26,24.75,50.0,0,1,0,0,0
2026-01-01T00:48:29Z,compressor_trip,COMP_TRIP,344.1,40.09,52.03,63.85,7.98,12.06,24.63,50.03,0,1,0,0,0
2026-01-01T00:48:30Z,compressor_trip,COMP_TRIP,324.6,40.06,49.41,63.35,7.77,12.02,24.7,50.03,0,1,0,0,0
2026-01-01T00:48:31Z,compressor_trip,COMP_TRIP,290.3,39.97,49.85,63.69,7.65,11.58,24.81,49.91,0,1,0,0,0
2026-01-01T00:48:32Z,compressor_trip,COMP_TRIP,260.6,40.01,49.39,62.49,7.67,11.57,24.85,49.91,0,1,0,0,0
2026-01-01T00:48:33Z,compressor_trip,COMP_TRIP,247.6,39.8,48.09,61.68,7.56,11.6,24.75,50.13,0,1,0,0,0
2026-01-01T00:48:34Z,compressor_trip,COMP_TRIP,205.2,39.96,48.26,60.6,7.37,11.43,24.93,50.01,0,1,0,0,0
2026-01-01T00:48:35Z,compressor_trip,COMP_TRIP,204.4,40.48,47.34,60.39,7.4,11.13,24.71,49.95,0,1,0,0,0
2026-01-01T00:48:36Z,compressor_trip,COMP_TRIP,180.0,39.77,47.42,61.03,7.51,11.02,24.72,49.99,0,1,0,0,0
2026-01-01T00:48:37Z,compressor_trip,COMP_TRIP,176.6,39.96,46.92,60.1,7.47,11.1,24.82,50.06,0,1,0,0,0
2026-01-01T00:48:38Z,compressor_trip,COMP_TRIP,139.3,39.91,46.4,58.6,7.36,10.96,24.73,50.0,0,1,0,0,0
2026-01-01T00:48:39Z,compressor_trip,COMP_TRIP,132.0,40.11,45.94,58.52,7.19,10.69,24.66,49.93,0,1,0,0,0
2026-01-01T00:48:40Z,compressor_trip,COMP_TRIP,131.6,40.15,46.19,58.2,6.96,10.69,24.71,49.99,0,1,0,0,0
2026-01-01T00:48:41Z,compressor_trip,COMP_TRIP,101.1,40.08,45.68,57.44,7.14,10.62,24.78,49.97,0,1,0,0,0
2026-01-01T00:48:42Z,compressor_trip,COMP_TRIP,83.9,39.65,45.73,57.18,7.09,10.55,24.72,50.04,0,1,0,0,0
2026-01-01T00:48:43Z,compressor_trip,COMP_TRIP,77.0,40.21,45.43,56.65,7.17,10.39,24.61,50.0,0,1,0,0,0
2026-01-01T00:48:44Z,compressor_trip,COMP_TRIP,72.9,40.09,45.23,55.01,6.89,10.31,24.71,49.99,0,1,0,0,0
2026-01-01T00:48:45Z,compressor_trip,COMP_TRIP,80.0,39.77,44.41,54.54,6.73,10.07,24.64,49.97,0,1,0,0,0
2026-01-01T00:48:46Z,compressor_trip,COMP_TRIP,56.6,39.8,44.93,54.85,6.59,10.24,24.57,49.99,0,1,0,0,0
2026-01-01T00:48:47Z,compressor_trip,COMP_TRIP,65.0,40.13,44.46,53.55,6.67,10.09,24.52,49.99,0,1,0,0,0
2026-01-01T00:48:48Z,compressor_trip,COMP_TRIP,50.4,40.06,44.57,52.94,6.79,9.8,24.73,50.0,0,1,0,0,0
2026-01-01T00:48:49Z,compressor_trip,COMP_TRIP,47.1,40.17,43.17,52.9,6.6,9.82,24.71,50.04,0,1,0,0,0
2026-01-01T00:48:50Z,compressor_trip,COMP_TRIP,34.4,40.11,43.64,53.34,6.67,9.56,24.63,50.05,0,1,0,0,0
2026-01-01T00:48:51Z,compressor_trip,COMP_TRIP,32.9,39.93,44.09,51.74,6.61,9.61,24.59,49.94,0,1,0,0,0
2026-01-01T00:48:52Z,compressor_trip,COMP_TRIP,30.6,40.21,42.63,51.55,6.64,9.67,24.64,49.99,0,1,0,0,0
2026-01-01T00:48:53Z,compressor_trip,COMP_TRIP,30.8,39.82,43.62,52.11,6.64,9.56,24.51,50.03,0,1,0,0,0
2026-01-01T00:48:54Z,compressor_trip,COMP_TRIP,21.1,39.88,43.39,51.13,6.53,9.29,24.53,50.09,0,1,0,0,0
2026-01-01T00:48:55Z,compressor_trip,COMP_TRIP,17.4,40.12,43.1,50.76,6.55,9.13,24.7,50.1,0,1,0,0,0
2026-01-01T00:48:56Z,compressor_trip,COMP_TRIP,8.3,39.94,41.64,50.33,6.56,9.04,24.61,49.96,0,1,0,0,0
2026-01-01T00:48:57Z,compressor_trip,COMP_TRIP,31.5,39.71,43.38,49.5,6.24,9.12,24.65,49.99,0,1,0,0,0
2026-01-01T00:48:58Z,compressor_trip,COMP_TRIP,25.4,39.84,42.57,49.62,6.42,8.85,24.65,49.98,0,1,0,0,0
2026-01-01T00:48:59Z,compressor_trip,COMP_TRIP,15.9,39.93,42.09,49.13,6.58,9.0,24.57,49.96,0,1,0,0,0
2026-01-01T00:49:00Z,compressor_trip,COMP_TRIP,18.9,40.28,41.13,48.79,6.48,8.82,24.48,49.92,0,1,0,0,0
2026-01-01T00:49:01Z,compressor_trip,COMP_TRIP,8.4,39.8,41.24,48.54,6.46,8.62,24.77,49.93,0,1,0,0,0
2026-01-01T00:49:02Z,compressor_trip,COMP_TRIP,5.3,39.76,41.48,48.13,6.33,8.59,24.58,49.95,0,1,0,0,0
2026-01-01T00:49:03Z,compressor_trip,COMP_TRIP,1.9,40.05,41.24,47.24,6.2,8.76,24.62,50.08,0,1,0,0,0
2026-01-01T00:49:04Z,compressor_trip,COMP_TRIP,22.7,40.03,41.57,47.66,6.36,8.48,24.65,50.06,0,1,0,0,0
2026-01-01T00:49:05Z,compressor_trip,COMP_TRIP,4.1,39.83,41.81,46.45,6.37,8.47,24.62,49.94,0,1,0,0,0
2026-01-01T00:49:06Z,compressor_trip,COMP_TRIP,7.8,39.85,41.54,46.79,6.44,8.44,24.47,50.01,0,1,0,0,0
2026-01-01T00:49:07Z,compressor_trip,COMP_TRIP,11.2,40.03,40.8,46.6,6.44,8.5,24.46,50.07,0,1,0,0,0
2026-01-01T00:49:08Z,compressor_trip,COMP_TRIP,9.0,40.04,41.16,45.24,6.24,8.31,24.63,50.01,0,1,0,0,0
2026-01-01T00:49:09Z,compressor_trip,COMP_TRIP,-9.5,39.88,40.9,45.19,6.36,8.16,24.67,49.92,0,1,0,0,0
2026-01-01T00:49:10Z,compressor_trip,COMP_TRIP,7.3,40.17,40.51,45.74,6.1,8.34,24.48,49.99,0,1,0,0,0
2026-01-01T00:49:11Z,compressor_trip,COMP_TRIP,-5.9,39.9,41.56,45.74,6.23,8.33,24.41,50.0,0,1,0,0,0
2026-01-01T00:49:12Z,compressor_trip,COMP_TRIP,-9.2,39.71,41.01,44.96,6.33,8.23,24.78,50.09,0,1,0,0,0
2026-01-01T00:49:13Z,compressor_trip,COMP_TRIP,-2.0,40.0,40.83,44.62,6.28,8.1,24.45,50.06,0,1,0,0,0
2026-01-01T00:49:14Z,compressor_trip,COMP_TRIP,1.3,40.42,42.28,43.97,6.14,7.95,24.68,50.0,0,1,0,0,0
2026-01-01T00:49:15Z,compressor_trip,COMP_TRIP,-3.3,39.7,40.95,44.53,6.16,7.92,24.43,50.08,0,1,0,0,0
2026-01-01T00:49:16Z,compressor_trip,COMP_TRIP,4.7,39.83,40.41,44.06,6.14,7.9,24.61,50.08,0,1,0,0,0
2026-01-01T00:49:17Z,compressor_trip,COMP_TRIP,-9.5,40.17,40.78,43.18,6.14,7.73,24.49,50.11,0,1,0,0,0
2026-01-01T00:49:18Z,compressor_trip,COMP_TRIP,14.4,39.64,40.28,44.53,6.19,7.69,24.68,50.01,0,1,0,0,0
2026-01-01T00:49:19Z,compressor_trip,COMP_TRIP,4.4,40.02,41.7,44.1,6.12,7.68,24.41,50.01,0,1,0,0,0
2026-01-01T00:49:20Z,compressor_trip,COMP_TRIP,25.4,40.01,41.15,43.13,6.26,7.68,24.53,50.0,0,1,0,0,0
2026-01-01T00:49:21Z,compressor_trip,COMP_TRIP,-1.0,39.85,40.21,44.32,6.08,7.57,24.39,49.94,0,1,0,0,0
2026-01-01T00:49:22Z,compressor_trip,COMP_TRIP,4.2,40.45,40.51,42.58,6.09,7.58,24.45,49.95,0,1,0,0,0
2026-01-01T00:49:23Z,compressor_trip,COMP_TRIP,-12.8,39.94,39.76,43.03,6.16,7.56,24.36,49.95,0,1,0,0,0
2026-01-01T00:49:24Z,compressor_trip,COMP_TRIP,-15.7,40.47,40.66,42.51,5.97,7.51,24.42,50.06,0,1,0,0,0
2026-01-01T00:49:25Z,compressor_trip,COMP_TRIP,10.2,40.0,40.56,42.58,6.27,7.12,24.51,50.01,0,1,0,0,0
2026-01-01T00:49:26Z,compressor_trip,COMP_TRIP,-5.7,39.96,40.64,42.25,6.17,7.31,24.54,49.97,0,1,0,0,0
2026-01-01T00:49:27Z,compressor_trip,COMP_TRIP,-5.3,39.89,40.95,42.96,6.26,7.34,24.48,50.04,0,1,0,0,0
2026-01-01T00:49:28Z,compressor_trip,COMP_TRIP,4.7,40.72,40.47,41.86,6.25,7.35,24.31,50.03,0,1,0,0,0
2026-01-01T00:49:29Z,compressor_trip,COMP_TRIP,-19.3,40.05,39.92,42.16,6.12,7.24,24.22,49.98,0,1,0,0,0
2026-01-01T00:49:30Z,compressor_trip,COMP_TRIP,5.3,40.45,39.91,42.31,6.04,7.16,24.52,50.04,0,1,0,0,0
2026-01-01T00:49:31Z,compressor_trip,COMP_TRIP,13.2,39.76,41.04,42.89,6.11,7.26,24.29,50.02,0,1,0,0,0
2026-01-01T00:49:32Z,compressor_trip,COMP_TRIP,-14.8,39.97,41.19,41.86,6.13,7.31,24.47,50.03,0,1,0,0,0
2026-01-01T00:49:33Z,compressor_trip,COMP_TRIP,2.9,39.89,39.72,41.46,6.0,7.0,24.38,50.0,0,1,0,0,0
2026-01-01T00:49:34Z,compressor_trip,COMP_TRIP,-3.0,40.26,40.61,40.96,6.14,7.17,24.28,49.96,0,1,0,0,0
2026-01-01T00:49:35Z,compressor_trip,COMP_TRIP,5.4,40.14,39.89,41.1,6.03,7.2,24.41,50.06,0,1,0,0,0
2026-01-01T00:49:36Z,compressor_trip,COMP_TRIP,12.2,39.94,39.88,42.38,6.27,6.93,24.31,50.08,0,1,0,0,0
2026-01-01T00:49:37Z,compressor_trip,COMP_TRIP,19.0,40.31,39.89,41.61,5.95,6.95,24.4,49.99,0,1,0,0,0
2026-01-01T00:49:38Z,compressor_trip,COMP_TRIP,19.5,39.89,40.62,40.79,6.16,7.06,24.38,50.01,0,1,0,0,0
2026-01-01T00:49:39Z,compressor_trip,COMP_TRIP,12.3,39.96,41.28,41.29,6.03,6.98,24.32,49.97,0,1,0,0,0
2026-01-01T00:49:40Z,compressor_trip,COMP_TRIP,-1.7,40.31,40.79,42.05,5.86,6.86,24.26,50.05,0,1,0,0,0
2026-01-01T00:49:41Z,compressor_trip,COMP_TRIP,7.1,40.04,40.54,40.88,6.07,6.96,24.32,49.97,0,1,0,0,0
2026-01-01T00:49:42Z,compressor_trip,COMP_TRIP,-2.3,39.95,39.3,40.72,6.12,6.9,24.08,49.94,0,1,0,0,0
2026-01-01T00:49:43Z,compressor_trip,COMP_TRIP,-11.5,40.17,39.32,42.04,6.15,7.02,24.25,50.02,0,1,0,0,0
2026-01-01T00:49:44Z,compressor_trip,COMP_TRIP,9.5,40.17,39.45,41.29,6.29,6.85,24.29,49.99,0,1,0,0,0
2026-01-01T00:49:45Z,compressor_trip,COMP_TRIP,5.2,40.12,40.45,40.95,6.03,6.76,24.26,49.94,0,1,0,0,0
2026-01-01T00:49:46Z,compressor_trip,COMP_TRIP,-7.3,40.17,40.39,39.75,6.19,6.78,24.2,50.09,0,1,0,0,0
2026-01-01T00:49:47Z,compressor_trip,COMP_TRIP,-6.5,39.66,40.23,39.94,6.28,6.68,24.22,50.04,0,1,0,0,0
2026-01-01T00:49:48Z,compressor_trip,COMP_TRIP,2.1,39.77,40.65,40.44,6.18,6.64,24.23,50.03,0,1,0,0,0
2026-01-01T00:49:49Z,compressor_trip,COMP_TRIP,6.6,39.95,40.09,40.39,5.95,6.79,24.16,49.98,0,1,0,0,0
2026-01-01T00:49:50Z,compressor_trip,COMP_TRIP,4.2,39.83,40.4,39.92,6.03,6.62,24.29,50.04,0,1,0,0,0
2026-01-01T00:49:51Z,compressor_trip,COMP_TRIP,-0.3,39.86,40.59,39.92,5.93,6.65,24.32,50.04,0,1,0,0,0
2026-01-01T00:49:52Z,compressor_trip,COMP_TRIP,-10.6,40.01,39.82,40.3,6.0,6.71,24.37,49.93,0,1,0,0,0
2026-01-01T00:49:53Z,compressor_trip,COMP_TRIP,-12.0,40.04,40.74,39.99,5.97,6.59,24.27,49.93,0,1,0,0,0
2026-01-01T00:49:54Z,compressor_trip,COMP_TRIP,1.9,39.73,40.32,40.84,6.02,6.7,24.35,49.99,0,1,0,0,0
2026-01-01T00:49:55Z,compressor_trip,COMP_TRIP,-7.4,39.9,39.67,39.75,6.04,6.43,24.22,50.02,0,1,0,0,0
2026-01-01T00:49:56Z,compressor_trip,COMP_TRIP,2.6,40.0,40.3,40.16,5.86,6.62,24.34,50.0,0,1,0,0,0
2026-01-01T00:49:57Z,compressor_trip,COMP_TRIP,-4.2,40.44,40.16,38.91,5.88,6.51,24.02,50.04,0,1,0,0,0
2026-01-01T00:49:58Z,compressor_trip,COMP_TRIP,-5.5,40.01,40.54,39.63,5.87,6.38,24.09,49.89,0,1,0,0,0
2026-01-01T00:49:59Z,compressor_trip,COMP_TRIP,12.9,40.01,40.62,39.75,5.86,6.81,24.23,50.01,0,1,0,0,0
2026-01-01T00:50:00Z,compressor_trip,COMP_TRIP,10.4,40.23,41.66,39.66,6.08,6.53,24.13,49.98,0,1,0,0,0
2026-01-01T00:50:01Z,compressor_trip,COMP_TRIP,-11.5,40.35,40.45,39.99,6.0,6.66,24.17,49.97,0,1,0,0,0
2026-01-01T00:50:02Z,compressor_trip,COMP_TRIP,1.9,40.23,40.62,38.87,6.08,6.66,24.19,49.98,0,1,0,0,0
2026-01-01T00:50:03Z,compressor_trip,COMP_TRIP,9.2,40.23,39.73,39.29,6.08,6.4,24.23,50.05,0,1,0,0,0
2026-01-01T00:50:04Z,compressor_trip,COMP_TRIP,-1.1,40.25,40.34,39.03,6.08,6.6,24.21,50.01,0,1,0,0,0
2026-01-01T00:50:05Z,compressor_trip,COMP_TRIP,-4.6,40.11,40.36,40.14,5.97,6.52,24.25,49.99,0,1,0,0,0
2026-01-01T00:50:06Z,compressor_trip,COMP_TRIP,1.2,39.45,40.35,38.47,5.92,6.34,24.15,50.02,0,1,0,0,0
2026-01-01T00:50:07Z,compressor_trip,COMP_TRIP,-11.5,39.61,39.81,39.72,6.02,6.35,24.14,50.0,0,1,0,0,0
2026-01-01T00:50:08Z,compressor_trip,COMP_TRIP,0.5,39.89,40.44,40.18,5.95,6.45,24.07,50.02,0,1,0,0,0
2026-01-01T00:50:09Z,compressor_trip,COMP_TRIP,5.5,40.0,40.44,39.49,5.76,6.44,24.12,49.92,0,1,0,0,0
2026-01-01T00:50:10Z,compressor_trip,COMP_TRIP,-0.3,39.66,40.05,39.46,6.01,6.36,24.15,50.03,0,1,0,0,0
2026-01-01T00:50:11Z,compressor_trip,COMP_TRIP,14.4,39.96,39.99,39.25,5.99,6.35,24.1,49.99,0,1,0,0,0
2026-01-01T00:50:12Z,compressor_trip,COMP_TRIP,3.7,39.87,40.15,38.81,5.94,6.3,24.28,50.04,0,1,0,0,0
2026-01-01T00:50:13Z,compressor_trip,COMP_TRIP,8.0,39.94,40.49,39.23,5.91,6.27,24.25,50.07,0,1,0,0,0
2026-01-01T00:50:14Z,compressor_trip,COMP_TRIP,13.4,39.84,39.74,39.29,6.09,6.12,24.19,49.99,0,1,0,0,0
2026-01-01T00:50:15Z,compressor_trip,COMP_TRIP,3.7,39.63,39.42,38.96,6.09,6.31,23.99,50.1,0,1,0,0,0
2026-01-01T00:50:16Z,compressor_trip,COMP_TRIP,-7.9,39.76,40.49,39.23,6.05,6.23,23.98,50.07,0,1,0,0,0
2026-01-01T00:50:17Z,compressor_trip,COMP_TRIP,3.8,40.1,40.0,38.8,6.0,6.43,24.12,49.95,0,1,0,0,0
2026-01-01T00:50:18Z,compressor_trip,COMP_TRIP,-13.4,40.06,40.77,39.32,6.0,6.33,24.08,50.04,0,1,0,0,0
2026-01-01T00:50:19Z,compressor_trip,COMP_TRIP,9.6,39.85,39.85,38.29,6.01,6.5,23.94,50.08,0,1,0,0,0
2026-01-01T00:50:20Z,compressor_trip,COMP_TRIP,2.4,40.03,39.87,38.72,6.12,6.27,24.19,50.05,0,1,0,0,0
2026-01-01T00:50:21Z,compressor_trip,COMP_TRIP,-4.4,40.18,39.93,38.72,5.95,6.18,24.23,50.08,0,1,0,0,0
2026-01-01T00:50:22Z,compressor_trip,COMP_TRIP,17.6,39.91,40.32,38.74,6.03,6.31,23.94,50.03,0,1,0,0,0
2026-01-01T00:50:23Z,compressor_trip,COMP_TRIP,2.9,40.03,39.67,38.9,5.96,6.22,24.01,49.98,0,1,0,0,0
2026-01-01T00:50:24Z,compressor_trip,COMP_TRIP,-3.6,39.97,39.88,39.2,5.84,6.3,24.08,50.01,0,1,0,0,0
2026-01-01T00:50:25Z,compressor_trip,COMP_TRIP,7.8,40.18,40.01,38.87,5.95,6.18,23.94,49.96,0,1,0,0,0
2026-01-01T00:50:26Z,compressor_trip,COMP_TRIP,-1.3,39.81,40.15,39.21,6.0,6.25,24.06,50.0,0,1,0,0,0
2026-01-01T00:50:27Z,compressor_trip,COMP_TRIP,1.6,39.81,40.16,38.48,5.87,6.24,24.17,49.95,0,1,0,0,0
2026-01-01T00:50:28Z,compressor_trip,COMP_TRIP,-3.4,40.17,40.66,39.04,5.89,6.23,23.98,50.02,0,1,0,0,0
2026-01-01T00:50:29Z,compressor_trip,COMP_TRIP,1.5,39.84,39.39,38.31,6.03,6.32,23.98,49.93,0,1,0,0,0
2026-01-01T00:50:30Z,compressor_trip,COMP_TRIP,-1.1,40.07,39.95,38.51,6.03,6.09,24.06,50.01,0,1,0,0,0
2026-01-01T00:50:31Z,compressor_trip,COMP_TRIP,0.5,40.25,40.23,39.0,6.16,6.26,24.09,50.02,0,1,0,0,0
2026-01-01T00:50:32Z,compressor_trip,COMP_TRIP,-3.3,40.06,39.91,39.02,6.1,6.27,23.93,49.99,0,1,0,0,0
2026-01-01T00:50:33Z,compressor_trip,COMP_TRIP,0.2,40.05,39.7,38.64,5.98,5.99,23.96,49.95,0,1,0,0,0
2026-01-01T00:50:34Z,compressor_trip,COMP_TRIP,-2.3,39.72,40.18,39.67,6.01,6.32,23.99,49.98,0,1,0,0,0
2026-01-01T00:50:35Z,compressor_trip,COMP_TRIP,10.6,39.91,40.03,39.21,6.17,6.2,23.93,49.98,0,1,0,0,0
2026-01-01T00:50:36Z,compressor_trip,COMP_TRIP,-11.4,40.02,40.12,38.74,6.06,6.23,23.96,49.91,0,1,0,0,0
2026-01-01T00:50:37Z,compressor_trip,COMP_TRIP,21.6,39.91,39.5,38.84,5.99,6.27,24.04,49.91,0,1,0,0,0
2026-01-01T00:50:38Z,compressor_trip,COMP_TRIP,-9.1,39.66,39.88,38.97,5.88,6.2,24.03,50.01,0,1,0,0,0
2026-01-01T00:50:39Z,compressor_trip,COMP_TRIP,3.2,39.67,39.37,38.05,5.98,6.24,23.89,50.05,0,1,0,0,0
2026-01-01T00:50:40Z,compressor_trip,COMP_TRIP,6.3,40.16,39.52,39.45,5.91,6.09,23.9,50.0,0,1,0,0,0
2026-01-01T00:50:41Z,compressor_trip,COMP_TRIP,-14.3,40.1,40.64,39.21,5.9,6.15,24.03,50.04,0,1,0,0,0
2026-01-01T00:50:42Z,compressor_trip,COMP_TRIP,-8.7,39.9,40.35,39.02,6.11,5.95,23.9,50.01,0,1,0,0,0
2026-01-01T00:50:43Z,compressor_trip,COMP_TRIP,9.4,40.03,40.07,38.85,5.81,6.09,23.88,50.01,0,1,0,0,0
2026-01-01T00:50:44Z,compressor_trip,COMP_TRIP,6.0,39.99,40.5,39.21,6.15,6.07,23.93,50.05,0,1,0,0,0
2026-01-01T00:50:45Z,compressor_trip,COMP_TRIP,7.6,40.07,39.63,38.92,5.93,6.14,23.96,50.04,0,1,0,0,0
2026-01-01T00:50:46Z,compressor_trip,COMP_TRIP,-1.6,39.93,39.17,38.84,5.98,6.08,23.89,49.96,0,1,0,0,0
2026-01-01T00:50:47Z,compressor_trip,COMP_TRIP,-2.0,40.14,38.78,37.7,6.0,6.06,24.0,49.98,0,1,0,0,0
2026-01-01T00:50:48Z,compressor_trip,COMP_TRIP,7.5,40.03,39.77,39.16,5.88,6.07,24.12,49.93,0,1,0,0,0
2026-01-01T00:50:49Z,compressor_trip,COMP_TRIP,2.6,40.25,40.07,38.23,6.12,6.14,23.79,50.01,0,1,0,0,0
2026-01-01T00:50:50Z,compressor_trip,COMP_TRIP,-6.4,39.84,40.15,39.53,6.01,5.99,24.02,50.11,0,1,0,0,0
2026-01-01T00:50:51Z,compressor_trip,COMP_TRIP,2.9,39.69,40.24,38.49,5.93,6.02,24.0,50.02,0,1,0,0,0
2026-01-01T00:50:52Z,compressor_trip,COMP_TRIP,0.6,40.07,40.14,38.48,5.99,5.96,23.87,49.99,0,1,0,0,0
2026-01-01T00:50:53Z,compressor_trip,COMP_TRIP,-5.0,40.03,40.32,39.03,5.98,6.1,23.8,49.99,0,1,0,0,0
2026-01-01T00:50:54Z,compressor_trip,COMP_TRIP,-26.0,39.7,39.87,38.65,6.04,6.02,23.77,50.02,0,1,0,0,0
2026-01-01T00:50:55Z,compressor_trip,COMP_TRIP,4.0,39.69,39.48,37.76,5.92,6.11,23.79,49.95,0,1,0,0,0
2026-01-01T00:50:56Z,compressor_trip,COMP_TRIP,5.6,40.04,40.17,38.36,6.06,6.15,23.99,49.93,0,1,0,0,0
2026-01-01T00:50:57Z,compressor_trip,COMP_TRIP,9.4,39.99,39.96,37.9,5.96,6.09,24.12,49.95,0,1,0,0,0
2026-01-01T00:50:58Z,compressor_trip,COMP_TRIP,-10.6,40.1,39.49,37.97,6.15,6.05,23.81,50.02,0,1,0,0,0
2026-01-01T00:50:59Z,compressor_trip,COMP_TRIP,6.7,39.99,40.56,38.9,6.1,6.08,23.76,50.07,0,1,0,0,0
2026-01-01T00:51:00Z,compressor_trip,COMP_TRIP,-0.5,39.67,40.54,38.93,5.95,6.04,23.97,49.97,0,1,0,0,0
2026-01-01T00:51:01Z,compressor_trip,COMP_TRIP,16.2,40.2,40.24,39.46,5.97,5.94,23.88,49.99,0,1,0,0,0
2026-01-01T00:51:02Z,compressor_trip,COMP_TRIP,-23.9,39.91,39.92,38.28,6.05,6.26,23.75,50.0,0,1,0,0,0
2026-01-01T00:51:03Z,compressor_trip,COMP_TRIP,-6.5,40.01,39.88,38.23,5.86,6.19,23.81,49.95,0,1,0,0,0
2026-01-01T00:51:04Z,compressor_trip,COMP_TRIP,13.9,40.26,40.61,38.82,5.92,6.06,24.03,50.02,0,1,0,0,0
2026-01-01T00:51:05Z,compressor_trip,COMP_TRIP,-5.0,40.25,40.54,38.69,6.05,6.16,23.8,50.06,0,1,0,0,0
2026-01-01T00:51:06Z,compressor_trip,COMP_TRIP,-3.6,40.12,39.64,37.48,6.03,6.01,23.72,49.96,0,1,0,0,0
2026-01-01T00:51:07Z,compressor_trip,COMP_TRIP,0.3,39.9,39.6,38.54,5.99,5.94,23.95,50.09,0,1,0,0,0
2026-01-01T00:51:08Z,compressor_trip,COMP_TRIP,3.6,39.58,40.72,39.05,6.12,6.13,23.82,49.96,0,1,0,0,0
2026-01-01T00:51:09Z,compressor_trip,COMP_TRIP,2.7,39.95,39.91,37.07,6.07,6.04,23.71,50.0,0,1,0,0,0
2026-01-01T00:51:10Z,compressor_trip,COMP_TRIP,10.0,40.42,40.65,37.08,5.97,5.97,23.96,50.02,0,1,0,0,0
2026-01-01T00:51:11Z,compressor_trip,COMP_TRIP,-10.3,40.16,39.98,38.86,6.07,5.92,23.72,49.99,0,1,0,0,0
2026-01-01T00:51:12Z,compressor_trip,COMP_TRIP,8.3,40.11,40.11,37.8,6.17,6.07,23.7,50.01,0,1,0,0,0
2026-01-01T00:51:13Z,compressor_trip,COMP_TRIP,-4.8,39.85,40.15,38.43,5.87,5.98,23.72,50.1,0,1,0,0,0
2026-01-01T00:51:14Z,compressor_trip,COMP_TRIP,-9.8,39.89,39.24,37.66,6.28,6.12,23.64,49.94,0,1,0,0,0
2026-01-01T00:51:15Z,compressor_trip,COMP_TRIP,-3.3,39.79,39.31,37.67,5.89,6.27,23.88,49.98,0,1,0,0,0
2026-01-01T00:51:16Z,compressor_trip,COMP_TRIP,-3.7,40.0,40.35,39.7,5.77,6.1,23.67,50.02,0,1,0,0,0
2026-01-01T00:51:17Z,compressor_trip,COMP_TRIP,7.5,40.17,40.06,38.87,6.22,6.07,23.72,50.07,0,1,0,0,0
2026-01-01T00:51:18Z,compressor_trip,COMP_TRIP,-9.9,39.74,40.21,38.38,5.85,5.91,23.81,49.97,0,1,0,0,0
2026-01-01T00:51:19Z,compressor_trip,COMP_TRIP,3.8,39.81,40.27,38.29,6.01,6.14,23.8,49.99,0,1,0,0,0
2026-01-01T00:51:20Z,compressor_trip,COMP_TRIP,-13.9,39.92,39.86,38.82,5.92,6.3,23.81,49.97,0,1,0,0,0
2026-01-01T00:51:21Z,compressor_trip,COMP_TRIP,-7.2,39.74,40.22,38.79,6.06,5.89,23.89,50.0,0,1,0,0,0
2026-01-01T00:51:22Z,compressor_trip,COMP_TRIP,-8.6,40.07,40.17,38.32,5.94,5.94,23.6,49.88,0,1,0,0,0
2026-01-01T00:51:23Z,compressor_trip,COMP_TRIP,-6.9,40.08,39.5,38.02,6.09,6.11,23.79,50.06,0,1,0,0,0
2026-01-01T00:51:24Z,compressor_trip,COMP_TRIP,-5.7,39.59,39.57,38.54,6.03,6.0,23.9,49.87,0,1,0,0,0
2026-01-01T00:51:25Z,compressor_trip,COMP_TRIP,-5.6,39.74,39.07,38.39,5.97,6.07,23.88,49.95,0,1,0,0,0
2026-01-01T00:51:26Z,compressor_trip,COMP_TRIP,6.6,40.02,39.49,38.91,6.06,6.16,23.76,50.0,0,1,0,0,0
2026-01-01T00:51:27Z,compressor_trip,COMP_TRIP,7.2,39.96,39.64,38.77,5.8,5.92,23.67,50.01,0,1,0,0,0
2026-01-01T00:51:28Z,compressor_trip,COMP_TRIP,4.6,40.16,40.06,38.93,5.96,6.02,23.89,50.04,0,1,0,0,0
2026-01-01T00:51:29Z,compressor_trip,COMP_TRIP,1.3,39.87,39.58,37.59,6.05,5.87,23.69,50.04,0,1,0,0,0
2026-01-01T00:51:30Z,compressor_trip,COMP_TRIP,-3.9,39.92,40.53,38.44,6.07,6.18,23.7,50.03,0,1,0,0,0
2026-01-01T00:51:31Z,compressor_trip,COMP_TRIP,5.2,39.72,39.65,38.35,6.01,6.1,23.54,50.09,0,1,0,0,0
2026-01-01T00:51:32Z,compressor_trip,COMP_TRIP,-0.8,39.8,40.31,38.21,6.1,6.06,23.76,49.91,0,1,0,0,0
2026-01-01T00:51:33Z,compressor_trip,COMP_TRIP,3.4,40.14,39.55,38.25,5.96,6.0,23.68,50.01,0,1,0,0,0
2026-01-01T00:51:34Z,compressor_trip,COMP_TRIP,-1.1,40.18,40.33,37.86,5.84,6.25,23.77,49.94,0,1,0,0,0
2026-01-01T00:51:35Z,compressor_trip,COMP_TRIP,16.7,39.86,40.68,38.38,6.16,5.87,23.8,49.92,0,1,0,0,0
2026-01-01T00:51:36Z,compressor_trip,COMP_TRIP,0.1,40.21,40.84,37.85,5.92,6.07,23.66,50.02,0,1,0,0,0
2026-01-01T00:51:37Z,compressor_trip,COMP_TRIP,6.6,39.84,40.53,38.58,6.04,5.91,23.84,50.0,0,1,0,0,0
2026-01-01T00:51:38Z,compressor_trip,COMP_TRIP,2.7,39.83,40.39,38.88,5.78,6.09,23.83,49.99,0,1,0,0,0
2026-01-01T00:51:39Z,compressor_trip,COMP_TRIP,-7.8,39.87,39.08,39.32,5.88,6.08,23.61,49.98,0,1,0,0,0
2026-01-01T00:51:40Z,compressor_trip,COMP_TRIP,15.5,40.03,39.06,38.68,5.87,5.87,23.73,49.96,0,1,0,0,0
2026-01-01T00:51:41Z,compressor_trip,COMP_TRIP,18.3,40.12,39.21,37.67,6.22,6.15,23.68,50.06,0,1,0,0,0
2026-01-01T00:51:42Z,compressor_trip,COMP_TRIP,7.0,39.53,40.5,38.2,5.94,6.12,23.58,50.04,0,1,0,0,0
2026-01-01T00:51:43Z,compressor_trip,COMP_TRIP,-6.7,40.26,40.72,38.79,5.98,6.03,23.74,50.03,0,1,0,0,0
2026-01-01T00:51:44Z,compressor_trip,COMP_TRIP,-3.4,40.25,39.95,38.11,5.99,6.09,23.77,49.99,0,1,0,0,0
2026-01-01T00:51:45Z,compressor_trip,COMP_TRIP,-6.8,39.84,39.9,38.41,6.23,5.99,23.54,50.1,0,1,0,0,0
2026-01-01T00:51:46Z,compressor_trip,COMP_TRIP,-10.6,39.72,39.34,38.85,6.02,5.95,23.61,50.01,0,1,0,0,0
2026-01-01T00:51:47Z,compressor_trip,COMP_TRIP,7.5,39.7,39.97,38.73,5.96,6.01,23.69,49.95,0,1,0,0,0
2026-01-01T00:51:48Z,compressor_trip,COMP_TRIP,4.4,40.16,39.6,38.56,6.05,6.03,23.81,50.03,0,1,0,0,0
2026-01-01T00:51:49Z,compressor_trip,COMP_TRIP,7.9,39.81,41.28,37.07,5.94,6.05,23.48,50.07,0,1,0,0,0
2026-01-01T00:51:50Z,compressor_trip,COMP_TRIP,-17.6,39.97,39.42,37.8,6.0,6.16,23.46,49.96,0,1,0,0,0
2026-01-01T00:51:51Z,compressor_trip,COMP_TRIP,-10.7,40.14,40.47,38.57,5.96,6.1,23.8,50.01,0,1,0,0,0
2026-01-01T00:51:52Z,compressor_trip,COMP_TRIP,4.0,40.01,40.05,37.88,5.88,5.95,23.76,50.05,0,1,0,0,0
2026-01-01T00:51:53Z,compressor_trip,COMP_TRIP,-0.3,39.99,39.69,39.5,6.04,5.97,23.7,49.94,0,1,0,0,0
2026-01-01T00:51:54Z,compressor_trip,COMP_TRIP,-11.8,40.06,40.01,38.26,6.02,6.1,23.74,50.1,0,1,0,0,0
2026-01-01T00:51:55Z,compressor_trip,COMP_TRIP,-0.1,39.86,39.86,38.8,5.95,5.96,23.45,50.0,0,1,0,0,0
2026-01-01T00:51:56Z,compressor_trip,COMP_TRIP,-0.3,39.68,40.07,39.03,5.97,5.97,23.6,50.05,0,1,0,0,0
2026-01-01T00:51:57Z,compressor_trip,COMP_TRIP,-10.0,40.11,40.59,37.51,5.93,6.04,23.66,50.04,0,1,0,0,0
2026-01-01T00:51:58Z,compressor_trip,COMP_TRIP,-1.8,40.18,39.49,38.54,5.9,5.83,23.39,50.08,0,1,0,0,0
2026-01-01T00:51:59Z,compressor_trip,COMP_TRIP,-8.1,40.06,40.67,38.59,6.19,5.9,23.43,49.94,0,1,0,0,0
2026-01-01T00:52:00Z,compressor_trip,COMP_TRIP,-1.1,40.23,40.07,37.93,5.99,6.1,23.57,50.04,0,1,0,0,0
2026-01-01T00:52:01Z,compressor_trip,COMP_TRIP,-9.0,40.0,39.17,37.9,5.9,6.05,23.56,50.09,0,1,0,0,0
2026-01-01T00:52:02Z,compressor_trip,COMP_TRIP,16.5,40.06,40.03,38.91,5.9,6.07,23.76,50.02,0,1,0,0,0
2026-01-01T00:52:03Z,compressor_trip,COMP_TRIP,19.9,40.06,39.59,38.63,5.96,6.11,23.57,50.02,0,1,0,0,0
2026-01-01T00:52:04Z,compressor_trip,COMP_TRIP,-4.6,40.21,40.23,39.25,6.12,6.06,23.58,49.93,0,1,0,0,0
2026-01-01T00:52:05Z,compressor_trip,COMP_TRIP,18.7,40.11,39.94,37.52,5.93,6.08,23.47,50.0,0,1,0,0,0
2026-01-01T00:52:06Z,compressor_trip,COMP_TRIP,-2.0,40.15,40.05,39.84,6.05,5.87,23.47,50.02,0,1,0,0,0
2026-01-01T00:52:07Z,compressor_trip,COMP_TRIP,21.2,39.87,40.17,38.21,5.76,6.16,23.38,49.92,0,1,0,0,0
2026-01-01T00:52:08Z,compressor_trip,COMP_TRIP,-0.8,39.97,40.37,38.31,6.39,6.08,23.53,49.98,0,1,0,0,0
2026-01-01T00:52:09Z,compressor_trip,COMP_TRIP,-1.7,39.63,39.28,37.98,5.93,6.09,23.66,50.04,0,1,0,0,0
2026-01-01T00:52:10Z,compressor_trip,COMP_TRIP,-10.6,39.85,39.91,37.46,6.04,6.01,23.69,50.06,0,1,0,0,0
2026-01-01T00:52:11Z,compressor_trip,COMP_TRIP,-16.6,40.0,38.91,38.78,5.97,6.03,23.5,49.94,0,1,0,0,0
2026-01-01T00:52:12Z,compressor_trip,COMP_TRIP,-3.9,40.04,39.55,37.84,5.85,6.0,23.49,50.05,0,1,0,0,0
2026-01-01T00:52:13Z,compressor_trip,COMP_TRIP,-8.7,39.9,39.49,37.7,5.85,6.15,23.5,49.99,0,1,0,0,0
2026-01-01T00:52:14Z,compressor_trip,COMP_TRIP,-3.7,40.08,38.86,39.19,5.98,6.0,23.48,49.99,0,1,0,0,0
2026-01-01T00:52:15Z,compressor_trip,COMP_TRIP,-3.1,39.7,39.98,38.37,6.07,6.15,23.28,50.0,0,1,0,0,0
2026-01-01T00:52:16Z,compressor_trip,COMP_TRIP,5.4,39.86,40.4,37.76,5.93,5.94,23.53,49.99,0,1,0,0,0
2026-01-01T00:52:17Z,compressor_trip,COMP_TRIP,3.5,40.03,40.44,37.97,5.94,6.07,23.42,50.09,0,1,0,0,0
2026-01-01T00:52:18Z,compressor_trip,COMP_TRIP,3.1,40.26,40.46,38.7,5.99,5.92,23.48,50.04,0,1,0,0,0
2026-01-01T00:52:19Z,compressor_trip,COMP_TRIP,-1.7,40.1,40.26,39.04,6.0,6.03,23.65,49.94,0,1,0,0,0
2026-01-01T00:52:20Z,compressor_trip,COMP_TRIP,8.0,40.28,40.12,37.84,6.01,6.1,23.67,50.05,0,1,0,0,0
2026-01-01T00:52:21Z,compressor_trip,COMP_TRIP,-7.0,39.69,39.64,38.64,6.08,5.92,23.45,50.03,0,1,0,0,0
2026-01-01T00:52:22Z,compressor_trip,COMP_TRIP,22.0,39.91,40.66,38.75,6.09,6.01,23.42,50.03,0,1,0,0,0
2026-01-01T00:52:23Z,compressor_trip,COMP_TRIP,9.8,39.93,39.62,39.24,5.86,6.21,23.63,49.97,0,1,0,0,0
2026-01-01T00:52:24Z,compressor_trip,COMP_TRIP,-4.0,40.09,40.46,38.83,5.9,6.19,23.47,49.98,0,1,0,0,0
2026-01-01T00:52:25Z,compressor_trip,COMP_TRIP,-7.5,39.92,40.67,37.82,6.05,6.03,23.74,50.0,0,1,0,0,0
2026-01-01T00:52:26Z,compressor_trip,COMP_TRIP,-8.8,40.32,40.72,37.27,6.09,6.08,23.46,49.97,0,1,0,0,0
2026-01-01T00:52:27Z,compressor_trip,COMP_TRIP,-23.2,39.89,40.29,38.61,5.76,5.96,23.63,50.06,0,1,0,0,0
2026-01-01T00:52:28Z,compressor_trip,COMP_TRIP,1.6,39.68,41.27,38.35,6.07,6.04,23.39,50.03,0,1,0,0,0
2026-01-01T00:52:29Z,compressor_trip,COMP_TRIP,-8.2,39.46,40.52,39.39,6.11,6.09,23.37,50.04,0,1,0,0,0
2026-01-01T00:52:30Z,compressor_trip,COMP_TRIP,15.0,39.54,40.55,37.62,6.0,5.96,23.52,50.02,0,1,0,0,0
2026-01-01T00:52:31Z,compressor_trip,COMP_TRIP,-6.5,40.02,40.18,38.52,5.99,5.96,23.43,50.04,0,1,0,0,0
2026-01-01T00:52:32Z,compressor_trip,COMP_TRIP,-6.0,39.85,40.72,37.4,5.99,6.03,23.51,50.02,0,1,0,0,0
2026-01-01T00:52:33Z,compressor_trip,COMP_TRIP,10.8,40.01,40.67,38.82,6.11,5.92,23.5,49.97,0,1,0,0,0
2026-01-01T00:52:34Z,compressor_trip,COMP_TRIP,-6.4,39.89,40.05,37.97,5.84,6.11,23.27,50.03,0,1,0,0,0
2026-01-01T00:52:35Z,compressor_trip,COMP_TRIP,-10.1,40.56,39.71,39.23,6.0,5.94,23.37,49.99,0,1,0,0,0
2026-01-01T00:52:36Z,compressor_trip,COMP_TRIP,18.3,39.85,39.63,38.14,6.08,6.03,23.53,50.03,0,1,0,0,0
2026-01-01T00:52:37Z,compressor_trip,COMP_TRIP,-0.5,39.91,39.79,38.52,5.97,5.91,23.31,49.94,0,1,0,0,0
2026-01-01T00:52:38Z,compressor_trip,COMP_TRIP,2.9,40.04,40.02,37.45,5.96,5.89,23.51,50.05,0,1,0,0,0
2026-01-01T00:52:39Z,compressor_trip,COMP_TRIP,10.9,40.24,39.77,38.56,6.1,5.8,23.43,50.02,0,1,0,0,0
2026-01-01T00:52:40Z,compressor_trip,COMP_TRIP,3.5,39.83,39.8,38.17,6.04,5.82,23.31,49.98,0,1,0,0,0
2026-01-01T00:52:41Z,compressor_trip,COMP_TRIP,7.5,40.19,39.6,37.97,6.05,5.85,23.39,49.99,0,1,0,0,0
2026-01-01T00:52:42Z,compressor_trip,COMP_TRIP,-5.0,39.95,40.22,37.73,6.13,5.95,23.22,50.0,0,1,0,0,0
2026-01-01T00:52:43Z,compressor_trip,COMP_TRIP,-10.5,39.93,39.92,38.12,6.25,6.05,23.27,49.91,0,1,0,0,0
2026-01-01T00:52:44Z,compressor_trip,COMP_TRIP,-1.0,40.18,39.74,38.41,6.04,5.88,23.44,49.99,0,1,0,0,0
2026-01-01T00:52:45Z,compressor_trip,COMP_TRIP,-4.9,40.14,40.31,39.13,6.14,6.05,23.15,49.99,0,1,0,0,0
2026-01-01T00:52:46Z,compressor_trip,COMP_TRIP,-9.8,39.76,40.42,38.97,5.98,6.0,23.32,50.03,0,1,0,0,0
2026-01-01T00:52:47Z,compressor_trip,COMP_TRIP,17.4,40.06,40.19,38.06,5.92,6.05,23.34,50.05,0,1,0,0,0
2026-01-01T00:52:48Z,compressor_trip,COMP_TRIP,-17.2,40.11,39.76,37.76,5.91,6.14,23.57,50.01,0,1,0,0,0
2026-01-01T00:52:49Z,compressor_trip,COMP_TRIP,-17.7,39.6,39.61,38.17,5.88,6.1,23.38,50.02,0,1,0,0,0
2026-01-01T00:52:50Z,compressor_trip,COMP_TRIP,-10.8,40.18,39.45,39.12,6.02,6.13,23.14,49.98,0,1,0,0,0
2026-01-01T00:52:51Z,compressor_trip,COMP_TRIP,-19.3,40.14,39.56,39.03,6.12,5.93,23.38,49.98,0,1,0,0,0
2026-01-01T00:52:52Z,compressor_trip,COMP_TRIP,-19.4,40.32,39.77,38.53,6.17,5.92,23.4,50.0,0,1,0,0,0
2026-01-01T00:52:53Z,compressor_trip,COMP_TRIP,13.2,40.19,40.17,38.86,6.1,5.95,23.22,49.96,0,1,0,0,0
2026-01-01T00:52:54Z,compressor_trip,COMP_TRIP,-19.6,40.13,40.02,37.71,6.0,6.02,23.27,50.07,0,1,0,0,0
2026-01-01T00:52:55Z,compressor_trip,COMP_TRIP,-2.4,39.61,39.11,38.28,6.02,5.84,23.11,49.95,0,1,0,0,0
2026-01-01T00:52:56Z,compressor_trip,COMP_TRIP,-7.8,39.93,39.29,37.96,5.99,6.18,23.31,49.88,0,1,0,0,0
2026-01-01T00:52:57Z,compressor_trip,COMP_TRIP,1.1,40.21,39.38,38.15,6.19,5.83,23.28,50.02,0,1,0,0,0
2026-01-01T00:52:58Z,compressor_trip,COMP_TRIP,12.1,40.09,39.97,38.14,5.99,5.89,23.36,49.96,0,1,0,0,0
2026-01-01T00:52:59Z,compressor_trip,COMP_TRIP,-12.0,39.98,40.24,37.84,6.02,5.81,23.25,50.07,0,1,0,0,0
2026-01-01T00:53:00Z,compressor_trip,COMP_TRIP,12.5,40.34,39.5,38.95,5.92,5.88,23.37,49.98,0,1,0,0,0
2026-01-01T00:53:01Z,compressor_trip,COMP_TRIP,13.2,39.82,40.69,37.91,6.05,6.05,23.32,50.03,0,1,0,0,0
2026-01-01T00:53:02Z,compressor_trip,COMP_TRIP,-11.0,40.09,39.66,38.92,5.93,6.23,23.13,50.05,0,1,0,0,0
2026-01-01T00:53:03Z,compressor_trip,COMP_TRIP,-7.6,39.82,39.61,38.08,5.94,6.12,23.24,50.01,0,1,0,0,0
2026-01-01T00:53:04Z,compressor_trip,COMP_TRIP,-1.7,40.17,39.6,38.2,6.08,6.05,23.38,50.11,0,1,0,0,0
2026-01-01T00:53:05Z,compressor_trip,COMP_TRIP,-4.0,40.17,40.1,37.97,5.84,5.84,23.27,49.94,0,1,0,0,0
2026-01-01T00:53:06Z,compressor_trip,COMP_TRIP,-10.8,39.95,39.78,39.69,6.13,6.06,23.4,49.99,0,1,0,0,0
2026-01-01T00:53:07Z,compressor_trip,COMP_TRIP,17.5,39.7,39.6,38.59,6.12,6.12,23.4,50.05,0,1,0,0,0
2026-01-01T00:53:08Z,compressor_trip,COMP_TRIP,-7.7,40.01,40.11,39.08,5.95,6.07,23.32,49.91,0,1,0,0,0
2026-01-01T00:53:09Z,compressor_trip,COMP_TRIP,-19.2,40.16,39.59,38.05,5.94,5.96,23.26,49.89,0,1,0,0,0
2026-01-01T00:53:10Z,compressor_trip,COMP_TRIP,23.7,40.15,39.65,38.88,6.08,6.18,23.24,50.02,0,1,0,0,0
2026-01-01T00:53:11Z,compressor_trip,COMP_TRIP,16.4,40.08,39.73,38.9,5.96,5.95,23.28,50.03,0,1,0,0,0
2026-01-01T00:53:12Z,compressor_trip,COMP_TRIP,-2.4,40.25,39.99,37.97,5.97,5.95,23.19,50.04,0,1,0,0,0
2026-01-01T00:53:13Z,compressor_trip,COMP_TRIP,-11.0,39.9,39.98,39.13,6.04,6.01,23.2,49.96,0,1,0,0,0
2026-01-01T00:53:14Z,compressor_trip,COMP_TRIP,1.2,40.01,40.31,39.45,5.96,5.99,23.4,49.92,0,1,0,0,0
2026-01-01T00:53:15Z,compressor_trip,COMP_TRIP,-6.9,40.06,40.17,37.81,5.87,6.1,23.35,50.03,0,1,0,0,0
2026-01-01T00:53:16Z,compressor_trip,COMP_TRIP,-0.7,40.21,40.37,38.44,6.06,6.08,23.19,49.96,0,1,0,0,0
2026-01-01T00:53:17Z,compressor_trip,COMP_TRIP,14.3,39.64,40.23,37.95,5.96,5.89,23.35,50.01,0,1,0,0,0
2026-01-01T00:53:18Z,compressor_trip,COMP_TRIP,6.2,40.44,40.25,38.06,5.96,5.98,23.21,49.93,0,1,0,0,0
2026-01-01T00:53:19Z,compressor_trip,COMP_TRIP,4.0,39.83,39.34,38.64,5.93,5.84,23.24,50.01,0,1,0,0,0
2026-01-01T00:53:20Z,compressor_trip,COMP_TRIP,20.4,39.95,41.26,37.99,5.97,5.81,23.17,49.94,0,1,0,0,0
2026-01-01T00:53:21Z,compressor_trip,COMP_TRIP,-18.6,39.86,39.75,37.91,6.09,5.91,23.31,50.02,0,1,0,0,0
2026-01-01T00:53:22Z,compressor_trip,COMP_TRIP,3.2,40.14,40.45,38.23,5.88,6.02,23.23,50.05,0,1,0,0,0
2026-01-01T00:53:23Z,compressor_trip,COMP_TRIP,-12.9,40.09,40.47,37.58,6.02,5.96,23.28,49.94,0,1,0,0,0
2026-01-01T00:53:24Z,compressor_trip,COMP_TRIP,-4.2,39.96,39.45,38.38,5.97,6.03,23.11,49.97,0,1,0,0,0
2026-01-01T00:53:25Z,compressor_trip,COMP_TRIP,-5.4,40.34,39.76,38.22,6.01,6.05,23.37,49.97,0,1,0,0,0
2026-01-01T00:53:26Z,compressor_trip,COMP_TRIP,7.4,40.3,40.04,37.8,5.91,5.89,23.13,50.01,0,1,0,0,0
2026-01-01T00:53:27Z,compressor_trip,COMP_TRIP,-8.9,40.08,39.55,39.37,5.91,6.01,23.19,50.07,0,1,0,0,0
2026-01-01T00:53:28Z,compressor_trip,COMP_TRIP,-9.3,39.75,39.72,38.07,6.11,5.99,23.12,50.01,0,1,0,0,0
2026-01-01T00:53:29Z,compressor_trip,COMP_TRIP,-5.3,40.18,38.87,37.92,5.97,5.81,23.22,50.07,0,1,0,0,0
2026-01-01T00:53:30Z,compressor_trip,COMP_TRIP,9.2,39.86,40.73,38.15,5.99,6.05,23.26,50.07,0,1,0,0,0
2026-01-01T00:53:31Z,compressor_trip,COMP_TRIP,-31.3,40.13,39.88,38.19,6.14,5.96,23.03,50.02,0,1,0,0,0
2026-01-01T00:53:32Z,compressor_trip,COMP_TRIP,1.4,39.73,39.94,39.14,6.06,5.87,23.18,49.95,0,1,0,0,0
2026-01-01T00:53:33Z,compressor_trip,COMP_TRIP,11.1,40.42,39.42,38.52,5.96,6.03,23.14,50.06,0,1,0,0,0
2026-01-01T00:53:34Z,compressor_trip,COMP_TRIP,-1.4,39.77,40.51,38.75,6.07,5.93,23.25,50.07,0,1,0,0,0
2026-01-01T00:53:35Z,compressor_trip,COMP_TRIP,11.5,40.32,38.73,38.1,5.99,6.02,23.24,49.92,0,1,0,0,0
2026-01-01T00:53:36Z,compressor_trip,COMP_TRIP,4.2,39.63,39.33,38.46,6.05,5.92,23.07,50.0,0,1,0,0,0
2026-01-01T00:53:37Z,compressor_trip,COMP_TRIP,-4.8,40.07,40.49,38.03,6.12,5.92,23.26,50.02,0,1,0,0,0
2026-01-01T00:53:38Z,compressor_trip,COMP_TRIP,3.4,40.12,39.92,37.52,5.93,5.92,23.17,50.05,0,1,0,0,0
2026-01-01T00:53:39Z,compressor_trip,COMP_TRIP,-0.2,40.36,40.54,38.39,5.98,5.93,23.35,49.99,0,1,0,0,0
2026-01-01T00:53:40Z,compressor_trip,COMP_TRIP,-18.2,40.02,40.16,38.06,5.97,6.12,23.17,49.94,0,1,0,0,0
2026-01-01T00:53:41Z,compressor_trip,COMP_TRIP,12.1,39.99,40.25,39.56,5.88,6.12,23.31,50.01,0,1,0,0,0
2026-01-01T00:53:42Z,compressor_trip,COMP_TRIP,6.8,40.35,40.16,38.52,5.91,6.12,23.18,49.99,0,1,0,0,0
2026-01-01T00:53:43Z,compressor_trip,COMP_TRIP,13.2,40.2,40.52,38.2,6.02,5.92,23.32,50.01,0,1,0,0,0
2026-01-01T00:53:44Z,compressor_trip,COMP_TRIP,-1.9,39.88,39.57,38.32,6.18,6.13,23.28,50.07,0,1,0,0,0
2026-01-01T00:53:45Z,compressor_trip,COMP_TRIP,-12.1,40.27,40.05,39.03,6.03,5.87,23.05,50.03,0,1,0,0,0
2026-01-01T00:53:46Z,compressor_trip,COMP_TRIP,-4.0,40.11,38.11,39.31,5.9,6.11,23.11,50.05,0,1,0,0,0
2026-01-01T00:53:47Z,compressor_trip,COMP_TRIP,-9.7,40.13,39.74,38.48,5.92,5.98,23.24,50.02,0,1,0,0,0
2026-01-01T00:53:48Z,compressor_trip,COMP_TRIP,5.8,39.65,40.01,37.71,6.06,6.03,23.01,49.93,0,1,0,0,0
2026-01-01T00:53:49Z,compressor_trip,COMP_TRIP,-4.3,40.22,39.75,39.04,5.82,6.08,23.25,49.98,0,1,0,0,0
2026-01-01T00:53:50Z,compressor_trip,COMP_TRIP,-3.8,39.69,39.27,38.84,6.18,5.84,23.15,50.13,0,1,0,0,0
2026-01-01T00:53:51Z,compressor_trip,COMP_TRIP,5.7,40.32,40.73,38.28,5.89,5.81,23.14,49.97,0,1,0,0,0
2026-01-01T00:53:52Z,compressor_trip,COMP_TRIP,-9.3,40.21,40.36,37.87,6.11,6.15,22.9,49.99,0,1,0,0,0
2026-01-01T00:53:53Z,compressor_trip,COMP_TRIP,-13.4,40.41,39.82,38.08,5.98,5.82,23.32,49.97,0,1,0,0,0
2026-01-01T00:53:54Z,compressor_trip,COMP_TRIP,1.7,39.89,39.15,38.37,5.82,6.15,23.31,50.06,0,1,0,0,0
2026-01-01T00:53:55Z,compressor_trip,COMP_TRIP,-11.8,39.56,40.09,38.11,5.99,6.15,23.14,50.03,0,1,0,0,0
2026-01-01T00:53:56Z,compressor_trip,COMP_TRIP,-16.3,40.32,39.24,37.95,5.83,5.95,23.22,50.04,0,1,0,0,0
2026-01-01T00:53:57Z,compressor_trip,COMP_TRIP,-6.3,39.88,40.83,38.28,5.93,6.02,23.09,49.96,0,1,0,0,0
2026-01-01T00:53:58Z,compressor_trip,COMP_TRIP,-4.8,40.1,39.35,39.05,5.96,6.22,23.19,50.01,0,1,0,0,0
2026-01-01T00:53:59Z,compressor_trip,COMP_TRIP,1.7,39.76,40.64,37.52,5.96,6.06,23.21,49.98,0,1,0,0,0
2026-01-01T00:54:00Z,compressor_trip,COMP_TRIP,14.9,39.94,40.21,38.67,6.07,5.87,23.26,50.04,0,1,0,0,0
2026-01-01T00:54:01Z,compressor_trip,COMP_TRIP,-23.1,40.17,39.62,38.58,6.14,6.1,23.13,50.06,0,1,0,0,0
2026-01-01T00:54:02Z,compressor_trip,COMP_TRIP,8.6,40.09,40.08,38.49,6.13,6.07,23.15,50.04,0,1,0,0,0
2026-01-01T00:54:03Z,compressor_trip,COMP_TRIP,-0.4,40.07,40.26,38.58,6.03,6.06,23.09,50.02,0,1,0,0,0
2026-01-01T00:54:04Z,compressor_trip,COMP_TRIP,-20.5,39.98,39.67,38.65,6.03,5.98,22.87,49.93,0,1,0,0,0
2026-01-01T00:54:05Z,compressor_trip,COMP_TRIP,-6.1,39.8,40.49,38.79,6.02,5.9,23.13,49.95,0,1,0,0,0
2026-01-01T00:54:06Z,compressor_trip,COMP_TRIP,-14.5,40.03,39.93,38.23,5.78,6.13,23.11,50.0,0,1,0,0,0
2026-01-01T00:54:07Z,compressor_trip,COMP_TRIP,-18.5,39.89,39.87,38.5,5.96,6.11,23.16,49.97,0,1,0,0,0
2026-01-01T00:54:08Z,compressor_trip,COMP_TRIP,2.8,40.37,40.51,39.22,5.9,5.85,23.13,50.05,0,1,0,0,0
2026-01-01T00:54:09Z,compressor_trip,COMP_TRIP,-4.0,40.25,40.12,38.47,5.97,5.85,23.15,50.08,0,1,0,0,0
2026-01-01T00:54:10Z,compressor_trip,COMP_TRIP,-16.7,40.29,40.19,37.78,6.16,5.97,23.13,49.93,0,1,0,0,0
2026-01-01T00:54:11Z,compressor_trip,COMP_TRIP,0.7,40.1,40.69,36.78,5.96,5.87,23.11,49.98,0,1,0,0,0
2026-01-01T00:54:12Z,compressor_trip,COMP_TRIP,18.1,40.17,39.79,38.32,5.9,6.08,23.03,49.97,0,1,0,0,0
2026-01-01T00:54:13Z,compressor_trip,COMP_TRIP,8.0,40.01,40.33,38.7,6.0,6.14,23.06,49.96,0,1,0,0,0
2026-01-01T00:54:14Z,compressor_trip,COMP_TRIP,13.1,40.31,40.48,38.25,6.06,6.0,22.98,50.04,0,1,0,0,0
2026-01-01T00:54:15Z,compressor_trip,COMP_TRIP,0.5,39.75,39.52,38.37,6.0,6.01,23.27,49.91,0,1,0,0,0
2026-01-01T00:54:16Z,compressor_trip,COMP_TRIP,2.0,40.34,39.76,38.67,5.92,6.0,23.06,49.94,0,1,0,0,0
2026-01-01T00:54:17Z,compressor_trip,COMP_TRIP,8.9,40.1,39.01,38.73,5.98,6.04,23.03,50.1,0,1,0,0,0
2026-01-01T00:54:18Z,compressor_trip,COMP_TRIP,-5.0,40.1,39.83,37.97,6.06,6.01,23.14,50.01,0,1,0,0,0
2026-01-01T00:54:19Z,compressor_trip,COMP_TRIP,1.5,39.92,40.32,38.2,6.08,6.05,22.97,49.99,0,1,0,0,0
2026-01-01T00:54:20Z,compressor_trip,COMP_TRIP,-3.5,39.75,40.35,38.43,6.07,5.81,23.0,50.02,0,1,0,0,0
2026-01-01T00:54:21Z,compressor_trip,COMP_TRIP,-19.7,40.02,39.9,38.09,5.93,6.1,23.28,49.94,0,1,0,0,0
2026-01-01T00:54:22Z,compressor_trip,COMP_TRIP,-1.7,40.1,40.65,37.99,6.04,6.0,23.01,50.04,0,1,0,0,0
2026-01-01T00:54:23Z,compressor_trip,COMP_TRIP,1.6,40.28,39.59,38.25,6.01,6.1,23.09,50.08,0,1,0,0,0
2026-01-01T00:54:24Z,compressor_trip,COMP_TRIP,-18.1,40.11,39.03,38.66,5.97,6.01,23.05,50.02,0,1,0,0,0
2026-01-01T00:54:25Z,compressor_trip,COMP_TRIP,-11.2,40.44,40.64,37.43,6.03,5.9,22.97,49.93,0,1,0,0,0
2026-01-01T00:54:26Z,compressor_trip,COMP_TRIP,7.9,39.76,39.64,38.46,6.01,6.06,23.01,49.97,0,1,0,0,0
2026-01-01T00:54:27Z,compressor_trip,COMP_TRIP,7.6,39.72,39.58,39.13,5.72,6.0,23.19,50.0,0,1,0,0,0
2026-01-01T00:54:28Z,compressor_trip,COMP_TRIP,1.6,39.83,39.88,39.01,6.08,6.02,23.17,49.96,0,1,0,0,0
2026-01-01T00:54:29Z,compressor_trip,COMP_TRIP,6.2,39.64,38.52,38.01,5.85,6.13,23.13,49.98,0,1,0,0,0
2026-01-01T00:54:30Z,compressor_trip,COMP_TRIP,12.7,40.09,40.61,37.54,5.92,6.1,23.23,49.94,0,1,0,0,0
2026-01-01T00:54:31Z,compressor_trip,COMP_TRIP,-4.3,40.05,40.45,38.76,6.11,6.0,23.05,50.05,0,1,0,0,0
2026-01-01T00:54:32Z,compressor_trip,COMP_TRIP,-4.1,40.32,39.52,38.67,5.82,5.99,23.15,50.04,0,1,0,0,0
2026-01-01T00:54:33Z,compressor_trip,COMP_TRIP,-7.4,39.92,39.37,39.42,5.93,5.85,22.97,49.97,0,1,0,0,0
2026-01-01T00:54:34Z,compressor_trip,COMP_TRIP,-0.7,40.3,39.54,38.32,5.83,6.1,22.99,50.05,0,1,0,0,0
2026-01-01T00:54:35Z,compressor_trip,COMP_TRIP,-18.5,39.74,40.76,38.17,5.94,6.04,23.15,50.04,0,1,0,0,0
2026-01-01T00:54:36Z,compressor_trip,COMP_TRIP,-2.5,39.98,40.06,37.86,5.9,6.04,22.99,49.97,0,1,0,0,0
2026-01-01T00:54:37Z,compressor_trip,COMP_TRIP,0.3,39.86,39.14,38.03,6.04,6.06,23.02,50.01,0,1,0,0,0
2026-01-01T00:54:38Z,compressor_trip,COMP_TRIP,-0.5,39.66,39.3,38.66,6.21,6.12,23.1,49.85,0,1,0,0,0
2026-01-01T00:54:39Z,compressor_trip,COMP_TRIP,9.1,40.18,39.72,38.56,6.03,5.9,23.22,49.98,0,1,0,0,0
2026-01-01T00:54:40Z,compressor_trip,COMP_TRIP,3.3,40.12,40.09,39.15,6.01,5.97,23.16,50.05,0,1,0,0,0
2026-01-01T00:54:41Z,compressor_trip,COMP_TRIP,6.9,39.93,39.36,39.01,6.08,5.81,23.2,49.89,0,1,0,0,0
2026-01-01T00:54:42Z,compressor_trip,COMP_TRIP,-20.8,40.4,39.98,38.76,6.09,5.95,23.04,50.02,0,1,0,0,0
2026-01-01T00:54:43Z,compressor_trip,COMP_TRIP,-6.7,40.21,39.32,38.95,5.96,5.97,23.0,50.0,0,1,0,0,0
2026-01-01T00:54:44Z,compressor_trip,COMP_TRIP,-0.7,39.94,40.22,37.43,5.99,6.12,23.11,49.96,0,1,0,0,0
2026-01-01T00:54:45Z,compressor_trip,COMP_TRIP,-17.1,39.93,39.87,38.6,6.14,5.97,23.08,49.94,0,1,0,0,0
2026-01-01T00:54:46Z,compressor_trip,COMP_TRIP,6.0,40.01,39.75,38.75,6.11,6.14,22.95,50.12,0,1,0,0,0
2026-01-01T00:54:47Z,compressor_trip,COMP_TRIP,-26.8,40.34,40.47,38.31,6.04,5.89,23.22,49.91,0,1,0,0,0
2026-01-01T00:54:48Z,compressor_trip,COMP_TRIP,-13.5,39.91,39.53,38.57,5.99,5.97,23.02,49.88,0,1,0,0,0
2026-01-01T00:54:49Z,compressor_trip,COMP_TRIP,3.7,40.13,40.51,38.66,6.04,5.97,23.28,49.98,0,1,0,0,0
2026-01-01T00:54:50Z,compressor_trip,COMP_TRIP,-24.0,39.81,41.09,37.82,6.02,5.85,22.95,49.99,0,1,0,0,0
2026-01-01T00:54:51Z,compressor_trip,COMP_TRIP,-11.4,39.96,40.53,38.11,6.05,6.17,23.22,50.04,0,1,0,0,0
2026-01-01T00:54:52Z,compressor_trip,COMP_TRIP,4.4,39.76,40.09,38.1,6.05,5.9,23.01,49.96,0,1,0,0,0
2026-01-01T00:54:53Z,compressor_trip,COMP_TRIP,-3.3,40.2,40.08,39.24,5.89,5.97,23.04,50.0,0,1,0,0,0
2026-01-01T00:54:54Z,compressor_trip,COMP_TRIP,2.6,40.03,39.57,38.33,5.98,5.95,23.21,50.01,0,1,0,0,0
2026-01-01T00:54:55Z,compressor_trip,COMP_TRIP,-1.8,39.71,40.8,38.42,5.92,6.01,23.09,49.99,0,1,0,0,0
2026-01-01T00:54:56Z,compressor_trip,COMP_TRIP,-1.9,40.23,40.65,39.16,6.18,6.08,23.04,50.05,0,1,0,0,0
2026-01-01T00:54:57Z,compressor_trip,COMP_TRIP,6.2,39.88,39.94,37.53,5.94,6.08,23.01,49.95,0,1,0,0,0
2026-01-01T00:54:58Z,compressor_trip,COMP_TRIP,-3.0,40.37,40.1,39.19,6.12,6.04,23.06,49.96,0,1,0,0,0
2026-01-01T00:54:59Z,compressor_trip,COMP_TRIP,-22.8,39.87,40.03,38.48,6.12,5.98,22.84,50.0,0,1,0,0,0
2026-01-01T00:55:00Z,compressor_trip,COMP_TRIP,-2.6,39.87,39.3,38.24,5.84,6.08,23.11,49.97,0,1,0,0,0
2026-01-01T00:55:01Z,compressor_trip,COMP_TRIP,5.7,39.98,40.38,38.83,5.98,6.15,22.96,50.07,0,1,0,0,0
2026-01-01T00:55:02Z,compressor_trip,COMP_TRIP,-8.1,39.85,40.12,38.49,6.08,6.07,22.9,49.94,0,1,0,0,0
2026-01-01T00:55:03Z,compressor_trip,COMP_TRIP,-5.3,40.01,39.66,38.09,5.97,5.99,23.08,49.98,0,1,0,0,0
2026-01-01T00:55:04Z,compressor_trip,COMP_TRIP,-1.5,39.82,40.06,39.18,6.11,5.98,23.13,50.0,0,1,0,0,0
2026-01-01T00:55:05Z,compressor_trip,COMP_TRIP,-4.0,39.89,39.55,38.47,6.12,6.19,22.9,50.11,0,1,0,0,0
2026-01-01T00:55:06Z,compressor_trip,COMP_TRIP,-6.5,39.86,39.89,38.63,5.94,6.03,22.96,49.97,0,1,0,0,0
2026-01-01T00:55:07Z,compressor_trip,COMP_TRIP,-1.2,40.12,40.87,38.51,5.88,6.2,22.98,50.09,0,1,0,0,0
2026-01-01T00:55:08Z,compressor_trip,COMP_TRIP,25.7,39.98,40.36,38.18,6.07,5.83,22.99,49.99,0,1,0,0,0
2026-01-01T00:55:09Z,compressor_trip,COMP_TRIP,9.3,40.2,39.38,38.33,5.98,5.94,22.9,49.9,0,1,0,0,0
2026-01-01T00:55:10Z,compressor_trip,COMP_TRIP,21.7,39.91,39.95,38.04,6.09,5.95,23.07,49.94,0,1,0,0,0
2026-01-01T00:55:11Z,compressor_trip,COMP_TRIP,5.7,39.9,40.15,38.8,5.94,5.93,22.97,50.1,0,1,0,0,0
2026-01-01T00:55:12Z,compressor_trip,COMP_TRIP,-6.0,39.99,40.48,38.32,5.91,6.01,22.91,50.04,0,1,0,0,0
2026-01-01T00:55:13Z,compressor_trip,COMP_TRIP,-7.5,40.4,40.48,37.86,6.07,5.88,22.89,49.96,0,1,0,0,0
2026-01-01T00:55:14Z,compressor_trip,COMP_TRIP,3.4,40.45,39.57,37.83,6.08,6.08,23.21,49.9,0,1,0,0,0
2026-01-01T00:55:15Z,compressor_trip,COMP_TRIP,-11.2,39.77,39.94,38.37,6.14,6.06,22.92,50.01,0,1,0,0,0
2026-01-01T00:55:16Z,compressor_trip,COMP_TRIP,14.3,40.3,39.36,38.83,6.19,5.96,23.09,50.03,0,1,0,0,0
2026-01-01T00:55:17Z,compressor_trip,COMP_TRIP,1.5,40.04,39.42,38.75,6.16,6.06,23.02,49.96,0,1,0,0,0
2026-01-01T00:55:18Z,compressor_trip,COMP_TRIP,13.1,39.53,40.64,38.01,6.04,6.06,23.08,49.99,0,1,0,0,0
2026-01-01T00:55:19Z,compressor_trip,COMP_TRIP,-17.9,40.09,39.13,39.07,5.99,6.25,22.97,50.06,0,1,0,0,0
2026-01-01T00:55:20Z,compressor_trip,COMP_TRIP,4.9,39.6,39.6,37.95,6.1,6.1,23.08,50.14,0,1,0,0,0
2026-01-01T00:55:21Z,compressor_trip,COMP_TRIP,-22.2,39.63,39.87,39.29,6.07,6.11,22.91,49.93,0,1,0,0,0
2026-01-01T00:55:22Z,compressor_trip,COMP_TRIP,14.0,39.93,39.77,38.87,5.87,6.08,23.08,49.91,0,1,0,0,0
2026-01-01T00:55:23Z,compressor_trip,COMP_TRIP,8.1,40.09,40.07,38.32,6.05,6.09,23.17,49.96,0,1,0,0,0
2026-01-01T00:55:24Z,compressor_trip,COMP_TRIP,-17.0,40.08,39.94,38.44,5.99,5.95,22.91,49.97,0,1,0,0,0
2026-01-01T00:55:25Z,compressor_trip,COMP_TRIP,-4.1,39.73,39.12,38.8,5.83,6.11,22.98,49.97,0,1,0,0,0
2026-01-01T00:55:26Z,compressor_trip,COMP_TRIP,-11.1,40.07,40.43,37.75,5.94,6.13,23.24,50.04,0,1,0,0,0
2026-01-01T00:55:27Z,compressor_trip,COMP_TRIP,3.4,40.14,39.53,38.74,6.1,6.12,23.13,50.02,0,1,0,0,0
2026-01-01T00:55:28Z,compressor_trip,COMP_TRIP,17.4,39.89,39.93,39.05,5.94,5.94,23.05,50.06,0,1,0,0,0
2026-01-01T00:55:29Z,compressor_trip,COMP_TRIP,-6.9,39.92,40.5,37.75,5.91,5.82,23.07,49.93,0,1,0,0,0
2026-01-01T00:55:30Z,compressor_trip,COMP_TRIP,5.1,40.2,39.84,37.98,6.06,6.18,23.05,49.98,0,1,0,0,0
2026-01-01T00:55:31Z,compressor_trip,COMP_TRIP,0.4,40.04,39.6,38.45,6.0,6.21,23.02,49.99,0,1,0,0,0
2026-01-01T00:55:32Z,compressor_trip,COMP_TRIP,10.4,39.98,40.25,38.59,5.97,6.11,23.03,50.07,0,1,0,0,0
2026-01-01T00:55:33Z,compressor_trip,COMP_TRIP,-6.3,39.97,40.12,38.13,6.0,6.09,23.01,50.02,0,1,0,0,0
2026-01-01T00:55:34Z,compressor_trip,COMP_TRIP,7.2,40.05,40.15,38.57,6.15,6.03,22.97,50.04,0,1,0,0,0
2026-01-01T00:55:35Z,compressor_trip,COMP_TRIP,-11.5,39.95,40.42,37.22,5.96,6.35,23.08,50.01,0,1,0,0,0
2026-01-01T00:55:36Z,compressor_trip,COMP_TRIP,14.6,39.77,39.45,37.32,5.97,6.02,22.98,49.98,0,1,0,0,0
2026-01-01T00:55:37Z,compressor_trip,COMP_TRIP,7.6,39.64,40.25,38.67,6.01,5.97,22.91,50.01,0,1,0,0,0
2026-01-01T00:55:38Z,compressor_trip,COMP_TRIP,-16.5,39.8,40.36,37.67,6.16,5.86,22.93,50.07,0,1,0,0,0
2026-01-01T00:55:39Z,compressor_trip,COMP_TRIP,-1.1,39.83,41.12,38.12,6.14,5.98,23.06,49.98,0,1,0,0,0
2026-01-01T00:55:40Z,compressor_trip,COMP_TRIP,-7.0,39.63,39.77,38.94,6.17,6.16,22.96,50.01,0,1,0,0,0
2026-01-01T00:55:41Z,compressor_trip,COMP_TRIP,13.7,39.93,40.27,38.7,6.0,6.19,22.88,50.03,0,1,0,0,0
2026-01-01T00:55:42Z,compressor_trip,COMP_TRIP,13.0,40.29,39.52,37.51,5.88,5.82,23.01,49.96,0,1,0,0,0
2026-01-01T00:55:43Z,compressor_trip,COMP_TRIP,13.8,40.3,40.53,38.4,6.03,6.01,23.08,50.04,0,1,0,0,0
2026-01-01T00:55:44Z,compressor_trip,COMP_TRIP,-9.1,39.92,40.27,37.71,5.9,6.05,23.09,49.97,0,1,0,0,0
2026-01-01T00:55:45Z,compressor_trip,COMP_TRIP,-6.0,39.72,39.02,38.92,5.83,5.99,22.99,49.99,0,1,0,0,0
2026-01-01T00:55:46Z,compressor_trip,COMP_TRIP,7.2,40.08,40.02,37.59,6.1,5.87,22.93,49.97,0,1,0,0,0
2026-01-01T00:55:47Z,compressor_trip,COMP_TRIP,-11.7,39.98,40.55,38.79,6.17,6.04,23.14,49.96,0,1,0,0,0
2026-01-01T00:55:48Z,compressor_trip,COMP_TRIP,-5.6,40.1,39.49,38.33,5.84,5.99,23.02,49.98,0,1,0,0,0
2026-01-01T00:55:49Z,compressor_trip,COMP_TRIP,3.8,39.83,39.41,38.72,6.14,5.99,22.97,49.96,0,1,0,0,0
2026-01-01T00:55:50Z,compressor_trip,COMP_TRIP,16.8,39.99,39.71,38.33,5.88,6.02,23.27,50.01,0,1,0,0,0
2026-01-01T00:55:51Z,compressor_trip,COMP_TRIP,-1.3,39.89,40.71,38.41,5.86,5.95,23.1,49.99,0,1,0,0,0
2026-01-01T00:55:52Z,compressor_trip,COMP_TRIP,3.7,40.11,40.13,38.91,6.12,6.01,23.0,49.92,0,1,0,0,0
2026-01-01T00:55:53Z,compressor_trip,COMP_TRIP,12.1,40.04,40.48,38.56,5.81,6.07,23.04,49.93,0,1,0,0,0
2026-01-01T00:55:54Z,compressor_trip,COMP_TRIP,9.6,39.99,39.71,38.04,5.97,6.12,22.85,50.06,0,1,0,0,0
2026-01-01T00:55:55Z,compressor_trip,COMP_TRIP,-0.7,40.23,38.9,37.93,5.91,6.08,22.94,50.02,0,1,0,0,0
2026-01-01T00:55:56Z,compressor_trip,COMP_TRIP,6.1,39.87,39.77,38.41,5.92,6.04,23.17,50.02,0,1,0,0,0
2026-01-01T00:55:57Z,compressor_trip,COMP_TRIP,5.2,39.64,40.11,38.81,6.04,5.98,23.16,50.02,0,1,0,0,0
2026-01-01T00:55:58Z,compressor_trip,COMP_TRIP,-12.4,40.1,40.48,39.03,6.08,6.09,23.13,49.99,0,1,0,0,0
2026-01-01T00:55:59Z,compressor_trip,COMP_TRIP,0.4,39.86,40.1,37.63,5.93,6.01,23.01,49.98,0,1,0,0,0
2026-01-01T00:56:00Z,compressor_trip,COMP_TRIP,-12.8,40.01,40.68,38.95,6.03,5.96,23.0,50.06,0,1,0,0,0
2026-01-01T00:56:01Z,compressor_trip,COMP_TRIP,11.1,40.32,40.46,38.98,6.06,6.07,23.07,49.96,0,1,0,0,0
2026-01-01T00:56:02Z,compressor_trip,COMP_TRIP,3.4,40.01,39.63,38.96,6.31,6.06,23.0,49.93,0,1,0,0,0
2026-01-01T00:56:03Z,compressor_trip,COMP_TRIP,-10.8,39.87,40.25,39.34,5.91,6.06,22.92,49.99,0,1,0,0,0
2026-01-01T00:56:04Z,compressor_trip,COMP_TRIP,-1.7,40.08,40.07,38.73,6.02,5.92,22.86,49.99,0,1,0,0,0
2026-01-01T00:56:05Z,compressor_trip,COMP_TRIP,2.3,40.02,40.31,38.57,6.05,6.07,23.3,49.94,0,1,0,0,0
2026-01-01T00:56:06Z,compressor_trip,COMP_TRIP,-26.9,40.03,39.91,38.93,5.77,5.89,22.77,50.08,0,1,0,0,0
2026-01-01T00:56:07Z,compressor_trip,COMP_TRIP,-8.5,40.1,39.42,38.36,6.02,6.04,22.95,49.97,0,1,0,0,0
2026-01-01T00:56:08Z,compressor_trip,COMP_TRIP,3.6,40.09,40.12,37.7,6.06,6.02,23.03,50.03,0,1,0,0,0
2026-01-01T00:56:09Z,compressor_trip,COMP_TRIP,6.6,39.9,39.43,38.99,5.81,6.06,23.09,49.99,0,1,0,0,0
2026-01-01T00:56:10Z,compressor_trip,COMP_TRIP,8.4,40.09,39.86,38.34,5.98,6.23,23.07,49.98,0,1,0,0,0
2026-01-01T00:56:11Z,compressor_trip,COMP_TRIP,13.4,39.68,40.19,38.41,5.98,6.02,22.99,49.99,0,1,0,0,0
2026-01-01T00:56:12Z,compressor_trip,COMP_TRIP,5.6,40.24,39.37,38.45,6.02,5.89,22.93,49.96,0,1,0,0,0
2026-01-01T00:56:13Z,compressor_trip,COMP_TRIP,-4.8,40.09,40.24,38.54,5.93,6.06,22.86,49.97,0,1,0,0,0
2026-01-01T00:56:14Z,compressor_trip,COMP_TRIP,5.3,39.87,40.16,38.63,6.02,5.93,22.96,49.99,0,1,0,0,0
2026-01-01T00:56:15Z,compressor_trip,COMP_TRIP,-9.6,39.95,39.94,38.03,5.89,6.03,23.03,50.01,0,1,0,0,0
2026-01-01T00:56:16Z,compressor_trip,COMP_TRIP,17.9,39.87,40.76,37.6,6.06,6.01,22.97,49.94,0,1,0,0,0
2026-01-01T00:56:17Z,compressor_trip,COMP_TRIP,8.6,39.58,40.16,37.74,6.0,6.13,23.08,50.0,0,1,0,0,0
2026-01-01T00:56:18Z,compressor_trip,COMP_TRIP,-2.0,40.46,40.24,37.41,5.85,5.93,23.13,49.92,0,1,0,0,0
2026-01-01T00:56:19Z,compressor_trip,COMP_TRIP,4.6,39.74,39.9,37.44,5.89,6.1,22.87,49.94,0,1,0,0,0
2026-01-01T00:56:20Z,compressor_trip,COMP_TRIP,-1.5,39.8,39.18,38.12,5.94,6.26,23.05,50.02,0,1,0,0,0
2026-01-01T00:56:21Z,compressor_trip,COMP_TRIP,14.0,40.19,39.76,38.38,6.12,5.85,22.98,49.97,0,1,0,0,0
2026-01-01T00:56:22Z,compressor_trip,COMP_TRIP,8.7,39.94,40.67,38.8,6.08,6.12,22.91,50.02,0,1,0,0,0
2026-01-01T00:56:23Z,compressor_trip,COMP_TRIP,8.6,40.0,40.46,38.51,6.17,6.0,23.09,49.91,0,1,0,0,0
2026-01-01T00:56:24Z,compressor_trip,COMP_TRIP,9.0,39.87,39.74,39.28,5.93,6.02,23.09,50.0,0,1,0,0,0
2026-01-01T00:56:25Z,compressor_trip,COMP_TRIP,3.4,39.83,40.34,38.19,5.76,6.04,23.09,50.04,0,1,0,0,0
2026-01-01T00:56:26Z,compressor_trip,COMP_TRIP,13.4,39.96,40.14,37.87,5.99,6.07,23.19,49.91,0,1,0,0,0
2026-01-01T00:56:27Z,compressor_trip,COMP_TRIP,-1.4,40.28,39.01,37.85,5.99,6.0,23.11,49.99,0,1,0,0,0
2026-01-01T00:56:28Z,compressor_trip,COMP_TRIP,5.7,40.09,39.97,36.56,5.98,6.06,22.87,49.91,0,1,0,0,0
2026-01-01T00:56:29Z,compressor_trip,COMP_TRIP,17.1,40.16,40.3,38.43,6.01,5.89,23.05,50.02,0,1,0,0,0
2026-01-01T00:56:30Z,compressor_trip,COMP_TRIP,-1.9,39.95,38.79,38.48,6.01,6.15,23.07,50.0,0,1,0,0,0
2026-01-01T00:56:31Z,compressor_trip,COMP_TRIP,-10.0,39.96,39.75,38.84,6.07,6.05,22.97,50.03,0,1,0,0,0
2026-01-01T00:56:32Z,compressor_trip,COMP_TRIP,-0.9,40.07,38.86,38.85,5.89,6.08,23.12,49.97,0,1,0,0,0
2026-01-01T00:56:33Z,compressor_trip,COMP_TRIP,-8.7,39.8,39.6,38.35,6.0,6.04,23.19,50.01,0,1,0,0,0
2026-01-01T00:56:34Z,compressor_trip,COMP_TRIP,-3.9,40.05,41.12,38.32,5.89,6.03,23.05,49.95,0,1,0,0,0
2026-01-01T00:56:35Z,compressor_trip,COMP_TRIP,16.2,39.89,40.1,38.96,5.92,5.96,23.07,50.03,0,1,0,0,0
2026-01-01T00:56:36Z,compressor_trip,COMP_TRIP,2.7,40.0,39.76,38.36,6.08,5.93,22.9,49.96,0,1,0,0,0
2026-01-01T00:56:37Z,compressor_trip,COMP_TRIP,15.5,39.45,39.98,38.51,6.07,5.96,22.99,50.12,0,1,0,0,0
2026-01-01T00:56:38Z,compressor_trip,COMP_TRIP,3.3,39.83,39.54,38.1,6.01,6.07,23.01,49.96,0,1,0,0,0
2026-01-01T00:56:39Z,compressor_trip,COMP_TRIP,-9.4,39.92,39.86,37.96,6.07,5.97,23.17,49.99,0,1,0,0,0
2026-01-01T00:56:40Z,compressor_trip,COMP_TRIP,-7.9,39.67,39.93,37.93,6.17,5.89,23.06,49.96,0,1,0,0,0
2026-01-01T00:56:41Z,compressor_trip,COMP_TRIP,-4.5,39.75,40.3,39.04,6.07,5.99,23.02,50.02,0,1,0,0,0
2026-01-01T00:56:42Z,compressor_trip,COMP_TRIP,-0.7,39.77,40.18,38.08,6.07,6.0,22.98,49.98,0,1,0,0,0
2026-01-01T00:56:43Z,compressor_trip,COMP_TRIP,-19.9,40.19,39.92,38.98,5.96,5.77,23.12,50.08,0,1,0,0,0
2026-01-01T00:56:44Z,compressor_trip,COMP_TRIP,-8.6,39.93,39.03,38.24,6.07,5.99,22.92,49.93,0,1,0,0,0
2026-01-01T00:56:45Z,compressor_trip,COMP_TRIP,-5.4,39.83,39.79,38.46,5.91,5.71,23.14,49.99,0,1,0,0,0
2026-01-01T00:56:46Z,compressor_trip,COMP_TRIP,1.6,40.1,40.11,37.29,5.82,6.15,22.98,50.02,0,1,0,0,0
2026-01-01T00:56:47Z,compressor_trip,COMP_TRIP,-4.3,39.97,40.65,37.73,5.95,6.01,23.1,49.98,0,1,0,0,0
2026-01-01T00:56:48Z,compressor_trip,COMP_TRIP,1.5,40.03,39.78,37.77,5.82,5.85,23.01,50.03,0,1,0,0,0
2026-01-01T00:56:49Z,compressor_trip,COMP_TRIP,-2.2,40.13,39.36,37.98,5.96,6.01,22.99,50.13,0,1,0,0,0
2026-01-01T00:56:50Z,compressor_trip,COMP_TRIP,-5.8,39.85,41.02,38.43,5.94,5.96,23.01,49.95,0,1,0,0,0
2026-01-01T00:56:51Z,compressor_trip,COMP_TRIP,2.4,39.92,39.52,38.27,6.13,5.96,23.12,50.04,0,1,0,0,0
2026-01-01T00:56:52Z,compressor_trip,COMP_TRIP,-15.5,39.76,40.1,38.44,6.09,5.95,23.1,50.01,0,1,0,0,0
2026-01-01T00:56:53Z,compressor_trip,COMP_TRIP,22.1,40.24,40.31,37.73,6.0,5.96,23.06,50.02,0,1,0,0,0
2026-01-01T00:56:54Z,compressor_trip,COMP_TRIP,12.0,40.11,40.14,38.76,6.0,6.17,22.99,49.96,0,1,0,0,0
2026-01-01T00:56:55Z,compressor_trip,COMP_TRIP,2.7,40.07,40.02,38.55,5.99,5.88,23.04,49.97,0,1,0,0,0
2026-01-01T00:56:56Z,compressor_trip,COMP_TRIP,9.0,39.76,39.54,38.86,6.14,6.05,23.29,49.97,0,1,0,0,0
2026-01-01T00:56:57Z,compressor_trip,COMP_TRIP,8.3,39.65,39.67,38.45,6.04,5.98,23.07,50.04,0,1,0,0,0
2026-01-01T00:56:58Z,compressor_trip,COMP_TRIP,10.6,40.21,40.53,38.21,5.9,5.9,22.9,50.06,0,1,0,0,0
2026-01-01T00:56:59Z,compressor_trip,COMP_TRIP,-5.7,40.13,39.4,38.73,6.03,6.03,23.21,50.0,0,1,0,0,0
2026-01-01T00:57:00Z,compressor_trip,COMP_TRIP,1.5,39.97,40.05,38.6,5.99,5.9,23.06,50.06,0,1,0,0,0
2026-01-01T00:57:01Z,compressor_trip,COMP_TRIP,13.0,40.11,40.35,38.34,6.06,6.01,23.08,50.02,0,1,0,0,0
2026-01-01T00:57:02Z,compressor_trip,COMP_TRIP,-9.5,39.8,39.71,38.55,6.12,5.93,23.27,50.04,0,1,0,0,0
2026-01-01T00:57:03Z,compressor_trip,COMP_TRIP,-1.6,40.01,40.01,38.76,5.97,5.98,23.02,49.98,0,1,0,0,0
2026-01-01T00:57:04Z,compressor_trip,COMP_TRIP,3.9,40.17,40.15,37.8,6.11,5.91,23.0,50.03,0,1,0,0,0
2026-01-01T00:57:05Z,compressor_trip,COMP_TRIP,7.9,40.12,39.56,38.07,5.99,6.19,22.92,49.96,0,1,0,0,0
2026-01-01T00:57:06Z,compressor_trip,COMP_TRIP,3.3,40.11,40.27,39.03,6.01,5.92,23.06,49.96,0,1,0,0,0
2026-01-01T00:57:07Z,compressor_trip,COMP_TRIP,17.5,39.91,39.99,37.87,5.96,5.88,22.89,50.0,0,1,0,0,0
2026-01-01T00:57:08Z,compressor_trip,COMP_TRIP,2.9,39.95,40.07,38.05,6.07,6.02,23.0,49.96,0,1,0,0,0
2026-01-01T00:57:09Z,compressor_trip,COMP_TRIP,-5.0,40.21,40.39,38.63,5.96,5.87,23.02,49.94,0,1,0,0,0
2026-01-01T00:57:10Z,compressor_trip,COMP_TRIP,2.9,39.57,39.9,38.11,5.89,6.01,23.05,49.98,0,1,0,0,0
2026-01-01T00:57:11Z,compressor_trip,COMP_TRIP,-2.8,40.07,40.46,39.04,5.99,6.1,23.11,50.03,0,1,0,0,0
2026-01-01T00:57:12Z,compressor_trip,COMP_TRIP,-17.8,40.22,40.49,38.3,6.06,6.01,23.07,50.04,0,1,0,0,0
2026-01-01T00:57:13Z,compressor_trip,COMP_TRIP,-1.1,39.99,39.67,38.08,5.91,5.91,22.94,50.01,0,1,0,0,0
2026-01-01T00:57:14Z,compressor_trip,COMP_TRIP,-4.7,39.48,40.1,38.08,6.13,5.76,23.16,49.97,0,1,0,0,0
2026-01-01T00:57:15Z,compressor_trip,COMP_TRIP,-7.3,40.21,39.83,38.18,5.99,5.92,23.14,50.01,0,1,0,0,0
2026-01-01T00:57:16Z,compressor_trip,COMP_TRIP,-13.4,39.47,40.54,38.27,6.02,6.12,23.17,50.04,0,1,0,0,0
2026-01-01T00:57:17Z,compressor_trip,COMP_TRIP,10.8,39.94,39.79,38.5,5.92,6.1,23.11,49.97,0,1,0,0,0
2026-01-01T00:57:18Z,compressor_trip,COMP_TRIP,4.7,40.34,39.54,38.27,6.02,5.99,23.26,49.97,0,1,0,0,0
2026-01-01T00:57:19Z,compressor_trip,COMP_TRIP,-5.3,39.94,39.99,39.11,6.07,6.09,23.3,49.98,0,1,0,0,0
2026-01-01T00:57:20Z,compressor_trip,COMP_TRIP,2.3,40.09,40.58,37.91,5.93,5.99,23.17,50.05,0,1,0,0,0
2026-01-01T00:57:21Z,compressor_trip,COMP_TRIP,-5.9,39.45,40.03,37.99,5.96,6.05,23.11,50.0,0,1,0,0,0
2026-01-01T00:57:22Z,compressor_trip,COMP_TRIP,-14.3,39.74,39.74,38.32,5.82,6.04,23.26,50.03,0,1,0,0,0
2026-01-01T00:57:23Z,compressor_trip,COMP_TRIP,7.4,40.23,39.05,38.85,5.94,5.94,23.22,50.07,0,1,0,0,0
2026-01-01T00:57:24Z,compressor_trip,COMP_TRIP,-4.2,40.16,39.96,38.31,6.2,5.94,23.18,50.0,0,1,0,0,0
2026-01-01T00:57:25Z,compressor_trip,COMP_TRIP,-4.1,40.23,39.99,38.66,5.94,6.03,23.12,49.99,0,1,0,0,0
2026-01-01T00:57:26Z,compressor_trip,COMP_TRIP,-29.0,40.33,40.25,38.68,6.16,6.04,23.13,50.0,0,1,0,0,0
2026-01-01T00:57:27Z,compressor_trip,COMP_TRIP,12.3,39.83,39.58,37.47,5.96,5.95,22.96,50.02,0,1,0,0,0
2026-01-01T00:57:28Z,compressor_trip,COMP_TRIP,-25.1,39.75,40.03,38.13,6.02,5.99,22.98,49.94,0,1,0,0,0
2026-01-01T00:57:29Z,compressor_trip,COMP_TRIP,-1.8,39.86,39.05,38.9,5.91,6.04,22.99,49.97,0,1,0,0,0
2026-01-01T00:57:30Z,compressor_trip,COMP_TRIP,-2.6,40.14,40.24,38.1,5.99,6.08,23.23,49.98,0,1,0,0,0
2026-01-01T00:57:31Z,compressor_trip,COMP_TRIP,-7.2,40.06,39.88,38.43,5.92,5.98,23.13,49.94,0,1,0,0,0
2026-01-01T00:57:32Z,compressor_trip,COMP_TRIP,13.1,40.19,40.42,38.69,6.15,6.19,23.18,49.97,0,1,0,0,0
2026-01-01T00:57:33Z,compressor_trip,COMP_TRIP,5.3,40.0,40.39,38.67,5.99,6.02,23.01,49.94,0,1,0,0,0
2026-01-01T00:57:34Z,compressor_trip,COMP_TRIP,-20.7,39.63,39.3,38.81,6.01,5.95,23.23,49.93,0,1,0,0,0
2026-01-01T00:57:35Z,compressor_trip,COMP_TRIP,-10.8,40.22,39.91,38.15,6.03,5.88,23.27,50.02,0,1,0,0,0
2026-01-01T00:57:36Z,compressor_trip,COMP_TRIP,-27.5,39.83,39.57,37.83,6.02,6.22,23.14,49.88,0,1,0,0,0
2026-01-01T00:57:37Z,compressor_trip,COMP_TRIP,5.1,39.86,40.31,38.39,5.89,6.17,23.19,50.05,0,1,0,0,0
2026-01-01T00:57:38Z,compressor_trip,COMP_TRIP,0.6,39.92,40.74,37.96,6.04,5.92,23.09,49.91,0,1,0,0,0
2026-01-01T00:57:39Z,compressor_trip,COMP_TRIP,-15.2,40.07,39.7,38.3,6.04,6.01,23.05,50.02,0,1,0,0,0
2026-01-01T00:57:40Z,compressor_trip,COMP_TRIP,7.3,40.02,39.96,39.69,6.04,5.88,23.17,49.99,0,1,0,0,0
2026-01-01T00:57:41Z,compressor_trip,COMP_TRIP,0.7,39.77,40.28,37.95,6.06,5.81,23.09,50.1,0,1,0,0,0
2026-01-01T00:57:42Z,compressor_trip,COMP_TRIP,13.5,40.56,40.23,39.63,5.93,6.14,23.12,50.08,0,1,0,0,0
2026-01-01T00:57:43Z,compressor_trip,COMP_TRIP,-5.2,39.93,39.59,39.19,5.9,5.96,23.04,50.02,0,1,0,0,0
2026-01-01T00:57:44Z,compressor_trip,COMP_TRIP,4.3,39.99,39.63,37.61,6.18,5.99,23.2,50.08,0,1,0,0,0
2026-01-01T00:57:45Z,compressor_trip,COMP_TRIP,0.6,39.78,40.53,38.3,6.0,6.17,23.16,49.98,0,1,0,0,0
2026-01-01T00:57:46Z,compressor_trip,COMP_TRIP,-9.7,40.16,40.96,38.27,6.13,5.97,23.2,49.99,0,1,0,0,0
2026-01-01T00:57:47Z,compressor_trip,COMP_TRIP,0.8,39.59,39.3,37.31,6.07,6.16,23.23,50.07,0,1,0,0,0
2026-01-01T00:57:48Z,compressor_trip,COMP_TRIP,-8.0,39.89,40.6,38.43,5.99,6.11,23.18,49.97,0,1,0,0,0
2026-01-01T00:57:49Z,compressor_trip,COMP_TRIP,-13.1,39.99,39.31,38.33,6.02,6.15,23.26,49.98,0,1,0,0,0
2026-01-01T00:57:50Z,compressor_trip,COMP_TRIP,13.4,39.81,39.99,37.59,5.85,5.93,22.98,50.01,0,1,0,0,0
2026-01-01T00:57:51Z,compressor_trip,COMP_TRIP,2.9,39.91,40.86,39.07,5.95,6.09,23.36,50.03,0,1,0,0,0
2026-01-01T00:57:52Z,compressor_trip,COMP_TRIP,4.0,39.89,39.63,37.66,6.11,5.9,23.24,49.98,0,1,0,0,0
2026-01-01T00:57:53Z,compressor_trip,COMP_TRIP,-9.5,40.21,40.93,38.05,5.88,5.99,23.33,50.05,0,1,0,0,0
2026-01-01T00:57:54Z,compressor_trip,COMP_TRIP,-0.4,40.15,39.55,38.17,6.01,6.16,23.21,50.0,0,1,0,0,0
2026-01-01T00:57:55Z,compressor_trip,COMP_TRIP,7.4,40.0,39.41,38.04,6.19,5.98,23.34,49.97,0,1,0,0,0
2026-01-01T00:57:56Z,compressor_trip,COMP_TRIP,-2.4,40.15,38.96,38.65,5.89,5.83,23.19,50.02,0,1,0,0,0
2026-01-01T00:57:57Z,compressor_trip,COMP_TRIP,10.7,39.95,39.18,37.94,6.0,5.95,23.06,49.91,0,1,0,0,0
2026-01-01T00:57:58Z,compressor_trip,COMP_TRIP,-1.6,40.14,40.11,37.46,6.05,6.0,23.03,50.07,0,1,0,0,0
2026-01-01T00:57:59Z,compressor_trip,COMP_TRIP,-0.8,39.85,39.02,37.86,6.03,6.13,23.15,50.06,0,1,0,0,0
2026-01-01T00:58:00Z,compressor_trip,COMP_TRIP,-3.2,39.75,40.86,38.71,5.96,5.88,23.11,50.03,0,1,0,0,0
2026-01-01T00:58:01Z,compressor_trip,COMP_TRIP,-4.7,40.22,40.13,39.14,5.93,6.13,23.23,49.98,0,1,0,0,0
2026-01-01T00:58:02Z,compressor_trip,COMP_TRIP,-8.5,40.02,40.69,37.03,5.95,5.9,23.29,49.99,0,1,0,0,0
2026-01-01T00:58:03Z,compressor_trip,COMP_TRIP,14.5,39.99,40.62,38.84,5.75,6.05,23.41,50.06,0,1,0,0,0
2026-01-01T00:58:04Z,compressor_trip,COMP_TRIP,-4.3,39.9,39.61,37.8,6.12,6.0,23.25,50.06,0,1,0,0,0
2026-01-01T00:58:05Z,compressor_trip,COMP_TRIP,3.9,40.11,39.89,37.97,6.22,6.02,23.12,50.04,0,1,0,0,0
2026-01-01T00:58:06Z,compressor_trip,COMP_TRIP,-13.3,40.42,39.58,39.14,5.99,5.93,23.26,49.87,0,1,0,0,0
2026-01-01T00:58:07Z,compressor_trip,COMP_TRIP,13.7,39.87,39.74,38.61,5.92,6.02,23.19,49.96,0,1,0,0,0
2026-01-01T00:58:08Z,compressor_trip,COMP_TRIP,10.3,40.19,40.37,38.96,6.05,6.02,23.29,50.03,0,1,0,0,0
2026-01-01T00:58:09Z,compressor_trip,COMP_TRIP,-8.3,40.01,40.12,37.97,6.07,6.02,23.18,50.04,0,1,0,0,0
2026-01-01T00:58:10Z,compressor_trip,COMP_TRIP,-10.0,39.45,41.37,38.77,6.1,6.02,23.21,50.0,0,1,0,0,0
2026-01-01T00:58:11Z,compressor_trip,COMP_TRIP,-7.5,40.08,40.82,38.06,5.83,5.93,23.26,49.98,0,1,0,0,0
2026-01-01T00:58:12Z,compressor_trip,COMP_TRIP,6.8,40.21,40.0,39.14,6.12,6.08,23.09,50.01,0,1,0,0,0
2026-01-01T00:58:13Z,compressor_trip,COMP_TRIP,4.3,39.62,39.76,38.88,5.82,6.12,23.28,50.02,0,1,0,0,0
2026-01-01T00:58:14Z,compressor_trip,COMP_TRIP,14.3,39.96,39.61,37.81,5.94,6.06,23.12,50.04,0,1,0,0,0
2026-01-01T00:58:15Z,compressor_trip,COMP_TRIP,0.0,40.02,39.98,38.88,6.03,5.92,23.24,50.02,0,1,0,0,0
2026-01-01T00:58:16Z,compressor_trip,COMP_TRIP,-13.1,40.17,39.47,38.65,5.88,6.01,23.29,49.96,0,1,0,0,0
2026-01-01T00:58:17Z,compressor_trip,COMP_TRIP,2.0,39.86,40.34,38.79,6.13,5.99,23.2,49.98,0,1,0,0,0
2026-01-01T00:58:18Z,compressor_trip,COMP_TRIP,1.2,39.95,39.24,38.31,6.05,5.91,23.17,50.05,0,1,0,0,0
2026-01-01T00:58:19Z,compressor_trip,COMP_TRIP,2.3,39.9,41.02,38.14,5.94,5.98,23.25,49.97,0,1,0,0,0
2026-01-01T00:58:20Z,compressor_trip,COMP_TRIP,-8.9,39.92,39.94,38.49,6.14,6.1,23.42,50.02,0,1,0,0,0
2026-01-01T00:58:21Z,compressor_trip,COMP_TRIP,1.9,39.98,39.78,37.17,5.97,5.94,23.4,50.02,0,1,0,0,0
2026-01-01T00:58:22Z,compressor_trip,COMP_TRIP,2.2,40.17,40.52,38.51,5.94,6.01,23.33,50.02,0,1,0,0,0
2026-01-01T00:58:23Z,compressor_trip,COMP_TRIP,12.9,40.13,39.67,37.63,6.06,5.88,23.16,49.93,0,1,0,0,0
2026-01-01T00:58:24Z,compressor_trip,COMP_TRIP,-0.3,39.88,40.77,37.98,5.96,5.97,23.33,49.97,0,1,0,0,0
2026-01-01T00:58:25Z,compressor_trip,COMP_TRIP,-5.9,40.01,40.13,38.33,6.12,6.04,23.38,49.96,0,1,0,0,0
2026-01-01T00:58:26Z,compressor_trip,COMP_TRIP,-6.2,39.82,39.9,38.94,6.08,6.03,23.19,49.98,0,1,0,0,0
2026-01-01T00:58:27Z,compressor_trip,COMP_TRIP,-20.3,39.89,40.26,37.38,6.03,5.99,23.32,50.03,0,1,0,0,0
2026-01-01T00:58:28Z,compressor_trip,COMP_TRIP,-10.1,39.68,40.0,38.29,6.3,6.16,23.19,50.03,0,1,0,0,0
2026-01-01T00:58:29Z,compressor_trip,COMP_TRIP,7.8,40.05,39.55,38.66,5.91,6.0,23.3,49.96,0,1,0,0,0
2026-01-01T00:58:30Z,compressor_trip,COMP_TRIP,-16.2,40.21,39.33,38.78,6.1,6.01,23.35,49.97,0,1,0,0,0
2026-01-01T00:58:31Z,compressor_trip,COMP_TRIP,7.9,40.23,41.66,37.45,6.05,6.1,23.21,50.02,0,1,0,0,0
2026-01-01T00:58:32Z,compressor_trip,COMP_TRIP,-0.0,40.23,40.32,38.18,5.83,6.07,23.29,49.96,0,1,0,0,0
2026-01-01T00:58:33Z,compressor_trip,COMP_TRIP,-4.7,40.2,40.03,38.24,5.95,6.02,23.23,49.96,0,1,0,0,0
2026-01-01T00:58:34Z,compressor_trip,COMP_TRIP,-21.6,40.13,39.72,38.32,5.82,5.97,23.44,50.07,0,1,0,0,0
2026-01-01T00:58:35Z,compressor_trip,COMP_TRIP,6.1,40.16,39.85,37.63,6.0,5.92,23.32,50.0,0,1,0,0,0
2026-01-01T00:58:36Z,compressor_trip,COMP_TRIP,3.9,40.22,39.27,37.46,6.1,6.02,23.31,49.94,0,1,0,0,0
2026-01-01T00:58:37Z,compressor_trip,COMP_TRIP,6.7,40.01,39.53,37.2,5.93,6.05,23.14,50.02,0,1,0,0,0
2026-01-01T00:58:38Z,compressor_trip,COMP_TRIP,7.5,39.76,40.41,38.92,6.02,6.05,23.42,50.08,0,1,0,0,0
2026-01-01T00:58:39Z,compressor_trip,COMP_TRIP,-1.0,40.25,39.08,39.49,5.96,5.93,23.43,49.92,0,1,0,0,0
2026-01-01T00:58:40Z,compressor_trip,COMP_TRIP,11.7,40.14,40.63,38.31,6.0,6.02,23.13,50.04,0,1,0,0,0
2026-01-01T00:58:41Z,compressor_trip,COMP_TRIP,0.4,40.01,39.2,38.33,5.84,6.12,23.4,50.02,0,1,0,0,0
2026-01-01T00:58:42Z,compressor_trip,COMP_TRIP,-14.3,40.04,39.97,38.23,6.02,5.97,23.37,50.05,0,1,0,0,0
2026-01-01T00:58:43Z,compressor_trip,COMP_TRIP,-9.2,39.94,39.54,38.57,5.95,5.86,23.34,50.02,0,1,0,0,0
2026-01-01T00:58:44Z,compressor_trip,COMP_TRIP,25.6,40.18,40.96,39.02,6.0,6.0,23.34,49.99,0,1,0,0,0
2026-01-01T00:58:45Z,compressor_trip,COMP_TRIP,10.0,40.16,39.48,39.01,6.03,6.0,23.32,50.03,0,1,0,0,0
2026-01-01T00:58:46Z,compressor_trip,COMP_TRIP,-15.0,40.05,40.33,38.25,5.97,5.94,23.63,50.07,0,1,0,0,0
2026-01-01T00:58:47Z,compressor_trip,COMP_TRIP,10.1,40.38,38.93,38.6,6.03,5.89,23.28,49.94,0,1,0,0,0
2026-01-01T00:58:48Z,compressor_trip,COMP_TRIP,-11.3,39.67,39.82,38.71,5.93,5.95,23.57,49.89,0,1,0,0,0
2026-01-01T00:58:49Z,compressor_trip,COMP_TRIP,-0.1,39.85,40.03,37.94,5.89,6.1,23.25,49.95,0,1,0,0,0
2026-01-01T00:58:50Z,compressor_trip,COMP_TRIP,-2.9,39.89,39.9,38.9,6.13,6.11,23.4,50.04,0,1,0,0,0
2026-01-01T00:58:51Z,compressor_trip,COMP_TRIP,16.4,39.87,40.13,38.22,6.05,5.96,23.22,50.02,0,1,0,0,0
2026-01-01T00:58:52Z,compressor_trip,COMP_TRIP,-5.5,39.91,39.51,38.58,6.0,5.84,23.41,49.92,0,1,0,0,0
2026-01-01T00:58:53Z,compressor_trip,COMP_TRIP,-11.7,40.08,39.96,37.33,6.0,5.99,23.3,49.99,0,1,0,0,0
2026-01-01T00:58:54Z,compressor_trip,COMP_TRIP,1.9,39.64,39.35,38.58,6.09,6.03,23.35,50.08,0,1,0,0,0
2026-01-01T00:58:55Z,compressor_trip,COMP_TRIP,-4.0,39.99,39.9,39.08,5.93,5.99,23.44,49.96,0,1,0,0,0
2026-01-01T00:58:56Z,compressor_trip,COMP_TRIP,-6.6,40.1,40.45,38.53,6.0,6.09,23.28,49.97,0,1,0,0,0
2026-01-01T00:58:57Z,compressor_trip,COMP_TRIP,-5.9,40.05,39.74,38.67,6.07,6.09,23.37,49.99,0,1,0,0,0
2026-01-01T00:58:58Z,compressor_trip,COMP_TRIP,11.4,40.21,40.73,38.67,5.89,6.11,23.52,50.03,0,1,0,0,0
2026-01-01T00:58:59Z,compressor_trip,COMP_TRIP,-8.9,40.11,39.37,38.35,6.09,6.0,23.43,50.03,0,1,0,0,0
2026-01-01T00:59:00Z,compressor_trip,COMP_TRIP,0.9,40.37,39.5,38.71,6.05,6.18,23.27,50.02,0,1,0,0,0
2026-01-01T00:59:01Z,compressor_trip,COMP_TRIP,-9.0,39.75,40.04,38.35,6.01,5.79,23.54,50.08,0,1,0,0,0
2026-01-01T00:59:02Z,compressor_trip,COMP_TRIP,-0.9,40.18,40.57,38.28,6.01,5.99,23.48,49.97,0,1,0,0,0
2026-01-01T00:59:03Z,compressor_trip,COMP_TRIP,8.6,39.67,38.97,38.29,5.82,6.02,23.54,49.94,0,1,0,0,0
2026-01-01T00:59:04Z,compressor_trip,COMP_TRIP,2.3,40.06,40.02,37.99,6.08,5.99,23.43,49.96,0,1,0,0,0
2026-01-01T00:59:05Z,compressor_trip,COMP_TRIP,-0.3,40.02,40.17,38.74,5.96,6.01,23.4,49.89,0,1,0,0,0
2026-01-01T00:59:06Z,compressor_trip,COMP_TRIP,-12.1,39.46,40.15,38.26,5.9,6.05,23.32,50.0,0,1,0,0,0
2026-01-01T00:59:07Z,compressor_trip,COMP_TRIP,3.3,39.83,40.58,39.14,6.05,6.1,23.55,49.98,0,1,0,0,0
2026-01-01T00:59:08Z,compressor_trip,COMP_TRIP,10.6,39.88,39.51,37.95,5.89,5.97,23.37,50.01,0,1,0,0,0
2026-01-01T00:59:09Z,compressor_trip,COMP_TRIP,-3.7,40.14,39.6,38.52,6.07,6.03,23.56,50.05,0,1,0,0,0
2026-01-01T00:59:10Z,compressor_trip,COMP_TRIP,16.0,39.99,39.33,38.03,6.07,6.32,23.59,49.96,0,1,0,0,0
2026-01-01T00:59:11Z,compressor_trip,COMP_TRIP,10.4,39.95,39.85,37.98,6.3,5.98,23.4,49.98,0,1,0,0,0
2026-01-01T00:59:12Z,compressor_trip,COMP_TRIP,9.6,39.85,40.28,38.45,5.95,6.27,23.45,50.04,0,1,0,0,0
2026-01-01T00:59:13Z,compressor_trip,COMP_TRIP,-8.3,39.87,40.11,37.95,6.15,6.14,23.57,49.99,0,1,0,0,0
2026-01-01T00:59:14Z,compressor_trip,COMP_TRIP,1.8,39.9,40.76,39.23,6.02,5.97,23.58,49.98,0,1,0,0,0
2026-01-01T00:59:15Z,compressor_trip,COMP_TRIP,-5.0,39.85,40.0,38.52,5.97,6.07,23.44,50.02,0,1,0,0,0
2026-01-01T00:59:16Z,compressor_trip,COMP_TRIP,9.7,40.21,39.88,38.76,6.02,6.1,23.4,49.92,0,1,0,0,0
2026-01-01T00:59:17Z,compressor_trip,COMP_TRIP,13.6,39.84,40.16,38.3,5.88,6.07,23.47,50.05,0,1,0,0,0
2026-01-01T00:59:18Z,compressor_trip,COMP_TRIP,7.3,39.85,40.58,37.71,6.11,6.09,23.53,50.07,0,1,0,0,0
2026-01-01T00:59:19Z,compressor_trip,COMP_TRIP,-19.4,40.02,39.46,38.2,6.0,5.97,23.47,50.01,0,1,0,0,0
2026-01-01T00:59:20Z,compressor_trip,COMP_TRIP,-2.8,39.84,39.57,37.98,5.9,5.99,23.45,50.04,0,1,0,0,0
2026-01-01T00:59:21Z,compressor_trip,COMP_TRIP,2.0,39.93,40.27,38.27,6.09,5.88,23.53,50.02,0,1,0,0,0
2026-01-01T00:59:22Z,compressor_trip,COMP_TRIP,20.5,39.83,39.38,38.31,5.97,6.01,23.68,49.96,0,1,0,0,0
2026-01-01T00:59:23Z,compressor_trip,COMP_TRIP,-7.5,39.87,40.6,38.08,6.0,5.94,23.46,50.0,0,1,0,0,0
2026-01-01T00:59:24Z,compressor_trip,COMP_TRIP,-4.3,39.77,39.76,39.41,5.99,6.03,23.58,50.02,0,1,0,0,0
2026-01-01T00:59:25Z,compressor_trip,COMP_TRIP,-8.4,39.67,39.03,38.15,5.83,6.04,23.53,49.97,0,1,0,0,0
2026-01-01T00:59:26Z,compressor_trip,COMP_TRIP,-0.6,39.55,40.14,38.91,5.92,6.07,23.48,50.08,0,1,0,0,0
2026-01-01T00:59:27Z,compressor_trip,COMP_TRIP,15.0,39.86,39.74,38.32,6.15,5.95,23.54,49.97,0,1,0,0,0
2026-01-01T00:59:28Z,compressor_trip,COMP_TRIP,6.9,40.18,39.91,38.48,6.0,6.01,23.65,50.0,0,1,0,0,0
2026-01-01T00:59:29Z,compressor_trip,COMP_TRIP,-17.5,39.86,39.81,38.48,6.0,5.9,23.51,49.97,0,1,0,0,0
2026-01-01T00:59:30Z,compressor_trip,COMP_TRIP,2.5,40.28,39.42,39.23,6.01,5.75,23.51,49.95,0,1,0,0,0
2026-01-01T00:59:31Z,compressor_trip,COMP_TRIP,-5.8,40.18,40.25,39.08,6.12,5.85,23.41,50.02,0,1,0,0,0
2026-01-01T00:59:32Z,compressor_trip,COMP_TRIP,0.4,39.93,39.78,38.8,5.92,6.1,23.6,50.12,0,1,0,0,0
2026-01-01T00:59:33Z,compressor_trip,COMP_TRIP,1.1,39.86,39.39,37.7,6.04,6.08,23.66,49.98,0,1,0,0,0
2026-01-01T00:59:34Z,compressor_trip,COMP_TRIP,7.4,39.91,40.2,38.73,6.02,5.73,23.52,50.04,0,1,0,0,0
2026-01-01T00:59:35Z,compressor_trip,COMP_TRIP,10.2,39.87,39.89,37.63,6.02,6.13,23.36,50.03,0,1,0,0,0
2026-01-01T00:59:36Z,compressor_trip,COMP_TRIP,-2.7,40.01,40.41,38.72,6.12,5.98,23.66,49.99,0,1,0,0,0
2026-01-01T00:59:37Z,compressor_trip,COMP_TRIP,-12.3,39.86,40.33,38.02,5.96,5.94,23.44,50.06,0,1,0,0,0
2026-01-01T00:59:38Z,compressor_trip,COMP_TRIP,6.9,39.86,41.29,38.48,5.97,6.15,23.71,49.95,0,1,0,0,0
2026-01-01T00:59:39Z,compressor_trip,COMP_TRIP,-15.0,40.14,40.21,39.16,5.97,5.97,23.56,49.96,0,1,0,0,0
2026-01-01T00:59:40Z,compressor_trip,COMP_TRIP,-7.5,39.89,39.25,38.57,6.14,6.03,23.54,50.01,0,1,0,0,0
2026-01-01T00:59:41Z,compressor_trip,COMP_TRIP,-3.4,39.86,39.63,39.28,5.96,5.93,23.64,50.03,0,1,0,0,0
2026-01-01T00:59:42Z,compressor_trip,COMP_TRIP,-2.2,40.0,39.58,38.25,6.05,6.02,23.59,49.96,0,1,0,0,0
2026-01-01T00:59:43Z,compressor_trip,COMP_TRIP,12.6,39.93,40.25,38.45,5.98,5.88,23.75,50.05,0,1,0,0,0
2026-01-01T00:59:44Z,compressor_trip,COMP_TRIP,4.4,40.11,39.61,38.9,6.2,6.07,23.27,49.95,0,1,0,0,0
2026-01-01T00:59:45Z,compressor_trip,COMP_TRIP,14.5,40.07,40.45,38.24,6.02,6.11,23.65,49.97,0,1,0,0,0
2026-01-01T00:59:46Z,compressor_trip,COMP_TRIP,-1.7,40.02,39.64,37.99,6.09,6.15,23.7,50.02,0,1,0,0,0
2026-01-01T00:59:47Z,compressor_trip,COMP_TRIP,-10.0,40.19,39.74,38.0,5.96,5.88,23.7,49.97,0,1,0,0,0
2026-01-01T00:59:48Z,compressor_trip,COMP_TRIP,-13.0,40.01,39.63,38.09,5.86,6.16,23.56,50.06,0,1,0,0,0
2026-01-01T00:59:49Z,compressor_trip,COMP_TRIP,-3.7,39.82,39.35,38.13,5.92,6.03,23.5,50.08,0,1,0,0,0
2026-01-01T00:59:50Z,compressor_trip,COMP_TRIP,11.4,39.64,39.35,38.15,6.14,5.95,23.77,50.07,0,1,0,0,0
2026-01-01T00:59:51Z,compressor_trip,COMP_TRIP,4.4,39.93,41.09,37.91,6.14,5.89,23.57,49.95,0,1,0,0,0
2026-01-01T00:59:52Z,compressor_trip,COMP_TRIP,0.6,39.92,39.87,38.22,6.13,6.06,23.68,50.04,0,1,0,0,0
2026-01-01T00:59:53Z,compressor_trip,COMP_TRIP,9.7,39.87,39.89,37.97,6.06,6.02,23.69,49.93,0,1,0,0,0
2026-01-01T00:59:54Z,compressor_trip,COMP_TRIP,-9.7,40.03,39.72,38.13,6.04,6.11,23.67,49.97,0,1,0,0,0
2026-01-01T00:59:55Z,compressor_trip,COMP_TRIP,6.2,39.96,39.9,37.65,6.01,6.16,23.71,50.02,0,1,0,0,0
2026-01-01T00:59:56Z,compressor_trip,COMP_TRIP,20.5,39.98,39.82,39.2,6.03,6.06,23.68,49.96,0,1,0,0,0
2026-01-01T00:59:57Z,compressor_trip,COMP_TRIP,-11.0,39.72,40.38,38.45,6.07,6.14,23.77,49.9,0,1,0,0,0
2026-01-01T00:59:58Z,compressor_trip,COMP_TRIP,-12.2,40.29,40.29,38.89,5.95,6.12,23.66,49.96,0,1,0,0,0
2026-01-01T00:59:59Z,compressor_trip,COMP_TRIP,5.6,39.75,40.0,38.67,6.06,5.96,23.73,50.03,0,1,0,0,0
2026-01-01T01:00:00Z,compressor_trip,COMP_TRIP,12.7,40.01,38.97,37.7,6.01,5.93,23.6,50.12,0,1,0,0,0
2026-01-01T01:00:01Z,compressor_trip,COMP_TRIP,7.7,39.98,39.52,38.39,6.06,6.03,23.71,49.93,0,1,0,0,0
2026-01-01T01:00:02Z,compressor_trip,COMP_TRIP,-7.5,39.61,39.53,38.63,6.03,6.07,23.72,49.98,0,1,0,0,0
2026-01-01T01:00:03Z,compressor_trip,COMP_TRIP,1.7,40.03,40.11,38.58,5.98,5.94,23.76,50.02,0,1,0,0,0
2026-01-01T01:00:04Z,compressor_trip,COMP_TRIP,11.2,40.15,39.95,38.52,5.82,5.83,23.83,50.02,0,1,0,0,0
2026-01-01T01:00:05Z,compressor_trip,COMP_TRIP,-3.8,39.99,39.62,38.75,6.02,5.95,23.81,50.04,0,1,0,0,0
2026-01-01T01:00:06Z,compressor_trip,COMP_TRIP,-9.0,39.64,40.28,38.47,5.97,5.94,23.62,50.04,0,1,0,0,0
2026-01-01T01:00:07Z,compressor_trip,COMP_TRIP,2.8,39.88,39.73,38.5,6.01,5.79,23.64,49.96,0,1,0,0,0
2026-01-01T01:00:08Z,compressor_trip,COMP_TRIP,27.0,39.97,39.82,37.65,6.1,6.05,23.87,50.01,0,1,0,0,0
2026-01-01T01:00:09Z,compressor_trip,COMP_TRIP,-7.8,39.6,40.21,38.54,5.83,5.99,23.71,50.04,0,1,0,0,0
2026-01-01T01:00:10Z,compressor_trip,COMP_TRIP,3.3,39.93,39.85,37.54,6.21,6.03,23.74,50.12,0,1,0,0,0
2026-01-01T01:00:11Z,compressor_trip,COMP_TRIP,-0.8,40.19,40.57,38.5,6.0,6.12,23.75,49.95,0,1,0,0,0
2026-01-01T01:00:12Z,compressor_trip,COMP_TRIP,5.4,39.79,39.55,39.04,5.88,6.15,23.68,50.01,0,1,0,0,0
2026-01-01T01:00:13Z,compressor_trip,COMP_TRIP,7.7,39.7,40.13,38.88,6.08,5.87,23.87,49.99,0,1,0,0,0
2026-01-01T01:00:14Z,compressor_trip,COMP_TRIP,12.9,40.13,40.5,37.74,6.01,5.91,23.89,49.95,0,1,0,0,0
2026-01-01T01:00:15Z,compressor_trip,COMP_TRIP,26.3,39.92,40.81,38.16,5.91,5.96,23.77,49.98,0,1,0,0,0
2026-01-01T01:00:16Z,compressor_trip,COMP_TRIP,-9.0,40.13,40.67,38.46,5.96,6.22,23.94,49.9,0,1,0,0,0
2026-01-01T01:00:17Z,compressor_trip,COMP_TRIP,-10.9,40.16,40.17,38.19,6.01,5.93,23.75,50.0,0,1,0,0,0
2026-01-01T01:00:18Z,compressor_trip,COMP_TRIP,11.8,40.19,39.93,38.39,6.12,6.02,23.85,49.98,0,1,0,0,0
2026-01-01T01:00:19Z,compressor_trip,COMP_TRIP,10.0,40.06,40.0,38.75,6.01,6.02,23.78,49.95,0,1,0,0,0
2026-01-01T01:00:20Z,compressor_trip,COMP_TRIP,-11.3,39.95,39.83,39.15,5.96,5.88,23.68,49.95,0,1,0,0,0
2026-01-01T01:00:21Z,compressor_trip,COMP_TRIP,0.4,40.18,39.89,37.45,5.94,6.0,23.85,49.96,0,1,0,0,0
2026-01-01T01:00:22Z,compressor_trip,COMP_TRIP,-14.8,39.92,39.75,37.82,5.96,6.07,23.72,50.09,0,1,0,0,0
2026-01-01T01:00:23Z,compressor_trip,COMP_TRIP,4.1,40.33,40.98,37.63,6.05,5.75,23.91,49.97,0,1,0,0,0
2026-01-01T01:00:24Z,compressor_trip,COMP_TRIP,8.5,40.29,39.44,38.67,6.11,5.93,23.71,50.0,0,1,0,0,0
2026-01-01T01:00:25Z,compressor_trip,COMP_TRIP,-13.1,39.89,40.23,38.69,6.08,6.01,23.82,50.04,0,1,0,0,0
2026-01-01T01:00:26Z,compressor_trip,COMP_TRIP,-5.7,40.13,39.21,38.83,5.84,5.98,23.89,49.99,0,1,0,0,0
2026-01-01T01:00:27Z,compressor_trip,COMP_TRIP,-9.1,40.14,40.12,38.47,6.02,6.11,23.79,50.03,0,1,0,0,0
2026-01-01T01:00:28Z,compressor_trip,COMP_TRIP,-9.4,40.07,40.34,38.73,5.96,6.11,23.96,50.06,0,1,0,0,0
2026-01-01T01:00:29Z,compressor_trip,COMP_TRIP,-0.1,40.08,39.42,38.63,5.96,5.85,23.77,49.9,0,1,0,0,0
2026-01-01T01:00:30Z,compressor_trip,COMP_TRIP,11.2,40.11,40.32,38.69,6.17,5.9,23.87,49.99,0,1,0,0,0
2026-01-01T01:00:31Z,compressor_trip,COMP_TRIP,-6.0,39.99,40.0,38.29,5.95,6.08,23.78,49.96,0,1,0,0,0
2026-01-01T01:00:32Z,compressor_trip,COMP_TRIP,-4.6,40.12,39.97,37.81,6.0,6.12,23.84,50.1,0,1,0,0,0
2026-01-01T01:00:33Z,compressor_trip,COMP_TRIP,3.5,39.62,40.06,38.94,6.18,5.99,23.92,50.1,0,1,0,0,0
2026-01-01T01:00:34Z,compressor_trip,COMP_TRIP,-6.3,39.75,39.39,39.82,6.05,5.92,23.77,50.03,0,1,0,0,0
2026-01-01T01:00:35Z,compressor_trip,COMP_TRIP,31.2,40.03,40.13,38.22,6.14,5.96,23.94,50.04,0,1,0,0,0
2026-01-01T01:00:36Z,compressor_trip,COMP_TRIP,4.2,40.11,39.11,38.27,5.92,6.01,23.9,50.02,0,1,0,0,0
2026-01-01T01:00:37Z,compressor_trip,COMP_TRIP,16.2,39.59,39.05,38.74,6.05,6.17,23.89,50.05,0,1,0,0,0
2026-01-01T01:00:38Z,compressor_trip,COMP_TRIP,0.8,39.93,39.17,37.94,5.99,5.98,23.9,49.97,0,1,0,0,0
2026-01-01T01:00:39Z,compressor_trip,COMP_TRIP,15.6,40.06,39.54,38.17,6.08,5.95,23.85,49.99,0,1,0,0,0
2026-01-01T01:00:40Z,compressor_trip,COMP_TRIP,-13.1,40.16,39.94,39.45,6.0,5.98,23.87,50.06,0,1,0,0,0
2026-01-01T01:00:41Z,compressor_trip,COMP_TRIP,-0.1,40.16,40.88,37.48,6.01,5.98,23.88,49.97,0,1,0,0,0
2026-01-01T01:00:42Z,compressor_trip,COMP_TRIP,-13.0,40.02,39.85,37.76,6.04,5.96,23.96,49.94,0,1,0,0,0
2026-01-01T01:00:43Z,compressor_trip,COMP_TRIP,-5.0,40.13,40.0,37.87,5.97,6.05,24.05,50.04,0,1,0,0,0
2026-01-01T01:00:44Z,compressor_trip,COMP_TRIP,-6.3,39.64,39.85,37.96,5.9,6.04,23.92,50.01,0,1,0,0,0
2026-01-01T01:00:45Z,compressor_trip,COMP_TRIP,10.3,40.02,40.95,37.95,6.12,5.9,24.21,50.06,0,1,0,0,0
2026-01-01T01:00:46Z,compressor_trip,COMP_TRIP,2.4,40.16,39.23,37.98,5.97,5.92,23.96,50.04,0,1,0,0,0
2026-01-01T01:00:47Z,compressor_trip,COMP_TRIP,7.6,40.14,40.08,38.75,6.04,6.07,23.92,49.93,0,1,0,0,0
2026-01-01T01:00:48Z,compressor_trip,COMP_TRIP,-3.0,39.7,39.94,38.26,6.01,6.01,23.71,49.96,0,1,0,0,0
2026-01-01T01:00:49Z,compressor_trip,COMP_TRIP,11.1,40.22,39.85,39.11,5.77,6.08,23.94,49.96,0,1,0,0,0
2026-01-01T01:00:50Z,compressor_trip,COMP_TRIP,12.6,39.68,40.21,37.23,5.97,6.08,23.89,49.91,0,1,0,0,0
2026-01-01T01:00:51Z,compressor_trip,COMP_TRIP,7.2,40.28,39.32,37.6,6.0,6.16,23.98,49.91,0,1,0,0,0
2026-01-01T01:00:52Z,compressor_trip,COMP_TRIP,16.0,39.72,40.1,38.73,6.06,6.11,23.87,50.01,0,1,0,0,0
2026-01-01T01:00:53Z,compressor_trip,COMP_TRIP,-9.6,40.13,40.26,38.39,6.06,6.22,23.89,50.02,0,1,0,0,0
2026-01-01T01:00:54Z,compressor_trip,COMP_TRIP,-1.7,40.22,39.95,38.18,6.1,6.06,24.08,50.06,0,1,0,0,0
2026-01-01T01:00:55Z,compressor_trip,COMP_TRIP,18.9,39.96,40.84,37.45,6.15,5.96,23.84,49.99,0,1,0,0,0
2026-01-01T01:00:56Z,compressor_trip,COMP_TRIP,14.3,40.14,40.81,38.41,6.22,6.21,24.04,50.03,0,1,0,0,0
2026-01-01T01:00:57Z,compressor_trip,COMP_TRIP,-6.2,40.09,39.95,38.2,6.11,6.08,23.95,50.0,0,1,0,0,0
2026-01-01T01:00:58Z,compressor_trip,COMP_TRIP,-8.4,39.91,39.73,39.17,5.93,6.21,24.03,50.08,0,1,0,0,0
2026-01-01T01:00:59Z,compressor_trip,COMP_TRIP,1.5,39.76,39.3,38.19,5.92,6.13,24.03,50.24,0,1,0,0,0
2026-01-01T01:01:00Z,compressor_trip,COMP_TRIP,-12.9,39.54,39.11,38.05,5.98,5.89,24.13,50.02,0,1,0,0,0
2026-01-01T01:01:01Z,compressor_trip,COMP_TRIP,10.8,39.82,39.83,38.66,6.05,5.98,24.01,49.92,0,1,0,0,0
2026-01-01T01:01:02Z,compressor_trip,COMP_TRIP,-2.4,39.98,40.82,38.24,5.89,6.07,23.9,49.96,0,1,0,0,0
2026-01-01T01:01:03Z,compressor_trip,COMP_TRIP,-5.2,39.82,40.62,38.48,5.9,6.12,24.11,50.15,0,1,0,0,0
2026-01-01T01:01:04Z,compressor_trip,COMP_TRIP,6.9,39.75,39.88,38.54,5.94,6.16,24.0,49.98,0,1,0,0,0
2026-01-01T01:01:05Z,compressor_trip,COMP_TRIP,12.3,40.2,40.15,38.12,6.11,6.0,24.12,49.93,0,1,0,0,0
2026-01-01T01:01:06Z,compressor_trip,COMP_TRIP,1.1,39.97,40.36,38.51,5.96,6.0,23.93,49.94,0,1,0,0,0
2026-01-01T01:01:07Z,compressor_trip,COMP_TRIP,-13.7,40.16,40.07,37.57,6.07,5.97,24.22,50.02,0,1,0,0,0
2026-01-01T01:01:08Z,compressor_trip,COMP_TRIP,4.3,39.7,39.05,37.95,5.92,5.99,24.04,50.03,0,1,0,0,0
2026-01-01T01:01:09Z,compressor_trip,COMP_TRIP,-3.6,39.8,39.89,37.79,6.15,5.83,24.1,50.05,0,1,0,0,0
2026-01-01T01:01:10Z,compressor_trip,COMP_TRIP,10.6,40.08,39.77,39.37,6.04,5.91,23.96,50.02,0,1,0,0,0
2026-01-01T01:01:11Z,compressor_trip,COMP_TRIP,-11.9,40.18,40.57,38.76,6.02,6.04,24.15,50.0,0,1,0,0,0
2026-01-01T01:01:12Z,compressor_trip,COMP_TRIP,-9.2,40.03,40.57,37.7,6.03,6.08,24.11,50.02,0,1,0,0,0
2026-01-01T01:01:13Z,compressor_trip,COMP_TRIP,10.6,40.5,38.76,39.33,6.01,6.07,24.14,49.96,0,1,0,0,0
2026-01-01T01:01:14Z,compressor_trip,COMP_TRIP,7.3,39.95,40.54,39.41,6.07,5.98,24.31,50.01,0,1,0,0,0
2026-01-01T01:01:15Z,compressor_trip,COMP_TRIP,2.1,39.25,39.16,38.61,5.99,6.17,24.08,49.96,0,1,0,0,0
2026-01-01T01:01:16Z,compressor_trip,COMP_TRIP,10.3,40.12,40.17,38.63,5.84,6.04,24.06,50.02,0,1,0,0,0
2026-01-01T01:01:17Z,compressor_trip,COMP_TRIP,-1.7,39.87,40.04,37.75,6.04,6.0,24.16,49.91,0,1,0,0,0
2026-01-01T01:01:18Z,compressor_trip,COMP_TRIP,7.4,39.86,40.46,38.17,6.06,5.97,24.04,50.0,0,1,0,0,0
2026-01-01T01:01:19Z,compressor_trip,COMP_TRIP,5.3,40.0,39.54,38.3,5.86,6.1,24.12,49.96,0,1,0,0,0
2026-01-01T01:01:20Z,compressor_trip,COMP_TRIP,11.2,40.27,40.22,38.12,5.97,5.94,24.12,49.97,0,1,0,0,0
2026-01-01T01:01:21Z,compressor_trip,COMP_TRIP,17.8,40.08,39.81,37.49,5.98,5.84,24.25,50.02,0,1,0,0,0
2026-01-01T01:01:22Z,compressor_trip,COMP_TRIP,-4.8,39.94,40.31,39.53,6.16,6.03,24.2,50.0,0,1,0,0,0
2026-01-01T01:01:23Z,compressor_trip,COMP_TRIP,1.8,40.34,39.71,37.75,5.82,5.96,24.16,50.04,0,1,0,0,0
2026-01-01T01:01:24Z,compressor_trip,COMP_TRIP,-13.7,40.2,40.41,38.63,5.87,6.01,24.21,49.98,0,1,0,0,0
2026-01-01T01:01:25Z,compressor_trip,COMP_TRIP,0.9,40.09,39.22,38.28,5.88,5.88,24.13,49.98,0,1,0,0,0
2026-01-01T01:01:26Z,compressor_trip,COMP_TRIP,12.4,39.92,39.93,38.46,6.14,5.98,24.1,50.09,0,1,0,0,0
2026-01-01T01:01:27Z,compressor_trip,COMP_TRIP,-5.3,40.13,40.14,38.16,5.9,6.11,24.09,49.99,0,1,0,0,0
2026-01-01T01:01:28Z,compressor_trip,COMP_TRIP,-4.2,39.92,39.89,38.83,5.97,5.86,24.03,50.02,0,1,0,0,0
2026-01-01T01:01:29Z,compressor_trip,COMP_TRIP,13.6,39.98,39.53,38.33,6.05,6.15,24.38,50.12,0,1,0,0,0
2026-01-01T01:01:30Z,compressor_trip,COMP_TRIP,4.1,40.35,40.66,38.56,5.9,5.91,24.31,49.96,0,1,0,0,0
2026-01-01T01:01:31Z,compressor_trip,COMP_TRIP,-7.0,39.98,40.19,39.15,6.06,6.01,24.11,49.97,0,1,0,0,0
2026-01-01T01:01:32Z,compressor_trip,COMP_TRIP,-13.0,39.85,40.87,38.2,6.03,5.85,24.19,49.97,0,1,0,0,0
2026-01-01T01:01:33Z,compressor_trip,COMP_TRIP,10.7,40.02,40.58,37.83,5.86,5.98,24.21,49.95,0,1,0,0,0
2026-01-01T01:01:34Z,compressor_trip,COMP_TRIP,-29.4,40.16,39.44,38.42,6.13,5.86,24.1,49.97,0,1,0,0,0
2026-01-01T01:01:35Z,compressor_trip,COMP_TRIP,0.3,40.26,39.56,38.94,6.0,6.0,24.15,49.99,0,1,0,0,0
2026-01-01T01:01:36Z,compressor_trip,COMP_TRIP,6.8,40.18,40.11,38.6,5.9,6.13,24.22,50.08,0,1,0,0,0
2026-01-01T01:01:37Z,compressor_trip,COMP_TRIP,-3.6,40.25,40.36,38.37,5.89,5.92,24.29,49.98,0,1,0,0,0
2026-01-01T01:01:38Z,compressor_trip,COMP_TRIP,3.9,40.25,39.65,39.15,5.91,6.05,24.18,49.96,0,1,0,0,0
2026-01-01T01:01:39Z,compressor_trip,COMP_TRIP,3.1,40.03,39.87,38.41,6.12,6.16,24.29,50.0,0,1,0,0,0
2026-01-01T01:01:40Z,compressor_trip,COMP_TRIP,3.9,39.79,40.21,39.12,6.03,6.16,24.32,50.07,0,1,0,0,0
2026-01-01T01:01:41Z,compressor_trip,COMP_TRIP,-6.1,39.81,39.82,37.48,6.08,6.14,24.22,50.06,0,1,0,0,0
2026-01-01T01:01:42Z,compressor_trip,COMP_TRIP,-0.8,40.14,40.52,38.33,5.86,6.11,24.23,49.99,0,1,0,0,0
2026-01-01T01:01:43Z,compressor_trip,COMP_TRIP,12.6,40.02,39.28,38.74,5.98,5.84,24.31,50.1,0,1,0,0,0
2026-01-01T01:01:44Z,compressor_trip,COMP_TRIP,4.9,40.14,40.48,38.15,6.02,5.79,24.22,49.98,0,1,0,0,0
2026-01-01T01:01:45Z,compressor_trip,COMP_TRIP,-9.2,40.04,39.23,39.3,6.26,6.17,24.32,49.92,0,1,0,0,0
2026-01-01T01:01:46Z,compressor_trip,COMP_TRIP,-1.6,39.97,40.07,38.61,5.81,6.11,24.3,49.93,0,1,0,0,0
2026-01-01T01:01:47Z,compressor_trip,COMP_TRIP,-16.3,40.37,40.32,38.66,6.0,5.82,24.26,49.95,0,1,0,0,0
2026-01-01T01:01:48Z,compressor_trip,COMP_TRIP,18.4,39.91,39.98,38.98,6.06,6.25,24.3,50.05,0,1,0,0,0
2026-01-01T01:01:49Z,compressor_trip,COMP_TRIP,-3.3,39.98,40.14,37.35,5.99,5.95,24.32,50.0,0,1,0,0,0
2026-01-01T01:01:50Z,compressor_trip,COMP_TRIP,-5.3,40.19,40.19,38.29,6.05,6.12,24.43,49.95,0,1,0,0,0
2026-01-01T01:01:51Z,compressor_trip,COMP_TRIP,-12.6,40.09,40.55,38.11,6.01,6.11,24.31,50.04,0,1,0,0,0
2026-01-01T01:01:52Z,compressor_trip,COMP_TRIP,17.8,40.1,39.31,38.36,5.9,6.0,24.31,49.98,0,1,0,0,0
2026-01-01T01:01:53Z,compressor_trip,COMP_TRIP,0.8,40.24,39.4,38.11,5.96,5.93,24.4,49.88,0,1,0,0,0
2026-01-01T01:01:54Z,compressor_trip,COMP_TRIP,11.7,40.4,39.7,39.37,5.92,6.1,24.28,49.98,0,1,0,0,0
2026-01-01T01:01:55Z,compressor_trip,COMP_TRIP,14.1,40.24,39.81,37.94,6.05,5.89,24.44,50.02,0,1,0,0,0
2026-01-01T01:01:56Z,compressor_trip,COMP_TRIP,8.6,40.05,39.74,39.05,6.0,6.0,24.28,50.09,0,1,0,0,0
2026-01-01T01:01:57Z,compressor_trip,COMP_TRIP,2.4,40.2,39.48,38.6,5.99,5.87,24.23,49.91,0,1,0,0,0
2026-01-01T01:01:58Z,compressor_trip,COMP_TRIP,-5.7,40.06,40.34,38.7,6.07,5.99,24.22,49.97,0,1,0,0,0
2026-01-01T01:01:59Z,compressor_trip,COMP_TRIP,-8.8,39.47,39.51,38.24,5.77,6.0,24.47,50.03,0,1,0,0,0
2026-01-01T01:02:00Z,compressor_trip,COMP_TRIP,-1.9,39.95,40.12,38.17,5.93,5.99,24.37,50.03,0,1,0,0,0
2026-01-01T01:02:01Z,compressor_trip,COMP_TRIP,-15.2,39.91,39.99,38.38,6.05,5.89,24.37,50.0,0,1,0,0,0
2026-01-01T01:02:02Z,compressor_trip,COMP_TRIP,3.9,39.91,39.48,39.23,6.04,6.11,24.54,50.06,0,1,0,0,0
2026-01-01T01:02:03Z,compressor_trip,COMP_TRIP,6.3,40.02,39.87,38.85,5.75,6.05,24.46,50.03,0,1,0,0,0
2026-01-01T01:02:04Z,compressor_trip,COMP_TRIP,15.6,40.11,39.88,38.22,5.96,6.12,24.33,49.98,0,1,0,0,0
2026-01-01T01:02:05Z,compressor_trip,COMP_TRIP,-14.2,40.2,39.28,39.13,5.93,6.11,24.32,49.93,0,1,0,0,0
2026-01-01T01:02:06Z,compressor_trip,COMP_TRIP,-15.8,39.79,39.45,38.12,6.09,6.05,24.38,49.98,0,1,0,0,0
2026-01-01T01:02:07Z,compressor_trip,COMP_TRIP,1.5,40.0,39.54,39.53,5.94,5.96,24.51,50.08,0,1,0,0,0
2026-01-01T01:02:08Z,compressor_trip,COMP_TRIP,12.3,39.93,39.81,37.55,6.09,5.96,24.19,50.01,0,1,0,0,0
2026-01-01T01:02:09Z,compressor_trip,COMP_TRIP,8.4,40.12,40.38,38.95,6.01,6.05,24.43,49.96,0,1,0,0,0
2026-01-01T01:02:10Z,compressor_trip,COMP_TRIP,-15.4,40.41,40.98,38.66,6.12,5.86,24.46,50.0,0,1,0,0,0
2026-01-01T01:02:11Z,compressor_trip,COMP_TRIP,6.9,39.99,40.14,38.26,6.11,5.95,24.34,49.99,0,1,0,0,0
2026-01-01T01:02:12Z,compressor_trip,COMP_TRIP,6.2,40.18,39.52,38.27,6.12,6.09,24.66,49.91,0,1,0,0,0
2026-01-01T01:02:13Z,compressor_trip,COMP_TRIP,14.6,39.8,39.95,37.6,5.87,5.82,24.58,50.0,0,1,0,0,0
2026-01-01T01:02:14Z,compressor_trip,COMP_TRIP,11.6,39.58,39.48,38.65,6.04,6.03,24.42,49.99,0,1,0,0,0
2026-01-01T01:02:15Z,compressor_trip,COMP_TRIP,-7.8,39.8,40.6,37.96,6.1,6.11,24.41,49.97,0,1,0,0,0
2026-01-01T01:02:16Z,compressor_trip,COMP_TRIP,-8.3,39.65,40.3,38.25,6.04,6.09,24.55,49.96,0,1,0,0,0
2026-01-01T01:02:17Z,compressor_trip,COMP_TRIP,-16.0,40.01,40.35,38.8,6.03,6.04,24.44,50.07,0,1,0,0,0
2026-01-01T01:02:18Z,compressor_trip,COMP_TRIP,-10.3,39.85,39.7,37.68,6.18,6.0,24.59,49.91,0,1,0,0,0
2026-01-01T01:02:19Z,compressor_trip,COMP_TRIP,-4.0,39.73,39.54,38.18,5.75,5.92,24.43,50.04,0,1,0,0,0
2026-01-01T01:02:20Z,compressor_trip,COMP_TRIP,4.7,40.06,40.33,38.51,5.89,6.06,24.42,50.02,0,1,0,0,0
2026-01-01T01:02:21Z,compressor_trip,COMP_TRIP,12.2,40.18,39.92,38.37,5.99,6.18,24.47,50.01,0,1,0,0,0
2026-01-01T01:02:22Z,compressor_trip,COMP_TRIP,-3.8,39.98,39.17,37.7,5.99,6.18,24.43,49.99,0,1,0,0,0
2026-01-01T01:02:23Z,compressor_trip,COMP_TRIP,-7.9,40.08,39.81,39.4,6.1,6.02,24.35,49.95,0,1,0,0,0
2026-01-01T01:02:24Z,compressor_trip,COMP_TRIP,-1.2,39.63,40.11,38.33,6.07,5.86,24.43,50.01,0,1,0,0,0
2026-01-01T01:02:25Z,compressor_trip,COMP_TRIP,-11.6,40.11,39.71,37.75,6.08,5.95,24.46,49.95,0,1,0,0,0
2026-01-01T01:02:26Z,compressor_trip,COMP_TRIP,17.9,40.44,40.25,38.53,5.99,5.99,24.45,49.96,0,1,0,0,0
2026-01-01T01:02:27Z,compressor_trip,COMP_TRIP,9.2,39.78,40.26,38.23,6.09,5.88,24.48,49.97,0,1,0,0,0
2026-01-01T01:02:28Z,compressor_trip,COMP_TRIP,-8.3,40.11,40.58,38.75,5.98,6.03,24.39,50.06,0,1,0,0,0
2026-01-01T01:02:29Z,compressor_trip,COMP_TRIP,-1.2,40.11,40.5,38.34,5.92,6.02,24.5,49.9,0,1,0,0,0
2026-01-01T01:02:30Z,compressor_trip,COMP_TRIP,-9.3,40.39,40.58,39.05,5.98,5.95,24.64,49.88,0,1,0,0,0
2026-01-01T01:02:31Z,compressor_trip,COMP_TRIP,14.5,40.17,39.35,38.96,5.9,5.97,24.57,49.96,0,1,0,0,0
2026-01-01T01:02:32Z,compressor_trip,COMP_TRIP,-7.9,39.98,40.95,38.03,5.88,5.92,24.59,49.95,0,1,0,0,0
2026-01-01T01:02:33Z,compressor_trip,COMP_TRIP,-3.0,39.92,39.8,38.61,5.88,6.0,24.56,49.99,0,1,0,0,0
2026-01-01T01:02:34Z,compressor_trip,COMP_TRIP,8.8,40.07,41.13,37.91,6.04,6.15,24.61,50.02,0,1,0,0,0
2026-01-01T01:02:35Z,compressor_trip,COMP_TRIP,2.9,40.12,40.54,39.16,5.98,6.02,24.42,49.99,0,1,0,0,0
2026-01-01T01:02:36Z,compressor_trip,COMP_TRIP,-13.8,39.96,39.17,37.8,5.95,6.01,24.62,50.0,0,1,0,0,0
2026-01-01T01:02:37Z,compressor_trip,COMP_TRIP,0.2,39.97,39.48,39.03,6.01,6.07,24.73,50.04,0,1,0,0,0
2026-01-01T01:02:38Z,compressor_trip,COMP_TRIP,-9.6,39.98,39.62,38.63,6.14,5.97,24.59,50.03,0,1,0,0,0
2026-01-01T01:02:39Z,compressor_trip,COMP_TRIP,9.5,40.26,39.99,38.34,6.05,6.03,24.67,49.97,0,1,0,0,0
2026-01-01T01:02:40Z,compressor_trip,COMP_TRIP,-0.8,40.33,39.86,37.52,5.97,6.15,24.64,49.96,0,1,0,0,0
2026-01-01T01:02:41Z,compressor_trip,COMP_TRIP,21.2,40.08,40.52,38.14,6.03,6.15,24.64,49.97,0,1,0,0,0
2026-01-01T01:02:42Z,compressor_trip,COMP_TRIP,6.2,39.81,40.34,37.82,5.85,5.96,24.58,50.08,0,1,0,0,0
2026-01-01T01:02:43Z,compressor_trip,COMP_TRIP,4.1,40.06,40.26,38.28,6.1,6.06,24.82,49.96,0,1,0,0,0
2026-01-01T01:02:44Z,compressor_trip,COMP_TRIP,9.8,39.86,39.27,38.39,6.17,5.96,24.59,49.99,0,1,0,0,0
2026-01-01T01:02:45Z,compressor_trip,COMP_TRIP,-10.0,40.5,39.69,38.86,6.02,5.83,24.59,50.01,0,1,0,0,0
2026-01-01T01:02:46Z,compressor_trip,COMP_TRIP,-5.9,40.21,39.61,38.52,6.09,5.97,24.7,50.02,0,1,0,0,0
2026-01-01T01:02:47Z,compressor_trip,COMP_TRIP,-3.5,39.77,40.27,38.31,6.0,5.69,24.69,49.97,0,1,0,0,0
2026-01-01T01:02:48Z,compressor_trip,COMP_TRIP,-6.2,40.31,40.31,38.72,5.98,6.03,24.55,50.01,0,1,0,0,0
2026-01-01T01:02:49Z,compressor_trip,COMP_TRIP,-6.0,39.95,40.15,38.42,6.0,6.09,24.7,50.08,0,1,0,0,0
2026-01-01T01:02:50Z,compressor_trip,COMP_TRIP,9.9,40.47,40.8,39.64,5.89,6.04,24.61,50.03,0,1,0,0,0
2026-01-01T01:02:51Z,compressor_trip,COMP_TRIP,5.0,40.03,39.44,38.23,5.93,6.14,24.65,50.0,0,1,0,0,0
2026-01-01T01:02:52Z,compressor_trip,COMP_TRIP,-1.7,39.94,39.66,38.46,5.93,5.83,24.67,49.95,0,1,0,0,0
2026-01-01T01:02:53Z,compressor_trip,COMP_TRIP,-4.1,40.1,39.42,39.0,6.03,6.04,24.69,49.99,0,1,0,0,0
2026-01-01T01:02:54Z,compressor_trip,COMP_TRIP,8.6,39.74,40.36,38.26,6.07,5.98,24.67,49.98,0,1,0,0,0
2026-01-01T01:02:55Z,compressor_trip,COMP_TRIP,1.4,39.92,40.41,38.18,5.83,5.89,24.65,50.03,0,1,0,0,0
2026-01-01T01:02:56Z,compressor_trip,COMP_TRIP,-2.3,39.83,40.32,38.26,5.89,5.92,24.54,50.01,0,1,0,0,0
2026-01-01T01:02:57Z,compressor_trip,COMP_TRIP,-3.8,39.83,40.05,38.77,5.98,6.13,24.6,50.02,0,1,0,0,0
2026-01-01T01:02:58Z,compressor_trip,COMP_TRIP,6.1,39.81,40.7,38.86,6.0,5.82,24.71,50.04,0,1,0,0,0
2026-01-01T01:02:59Z,compressor_trip,COMP_TRIP,-9.5,39.86,39.96,37.78,5.92,6.1,24.71,50.01,0,1,0,0,0
2026-01-01T01:03:00Z,compressor_trip,COMP_TRIP,-11.7,39.95,40.3,37.92,5.8,6.14,24.93,50.0,0,1,0,0,0
2026-01-01T01:03:01Z,compressor_trip,COMP_TRIP,6.5,40.14,39.51,38.08,6.0,6.11,24.82,50.0,0,1,0,0,0
2026-01-01T01:03:02Z,compressor_trip,COMP_TRIP,15.0,40.31,39.87,38.32,6.06,5.97,24.8,50.03,0,1,0,0,0
2026-01-01T01:03:03Z,compressor_trip,COMP_TRIP,6.1,39.87,38.92,38.0,5.92,6.03,24.78,50.02,0,1,0,0,0
2026-01-01T01:03:04Z,compressor_trip,COMP_TRIP,-9.1,40.44,39.92,37.32,6.02,6.1,24.67,50.01,0,1,0,0,0
2026-01-01T01:03:05Z,compressor_trip,COMP_TRIP,-2.0,39.77,40.1,38.4,5.92,6.06,24.95,50.0,0,1,0,0,0
2026-01-01T01:03:06Z,compressor_trip,COMP_TRIP,-0.7,40.01,40.48,38.3,5.99,5.94,24.98,50.0,0,1,0,0,0
2026-01-01T01:03:07Z,compressor_trip,COMP_TRIP,19.0,40.36,40.17,37.7,6.09,6.09,24.97,49.96,0,1,0,0,0
2026-01-01T01:03:08Z,compressor_trip,COMP_TRIP,-20.0,39.99,39.44,38.27,6.04,5.84,24.85,50.03,0,1,0,0,0
2026-01-01T01:03:09Z,compressor_trip,COMP_TRIP,3.4,39.74,40.02,38.47,5.95,6.17,24.59,49.86,0,1,0,0,0
2026-01-01T01:03:10Z,compressor_trip,COMP_TRIP,-5.5,40.05,40.07,37.33,5.79,6.15,24.89,50.01,0,1,0,0,0
2026-01-01T01:03:11Z,compressor_trip,COMP_TRIP,-4.4,40.12,40.16,38.75,6.06,5.97,24.72,50.08,0,1,0,0,0
2026-01-01T01:03:12Z,compressor_trip,COMP_TRIP,-3.5,40.4,39.77,38.31,5.91,5.99,24.89,49.96,0,1,0,0,0
2026-01-01T01:03:13Z,compressor_trip,COMP_TRIP,21.3,40.3,40.05,38.51,5.94,6.05,24.79,49.99,0,1,0,0,0
2026-01-01T01:03:14Z,compressor_trip,COMP_TRIP,0.1,39.96,39.25,38.11,6.01,6.1,24.75,49.96,0,1,0,0,0
2026-01-01T01:03:15Z,compressor_trip,COMP_TRIP,8.9,40.1,39.76,38.79,5.81,6.22,24.71,49.98,0,1,0,0,0
2026-01-01T01:03:16Z,compressor_trip,COMP_TRIP,-16.1,40.33,40.35,39.01,5.83,6.0,24.91,49.98,0,1,0,0,0
2026-01-01T01:03:17Z,compressor_trip,COMP_TRIP,4.0,39.9,39.83,37.98,5.88,6.0,24.74,50.01,0,1,0,0,0
2026-01-01T01:03:18Z,compressor_trip,COMP_TRIP,-9.4,40.03,40.22,39.25,5.94,6.03,24.87,49.98,0,1,0,0,0
2026-01-01T01:03:19Z,compressor_trip,COMP_TRIP,-0.6,40.27,39.7,38.22,6.05,5.88,25.01,49.98,0,1,0,0,0
2026-01-01T01:03:20Z,compressor_trip,COMP_TRIP,1.9,39.88,40.22,37.44,6.05,6.13,25.06,50.01,0,1,0,0,0
2026-01-01T01:03:21Z,compressor_trip,COMP_TRIP,2.9,39.92,40.09,38.3,6.06,6.03,24.95,50.03,0,1,0,0,0
2026-01-01T01:03:22Z,compressor_trip,COMP_TRIP,8.4,39.96,40.14,38.7,6.12,5.98,24.91,50.02,0,1,0,0,0
2026-01-01T01:03:23Z,compressor_trip,COMP_TRIP,13.6,39.99,40.85,38.92,5.9,5.98,24.93,49.95,0,1,0,0,0
2026-01-01T01:03:24Z,compressor_trip,COMP_TRIP,7.9,39.66,40.36,37.71,6.19,6.02,25.05,49.99,0,1,0,0,0
2026-01-01T01:03:25Z,compressor_trip,COMP_TRIP,-3.9,39.96,40.57,38.33,5.78,5.96,24.81,50.05,0,1,0,0,0
2026-01-01T01:03:26Z,compressor_trip,COMP_TRIP,-10.0,39.9,40.06,38.94,6.13,5.98,24.89,50.01,0,1,0,0,0
2026-01-01T01:03:27Z,compressor_trip,COMP_TRIP,2.7,40.12,40.18,38.79,5.98,5.97,24.83,50.0,0,1,0,0,0
2026-01-01T01:03:28Z,compressor_trip,COMP_TRIP,-25.8,39.77,40.87,37.73,5.92,5.92,24.85,49.93,0,1,0,0,0
2026-01-01T01:03:29Z,compressor_trip,COMP_TRIP,-14.6,40.33,39.69,38.51,6.01,5.88,24.99,50.0,0,1,0,0,0
2026-01-01T01:03:30Z,compressor_trip,COMP_TRIP,-7.7,40.26,41.07,39.13,5.97,5.94,25.0,49.92,0,1,0,0,0
2026-01-01T01:03:31Z,compressor_trip,COMP_TRIP,0.6,39.98,40.51,38.29,5.94,6.1,24.87,49.91,0,1,0,0,0
2026-01-01T01:03:32Z,compressor_trip,COMP_TRIP,-4.0,39.81,41.06,38.84,5.85,5.98,24.72,50.02,0,1,0,0,0
2026-01-01T01:03:33Z,compressor_trip,COMP_TRIP,-29.3,40.0,39.07,38.52,6.12,5.94,25.08,49.89,0,1,0,0,0
2026-01-01T01:03:34Z,compressor_trip,COMP_TRIP,27.1,39.68,39.66,38.61,5.94,6.0,25.01,50.06,0,1,0,0,0
2026-01-01T01:03:35Z,compressor_trip,COMP_TRIP,7.8,39.75,40.64,37.84,5.94,6.08,25.03,49.97,0,1,0,0,0
2026-01-01T01:03:36Z,compressor_trip,COMP_TRIP,-5.5,40.19,39.97,37.91,5.99,6.13,24.97,50.05,0,1,0,0,0
2026-01-01T01:03:37Z,compressor_trip,COMP_TRIP,8.2,40.09,39.43,37.81,5.98,6.11,24.99,50.04,0,1,0,0,0
2026-01-01T01:03:38Z,compressor_trip,COMP_TRIP,13.9,40.06,39.98,39.26,6.01,6.12,24.99,50.0,0,1,0,0,0
2026-01-01T01:03:39Z,compressor_trip,COMP_TRIP,-2.4,39.7,39.99,37.71,5.97,6.07,24.94,49.97,0,1,0,0,0
2026-01-01T01:03:40Z,compressor_trip,COMP_TRIP,10.6,40.04,40.16,38.03,6.02,5.98,25.13,49.99,0,1,0,0,0
2026-01-01T01:03:41Z,compressor_trip,COMP_TRIP,-8.7,40.17,40.2,38.99,6.12,5.94,25.07,50.06,0,1,0,0,0
2026-01-01T01:03:42Z,compressor_trip,COMP_TRIP,0.2,40.27,39.73,39.18,6.22,6.06,25.03,49.99,0,1,0,0,0
2026-01-01T01:03:43Z,compressor_trip,COMP_TRIP,1.2,40.13,41.0,38.19,6.0,6.0,25.08,49.98,0,1,0,0,0
2026-01-01T01:03:44Z,compressor_trip,COMP_TRIP,5.8,39.71,40.23,38.03,6.16,6.05,25.1,50.04,0,1,0,0,0
2026-01-01T01:03:45Z,compressor_trip,COMP_TRIP,1.5,40.24,39.64,38.01,6.02,6.08,24.98,50.02,0,1,0,0,0
2026-01-01T01:03:46Z,compressor_trip,COMP_TRIP,-13.8,40.14,41.24,38.38,5.92,6.07,25.12,50.01,0,1,0,0,0
2026-01-01T01:03:47Z,compressor_trip,COMP_TRIP,3.4,39.92,39.07,38.48,5.9,5.95,25.16,50.04,0,1,0,0,0
2026-01-01T01:03:48Z,compressor_trip,COMP_TRIP,3.2,39.69,40.02,37.99,6.01,5.97,25.12,50.02,0,1,0,0,0
2026-01-01T01:03:49Z,compressor_trip,COMP_TRIP,-3.0,40.0,40.08,38.17,6.06,5.94,24.86,50.09,0,1,0,0,0
2026-01-01T01:03:50Z,compressor_trip,COMP_TRIP,-1.6,40.41,39.3,38.51,6.02,6.06,25.09,50.09,0,1,0,0,0
2026-01-01T01:03:51Z,compressor_trip,COMP_TRIP,-7.0,40.07,40.1,38.83,6.06,5.93,25.05,49.95,0,1,0,0,0
2026-01-01T01:03:52Z,compressor_trip,COMP_TRIP,-16.6,39.79,40.9,38.53,5.91,6.14,25.05,49.98,0,1,0,0,0
2026-01-01T01:03:53Z,compressor_trip,COMP_TRIP,16.6,40.07,40.5,38.49,5.91,5.98,25.1,49.98,0,1,0,0,0
2026-01-01T01:03:54Z,compressor_trip,COMP_TRIP,16.6,40.2,39.76,37.68,6.04,6.04,25.19,50.09,0,1,0,0,0
2026-01-01T01:03:55Z,compressor_trip,COMP_TRIP,-3.6,40.05,40.05,38.64,6.04,6.1,25.01,50.05,0,1,0,0,0
2026-01-01T01:03:56Z,compressor_trip,COMP_TRIP,-8.3,39.98,39.64,37.72,6.21,5.95,25.12,50.05,0,1,0,0,0
2026-01-01T01:03:57Z,compressor_trip,COMP_TRIP,-1.3,40.0,40.51,38.1,6.11,5.98,25.15,50.01,0,1,0,0,0
2026-01-01T01:03:58Z,compressor_trip,COMP_TRIP,3.3,39.81,39.84,38.2,6.1,6.02,25.15,50.0,0,1,0,0,0
2026-01-01T01:03:59Z,compressor_trip,COMP_TRIP,-6.5,40.04,39.3,38.23,5.85,6.06,25.07,50.0,0,1,0,0,0
2026-01-01T01:04:00Z,compressor_trip,COMP_TRIP,7.6,40.01,40.25,38.01,6.05,6.22,25.1,50.04,0,1,0,0,0
2026-01-01T01:04:01Z,compressor_trip,COMP_TRIP,-8.8,39.64,40.5,37.92,5.88,6.02,25.1,49.98,0,1,0,0,0
2026-01-01T01:04:02Z,compressor_trip,COMP_TRIP,8.5,39.81,40.16,38.06,5.95,5.91,25.23,50.0,0,1,0,0,0
2026-01-01T01:04:03Z,compressor_trip,COMP_TRIP,10.0,39.93,39.98,37.96,5.87,5.87,25.46,49.95,0,1,0,0,0
2026-01-01T01:04:04Z,compressor_trip,COMP_TRIP,9.7,39.84,39.42,37.5,6.13,6.0,25.5,50.02,0,1,0,0,0
2026-01-01T01:04:05Z,compressor_trip,COMP_TRIP,2.6,39.99,39.66,38.06,6.16,6.01,25.12,50.04,0,1,0,0,0
2026-01-01T01:04:06Z,compressor_trip,COMP_TRIP,-2.4,39.95,39.99,38.11,6.07,5.87,25.29,49.96,0,1,0,0,0
2026-01-01T01:04:07Z,compressor_trip,COMP_TRIP,-11.4,39.84,39.74,38.64,6.18,5.95,25.23,50.03,0,1,0,0,0
2026-01-01T01:04:08Z,compressor_trip,COMP_TRIP,5.9,39.84,40.0,38.44,6.0,6.11,25.16,49.98,0,1,0,0,0
2026-01-01T01:04:09Z,compressor_trip,COMP_TRIP,-10.9,40.29,40.49,37.64,5.97,5.94,25.23,50.02,0,1,0,0,0
2026-01-01T01:04:10Z,compressor_trip,COMP_TRIP,9.4,39.79,39.86,38.57,6.09,5.99,25.26,50.0,0,1,0,0,0
2026-01-01T01:04:11Z,compressor_trip,COMP_TRIP,21.4,40.23,40.09,38.51,6.2,6.0,25.26,49.99,0,1,0,0,0
2026-01-01T01:04:12Z,compressor_trip,COMP_TRIP,7.1,39.91,40.61,37.78,6.07,6.01,25.43,49.98,0,1,0,0,0
2026-01-01T01:04:13Z,compressor_trip,COMP_TRIP,-7.0,40.2,39.91,38.06,5.89,5.99,25.29,49.94,0,1,0,0,0
2026-01-01T01:04:14Z,compressor_trip,COMP_TRIP,10.0,39.82,39.18,38.27,5.98,6.16,25.18,49.97,0,1,0,0,0
2026-01-01T01:04:15Z,compressor_trip,COMP_TRIP,-4.6,39.98,40.39,37.92,5.8,6.02,25.29,50.06,0,1,0,0,0
2026-01-01T01:04:16Z,compressor_trip,COMP_TRIP,15.0,40.35,40.4,37.87,6.03,5.97,25.13,50.08,0,1,0,0,0
2026-01-01T01:04:17Z,compressor_trip,COMP_TRIP,-7.4,40.17,39.47,38.7,5.84,5.97,25.21,50.04,0,1,0,0,0
2026-01-01T01:04:18Z,compressor_trip,COMP_TRIP,3.2,40.02,39.35,38.35,5.97,5.81,25.12,49.93,0,1,0,0,0
2026-01-01T01:04:19Z,compressor_trip,COMP_TRIP,-0.9,40.24,39.43,38.89,5.9,6.16,25.27,49.94,0,1,0,0,0
2026-01-01T01:04:20Z,compressor_trip,COMP_TRIP,-3.2,40.32,40.72,37.76,5.99,5.88,25.32,50.03,0,1,0,0,0
2026-01-01T01:04:21Z,compressor_trip,COMP_TRIP,-6.9,40.09,40.04,38.85,5.82,6.07,25.2,49.97,0,1,0,0,0
2026-01-01T01:04:22Z,compressor_trip,COMP_TRIP,2.9,39.73,40.36,37.29,5.94,6.07,25.09,49.99,0,1,0,0,0
2026-01-01T01:04:23Z,compressor_trip,COMP_TRIP,-15.8,39.98,39.72,37.93,6.01,5.92,25.3,49.95,0,1,0,0,0
2026-01-01T01:04:24Z,compressor_trip,COMP_TRIP,-11.7,40.0,39.29,39.13,5.86,6.15,25.35,50.02,0,1,0,0,0
2026-01-01T01:04:25Z,compressor_trip,COMP_TRIP,-18.5,40.13,39.92,37.49,6.0,6.13,25.29,49.99,0,1,0,0,0
2026-01-01T01:04:26Z,compressor_trip,COMP_TRIP,7.6,40.06,39.77,38.82,6.13,5.99,25.25,50.07,0,1,0,0,0
2026-01-01T01:04:27Z,compressor_trip,COMP_TRIP,-18.4,40.21,40.85,37.95,6.08,6.06,25.36,50.06,0,1,0,0,0
2026-01-01T01:04:28Z,compressor_trip,COMP_TRIP,3.5,39.71,39.71,38.42,5.95,6.05,25.51,49.93,0,1,0,0,0
2026-01-01T01:04:29Z,compressor_trip,COMP_TRIP,1.8,39.79,39.93,39.21,6.08,6.01,25.38,49.89,0,1,0,0,0
2026-01-01T01:04:30Z,compressor_trip,COMP_TRIP,11.6,39.98,39.78,37.95,6.01,6.03,25.32,50.05,0,1,0,0,0
2026-01-01T01:04:31Z,compressor_trip,COMP_TRIP,10.6,40.18,39.9,38.98,6.17,5.92,25.42,50.01,0,1,0,0,0
2026-01-01T01:04:32Z,compressor_trip,COMP_TRIP,-8.4,40.19,40.12,37.95,5.93,5.94,25.46,49.9,0,1,0,0,0
2026-01-01T01:04:33Z,compressor_trip,COMP_TRIP,8.0,39.52,39.43,38.69,6.07,5.99,25.17,50.09,0,1,0,0,0
2026-01-01T01:04:34Z,compressor_trip,COMP_TRIP,-8.5,39.74,40.33,38.0,5.87,5.99,25.38,49.95,0,1,0,0,0
2026-01-01T01:04:35Z,compressor_trip,COMP_TRIP,29.9,40.03,39.99,38.18,5.83,6.0,25.43,50.01,0,1,0,0,0
2026-01-01T01:04:36Z,compressor_trip,COMP_TRIP,-9.5,40.03,39.73,38.9,5.97,6.05,25.28,49.95,0,1,0,0,0
2026-01-01T01:04:37Z,compressor_trip,COMP_TRIP,-6.2,39.93,39.02,38.04,6.02,5.86,25.58,49.98,0,1,0,0,0
2026-01-01T01:04:38Z,compressor_trip,COMP_TRIP,-5.1,39.82,38.77,38.22,6.21,5.81,25.25,49.98,0,1,0,0,0
2026-01-01T01:04:39Z,compressor_trip,COMP_TRIP,4.2,40.01,39.4,39.05,5.87,5.96,25.48,50.03,0,1,0,0,0
2026-01-01T01:04:40Z,compressor_trip,COMP_TRIP,0.8,40.06,39.87,38.49,5.95,5.96,25.37,49.97,0,1,0,0,0
2026-01-01T01:04:41Z,compressor_trip,COMP_TRIP,2.7,40.25,40.03,39.06,6.0,6.01,25.37,49.97,0,1,0,0,0
2026-01-01T01:04:42Z,compressor_trip,COMP_TRIP,-10.1,39.92,40.35,39.04,6.12,5.96,25.32,49.96,0,1,0,0,0
2026-01-01T01:04:43Z,compressor_trip,COMP_TRIP,-4.9,40.46,39.17,38.3,5.91,6.06,25.28,50.05,0,1,0,0,0
2026-01-01T01:04:44Z,compressor_trip,COMP_TRIP,-2.8,40.38,40.04,38.45,6.01,6.12,25.5,50.02,0,1,0,0,0
2026-01-01T01:04:45Z,compressor_trip,COMP_TRIP,-0.5,39.8,39.89,38.79,5.99,5.9,25.43,50.01,0,1,0,0,0
2026-01-01T01:04:46Z,compressor_trip,COMP_TRIP,-12.5,40.06,40.09,37.55,6.01,5.87,25.37,50.01,0,1,0,0,0
2026-01-01T01:04:47Z,compressor_trip,COMP_TRIP,-12.1,39.84,39.25,38.31,5.9,5.97,25.5,49.97,0,1,0,0,0
2026-01-01T01:04:48Z,compressor_trip,COMP_TRIP,-7.9,39.93,39.27,38.28,5.92,6.23,25.35,50.05,0,1,0,0,0
2026-01-01T01:04:49Z,compressor_trip,COMP_TRIP,12.9,39.97,39.89,38.04,6.03,5.92,25.38,50.02,0,1,0,0,0
2026-01-01T01:04:50Z,compressor_trip,COMP_TRIP,8.5,40.22,40.29,38.42,5.87,6.12,25.48,49.9,0,1,0,0,0
2026-01-01T01:04:51Z,compressor_trip,COMP_TRIP,16.8,39.86,39.86,39.64,5.92,6.07,25.59,50.0,0,1,0,0,0
2026-01-01T01:04:52Z,compressor_trip,COMP_TRIP,4.9,39.97,40.32,38.37,6.11,6.13,25.57,50.06,0,1,0,0,0
2026-01-01T01:04:53Z,compressor_trip,COMP_TRIP,-16.0,39.56,39.76,38.09,5.95,5.98,25.54,49.98,0,1,0,0,0
2026-01-01T01:04:54Z,compressor_trip,COMP_TRIP,3.0,40.22,39.63,38.26,6.15,5.98,25.6,50.02,0,1,0,0,0
2026-01-01T01:04:55Z,compressor_trip,COMP_TRIP,-8.4,40.01,40.45,37.99,5.95,6.1,25.57,50.01,0,1,0,0,0
2026-01-01T01:04:56Z,compressor_trip,COMP_TRIP,-6.4,40.23,39.57,37.38,5.92,6.15,25.43,49.94,0,1,0,0,0
2026-01-01T01:04:57Z,compressor_trip,COMP_TRIP,-8.9,39.69,39.38,39.05,5.87,6.0,25.72,50.0,0,1,0,0,0
2026-01-01T01:04:58Z,compressor_trip,COMP_TRIP,-10.2,40.33,40.34,38.77,6.0,5.85,25.51,50.04,0,1,0,0,0
2026-01-01T01:04:59Z,compressor_trip,COMP_TRIP,-5.6,39.92,39.69,38.58,5.91,6.02,25.72,50.08,0,1,0,0,0
2026-01-01T01:05:00Z,compressor_trip,COMP_TRIP,-12.7,40.33,40.1,38.1,6.05,6.02,25.65,49.99,0,1,0,0,0
2026-01-01T01:05:01Z,compressor_trip,COMP_TRIP,-10.3,40.08,40.39,38.68,6.08,6.03,25.51,49.98,0,1,0,0,0
2026-01-01T01:05:02Z,compressor_trip,COMP_TRIP,9.1,39.97,40.1,38.36,5.95,6.08,25.6,50.02,0,1,0,0,0
2026-01-01T01:05:03Z,compressor_trip,COMP_TRIP,9.1,39.83,40.2,38.47,5.99,6.06,25.57,50.03,0,1,0,0,0
2026-01-01T01:05:04Z,compressor_trip,COMP_TRIP,-18.6,39.85,39.48,38.48,5.98,5.93,25.65,49.94,0,1,0,0,0
2026-01-01T01:05:05Z,compressor_trip,COMP_TRIP,-1.1,39.94,39.94,38.74,5.99,6.0,25.84,50.04,0,1,0,0,0
2026-01-01T01:05:06Z,compressor_trip,COMP_TRIP,4.3,39.74,40.82,38.84,6.09,6.03,25.6,50.01,0,1,0,0,0
2026-01-01T01:05:07Z,compressor_trip,COMP_TRIP,-1.2,40.22,40.46,37.66,6.11,5.94,25.58,49.95,0,1,0,0,0
2026-01-01T01:05:08Z,compressor_trip,COMP_TRIP,-7.3,39.9,40.07,38.47,6.06,6.13,25.35,50.05,0,1,0,0,0
2026-01-01T01:05:09Z,compressor_trip,COMP_TRIP,2.2,39.87,40.49,38.06,6.03,6.08,25.68,49.95,0,1,0,0,0
2026-01-01T01:05:10Z,compressor_trip,COMP_TRIP,-21.1,40.06,39.95,38.15,6.04,6.01,25.55,49.98,0,1,0,0,0
2026-01-01T01:05:11Z,compressor_trip,COMP_TRIP,4.2,39.93,39.46,38.79,5.96,6.18,25.63,50.05,0,1,0,0,0
2026-01-01T01:05:12Z,compressor_trip,COMP_TRIP,-2.2,40.21,40.28,38.34,5.99,6.04,25.66,50.03,0,1,0,0,0
2026-01-01T01:05:13Z,compressor_trip,COMP_TRIP,1.9,39.88,39.59,38.61,6.04,5.95,25.62,50.02,0,1,0,0,0
2026-01-01T01:05:14Z,compressor_trip,COMP_TRIP,-8.0,40.1,39.48,38.37,6.07,6.09,25.59,50.02,0,1,0,0,0
2026-01-01T01:05:15Z,compressor_trip,COMP_TRIP,-5.3,40.03,40.35,38.52,5.92,5.92,25.73,50.02,0,1,0,0,0
2026-01-01T01:05:16Z,compressor_trip,COMP_TRIP,-0.5,40.02,40.36,38.1,6.0,5.81,25.59,49.95,0,1,0,0,0
2026-01-01T01:05:17Z,compressor_trip,COMP_TRIP,-10.5,40.02,40.56,38.41,6.03,6.02,25.7,50.07,0,1,0,0,0
2026-01-01T01:05:18Z,compressor_trip,COMP_TRIP,8.3,40.11,40.46,37.91,6.1,5.75,25.52,50.07,0,1,0,0,0
2026-01-01T01:05:19Z,compressor_trip,COMP_TRIP,-6.4,39.93,39.88,38.06,5.93,5.93,25.49,49.98,0,1,0,0,0
2026-01-01T01:05:20Z,compressor_trip,COMP_TRIP,-8.0,39.5,40.36,38.02,5.97,6.01,25.58,50.01,0,1,0,0,0
2026-01-01T01:05:21Z,compressor_trip,COMP_TRIP,2.9,40.08,39.87,38.38,5.99,6.1,25.65,50.08,0,1,0,0,0
2026-01-01T01:05:22Z,compressor_trip,COMP_TRIP,3.0,39.73,39.67,37.65,5.95,5.98,25.7,50.0,0,1,0,0,0
2026-01-01T01:05:23Z,compressor_trip,COMP_TRIP,3.4,39.57,39.81,38.78,5.83,6.0,25.79,50.04,0,1,0,0,0
2026-01-01T01:05:24Z,compressor_trip,COMP_TRIP,3.6,40.19,39.75,38.68,6.07,5.99,25.69,50.04,0,1,0,0,0
2026-01-01T01:05:25Z,compressor_trip,COMP_TRIP,-2.5,39.81,39.82,38.93,6.01,5.99,25.78,49.9,0,1,0,0,0
2026-01-01T01:05:26Z,compressor_trip,COMP_TRIP,12.6,40.23,39.95,38.95,5.86,6.05,25.8,50.07,0,1,0,0,0
2026-01-01T01:05:27Z,compressor_trip,COMP_TRIP,26.0,40.04,39.98,38.58,6.04,5.92,25.66,49.93,0,1,0,0,0
2026-01-01T01:05:28Z,compressor_trip,COMP_TRIP,-14.3,39.9,40.34,37.46,6.12,5.93,25.6,49.98,0,1,0,0,0
2026-01-01T01:05:29Z,compressor_trip,COMP_TRIP,-18.2,40.12,39.53,38.28,6.08,6.06,25.68,50.0,0,1,0,0,0
2026-01-01T01:05:30Z,compressor_trip,COMP_TRIP,-9.2,39.86,39.91,37.09,6.01,5.93,25.72,49.98,0,1,0,0,0
2026-01-01T01:05:31Z,compressor_trip,COMP_TRIP,8.6,40.06,39.39,39.11,6.08,6.05,25.73,49.97,0,1,0,0,0
2026-01-01T01:05:32Z,compressor_trip,COMP_TRIP,-0.8,39.92,38.62,37.54,5.9,6.1,25.86,50.01,0,1,0,0,0
2026-01-01T01:05:33Z,compressor_trip,COMP_TRIP,6.5,39.71,40.45,38.52,5.97,5.86,25.92,49.96,0,1,0,0,0
2026-01-01T01:05:34Z,compressor_trip,COMP_TRIP,13.1,39.51,39.83,38.69,6.06,5.91,25.64,49.92,0,1,0,0,0
2026-01-01T01:05:35Z,compressor_trip,COMP_TRIP,20.0,39.98,40.39,38.42,6.01,6.01,25.61,49.98,0,1,0,0,0
2026-01-01T01:05:36Z,compressor_trip,COMP_TRIP,-13.0,40.13,39.9,37.86,5.84,5.91,25.61,50.04,0,1,0,0,0
2026-01-01T01:05:37Z,compressor_trip,COMP_TRIP,18.7,39.95,39.52,37.66,6.02,5.97,25.65,49.98,0,1,0,0,0
2026-01-01T01:05:38Z,compressor_trip,COMP_TRIP,10.9,39.75,40.67,38.51,6.07,5.97,25.84,49.94,0,1,0,0,0
2026-01-01T01:05:39Z,compressor_trip,COMP_TRIP,7.4,40.07,39.17,38.0,6.1,6.05,25.83,50.01,0,1,0,0,0
2026-01-01T01:05:40Z,compressor_trip,COMP_TRIP,10.1,40.23,39.69,37.87,5.89,6.16,25.7,49.93,0,1,0,0,0
2026-01-01T01:05:41Z,compressor_trip,COMP_TRIP,-18.1,40.09,40.52,37.69,6.13,6.08,25.63,50.02,0,1,0,0,0
2026-01-01T01:05:42Z,compressor_trip,COMP_TRIP,-20.6,39.98,40.52,38.78,5.87,6.06,25.77,49.89,0,1,0,0,0
2026-01-01T01:05:43Z,compressor_trip,COMP_TRIP,-0.8,40.04,39.66,38.42,5.94,6.12,25.66,50.06,0,1,0,0,0
2026-01-01T01:05:44Z,compressor_trip,COMP_TRIP,-12.0,39.44,40.12,38.14,5.89,6.15,25.95,49.89,0,1,0,0,0
2026-01-01T01:05:45Z,compressor_trip,COMP_TRIP,-5.0,40.11,40.85,37.98,6.13,5.94,25.86,49.92,0,1,0,0,0
2026-01-01T01:05:46Z,compressor_trip,COMP_TRIP,2.8,39.73,39.91,38.53,5.93,6.08,25.81,49.9,0,1,0,0,0
2026-01-01T01:05:47Z,compressor_trip,COMP_TRIP,-1.8,39.8,39.53,38.48,6.04,6.04,25.94,50.05,0,1,0,0,0
2026-01-01T01:05:48Z,compressor_trip,COMP_TRIP,-0.8,40.22,40.58,38.33,5.92,5.94,26.05,49.99,0,1,0,0,0
2026-01-01T01:05:49Z,compressor_trip,COMP_TRIP,-12.0,39.58,39.76,38.05,5.91,5.98,25.73,49.96,0,1,0,0,0
2026-01-01T01:05:50Z,compressor_trip,COMP_TRIP,0.1,39.87,40.08,38.51,6.06,6.03,25.77,49.9,0,1,0,0,0
2026-01-01T01:05:51Z,compressor_trip,COMP_TRIP,-11.7,40.12,40.54,39.13,6.03,6.03,25.73,50.03,0,1,0,0,0
2026-01-01T01:05:52Z,compressor_trip,COMP_TRIP,3.6,40.18,39.85,38.09,6.15,6.08,25.78,50.0,0,1,0,0,0
2026-01-01T01:05:53Z,compressor_trip,COMP_TRIP,-4.3,40.18,40.6,39.06,5.98,5.89,25.87,50.04,0,1,0,0,0
2026-01-01T01:05:54Z,compressor_trip,COMP_TRIP,-5.1,40.18,40.13,38.64,5.92,5.85,25.94,49.99,0,1,0,0,0
2026-01-01T01:05:55Z,compressor_trip,COMP_TRIP,-4.9,40.0,39.53,38.22,6.08,5.89,25.84,50.05,0,1,0,0,0
2026-01-01T01:05:56Z,compressor_trip,COMP_TRIP,-12.4,40.08,40.13,38.62,5.96,5.98,25.8,49.95,0,1,0,0,0
2026-01-01T01:05:57Z,compressor_trip,COMP_TRIP,-11.9,40.4,40.17,37.78,5.97,6.16,25.93,49.96,0,1,0,0,0
2026-01-01T01:05:58Z,compressor_trip,COMP_TRIP,0.7,39.71,39.48,39.59,5.96,5.89,25.69,50.01,0,1,0,0,0
2026-01-01T01:05:59Z,compressor_trip,COMP_TRIP,7.4,40.08,40.23,38.52,5.97,6.08,25.85,50.04,0,1,0,0,0
2026-01-01T01:06:00Z,compressor_trip,COMP_TRIP,-15.4,39.99,40.41,38.59,5.88,6.16,26.06,50.1,0,1,0,0,0
2026-01-01T01:06:01Z,compressor_trip,COMP_TRIP,7.6,40.23,39.19,38.32,6.05,6.12,25.97,49.96,0,1,0,0,0
2026-01-01T01:06:02Z,compressor_trip,COMP_TRIP,-6.2,40.17,40.28,38.14,6.01,6.04,25.7,49.98,0,1,0,0,0
2026-01-01T01:06:03Z,compressor_trip,COMP_TRIP,7.0,39.47,40.22,37.82,5.95,6.09,25.92,49.96,0,1,0,0,0
2026-01-01T01:06:04Z,compressor_trip,COMP_TRIP,12.7,39.87,39.87,39.29,6.15,6.06,25.98,50.0,0,1,0,0,0
2026-01-01T01:06:05Z,compressor_trip,COMP_TRIP,-16.6,40.03,39.31,38.51,5.89,6.16,26.06,50.09,0,1,0,0,0
2026-01-01T01:06:06Z,compressor_trip,COMP_TRIP,19.5,40.0,40.18,37.84,6.1,5.9,25.75,49.92,0,1,0,0,0
2026-01-01T01:06:07Z,compressor_trip,COMP_TRIP,-4.4,39.89,40.54,39.2,5.95,5.95,25.7,50.04,0,1,0,0,0
2026-01-01T01:06:08Z,compressor_trip,COMP_TRIP,2.1,40.17,39.29,38.39,6.07,6.05,25.75,50.0,0,1,0,0,0
2026-01-01T01:06:09Z,compressor_trip,COMP_TRIP,-2.9,40.18,40.21,38.47,6.1,5.99,26.06,49.91,0,1,0,0,0
2026-01-01T01:06:10Z,compressor_trip,COMP_TRIP,3.4,40.11,40.22,38.01,5.95,6.09,26.07,50.09,0,1,0,0,0
2026-01-01T01:06:11Z,compressor_trip,COMP_TRIP,18.3,39.91,39.79,38.72,5.88,6.1,26.03,50.06,0,1,0,0,0
2026-01-01T01:06:12Z,compressor_trip,COMP_TRIP,-0.8,39.99,40.11,38.22,5.86,6.05,25.98,50.05,0,1,0,0,0
2026-01-01T01:06:13Z,compressor_trip,COMP_TRIP,19.1,39.77,40.36,37.32,6.04,5.93,25.91,49.93,0,1,0,0,0
2026-01-01T01:06:14Z,compressor_trip,COMP_TRIP,3.1,40.02,40.29,37.3,5.71,5.95,26.1,50.02,0,1,0,0,0
2026-01-01T01:06:15Z,compressor_trip,COMP_TRIP,0.7,39.91,40.1,38.65,5.99,6.17,26.04,50.02,0,1,0,0,0
2026-01-01T01:06:16Z,compressor_trip,COMP_TRIP,5.1,39.94,39.61,37.97,5.92,6.06,26.12,50.02,0,1,0,0,0
2026-01-01T01:06:17Z,compressor_trip,COMP_TRIP,-13.6,40.12,40.7,38.82,6.07,5.96,26.05,50.07,0,1,0,0,0
2026-01-01T01:06:18Z,compressor_trip,COMP_TRIP,-8.7,40.08,40.09,38.14,5.87,6.2,26.01,49.98,0,1,0,0,0
2026-01-01T01:06:19Z,compressor_trip,COMP_TRIP,12.8,39.83,40.46,37.96,5.87,6.05,25.93,49.93,0,1,0,0,0
2026-01-01T01:06:20Z,compressor_trip,COMP_TRIP,-12.3,39.92,39.91,38.1,6.04,5.87,26.1,50.08,0,1,0,0,0
2026-01-01T01:06:21Z,compressor_trip,COMP_TRIP,9.3,39.78,40.33,38.65,5.8,5.91,26.01,50.02,0,1,0,0,0
2026-01-01T01:06:22Z,compressor_trip,COMP_TRIP,0.9,40.01,40.79,38.86,6.15,5.96,25.92,50.04,0,1,0,0,0
2026-01-01T01:06:23Z,compressor_trip,COMP_TRIP,1.9,40.09,40.32,37.99,6.12,6.18,26.12,49.92,0,1,0,0,0
2026-01-01T01:06:24Z,compressor_trip,COMP_TRIP,10.7,40.04,40.22,38.22,5.91,5.92,26.01,50.04,0,1,0,0,0
2026-01-01T01:06:25Z,compressor_trip,COMP_TRIP,-8.7,39.84,40.48,38.28,5.94,6.06,26.15,50.03,0,1,0,0,0
2026-01-01T01:06:26Z,compressor_trip,COMP_TRIP,-23.1,40.11,39.69,38.18,5.84,6.14,25.98,50.06,0,1,0,0,0
2026-01-01T01:06:27Z,compressor_trip,COMP_TRIP,8.3,40.12,40.74,38.19,5.7,5.85,26.11,49.99,0,1,0,0,0
2026-01-01T01:06:28Z,compressor_trip,COMP_TRIP,2.9,40.08,39.4,37.53,6.03,6.02,26.04,50.02,0,1,0,0,0
2026-01-01T01:06:29Z,compressor_trip,COMP_TRIP,8.1,40.12,40.61,37.81,6.06,5.95,26.09,50.03,0,1,0,0,0
2026-01-01T01:06:30Z,compressor_trip,COMP_TRIP,-0.3,39.97,40.73,39.13,6.16,5.84,25.88,50.07,0,1,0,0,0
2026-01-01T01:06:31Z,compressor_trip,COMP_TRIP,-4.1,40.01,40.04,39.27,6.05,6.0,26.08,50.09,0,1,0,0,0
2026-01-01T01:06:32Z,compressor_trip,COMP_TRIP,0.4,39.85,40.03,38.92,6.06,5.83,26.05,50.0,0,1,0,0,0
2026-01-01T01:06:33Z,compressor_trip,COMP_TRIP,2.0,39.72,39.92,37.68,5.9,5.89,25.98,49.97,0,1,0,0,0
2026-01-01T01:06:34Z,compressor_trip,COMP_TRIP,-14.0,39.66,39.55,38.62,5.97,6.01,25.89,49.98,0,1,0,0,0
2026-01-01T01:06:35Z,compressor_trip,COMP_TRIP,7.6,39.83,40.09,38.51,5.96,5.95,26.06,50.07,0,1,0,0,0
2026-01-01T01:06:36Z,compressor_trip,COMP_TRIP,18.7,40.05,39.67,37.42,5.97,6.03,26.03,49.92,0,1,0,0,0
2026-01-01T01:06:37Z,compressor_trip,COMP_TRIP,0.4,39.68,38.88,38.45,5.98,6.11,26.2,49.99,0,1,0,0,0
2026-01-01T01:06:38Z,compressor_trip,COMP_TRIP,3.8,40.17,40.4,38.05,6.11,5.72,26.05,49.98,0,1,0,0,0
2026-01-01T01:06:39Z,compressor_trip,COMP_TRIP,15.5,40.64,39.26,38.72,6.0,5.84,26.04,49.98,0,1,0,0,0
2026-01-01T01:06:40Z,compressor_trip,COMP_TRIP,5.0,40.23,40.5,38.78,6.03,5.89,26.16,50.05,0,1,0,0,0
2026-01-01T01:06:41Z,compressor_trip,COMP_TRIP,5.3,40.28,40.48,39.22,5.9,5.97,26.33,50.01,0,1,0,0,0
2026-01-01T01:06:42Z,compressor_trip,COMP_TRIP,-0.2,39.94,40.43,39.33,5.87,6.18,26.14,49.96,0,1,0,0,0
2026-01-01T01:06:43Z,compressor_trip,COMP_TRIP,-13.5,39.96,39.83,38.31,6.09,6.05,26.08,49.98,0,1,0,0,0
2026-01-01T01:06:44Z,compressor_trip,COMP_TRIP,5.7,40.06,40.0,39.18,5.98,5.91,26.26,49.87,0,1,0,0,0
2026-01-01T01:06:45Z,compressor_trip,COMP_TRIP,0.8,40.0,39.95,38.41,5.79,5.92,26.26,49.96,0,1,0,0,0
2026-01-01T01:06:46Z,compressor_trip,COMP_TRIP,-7.4,39.77,40.13,37.91,6.02,5.89,26.0,50.0,0,1,0,0,0
2026-01-01T01:06:47Z,compressor_trip,COMP_TRIP,-14.7,40.17,40.09,39.56,6.08,5.8,26.07,50.05,0,1,0,0,0
2026-01-01T01:06:48Z,compressor_trip,COMP_TRIP,5.6,39.77,39.97,38.0,6.1,6.19,26.09,49.98,0,1,0,0,0
2026-01-01T01:06:49Z,compressor_trip,COMP_TRIP,6.4,40.36,40.05,38.52,5.98,6.03,26.13,50.06,0,1,0,0,0
2026-01-01T01:06:50Z,compressor_trip,COMP_TRIP,4.0,40.3,40.64,38.93,6.04,5.98,26.08,49.97,0,1,0,0,0
2026-01-01T01:06:51Z,compressor_trip,COMP_TRIP,-8.2,40.25,40.9,38.27,5.91,6.04,26.1,50.05,0,1,0,0,0
2026-01-01T01:06:52Z,compressor_trip,COMP_TRIP,8.5,39.94,40.18,38.43,6.02,6.21,26.23,49.98,0,1,0,0,0
2026-01-01T01:06:53Z,compressor_trip,COMP_TRIP,-0.7,40.21,39.71,37.48,6.03,5.89,26.22,50.0,0,1,0,0,0
2026-01-01T01:06:54Z,compressor_trip,COMP_TRIP,-5.2,39.6,40.14,38.13,5.92,5.91,26.22,50.02,0,1,0,0,0
2026-01-01T01:06:55Z,compressor_trip,COMP_TRIP,16.4,40.14,39.31,38.29,5.97,5.84,26.08,50.08,0,1,0,0,0
2026-01-01T01:06:56Z,compressor_trip,COMP_TRIP,-7.5,39.71,40.26,38.05,6.12,6.14,26.26,50.01,0,1,0,0,0
2026-01-01T01:06:57Z,compressor_trip,COMP_TRIP,-0.1,39.51,39.25,38.79,5.82,6.0,26.29,50.02,0,1,0,0,0
2026-01-01T01:06:58Z,compressor_trip,COMP_TRIP,3.7,39.89,40.24,38.39,6.12,6.01,26.0,50.08,0,1,0,0,0
2026-01-01T01:06:59Z,compressor_trip,COMP_TRIP,10.0,40.07,40.09,37.53,5.93,5.96,26.23,49.99,0,1,0,0,0
2026-01-01T01:07:00Z,compressor_trip,COMP_TRIP,4.8,39.77,39.9,38.39,5.98,5.92,26.38,49.98,0,1,0,0,0
2026-01-01T01:07:01Z,compressor_trip,COMP_TRIP,-9.8,39.6,40.41,38.83,5.95,6.15,26.28,50.0,0,1,0,0,0
2026-01-01T01:07:02Z,compressor_trip,COMP_TRIP,11.6,40.07,40.18,38.37,5.93,5.92,26.07,50.03,0,1,0,0,0
2026-01-01T01:07:03Z,compressor_trip,COMP_TRIP,6.1,40.32,39.87,39.07,5.78,6.03,26.39,50.0,0,1,0,0,0
2026-01-01T01:07:04Z,compressor_trip,COMP_TRIP,7.9,39.96,39.54,37.82,5.99,6.16,26.23,50.02,0,1,0,0,0
2026-01-01T01:07:05Z,compressor_trip,COMP_TRIP,9.1,40.05,40.62,37.74,5.97,6.1,26.38,50.03,0,1,0,0,0
2026-01-01T01:07:06Z,compressor_trip,COMP_TRIP,3.9,40.07,39.77,38.79,6.0,5.87,26.37,50.06,0,1,0,0,0
2026-01-01T01:07:07Z,compressor_trip,COMP_TRIP,2.2,39.28,39.9,38.16,6.03,6.25,26.09,50.05,0,1,0,0,0
2026-01-01T01:07:08Z,compressor_trip,COMP_TRIP,-1.9,39.9,40.42,38.65,6.03,5.85,26.31,49.94,0,1,0,0,0
2026-01-01T01:07:09Z,compressor_trip,COMP_TRIP,1.3,39.52,39.25,38.13,6.15,5.9,26.16,50.0,0,1,0,0,0
2026-01-01T01:07:10Z,compressor_trip,COMP_TRIP,-8.9,40.07,40.54,38.63,5.96,6.01,26.31,49.93,0,1,0,0,0
2026-01-01T01:07:11Z,compressor_trip,COMP_TRIP,23.0,40.27,40.09,38.94,5.96,5.96,26.26,50.06,0,1,0,0,0
2026-01-01T01:07:12Z,compressor_trip,COMP_TRIP,9.2,40.05,39.63,38.17,5.99,5.9,26.1,49.99,0,1,0,0,0
2026-01-01T01:07:13Z,compressor_trip,COMP_TRIP,-10.8,39.72,40.17,38.09,6.1,6.08,26.25,49.95,0,1,0,0,0
2026-01-01T01:07:14Z,compressor_trip,COMP_TRIP,14.4,39.95,40.15,37.61,6.14,6.03,26.32,49.96,0,1,0,0,0
2026-01-01T01:07:15Z,compressor_trip,COMP_TRIP,-8.7,40.02,39.84,38.69,5.84,5.93,26.22,49.99,0,1,0,0,0
2026-01-01T01:07:16Z,compressor_trip,COMP_TRIP,-8.4,39.73,41.05,38.62,6.06,5.88,26.32,49.93,0,1,0,0,0
2026-01-01T01:07:17Z,compressor_trip,COMP_TRIP,-14.2,40.1,39.95,38.51,5.9,6.06,26.44,49.91,0,1,0,0,0
2026-01-01T01:07:18Z,compressor_trip,COMP_TRIP,27.4,40.03,39.91,37.12,6.08,6.04,26.18,50.02,0,1,0,0,0
2026-01-01T01:07:19Z,compressor_trip,COMP_TRIP,6.0,40.28,39.57,39.02,5.95,6.07,26.34,50.04,0,1,0,0,0
2026-01-01T01:07:20Z,compressor_trip,COMP_TRIP,-3.4,40.33,40.82,38.59,6.14,5.92,26.28,49.95,0,1,0,0,0
2026-01-01T01:07:21Z,compressor_trip,COMP_TRIP,-3.8,39.78,38.68,38.19,5.83,5.89,26.2,49.92,0,1,0,0,0
2026-01-01T01:07:22Z,compressor_trip,COMP_TRIP,17.8,40.41,40.9,39.1,5.99,5.89,26.43,50.06,0,1,0,0,0
2026-01-01T01:07:23Z,compressor_trip,COMP_TRIP,1.9,39.98,40.02,37.97,6.0,5.96,26.39,50.02,0,1,0,0,0
2026-01-01T01:07:24Z,compressor_trip,COMP_TRIP,-12.5,40.18,39.61,38.83,5.93,5.8,26.3,50.12,0,1,0,0,0
2026-01-01T01:07:25Z,compressor_trip,COMP_TRIP,15.2,40.04,39.8,38.89,5.88,6.01,26.35,50.04,0,1,0,0,0
2026-01-01T01:07:26Z,compressor_trip,COMP_TRIP,5.0,39.97,39.76,39.3,6.03,5.99,26.35,50.06,0,1,0,0,0
2026-01-01T01:07:27Z,compressor_trip,COMP_TRIP,-4.9,40.02,40.25,38.42,5.83,6.04,26.37,50.03,0,1,0,0,0
2026-01-01T01:07:28Z,compressor_trip,COMP_TRIP,-3.0,40.01,39.91,38.81,6.01,5.98,26.37,50.04,0,1,0,0,0
2026-01-01T01:07:29Z,compressor_trip,COMP_TRIP,-7.5,40.15,38.48,38.11,6.1,5.9,26.36,50.09,0,1,0,0,0
2026-01-01T01:07:30Z,compressor_trip,COMP_TRIP,-7.2,39.7,39.89,38.27,6.02,5.93,26.56,49.99,0,1,0,0,0
2026-01-01T01:07:31Z,compressor_trip,COMP_TRIP,-12.6,40.1,39.93,37.24,5.93,5.97,26.41,49.98,0,1,0,0,0
2026-01-01T01:07:32Z,compressor_trip,COMP_TRIP,-8.0,40.03,39.77,38.36,6.06,5.97,26.47,50.03,0,1,0,0,0
2026-01-01T01:07:33Z,compressor_trip,COMP_TRIP,7.4,39.98,40.01,39.32,6.14,5.93,26.41,49.98,0,1,0,0,0
2026-01-01T01:07:34Z,compressor_trip,COMP_TRIP,1.4,39.88,39.86,38.55,6.01,5.97,26.4,50.04,0,1,0,0,0
2026-01-01T01:07:35Z,compressor_trip,COMP_TRIP,0.4,39.84,39.96,38.11,6.14,5.88,26.38,50.0,0,1,0,0,0
2026-01-01T01:07:36Z,compressor_trip,COMP_TRIP,10.0,39.52,39.87,38.08,6.03,6.03,26.37,49.98,0,1,0,0,0
2026-01-01T01:07:37Z,compressor_trip,COMP_TRIP,13.3,40.26,39.96,39.11,6.14,6.12,26.52,49.96,0,1,0,0,0
2026-01-01T01:07:38Z,compressor_trip,COMP_TRIP,1.5,40.01,40.65,38.89,5.96,5.95,26.43,49.95,0,1,0,0,0
2026-01-01T01:07:39Z,compressor_trip,COMP_TRIP,2.7,40.06,39.82,38.05,5.94,5.92,26.55,49.97,0,1,0,0,0
2026-01-01T01:07:40Z,compressor_trip,COMP_TRIP,15.7,39.89,39.78,38.65,5.99,6.05,26.43,49.98,0,1,0,0,0
2026-01-01T01:07:41Z,compressor_trip,COMP_TRIP,2.4,39.92,39.71,37.72,5.89,5.89,26.37,50.08,0,1,0,0,0
2026-01-01T01:07:42Z,compressor_trip,COMP_TRIP,-13.3,40.16,39.05,38.19,5.97,6.06,26.46,49.83,0,1,0,0,0
2026-01-01T01:07:43Z,compressor_trip,COMP_TRIP,-10.8,40.49,39.79,38.55,5.94,5.93,26.36,49.99,0,1,0,0,0
2026-01-01T01:07:44Z,compressor_trip,COMP_TRIP,-14.0,39.76,39.28,37.31,6.03,6.06,26.48,50.06,0,1,0,0,0
2026-01-01T01:07:45Z,compressor_trip,COMP_TRIP,-15.6,39.79,39.23,38.35,6.16,5.95,26.3,49.93,0,1,0,0,0
2026-01-01T01:07:46Z,compressor_trip,COMP_TRIP,5.7,40.21,39.41,39.38,5.97,6.0,26.3,50.0,0,1,0,0,0
2026-01-01T01:07:47Z,compressor_trip,COMP_TRIP,13.0,40.16,40.72,37.82,6.03,5.91,26.5,49.91,0,1,0,0,0
2026-01-01T01:07:48Z,compressor_trip,COMP_TRIP,8.0,39.9,39.85,39.16,5.89,6.01,26.41,50.11,0,1,0,0,0
2026-01-01T01:07:49Z,compressor_trip,COMP_TRIP,-7.2,39.94,39.89,38.33,5.84,6.08,26.48,50.0,0,1,0,0,0
2026-01-01T01:07:50Z,compressor_trip,COMP_TRIP,-18.5,39.83,40.44,38.17,5.95,5.99,26.46,49.94,0,1,0,0,0
2026-01-01T01:07:51Z,compressor_trip,COMP_TRIP,6.2,39.66,39.33,38.41,6.04,5.82,26.27,49.96,0,1,0,0,0
2026-01-01T01:07:52Z,compressor_trip,COMP_TRIP,9.6,39.78,39.52,38.85,6.01,6.02,26.49,49.99,0,1,0,0,0
2026-01-01T01:07:53Z,compressor_trip,COMP_TRIP,5.2,40.16,40.17,37.97,6.03,6.1,26.57,50.03,0,1,0,0,0
2026-01-01T01:07:54Z,compressor_trip,COMP_TRIP,-27.7,39.72,40.56,37.67,6.09,6.11,26.48,50.01,0,1,0,0,0
2026-01-01T01:07:55Z,compressor_trip,COMP_TRIP,-9.3,39.92,40.49,38.96,6.04,5.97,26.42,50.0,0,1,0,0,0
2026-01-01T01:07:56Z,compressor_trip,COMP_TRIP,-6.8,39.68,40.1,38.87,5.96,5.94,26.43,49.93,0,1,0,0,0
2026-01-01T01:07:57Z,compressor_trip,COMP_TRIP,-6.5,39.92,39.6,37.95,5.76,5.95,26.6,49.98,0,1,0,0,0
2026-01-01T01:07:58Z,compressor_trip,COMP_TRIP,-5.2,39.95,40.47,38.16,6.03,5.89,26.61,49.97,0,1,0,0,0
2026-01-01T01:07:59Z,compressor_trip,COMP_TRIP,-1.4,39.82,40.2,37.75,6.0,5.91,26.37,49.93,0,1,0,0,0
2026-01-01T01:08:00Z,compressor_trip,COMP_TRIP,-2.2,39.59,40.37,39.11,5.98,5.88,26.62,49.95,0,1,0,0,0
2026-01-01T01:08:01Z,compressor_trip,COMP_TRIP,11.7,39.73,39.78,38.49,6.03,6.19,26.59,49.98,0,1,0,0,0
2026-01-01T01:08:02Z,compressor_trip,COMP_TRIP,6.9,40.02,40.49,38.29,5.97,5.95,26.43,50.04,0,1,0,0,0
2026-01-01T01:08:03Z,compressor_trip,COMP_TRIP,6.9,39.92,40.73,38.54,6.08,5.99,26.6,49.98,0,1,0,0,0
2026-01-01T01:08:04Z,compressor_trip,COMP_TRIP,-2.7,40.06,39.66,38.28,6.04,6.02,26.54,50.0,0,1,0,0,0
2026-01-01T01:08:05Z,compressor_trip,COMP_TRIP,13.3,40.3,40.54,38.98,6.06,6.1,26.44,49.94,0,1,0,0,0
2026-01-01T01:08:06Z,compressor_trip,COMP_TRIP,-5.0,40.16,40.31,37.28,6.24,5.97,26.32,50.04,0,1,0,0,0
2026-01-01T01:08:07Z,compressor_trip,COMP_TRIP,-10.0,40.11,39.95,38.74,6.04,6.15,26.57,50.08,0,1,0,0,0
2026-01-01T01:08:08Z,compressor_trip,COMP_TRIP,13.8,39.41,39.22,38.62,6.07,6.08,26.68,49.98,0,1,0,0,0
2026-01-01T01:08:09Z,compressor_trip,COMP_TRIP,1.6,39.74,41.11,39.01,6.01,6.01,26.46,50.04,0,1,0,0,0
2026-01-01T01:08:10Z,compressor_trip,COMP_TRIP,0.2,39.93,40.24,39.06,6.0,6.34,26.3,49.98,0,1,0,0,0
2026-01-01T01:08:11Z,compressor_trip,COMP_TRIP,-16.0,39.85,41.12,38.19,5.89,6.17,26.75,50.04,0,1,0,0,0
2026-01-01T01:08:12Z,compressor_trip,COMP_TRIP,-4.8,40.01,40.31,38.45,5.88,5.95,26.66,50.02,0,1,0,0,0
2026-01-01T01:08:13Z,compressor_trip,COMP_TRIP,17.9,40.07,40.16,38.39,5.86,5.87,26.37,50.02,0,1,0,0,0
2026-01-01T01:08:14Z,compressor_trip,COMP_TRIP,3.9,39.95,40.39,38.82,6.09,6.23,26.72,49.97,0,1,0,0,0
2026-01-01T01:08:15Z,compressor_trip,COMP_TRIP,-3.2,39.99,40.29,38.36,5.95,5.86,26.71,50.0,0,1,0,0,0
2026-01-01T01:08:16Z,compressor_trip,COMP_TRIP,7.4,39.73,39.49,38.32,6.0,6.0,26.63,50.01,0,1,0,0,0
2026-01-01T01:08:17Z,compressor_trip,COMP_TRIP,14.4,40.05,39.0,38.54,6.05,5.98,26.44,49.96,0,1,0,0,0
2026-01-01T01:08:18Z,compressor_trip,COMP_TRIP,-1.2,40.12,39.41,37.99,5.95,6.09,26.66,50.01,0,1,0,0,0
2026-01-01T01:08:19Z,compressor_trip,COMP_TRIP,7.9,40.08,39.37,37.8,5.89,5.89,26.63,49.99,0,1,0,0,0
2026-01-01T01:08:20Z,compressor_trip,COMP_TRIP,-11.3,40.27,40.3,38.46,6.23,6.02,26.56,50.0,0,1,0,0,0
2026-01-01T01:08:21Z,compressor_trip,COMP_TRIP,-0.7,40.01,39.07,37.68,5.98,6.0,26.75,49.98,0,1,0,0,0
2026-01-01T01:08:22Z,compressor_trip,COMP_TRIP,5.1,40.1,40.54,38.48,5.93,5.93,26.53,49.95,0,1,0,0,0
2026-01-01T01:08:23Z,compressor_trip,COMP_TRIP,1.7,39.83,39.81,37.99,6.13,5.99,26.56,49.99,0,1,0,0,0
2026-01-01T01:08:24Z,compressor_trip,COMP_TRIP,-4.3,40.14,40.26,37.93,6.08,5.94,26.5,49.95,0,1,0,0,0
2026-01-01T01:08:25Z,compressor_trip,COMP_TRIP,4.3,40.09,39.59,38.6,5.95,5.99,26.62,49.97,0,1,0,0,0
2026-01-01T01:08:26Z,compressor_trip,COMP_TRIP,-9.4,40.49,40.1,39.03,6.01,5.91,26.85,50.04,0,1,0,0,0
2026-01-01T01:08:27Z,compressor_trip,COMP_TRIP,-0.6,40.2,40.8,39.03,6.0,6.07,26.56,50.1,0,1,0,0,0
2026-01-01T01:08:28Z,compressor_trip,COMP_TRIP,13.6,39.66,40.69,38.94,6.14,5.92,26.7,49.96,0,1,0,0,0
2026-01-01T01:08:29Z,compressor_trip,COMP_TRIP,10.6,39.96,40.5,38.01,6.07,5.93,26.44,49.99,0,1,0,0,0
2026-01-01T01:08:30Z,compressor_trip,COMP_TRIP,19.7,39.83,40.58,38.2,5.87,6.05,26.67,49.99,0,1,0,0,0
2026-01-01T01:08:31Z,compressor_trip,COMP_TRIP,-14.4,40.22,39.34,38.68,6.08,5.99,26.72,50.03,0,1,0,0,0
2026-01-01T01:08:32Z,compressor_trip,COMP_TRIP,1.1,40.26,38.97,38.15,6.02,6.11,26.69,50.01,0,1,0,0,0
2026-01-01T01:08:33Z,compressor_trip,COMP_TRIP,-18.3,39.81,40.63,38.92,5.91,6.12,26.58,50.0,0,1,0,0,0
2026-01-01T01:08:34Z,compressor_trip,COMP_TRIP,22.3,39.65,40.54,38.35,6.11,6.01,26.61,50.06,0,1,0,0,0
2026-01-01T01:08:35Z,compressor_trip,COMP_TRIP,-8.4,39.89,40.54,38.65,5.91,6.03,26.39,49.93,0,1,0,0,0
2026-01-01T01:08:36Z,compressor_trip,COMP_TRIP,17.5,39.75,40.1,38.52,6.17,5.97,26.8,49.98,0,1,0,0,0
2026-01-01T01:08:37Z,compressor_trip,COMP_TRIP,5.6,39.96,41.23,38.02,6.01,5.95,26.52,50.08,0,1,0,0,0
2026-01-01T01:08:38Z,compressor_trip,COMP_TRIP,30.0,39.96,40.21,38.71,6.17,6.03,26.54,50.02,0,1,0,0,0
2026-01-01T01:08:39Z,compressor_trip,COMP_TRIP,-15.6,39.84,40.27,38.64,5.98,5.94,26.68,49.95,0,1,0,0,0
2026-01-01T01:08:40Z,compressor_trip,COMP_TRIP,12.4,40.01,40.0,38.38,6.16,5.84,26.69,49.97,0,1,0,0,0
2026-01-01T01:08:41Z,compressor_trip,COMP_TRIP,-1.8,39.95,40.12,38.36,6.06,5.95,26.79,49.88,0,1,0,0,0
2026-01-01T01:08:42Z,compressor_trip,COMP_TRIP,4.4,39.82,39.85,38.19,5.89,5.99,26.75,49.98,0,1,0,0,0
2026-01-01T01:08:43Z,compressor_trip,COMP_TRIP,10.5,39.83,40.63,37.62,6.06,5.83,26.79,50.01,0,1,0,0,0
2026-01-01T01:08:44Z,compressor_trip,COMP_TRIP,2.9,40.02,38.82,38.41,6.07,6.05,26.69,50.1,0,1,0,0,0
2026-01-01T01:08:45Z,compressor_trip,COMP_TRIP,3.2,40.01,39.88,39.06,5.98,5.85,26.89,49.99,0,1,0,0,0
2026-01-01T01:08:46Z,compressor_trip,COMP_TRIP,-2.1,40.19,39.32,38.68,5.87,5.85,26.6,50.04,0,1,0,0,0
2026-01-01T01:08:47Z,compressor_trip,COMP_TRIP,-3.1,39.8,40.77,37.63,6.12,5.9,26.75,49.91,0,1,0,0,0
2026-01-01T01:08:48Z,compressor_trip,COMP_TRIP,-0.5,39.85,39.58,38.82,5.89,6.05,26.66,50.06,0,1,0,0,0
2026-01-01T01:08:49Z,compressor_trip,COMP_TRIP,-3.7,40.0,40.28,38.92,6.1,5.91,26.7,50.08,0,1,0,0,0
2026-01-01T01:08:50Z,compressor_trip,COMP_TRIP,-9.3,39.86,40.16,38.7,5.99,6.13,26.75,50.01,0,1,0,0,0
2026-01-01T01:08:51Z,compressor_trip,COMP_TRIP,2.0,40.13,40.65,37.71,5.81,5.97,26.75,49.99,0,1,0,0,0
2026-01-01T01:08:52Z,compressor_trip,COMP_TRIP,-2.0,39.98,39.1,38.63,6.06,6.26,26.7,50.0,0,1,0,0,0
2026-01-01T01:08:53Z,compressor_trip,COMP_TRIP,-4.8,39.52,39.95,39.27,5.8,6.11,26.62,50.01,0,1,0,0,0
2026-01-01T01:08:54Z,compressor_trip,COMP_TRIP,3.7,39.86,39.94,37.84,5.97,5.91,26.68,50.05,0,1,0,0,0
2026-01-01T01:08:55Z,compressor_trip,COMP_TRIP,-6.1,39.92,40.2,38.52,5.94,5.85,26.62,50.05,0,1,0,0,0
2026-01-01T01:08:56Z,compressor_trip,COMP_TRIP,-17.6,40.02,39.73,37.93,6.09,5.79,26.78,49.93,0,1,0,0,0
2026-01-01T01:08:57Z,compressor_trip,COMP_TRIP,-14.9,40.26,39.5,38.46,5.95,5.98,26.56,50.0,0,1,0,0,0
2026-01-01T01:08:58Z,compressor_trip,COMP_TRIP,-7.8,40.24,39.63,38.18,6.17,5.84,26.81,50.02,0,1,0,0,0
2026-01-01T01:08:59Z,compressor_trip,COMP_TRIP,-3.3,40.27,39.39,38.33,5.9,5.93,26.84,50.0,0,1,0,0,0
2026-01-01T01:09:00Z,compressor_trip,COMP_TRIP,-2.4,40.15,40.27,38.86,5.95,5.88,26.7,49.95,0,1,0,0,0
2026-01-01T01:09:01Z,compressor_trip,COMP_TRIP,-10.5,39.83,39.15,38.2,6.01,6.12,26.75,49.96,0,1,0,0,0
2026-01-01T01:09:02Z,compressor_trip,COMP_TRIP,16.6,40.14,40.33,38.8,6.07,5.98,26.8,50.01,0,1,0,0,0
2026-01-01T01:09:03Z,compressor_trip,COMP_TRIP,5.2,39.89,40.2,38.47,5.86,5.61,26.77,49.97,0,1,0,0,0
2026-01-01T01:09:04Z,compressor_trip,COMP_TRIP,9.2,39.62,40.19,38.55,6.05,5.94,26.84,50.01,0,1,0,0,0
2026-01-01T01:09:05Z,compressor_trip,COMP_TRIP,-8.8,40.0,39.57,38.34,6.06,6.06,26.81,50.04,0,1,0,0,0
2026-01-01T01:09:06Z,compressor_trip,COMP_TRIP,-4.5,40.13,39.53,38.69,6.0,6.11,26.82,49.99,0,1,0,0,0
2026-01-01T01:09:07Z,compressor_trip,COMP_TRIP,9.9,40.1,39.43,38.13,5.94,5.91,26.88,49.97,0,1,0,0,0
2026-01-01T01:09:08Z,compressor_trip,COMP_TRIP,-12.4,40.46,41.06,38.09,5.81,6.08,26.72,49.97,0,1,0,0,0
2026-01-01T01:09:09Z,compressor_trip,COMP_TRIP,8.5,39.73,39.3,38.04,6.0,5.89,26.76,50.06,0,1,0,0,0
2026-01-01T01:09:10Z,compressor_trip,COMP_TRIP,-5.4,39.98,40.47,38.23,6.05,6.01,26.66,49.96,0,1,0,0,0
2026-01-01T01:09:11Z,compressor_trip,COMP_TRIP,14.3,40.24,39.98,38.14,6.15,5.82,26.73,50.05,0,1,0,0,0
2026-01-01T01:09:12Z,compressor_trip,COMP_TRIP,-1.7,39.88,40.3,39.25,5.95,5.89,26.85,50.05,0,1,0,0,0
2026-01-01T01:09:13Z,compressor_trip,COMP_TRIP,-3.2,40.08,40.54,38.28,5.88,6.05,26.88,49.91,0,1,0,0,0
2026-01-01T01:09:14Z,compressor_trip,COMP_TRIP,17.5,40.11,40.73,38.42,6.18,5.92,26.83,49.94,0,1,0,0,0
2026-01-01T01:09:15Z,compressor_trip,COMP_TRIP,16.4,40.13,39.28,37.73,5.99,5.8,26.81,49.97,0,1,0,0,0
2026-01-01T01:09:16Z,compressor_trip,COMP_TRIP,10.6,39.94,40.21,38.56,6.03,5.82,26.7,49.95,0,1,0,0,0
2026-01-01T01:09:17Z,compressor_trip,COMP_TRIP,-14.3,39.68,39.94,37.91,6.08,5.84,26.77,49.95,0,1,0,0,0
2026-01-01T01:09:18Z,compressor_trip,COMP_TRIP,1.1,40.05,39.59,38.73,6.04,6.17,26.55,49.91,0,1,0,0,0
2026-01-01T01:09:19Z,compressor_trip,COMP_TRIP,-7.3,40.19,39.81,39.19,5.93,6.06,26.77,49.98,0,1,0,0,0
2026-01-01T01:09:20Z,compressor_trip,COMP_TRIP,-1.2,40.14,39.73,38.06,6.13,5.95,26.71,49.99,0,1,0,0,0
2026-01-01T01:09:21Z,compressor_trip,COMP_TRIP,-9.9,39.63,40.96,38.79,5.94,5.99,26.82,49.99,0,1,0,0,0
2026-01-01T01:09:22Z,compressor_trip,COMP_TRIP,-0.3,40.03,40.65,38.21,5.99,5.92,26.81,50.02,0,1,0,0,0
2026-01-01T01:09:23Z,compressor_trip,COMP_TRIP,-20.5,39.76,39.19,38.05,6.08,6.01,27.03,50.0,0,1,0,0,0
2026-01-01T01:09:24Z,compressor_trip,COMP_TRIP,0.7,40.04,39.59,38.02,6.11,6.07,26.81,50.04,0,1,0,0,0
2026-01-01T01:09:25Z,compressor_trip,COMP_TRIP,-8.8,39.56,40.69,39.13,5.86,6.02,26.71,50.0,0,1,0,0,0
2026-01-01T01:09:26Z,compressor_trip,COMP_TRIP,-0.5,40.2,39.5,38.61,5.93,6.01,26.75,50.06,0,1,0,0,0
2026-01-01T01:09:27Z,compressor_trip,COMP_TRIP,8.8,40.14,40.9,39.03,5.96,6.03,26.87,49.98,0,1,0,0,0
2026-01-01T01:09:28Z,compressor_trip,COMP_TRIP,3.5,40.34,39.99,38.14,5.99,6.11,26.87,50.01,0,1,0,0,0
2026-01-01T01:09:29Z,compressor_trip,COMP_TRIP,3.2,40.03,39.79,38.13,5.99,6.2,26.73,49.95,0,1,0,0,0
2026-01-01T01:09:30Z,compressor_trip,COMP_TRIP,-10.4,40.09,40.38,37.91,5.84,5.86,26.61,50.0,0,1,0,0,0
2026-01-01T01:09:31Z,compressor_trip,COMP_TRIP,4.3,39.79,40.23,39.41,5.83,5.93,26.71,49.96,0,1,0,0,0
2026-01-01T01:09:32Z,compressor_trip,COMP_TRIP,10.5,40.06,40.52,38.84,6.06,6.09,26.72,49.96,0,1,0,0,0
2026-01-01T01:09:33Z,compressor_trip,COMP_TRIP,2.0,39.83,39.89,38.21,5.99,6.06,26.84,49.98,0,1,0,0,0
2026-01-01T01:09:34Z,compressor_trip,COMP_TRIP,6.0,39.95,40.42,39.25,5.95,5.81,26.81,49.96,0,1,0,0,0
2026-01-01T01:09:35Z,compressor_trip,COMP_TRIP,0.7,40.01,39.94,38.78,5.84,6.13,26.77,50.03,0,1,0,0,0
2026-01-01T01:09:36Z,compressor_trip,COMP_TRIP,1.5,40.11,40.16,37.51,5.96,6.02,26.93,50.06,0,1,0,0,0
2026-01-01T01:09:37Z,compressor_trip,COMP_TRIP,15.6,39.96,39.62,37.99,6.13,6.18,26.93,49.99,0,1,0,0,0
2026-01-01T01:09:38Z,compressor_trip,COMP_TRIP,-8.8,40.0,39.85,38.44,5.85,5.85,27.04,49.95,0,1,0,0,0
2026-01-01T01:09:39Z,compressor_trip,COMP_TRIP,-4.9,40.21,41.04,38.79,6.06,6.15,26.84,50.01,0,1,0,0,0
2026-01-01T01:09:40Z,compressor_trip,COMP_TRIP,-18.2,39.77,39.83,38.1,6.09,5.99,26.83,49.95,0,1,0,0,0
2026-01-01T01:09:41Z,compressor_trip,COMP_TRIP,22.3,39.88,40.31,38.13,5.93,6.08,26.72,50.01,0,1,0,0,0
2026-01-01T01:09:42Z,compressor_trip,COMP_TRIP,-4.0,40.21,40.41,38.47,6.05,5.87,26.88,50.08,0,1,0,0,0
2026-01-01T01:09:43Z,compressor_trip,COMP_TRIP,4.0,39.83,40.2,37.58,5.83,6.1,26.81,50.09,0,1,0,0,0
2026-01-01T01:09:44Z,compressor_trip,COMP_TRIP,7.7,40.07,39.72,38.58,6.06,6.06,26.93,50.13,0,1,0,0,0
2026-01-01T01:09:45Z,compressor_trip,COMP_TRIP,0.7,39.63,39.76,38.38,5.96,5.69,26.74,50.05,0,1,0,0,0
2026-01-01T01:09:46Z,compressor_trip,COMP_TRIP,-11.7,40.29,39.58,38.9,5.95,6.09,27.08,50.03,0,1,0,0,0
2026-01-01T01:09:47Z,compressor_trip,COMP_TRIP,19.7,39.79,40.05,38.75,6.0,5.94,26.77,49.98,0,1,0,0,0
2026-01-01T01:09:48Z,compressor_trip,COMP_TRIP,-1.1,40.15,40.04,38.45,6.14,6.22,26.89,50.02,0,1,0,0,0
2026-01-01T01:09:49Z,compressor_trip,COMP_TRIP,-0.9,40.19,40.62,38.05,6.04,5.94,26.82,49.97,0,1,0,0,0
2026-01-01T01:09:50Z,compressor_trip,COMP_TRIP,-2.4,40.04,40.25,38.52,5.94,6.03,26.94,50.09,0,1,0,0,0
2026-01-01T01:09:51Z,compressor_trip,COMP_TRIP,3.8,40.02,40.07,38.12,5.95,5.97,27.04,50.01,0,1,0,0,0
2026-01-01T01:09:52Z,compressor_trip,COMP_TRIP,-10.9,40.26,39.48,39.69,6.02,6.05,26.79,49.97,0,1,0,0,0
2026-01-01T01:09:53Z,compressor_trip,COMP_TRIP,25.7,40.31,39.42,37.39,5.81,5.91,26.85,50.0,0,1,0,0,0
2026-01-01T01:09:54Z,compressor_trip,COMP_TRIP,5.1,39.72,39.55,37.61,6.01,6.03,26.75,49.98,0,1,0,0,0
2026-01-01T01:09:55Z,compressor_trip,COMP_TRIP,8.5,40.71,39.84,38.97,5.87,6.04,27.14,50.04,0,1,0,0,0
2026-01-01T01:09:56Z,compressor_trip,COMP_TRIP,-8.6,39.99,38.87,39.23,5.94,6.06,26.78,49.98,0,1,0,0,0
2026-01-01T01:09:57Z,compressor_trip,COMP_TRIP,-0.4,39.98,40.69,38.26,6.03,6.1,26.96,50.06,0,1,0,0,0
2026-01-01T01:09:58Z,compressor_trip,COMP_TRIP,-10.0,40.25,39.56,38.32,6.07,6.16,26.77,50.03,0,1,0,0,0
2026-01-01T01:09:59Z,compressor_trip,COMP_TRIP,2.6,39.81,39.11,38.01,6.05,6.21,26.95,50.04,0,1,0,0,0
2026-01-01T01:10:00Z,compressor_trip,COMP_TRIP,4.6,39.79,39.71,38.09,6.05,5.91,26.73,49.98,0,1,0,0,0
2026-01-01T01:10:01Z,compressor_trip,COMP_TRIP,-2.7,39.78,40.71,38.66,5.94,6.01,26.85,49.97,0,1,0,0,0
2026-01-01T01:10:02Z,compressor_trip,COMP_TRIP,-13.2,39.69,40.51,38.33,6.07,6.06,26.97,49.98,0,1,0,0,0
2026-01-01T01:10:03Z,compressor_trip,COMP_TRIP,-1.3,39.8,38.66,37.99,6.07,5.93,26.77,50.0,0,1,0,0,0
2026-01-01T01:10:04Z,compressor_trip,COMP_TRIP,0.8,39.67,39.58,37.22,6.13,5.95,27.02,50.12,0,1,0,0,0
2026-01-01T01:10:05Z,compressor_trip,COMP_TRIP,-23.0,39.65,40.64,37.86,5.92,5.84,26.77,49.91,0,1,0,0,0
2026-01-01T01:10:06Z,compressor_trip,COMP_TRIP,-7.7,40.19,39.3,38.75,5.96,6.02,26.86,49.97,0,1,0,0,0
2026-01-01T01:10:07Z,compressor_trip,COMP_TRIP,16.0,39.56,40.1,39.12,6.09,5.91,26.85,49.99,0,1,0,0,0
2026-01-01T01:10:08Z,compressor_trip,COMP_TRIP,-5.7,39.94,39.35,38.53,6.05,5.86,26.92,49.97,0,1,0,0,0
2026-01-01T01:10:09Z,compressor_trip,COMP_TRIP,13.3,39.94,40.15,37.71,5.86,5.88,27.03,50.04,0,1,0,0,0
2026-01-01T01:10:10Z,compressor_trip,COMP_TRIP,12.6,40.39,40.49,38.49,6.14,6.1,26.91,50.0,0,1,0,0,0
2026-01-01T01:10:11Z,compressor_trip,COMP_TRIP,7.5,40.22,39.77,38.66,6.07,5.97,26.97,49.94,0,1,0,0,0
2026-01-01T01:10:12Z,compressor_trip,COMP_TRIP,-5.9,39.72,39.99,38.45,5.96,5.99,26.84,50.0,0,1,0,0,0
2026-01-01T01:10:13Z,compressor_trip,COMP_TRIP,9.7,40.19,39.71,38.54,6.03,5.95,26.9,50.01,0,1,0,0,0
2026-01-01T01:10:14Z,compressor_trip,COMP_TRIP,4.3,39.88,39.71,37.93,5.93,5.92,26.77,49.97,0,1,0,0,0
2026-01-01T01:10:15Z,compressor_trip,COMP_TRIP,1.1,40.0,40.52,38.81,6.17,6.0,27.01,49.99,0,1,0,0,0
2026-01-01T01:10:16Z,compressor_trip,COMP_TRIP,-13.9,40.42,40.2,39.22,6.18,5.93,26.84,49.99,0,1,0,0,0
2026-01-01T01:10:17Z,compressor_trip,COMP_TRIP,3.9,40.39,40.48,38.09,5.97,6.03,26.89,50.06,0,1,0,0,0
2026-01-01T01:10:18Z,compressor_trip,COMP_TRIP,-4.5,40.04,39.32,38.55,6.12,5.91,26.87,50.01,0,1,0,0,0
2026-01-01T01:10:19Z,compressor_trip,COMP_TRIP,16.6,40.4,40.8,37.86,6.13,6.05,26.83,49.93,0,1,0,0,0
2026-01-01T01:10:20Z,compressor_trip,COMP_TRIP,-19.7,39.95,39.23,38.17,5.97,6.15,26.88,49.98,0,1,0,0,0
2026-01-01T01:10:21Z,compressor_trip,COMP_TRIP,1.4,40.09,39.96,38.33,5.9,6.1,26.91,49.97,0,1,0,0,0
2026-01-01T01:10:22Z,compressor_trip,COMP_TRIP,-4.0,39.76,40.52,39.02,5.91,6.13,26.85,50.03,0,1,0,0,0
2026-01-01T01:10:23Z,compressor_trip,COMP_TRIP,-1.7,39.95,40.18,38.7,6.09,6.07,26.88,50.03,0,1,0,0,0
2026-01-01T01:10:24Z,compressor_trip,COMP_TRIP,-21.4,39.92,40.23,39.43,5.98,6.0,26.93,49.98,0,1,0,0,0
2026-01-01T01:10:25Z,compressor_trip,COMP_TRIP,-4.6,40.03,40.48,37.01,5.82,6.04,26.77,49.98,0,1,0,0,0
2026-01-01T01:10:26Z,compressor_trip,COMP_TRIP,1.1,39.99,39.81,38.81,5.8,5.99,26.93,49.95,0,1,0,0,0
2026-01-01T01:10:27Z,compressor_trip,COMP_TRIP,0.2,40.04,40.33,39.01,5.97,6.11,27.01,49.89,0,1,0,0,0
2026-01-01T01:10:28Z,compressor_trip,COMP_TRIP,5.1,40.38,39.85,39.13,5.96,6.05,26.87,49.97,0,1,0,0,0
2026-01-01T01:10:29Z,compressor_trip,COMP_TRIP,13.2,40.13,40.43,38.48,5.95,6.11,26.87,50.0,0,1,0,0,0
2026-01-01T01:10:30Z,compressor_trip,COMP_TRIP,-5.9,40.44,39.66,38.52,5.92,6.0,26.82,50.02,0,1,0,0,0
2026-01-01T01:10:31Z,compressor_trip,COMP_TRIP,-1.3,39.75,39.75,36.75,5.94,5.92,26.83,49.92,0,1,0,0,0
2026-01-01T01:10:32Z,compressor_trip,COMP_TRIP,-6.4,40.2,39.65,39.12,6.12,6.01,26.97,50.03,0,1,0,0,0
2026-01-01T01:10:33Z,compressor_trip,COMP_TRIP,-17.9,39.56,40.04,39.2,5.88,5.96,27.05,50.05,0,1,0,0,0
2026-01-01T01:10:34Z,compressor_trip,COMP_TRIP,4.4,39.94,39.86,38.57,6.1,6.16,26.94,50.05,0,1,0,0,0
2026-01-01T01:10:35Z,compressor_trip,COMP_TRIP,3.3,40.19,41.02,38.6,5.92,5.95,26.95,50.01,0,1,0,0,0
2026-01-01T01:10:36Z,compressor_trip,COMP_TRIP,-1.5,40.07,39.22,38.55,5.96,6.24,26.99,49.92,0,1,0,0,0
2026-01-01T01:10:37Z,compressor_trip,COMP_TRIP,-14.4,40.07,39.94,38.86,6.04,5.9,26.83,50.02,0,1,0,0,0
2026-01-01T01:10:38Z,compressor_trip,COMP_TRIP,-5.5,40.07,39.84,38.15,6.17,5.95,27.0,49.95,0,1,0,0,0
2026-01-01T01:10:39Z,compressor_trip,COMP_TRIP,-1.2,39.96,39.59,37.93,6.07,6.04,27.07,49.99,0,1,0,0,0
2026-01-01T01:10:40Z,compressor_trip,COMP_TRIP,-19.6,39.79,40.68,38.89,6.1,5.85,26.89,50.04,0,1,0,0,0
2026-01-01T01:10:41Z,compressor_trip,COMP_TRIP,2.9,39.81,39.0,38.8,5.92,5.95,26.94,50.05,0,1,0,0,0
2026-01-01T01:10:42Z,compressor_trip,COMP_TRIP,11.3,40.04,39.2,38.03,5.92,6.03,27.14,50.05,0,1,0,0,0
2026-01-01T01:10:43Z,compressor_trip,COMP_TRIP,7.7,39.84,40.08,38.15,6.04,6.06,27.11,50.0,0,1,0,0,0
2026-01-01T01:10:44Z,compressor_trip,COMP_TRIP,-4.2,40.12,39.03,38.7,5.86,6.05,26.92,50.03,0,1,0,0,0
2026-01-01T01:10:45Z,compressor_trip,COMP_TRIP,8.2,40.22,39.6,38.93,5.95,5.89,26.83,49.99,0,1,0,0,0
2026-01-01T01:10:46Z,compressor_trip,COMP_TRIP,2.0,39.82,39.69,38.4,5.94,6.02,26.76,49.92,0,1,0,0,0
2026-01-01T01:10:47Z,compressor_trip,COMP_TRIP,3.5,40.31,39.68,37.4,5.96,5.96,26.97,49.99,0,1,0,0,0
2026-01-01T01:10:48Z,compressor_trip,COMP_TRIP,3.0,39.86,39.26,38.39,6.05,6.13,26.79,49.98,0,1,0,0,0
2026-01-01T01:10:49Z,compressor_trip,COMP_TRIP,-1.8,40.16,40.36,38.81,5.94,5.96,26.94,49.95,0,1,0,0,0
2026-01-01T01:10:50Z,compressor_trip,COMP_TRIP,-2.3,39.91,40.01,38.6,5.99,5.9,26.9,50.01,0,1,0,0,0
2026-01-01T01:10:51Z,compressor_trip,COMP_TRIP,11.1,39.96,39.3,39.62,6.01,6.07,26.95,50.0,0,1,0,0,0
2026-01-01T01:10:52Z,compressor_trip,COMP_TRIP,-4.5,40.07,40.31,37.99,6.03,6.07,27.03,50.01,0,1,0,0,0
2026-01-01T01:10:53Z,compressor_trip,COMP_TRIP,3.2,39.94,39.73,38.6,6.21,5.8,27.05,50.09,0,1,0,0,0
2026-01-01T01:10:54Z,compressor_trip,COMP_TRIP,1.5,40.12,40.43,37.93,6.03,6.06,26.94,50.01,0,1,0,0,0
2026-01-01T01:10:55Z,compressor_trip,COMP_TRIP,-1.5,40.19,40.08,38.16,6.12,5.92,26.93,50.04,0,1,0,0,0
2026-01-01T01:10:56Z,compressor_trip,COMP_TRIP,-1.4,40.11,40.5,38.66,5.99,6.13,26.93,50.06,0,1,0,0,0
2026-01-01T01:10:57Z,compressor_trip,COMP_TRIP,-8.2,40.02,40.02,38.2,5.85,5.95,27.02,50.06,0,1,0,0,0
2026-01-01T01:10:58Z,compressor_trip,COMP_TRIP,-2.3,40.14,40.37,38.7,6.03,6.04,27.06,49.99,0,1,0,0,0
2026-01-01T01:10:59Z,compressor_trip,COMP_TRIP,0.2,39.71,40.18,38.74,5.95,6.04,26.87,49.97,0,1,0,0,0
2026-01-01T01:11:00Z,compressor_trip,COMP_TRIP,-7.1,40.05,39.94,37.96,5.92,5.89,26.85,49.99,0,1,0,0,0
2026-01-01T01:11:01Z,compressor_trip,COMP_TRIP,1.2,39.74,40.27,38.65,6.11,6.0,26.99,49.96,0,1,0,0,0
2026-01-01T01:11:02Z,compressor_trip,COMP_TRIP,14.4,39.97,40.1,38.06,5.96,6.2,27.03,50.07,0,1,0,0,0
2026-01-01T01:11:03Z,compressor_trip,COMP_TRIP,0.9,40.18,38.98,38.63,6.04,6.08,26.98,50.02,0,1,0,0,0
2026-01-01T01:11:04Z,compressor_trip,COMP_TRIP,-0.7,39.91,39.99,39.8,6.06,5.96,26.82,50.01,0,1,0,0,0
2026-01-01T01:11:05Z,compressor_trip,COMP_TRIP,4.5,39.83,40.17,38.7,6.18,6.05,27.04,50.02,0,1,0,0,0
2026-01-01T01:11:06Z,compressor_trip,COMP_TRIP,-9.1,40.11,39.94,37.73,6.02,6.02,27.02,49.94,0,1,0,0,0
2026-01-01T01:11:07Z,compressor_trip,COMP_TRIP,-14.2,40.17,40.58,38.05,6.04,5.96,26.99,49.99,0,1,0,0,0
2026-01-01T01:11:08Z,compressor_trip,COMP_TRIP,11.5,39.86,39.96,38.27,5.94,6.09,27.01,49.97,0,1,0,0,0
2026-01-01T01:11:09Z,compressor_trip,COMP_TRIP,11.4,40.13,40.86,39.04,5.98,6.05,27.01,50.0,0,1,0,0,0
2026-01-01T01:11:10Z,compressor_trip,COMP_TRIP,21.1,40.12,40.02,38.08,6.06,5.99,27.09,49.97,0,1,0,0,0
2026-01-01T01:11:11Z,compressor_trip,COMP_TRIP,-28.1,40.33,40.82,37.42,5.97,5.96,27.03,50.06,0,1,0,0,0
2026-01-01T01:11:12Z,compressor_trip,COMP_TRIP,6.0,39.9,39.81,37.8,6.02,6.02,26.87,50.01,0,1,0,0,0
2026-01-01T01:11:13Z,compressor_trip,COMP_TRIP,-10.0,40.19,39.15,37.42,5.92,6.0,27.01,50.0,0,1,0,0,0
2026-01-01T01:11:14Z,compressor_trip,COMP_TRIP,3.8,40.03,40.14,38.17,5.89,6.09,26.99,50.06,0,1,0,0,0
2026-01-01T01:11:15Z,compressor_trip,COMP_TRIP,0.4,40.39,40.16,38.31,6.13,5.98,27.05,50.07,0,1,0,0,0
2026-01-01T01:11:16Z,compressor_trip,COMP_TRIP,9.1,39.73,39.83,37.75,5.91,6.02,26.87,50.01,0,1,0,0,0
2026-01-01T01:11:17Z,compressor_trip,COMP_TRIP,16.9,39.74,39.8,37.75,6.03,6.06,26.91,50.05,0,1,0,0,0
2026-01-01T01:11:18Z,compressor_trip,COMP_TRIP,-13.1,39.87,39.5,38.03,6.05,5.91,26.87,50.02,0,1,0,0,0
2026-01-01T01:11:19Z,compressor_trip,COMP_TRIP,-0.9,39.91,39.76,38.66,5.98,6.15,26.98,50.0,0,1,0,0,0
2026-01-01T01:11:20Z,compressor_trip,COMP_TRIP,-3.7,40.38,38.77,37.82,5.9,6.15,26.96,49.9,0,1,0,0,0
2026-01-01T01:11:21Z,compressor_trip,COMP_TRIP,-16.8,39.93,39.53,37.89,6.1,5.98,27.11,50.01,0,1,0,0,0
2026-01-01T01:11:22Z,compressor_trip,COMP_TRIP,2.1,40.17,38.91,38.62,6.11,6.01,27.07,49.93,0,1,0,0,0
2026-01-01T01:11:23Z,compressor_trip,COMP_TRIP,3.7,40.04,39.87,38.88,5.95,5.92,27.02,49.97,0,1,0,0,0
2026-01-01T01:11:24Z,compressor_trip,COMP_TRIP,1.7,40.03,40.21,37.44,5.95,6.07,26.69,50.0,0,1,0,0,0
2026-01-01T01:11:25Z,compressor_trip,COMP_TRIP,-5.7,39.91,39.69,38.61,6.04,6.07,26.98,50.09,0,1,0,0,0
2026-01-01T01:11:26Z,compressor_trip,COMP_TRIP,2.1,39.52,39.55,39.21,5.98,5.9,26.93,49.96,0,1,0,0,0
2026-01-01T01:11:27Z,compressor_trip,COMP_TRIP,1.7,39.78,40.17,39.41,6.0,6.18,27.0,49.96,0,1,0,0,0
2026-01-01T01:11:28Z,compressor_trip,COMP_TRIP,5.1,39.94,40.27,38.54,5.91,6.16,26.89,49.99,0,1,0,0,0
2026-01-01T01:11:29Z,compressor_trip,COMP_TRIP,-12.9,40.07,39.87,38.24,5.91,6.0,27.0,50.03,0,1,0,0,0
2026-01-01T01:11:30Z,compressor_trip,COMP_TRIP,-16.6,40.04,40.58,38.02,5.84,5.94,27.06,50.0,0,1,0,0,0
2026-01-01T01:11:31Z,compressor_trip,COMP_TRIP,9.2,40.3,39.69,38.63,6.17,5.83,26.94,49.99,0,1,0,0,0
2026-01-01T01:11:32Z,compressor_trip,COMP_TRIP,6.6,40.05,39.61,38.36,5.97,6.01,26.97,50.02,0,1,0,0,0
2026-01-01T01:11:33Z,compressor_trip,COMP_TRIP,-3.7,39.96,40.19,38.6,5.92,5.97,27.03,49.98,0,1,0,0,0
2026-01-01T01:11:34Z,compressor_trip,COMP_TRIP,-3.1,39.83,39.91,38.08,6.19,5.93,26.92,50.03,0,1,0,0,0
2026-01-01T01:11:35Z,compressor_trip,COMP_TRIP,4.3,40.14,40.24,38.51,5.94,6.02,26.96,50.06,0,1,0,0,0
2026-01-01T01:11:36Z,compressor_trip,COMP_TRIP,6.4,40.16,40.01,38.79,5.97,6.02,26.87,49.96,0,1,0,0,0
2026-01-01T01:11:37Z,compressor_trip,COMP_TRIP,2.1,40.1,40.21,38.84,5.92,6.11,27.04,49.94,0,1,0,0,0
2026-01-01T01:11:38Z,compressor_trip,COMP_TRIP,-1.0,39.95,40.99,39.15,6.04,6.02,27.05,49.97,0,1,0,0,0
2026-01-01T01:11:39Z,compressor_trip,COMP_TRIP,6.7,39.99,40.43,37.61,6.01,6.12,26.92,50.03,0,1,0,0,0
2026-01-01T01:11:40Z,compressor_trip,COMP_TRIP,-8.3,39.97,39.21,38.84,5.87,6.06,26.91,49.94,0,1,0,0,0
2026-01-01T01:11:41Z,compressor_trip,COMP_TRIP,3.7,39.96,39.38,38.51,6.06,6.02,26.99,49.99,0,1,0,0,0
2026-01-01T01:11:42Z,compressor_trip,COMP_TRIP,0.6,40.21,39.87,37.61,5.8,6.12,26.99,49.95,0,1,0,0,0
2026-01-01T01:11:43Z,compressor_trip,COMP_TRIP,5.5,39.85,40.47,38.26,5.95,6.07,26.95,49.99,0,1,0,0,0
2026-01-01T01:11:44Z,compressor_trip,COMP_TRIP,-0.0,40.51,40.34,38.69,6.05,5.94,26.87,50.06,0,1,0,0,0
2026-01-01T01:11:45Z,compressor_trip,COMP_TRIP,16.5,40.28,40.45,38.94,5.91,5.96,26.97,50.02,0,1,0,0,0
2026-01-01T01:11:46Z,compressor_trip,COMP_TRIP,-12.3,39.77,40.13,38.75,5.88,5.83,27.01,50.07,0,1,0,0,0
2026-01-01T01:11:47Z,compressor_trip,COMP_TRIP,8.6,39.98,39.76,38.04,6.0,5.98,27.07,50.01,0,1,0,0,0
2026-01-01T01:11:48Z,compressor_trip,COMP_TRIP,5.4,40.01,40.02,38.32,5.85,6.06,26.81,50.17,0,1,0,0,0
2026-01-01T01:11:49Z,compressor_trip,COMP_TRIP,-0.2,39.83,40.23,37.88,6.13,6.19,27.06,49.97,0,1,0,0,0
2026-01-01T01:11:50Z,compressor_trip,COMP_TRIP,-6.4,40.56,39.96,38.02,6.1,6.12,27.04,49.94,0,1,0,0,0
2026-01-01T01:11:51Z,compressor_trip,COMP_TRIP,0.0,40.12,39.89,38.93,5.95,6.1,27.0,50.03,0,1,0,0,0
2026-01-01T01:11:52Z,compressor_trip,COMP_TRIP,7.1,40.03,40.37,37.2,5.93,6.0,26.92,50.01,0,1,0,0,0
2026-01-01T01:11:53Z,compressor_trip,COMP_TRIP,-4.4,40.09,39.87,39.86,5.8,5.92,26.79,49.94,0,1,0,0,0
2026-01-01T01:11:54Z,compressor_trip,COMP_TRIP,-4.9,39.51,39.79,39.05,6.09,5.97,26.95,49.93,0,1,0,0,0
2026-01-01T01:11:55Z,compressor_trip,COMP_TRIP,14.3,40.13,39.63,38.18,6.06,5.87,26.94,50.04,0,1,0,0,0
2026-01-01T01:11:56Z,compressor_trip,COMP_TRIP,-0.1,40.18,40.05,39.06,6.04,6.01,26.91,50.03,0,1,0,0,0
2026-01-01T01:11:57Z,compressor_trip,COMP_TRIP,11.4,40.34,40.37,37.91,5.9,6.0,26.96,50.11,0,1,0,0,0
2026-01-01T01:11:58Z,compressor_trip,COMP_TRIP,2.8,39.77,39.43,38.51,5.93,5.84,27.07,50.05,0,1,0,0,0
2026-01-01T01:11:59Z,compressor_trip,COMP_TRIP,-16.8,40.33,39.99,37.71,6.0,5.9,27.05,50.06,0,1,0,0,0
2026-01-01T01:12:00Z,compressor_trip,COMP_TRIP,-1.7,40.05,40.41,38.83,6.18,6.03,26.95,50.02,0,1,0,0,0
2026-01-01T01:12:01Z,compressor_trip,COMP_TRIP,-15.7,40.03,40.28,37.89,5.98,6.19,27.04,50.01,0,1,0,0,0
2026-01-01T01:12:02Z,compressor_trip,COMP_TRIP,-6.1,40.07,39.75,39.19,5.96,5.97,26.94,49.98,0,1,0,0,0
2026-01-01T01:12:03Z,compressor_trip,COMP_TRIP,7.0,39.88,39.86,38.68,5.92,6.12,26.93,49.92,0,1,0,0,0
2026-01-01T01:12:04Z,compressor_trip,COMP_TRIP,-3.4,39.88,40.45,38.86,5.88,6.09,26.74,50.0,0,1,0,0,0
2026-01-01T01:12:05Z,compressor_trip,COMP_TRIP,14.6,39.92,39.08,38.88,5.88,5.98,26.86,50.07,0,1,0,0,0
2026-01-01T01:12:06Z,compressor_trip,COMP_TRIP,6.8,40.11,40.39,37.75,6.09,6.05,26.84,49.98,0,1,0,0,0
2026-01-01T01:12:07Z,compressor_trip,COMP_TRIP,-0.9,40.06,40.08,39.56,6.01,6.08,26.9,49.96,0,1,0,0,0
2026-01-01T01:12:08Z,compressor_trip,COMP_TRIP,6.4,39.88,39.92,38.17,6.06,5.96,26.87,49.97,0,1,0,0,0
2026-01-01T01:12:09Z,compressor_trip,COMP_TRIP,2.0,40.1,40.96,37.76,5.9,5.99,26.93,49.99,0,1,0,0,0
2026-01-01T01:12:10Z,compressor_trip,COMP_TRIP,16.8,40.35,39.67,37.99,5.82,5.92,27.06,49.96,0,1,0,0,0
2026-01-01T01:12:11Z,compressor_trip,COMP_TRIP,1.3,39.59,39.44,38.1,5.87,5.98,27.02,49.94,0,1,0,0,0
2026-01-01T01:12:12Z,compressor_trip,COMP_TRIP,16.4,39.98,40.45,38.67,6.01,6.09,26.92,50.0,0,1,0,0,0
2026-01-01T01:12:13Z,compressor_trip,COMP_TRIP,-2.6,39.81,41.06,37.34,6.04,6.08,26.92,49.99,0,1,0,0,0
2026-01-01T01:12:14Z,compressor_trip,COMP_TRIP,-0.0,40.15,40.25,38.3,5.97,6.13,26.95,49.99,0,1,0,0,0
2026-01-01T01:12:15Z,compressor_trip,COMP_TRIP,-6.7,40.01,40.53,38.83,5.89,5.95,26.85,50.03,0,1,0,0,0
2026-01-01T01:12:16Z,compressor_trip,COMP_TRIP,-0.8,39.97,39.27,38.29,6.01,6.1,26.9,50.01,0,1,0,0,0
2026-01-01T01:12:17Z,compressor_trip,COMP_TRIP,3.6,40.19,39.67,38.86,5.94,5.93,26.85,50.01,0,1,0,0,0
2026-01-01T01:12:18Z,compressor_trip,COMP_TRIP,-0.7,39.88,39.67,38.13,6.16,6.07,27.09,49.93,0,1,0,0,0
2026-01-01T01:12:19Z,compressor_trip,COMP_TRIP,-1.7,39.86,39.98,37.84,6.17,6.02,26.9,50.06,0,1,0,0,0
2026-01-01T01:12:20Z,compressor_trip,COMP_TRIP,-2.1,39.84,39.83,37.94,6.0,5.91,26.92,49.97,0,1,0,0,0
2026-01-01T01:12:21Z,compressor_trip,COMP_TRIP,-5.6,40.17,40.45,38.8,6.0,5.98,26.96,50.14,0,1,0,0,0
2026-01-01T01:12:22Z,compressor_trip,COMP_TRIP,19.2,40.01,40.47,37.82,5.98,5.91,26.89,49.96,0,1,0,0,0
2026-01-01T01:12:23Z,compressor_trip,COMP_TRIP,2.4,40.06,39.43,39.36,6.2,5.96,26.93,49.98,0,1,0,0,0
2026-01-01T01:12:24Z,compressor_trip,COMP_TRIP,10.7,39.9,40.51,38.67,5.85,5.89,26.97,50.05,0,1,0,0,0
2026-01-01T01:12:25Z,compressor_trip,COMP_TRIP,-5.4,40.1,39.31,37.44,5.98,6.06,27.01,50.02,0,1,0,0,0
2026-01-01T01:12:26Z,compressor_trip,COMP_TRIP,-16.7,40.2,39.65,38.2,6.07,6.0,26.88,49.94,0,1,0,0,0
2026-01-01T01:12:27Z,compressor_trip,COMP_TRIP,-3.0,39.71,38.8,37.52,6.07,6.01,26.88,50.04,0,1,0,0,0
2026-01-01T01:12:28Z,compressor_trip,COMP_TRIP,-5.6,39.73,40.26,38.61,5.96,5.84,27.04,50.05,0,1,0,0,0
2026-01-01T01:12:29Z,compressor_trip,COMP_TRIP,8.6,39.95,39.78,38.47,5.98,5.98,27.0,49.92,0,1,0,0,0
2026-01-01T01:12:30Z,compressor_trip,COMP_TRIP,0.0,40.19,39.36,38.39,5.96,6.01,26.88,49.92,0,1,0,0,0
2026-01-01T01:12:31Z,compressor_trip,COMP_TRIP,-3.9,40.14,40.25,38.07,5.96,5.99,26.82,50.07,0,1,0,0,0
2026-01-01T01:12:32Z,compressor_trip,COMP_TRIP,-9.6,39.86,38.93,38.35,6.18,5.88,26.98,50.01,0,1,0,0,0
2026-01-01T01:12:33Z,compressor_trip,COMP_TRIP,-9.2,39.89,39.44,38.74,6.0,6.16,26.85,50.03,0,1,0,0,0
2026-01-01T01:12:34Z,compressor_trip,COMP_TRIP,-7.9,40.09,38.37,38.32,6.15,5.96,26.96,49.95,0,1,0,0,0
2026-01-01T01:12:35Z,compressor_trip,COMP_TRIP,7.8,39.75,39.57,37.75,5.83,5.93,27.12,49.92,0,1,0,0,0
2026-01-01T01:12:36Z,compressor_trip,COMP_TRIP,-11.9,39.9,39.93,39.27,6.07,6.18,26.99,49.92,0,1,0,0,0
2026-01-01T01:12:37Z,compressor_trip,COMP_TRIP,-4.9,40.21,40.19,37.92,5.87,6.1,26.93,50.06,0,1,0,0,0
2026-01-01T01:12:38Z,compressor_trip,COMP_TRIP,5.1,39.85,39.54,39.13,6.21,5.94,26.89,49.94,0,1,0,0,0
2026-01-01T01:12:39Z,compressor_trip,COMP_TRIP,8.1,40.1,39.71,38.82,5.94,6.02,27.04,49.98,0,1,0,0,0
2026-01-01T01:12:40Z,compressor_trip,COMP_TRIP,-9.6,39.73,40.11,37.14,6.01,5.83,26.91,50.01,0,1,0,0,0
2026-01-01T01:12:41Z,compressor_trip,COMP_TRIP,12.9,40.23,40.61,38.77,6.1,6.02,26.84,49.98,0,1,0,0,0
2026-01-01T01:12:42Z,compressor_trip,COMP_TRIP,0.3,40.05,39.39,38.28,6.11,6.0,26.97,50.0,0,1,0,0,0
2026-01-01T01:12:43Z,compressor_trip,COMP_TRIP,17.7,39.75,40.71,38.05,5.88,5.96,26.97,49.99,0,1,0,0,0
2026-01-01T01:12:44Z,compressor_trip,COMP_TRIP,0.7,39.74,39.12,38.83,5.94,6.03,26.92,50.01,0,1,0,0,0
2026-01-01T01:12:45Z,compressor_trip,COMP_TRIP,-4.3,39.89,40.09,37.82,6.1,5.99,26.91,50.0,0,1,0,0,0
2026-01-01T01:12:46Z,compressor_trip,COMP_TRIP,-8.3,39.8,39.85,37.96,5.95,5.93,26.98,49.91,0,1,0,0,0
2026-01-01T01:12:47Z,compressor_trip,COMP_TRIP,7.6,39.78,39.87,38.41,5.99,6.18,26.93,50.04,0,1,0,0,0
2026-01-01T01:12:48Z,compressor_trip,COMP_TRIP,-12.6,40.2,41.21,38.44,6.08,6.0,26.79,50.03,0,1,0,0,0
2026-01-01T01:12:49Z,compressor_trip,COMP_TRIP,-16.2,39.93,40.04,39.13,6.0,5.88,26.78,50.0,0,1,0,0,0
2026-01-01T01:12:50Z,compressor_trip,COMP_TRIP,5.5,40.04,40.05,38.62,6.18,5.96,26.72,50.05,0,1,0,0,0
2026-01-01T01:12:51Z,compressor_trip,COMP_TRIP,5.5,40.11,39.4,38.42,6.02,6.01,26.89,50.01,0,1,0,0,0
2026-01-01T01:12:52Z,compressor_trip,COMP_TRIP,4.3,40.01,39.93,38.65,5.93,6.16,26.9,49.99,0,1,0,0,0
2026-01-01T01:12:53Z,compressor_trip,COMP_TRIP,22.0,40.07,39.38,37.25,6.1,5.95,26.66,49.99,0,1,0,0,0
2026-01-01T01:12:54Z,compressor_trip,COMP_TRIP,-0.5,40.22,40.02,38.04,5.96,6.11,26.9,50.05,0,1,0,0,0
2026-01-01T01:12:55Z,compressor_trip,COMP_TRIP,-16.6,39.84,39.92,38.3,5.96,5.97,26.99,50.04,0,1,0,0,0
2026-01-01T01:12:56Z,compressor_trip,COMP_TRIP,9.2,39.94,40.32,38.55,6.2,6.16,26.86,50.02,0,1,0,0,0
2026-01-01T01:12:57Z,compressor_trip,COMP_TRIP,-7.6,39.76,39.56,37.75,5.98,6.03,27.08,50.06,0,1,0,0,0
2026-01-01T01:12:58Z,compressor_trip,COMP_TRIP,-3.7,39.89,39.74,38.74,6.0,5.87,26.95,50.06,0,1,0,0,0
2026-01-01T01:12:59Z,compressor_trip,COMP_TRIP,5.8,40.05,39.36,38.12,5.99,5.87,26.88,49.96,0,1,0,0,0
2026-01-01T01:13:00Z,compressor_trip,COMP_TRIP,1.0,39.85,39.47,38.26,5.9,6.05,26.9,49.99,0,1,0,0,0
2026-01-01T01:13:01Z,compressor_trip,COMP_TRIP,-12.7,39.72,40.33,37.89,6.2,5.92,26.99,49.91,0,1,0,0,0
2026-01-01T01:13:02Z,compressor_trip,COMP_TRIP,3.7,39.63,40.34,38.44,5.79,5.83,26.76,49.98,0,1,0,0,0
2026-01-01T01:13:03Z,compressor_trip,COMP_TRIP,-3.4,40.29,39.94,38.32,6.05,6.04,26.89,50.08,0,1,0,0,0
2026-01-01T01:13:04Z,compressor_trip,COMP_TRIP,-6.1,39.94,39.46,37.87,5.99,6.0,26.8,50.03,0,1,0,0,0
2026-01-01T01:13:05Z,compressor_trip,COMP_TRIP,-20.5,39.97,39.54,38.48,5.99,6.04,26.84,50.03,0,1,0,0,0
2026-01-01T01:13:06Z,compressor_trip,COMP_TRIP,2.1,39.92,40.23,37.85,6.1,6.04,26.69,50.03,0,1,0,0,0
2026-01-01T01:13:07Z,compressor_trip,COMP_TRIP,-13.4,40.01,40.87,38.33,6.05,5.88,26.74,49.95,0,1,0,0,0
2026-01-01T01:13:08Z,compressor_trip,COMP_TRIP,2.5,39.95,40.74,39.5,6.09,6.0,26.84,50.0,0,1,0,0,0
2026-01-01T01:13:09Z,compressor_trip,COMP_TRIP,-16.7,39.99,40.3,39.09,6.1,6.01,26.78,50.04,0,1,0,0,0
2026-01-01T01:13:10Z,compressor_trip,COMP_TRIP,-13.4,40.03,39.76,38.09,5.88,5.92,26.9,50.04,0,1,0,0,0
2026-01-01T01:13:11Z,compressor_trip,COMP_TRIP,0.0,39.78,40.19,38.87,5.91,5.95,27.01,49.98,0,1,0,0,0
2026-01-01T01:13:12Z,compressor_trip,COMP_TRIP,13.7,40.19,39.78,38.9,6.01,5.91,26.81,49.87,0,1,0,0,0
2026-01-01T01:13:13Z,compressor_trip,COMP_TRIP,-5.3,40.35,40.27,37.85,6.09,5.99,26.83,49.93,0,1,0,0,0
2026-01-01T01:13:14Z,compressor_trip,COMP_TRIP,12.4,39.92,40.23,38.47,5.76,5.97,26.86,49.98,0,1,0,0,0
2026-01-01T01:13:15Z,compressor_trip,COMP_TRIP,12.4,40.21,39.63,38.46,6.02,6.2,26.95,50.03,0,1,0,0,0
2026-01-01T01:13:16Z,compressor_trip,COMP_TRIP,-2.4,40.2,40.72,38.37,6.1,6.04,27.05,49.89,0,1,0,0,0
2026-01-01T01:13:17Z,compressor_trip,COMP_TRIP,13.7,40.02,40.24,39.18,6.2,5.99,26.87,50.05,0,1,0,0,0
2026-01-01T01:13:18Z,compressor_trip,COMP_TRIP,-1.8,39.88,39.41,38.46,5.93,6.03,26.73,49.94,0,1,0,0,0
2026-01-01T01:13:19Z,compressor_trip,COMP_TRIP,7.9,39.89,39.63,37.49,6.02,5.87,26.85,50.07,0,1,0,0,0
2026-01-01T01:13:20Z,compressor_trip,COMP_TRIP,4.1,39.93,40.07,37.86,5.95,6.07,26.91,49.97,0,1,0,0,0
2026-01-01T01:13:21Z,compressor_trip,COMP_TRIP,-12.1,40.05,40.26,38.32,6.04,6.12,26.87,49.97,0,1,0,0,0
2026-01-01T01:13:22Z,compressor_trip,COMP_TRIP,4.0,40.14,39.55,37.49,6.03,6.03,26.93,50.04,0,1,0,0,0
2026-01-01T01:13:23Z,compressor_trip,COMP_TRIP,-8.1,39.7,39.83,37.65,6.08,5.95,27.07,49.95,0,1,0,0,0
2026-01-01T01:13:24Z,compressor_trip,COMP_TRIP,-0.1,40.21,40.42,37.24,6.14,6.0,26.98,50.01,0,1,0,0,0
2026-01-01T01:13:25Z,compressor_trip,COMP_TRIP,-17.8,40.53,39.17,38.56,6.0,5.85,26.79,50.01,0,1,0,0,0
2026-01-01T01:13:26Z,compressor_trip,COMP_TRIP,6.5,39.99,40.49,38.88,6.06,6.12,26.79,50.08,0,1,0,0,0
2026-01-01T01:13:27Z,compressor_trip,COMP_TRIP,-1.4,39.88,40.35,38.32,5.85,5.99,26.94,49.94,0,1,0,0,0
2026-01-01T01:13:28Z,compressor_trip,COMP_TRIP,3.9,39.9,40.04,39.06,6.03,5.97,26.74,50.0,0,1,0,0,0
2026-01-01T01:13:29Z,compressor_trip,COMP_TRIP,-2.5,40.05,39.71,38.33,5.88,5.97,26.88,49.98,0,1,0,0,0
2026-01-01T01:13:30Z,compressor_trip,COMP_TRIP,-0.1,40.02,40.36,38.11,6.01,6.07,26.92,49.97,0,1,0,0,0
2026-01-01T01:13:31Z,compressor_trip,COMP_TRIP,-5.9,40.05,39.5,37.52,6.29,6.02,26.67,49.96,0,1,0,0,0
2026-01-01T01:13:32Z,compressor_trip,COMP_TRIP,9.0,39.94,40.76,38.95,5.84,6.0,26.79,49.98,0,1,0,0,0
2026-01-01T01:13:33Z,compressor_trip,COMP_TRIP,9.8,40.26,39.59,38.85,6.06,6.11,26.88,49.98,0,1,0,0,0
2026-01-01T01:13:34Z,compressor_trip,COMP_TRIP,-3.7,40.27,39.85,38.87,5.95,5.89,26.89,49.96,0,1,0,0,0
2026-01-01T01:13:35Z,compressor_trip,COMP_TRIP,3.2,40.25,40.37,37.9,6.06,6.12,26.76,49.97,0,1,0,0,0
2026-01-01T01:13:36Z,compressor_trip,COMP_TRIP,-20.0,40.08,40.08,38.73,5.94,6.05,26.85,49.97,0,1,0,0,0
2026-01-01T01:13:37Z,compressor_trip,COMP_TRIP,10.9,40.06,39.95,37.09,6.1,6.14,26.8,50.03,0,1,0,0,0
2026-01-01T01:13:38Z,compressor_trip,COMP_TRIP,6.7,39.89,40.89,38.68,5.96,6.2,26.67,50.0,0,1,0,0,0
2026-01-01T01:13:39Z,compressor_trip,COMP_TRIP,-7.2,39.84,40.38,38.4,5.96,5.94,26.82,50.0,0,1,0,0,0
2026-01-01T01:13:40Z,compressor_trip,COMP_TRIP,3.3,39.98,40.22,38.33,5.85,6.09,26.53,50.06,0,1,0,0,0
2026-01-01T01:13:41Z,compressor_trip,COMP_TRIP,12.0,39.96,39.72,38.73,6.15,6.07,26.7,49.99,0,1,0,0,0
2026-01-01T01:13:42Z,compressor_trip,COMP_TRIP,-17.1,39.7,40.27,38.31,6.07,5.94,26.79,49.98,0,1,0,0,0
2026-01-01T01:13:43Z,compressor_trip,COMP_TRIP,8.7,40.0,39.88,38.46,5.98,5.83,26.78,49.92,0,1,0,0,0
2026-01-01T01:13:44Z,compressor_trip,COMP_TRIP,1.6,39.88,39.96,38.44,5.98,6.01,26.84,50.02,0,1,0,0,0
2026-01-01T01:13:45Z,compressor_trip,COMP_TRIP,-3.6,39.89,40.33,37.79,6.13,5.91,26.82,49.98,0,1,0,0,0
2026-01-01T01:13:46Z,compressor_trip,COMP_TRIP,-1.5,40.07,40.49,38.47,5.87,6.01,26.73,50.05,0,1,0,0,0
2026-01-01T01:13:47Z,compressor_trip,COMP_TRIP,17.6,39.83,40.12,38.56,5.88,6.17,26.84,49.98,0,1,0,0,0
2026-01-01T01:13:48Z,compressor_trip,COMP_TRIP,13.8,39.79,39.59,38.2,5.99,5.81,26.81,50.0,0,1,0,0,0
2026-01-01T01:13:49Z,compressor_trip,COMP_TRIP,20.7,40.19,39.68,37.63,5.93,5.94,26.84,50.06,0,1,0,0,0
2026-01-01T01:13:50Z,compressor_trip,COMP_TRIP,9.1,40.03,40.11,38.35,5.9,6.05,26.76,50.05,0,1,0,0,0
2026-01-01T01:13:51Z,compressor_trip,COMP_TRIP,13.2,39.88,40.1,37.82,6.1,6.05,26.76,49.95,0,1,0,0,0
2026-01-01T01:13:52Z,compressor_trip,COMP_TRIP,-0.3,39.93,39.17,38.05,5.94,5.98,26.76,49.93,0,1,0,0,0
2026-01-01T01:13:53Z,compressor_trip,COMP_TRIP,10.3,40.31,40.54,39.54,6.03,5.98,26.77,49.97,0,1,0,0,0
2026-01-01T01:13:54Z,compressor_trip,COMP_TRIP,-19.8,39.98,39.88,38.15,6.11,5.83,26.7,49.99,0,1,0,0,0
2026-01-01T01:13:55Z,compressor_trip,COMP_TRIP,4.1,39.81,39.59,38.59,6.09,6.03,26.9,50.03,0,1,0,0,0
2026-01-01T01:13:56Z,compressor_trip,COMP_TRIP,5.4,39.99,40.0,37.72,6.02,6.13,26.75,50.04,0,1,0,0,0
2026-01-01T01:13:57Z,compressor_trip,COMP_TRIP,16.2,39.93,39.45,39.02,6.04,6.07,26.69,50.02,0,1,0,0,0
2026-01-01T01:13:58Z,compressor_trip,COMP_TRIP,12.7,39.96,39.59,38.39,6.21,6.06,26.99,49.96,0,1,0,0,0
2026-01-01T01:13:59Z,compressor_trip,COMP_TRIP,6.1,39.81,39.7,38.64,5.89,5.92,26.83,50.07,0,1,0,0,0
2026-01-01T01:14:00Z,compressor_trip,COMP_TRIP,0.8,39.67,40.35,38.44,6.1,6.02,26.73,50.02,0,1,0,0,0
2026-01-01T01:14:01Z,compressor_trip,COMP_TRIP,-13.7,39.9,40.32,37.81,6.08,6.03,27.0,50.02,0,1,0,0,0
2026-01-01T01:14:02Z,compressor_trip,COMP_TRIP,0.2,39.84,39.53,37.54,5.95,5.92,26.81,50.01,0,1,0,0,0
2026-01-01T01:14:03Z,compressor_trip,COMP_TRIP,-20.6,39.85,39.7,38.46,6.03,6.01,26.72,50.04,0,1,0,0,0
2026-01-01T01:14:04Z,compressor_trip,COMP_TRIP,-6.5,39.94,40.15,38.52,6.17,6.17,26.73,49.99,0,1,0,0,0
2026-01-01T01:14:05Z,compressor_trip,COMP_TRIP,2.4,40.15,39.41,38.86,5.92,6.0,26.81,49.98,0,1,0,0,0
2026-01-01T01:14:06Z,compressor_trip,COMP_TRIP,-5.3,39.79,40.11,38.8,5.98,6.1,26.7,50.0,0,1,0,0,0
2026-01-01T01:14:07Z,compressor_trip,COMP_TRIP,6.6,40.15,39.89,37.55,6.11,5.86,26.7,50.03,0,1,0,0,0
2026-01-01T01:14:08Z,compressor_trip,COMP_TRIP,-11.7,39.91,40.21,38.96,6.03,6.14,26.58,50.08,0,1,0,0,0
2026-01-01T01:14:09Z,compressor_trip,COMP_TRIP,3.8,39.71,39.65,38.19,5.95,6.12,26.71,49.98,0,1,0,0,0
2026-01-01T01:14:10Z,compressor_trip,COMP_TRIP,10.0,40.02,40.07,37.96,6.1,5.98,26.66,49.95,0,1,0,0,0
2026-01-01T01:14:11Z,compressor_trip,COMP_TRIP,-22.5,39.82,40.32,38.26,5.99,5.89,26.6,50.04,0,1,0,0,0
2026-01-01T01:14:12Z,compressor_trip,COMP_TRIP,-5.5,40.03,40.32,37.85,6.0,6.07,26.63,50.03,0,1,0,0,0
2026-01-01T01:14:13Z,compressor_trip,COMP_TRIP,-15.9,39.74,39.16,38.32,6.01,6.07,26.49,49.9,0,1,0,0,0
2026-01-01T01:14:14Z,compressor_trip,COMP_TRIP,0.6,40.19,39.94,37.37,5.9,6.07,26.6,49.99,0,1,0,0,0
2026-01-01T01:14:15Z,compressor_trip,COMP_TRIP,7.6,40.33,40.53,37.52,5.95,6.19,26.75,50.02,0,1,0,0,0
2026-01-01T01:14:16Z,compressor_trip,COMP_TRIP,4.2,39.78,39.9,37.86,5.92,6.14,26.74,50.1,0,1,0,0,0
2026-01-01T01:14:17Z,compressor_trip,COMP_TRIP,-10.6,40.07,39.89,39.06,5.9,5.91,26.57,50.03,0,1,0,0,0
2026-01-01T01:14:18Z,compressor_trip,COMP_TRIP,-7.6,39.89,40.36,37.08,5.94,6.1,26.54,50.02,0,1,0,0,0
2026-01-01T01:14:19Z,compressor_trip,COMP_TRIP,19.1,40.26,39.55,37.66,6.0,6.09,26.73,50.1,0,1,0,0,0
2026-01-01T01:14:20Z,compressor_trip,COMP_TRIP,-18.8,39.9,39.01,37.85,5.84,5.98,26.65,50.02,0,1,0,0,0
2026-01-01T01:14:21Z,compressor_trip,COMP_TRIP,-11.9,39.54,39.73,39.04,5.99,6.07,26.5,50.01,0,1,0,0,0
2026-01-01T01:14:22Z,compressor_trip,COMP_TRIP,2.5,40.08,39.71,37.73,5.85,5.99,26.7,49.93,0,1,0,0,0
2026-01-01T01:14:23Z,compressor_trip,COMP_TRIP,-20.1,40.21,39.58,38.14,5.94,6.0,26.58,50.02,0,1,0,0,0
2026-01-01T01:14:24Z,compressor_trip,COMP_TRIP,2.3,40.02,39.56,38.29,6.22,6.0,26.45,50.06,0,1,0,0,0
2026-01-01T01:14:25Z,compressor_trip,COMP_TRIP,4.3,40.07,39.73,38.9,6.1,6.16,26.59,49.99,0,1,0,0,0
2026-01-01T01:14:26Z,compressor_trip,COMP_TRIP,2.4,39.62,40.29,38.9,5.87,5.95,26.55,49.99,0,1,0,0,0
2026-01-01T01:14:27Z,compressor_trip,COMP_TRIP,-4.6,39.88,40.63,38.22,5.93,5.93,26.58,49.97,0,1,0,0,0
2026-01-01T01:14:28Z,compressor_trip,COMP_TRIP,-1.8,39.82,40.87,38.4,6.05,5.95,26.63,49.98,0,1,0,0,0
2026-01-01T01:14:29Z,compressor_trip,COMP_TRIP,1.9,39.87,40.27,38.2,5.91,5.98,26.54,50.03,0,1,0,0,0
2026-01-01T01:14:30Z,compressor_trip,COMP_TRIP,-5.1,40.0,40.01,37.45,5.99,6.16,26.67,49.97,0,1,0,0,0
2026-01-01T01:14:31Z,compressor_trip,COMP_TRIP,-0.3,40.02,39.99,38.0,6.02,5.91,26.69,50.01,0,1,0,0,0
2026-01-01T01:14:32Z,compressor_trip,COMP_TRIP,3.3,39.92,39.94,37.97,6.02,5.89,26.74,50.0,0,1,0,0,0
2026-01-01T01:14:33Z,compressor_trip,COMP_TRIP,-10.5,39.88,40.43,39.09,5.79,6.0,26.62,49.96,0,1,0,0,0
2026-01-01T01:14:34Z,compressor_trip,COMP_TRIP,-6.5,40.04,39.82,40.01,5.97,5.87,26.61,49.97,0,1,0,0,0
2026-01-01T01:14:35Z,compressor_trip,COMP_TRIP,3.2,39.93,40.68,37.5,5.93,6.01,26.49,50.04,0,1,0,0,0
2026-01-01T01:14:36Z,compressor_trip,COMP_TRIP,22.2,39.57,38.88,38.8,5.81,5.99,26.69,49.93,0,1,0,0,0
2026-01-01T01:14:37Z,compressor_trip,COMP_TRIP,24.3,39.81,40.03,39.14,6.19,5.88,26.65,49.96,0,1,0,0,0
2026-01-01T01:14:38Z,compressor_trip,COMP_TRIP,16.3,39.95,40.45,38.96,5.85,5.9,26.56,49.95,0,1,0,0,0
2026-01-01T01:14:39Z,compressor_trip,COMP_TRIP,6.4,40.12,39.99,38.37,5.92,5.91,26.73,49.97,0,1,0,0,0
2026-01-01T01:14:40Z,compressor_trip,COMP_TRIP,-1.2,40.51,40.27,38.81,6.01,5.97,26.75,50.07,0,1,0,0,0
2026-01-01T01:14:41Z,compressor_trip,COMP_TRIP,-8.5,40.11,39.53,38.42,5.6,6.05,26.3,50.06,0,1,0,0,0
2026-01-01T01:14:42Z,compressor_trip,COMP_TRIP,9.6,39.82,39.79,37.66,6.08,6.06,26.58,49.96,0,1,0,0,0
2026-01-01T01:14:43Z,compressor_trip,COMP_TRIP,-15.1,40.19,39.44,40.29,5.87,6.03,26.56,49.99,0,1,0,0,0
2026-01-01T01:14:44Z,compressor_trip,COMP_TRIP,-3.3,40.23,39.6,37.98,5.98,5.89,26.71,50.08,0,1,0,0,0
2026-01-01T01:14:45Z,compressor_trip,COMP_TRIP,6.2,39.82,40.29,38.76,6.0,6.04,26.37,49.88,0,1,0,0,0
2026-01-01T01:14:46Z,compressor_trip,COMP_TRIP,-7.8,39.92,39.81,38.89,6.04,5.97,26.4,50.05,0,1,0,0,0
2026-01-01T01:14:47Z,compressor_trip,COMP_TRIP,-8.4,40.15,40.23,38.22,5.91,5.88,26.54,50.0,0,1,0,0,0
2026-01-01T01:14:48Z,compressor_trip,COMP_TRIP,-1.7,39.91,39.81,37.65,6.18,6.04,26.53,50.01,0,1,0,0,0
2026-01-01T01:14:49Z,compressor_trip,COMP_TRIP,-0.7,40.31,40.39,37.99,6.04,6.03,26.59,49.93,0,1,0,0,0
2026-01-01T01:14:50Z,compressor_trip,COMP_TRIP,6.3,39.71,39.6,38.76,6.08,5.98,26.62,50.0,0,1,0,0,0
2026-01-01T01:14:51Z,compressor_trip,COMP_TRIP,-5.3,39.88,39.49,37.88,5.96,5.9,26.48,49.99,0,1,0,0,0
2026-01-01T01:14:52Z,compressor_trip,COMP_TRIP,1.0,40.12,40.81,38.23,6.1,5.94,26.49,49.96,0,1,0,0,0
2026-01-01T01:14:53Z,compressor_trip,COMP_TRIP,5.7,39.91,40.12,38.37,5.96,6.06,26.61,50.03,0,1,0,0,0
2026-01-01T01:14:54Z,compressor_trip,COMP_TRIP,6.9,39.63,40.05,37.3,5.92,5.97,26.49,50.04,0,1,0,0,0
2026-01-01T01:14:55Z,compressor_trip,COMP_TRIP,-7.3,40.09,40.07,38.41,5.99,5.85,26.54,50.0,0,1,0,0,0
2026-01-01T01:14:56Z,compressor_trip,COMP_TRIP,5.7,39.97,40.13,38.36,5.91,6.07,26.55,49.96,0,1,0,0,0
2026-01-01T01:14:57Z,compressor_trip,COMP_TRIP,4.6,40.09,40.6,38.11,6.14,5.78,26.42,49.98,0,1,0,0,0
2026-01-01T01:14:58Z,compressor_trip,COMP_TRIP,10.8,40.41,39.38,38.15,6.05,5.95,26.49,50.01,0,1,0,0,0
2026-01-01T01:14:59Z,compressor_trip,COMP_TRIP,-5.4,39.86,39.73,38.79,5.83,6.02,26.37,49.96,0,1,0,0,0
2026-01-01T01:15:00Z,compressor_trip,COMP_TRIP,-3.2,39.82,40.22,38.15,6.05,5.95,26.49,50.02,0,1,0,0,0
2026-01-01T01:15:01Z,compressor_trip,COMP_TRIP,10.9,39.97,40.27,39.21,6.0,6.2,26.48,50.0,0,1,0,0,0
2026-01-01T01:15:02Z,compressor_trip,COMP_TRIP,29.1,40.26,39.74,38.54,6.03,6.07,26.51,49.95,0,1,0,0,0
2026-01-01T01:15:03Z,compressor_trip,COMP_TRIP,-1.6,39.93,40.46,39.02,6.15,5.91,26.5,50.09,0,1,0,0,0
2026-01-01T01:15:04Z,compressor_trip,COMP_TRIP,10.4,40.22,39.92,39.42,5.84,6.05,26.21,49.99,0,1,0,0,0
2026-01-01T01:15:05Z,compressor_trip,COMP_TRIP,7.9,40.0,39.89,38.12,5.99,5.96,26.41,49.99,0,1,0,0,0
2026-01-01T01:15:06Z,compressor_trip,COMP_TRIP,1.9,39.75,40.53,37.9,6.0,6.17,26.6,49.98,0,1,0,0,0
2026-01-01T01:15:07Z,compressor_trip,COMP_TRIP,1.8,39.6,39.88,37.6,6.04,6.04,26.44,50.01,0,1,0,0,0
2026-01-01T01:15:08Z,compressor_trip,COMP_TRIP,0.3,39.73,40.08,38.4,6.05,5.93,26.34,49.98,0,1,0,0,0
2026-01-01T01:15:09Z,compressor_trip,COMP_TRIP,6.2,39.87,39.15,37.16,6.05,6.01,26.54,50.0,0,1,0,0,0
2026-01-01T01:15:10Z,compressor_trip,COMP_TRIP,-0.5,39.96,40.63,38.38,5.99,5.85,26.54,49.97,0,1,0,0,0
2026-01-01T01:15:11Z,compressor_trip,COMP_TRIP,15.6,39.96,39.61,39.0,5.97,5.86,26.51,49.94,0,1,0,0,0
2026-01-01T01:15:12Z,compressor_trip,COMP_TRIP,6.2,40.03,40.29,38.63,6.09,6.04,26.38,50.02,0,1,0,0,0
2026-01-01T01:15:13Z,compressor_trip,COMP_TRIP,5.4,40.01,39.81,38.18,6.08,5.98,26.35,50.02,0,1,0,0,0
2026-01-01T01:15:14Z,compressor_trip,COMP_TRIP,-6.8,40.07,39.72,38.39,5.94,5.85,26.26,49.96,0,1,0,0,0
2026-01-01T01:15:15Z,compressor_trip,COMP_TRIP,-4.7,40.07,39.12,38.64,5.87,5.87,26.46,49.96,0,1,0,0,0
2026-01-01T01:15:16Z,compressor_trip,COMP_TRIP,13.1,39.81,39.21,37.84,5.85,6.13,26.48,50.03,0,1,0,0,0
2026-01-01T01:15:17Z,compressor_trip,COMP_TRIP,16.9,40.18,39.99,37.92,6.09,5.98,26.39,49.9,0,1,0,0,0
2026-01-01T01:15:18Z,compressor_trip,COMP_TRIP,0.6,39.8,39.01,38.46,5.96,6.0,26.71,50.02,0,1,0,0,0
2026-01-01T01:15:19Z,compressor_trip,COMP_TRIP,-13.9,39.73,39.62,39.48,5.85,5.93,26.41,50.02,0,1,0,0,0
2026-01-01T01:15:20Z,compressor_trip,COMP_TRIP,-0.4,40.06,39.23,39.07,5.97,5.88,26.34,50.08,0,1,0,0,0
2026-01-01T01:15:21Z,compressor_trip,COMP_TRIP,3.6,40.08,40.08,38.96,6.05,6.06,26.38,49.86,0,1,0,0,0
2026-01-01T01:15:22Z,compressor_trip,COMP_TRIP,8.6,39.9,40.27,38.58,6.06,6.04,26.47,49.96,0,1,0,0,0
2026-01-01T01:15:23Z,compressor_trip,COMP_TRIP,9.3,39.71,39.56,38.43,5.91,6.07,26.49,50.0,0,1,0,0,0
2026-01-01T01:15:24Z,compressor_trip,COMP_TRIP,-13.1,39.99,39.51,39.59,5.9,5.99,26.25,49.92,0,1,0,0,0
2026-01-01T01:15:25Z,compressor_trip,COMP_TRIP,8.1,39.75,39.39,38.5,5.79,5.91,26.44,50.02,0,1,0,0,0
2026-01-01T01:15:26Z,compressor_trip,COMP_TRIP,-9.0,40.08,39.76,38.62,5.85,6.16,26.34,50.01,0,1,0,0,0
2026-01-01T01:15:27Z,compressor_trip,COMP_TRIP,-14.8,40.08,40.33,38.8,6.02,6.18,26.32,50.01,0,1,0,0,0
2026-01-01T01:15:28Z,compressor_trip,COMP_TRIP,-0.3,40.25,39.48,37.95,6.0,5.91,26.22,50.13,0,1,0,0,0
2026-01-01T01:15:29Z,compressor_trip,COMP_TRIP,9.4,39.68,40.02,38.27,6.14,5.9,26.46,49.91,0,1,0,0,0
2026-01-01T01:15:30Z,compressor_trip,COMP_TRIP,1.5,39.98,40.38,37.95,5.99,5.98,26.43,50.03,0,1,0,0,0
2026-01-01T01:15:31Z,compressor_trip,COMP_TRIP,1.3,39.97,39.99,37.67,5.93,5.97,26.38,50.05,0,1,0,0,0
2026-01-01T01:15:32Z,compressor_trip,COMP_TRIP,1.0,40.09,40.52,37.91,5.95,5.87,26.43,50.01,0,1,0,0,0
2026-01-01T01:15:33Z,compressor_trip,COMP_TRIP,15.5,39.9,40.44,38.83,6.09,5.86,26.55,49.98,0,1,0,0,0
2026-01-01T01:15:34Z,compressor_trip,COMP_TRIP,-13.6,39.68,39.49,38.67,6.0,5.89,26.32,49.98,0,1,0,0,0
2026-01-01T01:15:35Z,compressor_trip,COMP_TRIP,21.7,40.15,40.89,38.89,5.96,6.12,26.27,50.0,0,1,0,0,0
2026-01-01T01:15:36Z,compressor_trip,COMP_TRIP,-12.5,40.05,39.3,38.95,5.93,5.92,26.3,49.91,0,1,0,0,0
2026-01-01T01:15:37Z,compressor_trip,COMP_TRIP,0.3,39.71,40.44,39.48,6.05,5.98,26.28,50.06,0,1,0,0,0
2026-01-01T01:15:38Z,compressor_trip,COMP_TRIP,4.9,39.96,39.96,38.87,6.01,5.89,26.35,49.95,0,1,0,0,0
2026-01-01T01:15:39Z,compressor_trip,COMP_TRIP,-0.2,40.22,39.84,38.65,6.14,6.11,26.24,49.99,0,1,0,0,0
2026-01-01T01:15:40Z,compressor_trip,COMP_TRIP,19.5,40.26,39.91,38.82,6.07,6.0,26.24,50.04,0,1,0,0,0
2026-01-01T01:15:41Z,compressor_trip,COMP_TRIP,-8.7,39.9,40.06,37.82,6.1,5.82,26.4,50.08,0,1,0,0,0
2026-01-01T01:15:42Z,compressor_trip,COMP_TRIP,0.9,39.64,39.9,38.84,5.94,5.86,26.21,49.97,0,1,0,0,0
2026-01-01T01:15:43Z,compressor_trip,COMP_TRIP,-8.0,40.17,39.55,38.1,5.8,6.03,26.09,49.94,0,1,0,0,0
2026-01-01T01:15:44Z,compressor_trip,COMP_TRIP,7.2,39.73,40.2,38.81,6.1,6.1,26.46,50.11,0,1,0,0,0
2026-01-01T01:15:45Z,compressor_trip,COMP_TRIP,-4.2,40.19,40.47,37.77,5.97,5.89,26.4,49.98,0,1,0,0,0
2026-01-01T01:15:46Z,compressor_trip,COMP_TRIP,14.3,39.98,39.12,38.26,5.83,5.98,26.19,49.99,0,1,0,0,0
2026-01-01T01:15:47Z,compressor_trip,COMP_TRIP,-3.4,39.68,40.31,38.57,5.88,5.94,26.26,50.07,0,1,0,0,0
2026-01-01T01:15:48Z,compressor_trip,COMP_TRIP,13.2,39.96,39.95,38.22,5.98,5.91,26.22,50.01,0,1,0,0,0
2026-01-01T01:15:49Z,compressor_trip,COMP_TRIP,-17.2,39.62,40.66,38.62,5.89,6.03,26.23,49.99,0,1,0,0,0
2026-01-01T01:15:50Z,compressor_trip,COMP_TRIP,-5.4,39.79,40.1,37.92,6.04,5.93,26.51,49.97,0,1,0,0,0
2026-01-01T01:15:51Z,compressor_trip,COMP_TRIP,10.8,39.79,39.29,38.07,5.87,5.95,26.34,49.92,0,1,0,0,0
2026-01-01T01:15:52Z,compressor_trip,COMP_TRIP,12.5,40.03,39.93,38.31,6.16,6.03,26.35,50.08,0,1,0,0,0
2026-01-01T01:15:53Z,compressor_trip,COMP_TRIP,-6.6,39.77,39.65,38.67,5.96,6.08,26.22,50.03,0,1,0,0,0
2026-01-01T01:15:54Z,compressor_trip,COMP_TRIP,-14.6,39.83,40.75,38.61,5.87,6.05,26.32,49.85,0,1,0,0,0
2026-01-01T01:15:55Z,compressor_trip,COMP_TRIP,11.9,40.02,40.39,38.4,6.11,5.96,26.19,50.0,0,1,0,0,0
2026-01-01T01:15:56Z,compressor_trip,COMP_TRIP,3.4,40.1,40.67,37.56,5.93,6.26,26.16,49.88,0,1,0,0,0
2026-01-01T01:15:57Z,compressor_trip,COMP_TRIP,-13.8,40.14,40.29,38.7,5.81,5.98,26.33,49.99,0,1,0,0,0
2026-01-01T01:15:58Z,compressor_trip,COMP_TRIP,-12.8,40.07,40.25,38.77,6.03,6.06,26.29,49.98,0,1,0,0,0
2026-01-01T01:15:59Z,compressor_trip,COMP_TRIP,8.3,39.94,40.52,38.21,5.93,5.87,26.16,50.0,0,1,0,0,0
2026-01-01T01:16:00Z,compressor_trip,COMP_TRIP,14.4,39.8,40.61,39.05,6.01,5.88,26.19,50.0,0,1,0,0,0
2026-01-01T01:16:01Z,compressor_trip,COMP_TRIP,-0.7,39.98,39.83,37.75,5.94,5.96,26.11,50.01,0,1,0,0,0
2026-01-01T01:16:02Z,compressor_trip,COMP_TRIP,-10.4,39.78,40.25,38.94,6.1,5.97,26.5,49.94,0,1,0,0,0
2026-01-01T01:16:03Z,compressor_trip,COMP_TRIP,-9.4,39.87,39.96,38.9,6.21,5.82,26.12,49.96,0,1,0,0,0
2026-01-01T01:16:04Z,compressor_trip,COMP_TRIP,-5.6,39.8,40.29,37.37,6.0,5.89,26.2,49.97,0,1,0,0,0
2026-01-01T01:16:05Z,compressor_trip,COMP_TRIP,1.1,39.81,39.35,38.74,6.01,6.3,26.25,50.01,0,1,0,0,0
2026-01-01T01:16:06Z,compressor_trip,COMP_TRIP,0.4,39.8,41.11,38.32,5.96,6.04,26.11,50.05,0,1,0,0,0
2026-01-01T01:16:07Z,compressor_trip,COMP_TRIP,-2.9,39.58,39.56,38.43,6.26,6.02,26.2,49.92,0,1,0,0,0
2026-01-01T01:16:08Z,compressor_trip,COMP_TRIP,-3.3,39.89,39.73,37.73,5.97,6.11,26.0,50.08,0,1,0,0,0
2026-01-01T01:16:09Z,compressor_trip,COMP_TRIP,-13.0,40.15,40.3,38.28,5.94,6.05,26.12,49.92,0,1,0,0,0
2026-01-01T01:16:10Z,compressor_trip,COMP_TRIP,2.9,40.2,40.22,38.3,5.94,5.97,26.28,49.99,0,1,0,0,0
2026-01-01T01:16:11Z,compressor_trip,COMP_TRIP,-6.6,40.1,40.17,39.39,6.09,6.02,26.04,49.93,0,1,0,0,0
2026-01-01T01:16:12Z,compressor_trip,COMP_TRIP,-24.4,40.39,40.02,38.49,5.96,5.95,26.3,50.09,0,1,0,0,0
2026-01-01T01:16:13Z,compressor_trip,COMP_TRIP,0.9,39.94,39.79,37.95,6.11,6.04,26.33,49.91,0,1,0,0,0
2026-01-01T01:16:14Z,compressor_trip,COMP_TRIP,7.1,39.64,40.4,38.54,6.04,5.97,26.19,50.07,0,1,0,0,0
2026-01-01T01:16:15Z,compressor_trip,COMP_TRIP,2.0,39.58,40.39,39.49,5.98,5.84,26.29,50.0,0,1,0,0,0
2026-01-01T01:16:16Z,compressor_trip,COMP_TRIP,-7.6,39.88,40.6,39.35,6.13,5.89,26.03,49.96,0,1,0,0,0
2026-01-01T01:16:17Z,compressor_trip,COMP_TRIP,-10.4,39.94,39.83,38.43,5.92,6.09,25.99,49.96,0,1,0,0,0
2026-01-01T01:16:18Z,compressor_trip,COMP_TRIP,-28.8,40.09,39.61,37.35,5.87,6.11,26.21,49.98,0,1,0,0,0
2026-01-01T01:16:19Z,compressor_trip,COMP_TRIP,-1.8,39.88,40.25,37.89,6.05,6.02,26.13,50.09,0,1,0,0,0
2026-01-01T01:16:20Z,compressor_trip,COMP_TRIP,3.1,39.88,40.41,38.83,6.06,6.17,26.07,50.01,0,1,0,0,0
2026-01-01T01:16:21Z,compressor_trip,COMP_TRIP,0.0,40.34,40.23,38.06,5.93,6.09,26.06,49.92,0,1,0,0,0
2026-01-01T01:16:22Z,compressor_trip,COMP_TRIP,12.2,39.99,40.33,39.02,5.89,6.11,26.05,50.04,0,1,0,0,0
2026-01-01T01:16:23Z,compressor_trip,COMP_TRIP,9.2,40.11,40.47,38.36,5.95,5.98,26.12,50.05,0,1,0,0,0
2026-01-01T01:16:24Z,compressor_trip,COMP_TRIP,11.4,39.79,39.74,38.92,6.29,6.05,26.09,50.0,0,1,0,0,0
2026-01-01T01:16:25Z,compressor_trip,COMP_TRIP,-8.5,39.7,39.03,38.11,6.1,6.21,26.12,49.96,0,1,0,0,0
2026-01-01T01:16:26Z,compressor_trip,COMP_TRIP,12.1,40.31,39.42,38.3,5.85,6.15,25.96,50.09,0,1,0,0,0
2026-01-01T01:16:27Z,compressor_trip,COMP_TRIP,-5.0,39.86,40.48,38.22,5.9,5.83,25.98,50.0,0,1,0,0,0
2026-01-01T01:16:28Z,compressor_trip,COMP_TRIP,-4.0,39.84,39.73,38.48,5.95,5.99,26.33,50.01,0,1,0,0,0
2026-01-01T01:16:29Z,compressor_trip,COMP_TRIP,24.4,40.0,39.98,38.24,5.78,5.93,25.97,50.01,0,1,0,0,0
2026-01-01T01:16:30Z,compressor_trip,COMP_TRIP,-8.7,40.43,39.93,38.49,5.95,5.89,26.01,49.96,0,1,0,0,0
2026-01-01T01:16:31Z,compressor_trip,COMP_TRIP,0.5,40.0,40.53,38.04,5.96,5.91,25.91,49.95,0,1,0,0,0
2026-01-01T01:16:32Z,compressor_trip,COMP_TRIP,-0.7,40.23,40.3,38.57,5.83,5.97,25.95,49.98,0,1,0,0,0
2026-01-01T01:16:33Z,compressor_trip,COMP_TRIP,3.4,40.18,39.67,38.03,5.89,6.21,26.07,50.09,0,1,0,0,0
2026-01-01T01:16:34Z,compressor_trip,COMP_TRIP,-15.4,40.12,39.7,38.6,6.13,5.96,26.08,49.98,0,1,0,0,0
2026-01-01T01:16:35Z,compressor_trip,COMP_TRIP,10.2,39.77,40.27,38.25,6.17,6.15,26.0,50.03,0,1,0,0,0
2026-01-01T01:16:36Z,compressor_trip,COMP_TRIP,-6.8,40.01,40.44,38.01,5.98,6.08,26.0,50.03,0,1,0,0,0
2026-01-01T01:16:37Z,compressor_trip,COMP_TRIP,-1.1,39.98,40.04,38.38,5.84,6.03,26.14,50.01,0,1,0,0,0
2026-01-01T01:16:38Z,compressor_trip,COMP_TRIP,10.8,39.86,40.1,38.57,5.92,6.1,25.76,50.04,0,1,0,0,0
2026-01-01T01:16:39Z,compressor_trip,COMP_TRIP,-1.5,40.02,39.19,38.23,5.98,6.05,25.91,49.98,0,1,0,0,0
2026-01-01T01:16:40Z,compressor_trip,COMP_TRIP,-8.2,40.52,40.06,38.93,6.03,6.1,25.92,49.99,0,1,0,0,0
2026-01-01T01:16:41Z,compressor_trip,COMP_TRIP,-8.0,40.05,39.99,37.64,5.92,6.12,25.97,50.02,0,1,0,0,0
2026-01-01T01:16:42Z,compressor_trip,COMP_TRIP,10.7,40.18,38.77,38.12,5.98,6.18,25.92,49.97,0,1,0,0,0
2026-01-01T01:16:43Z,compressor_trip,COMP_TRIP,6.5,39.93,39.71,38.28,5.89,6.02,25.92,50.0,0,1,0,0,0
2026-01-01T01:16:44Z,compressor_trip,COMP_TRIP,-2.6,39.94,40.07,38.79,5.91,6.03,26.02,49.99,0,1,0,0,0
2026-01-01T01:16:45Z,compressor_trip,COMP_TRIP,8.7,39.78,40.75,38.03,6.06,5.9,25.89,50.05,0,1,0,0,0
2026-01-01T01:16:46Z,compressor_trip,COMP_TRIP,-9.5,39.66,40.15,39.2,6.01,5.97,26.01,49.89,0,1,0,0,0
2026-01-01T01:16:47Z,compressor_trip,COMP_TRIP,-0.7,40.03,39.81,39.2,5.91,6.04,25.89,49.99,0,1,0,0,0
2026-01-01T01:16:48Z,compressor_trip,COMP_TRIP,-5.7,40.23,39.64,38.22,6.07,5.96,26.07,50.05,0,1,0,0,0
2026-01-01T01:16:49Z,compressor_trip,COMP_TRIP,3.2,39.93,40.45,38.91,6.0,6.21,26.22,50.05,0,1,0,0,0
2026-01-01T01:16:50Z,compressor_trip,COMP_TRIP,-6.1,40.08,39.39,39.04,6.07,5.93,26.03,49.99,0,1,0,0,0
2026-01-01T01:16:51Z,compressor_trip,COMP_TRIP,11.1,39.85,39.37,38.23,6.06,6.0,26.01,50.07,0,1,0,0,0
2026-01-01T01:16:52Z,compressor_trip,COMP_TRIP,-18.5,39.75,39.37,38.3,6.01,5.91,25.8,50.01,0,1,0,0,0
2026-01-01T01:16:53Z,compressor_trip,COMP_TRIP,-16.4,39.89,40.33,37.0,5.77,6.05,25.94,50.07,0,1,0,0,0
2026-01-01T01:16:54Z,compressor_trip,COMP_TRIP,-6.9,40.03,39.62,37.93,6.0,6.11,25.91,50.01,0,1,0,0,0
2026-01-01T01:16:55Z,compressor_trip,COMP_TRIP,-13.0,40.0,39.09,38.41,6.25,5.88,25.97,49.92,0,1,0,0,0
2026-01-01T01:16:56Z,compressor_trip,COMP_TRIP,-3.2,39.85,40.74,38.38,5.95,6.02,25.72,50.07,0,1,0,0,0
2026-01-01T01:16:57Z,compressor_trip,COMP_TRIP,12.8,39.8,40.81,38.25,5.99,5.98,25.84,50.01,0,1,0,0,0
2026-01-01T01:16:58Z,compressor_trip,COMP_TRIP,10.1,40.44,39.77,38.56,5.91,5.99,25.89,50.01,0,1,0,0,0
2026-01-01T01:16:59Z,compressor_trip,COMP_TRIP,-10.8,39.79,39.96,37.88,6.08,6.08,25.84,50.06,0,1,0,0,0
2026-01-01T01:17:00Z,compressor_trip,COMP_TRIP,13.5,39.58,40.51,38.22,5.98,6.14,25.74,49.97,0,1,0,0,0
2026-01-01T01:17:01Z,compressor_trip,COMP_TRIP,-16.3,39.79,39.3,38.16,6.15,5.98,25.85,50.06,0,1,0,0,0
2026-01-01T01:17:02Z,compressor_trip,COMP_TRIP,-4.0,39.67,39.67,37.56,5.89,6.12,25.81,50.06,0,1,0,0,0
2026-01-01T01:17:03Z,compressor_trip,COMP_TRIP,7.6,40.19,40.83,37.52,6.11,6.02,25.87,49.99,0,1,0,0,0
2026-01-01T01:17:04Z,compressor_trip,COMP_TRIP,5.6,40.06,40.65,38.59,5.97,6.01,25.9,50.02,0,1,0,0,0
2026-01-01T01:17:05Z,compressor_trip,COMP_TRIP,-5.7,40.1,39.89,38.44,6.1,5.95,26.08,49.96,0,1,0,0,0
2026-01-01T01:17:06Z,compressor_trip,COMP_TRIP,2.1,40.26,40.34,37.61,6.21,6.18,25.85,49.97,0,1,0,0,0
2026-01-01T01:17:07Z,compressor_trip,COMP_TRIP,9.8,40.11,39.96,38.4,6.12,5.9,25.68,49.96,0,1,0,0,0
2026-01-01T01:17:08Z,compressor_trip,COMP_TRIP,-12.1,39.96,40.63,38.53,5.95,5.89,25.95,49.99,0,1,0,0,0
2026-01-01T01:17:09Z,compressor_trip,COMP_TRIP,11.0,39.9,40.39,38.78,6.03,6.1,25.79,50.04,0,1,0,0,0
2026-01-01T01:17:10Z,compressor_trip,COMP_TRIP,10.4,39.91,39.19,39.24,5.9,5.96,25.84,50.11,0,1,0,0,0
2026-01-01T01:17:11Z,compressor_trip,COMP_TRIP,2.1,39.84,40.16,37.99,6.0,5.86,25.92,49.96,0,1,0,0,0
2026-01-01T01:17:12Z,compressor_trip,COMP_TRIP,-5.1,39.84,40.14,38.41,5.91,6.16,25.82,49.93,0,1,0,0,0
2026-01-01T01:17:13Z,compressor_trip,COMP_TRIP,-1.0,39.75,40.62,38.5,5.96,6.08,25.75,50.01,0,1,0,0,0
2026-01-01T01:17:14Z,compressor_trip,COMP_TRIP,-8.3,40.02,39.64,38.84,6.07,6.1,25.95,50.1,0,1,0,0,0
2026-01-01T01:17:15Z,compressor_trip,COMP_TRIP,8.2,40.02,39.4,39.04,5.98,5.77,25.78,50.04,0,1,0,0,0
2026-01-01T01:17:16Z,compressor_trip,COMP_TRIP,-1.4,40.02,39.75,37.94,5.98,5.96,25.75,50.04,0,1,0,0,0
2026-01-01T01:17:17Z,compressor_trip,COMP_TRIP,-7.9,40.14,40.05,38.81,5.97,5.9,25.78,49.99,0,1,0,0,0
2026-01-01T01:17:18Z,compressor_trip,COMP_TRIP,18.2,40.1,39.78,38.76,6.12,5.96,25.88,50.05,0,1,0,0,0
2026-01-01T01:17:19Z,compressor_trip,COMP_TRIP,20.1,40.06,39.32,38.07,6.09,5.96,25.71,49.97,0,1,0,0,0
2026-01-01T01:17:20Z,compressor_trip,COMP_TRIP,0.5,40.21,39.55,39.03,6.15,5.89,25.99,49.96,0,1,0,0,0
2026-01-01T01:17:21Z,compressor_trip,COMP_TRIP,2.3,40.29,40.08,38.74,5.99,6.05,25.82,50.04,0,1,0,0,0
2026-01-01T01:17:22Z,compressor_trip,COMP_TRIP,3.0,39.56,40.11,38.48,5.99,5.93,25.92,50.03,0,1,0,0,0
2026-01-01T01:17:23Z,compressor_trip,COMP_TRIP,-4.2,40.27,40.16,38.76,5.89,5.87,25.65,49.94,0,1,0,0,0
2026-01-01T01:17:24Z,compressor_trip,COMP_TRIP,-6.1,40.09,39.33,37.86,5.99,5.92,25.8,50.11,0,1,0,0,0
2026-01-01T01:17:25Z,compressor_trip,COMP_TRIP,-0.5,39.96,39.7,37.43,5.97,5.8,25.59,49.98,0,1,0,0,0
2026-01-01T01:17:26Z,compressor_trip,COMP_TRIP,-6.0,40.0,39.83,38.79,5.96,5.91,25.74,49.98,0,1,0,0,0
2026-01-01T01:17:27Z,compressor_trip,COMP_TRIP,-21.2,39.77,40.14,38.97,6.13,6.01,25.94,49.98,0,1,0,0,0
2026-01-01T01:17:28Z,compressor_trip,COMP_TRIP,24.8,39.9,40.2,38.28,6.06,5.96,25.67,49.97,0,1,0,0,0
2026-01-01T01:17:29Z,compressor_trip,COMP_TRIP,-12.0,39.82,39.55,38.25,6.06,6.05,25.71,50.05,0,1,0,0,0
2026-01-01T01:17:30Z,compressor_trip,COMP_TRIP,9.6,39.99,40.03,38.69,5.94,6.08,25.78,50.04,0,1,0,0,0
2026-01-01T01:17:31Z,compressor_trip,COMP_TRIP,-10.0,40.0,40.04,38.11,6.01,5.79,25.64,50.05,0,1,0,0,0
2026-01-01T01:17:32Z,compressor_trip,COMP_TRIP,-0.4,39.74,39.85,38.78,6.03,6.01,25.59,49.98,0,1,0,0,0
2026-01-01T01:17:33Z,compressor_trip,COMP_TRIP,1.1,39.9,40.6,37.99,6.08,6.05,25.46,50.0,0,1,0,0,0
2026-01-01T01:17:34Z,compressor_trip,COMP_TRIP,7.9,40.04,39.11,39.21,6.16,6.09,25.7,49.95,0,1,0,0,0
2026-01-01T01:17:35Z,compressor_trip,COMP_TRIP,7.2,39.89,40.23,38.08,6.05,6.04,25.66,50.13,0,1,0,0,0
2026-01-01T01:17:36Z,compressor_trip,COMP_TRIP,-4.9,39.79,39.55,37.9,6.04,5.84,25.61,50.14,0,1,0,0,0
2026-01-01T01:17:37Z,compressor_trip,COMP_TRIP,-0.6,40.29,40.48,37.64,6.05,6.05,25.66,49.94,0,1,0,0,0
2026-01-01T01:17:38Z,compressor_trip,COMP_TRIP,12.9,40.07,39.47,38.45,6.06,6.01,25.6,49.99,0,1,0,0,0
2026-01-01T01:17:39Z,compressor_trip,COMP_TRIP,0.2,40.2,39.86,38.67,6.15,5.89,25.65,50.0,0,1,0,0,0
2026-01-01T01:17:40Z,compressor_trip,COMP_TRIP,2.6,39.85,39.81,38.01,5.99,6.17,25.63,50.09,0,1,0,0,0
2026-01-01T01:17:41Z,compressor_trip,COMP_TRIP,-4.7,40.04,39.76,38.73,5.96,6.08,25.7,50.02,0,1,0,0,0
2026-01-01T01:17:42Z,compressor_trip,COMP_TRIP,4.4,39.81,40.12,38.58,5.77,5.95,25.7,49.96,0,1,0,0,0
2026-01-01T01:17:43Z,compressor_trip,COMP_TRIP,1.2,40.01,39.8,38.05,6.18,6.19,25.6,50.02,0,1,0,0,0
2026-01-01T01:17:44Z,compressor_trip,COMP_TRIP,-1.1,40.0,39.49,38.76,5.92,5.91,25.6,50.1,0,1,0,0,0
2026-01-01T01:17:45Z,compressor_trip,COMP_TRIP,13.7,39.86,39.48,38.61,6.04,6.05,25.57,50.07,0,1,0,0,0
2026-01-01T01:17:46Z,compressor_trip,COMP_TRIP,5.6,40.25,38.83,38.48,5.99,5.92,25.57,50.02,0,1,0,0,0
2026-01-01T01:17:47Z,compressor_trip,COMP_TRIP,0.1,40.12,39.54,38.69,6.09,5.95,25.55,50.1,0,1,0,0,0
2026-01-01T01:17:48Z,compressor_trip,COMP_TRIP,-6.1,40.2,39.74,38.39,5.94,5.94,25.4,50.09,0,1,0,0,0
2026-01-01T01:17:49Z,compressor_trip,COMP_TRIP,-7.0,39.83,39.79,39.13,6.08,5.99,25.54,49.98,0,1,0,0,0
2026-01-01T01:17:50Z,compressor_trip,COMP_TRIP,9.3,40.09,39.41,39.25,6.11,6.17,25.56,49.9,0,1,0,0,0
2026-01-01T01:17:51Z,compressor_trip,COMP_TRIP,-6.5,40.08,40.51,37.22,6.15,6.0,25.6,50.07,0,1,0,0,0
2026-01-01T01:17:52Z,compressor_trip,COMP_TRIP,11.5,39.83,40.08,38.71,6.04,6.09,25.71,49.95,0,1,0,0,0
2026-01-01T01:17:53Z,compressor_trip,COMP_TRIP,1.3,40.09,39.92,38.43,6.0,6.03,25.61,50.07,0,1,0,0,0
2026-01-01T01:17:54Z,compressor_trip,COMP_TRIP,1.2,40.13,39.5,37.67,5.89,5.82,25.58,50.01,0,1,0,0,0
2026-01-01T01:17:55Z,compressor_trip,COMP_TRIP,-6.5,40.1,40.12,38.13,5.89,6.06,25.7,49.93,0,1,0,0,0
2026-01-01T01:17:56Z,compressor_trip,COMP_TRIP,2.1,40.24,39.61,37.36,5.94,5.92,25.57,50.02,0,1,0,0,0
2026-01-01T01:17:57Z,compressor_trip,COMP_TRIP,-3.4,40.41,40.51,38.0,5.96,5.99,25.47,50.0,0,1,0,0,0
2026-01-01T01:17:58Z,compressor_trip,COMP_TRIP,7.5,40.09,40.03,38.3,5.92,6.07,25.35,50.0,0,1,0,0,0
2026-01-01T01:17:59Z,compressor_trip,COMP_TRIP,0.9,40.19,40.47,38.58,6.1,5.97,25.59,50.0,0,1,0,0,0
2026-01-01T01:18:00Z,compressor_trip,COMP_TRIP,12.4,40.31,39.29,38.42,6.16,6.17,25.57,49.99,0,1,0,0,0
2026-01-01T01:18:01Z,compressor_trip,COMP_TRIP,6.3,39.38,40.76,39.4,5.87,6.06,25.68,49.97,0,1,0,0,0
2026-01-01T01:18:02Z,compressor_trip,COMP_TRIP,-13.0,40.43,40.12,38.53,5.99,6.04,25.64,49.93,0,1,0,0,0
2026-01-01T01:18:03Z,compressor_trip,COMP_TRIP,9.0,39.85,39.71,37.99,5.95,5.8,25.63,50.03,0,1,0,0,0
2026-01-01T01:18:04Z,compressor_trip,COMP_TRIP,-10.9,39.81,40.5,39.54,5.9,5.98,25.3,50.1,0,1,0,0,0
2026-01-01T01:18:05Z,compressor_trip,COMP_TRIP,2.8,40.25,40.05,37.76,6.08,5.78,25.52,50.01,0,1,0,0,0
2026-01-01T01:18:06Z,compressor_trip,COMP_TRIP,10.8,39.94,40.2,38.98,6.04,5.99,25.48,50.03,0,1,0,0,0
2026-01-01T01:18:07Z,compressor_trip,COMP_TRIP,13.8,40.03,39.01,37.65,6.03,6.01,25.57,49.93,0,1,0,0,0
2026-01-01T01:18:08Z,compressor_trip,COMP_TRIP,-7.8,40.13,40.06,38.41,6.06,6.13,25.46,50.04,0,1,0,0,0
2026-01-01T01:18:09Z,compressor_trip,COMP_TRIP,9.6,39.62,39.42,38.59,5.88,5.97,25.5,50.03,0,1,0,0,0
2026-01-01T01:18:10Z,compressor_trip,COMP_TRIP,-12.0,40.06,40.91,37.64,6.1,6.14,25.48,50.03,0,1,0,0,0
2026-01-01T01:18:11Z,compressor_trip,COMP_TRIP,-14.4,40.09,40.43,38.3,6.08,6.02,25.38,49.93,0,1,0,0,0
2026-01-01T01:18:12Z,compressor_trip,COMP_TRIP,-23.3,39.85,40.45,38.04,6.06,5.94,25.37,49.95,0,1,0,0,0
2026-01-01T01:18:13Z,compressor_trip,COMP_TRIP,-7.0,40.1,39.55,38.08,6.11,6.04,25.31,49.93,0,1,0,0,0
2026-01-01T01:18:14Z,compressor_trip,COMP_TRIP,13.1,40.5,40.01,38.05,5.89,6.07,25.32,49.99,0,1,0,0,0
2026-01-01T01:18:15Z,compressor_trip,COMP_TRIP,-16.3,40.45,39.57,37.82,5.96,6.22,25.31,49.98,0,1,0,0,0
2026-01-01T01:18:16Z,compressor_trip,COMP_TRIP,-1.1,40.03,39.96,37.57,6.14,5.97,25.48,50.01,0,1,0,0,0
2026-01-01T01:18:17Z,compressor_trip,COMP_TRIP,-5.2,40.04,39.86,38.25,6.01,6.09,25.32,49.97,0,1,0,0,0
2026-01-01T01:18:18Z,compressor_trip,COMP_TRIP,-1.4,40.13,40.65,38.94,5.94,5.88,25.41,50.02,0,1,0,0,0
2026-01-01T01:18:19Z,compressor_trip,COMP_TRIP,8.8,40.1,40.58,38.77,6.07,6.21,25.42,50.03,0,1,0,0,0
2026-01-01T01:18:20Z,compressor_trip,COMP_TRIP,6.2,39.83,40.91,38.32,5.89,6.1,25.48,50.15,0,1,0,0,0
2026-01-01T01:18:21Z,compressor_trip,COMP_TRIP,-0.2,39.89,39.28,39.02,6.01,6.05,25.42,50.01,0,1,0,0,0
2026-01-01T01:18:22Z,compressor_trip,COMP_TRIP,-5.5,39.96,40.14,38.51,6.09,6.06,25.28,49.96,0,1,0,0,0
2026-01-01T01:18:23Z,compressor_trip,COMP_TRIP,-9.1,40.41,40.0,38.85,6.11,6.09,25.36,49.99,0,1,0,0,0
2026-01-01T01:18:24Z,compressor_trip,COMP_TRIP,19.0,40.19,40.96,38.47,6.0,5.91,25.4,49.91,0,1,0,0,0
2026-01-01T01:18:25Z,compressor_trip,COMP_TRIP,1.0,40.19,40.57,36.75,5.94,6.07,25.26,50.01,0,1,0,0,0
2026-01-01T01:18:26Z,compressor_trip,COMP_TRIP,-5.0,40.12,40.08,39.6,6.04,6.05,25.47,49.97,0,1,0,0,0
2026-01-01T01:18:27Z,compressor_trip,COMP_TRIP,0.5,39.77,40.41,38.69,5.95,6.09,25.42,50.06,0,1,0,0,0
2026-01-01T01:18:28Z,compressor_trip,COMP_TRIP,9.3,39.96,39.49,38.58,6.07,6.04,25.46,50.02,0,1,0,0,0
2026-01-01T01:18:29Z,compressor_trip,COMP_TRIP,-6.5,40.0,40.4,38.82,5.9,5.79,25.41,49.95,0,1,0,0,0
2026-01-01T01:18:30Z,compressor_trip,COMP_TRIP,4.5,39.67,40.75,39.64,5.96,6.1,25.45,49.96,0,1,0,0,0
2026-01-01T01:18:31Z,compressor_trip,COMP_TRIP,19.2,39.76,39.34,37.96,5.87,6.09,25.36,49.98,0,1,0,0,0
2026-01-01T01:18:32Z,compressor_trip,COMP_TRIP,8.6,39.97,40.21,38.34,5.99,6.16,25.38,50.03,0,1,0,0,0
2026-01-01T01:18:33Z,compressor_trip,COMP_TRIP,3.0,39.84,39.72,38.72,5.94,6.04,25.52,49.94,0,1,0,0,0
2026-01-01T01:18:34Z,compressor_trip,COMP_TRIP,-21.2,40.16,39.06,38.58,5.99,5.96,25.31,50.0,0,1,0,0,0
2026-01-01T01:18:35Z,compressor_trip,COMP_TRIP,-11.4,40.14,39.56,39.52,5.93,5.9,25.12,50.01,0,1,0,0,0
2026-01-01T01:18:36Z,compressor_trip,COMP_TRIP,0.4,40.02,41.01,39.37,6.1,6.06,25.33,49.99,0,1,0,0,0
2026-01-01T01:18:37Z,compressor_trip,COMP_TRIP,4.6,40.02,39.92,38.29,6.04,6.03,25.3,50.03,0,1,0,0,0
2026-01-01T01:18:38Z,compressor_trip,COMP_TRIP,20.8,40.27,39.51,37.87,5.98,6.01,25.28,50.04,0,1,0,0,0
2026-01-01T01:18:39Z,compressor_trip,COMP_TRIP,-8.0,39.9,40.2,38.07,6.13,6.02,25.18,49.92,0,1,0,0,0
2026-01-01T01:18:40Z,compressor_trip,COMP_TRIP,19.9,39.81,39.93,38.66,5.97,6.02,25.35,49.97,0,1,0,0,0
2026-01-01T01:18:41Z,compressor_trip,COMP_TRIP,2.4,39.9,39.93,38.65,6.05,5.95,25.27,49.97,0,1,0,0,0
2026-01-01T01:18:42Z,compressor_trip,COMP_TRIP,15.2,39.92,40.52,37.6,5.99,6.36,25.22,50.04,0,1,0,0,0
2026-01-01T01:18:43Z,compressor_trip,COMP_TRIP,-8.5,40.13,39.87,39.23,6.04,6.06,25.33,49.94,0,1,0,0,0
2026-01-01T01:18:44Z,compressor_trip,COMP_TRIP,16.3,39.75,40.14,38.54,6.2,6.11,25.24,50.02,0,1,0,0,0
2026-01-01T01:18:45Z,compressor_trip,COMP_TRIP,-24.3,39.94,39.62,38.13,5.94,5.93,25.28,50.03,0,1,0,0,0
2026-01-01T01:18:46Z,compressor_trip,COMP_TRIP,-3.7,39.82,40.58,39.17,5.89,6.0,25.15,50.08,0,1,0,0,0
2026-01-01T01:18:47Z,compressor_trip,COMP_TRIP,2.5,40.48,40.01,38.0,6.0,5.99,25.31,50.01,0,1,0,0,0
2026-01-01T01:18:48Z,compressor_trip,COMP_TRIP,2.0,39.92,39.87,38.08,6.23,5.97,25.27,50.02,0,1,0,0,0
2026-01-01T01:18:49Z,compressor_trip,COMP_TRIP,-6.6,39.75,39.96,37.52,5.89,5.88,25.33,50.0,0,1,0,0,0
2026-01-01T01:18:50Z,compressor_trip,COMP_TRIP,-12.4,39.82,39.6,37.93,5.87,5.93,25.13,50.07,0,1,0,0,0
2026-01-01T01:18:51Z,compressor_trip,COMP_TRIP,12.1,40.08,40.04,38.04,6.05,6.0,25.13,49.94,0,1,0,0,0
2026-01-01T01:18:52Z,compressor_trip,COMP_TRIP,14.0,39.94,39.05,38.47,6.0,6.08,25.24,50.14,0,1,0,0,0
2026-01-01T01:18:53Z,compressor_trip,COMP_TRIP,9.5,39.65,39.48,38.5,5.98,5.98,25.12,49.95,0,1,0,0,0
2026-01-01T01:18:54Z,compressor_trip,COMP_TRIP,-12.1,40.29,39.76,38.68,5.9,5.83,24.98,50.01,0,1,0,0,0
2026-01-01T01:18:55Z,compressor_trip,COMP_TRIP,27.3,40.17,40.1,38.07,6.22,6.03,25.24,50.03,0,1,0,0,0
2026-01-01T01:18:56Z,compressor_trip,COMP_TRIP,-10.4,40.16,39.32,38.63,5.99,5.91,25.08,49.98,0,1,0,0,0
2026-01-01T01:18:57Z,compressor_trip,COMP_TRIP,5.6,39.54,40.45,38.49,6.05,5.97,25.23,50.02,0,1,0,0,0
2026-01-01T01:18:58Z,compressor_trip,COMP_TRIP,-1.3,39.8,39.5,38.38,6.06,6.2,24.98,49.94,0,1,0,0,0
2026-01-01T01:18:59Z,compressor_trip,COMP_TRIP,-2.5,40.2,39.86,38.24,5.95,6.07,25.21,49.93,0,1,0,0,0
2026-01-01T01:19:00Z,compressor_trip,COMP_TRIP,12.6,39.87,40.44,38.19,5.99,5.88,25.24,49.96,0,1,0,0,0
2026-01-01T01:19:01Z,compressor_trip,COMP_TRIP,-12.3,39.98,39.93,37.67,5.86,6.11,25.17,50.01,0,1,0,0,0
2026-01-01T01:19:02Z,compressor_trip,COMP_TRIP,18.0,39.91,39.36,38.56,5.84,5.88,25.24,50.08,0,1,0,0,0
2026-01-01T01:19:03Z,compressor_trip,COMP_TRIP,4.0,40.13,40.39,38.62,5.95,6.0,25.27,50.0,0,1,0,0,0
2026-01-01T01:19:04Z,compressor_trip,COMP_TRIP,6.0,39.79,39.53,39.1,5.91,6.05,25.05,49.93,0,1,0,0,0
2026-01-01T01:19:05Z,compressor_trip,COMP_TRIP,7.5,39.96,40.33,39.22,5.84,6.0,25.13,50.03,0,1,0,0,0
2026-01-01T01:19:06Z,compressor_trip,COMP_TRIP,-4.3,39.88,39.62,38.42,6.04,5.97,25.23,49.95,0,1,0,0,0
2026-01-01T01:19:07Z,compressor_trip,COMP_TRIP,7.6,40.01,40.66,38.55,6.06,5.95,25.01,50.04,0,1,0,0,0
2026-01-01T01:19:08Z,compressor_trip,COMP_TRIP,14.4,40.13,39.89,38.85,6.15,5.98,25.14,50.0,0,1,0,0,0
2026-01-01T01:19:09Z,compressor_trip,COMP_TRIP,17.2,39.91,40.15,39.4,5.86,5.83,25.16,49.95,0,1,0,0,0
2026-01-01T01:19:10Z,compressor_trip,COMP_TRIP,-12.3,40.3,39.77,37.87,5.8,5.84,24.99,49.97,0,1,0,0,0
2026-01-01T01:19:11Z,compressor_trip,COMP_TRIP,-3.0,39.89,40.16,39.04,5.93,6.02,25.06,49.98,0,1,0,0,0
2026-01-01T01:19:12Z,compressor_trip,COMP_TRIP,17.0,39.91,40.6,38.69,6.08,6.04,25.23,50.06,0,1,0,0,0
2026-01-01T01:19:13Z,compressor_trip,COMP_TRIP,13.1,40.13,40.12,38.44,5.95,6.09,25.06,49.99,0,1,0,0,0
2026-01-01T01:19:14Z,compressor_trip,COMP_TRIP,6.9,39.85,38.9,37.82,6.09,5.84,25.0,49.9,0,1,0,0,0
2026-01-01T01:19:15Z,compressor_trip,COMP_TRIP,2.6,40.1,39.96,38.09,6.13,5.83,24.88,49.97,0,1,0,0,0
2026-01-01T01:19:16Z,compressor_trip,COMP_TRIP,-8.7,39.97,39.74,37.53,6.16,6.06,25.04,49.93,0,1,0,0,0
2026-01-01T01:19:17Z,compressor_trip,COMP_TRIP,5.0,40.36,40.45,38.75,6.27,5.97,24.93,49.98,0,1,0,0,0
2026-01-01T01:19:18Z,compressor_trip,COMP_TRIP,-11.3,39.97,40.17,38.71,6.1,5.99,25.14,49.98,0,1,0,0,0
2026-01-01T01:19:19Z,compressor_trip,COMP_TRIP,9.2,40.22,39.31,38.33,6.03,5.94,25.06,50.01,0,1,0,0,0
2026-01-01T01:19:20Z,compressor_trip,COMP_TRIP,2.6,40.45,40.23,38.05,5.97,5.88,25.05,49.91,0,1,0,0,0
2026-01-01T01:19:21Z,compressor_trip,COMP_TRIP,-6.4,39.97,39.06,37.3,5.85,6.06,25.01,50.03,0,1,0,0,0
2026-01-01T01:19:22Z,compressor_trip,COMP_TRIP,1.1,40.13,40.35,38.54,5.99,6.06,25.04,49.96,0,1,0,0,0
2026-01-01T01:19:23Z,compressor_trip,COMP_TRIP,19.3,40.08,40.06,38.34,5.97,6.07,24.9,50.06,0,1,0,0,0
2026-01-01T01:19:24Z,compressor_trip,COMP_TRIP,-5.3,39.99,40.11,38.78,5.98,5.85,24.98,49.99,0,1,0,0,0
2026-01-01T01:19:25Z,compressor_trip,COMP_TRIP,-5.9,39.96,39.79,38.1,6.03,6.0,25.12,49.97,0,1,0,0,0
2026-01-01T01:19:26Z,compressor_trip,COMP_TRIP,-11.4,39.95,39.47,38.05,6.05,6.08,24.87,50.0,0,1,0,0,0
2026-01-01T01:19:27Z,compressor_trip,COMP_TRIP,-30.3,40.14,39.63,38.59,5.92,6.18,25.03,49.99,0,1,0,0,0
2026-01-01T01:19:28Z,compressor_trip,COMP_TRIP,16.8,40.07,39.62,38.75,6.03,5.98,25.07,49.95,0,1,0,0,0
2026-01-01T01:19:29Z,compressor_trip,COMP_TRIP,5.0,40.42,40.55,38.75,6.16,5.99,24.83,49.83,0,1,0,0,0
2026-01-01T01:19:30Z,compressor_trip,COMP_TRIP,13.3,39.98,39.82,38.7,5.9,5.93,24.91,49.91,0,1,0,0,0
2026-01-01T01:19:31Z,compressor_trip,COMP_TRIP,-0.1,40.07,39.3,38.45,6.01,6.0,25.04,49.98,0,1,0,0,0
2026-01-01T01:19:32Z,compressor_trip,COMP_TRIP,-4.7,39.9,39.22,38.87,5.82,5.9,24.99,49.98,0,1,0,0,0
2026-01-01T01:19:33Z,compressor_trip,COMP_TRIP,10.6,39.88,40.27,38.48,6.05,6.04,24.89,50.13,0,1,0,0,0
2026-01-01T01:19:34Z,compressor_trip,COMP_TRIP,-2.5,40.16,38.92,37.98,6.0,6.09,24.94,49.96,0,1,0,0,0
2026-01-01T01:19:35Z,compressor_trip,COMP_TRIP,2.7,39.52,40.33,37.84,5.93,5.94,24.98,49.97,0,1,0,0,0
2026-01-01T01:19:36Z,compressor_trip,COMP_TRIP,9.3,39.89,39.83,38.2,6.12,5.73,25.04,49.95,0,1,0,0,0
2026-01-01T01:19:37Z,compressor_trip,COMP_TRIP,9.0,40.04,39.3,38.18,5.85,5.88,24.79,50.13,0,1,0,0,0
2026-01-01T01:19:38Z,compressor_trip,COMP_TRIP,-9.7,40.41,39.37,38.25,6.0,5.82,24.96,49.95,0,1,0,0,0
2026-01-01T01:19:39Z,compressor_trip,COMP_TRIP,7.3,39.56,39.96,38.84,5.93,6.14,25.05,50.0,0,1,0,0,0
2026-01-01T01:19:40Z,compressor_trip,COMP_TRIP,-3.3,39.66,40.25,37.91,5.98,6.06,24.95,49.99,0,1,0,0,0
2026-01-01T01:19:41Z,compressor_trip,COMP_TRIP,12.7,39.87,41.11,37.64,6.2,5.89,24.82,49.95,0,1,0,0,0
2026-01-01T01:19:42Z,compressor_trip,COMP_TRIP,2.4,39.84,39.72,38.28,6.07,6.07,24.77,50.0,0,1,0,0,0
2026-01-01T01:19:43Z,compressor_trip,COMP_TRIP,-1.3,39.7,41.37,38.71,6.19,6.09,24.88,49.98,0,1,0,0,0
2026-01-01T01:19:44Z,compressor_trip,COMP_TRIP,6.5,39.87,39.89,38.28,5.99,5.99,24.92,50.02,0,1,0,0,0
2026-01-01T01:19:45Z,compressor_trip,COMP_TRIP,5.4,39.52,39.62,38.87,6.03,6.0,24.92,50.01,0,1,0,0,0
2026-01-01T01:19:46Z,compressor_trip,COMP_TRIP,15.6,40.04,39.99,38.87,5.93,5.93,24.86,49.96,0,1,0,0,0
2026-01-01T01:19:47Z,compressor_trip,COMP_TRIP,17.8,39.93,39.72,38.78,6.32,6.04,24.7,49.98,0,1,0,0,0
2026-01-01T01:19:48Z,compressor_trip,COMP_TRIP,6.4,39.84,40.36,38.81,6.24,6.1,24.67,49.99,0,1,0,0,0
2026-01-01T01:19:49Z,compressor_trip,COMP_TRIP,-13.1,39.8,40.5,38.72,6.1,6.19,24.84,49.95,0,1,0,0,0
2026-01-01T01:19:50Z,compressor_trip,COMP_TRIP,6.5,40.26,40.7,38.68,5.94,6.07,24.88,50.01,0,1,0,0,0
2026-01-01T01:19:51Z,compressor_trip,COMP_TRIP,-1.1,40.04,40.78,37.55,6.11,6.05,24.9,50.02,0,1,0,0,0
2026-01-01T01:19:52Z,compressor_trip,COMP_TRIP,-3.7,40.48,39.15,38.48,5.98,5.9,24.86,50.08,0,1,0,0,0
2026-01-01T01:19:53Z,compressor_trip,COMP_TRIP,5.5,39.74,39.62,37.42,6.01,5.94,24.79,50.07,0,1,0,0,0
2026-01-01T01:19:54Z,compressor_trip,COMP_TRIP,-2.8,40.04,39.17,39.38,6.1,6.07,24.85,49.98,0,1,0,0,0
2026-01-01T01:19:55Z,compressor_trip,COMP_TRIP,-6.8,39.91,40.05,37.68,5.87,5.89,24.78,50.04,0,1,0,0,0
2026-01-01T01:19:56Z,compressor_trip,COMP_TRIP,11.7,39.91,40.42,39.37,6.04,6.02,24.79,49.96,0,1,0,0,0
2026-01-01T01:19:57Z,compressor_trip,COMP_TRIP,-4.9,40.04,40.71,38.13,5.98,6.11,24.72,49.91,0,1,0,0,0
2026-01-01T01:19:58Z,compressor_trip,COMP_TRIP,7.2,40.22,39.99,37.96,5.86,5.93,24.74,50.09,0,1,0,0,0
2026-01-01T01:19:59Z,compressor_trip,COMP_TRIP,21.6,39.92,39.62,38.21,6.1,5.92,24.72,50.04,0,1,0,0,0
2026-01-01T01:20:00Z,compressor_trip,COMP_TRIP,0.8,39.75,40.29,38.18,6.13,5.98,24.69,49.97,0,1,0,0,0
2026-01-01T01:20:01Z,compressor_trip,COMP_TRIP,-1.0,39.64,39.9,38.4,6.16,5.96,24.59,50.01,0,1,0,0,0
2026-01-01T01:20:02Z,compressor_trip,COMP_TRIP,-5.3,39.8,40.32,37.47,5.93,6.01,24.64,49.99,0,1,0,0,0
2026-01-01T01:20:03Z,compressor_trip,COMP_TRIP,-0.9,40.11,40.18,38.55,5.95,5.99,24.81,50.04,0,1,0,0,0
2026-01-01T01:20:04Z,compressor_trip,COMP_TRIP,-10.2,40.07,40.19,37.9,5.97,5.91,24.85,50.02,0,1,0,0,0
2026-01-01T01:20:05Z,compressor_trip,COMP_TRIP,-11.5,39.86,40.24,38.22,6.03,5.96,24.58,49.97,0,1,0,0,0
2026-01-01T01:20:06Z,compressor_trip,COMP_TRIP,2.7,40.21,40.39,37.96,6.02,5.99,24.73,49.95,0,1,0,0,0
2026-01-01T01:20:07Z,compressor_trip,COMP_TRIP,5.5,39.86,40.52,38.87,6.06,5.91,24.74,49.91,0,1,0,0,0
2026-01-01T01:20:08Z,compressor_trip,COMP_TRIP,-1.5,39.71,40.23,37.94,6.08,6.02,24.67,50.05,0,1,0,0,0
2026-01-01T01:20:09Z,compressor_trip,COMP_TRIP,21.8,39.91,40.4,38.39,5.93,6.09,24.82,49.9,0,1,0,0,0
2026-01-01T01:20:10Z,compressor_trip,COMP_TRIP,24.8,40.18,40.83,38.38,5.97,5.91,24.75,49.99,0,1,0,0,0
2026-01-01T01:20:11Z,compressor_trip,COMP_TRIP,-2.9,40.28,40.16,37.65,6.06,5.94,24.69,49.98,0,1,0,0,0
2026-01-01T01:20:12Z,compressor_trip,COMP_TRIP,-10.8,40.18,38.78,38.47,5.98,6.16,24.65,50.04,0,1,0,0,0
2026-01-01T01:20:13Z,compressor_trip,COMP_TRIP,-7.7,40.25,38.82,38.6,6.14,5.94,24.71,50.09,0,1,0,0,0
2026-01-01T01:20:14Z,compressor_trip,COMP_TRIP,-9.8,39.5,41.08,38.42,5.8,6.35,24.85,49.93,0,1,0,0,0
2026-01-01T01:20:15Z,compressor_trip,COMP_TRIP,2.9,39.7,40.61,39.37,5.88,6.02,24.6,49.92,0,1,0,0,0
2026-01-01T01:20:16Z,compressor_trip,COMP_TRIP,-12.9,40.04,39.52,37.49,5.76,6.0,24.35,49.95,0,1,0,0,0
2026-01-01T01:20:17Z,compressor_trip,COMP_TRIP,10.8,39.67,39.93,37.68,5.91,6.05,24.66,50.11,0,1,0,0,0
2026-01-01T01:20:18Z,compressor_trip,COMP_TRIP,4.7,39.77,40.08,38.09,5.85,6.03,24.58,50.06,0,1,0,0,0
2026-01-01T01:20:19Z,compressor_trip,COMP_TRIP,-10.8,39.73,40.88,38.19,5.97,6.15,24.86,50.04,0,1,0,0,0
2026-01-01T01:20:20Z,compressor_trip,COMP_TRIP,-8.0,39.88,40.37,38.68,5.8,6.03,24.49,50.01,0,1,0,0,0
2026-01-01T01:20:21Z,compressor_trip,COMP_TRIP,7.4,40.18,39.64,38.6,6.13,6.0,24.42,50.08,0,1,0,0,0
2026-01-01T01:20:22Z,compressor_trip,COMP_TRIP,-8.1,40.08,40.47,37.8,6.03,5.91,24.61,50.01,0,1,0,0,0
2026-01-01T01:20:23Z,compressor_trip,COMP_TRIP,-3.0,40.05,39.49,38.65,6.13,6.05,24.62,50.01,0,1,0,0,0
2026-01-01T01:20:24Z,compressor_trip,COMP_TRIP,-1.0,39.96,40.32,38.54,6.05,5.93,24.59,49.99,0,1,0,0,0
2026-01-01T01:20:25Z,compressor_trip,COMP_TRIP,4.4,40.33,39.9,38.7,6.13,5.99,24.55,49.92,0,1,0,0,0
2026-01-01T01:20:26Z,compressor_trip,COMP_TRIP,-1.5,40.16,39.79,38.33,5.9,6.09,24.49,50.05,0,1,0,0,0
2026-01-01T01:20:27Z,compressor_trip,COMP_TRIP,10.6,40.19,40.44,39.26,5.93,6.04,24.57,50.15,0,1,0,0,0
2026-01-01T01:20:28Z,compressor_trip,COMP_TRIP,-12.2,39.93,41.09,38.36,5.98,6.22,24.52,49.99,0,1,0,0,0
2026-01-01T01:20:29Z,compressor_trip,COMP_TRIP,4.9,40.06,40.34,37.53,5.8,5.92,24.87,49.98,0,1,0,0,0
2026-01-01T01:20:30Z,compressor_trip,COMP_TRIP,-7.9,39.88,39.52,38.62,5.95,5.97,24.35,49.95,0,1,0,0,0
2026-01-01T01:20:31Z,compressor_trip,COMP_TRIP,5.9,39.77,40.15,38.95,6.11,5.9,24.61,49.97,0,1,0,0,0
2026-01-01T01:20:32Z,compressor_trip,COMP_TRIP,6.4,40.2,39.58,38.78,5.92,6.01,24.37,49.97,0,1,0,0,0
2026-01-01T01:20:33Z,compressor_trip,COMP_TRIP,7.1,40.05,40.33,37.66,6.08,5.92,24.65,50.07,0,1,0,0,0
2026-01-01T01:20:34Z,compressor_trip,COMP_TRIP,13.1,39.99,40.2,37.93,5.85,6.19,24.49,50.03,0,1,0,0,0
2026-01-01T01:20:35Z,compressor_trip,COMP_TRIP,-12.3,40.13,40.61,39.19,5.95,5.93,24.54,49.94,0,1,0,0,0
2026-01-01T01:20:36Z,compressor_trip,COMP_TRIP,-2.0,39.9,40.76,38.17,6.01,5.88,24.63,49.95,0,1,0,0,0
2026-01-01T01:20:37Z,compressor_trip,COMP_TRIP,8.9,39.83,40.49,37.54,6.05,6.03,24.4,49.99,0,1,0,0,0
2026-01-01T01:20:38Z,compressor_trip,COMP_TRIP,5.8,40.2,39.96,39.28,5.9,6.09,24.52,50.0,0,1,0,0,0
2026-01-01T01:20:39Z,compressor_trip,COMP_TRIP,-14.7,40.28,40.14,37.74,6.17,5.81,24.45,50.02,0,1,0,0,0
2026-01-01T01:20:40Z,compressor_trip,COMP_TRIP,-0.0,39.91,39.86,38.72,5.98,5.97,24.51,50.0,0,1,0,0,0
2026-01-01T01:20:41Z,compressor_trip,COMP_TRIP,18.8,40.2,39.77,38.46,6.12,6.06,24.51,49.96,0,1,0,0,0
2026-01-01T01:20:42Z,compressor_trip,COMP_TRIP,-4.2,39.8,40.31,38.38,5.92,6.09,24.59,50.04,0,1,0,0,0
2026-01-01T01:20:43Z,compressor_trip,COMP_TRIP,1.6,40.19,40.65,38.52,5.85,6.16,24.45,49.99,0,1,0,0,0
2026-01-01T01:20:44Z,compressor_trip,COMP_TRIP,6.7,40.12,39.84,38.88,6.14,5.79,24.52,50.02,0,1,0,0,0
2026-01-01T01:20:45Z,compressor_trip,COMP_TRIP,2.9,40.02,39.94,38.23,5.94,5.9,24.41,49.99,0,1,0,0,0
2026-01-01T01:20:46Z,compressor_trip,COMP_TRIP,9.0,39.94,40.86,38.13,6.01,6.0,24.59,49.97,0,1,0,0,0
2026-01-01T01:20:47Z,compressor_trip,COMP_TRIP,-10.7,39.34,40.34,38.35,6.04,6.18,24.3,50.01,0,1,0,0,0
2026-01-01T01:20:48Z,compressor_trip,COMP_TRIP,18.5,40.11,40.16,38.24,6.06,5.94,24.46,50.03,0,1,0,0,0
2026-01-01T01:20:49Z,compressor_trip,COMP_TRIP,13.0,39.51,39.78,38.2,6.16,5.82,24.39,49.97,0,1,0,0,0
2026-01-01T01:20:50Z,compressor_trip,COMP_TRIP,10.3,39.98,40.13,38.87,5.98,6.15,24.33,50.02,0,1,0,0,0
2026-01-01T01:20:51Z,compressor_trip,COMP_TRIP,6.9,40.26,40.84,37.32,5.99,6.09,24.38,49.91,0,1,0,0,0
2026-01-01T01:20:52Z,compressor_trip,COMP_TRIP,2.0,39.93,40.38,37.71,6.17,6.03,24.5,49.99,0,1,0,0,0
2026-01-01T01:20:53Z,compressor_trip,COMP_TRIP,7.6,40.09,40.01,38.59,6.18,6.16,24.24,49.93,0,1,0,0,0
2026-01-01T01:20:54Z,compressor_trip,COMP_TRIP,17.8,39.91,39.22,38.92,6.06,6.08,24.43,49.91,0,1,0,0,0
2026-01-01T01:20:55Z,compressor_trip,COMP_TRIP,-2.3,39.85,40.75,38.03,6.14,6.0,24.22,50.05,0,1,0,0,0
2026-01-01T01:20:56Z,compressor_trip,COMP_TRIP,-0.5,40.24,40.38,38.09,5.96,6.08,24.42,49.97,0,1,0,0,0
2026-01-01T01:20:57Z,compressor_trip,COMP_TRIP,-7.3,40.37,40.02,37.91,6.11,5.9,24.34,49.95,0,1,0,0,0
2026-01-01T01:20:58Z,compressor_trip,COMP_TRIP,12.5,40.21,39.02,38.45,6.12,5.89,24.47,50.07,0,1,0,0,0
2026-01-01T01:20:59Z,compressor_trip,COMP_TRIP,3.8,40.06,39.13,38.05,6.03,6.02,24.39,50.0,0,1,0,0,0
2026-01-01T01:21:00Z,compressor_trip,COMP_TRIP,10.5,40.11,40.1,37.96,6.02,5.98,24.42,50.05,0,1,0,0,0
2026-01-01T01:21:01Z,compressor_trip,COMP_TRIP,-18.6,39.88,39.93,38.54,5.99,6.08,24.53,49.94,0,1,0,0,0
2026-01-01T01:21:02Z,compressor_trip,COMP_TRIP,-1.0,40.11,40.38,38.33,6.06,6.08,24.35,49.99,0,1,0,0,0
2026-01-01T01:21:03Z,compressor_trip,COMP_TRIP,-15.1,39.93,40.11,38.25,6.03,5.93,24.27,49.94,0,1,0,0,0
2026-01-01T01:21:04Z,compressor_trip,COMP_TRIP,20.5,39.95,39.68,38.6,5.76,5.79,24.39,50.01,0,1,0,0,0
2026-01-01T01:21:05Z,compressor_trip,COMP_TRIP,14.8,40.12,39.87,38.19,6.13,6.18,24.6,50.0,0,1,0,0,0
2026-01-01T01:21:06Z,compressor_trip,COMP_TRIP,-2.2,39.93,39.91,38.28,5.79,5.95,24.34,50.05,0,1,0,0,0
2026-01-01T01:21:07Z,compressor_trip,COMP_TRIP,-14.7,40.05,40.13,39.22,6.02,5.9,24.3,49.92,0,1,0,0,0
2026-01-01T01:21:08Z,compressor_trip,COMP_TRIP,-2.0,40.09,39.8,38.45,6.17,6.04,24.27,50.01,0,1,0,0,0
2026-01-01T01:21:09Z,compressor_trip,COMP_TRIP,5.4,39.81,40.01,38.16,5.99,5.79,24.41,50.0,0,1,0,0,0
2026-01-01T01:21:10Z,compressor_trip,COMP_TRIP,-7.5,40.03,38.65,38.34,5.93,6.08,24.19,49.99,0,1,0,0,0
2026-01-01T01:21:11Z,compressor_trip,COMP_TRIP,-17.8,40.04,39.47,38.63,5.95,5.87,24.39,50.08,0,1,0,0,0
2026-01-01T01:21:12Z,compressor_trip,COMP_TRIP,-6.9,39.95,39.79,38.27,6.07,6.24,24.24,49.98,0,1,0,0,0
2026-01-01T01:21:13Z,compressor_trip,COMP_TRIP,-7.1,40.17,40.21,38.83,5.93,6.01,24.11,50.04,0,1,0,0,0
2026-01-01T01:21:14Z,compressor_trip,COMP_TRIP,6.9,39.91,39.6,37.42,5.98,5.96,24.26,49.99,0,1,0,0,0
2026-01-01T01:21:15Z,compressor_trip,COMP_TRIP,-15.2,39.8,40.27,37.69,5.88,5.88,24.1,49.95,0,1,0,0,0
2026-01-01T01:21:16Z,compressor_trip,COMP_TRIP,12.4,39.98,40.63,38.8,6.09,6.14,24.27,49.98,0,1,0,0,0
2026-01-01T01:21:17Z,compressor_trip,COMP_TRIP,0.9,40.09,40.64,38.46,6.09,6.02,24.27,49.99,0,1,0,0,0
2026-01-01T01:21:18Z,compressor_trip,COMP_TRIP,9.2,40.09,39.53,37.76,5.99,5.9,24.25,50.02,0,1,0,0,0
2026-01-01T01:21:19Z,compressor_trip,COMP_TRIP,18.6,39.73,39.24,37.69,5.94,5.94,24.08,50.07,0,1,0,0,0
2026-01-01T01:21:20Z,compressor_trip,COMP_TRIP,0.2,39.79,38.78,39.14,5.85,6.1,24.12,50.08,0,1,0,0,0
2026-01-01T01:21:21Z,compressor_trip,COMP_TRIP,14.7,39.85,38.89,39.37,6.06,6.07,24.33,49.99,0,1,0,0,0
2026-01-01T01:21:22Z,compressor_trip,COMP_TRIP,-22.8,40.03,40.25,37.75,6.09,6.18,24.11,50.07,0,1,0,0,0
2026-01-01T01:21:23Z,compressor_trip,COMP_TRIP,22.1,39.98,39.7,38.66,5.9,5.92,24.39,49.96,0,1,0,0,0
2026-01-01T01:21:24Z,compressor_trip,COMP_TRIP,9.5,39.61,40.38,37.95,6.16,6.11,24.34,49.96,0,1,0,0,0
2026-01-01T01:21:25Z,compressor_trip,COMP_TRIP,-1.2,40.1,40.15,38.46,6.1,6.0,24.09,49.99,0,1,0,0,0
2026-01-01T01:21:26Z,compressor_trip,COMP_TRIP,26.2,39.97,40.05,39.19,6.05,5.88,24.36,49.98,0,1,0,0,0
2026-01-01T01:21:27Z,compressor_trip,COMP_TRIP,-0.6,40.07,39.87,37.99,5.94,5.92,24.16,49.93,0,1,0,0,0
2026-01-01T01:21:28Z,compressor_trip,COMP_TRIP,8.5,39.77,40.37,38.08,5.82,5.92,24.19,50.05,0,1,0,0,0
2026-01-01T01:21:29Z,compressor_trip,COMP_TRIP,2.4,39.84,39.33,38.54,6.18,6.06,24.13,50.06,0,1,0,0,0
2026-01-01T01:21:30Z,compressor_trip,COMP_TRIP,0.4,40.16,40.58,38.45,5.98,6.0,24.24,49.96,0,1,0,0,0
2026-01-01T01:21:31Z,compressor_trip,COMP_TRIP,-23.7,40.51,41.2,38.43,6.22,6.07,24.23,49.9,0,1,0,0,0
2026-01-01T01:21:32Z,compressor_trip,COMP_TRIP,10.3,40.19,40.4,38.2,5.92,6.0,24.2,50.06,0,1,0,0,0
2026-01-01T01:21:33Z,compressor_trip,COMP_TRIP,1.9,39.75,40.18,38.79,5.91,6.08,23.98,50.0,0,1,0,0,0
2026-01-01T01:21:34Z,compressor_trip,COMP_TRIP,-8.6,40.06,40.01,38.48,5.91,5.76,24.1,50.03,0,1,0,0,0
2026-01-01T01:21:35Z,compressor_trip,COMP_TRIP,-2.3,40.05,40.11,38.67,5.96,6.01,24.04,50.02,0,1,0,0,0
2026-01-01T01:21:36Z,compressor_trip,COMP_TRIP,-13.1,39.5,39.55,39.06,6.21,6.2,24.03,49.95,0,1,0,0,0
2026-01-01T01:21:37Z,compressor_trip,COMP_TRIP,10.2,39.8,40.09,38.46,6.0,5.81,24.15,50.01,0,1,0,0,0
2026-01-01T01:21:38Z,compressor_trip,COMP_TRIP,-4.3,39.64,39.29,38.43,6.08,6.02,24.17,50.0,0,1,0,0,0
2026-01-01T01:21:39Z,compressor_trip,COMP_TRIP,-12.2,40.12,40.18,38.1,6.02,5.89,24.11,49.97,0,1,0,0,0
2026-01-01T01:21:40Z,compressor_trip,COMP_TRIP,2.0,39.75,40.52,37.99,5.89,6.04,24.15,49.97,0,1,0,0,0
2026-01-01T01:21:41Z,compressor_trip,COMP_TRIP,-5.2,39.95,39.33,39.11,5.92,5.94,24.21,50.02,0,1,0,0,0
2026-01-01T01:21:42Z,compressor_trip,COMP_TRIP,-2.6,40.03,40.37,38.61,6.02,5.95,23.97,50.01,0,1,0,0,0
2026-01-01T01:21:43Z,compressor_trip,COMP_TRIP,-1.2,40.08,39.62,37.91,6.05,5.88,24.18,49.97,0,1,0,0,0
2026-01-01T01:21:44Z,compressor_trip,COMP_TRIP,-1.5,40.13,39.61,39.65,5.91,6.12,24.17,50.02,0,1,0,0,0
2026-01-01T01:21:45Z,compressor_trip,COMP_TRIP,-0.6,39.83,41.33,38.14,5.95,6.24,24.04,49.99,0,1,0,0,0
2026-01-01T01:21:46Z,compressor_trip,COMP_TRIP,12.3,40.05,39.9,38.62,5.96,6.15,24.14,49.89,0,1,0,0,0
2026-01-01T01:21:47Z,compressor_trip,COMP_TRIP,8.5,40.14,39.46,38.22,5.94,6.04,24.24,49.99,0,1,0,0,0
2026-01-01T01:21:48Z,compressor_trip,COMP_TRIP,0.9,40.02,40.52,39.17,6.0,6.07,23.93,49.99,0,1,0,0,0
2026-01-01T01:21:49Z,compressor_trip,COMP_TRIP,1.0,40.29,39.35,38.96,5.94,6.12,24.05,49.97,0,1,0,0,0
2026-01-01T01:21:50Z,compressor_trip,COMP_TRIP,1.1,40.0,40.07,38.03,6.11,5.81,24.15,49.98,0,1,0,0,0
2026-01-01T01:21:51Z,compressor_trip,COMP_TRIP,-0.9,40.05,39.71,38.4,6.06,6.02,23.99,50.07,0,1,0,0,0
2026-01-01T01:21:52Z,compressor_trip,COMP_TRIP,-19.4,39.7,40.17,38.97,5.83,6.21,23.93,50.01,0,1,0,0,0
2026-01-01T01:21:53Z,compressor_trip,COMP_TRIP,9.5,39.71,40.28,38.36,6.07,6.18,24.02,50.0,0,1,0,0,0
2026-01-01T01:21:54Z,compressor_trip,COMP_TRIP,-24.5,39.6,39.6,38.29,5.86,6.0,23.99,50.0,0,1,0,0,0
2026-01-01T01:21:55Z,compressor_trip,COMP_TRIP,-3.6,39.81,40.51,38.79,5.89,5.83,23.91,49.91,0,1,0,0,0
2026-01-01T01:21:56Z,compressor_trip,COMP_TRIP,5.4,39.83,38.57,38.15,6.07,6.13,24.12,50.02,0,1,0,0,0
2026-01-01T01:21:57Z,compressor_trip,COMP_TRIP,9.4,39.94,40.86,38.47,6.16,5.88,23.8,50.0,0,1,0,0,0
2026-01-01T01:21:58Z,compressor_trip,COMP_TRIP,20.1,40.17,39.85,38.41,5.99,5.94,24.08,50.07,0,1,0,0,0
2026-01-01T01:21:59Z,compressor_trip,COMP_TRIP,-8.5,40.16,40.62,38.49,6.1,6.05,24.1,50.05,0,1,0,0,0
2026-01-01T01:22:00Z,compressor_trip,COMP_TRIP,11.1,40.16,40.36,36.86,5.93,6.02,24.04,50.0,0,1,0,0,0
2026-01-01T01:22:01Z,compressor_trip,COMP_TRIP,3.0,40.25,40.63,38.42,6.12,5.83,23.98,50.11,0,1,0,0,0
2026-01-01T01:22:02Z,compressor_trip,COMP_TRIP,12.6,39.98,40.89,38.66,6.2,5.93,23.93,49.99,0,1,0,0,0
2026-01-01T01:22:03Z,compressor_trip,COMP_TRIP,-15.4,40.18,38.92,38.13,5.84,6.04,24.01,50.01,0,1,0,0,0
2026-01-01T01:22:04Z,compressor_trip,COMP_TRIP,3.1,40.04,40.76,38.38,5.91,6.05,23.97,49.96,0,1,0,0,0
2026-01-01T01:22:05Z,compressor_trip,COMP_TRIP,-6.1,40.26,40.42,38.02,5.97,5.94,24.09,50.01,0,1,0,0,0
2026-01-01T01:22:06Z,compressor_trip,COMP_TRIP,-18.0,39.87,40.15,38.99,6.13,5.93,23.85,50.1,0,1,0,0,0
2026-01-01T01:22:07Z,compressor_trip,COMP_TRIP,0.3,40.09,39.11,38.9,5.88,5.98,23.91,50.1,0,1,0,0,0
2026-01-01T01:22:08Z,compressor_trip,COMP_TRIP,-12.5,40.43,38.78,38.5,6.12,6.08,23.81,50.03,0,1,0,0,0
2026-01-01T01:22:09Z,compressor_trip,COMP_TRIP,-1.3,40.12,40.94,38.22,5.95,5.91,24.03,50.04,0,1,0,0,0
2026-01-01T01:22:10Z,compressor_trip,COMP_TRIP,-20.8,39.69,40.0,38.73,6.21,6.18,23.98,50.03,0,1,0,0,0
2026-01-01T01:22:11Z,compressor_trip,COMP_TRIP,3.3,39.83,40.37,37.97,5.98,6.01,23.93,50.01,0,1,0,0,0
2026-01-01T01:22:12Z,compressor_trip,COMP_TRIP,10.3,39.87,39.89,37.91,6.14,5.9,23.88,50.05,0,1,0,0,0
2026-01-01T01:22:13Z,compressor_trip,COMP_TRIP,-8.2,40.11,40.51,38.86,5.85,6.01,23.98,49.96,0,1,0,0,0
2026-01-01T01:22:14Z,compressor_trip,COMP_TRIP,15.3,40.31,39.78,38.04,5.99,6.13,23.83,50.03,0,1,0,0,0
2026-01-01T01:22:15Z,compressor_trip,COMP_TRIP,-10.0,39.83,40.52,38.59,6.11,6.12,23.84,50.01,0,1,0,0,0
2026-01-01T01:22:16Z,compressor_trip,COMP_TRIP,-2.0,40.02,39.66,39.19,6.1,6.07,23.7,50.04,0,1,0,0,0
2026-01-01T01:22:17Z,compressor_trip,COMP_TRIP,1.1,40.2,39.66,38.32,6.0,6.05,23.94,50.06,0,1,0,0,0
2026-01-01T01:22:18Z,compressor_trip,COMP_TRIP,0.0,39.76,40.31,38.76,6.08,5.93,23.8,50.0,0,1,0,0,0
2026-01-01T01:22:19Z,compressor_trip,COMP_TRIP,-19.5,39.84,40.18,38.38,5.94,6.07,23.88,50.06,0,1,0,0,0
2026-01-01T01:22:20Z,compressor_trip,COMP_TRIP,-8.1,39.94,38.86,38.47,5.95,5.82,23.8,49.98,0,1,0,0,0
2026-01-01T01:22:21Z,compressor_trip,COMP_TRIP,-13.9,40.03,40.5,38.41,6.04,6.01,23.93,49.95,0,1,0,0,0
2026-01-01T01:22:22Z,compressor_trip,COMP_TRIP,-2.2,40.19,40.31,37.81,5.93,6.03,23.91,49.94,0,1,0,0,0
2026-01-01T01:22:23Z,compressor_trip,COMP_TRIP,0.7,39.98,39.57,38.1,5.91,6.12,23.93,49.97,0,1,0,0,0
2026-01-01T01:22:24Z,compressor_trip,COMP_TRIP,21.9,39.84,40.0,38.57,5.88,6.02,23.86,50.05,0,1,0,0,0
2026-01-01T01:22:25Z,compressor_trip,COMP_TRIP,-11.4,39.67,39.86,37.41,5.97,5.95,23.96,49.9,0,1,0,0,0
2026-01-01T01:22:26Z,compressor_trip,COMP_TRIP,-7.3,40.34,40.5,38.94,5.89,5.96,23.98,49.95,0,1,0,0,0
2026-01-01T01:22:27Z,compressor_trip,COMP_TRIP,1.5,39.94,40.05,38.07,6.24,6.2,23.73,50.06,0,1,0,0,0
2026-01-01T01:22:28Z,compressor_trip,COMP_TRIP,-16.9,40.25,40.52,38.55,5.89,5.89,23.67,50.06,0,1,0,0,0
2026-01-01T01:22:29Z,compressor_trip,COMP_TRIP,12.1,39.72,40.62,38.81,6.0,6.14,23.69,50.1,0,1,0,0,0
2026-01-01T01:22:30Z,compressor_trip,COMP_TRIP,-5.2,40.07,41.58,38.19,6.06,5.96,23.79,50.06,0,1,0,0,0
2026-01-01T01:22:31Z,compressor_trip,COMP_TRIP,-5.2,40.28,39.41,39.35,5.9,5.8,23.91,50.02,0,1,0,0,0
2026-01-01T01:22:32Z,compressor_trip,COMP_TRIP,4.2,40.22,39.03,38.46,6.29,6.16,23.95,50.01,0,1,0,0,0
2026-01-01T01:22:33Z,compressor_trip,COMP_TRIP,-6.2,39.61,40.34,39.29,6.1,5.93,23.8,49.95,0,1,0,0,0
2026-01-01T01:22:34Z,compressor_trip,COMP_TRIP,-17.4,39.75,39.56,38.42,6.06,5.97,23.81,50.02,0,1,0,0,0
2026-01-01T01:22:35Z,compressor_trip,COMP_TRIP,-4.9,40.15,41.26,38.1,5.99,5.81,23.85,50.03,0,1,0,0,0
2026-01-01T01:22:36Z,compressor_trip,COMP_TRIP,1.6,39.91,40.35,38.22,6.03,6.22,23.81,50.13,0,1,0,0,0
2026-01-01T01:22:37Z,compressor_trip,COMP_TRIP,16.9,40.38,39.61,38.51,5.95,5.94,23.82,50.08,0,1,0,0,0
2026-01-01T01:22:38Z,compressor_trip,COMP_TRIP,9.5,40.25,39.69,38.86,5.8,6.1,23.65,50.0,0,1,0,0,0
2026-01-01T01:22:39Z,compressor_trip,COMP_TRIP,-3.2,40.31,39.73,39.35,5.89,6.02,23.78,50.07,0,1,0,0,0
2026-01-01T01:22:40Z,compressor_trip,COMP_TRIP,-6.3,40.1,39.79,38.2,6.11,5.88,23.64,50.0,0,1,0,0,0
2026-01-01T01:22:41Z,compressor_trip,COMP_TRIP,-3.7,40.25,40.55,38.43,6.12,5.91,23.8,50.01,0,1,0,0,0
2026-01-01T01:22:42Z,compressor_trip,COMP_TRIP,-11.5,39.89,39.92,38.7,5.87,5.99,23.78,50.05,0,1,0,0,0
2026-01-01T01:22:43Z,compressor_trip,COMP_TRIP,-0.3,40.1,39.48,38.39,5.75,5.99,23.6,50.02,0,1,0,0,0
2026-01-01T01:22:44Z,compressor_trip,COMP_TRIP,19.7,39.92,40.26,38.94,6.08,6.04,23.68,50.05,0,1,0,0,0
2026-01-01T01:22:45Z,compressor_trip,COMP_TRIP,-8.6,39.92,40.36,37.9,5.99,6.08,23.97,49.99,0,1,0,0,0
2026-01-01T01:22:46Z,compressor_trip,COMP_TRIP,-2.9,40.08,40.52,39.09,5.95,6.22,23.73,50.08,0,1,0,0,0
2026-01-01T01:22:47Z,compressor_trip,COMP_TRIP,-2.3,40.01,40.07,37.89,5.98,5.97,23.74,49.93,0,1,0,0,0
2026-01-01T01:22:48Z,compressor_trip,COMP_TRIP,-6.4,39.89,39.76,38.89,6.0,5.85,23.73,50.04,0,1,0,0,0
2026-01-01T01:22:49Z,compressor_trip,COMP_TRIP,11.2,40.03,40.81,38.38,6.09,6.09,23.78,50.01,0,1,0,0,0
2026-01-01T01:22:50Z,compressor_trip,COMP_TRIP,9.0,40.09,39.86,38.23,5.98,5.97,23.73,50.09,0,1,0,0,0
2026-01-01T01:22:51Z,compressor_trip,COMP_TRIP,11.7,39.96,40.11,38.95,6.03,5.99,23.91,50.04,0,1,0,0,0
2026-01-01T01:22:52Z,compressor_trip,COMP_TRIP,-13.1,40.1,40.76,38.14,5.85,5.82,23.67,50.02,0,1,0,0,0
2026-01-01T01:22:53Z,compressor_trip,COMP_TRIP,-5.9,40.04,39.98,39.13,6.02,5.7,23.78,50.03,0,1,0,0,0
2026-01-01T01:22:54Z,compressor_trip,COMP_TRIP,14.4,40.41,39.39,38.42,6.0,6.12,23.58,50.01,0,1,0,0,0
2026-01-01T01:22:55Z,compressor_trip,COMP_TRIP,5.0,39.62,40.04,39.08,5.88,5.99,23.63,50.07,0,1,0,0,0
2026-01-01T01:22:56Z,compressor_trip,COMP_TRIP,-8.1,39.77,39.31,37.74,6.04,6.12,23.8,50.04,0,1,0,0,0
2026-01-01T01:22:57Z,compressor_trip,COMP_TRIP,-5.1,40.12,40.61,37.73,5.93,5.98,23.6,50.0,0,1,0,0,0
2026-01-01T01:22:58Z,compressor_trip,COMP_TRIP,20.7,39.93,40.17,38.65,6.06,5.85,23.8,50.01,0,1,0,0,0
2026-01-01T01:22:59Z,compressor_trip,COMP_TRIP,4.1,39.95,39.48,38.0,6.12,6.2,23.52,50.03,0,1,0,0,0
2026-01-01T01:23:00Z,compressor_trip,COMP_TRIP,15.6,39.44,40.46,38.28,5.97,6.06,23.72,50.0,0,1,0,0,0
2026-01-01T01:23:01Z,compressor_trip,COMP_TRIP,-7.8,39.79,40.03,38.21,5.93,5.88,23.72,49.96,0,1,0,0,0
2026-01-01T01:23:02Z,compressor_trip,COMP_TRIP,-2.7,40.05,40.41,37.68,6.06,5.92,23.64,49.98,0,1,0,0,0
2026-01-01T01:23:03Z,compressor_trip,COMP_TRIP,5.8,39.66,40.07,38.1,5.92,5.98,23.57,49.96,0,1,0,0,0
2026-01-01T01:23:04Z,compressor_trip,COMP_TRIP,14.1,39.76,39.6,37.66,6.02,5.98,23.71,50.0,0,1,0,0,0
2026-01-01T01:23:05Z,compressor_trip,COMP_TRIP,6.3,40.13,39.28,38.34,6.12,5.88,23.71,50.06,0,1,0,0,0
2026-01-01T01:23:06Z,compressor_trip,COMP_TRIP,21.5,40.01,40.72,37.78,5.9,6.09,23.72,50.06,0,1,0,0,0
2026-01-01T01:23:07Z,compressor_trip,COMP_TRIP,-14.5,39.68,39.68,37.68,6.1,5.95,23.57,49.92,0,1,0,0,0
2026-01-01T01:23:08Z,compressor_trip,COMP_TRIP,1.0,39.88,40.64,38.0,5.94,6.01,23.83,50.05,0,1,0,0,0
2026-01-01T01:23:09Z,compressor_trip,COMP_TRIP,4.0,40.13,40.17,37.8,6.1,6.11,23.54,50.02,0,1,0,0,0
2026-01-01T01:23:10Z,compressor_trip,COMP_TRIP,1.6,40.08,40.27,38.08,5.96,5.93,23.65,49.98,0,1,0,0,0
2026-01-01T01:23:11Z,compressor_trip,COMP_TRIP,-2.6,39.81,39.83,39.71,5.76,5.88,23.64,49.95,0,1,0,0,0
2026-01-01T01:23:12Z,compressor_trip,COMP_TRIP,-10.0,39.78,39.95,38.38,5.79,5.9,23.71,49.92,0,1,0,0,0
2026-01-01T01:23:13Z,compressor_trip,COMP_TRIP,-14.0,40.1,40.3,37.95,6.13,5.93,23.54,50.02,0,1,0,0,0
2026-01-01T01:23:14Z,compressor_trip,COMP_TRIP,-2.1,39.94,39.51,37.46,6.02,6.04,23.76,49.95,0,1,0,0,0
2026-01-01T01:23:15Z,compressor_trip,COMP_TRIP,4.0,39.97,39.46,38.29,6.11,6.0,23.54,49.98,0,1,0,0,0
2026-01-01T01:23:16Z,compressor_trip,COMP_TRIP,4.6,39.83,39.0,38.87,5.87,5.88,23.59,49.92,0,1,0,0,0
2026-01-01T01:23:17Z,compressor_trip,COMP_TRIP,7.5,39.5,39.97,38.24,5.99,6.08,23.64,50.0,0,1,0,0,0
2026-01-01T01:23:18Z,compressor_trip,COMP_TRIP,9.9,39.98,39.62,38.8,5.96,5.9,23.47,50.03,0,1,0,0,0
2026-01-01T01:23:19Z,compressor_trip,COMP_TRIP,2.8,39.54,39.64,38.82,6.02,6.05,23.52,49.96,0,1,0,0,0
2026-01-01T01:23:20Z,compressor_trip,COMP_TRIP,-5.3,40.32,39.72,38.85,5.99,6.02,23.59,49.92,0,1,0,0,0
2026-01-01T01:23:21Z,compressor_trip,COMP_TRIP,0.2,40.07,40.22,37.37,5.86,6.07,23.7,50.05,0,1,0,0,0
2026-01-01T01:23:22Z,compressor_trip,COMP_TRIP,-13.1,39.7,40.5,37.59,6.09,5.97,23.7,49.91,0,1,0,0,0
2026-01-01T01:23:23Z,compressor_trip,COMP_TRIP,3.6,40.37,40.34,38.43,6.06,5.94,23.57,50.0,0,1,0,0,0
2026-01-01T01:23:24Z,compressor_trip,COMP_TRIP,-12.2,40.01,39.38,37.69,6.04,6.05,23.74,49.96,0,1,0,0,0
2026-01-01T01:23:25Z,compressor_trip,COMP_TRIP,-6.7,40.13,40.23,38.48,6.06,5.91,23.66,50.05,0,1,0,0,0
2026-01-01T01:23:26Z,compressor_trip,COMP_TRIP,3.6,40.38,39.57,38.51,6.05,6.02,23.38,50.02,0,1,0,0,0
2026-01-01T01:23:27Z,compressor_trip,COMP_TRIP,-9.7,39.77,39.5,38.59,6.04,6.13,23.66,49.99,0,1,0,0,0
2026-01-01T01:23:28Z,compressor_trip,COMP_TRIP,22.6,40.09,39.88,38.5,5.87,6.03,23.65,49.91,0,1,0,0,0
2026-01-01T01:23:29Z,compressor_trip,COMP_TRIP,11.8,40.32,39.9,38.39,5.94,5.9,23.39,49.99,0,1,0,0,0
2026-01-01T01:23:30Z,compressor_trip,COMP_TRIP,-12.3,40.08,39.41,38.37,6.0,6.07,23.48,50.04,0,1,0,0,0
2026-01-01T01:23:31Z,compressor_trip,COMP_TRIP,-9.8,39.96,39.35,36.86,5.93,6.03,23.3,50.0,0,1,0,0,0
2026-01-01T01:23:32Z,compressor_trip,COMP_TRIP,2.0,40.4,40.61,38.18,5.8,6.08,23.53,50.09,0,1,0,0,0
2026-01-01T01:23:33Z,compressor_trip,COMP_TRIP,-7.9,39.9,41.2,39.47,6.11,5.86,23.55,50.05,0,1,0,0,0
2026-01-01T01:23:34Z,compressor_trip,COMP_TRIP,8.5,40.24,40.41,38.58,5.85,6.05,23.6,49.99,0,1,0,0,0
2026-01-01T01:23:35Z,compressor_trip,COMP_TRIP,-21.2,39.9,40.17,38.78,6.04,5.93,23.38,49.94,0,1,0,0,0
2026-01-01T01:23:36Z,compressor_trip,COMP_TRIP,5.2,39.65,39.65,37.98,5.92,6.04,23.38,49.97,0,1,0,0,0
2026-01-01T01:23:37Z,compressor_trip,COMP_TRIP,9.0,40.32,40.05,38.63,6.09,5.94,23.54,50.14,0,1,0,0,0
2026-01-01T01:23:38Z,compressor_trip,COMP_TRIP,6.1,40.07,40.69,37.76,6.04,6.02,23.49,49.92,0,1,0,0,0
2026-01-01T01:23:39Z,compressor_trip,COMP_TRIP,-9.7,40.18,40.4,38.46,5.97,6.01,23.43,50.02,0,1,0,0,0
2026-01-01T01:23:40Z,compressor_trip,COMP_TRIP,-2.9,39.96,39.48,39.14,6.04,6.02,23.51,49.93,0,1,0,0,0
2026-01-01T01:23:41Z,compressor_trip,COMP_TRIP,9.8,39.87,39.8,38.31,6.09,5.9,23.74,50.06,0,1,0,0,0
2026-01-01T01:23:42Z,compressor_trip,COMP_TRIP,9.4,40.3,39.84,38.36,5.86,5.86,23.36,50.03,0,1,0,0,0
2026-01-01T01:23:43Z,compressor_trip,COMP_TRIP,-11.9,39.71,38.95,38.25,6.04,5.93,23.67,50.05,0,1,0,0,0
2026-01-01T01:23:44Z,compressor_trip,COMP_TRIP,-14.3,40.14,40.47,38.72,5.94,6.01,23.44,49.98,0,1,0,0,0
2026-01-01T01:23:45Z,compressor_trip,COMP_TRIP,20.9,40.01,39.37,38.52,6.16,6.03,23.48,49.95,0,1,0,0,0
2026-01-01T01:23:46Z,compressor_trip,COMP_TRIP,21.1,40.61,40.7,38.45,5.84,6.02,23.34,49.96,0,1,0,0,0
2026-01-01T01:23:47Z,compressor_trip,COMP_TRIP,-1.9,39.88,40.13,38.4,6.04,6.02,23.63,50.03,0,1,0,0,0
2026-01-01T01:23:48Z,compressor_trip,COMP_TRIP,2.9,39.93,39.63,38.92,5.84,6.07,23.41,49.94,0,1,0,0,0
2026-01-01T01:23:49Z,compressor_trip,COMP_TRIP,-7.5,39.83,39.89,39.66,5.9,5.91,23.57,49.92,0,1,0,0,0
2026-01-01T01:23:50Z,compressor_trip,COMP_TRIP,5.8,39.95,39.56,38.91,6.01,6.0,23.58,49.93,0,1,0,0,0
2026-01-01T01:23:51Z,compressor_trip,COMP_TRIP,0.9,40.16,39.81,38.21,6.14,6.18,23.29,50.01,0,1,0,0,0
2026-01-01T01:23:52Z,compressor_trip,COMP_TRIP,8.4,40.06,39.74,39.11,5.95,6.03,23.33,49.94,0,1,0,0,0
2026-01-01T01:23:53Z,compressor_trip,COMP_TRIP,-0.4,39.84,39.87,38.04,6.01,5.96,23.44,50.0,0,1,0,0,0
2026-01-01T01:23:54Z,compressor_trip,COMP_TRIP,10.5,40.2,39.73,38.83,5.99,6.05,23.64,49.98,0,1,0,0,0
2026-01-01T01:23:55Z,compressor_trip,COMP_TRIP,11.2,40.17,40.04,37.93,5.81,6.2,23.57,50.1,0,1,0,0,0
2026-01-01T01:23:56Z,compressor_trip,COMP_TRIP,-1.6,40.01,40.03,37.71,6.01,6.11,23.58,49.94,0,1,0,0,0
2026-01-01T01:23:57Z,compressor_trip,COMP_TRIP,16.6,40.45,40.07,38.8,6.0,6.06,23.42,49.94,0,1,0,0,0
2026-01-01T01:23:58Z,compressor_trip,COMP_TRIP,3.4,39.78,39.53,38.16,6.06,5.98,23.49,50.0,0,1,0,0,0
2026-01-01T01:23:59Z,compressor_trip,COMP_TRIP,0.3,40.04,39.66,38.59,5.94,5.84,23.42,49.99,0,1,0,0,0
2026-01-01T01:24:00Z,compressor_trip,COMP_TRIP,13.7,39.78,40.5,39.33,6.19,6.05,23.3,49.98,0,1,0,0,0
2026-01-01T01:24:01Z,compressor_trip,COMP_TRIP,6.3,40.3,39.18,38.29,5.82,5.91,23.41,49.99,0,1,0,0,0
2026-01-01T01:24:02Z,compressor_trip,COMP_TRIP,-15.0,40.15,39.68,38.05,5.89,6.0,23.41,50.01,0,1,0,0,0
2026-01-01T01:24:03Z,compressor_trip,COMP_TRIP,8.7,40.07,40.5,38.96,5.85,6.08,23.54,49.97,0,1,0,0,0
2026-01-01T01:24:04Z,compressor_trip,COMP_TRIP,31.3,39.89,39.93,38.47,6.06,6.03,23.56,50.09,0,1,0,0,0
2026-01-01T01:24:05Z,compressor_trip,COMP_TRIP,-0.5,39.4,40.09,38.81,6.18,6.12,23.35,50.12,0,1,0,0,0
2026-01-01T01:24:06Z,compressor_trip,COMP_TRIP,-9.0,40.03,39.44,38.93,5.85,5.99,23.42,50.06,0,1,0,0,0
2026-01-01T01:24:07Z,compressor_trip,COMP_TRIP,0.9,40.21,39.48,38.07,6.03,6.0,23.49,49.88,0,1,0,0,0
2026-01-01T01:24:08Z,compressor_trip,COMP_TRIP,-5.9,40.21,39.36,38.24,6.0,5.96,23.41,50.03,0,1,0,0,0
2026-01-01T01:24:09Z,compressor_trip,COMP_TRIP,1.5,39.86,39.63,37.82,6.03,5.92,23.35,49.96,0,1,0,0,0
2026-01-01T01:24:10Z,compressor_trip,COMP_TRIP,4.9,40.27,40.13,37.92,6.03,5.92,23.43,50.04,0,1,0,0,0
2026-01-01T01:24:11Z,compressor_trip,COMP_TRIP,-17.6,40.32,40.36,38.91,6.05,5.95,23.36,50.05,0,1,0,0,0
2026-01-01T01:24:12Z,compressor_trip,COMP_TRIP,-0.3,40.16,40.66,38.33,5.96,5.91,23.38,50.02,0,1,0,0,0
2026-01-01T01:24:13Z,compressor_trip,COMP_TRIP,13.4,40.14,40.14,38.35,5.98,5.87,23.39,49.97,0,1,0,0,0
2026-01-01T01:24:14Z,compressor_trip,COMP_TRIP,-7.4,39.89,40.48,38.51,6.04,5.95,23.34,49.93,0,1,0,0,0
2026-01-01T01:24:15Z,compressor_trip,COMP_TRIP,5.1,40.05,38.1,37.32,5.94,6.06,23.41,50.05,0,1,0,0,0
2026-01-01T01:24:16Z,compressor_trip,COMP_TRIP,-5.4,39.66,40.14,38.51,5.94,6.03,23.45,50.0,0,1,0,0,0
2026-01-01T01:24:17Z,compressor_trip,COMP_TRIP,-12.3,40.43,40.04,37.3,5.99,6.02,23.23,49.97,0,1,0,0,0
2026-01-01T01:24:18Z,compressor_trip,COMP_TRIP,6.2,40.06,40.3,38.93,5.89,5.9,23.42,49.93,0,1,0,0,0
2026-01-01T01:24:19Z,compressor_trip,COMP_TRIP,19.7,39.85,40.04,37.8,5.98,6.02,23.54,50.04,0,1,0,0,0
2026-01-01T01:24:20Z,compressor_trip,COMP_TRIP,4.6,40.0,39.74,38.22,6.15,5.96,23.51,50.01,0,1,0,0,0
2026-01-01T01:24:21Z,compressor_trip,COMP_TRIP,-2.1,40.03,39.17,37.26,5.96,5.93,23.36,49.96,0,1,0,0,0
2026-01-01T01:24:22Z,compressor_trip,COMP_TRIP,3.7,39.78,40.18,37.46,6.09,6.18,23.31,49.94,0,1,0,0,0
2026-01-01T01:24:23Z,compressor_trip,COMP_TRIP,-10.4,40.01,40.57,37.74,6.04,6.24,23.32,49.98,0,1,0,0,0
2026-01-01T01:24:24Z,compressor_trip,COMP_TRIP,3.0,39.97,39.8,38.96,5.98,6.07,23.37,49.86,0,1,0,0,0
2026-01-01T01:24:25Z,compressor_trip,COMP_TRIP,-10.5,39.9,40.47,38.28,5.98,5.92,23.36,50.02,0,1,0,0,0
2026-01-01T01:24:26Z,compressor_trip,COMP_TRIP,0.2,39.95,40.36,37.5,5.89,6.02,23.19,49.95,0,1,0,0,0
2026-01-01T01:24:27Z,compressor_trip,COMP_TRIP,-2.5,39.87,40.92,39.3,5.9,6.12,23.31,50.01,0,1,0,0,0
2026-01-01T01:24:28Z,compressor_trip,COMP_TRIP,14.2,40.11,40.15,38.52,5.89,5.98,23.32,49.96,0,1,0,0,0
2026-01-01T01:24:29Z,compressor_trip,COMP_TRIP,-5.8,39.61,39.57,38.42,5.96,5.99,23.39,50.02,0,1,0,0,0
2026-01-01T01:24:30Z,compressor_trip,COMP_TRIP,0.8,39.96,40.19,39.37,6.07,6.06,23.35,49.98,0,1,0,0,0
2026-01-01T01:24:31Z,compressor_trip,COMP_TRIP,-10.1,40.15,39.94,38.37,5.97,6.04,23.56,50.04,0,1,0,0,0
2026-01-01T01:24:32Z,compressor_trip,COMP_TRIP,5.1,39.8,39.83,38.13,5.97,6.06,23.34,49.98,0,1,0,0,0
2026-01-01T01:24:33Z,compressor_trip,COMP_TRIP,4.9,40.27,40.66,38.74,6.06,5.98,23.38,49.94,0,1,0,0,0
2026-01-01T01:24:34Z,compressor_trip,COMP_TRIP,-18.0,39.86,40.21,38.02,6.2,6.1,23.27,50.07,0,1,0,0,0
2026-01-01T01:24:35Z,compressor_trip,COMP_TRIP,13.6,40.15,40.05,38.28,5.95,6.01,23.26,50.0,0,1,0,0,0
2026-01-01T01:24:36Z,compressor_trip,COMP_TRIP,-0.4,39.81,39.78,37.79,5.9,5.97,23.33,49.97,0,1,0,0,0
2026-01-01T01:24:37Z,compressor_trip,COMP_TRIP,-8.2,39.62,40.17,39.66,5.97,6.04,23.23,50.02,0,1,0,0,0
2026-01-01T01:24:38Z,compressor_trip,COMP_TRIP,18.3,40.4,40.94,38.61,5.91,5.96,23.34,50.03,0,1,0,0,0
2026-01-01T01:24:39Z,compressor_trip,COMP_TRIP,6.9,39.87,40.72,38.77,5.96,6.06,23.27,49.99,0,1,0,0,0
2026-01-01T01:24:40Z,compressor_trip,COMP_TRIP,-5.3,40.08,40.77,37.52,6.1,5.84,23.44,50.11,0,1,0,0,0
2026-01-01T01:24:41Z,compressor_trip,COMP_TRIP,-4.4,40.01,40.25,38.02,5.93,5.92,23.23,50.03,0,1,0,0,0
2026-01-01T01:24:42Z,compressor_trip,COMP_TRIP,16.9,40.11,40.22,39.78,6.09,5.97,23.26,50.03,0,1,0,0,0
2026-01-01T01:24:43Z,compressor_trip,COMP_TRIP,7.1,40.1,39.22,38.38,6.12,6.02,23.31,50.02,0,1,0,0,0
2026-01-01T01:24:44Z,compressor_trip,COMP_TRIP,-6.8,40.13,40.36,38.64,5.86,5.98,23.25,50.05,0,1,0,0,0
2026-01-01T01:24:45Z,compressor_trip,COMP_TRIP,17.0,39.92,40.06,38.78,5.81,5.78,23.32,49.96,0,1,0,0,0
2026-01-01T01:24:46Z,compressor_trip,COMP_TRIP,-3.4,39.69,40.47,38.25,5.99,5.86,23.37,50.02,0,1,0,0,0
2026-01-01T01:24:47Z,compressor_trip,COMP_TRIP,1.8,39.56,40.34,38.45,6.1,6.0,23.18,50.06,0,1,0,0,0
2026-01-01T01:24:48Z,compressor_trip,COMP_TRIP,-13.0,39.92,39.93,38.45,5.84,5.89,23.25,49.99,0,1,0,0,0
2026-01-01T01:24:49Z,compressor_trip,COMP_TRIP,5.0,39.98,40.65,38.33,6.1,6.16,23.11,50.02,0,1,0,0,0
2026-01-01T01:24:50Z,compressor_trip,COMP_TRIP,2.6,39.85,40.41,38.68,6.03,6.05,23.17,49.95,0,1,0,0,0
2026-01-01T01:24:51Z,compressor_trip,COMP_TRIP,29.2,39.79,39.92,37.66,5.93,6.1,23.24,49.93,0,1,0,0,0
2026-01-01T01:24:52Z,compressor_trip,COMP_TRIP,7.0,39.75,40.06,38.11,6.01,6.01,23.37,49.9,0,1,0,0,0
2026-01-01T01:24:53Z,compressor_trip,COMP_TRIP,4.1,39.99,40.35,38.47,6.02,5.91,23.21,50.05,0,1,0,0,0
2026-01-01T01:24:54Z,compressor_trip,COMP_TRIP,-2.1,40.15,40.18,37.62,5.96,5.84,23.4,50.07,0,1,0,0,0
2026-01-01T01:24:55Z,compressor_trip,COMP_TRIP,21.7,39.81,39.91,38.56,5.96,6.13,23.08,50.1,0,1,0,0,0
2026-01-01T01:24:56Z,compressor_trip,COMP_TRIP,3.1,39.98,39.26,37.63,6.16,5.98,23.16,50.05,0,1,0,0,0
2026-01-01T01:24:57Z,compressor_trip,COMP_TRIP,10.4,39.97,40.23,38.27,5.95,6.02,23.22,50.05,0,1,0,0,0
2026-01-01T01:24:58Z,compressor_trip,COMP_TRIP,20.7,40.27,39.5,37.99,6.07,5.97,23.33,50.02,0,1,0,0,0
2026-01-01T01:24:59Z,compressor_trip,COMP_TRIP,-0.9,40.21,39.96,38.54,6.05,5.91,23.17,50.01,0,1,0,0,0
2026-01-01T01:25:00Z,compressor_trip,COMP_TRIP,9.8,40.08,40.24,38.81,5.89,6.19,23.26,50.07,0,1,0,0,0
2026-01-01T01:25:01Z,compressor_trip,COMP_TRIP,6.2,40.31,39.69,38.5,6.01,6.02,23.14,49.98,0,1,0,0,0
2026-01-01T01:25:02Z,compressor_trip,COMP_TRIP,8.7,40.08,39.9,38.2,6.0,6.28,23.14,49.97,0,1,0,0,0
2026-01-01T01:25:03Z,compressor_trip,COMP_TRIP,-12.1,39.92,39.49,38.22,5.95,5.95,23.3,49.93,0,1,0,0,0
2026-01-01T01:25:04Z,compressor_trip,COMP_TRIP,-15.9,39.71,41.1,38.58,6.02,5.75,23.27,50.06,0,1,0,0,0
2026-01-01T01:25:05Z,compressor_trip,COMP_TRIP,-15.8,39.56,39.78,38.5,6.07,5.84,23.28,49.99,0,1,0,0,0
2026-01-01T01:25:06Z,compressor_trip,COMP_TRIP,-1.8,40.2,40.53,38.2,5.99,6.13,23.16,50.02,0,1,0,0,0
2026-01-01T01:25:07Z,compressor_trip,COMP_TRIP,10.2,39.85,40.15,38.32,5.94,5.87,23.44,50.0,0,1,0,0,0
2026-01-01T01:25:08Z,compressor_trip,COMP_TRIP,0.4,40.58,40.64,38.26,6.06,6.09,23.32,50.01,0,1,0,0,0
2026-01-01T01:25:09Z,compressor_trip,COMP_TRIP,9.0,39.84,40.2,38.59,5.95,6.07,23.23,49.97,0,1,0,0,0
2026-01-01T01:25:10Z,compressor_trip,COMP_TRIP,-19.4,39.93,39.8,38.8,6.06,6.0,23.37,49.95,0,1,0,0,0
2026-01-01T01:25:11Z,compressor_trip,COMP_TRIP,-9.9,39.95,40.12,38.18,6.0,5.95,23.28,49.92,0,1,0,0,0
2026-01-01T01:25:12Z,compressor_trip,COMP_TRIP,-17.1,39.94,40.39,39.31,6.06,5.84,23.33,49.93,0,1,0,0,0
2026-01-01T01:25:13Z,compressor_trip,COMP_TRIP,-0.9,40.03,39.68,38.54,6.15,6.01,23.19,50.02,0,1,0,0,0
2026-01-01T01:25:14Z,compressor_trip,COMP_TRIP,-11.3,39.91,40.81,38.5,5.93,5.92,23.13,50.02,0,1,0,0,0
2026-01-01T01:25:15Z,compressor_trip,COMP_TRIP,-1.4,39.93,40.17,38.21,6.02,6.0,23.13,50.0,0,1,0,0,0
2026-01-01T01:25:16Z,compressor_trip,COMP_TRIP,-13.1,40.07,40.41,38.34,6.07,5.95,23.25,49.98,0,1,0,0,0
2026-01-01T01:25:17Z,compressor_trip,COMP_TRIP,7.8,39.78,40.25,38.38,5.96,6.11,23.2,49.95,0,1,0,0,0
2026-01-01T01:25:18Z,compressor_trip,COMP_TRIP,-8.1,39.94,40.57,38.91,5.89,5.88,23.09,50.04,0,1,0,0,0
2026-01-01T01:25:19Z,compressor_trip,COMP_TRIP,-10.5,39.83,39.71,38.47,5.88,6.11,23.19,50.08,0,1,0,0,0
2026-01-01T01:25:20Z,compressor_trip,COMP_TRIP,5.1,40.5,40.55,38.21,6.14,6.04,23.14,49.98,0,1,0,0,0
2026-01-01T01:25:21Z,compressor_trip,COMP_TRIP,-1.4,39.95,39.28,38.86,5.89,5.75,23.23,49.98,0,1,0,0,0
2026-01-01T01:25:22Z,compressor_trip,COMP_TRIP,-3.4,39.84,40.54,38.47,5.8,5.98,23.24,50.05,0,1,0,0,0
2026-01-01T01:25:23Z,compressor_trip,COMP_TRIP,-9.8,39.99,39.93,38.2,5.93,5.92,23.32,49.96,0,1,0,0,0
2026-01-01T01:25:24Z,compressor_trip,COMP_TRIP,-9.2,39.81,39.94,38.41,5.97,5.94,23.17,50.08,0,1,0,0,0
2026-01-01T01:25:25Z,compressor_trip,COMP_TRIP,-15.1,40.12,40.08,38.77,6.07,6.02,23.44,50.07,0,1,0,0,0
2026-01-01T01:25:26Z,compressor_trip,COMP_TRIP,1.4,40.07,39.58,39.02,5.96,5.82,23.15,49.97,0,1,0,0,0
2026-01-01T01:25:27Z,compressor_trip,COMP_TRIP,3.4,40.07,40.56,38.4,6.05,5.97,23.07,50.01,0,1,0,0,0
2026-01-01T01:25:28Z,compressor_trip,COMP_TRIP,-20.2,39.9,40.0,37.59,5.97,6.08,23.37,49.97,0,1,0,0,0
2026-01-01T01:25:29Z,compressor_trip,COMP_TRIP,2.8,39.8,39.63,39.41,6.04,6.0,23.22,50.03,0,1,0,0,0
2026-01-01T01:25:30Z,compressor_trip,COMP_TRIP,-13.1,39.94,39.7,38.6,5.99,5.99,23.0,49.98,0,1,0,0,0
2026-01-01T01:25:31Z,compressor_trip,COMP_TRIP,6.0,39.9,39.85,38.35,5.96,6.14,22.98,50.01,0,1,0,0,0
2026-01-01T01:25:32Z,compressor_trip,COMP_TRIP,7.8,39.87,40.06,38.36,5.97,5.99,23.03,49.89,0,1,0,0,0
2026-01-01T01:25:33Z,compressor_trip,COMP_TRIP,9.5,39.86,39.4,37.83,5.96,5.93,23.31,49.97,0,1,0,0,0
2026-01-01T01:25:34Z,compressor_trip,COMP_TRIP,4.9,40.22,40.09,38.56,6.04,6.15,23.36,50.03,0,1,0,0,0
2026-01-01T01:25:35Z,compressor_trip,COMP_TRIP,-6.7,39.96,40.34,37.51,6.11,6.06,23.08,49.94,0,1,0,0,0
2026-01-01T01:25:36Z,compressor_trip,COMP_TRIP,8.1,40.41,40.05,37.74,6.05,6.16,23.22,50.0,0,1,0,0,0
2026-01-01T01:25:37Z,compressor_trip,COMP_TRIP,-0.5,39.99,40.49,38.04,5.99,5.92,23.16,50.01,0,1,0,0,0
2026-01-01T01:25:38Z,compressor_trip,COMP_TRIP,-2.3,40.2,39.3,38.01,6.05,6.14,22.97,50.05,0,1,0,0,0
2026-01-01T01:25:39Z,compressor_trip,COMP_TRIP,2.1,40.14,39.9,37.68,6.05,5.96,22.97,50.01,0,1,0,0,0
2026-01-01T01:25:40Z,compressor_trip,COMP_TRIP,-11.9,39.91,39.3,39.21,5.97,5.95,23.07,49.94,0,1,0,0,0
2026-01-01T01:25:41Z,compressor_trip,COMP_TRIP,6.1,40.03,40.18,38.95,5.88,6.08,23.12,50.04,0,1,0,0,0
2026-01-01T01:25:42Z,compressor_trip,COMP_TRIP,9.7,39.88,39.5,38.33,6.07,6.1,23.1,50.0,0,1,0,0,0
2026-01-01T01:25:43Z,compressor_trip,COMP_TRIP,11.9,40.37,39.76,37.83,6.08,6.04,23.24,50.01,0,1,0,0,0
2026-01-01T01:25:44Z,compressor_trip,COMP_TRIP,-10.8,40.12,40.28,38.93,6.01,6.14,23.14,50.07,0,1,0,0,0
2026-01-01T01:25:45Z,compressor_trip,COMP_TRIP,-6.7,40.25,40.14,39.23,6.12,6.05,23.25,50.11,0,1,0,0,0
2026-01-01T01:25:46Z,compressor_trip,COMP_TRIP,4.4,40.2,40.22,38.34,5.92,6.04,23.05,49.98,0,1,0,0,0
2026-01-01T01:25:47Z,compressor_trip,COMP_TRIP,2.0,39.74,39.95,38.03,6.06,5.99,22.97,50.03,0,1,0,0,0
2026-01-01T01:25:48Z,compressor_trip,COMP_TRIP,4.1,39.81,40.13,38.24,5.81,6.09,23.19,49.92,0,1,0,0,0
2026-01-01T01:25:49Z,compressor_trip,COMP_TRIP,17.1,40.53,40.2,37.95,5.97,5.99,23.01,49.98,0,1,0,0,0
2026-01-01T01:25:50Z,compressor_trip,COMP_TRIP,4.1,40.02,39.94,38.21,6.12,6.17,23.18,50.0,0,1,0,0,0
2026-01-01T01:25:51Z,compressor_trip,COMP_TRIP,22.8,40.35,40.09,38.3,5.84,5.94,23.19,50.05,0,1,0,0,0
2026-01-01T01:25:52Z,compressor_trip,COMP_TRIP,-3.2,40.17,40.36,39.25,5.74,5.92,23.06,50.01,0,1,0,0,0
2026-01-01T01:25:53Z,compressor_trip,COMP_TRIP,16.1,39.84,40.38,38.8,6.02,6.0,22.95,50.04,0,1,0,0,0
2026-01-01T01:25:54Z,compressor_trip,COMP_TRIP,-11.1,39.81,39.91,38.56,6.01,6.13,23.11,49.99,0,1,0,0,0
2026-01-01T01:25:55Z,compressor_trip,COMP_TRIP,-7.2,40.18,40.46,38.63,5.86,5.96,23.19,49.99,0,1,0,0,0
2026-01-01T01:25:56Z,compressor_trip,COMP_TRIP,6.8,39.94,40.02,39.22,6.05,5.91,23.26,50.05,0,1,0,0,0
2026-01-01T01:25:57Z,compressor_trip,COMP_TRIP,-1.0,40.14,39.43,38.47,5.88,6.0,22.95,49.97,0,1,0,0,0
2026-01-01T01:25:58Z,compressor_trip,COMP_TRIP,-1.5,40.18,40.02,38.59,6.23,5.96,22.93,49.99,0,1,0,0,0
2026-01-01T01:25:59Z,compressor_trip,COMP_TRIP,-8.0,40.06,40.77,37.64,6.05,6.13,23.11,50.0,0,1,0,0,0
2026-01-01T01:26:00Z,compressor_trip,COMP_TRIP,5.4,40.12,40.47,38.41,6.07,5.9,23.13,50.01,0,1,0,0,0
2026-01-01T01:26:01Z,compressor_trip,COMP_TRIP,-12.0,40.03,39.35,37.8,5.89,5.93,23.17,50.02,0,1,0,0,0
2026-01-01T01:26:02Z,compressor_trip,COMP_TRIP,0.6,40.01,40.08,39.19,6.02,6.06,23.06,50.03,0,1,0,0,0
2026-01-01T01:26:03Z,compressor_trip,COMP_TRIP,8.3,39.39,39.98,38.28,6.02,6.07,23.0,49.96,0,1,0,0,0
2026-01-01T01:26:04Z,compressor_trip,COMP_TRIP,9.8,39.84,40.81,38.45,5.92,6.18,23.18,50.0,0,1,0,0,0
2026-01-01T01:26:05Z,compressor_trip,COMP_TRIP,8.3,39.78,39.07,37.78,6.12,6.0,23.06,49.94,0,1,0,0,0
2026-01-01T01:26:06Z,compressor_trip,COMP_TRIP,-4.8,39.9,40.23,38.53,5.98,6.06,22.98,50.01,0,1,0,0,0
2026-01-01T01:26:07Z,compressor_trip,COMP_TRIP,-2.4,40.18,41.01,38.68,5.91,6.06,23.0,50.04,0,1,0,0,0
2026-01-01T01:26:08Z,compressor_trip,COMP_TRIP,-6.8,39.98,40.11,38.55,6.22,6.01,22.91,50.0,0,1,0,0,0
2026-01-01T01:26:09Z,compressor_trip,COMP_TRIP,9.1,40.0,40.98,38.78,6.11,5.99,22.93,49.99,0,1,0,0,0
2026-01-01T01:26:10Z,compressor_trip,COMP_TRIP,7.9,39.96,40.48,38.56,6.03,5.84,23.24,49.96,0,1,0,0,0
2026-01-01T01:26:11Z,compressor_trip,COMP_TRIP,-22.6,40.29,39.91,38.23,5.84,6.24,22.97,50.02,0,1,0,0,0
2026-01-01T01:26:12Z,compressor_trip,COMP_TRIP,2.0,39.89,39.87,38.87,5.87,5.91,23.1,50.01,0,1,0,0,0
2026-01-01T01:26:13Z,compressor_trip,COMP_TRIP,3.9,40.33,40.73,37.84,6.18,5.8,23.02,50.04,0,1,0,0,0
2026-01-01T01:26:14Z,compressor_trip,COMP_TRIP,2.0,39.85,40.11,37.92,6.06,6.16,23.07,50.01,0,1,0,0,0
2026-01-01T01:26:15Z,compressor_trip,COMP_TRIP,6.9,40.38,39.12,38.14,5.94,6.15,23.19,49.98,0,1,0,0,0
2026-01-01T01:26:16Z,compressor_trip,COMP_TRIP,-2.3,40.04,39.72,37.46,5.98,5.85,22.89,49.99,0,1,0,0,0
2026-01-01T01:26:17Z,compressor_trip,COMP_TRIP,-2.7,39.99,40.56,38.85,6.1,6.26,23.17,49.98,0,1,0,0,0
2026-01-01T01:26:18Z,compressor_trip,COMP_TRIP,-0.3,40.09,40.16,37.93,6.17,5.89,23.15,49.95,0,1,0,0,0
2026-01-01T01:26:19Z,compressor_trip,COMP_TRIP,3.9,39.91,39.97,37.72,6.1,5.91,23.03,49.96,0,1,0,0,0
2026-01-01T01:26:20Z,compressor_trip,COMP_TRIP,3.6,39.97,40.46,39.16,5.97,6.19,22.97,50.08,0,1,0,0,0
2026-01-01T01:26:21Z,compressor_trip,COMP_TRIP,-10.6,39.83,40.5,38.13,5.95,6.08,23.16,49.93,0,1,0,0,0
2026-01-01T01:26:22Z,compressor_trip,COMP_TRIP,-23.5,40.04,40.67,38.65,6.09,5.97,23.23,49.9,0,1,0,0,0
2026-01-01T01:26:23Z,compressor_trip,COMP_TRIP,-3.7,40.03,39.9,38.18,6.02,5.92,23.06,50.06,0,1,0,0,0
2026-01-01T01:26:24Z,compressor_trip,COMP_TRIP,-9.7,40.02,39.53,38.44,5.87,5.93,23.07,50.03,0,1,0,0,0
2026-01-01T01:26:25Z,compressor_trip,COMP_TRIP,7.6,39.95,39.54,38.06,5.87,6.03,22.96,50.01,0,1,0,0,0
2026-01-01T01:26:26Z,compressor_trip,COMP_TRIP,-27.0,40.17,40.04,38.28,5.93,5.94,22.94,49.9,0,1,0,0,0
2026-01-01T01:26:27Z,compressor_trip,COMP_TRIP,-13.6,39.93,39.59,37.4,6.07,6.22,22.95,49.99,0,1,0,0,0
2026-01-01T01:26:28Z,compressor_trip,COMP_TRIP,-8.7,39.89,39.95,38.65,5.96,5.91,23.03,50.06,0,1,0,0,0
2026-01-01T01:26:29Z,compressor_trip,COMP_TRIP,-10.6,40.11,40.5,38.37,6.08,5.91,22.94,50.01,0,1,0,0,0
2026-01-01T01:26:30Z,compressor_trip,COMP_TRIP,-3.7,39.97,40.24,38.33,5.97,5.92,23.2,50.02,0,1,0,0,0
2026-01-01T01:26:31Z,compressor_trip,COMP_TRIP,-9.8,39.81,39.66,37.59,5.99,6.08,22.94,50.01,0,1,0,0,0
2026-01-01T01:26:32Z,compressor_trip,COMP_TRIP,-5.2,40.12,39.92,37.83,5.97,6.02,22.99,50.05,0,1,0,0,0
2026-01-01T01:26:33Z,compressor_trip,COMP_TRIP,-7.5,39.8,39.97,38.57,5.98,6.04,22.94,49.96,0,1,0,0,0
2026-01-01T01:26:34Z,compressor_trip,COMP_TRIP,8.9,39.92,40.55,38.42,6.06,6.11,23.1,49.98,0,1,0,0,0
2026-01-01T01:26:35Z,compressor_trip,COMP_TRIP,-21.0,40.25,39.81,38.24,6.11,5.93,22.97,49.95,0,1,0,0,0
2026-01-01T01:26:36Z,compressor_trip,COMP_TRIP,-0.3,40.0,39.91,37.94,6.1,6.08,23.01,49.97,0,1,0,0,0
2026-01-01T01:26:37Z,compressor_trip,COMP_TRIP,4.6,39.73,40.5,38.35,6.18,5.94,23.42,49.91,0,1,0,0,0
2026-01-01T01:26:38Z,compressor_trip,COMP_TRIP,-17.0,40.05,40.13,37.5,6.02,5.96,23.21,49.99,0,1,0,0,0
2026-01-01T01:26:39Z,compressor_trip,COMP_TRIP,9.3,40.08,39.33,38.85,5.98,5.81,22.95,50.03,0,1,0,0,0
2026-01-01T01:26:40Z,compressor_trip,COMP_TRIP,0.8,40.14,39.68,38.27,5.93,5.98,23.09,49.99,0,1,0,0,0
2026-01-01T01:26:41Z,compressor_trip,COMP_TRIP,1.6,39.9,39.73,37.77,5.98,6.01,23.04,50.05,0,1,0,0,0
2026-01-01T01:26:42Z,compressor_trip,COMP_TRIP,2.9,39.85,39.88,38.41,5.96,6.09,23.01,50.12,0,1,0,0,0
2026-01-01T01:26:43Z,compressor_trip,COMP_TRIP,0.1,40.15,39.58,38.22,6.04,6.03,22.98,50.01,0,1,0,0,0
2026-01-01T01:26:44Z,compressor_trip,COMP_TRIP,12.0,39.84,40.45,37.77,6.09,5.9,23.21,49.93,0,1,0,0,0
2026-01-01T01:26:45Z,compressor_trip,COMP_TRIP,0.7,40.02,40.74,38.51,6.01,6.02,23.04,50.05,0,1,0,0,0
2026-01-01T01:26:46Z,compressor_trip,COMP_TRIP,14.0,40.05,39.57,38.71,5.98,6.01,23.16,49.97,0,1,0,0,0
2026-01-01T01:26:47Z,compressor_trip,COMP_TRIP,4.6,39.91,40.1,37.97,6.01,5.98,23.0,50.12,0,1,0,0,0
2026-01-01T01:26:48Z,compressor_trip,COMP_TRIP,12.8,39.88,39.64,39.08,5.98,5.95,22.94,50.02,0,1,0,0,0
2026-01-01T01:26:49Z,compressor_trip,COMP_TRIP,8.2,39.76,40.25,38.89,6.22,5.88,22.86,49.96,0,1,0,0,0
2026-01-01T01:26:50Z,compressor_trip,COMP_TRIP,2.4,39.87,40.25,37.93,6.05,5.93,23.06,50.02,0,1,0,0,0
2026-01-01T01:26:51Z,compressor_trip,COMP_TRIP,-2.0,40.35,38.78,38.81,6.17,6.1,22.98,49.88,0,1,0,0,0
2026-01-01T01:26:52Z,compressor_trip,COMP_TRIP,14.3,39.74,40.74,37.96,6.1,6.03,23.09,50.01,0,1,0,0,0
2026-01-01T01:26:53Z,compressor_trip,COMP_TRIP,-3.5,39.98,39.4,37.57,5.93,6.01,23.07,50.05,0,1,0,0,0
2026-01-01T01:26:54Z,compressor_trip,COMP_TRIP,3.2,39.88,39.65,38.0,5.94,5.8,23.0,50.08,0,1,0,0,0
2026-01-01T01:26:55Z,compressor_trip,COMP_TRIP,10.2,40.21,40.78,38.72,5.84,5.96,22.9,50.04,0,1,0,0,0
2026-01-01T01:26:56Z,compressor_trip,COMP_TRIP,-7.8,40.07,40.96,38.72,6.16,5.94,22.91,49.95,0,1,0,0,0
2026-01-01T01:26:57Z,compressor_trip,COMP_TRIP,-13.5,39.98,40.59,37.93,6.13,5.75,22.93,50.08,0,1,0,0,0
2026-01-01T01:26:58Z,compressor_trip,COMP_TRIP,-0.5,40.13,39.12,37.46,5.83,6.08,22.83,49.98,0,1,0,0,0
2026-01-01T01:26:59Z,compressor_trip,COMP_TRIP,5.0,39.73,38.49,38.43,6.15,6.09,23.1,49.82,0,1,0,0,0
2026-01-01T01:27:00Z,compressor_trip,COMP_TRIP,-3.3,40.31,40.27,37.47,6.01,6.17,23.05,49.94,0,1,0,0,0
2026-01-01T01:27:01Z,compressor_trip,COMP_TRIP,-0.6,40.09,40.3,38.08,5.86,6.15,23.07,49.98,0,1,0,0,0
2026-01-01T01:27:02Z,compressor_trip,COMP_TRIP,-1.1,40.34,39.79,38.02,5.98,6.16,23.06,50.01,0,1,0,0,0
2026-01-01T01:27:03Z,compressor_trip,COMP_TRIP,-10.9,39.8,39.85,38.21,5.88,5.88,22.95,50.05,0,1,0,0,0
2026-01-01T01:27:04Z,compressor_trip,COMP_TRIP,2.1,40.21,39.58,39.18,6.01,6.09,23.02,50.04,0,1,0,0,0
2026-01-01T01:27:05Z,compressor_trip,COMP_TRIP,13.2,39.94,40.0,39.45,6.01,5.87,23.0,49.96,0,1,0,0,0
2026-01-01T01:27:06Z,compressor_trip,COMP_TRIP,13.2,40.03,40.56,39.35,6.0,5.95,22.89,50.09,0,1,0,0,0
2026-01-01T01:27:07Z,compressor_trip,COMP_TRIP,12.3,39.93,40.05,39.43,5.96,6.05,23.05,50.0,0,1,0,0,0
2026-01-01T01:27:08Z,compressor_trip,COMP_TRIP,0.8,39.72,40.03,38.06,6.05,6.13,23.07,49.98,0,1,0,0,0
2026-01-01T01:27:09Z,compressor_trip,COMP_TRIP,11.9,39.81,40.06,37.92,5.87,6.19,23.21,50.0,0,1,0,0,0
2026-01-01T01:27:10Z,compressor_trip,COMP_TRIP,6.5,39.89,39.51,38.41,5.87,6.19,22.96,49.99,0,1,0,0,0
2026-01-01T01:27:11Z,compressor_trip,COMP_TRIP,7.2,39.99,40.03,39.06,5.99,6.04,22.94,49.98,0,1,0,0,0
2026-01-01T01:27:12Z,compressor_trip,COMP_TRIP,11.7,39.96,39.67,38.83,5.79,6.08,23.05,49.94,0,1,0,0,0
2026-01-01T01:27:13Z,compressor_trip,COMP_TRIP,9.3,39.76,39.47,38.17,5.97,5.81,23.03,50.05,0,1,0,0,0
2026-01-01T01:27:14Z,compressor_trip,COMP_TRIP,4.8,40.29,40.61,38.69,5.91,6.04,22.9,49.92,0,1,0,0,0
2026-01-01T01:27:15Z,compressor_trip,COMP_TRIP,-3.5,39.85,40.03,37.69,5.98,5.81,23.03,49.95,0,1,0,0,0
2026-01-01T01:27:16Z,compressor_trip,COMP_TRIP,-13.0,40.14,39.79,37.96,5.79,6.04,23.12,49.97,0,1,0,0,0
2026-01-01T01:27:17Z,compressor_trip,COMP_TRIP,16.8,39.86,39.53,38.38,5.91,6.03,23.06,49.94,0,1,0,0,0
2026-01-01T01:27:18Z,compressor_trip,COMP_TRIP,5.2,40.02,38.96,38.49,5.97,5.96,23.02,50.09,0,1,0,0,0
2026-01-01T01:27:19Z,compressor_trip,COMP_TRIP,-2.7,39.97,39.6,38.5,5.88,5.93,23.13,49.9,0,1,0,0,0
2026-01-01T01:27:20Z,compressor_trip,COMP_TRIP,-0.3,40.66,40.11,38.68,6.08,6.11,23.02,50.11,0,1,0,0,0
2026-01-01T01:27:21Z,compressor_trip,COMP_TRIP,-1.8,40.3,40.02,38.63,5.78,6.02,22.93,49.93,0,1,0,0,0
2026-01-01T01:27:22Z,compressor_trip,COMP_TRIP,3.7,40.0,40.31,38.52,5.82,6.13,22.82,49.92,0,1,0,0,0
2026-01-01T01:27:23Z,compressor_trip,COMP_TRIP,9.0,40.09,40.13,38.04,6.08,6.08,23.2,49.99,0,1,0,0,0
2026-01-01T01:27:24Z,compressor_trip,COMP_TRIP,-11.5,40.18,39.97,38.58,6.15,6.03,23.04,50.03,0,1,0,0,0
2026-01-01T01:27:25Z,compressor_trip,COMP_TRIP,-5.2,40.16,40.78,38.34,5.95,5.99,22.94,49.9,0,1,0,0,0
2026-01-01T01:27:26Z,compressor_trip,COMP_TRIP,0.0,39.97,40.82,38.43,6.18,6.1,23.04,50.02,0,1,0,0,0
2026-01-01T01:27:27Z,compressor_trip,COMP_TRIP,7.1,40.22,40.91,38.68,5.96,6.0,23.01,49.9,0,1,0,0,0
2026-01-01T01:27:28Z,compressor_trip,COMP_TRIP,-1.9,39.85,40.6,38.2,6.08,6.01,22.89,49.97,0,1,0,0,0
2026-01-01T01:27:29Z,compressor_trip,COMP_TRIP,9.5,40.13,40.23,39.35,5.94,6.18,23.03,50.04,0,1,0,0,0
2026-01-01T01:27:30Z,compressor_trip,COMP_TRIP,7.3,40.13,40.05,38.23,5.86,6.04,22.92,50.0,0,1,0,0,0
2026-01-01T01:27:31Z,compressor_trip,COMP_TRIP,-13.6,39.95,40.23,38.51,6.03,6.02,23.1,50.06,0,1,0,0,0
2026-01-01T01:27:32Z,compressor_trip,COMP_TRIP,-7.7,40.0,39.13,37.57,5.97,5.99,23.07,50.01,0,1,0,0,0
2026-01-01T01:27:33Z,compressor_trip,COMP_TRIP,8.5,40.07,39.57,38.75,6.07,5.92,22.96,50.06,0,1,0,0,0
2026-01-01T01:27:34Z,compressor_trip,COMP_TRIP,-9.1,40.05,39.13,37.83,6.02,5.93,22.89,49.93,0,1,0,0,0
2026-01-01T01:27:35Z,compressor_trip,COMP_TRIP,-5.7,40.24,39.94,38.0,5.86,6.01,23.27,50.07,0,1,0,0,0
2026-01-01T01:27:36Z,compressor_trip,COMP_TRIP,7.0,39.69,39.86,37.75,5.88,5.88,23.15,49.98,0,1,0,0,0
2026-01-01T01:27:37Z,compressor_trip,COMP_TRIP,-19.0,39.9,39.86,38.72,6.01,6.0,23.01,50.03,0,1,0,0,0
2026-01-01T01:27:38Z,compressor_trip,COMP_TRIP,-0.6,40.14,39.92,39.32,6.08,6.16,23.04,50.0,0,1,0,0,0
2026-01-01T01:27:39Z,compressor_trip,COMP_TRIP,14.0,40.41,39.56,38.49,5.94,6.02,23.0,49.93,0,1,0,0,0
2026-01-01T01:27:40Z,compressor_trip,COMP_TRIP,6.0,39.67,40.44,38.68,5.91,5.98,23.19,50.06,0,1,0,0,0
2026-01-01T01:27:41Z,compressor_trip,COMP_TRIP,18.5,40.45,40.1,38.71,6.04,5.89,23.19,50.05,0,1,0,0,0
2026-01-01T01:27:42Z,compressor_trip,COMP_TRIP,4.5,40.18,40.06,38.77,6.17,6.03,23.26,50.04,0,1,0,0,0
2026-01-01T01:27:43Z,compressor_trip,COMP_TRIP,11.0,39.87,40.9,38.25,6.02,6.0,23.13,49.96,0,1,0,0,0
2026-01-01T01:27:44Z,compressor_trip,COMP_TRIP,-13.9,40.13,40.67,38.94,5.92,6.0,23.02,49.97,0,1,0,0,0
2026-01-01T01:27:45Z,compressor_trip,COMP_TRIP,-7.0,40.1,40.27,37.91,5.96,6.0,23.07,50.02,0,1,0,0,0
2026-01-01T01:27:46Z,compressor_trip,COMP_TRIP,-3.9,40.05,39.01,37.98,6.19,5.96,23.3,49.86,0,1,0,0,0
2026-01-01T01:27:47Z,compressor_trip,COMP_TRIP,21.9,39.68,40.22,38.26,5.88,6.2,22.85,50.01,0,1,0,0,0
2026-01-01T01:27:48Z,compressor_trip,COMP_TRIP,-3.7,40.02,39.95,38.42,5.92,6.06,22.99,49.97,0,1,0,0,0
2026-01-01T01:27:49Z,compressor_trip,COMP_TRIP,18.8,39.98,40.46,38.73,6.02,6.2,23.1,49.96,0,1,0,0,0
2026-01-01T01:27:50Z,compressor_trip,COMP_TRIP,-5.9,39.95,38.66,38.69,5.95,6.07,22.95,50.02,0,1,0,0,0
2026-01-01T01:27:51Z,compressor_trip,COMP_TRIP,-11.3,39.87,39.73,37.65,6.03,5.93,23.09,49.96,0,1,0,0,0
2026-01-01T01:27:52Z,compressor_trip,COMP_TRIP,-16.4,40.28,40.79,38.57,6.14,5.98,22.95,49.93,0,1,0,0,0
2026-01-01T01:27:53Z,compressor_trip,COMP_TRIP,7.7,40.03,39.84,37.38,5.91,6.12,23.14,50.02,0,1,0,0,0
2026-01-01T01:27:54Z,compressor_trip,COMP_TRIP,-2.4,39.94,39.47,37.73,5.82,5.83,23.03,49.93,0,1,0,0,0
2026-01-01T01:27:55Z,compressor_trip,COMP_TRIP,1.2,40.14,39.66,37.93,5.91,6.0,23.01,49.99,0,1,0,0,0
2026-01-01T01:27:56Z,compressor_trip,COMP_TRIP,12.0,40.16,39.14,37.33,5.91,6.13,23.09,49.97,0,1,0,0,0
2026-01-01T01:27:57Z,compressor_trip,COMP_TRIP,3.0,39.66,40.22,38.54,6.01,5.85,22.81,49.94,0,1,0,0,0
2026-01-01T01:27:58Z,compressor_trip,COMP_TRIP,1.5,39.98,40.32,39.15,5.91,6.0,23.02,49.95,0,1,0,0,0
2026-01-01T01:27:59Z,compressor_trip,COMP_TRIP,17.7,40.12,40.1,38.34,6.11,5.95,23.03,50.02,0,1,0,0,0
2026-01-01T01:28:00Z,compressor_trip,COMP_TRIP,-7.7,39.98,40.28,39.27,6.02,6.07,23.02,50.01,0,1,0,0,0
2026-01-01T01:28:01Z,compressor_trip,COMP_TRIP,12.2,39.99,39.34,38.65,6.01,5.77,23.04,50.03,0,1,0,0,0
2026-01-01T01:28:02Z,compressor_trip,COMP_TRIP,6.3,39.91,39.84,37.87,6.11,6.14,22.97,50.0,0,1,0,0,0
2026-01-01T01:28:03Z,compressor_trip,COMP_TRIP,10.1,40.03,39.74,38.4,5.97,5.96,22.9,49.99,0,1,0,0,0
2026-01-01T01:28:04Z,compressor_trip,COMP_TRIP,-2.2,39.99,39.86,37.7,5.92,5.95,23.0,50.01,0,1,0,0,0
2026-01-01T01:28:05Z,compressor_trip,COMP_TRIP,-0.7,39.94,39.85,38.76,6.02,5.91,22.86,50.04,0,1,0,0,0
2026-01-01T01:28:06Z,compressor_trip,COMP_TRIP,3.3,40.39,40.23,38.96,6.12,6.13,23.18,49.91,0,1,0,0,0
2026-01-01T01:28:07Z,compressor_trip,COMP_TRIP,-8.0,40.13,39.96,38.78,6.09,6.07,23.11,49.97,0,1,0,0,0
2026-01-01T01:28:08Z,compressor_trip,COMP_TRIP,9.8,39.89,39.83,38.67,6.01,5.92,23.12,49.96,0,1,0,0,0
2026-01-01T01:28:09Z,compressor_trip,COMP_TRIP,7.1,39.55,40.5,38.84,6.09,6.04,22.99,50.01,0,1,0,0,0
2026-01-01T01:28:10Z,compressor_trip,COMP_TRIP,-2.1,39.9,39.58,38.25,5.98,5.98,23.0,49.97,0,1,0,0,0
2026-01-01T01:28:11Z,compressor_trip,COMP_TRIP,-6.6,39.87,40.29,38.14,5.94,6.11,23.16,50.01,0,1,0,0,0
2026-01-01T01:28:12Z,compressor_trip,COMP_TRIP,-4.2,40.21,39.89,38.74,5.97,5.96,23.04,50.0,0,1,0,0,0
2026-01-01T01:28:13Z,compressor_trip,COMP_TRIP,-7.1,39.97,39.76,38.73,6.1,6.2,23.11,49.89,0,1,0,0,0
2026-01-01T01:28:14Z,compressor_trip,COMP_TRIP,-5.3,40.13,40.81,38.16,5.9,5.98,23.13,50.0,0,1,0,0,0
2026-01-01T01:28:15Z,compressor_trip,COMP_TRIP,-5.0,40.11,40.41,38.73,6.04,5.92,23.13,50.02,0,1,0,0,0
2026-01-01T01:28:16Z,compressor_trip,COMP_TRIP,13.6,40.21,39.93,38.29,6.12,6.09,23.0,50.01,0,1,0,0,0
2026-01-01T01:28:17Z,compressor_trip,COMP_TRIP,-9.6,39.77,40.27,38.55,5.84,5.91,23.09,50.09,0,1,0,0,0
2026-01-01T01:28:18Z,compressor_trip,COMP_TRIP,-8.1,39.98,40.78,38.32,5.98,5.95,23.02,50.0,0,1,0,0,0
2026-01-01T01:28:19Z,compressor_trip,COMP_TRIP,-10.9,40.08,40.35,38.67,5.8,5.74,23.14,50.09,0,1,0,0,0
2026-01-01T01:28:20Z,compressor_trip,COMP_TRIP,13.4,40.01,39.83,38.03,5.78,6.02,23.07,50.11,0,1,0,0,0
2026-01-01T01:28:21Z,compressor_trip,COMP_TRIP,6.5,40.0,40.36,37.12,6.01,5.87,23.15,50.05,0,1,0,0,0
2026-01-01T01:28:22Z,compressor_trip,COMP_TRIP,9.7,40.06,40.32,37.8,6.01,5.91,23.08,49.99,0,1,0,0,0
2026-01-01T01:28:23Z,compressor_trip,COMP_TRIP,-2.6,39.86,39.61,38.61,6.06,5.87,22.84,49.96,0,1,0,0,0
2026-01-01T01:28:24Z,compressor_trip,COMP_TRIP,-22.7,39.93,40.08,39.42,5.97,6.06,22.83,50.08,0,1,0,0,0
2026-01-01T01:28:25Z,compressor_trip,COMP_TRIP,-9.0,39.94,39.28,38.2,6.09,6.08,23.07,50.0,0,1,0,0,0
2026-01-01T01:28:26Z,compressor_trip,COMP_TRIP,-0.0,40.0,39.84,38.69,5.88,5.97,22.99,50.04,0,1,0,0,0
2026-01-01T01:28:27Z,compressor_trip,COMP_TRIP,-5.9,40.02,39.85,37.44,6.12,6.18,23.1,50.0,0,1,0,0,0
2026-01-01T01:28:28Z,compressor_trip,COMP_TRIP,26.2,40.25,38.97,38.12,5.85,6.08,23.15,49.99,0,1,0,0,0
2026-01-01T01:28:29Z,compressor_trip,COMP_TRIP,-3.0,39.78,40.47,38.23,6.06,6.05,22.93,50.11,0,1,0,0,0
2026-01-01T01:28:30Z,compressor_trip,COMP_TRIP,12.0,40.11,39.5,38.2,6.08,5.87,23.21,50.06,0,1,0,0,0
2026-01-01T01:28:31Z,compressor_trip,COMP_TRIP,-4.4,39.92,40.29,37.79,6.14,5.81,23.04,49.96,0,1,0,0,0
2026-01-01T01:28:32Z,compressor_trip,COMP_TRIP,-8.4,40.3,40.05,39.06,5.97,5.9,22.94,49.97,0,1,0,0,0
2026-01-01T01:28:33Z,compressor_trip,COMP_TRIP,-8.1,39.81,39.76,38.09,5.94,6.12,23.15,50.01,0,1,0,0,0
2026-01-01T01:28:34Z,compressor_trip,COMP_TRIP,1.1,39.86,40.03,38.87,5.91,5.99,23.13,49.98,0,1,0,0,0
2026-01-01T01:28:35Z,compressor_trip,COMP_TRIP,-7.0,39.99,39.72,38.6,5.86,5.99,23.13,49.99,0,1,0,0,0
2026-01-01T01:28:36Z,compressor_trip,COMP_TRIP,-7.5,39.89,40.62,38.24,5.99,6.01,23.02,49.95,0,1,0,0,0
2026-01-01T01:28:37Z,compressor_trip,COMP_TRIP,13.7,40.16,39.32,37.9,6.2,5.98,23.25,49.91,0,1,0,0,0
2026-01-01T01:28:38Z,compressor_trip,COMP_TRIP,-3.1,40.2,39.36,38.12,6.02,6.02,22.94,50.02,0,1,0,0,0
2026-01-01T01:28:39Z,compressor_trip,COMP_TRIP,-15.1,39.98,39.85,38.03,6.13,5.82,23.14,50.01,0,1,0,0,0
2026-01-01T01:28:40Z,compressor_trip,COMP_TRIP,24.1,39.85,39.71,38.45,5.97,6.17,23.06,50.08,0,1,0,0,0
2026-01-01T01:28:41Z,compressor_trip,COMP_TRIP,-1.0,40.15,40.36,37.85,6.03,6.06,23.21,49.97,0,1,0,0,0
2026-01-01T01:28:42Z,compressor_trip,COMP_TRIP,-13.1,40.2,40.75,37.22,5.94,6.0,23.15,50.0,0,1,0,0,0
2026-01-01T01:28:43Z,compressor_trip,COMP_TRIP,-1.4,39.97,39.9,38.43,5.89,5.95,23.29,49.9,0,1,0,0,0
2026-01-01T01:28:44Z,compressor_trip,COMP_TRIP,-17.6,39.46,39.28,38.65,5.92,5.88,22.96,50.14,0,1,0,0,0
2026-01-01T01:28:45Z,compressor_trip,COMP_TRIP,13.9,39.81,40.37,38.03,6.15,6.02,23.1,50.09,0,1,0,0,0
2026-01-01T01:28:46Z,compressor_trip,COMP_TRIP,-0.1,39.99,39.61,39.02,6.13,6.11,23.08,50.02,0,1,0,0,0
2026-01-01T01:28:47Z,compressor_trip,COMP_TRIP,-2.4,39.84,39.54,37.8,6.03,5.85,23.39,50.0,0,1,0,0,0
2026-01-01T01:28:48Z,compressor_trip,COMP_TRIP,-7.3,40.22,41.03,38.66,5.95,6.02,23.07,49.92,0,1,0,0,0
2026-01-01T01:28:49Z,compressor_trip,COMP_TRIP,22.4,40.15,40.2,37.87,5.94,6.01,23.1,50.06,0,1,0,0,0
2026-01-01T01:28:50Z,compressor_trip,COMP_TRIP,-2.4,40.19,41.2,38.03,6.12,5.96,23.1,50.02,0,1,0,0,0
2026-01-01T01:28:51Z,compressor_trip,COMP_TRIP,-2.4,39.99,39.27,37.73,5.99,5.98,23.09,49.95,0,1,0,0,0
2026-01-01T01:28:52Z,compressor_trip,COMP_TRIP,-1.2,40.22,39.48,37.86,5.81,5.99,23.18,49.98,0,1,0,0,0
2026-01-01T01:28:53Z,compressor_trip,COMP_TRIP,-2.6,39.89,40.87,38.48,5.81,5.92,23.07,50.01,0,1,0,0,0
2026-01-01T01:28:54Z,compressor_trip,COMP_TRIP,1.8,39.79,39.32,38.15,6.05,6.11,23.05,50.01,0,1,0,0,0
2026-01-01T01:28:55Z,compressor_trip,COMP_TRIP,-15.3,40.1,39.74,38.77,5.92,6.05,23.05,50.04,0,1,0,0,0
2026-01-01T01:28:56Z,compressor_trip,COMP_TRIP,24.7,40.08,40.03,38.01,6.11,5.98,23.19,50.04,0,1,0,0,0
2026-01-01T01:28:57Z,compressor_trip,COMP_TRIP,8.4,39.83,40.12,38.5,6.09,6.03,23.14,50.07,0,1,0,0,0
2026-01-01T01:28:58Z,compressor_trip,COMP_TRIP,-4.1,40.13,39.84,39.08,5.92,6.11,22.97,49.9,0,1,0,0,0
2026-01-01T01:28:59Z,compressor_trip,COMP_TRIP,-2.5,40.21,39.94,38.64,5.97,5.91,23.07,50.07,0,1,0,0,0
2026-01-01T01:29:00Z,compressor_trip,COMP_TRIP,1.6,40.13,40.66,38.57,5.98,6.04,23.2,50.01,0,1,0,0,0
2026-01-01T01:29:01Z,compressor_trip,COMP_TRIP,-4.0,40.06,39.47,38.28,6.1,5.9,23.08,50.05,0,1,0,0,0
2026-01-01T01:29:02Z,compressor_trip,COMP_TRIP,6.8,40.22,40.69,38.12,6.01,6.23,23.18,50.02,0,1,0,0,0
2026-01-01T01:29:03Z,compressor_trip,COMP_TRIP,-5.5,39.81,40.54,38.27,6.1,6.06,23.26,49.94,0,1,0,0,0
2026-01-01T01:29:04Z,compressor_trip,COMP_TRIP,-11.1,40.22,38.85,38.69,6.01,6.03,23.15,50.07,0,1,0,0,0
2026-01-01T01:29:05Z,compressor_trip,COMP_TRIP,13.4,40.0,39.86,38.65,6.06,6.05,23.11,49.94,0,1,0,0,0
2026-01-01T01:29:06Z,compressor_trip,COMP_TRIP,-1.0,40.15,38.95,37.59,5.96,6.11,23.13,49.94,0,1,0,0,0
2026-01-01T01:29:07Z,compressor_trip,COMP_TRIP,-13.8,39.84,39.57,38.65,5.99,5.85,23.06,49.99,0,1,0,0,0
2026-01-01T01:29:08Z,compressor_trip,COMP_TRIP,-8.3,40.04,39.91,37.8,6.08,6.03,23.29,50.03,0,1,0,0,0
2026-01-01T01:29:09Z,compressor_trip,COMP_TRIP,-4.0,39.91,40.7,38.72,6.09,5.86,23.16,49.99,0,1,0,0,0
2026-01-01T01:29:10Z,compressor_trip,COMP_TRIP,-6.4,40.27,40.35,38.79,5.89,6.11,23.14,50.0,0,1,0,0,0
2026-01-01T01:29:11Z,compressor_trip,COMP_TRIP,27.1,39.64,38.87,38.17,6.12,5.94,22.92,49.97,0,1,0,0,0
2026-01-01T01:29:12Z,compressor_trip,COMP_TRIP,-12.2,40.09,39.29,39.12,6.05,6.03,23.11,50.0,0,1,0,0,0
2026-01-01T01:29:13Z,compressor_trip,COMP_TRIP,-7.4,40.0,40.16,38.22,5.85,5.98,23.05,50.09,0,1,0,0,0
2026-01-01T01:29:14Z,compressor_trip,COMP_TRIP,12.6,40.21,40.14,36.9,5.93,6.14,23.24,50.09,0,1,0,0,0
2026-01-01T01:29:15Z,compressor_trip,COMP_TRIP,-1.2,39.94,40.0,37.99,5.95,6.11,23.34,49.96,0,1,0,0,0
2026-01-01T01:29:16Z,compressor_trip,COMP_TRIP,18.2,39.99,39.16,38.59,5.89,6.19,23.18,50.03,0,1,0,0,0
2026-01-01T01:29:17Z,compressor_trip,COMP_TRIP,2.9,39.88,39.83,38.4,6.03,6.11,23.03,49.91,0,1,0,0,0
2026-01-01T01:29:18Z,compressor_trip,COMP_TRIP,11.3,40.24,40.47,38.53,6.04,5.81,23.05,50.06,0,1,0,0,0
2026-01-01T01:29:19Z,compressor_trip,COMP_TRIP,-1.0,40.13,39.99,38.37,5.85,5.79,23.2,49.87,0,1,0,0,0
2026-01-01T01:29:20Z,compressor_trip,COMP_TRIP,4.2,40.31,39.84,38.52,5.95,6.04,23.25,49.93,0,1,0,0,0
2026-01-01T01:29:21Z,compressor_trip,COMP_TRIP,-18.3,40.01,39.89,38.59,5.96,5.8,23.19,50.07,0,1,0,0,0
2026-01-01T01:29:22Z,compressor_trip,COMP_TRIP,-3.4,39.52,40.14,38.22,6.05,6.05,23.12,50.04,0,1,0,0,0
2026-01-01T01:29:23Z,compressor_trip,COMP_TRIP,15.6,40.09,40.12,37.98,5.94,6.07,23.1,49.94,0,1,0,0,0
2026-01-01T01:29:24Z,compressor_trip,COMP_TRIP,13.5,39.44,39.63,39.03,6.03,6.05,23.3,50.01,0,1,0,0,0
2026-01-01T01:29:25Z,compressor_trip,COMP_TRIP,-1.5,39.81,40.14,38.06,6.02,5.79,23.52,49.96,0,1,0,0,0
2026-01-01T01:29:26Z,compressor_trip,COMP_TRIP,-0.7,39.99,39.59,38.86,5.91,5.93,23.25,49.98,0,1,0,0,0
2026-01-01T01:29:27Z,compressor_trip,COMP_TRIP,-1.3,40.24,40.47,38.51,5.8,5.92,23.29,50.0,0,1,0,0,0
2026-01-01T01:29:28Z,compressor_trip,COMP_TRIP,-12.4,40.42,39.51,38.74,5.97,5.98,23.24,49.94,0,1,0,0,0
2026-01-01T01:29:29Z,compressor_trip,COMP_TRIP,10.2,39.82,40.07,37.99,6.03,5.87,23.42,50.03,0,1,0,0,0
2026-01-01T01:29:30Z,compressor_trip,COMP_TRIP,-2.4,39.77,40.9,38.16,6.12,5.82,23.37,50.0,0,1,0,0,0
2026-01-01T01:29:31Z,compressor_trip,COMP_TRIP,-0.5,39.9,39.98,38.38,5.99,5.99,23.23,50.1,0,1,0,0,0
2026-01-01T01:29:32Z,compressor_trip,COMP_TRIP,-3.2,40.07,40.03,38.32,5.84,6.1,23.19,50.04,0,1,0,0,0
2026-01-01T01:29:33Z,compressor_trip,COMP_TRIP,-11.4,39.84,40.14,38.37,5.9,6.07,23.13,50.04,0,1,0,0,0
2026-01-01T01:29:34Z,compressor_trip,COMP_TRIP,11.0,39.75,39.93,38.11,6.03,6.06,23.24,50.01,0,1,0,0,0
2026-01-01T01:29:35Z,compressor_trip,COMP_TRIP,-12.3,40.18,39.1,37.95,6.09,5.83,23.06,50.02,0,1,0,0,0
2026-01-01T01:29:36Z,compressor_trip,COMP_TRIP,-0.5,39.85,40.03,37.94,6.13,6.07,23.31,49.91,0,1,0,0,0
2026-01-01T01:29:37Z,compressor_trip,COMP_TRIP,5.6,39.99,40.91,38.69,5.95,5.99,23.28,49.97,0,1,0,0,0
2026-01-01T01:29:38Z,compressor_trip,COMP_TRIP,-14.2,39.9,40.73,37.98,5.98,6.16,23.31,50.03,0,1,0,0,0
2026-01-01T01:29:39Z,compressor_trip,COMP_TRIP,-2.6,40.09,39.95,39.07,6.04,6.07,23.35,50.06,0,1,0,0,0
2026-01-01T01:29:40Z,compressor_trip,COMP_TRIP,0.5,39.93,40.32,38.46,5.78,6.08,23.33,50.06,0,1,0,0,0
2026-01-01T01:29:41Z,compressor_trip,COMP_TRIP,7.8,40.25,39.64,39.02,6.07,5.89,23.25,49.96,0,1,0,0,0
2026-01-01T01:29:42Z,compressor_trip,COMP_TRIP,0.7,40.12,39.78,38.84,5.92,5.91,23.15,50.04,0,1,0,0,0
2026-01-01T01:29:43Z,compressor_trip,COMP_TRIP,12.2,39.81,39.87,39.21,6.03,5.92,23.37,49.96,0,1,0,0,0
2026-01-01T01:29:44Z,compressor_trip,COMP_TRIP,19.4,39.92,40.37,37.99,6.06,5.97,23.35,50.02,0,1,0,0,0
2026-01-01T01:29:45Z,compressor_trip,COMP_TRIP,-0.2,40.0,39.34,38.55,5.83,6.13,23.28,50.02,0,1,0,0,0
2026-01-01T01:29:46Z,compressor_trip,COMP_TRIP,-6.4,40.01,40.95,39.32,5.83,6.09,23.3,50.02,0,1,0,0,0
2026-01-01T01:29:47Z,compressor_trip,COMP_TRIP,-0.6,39.56,40.1,38.7,6.05,6.07,23.18,49.96,0,1,0,0,0
2026-01-01T01:29:48Z,compressor_trip,COMP_TRIP,-10.8,40.04,39.4,38.58,5.99,5.85,23.33,50.06,0,1,0,0,0
2026-01-01T01:29:49Z,compressor_trip,COMP_TRIP,9.8,40.08,39.75,38.23,6.24,5.99,23.33,49.97,0,1,0,0,0
2026-01-01T01:29:50Z,compressor_trip,COMP_TRIP,-0.8,39.92,38.85,38.4,6.03,6.05,23.12,50.14,0,1,0,0,0
2026-01-01T01:29:51Z,compressor_trip,COMP_TRIP,-8.6,40.15,40.65,38.51,5.94,5.78,23.31,49.99,0,1,0,0,0
2026-01-01T01:29:52Z,compressor_trip,COMP_TRIP,-0.9,39.91,39.97,38.59,5.91,6.21,23.42,50.14,0,1,0,0,0
2026-01-01T01:29:53Z,compressor_trip,COMP_TRIP,-0.1,40.19,39.89,38.44,5.93,5.88,23.33,50.08,0,1,0,0,0
2026-01-01T01:29:54Z,compressor_trip,COMP_TRIP,12.8,39.83,39.77,38.73,6.13,5.92,23.26,49.98,0,1,0,0,0
2026-01-01T01:29:55Z,compressor_trip,COMP_TRIP,-6.9,39.83,40.86,39.14,6.08,5.9,23.39,49.9,0,1,0,0,0
2026-01-01T01:29:56Z,compressor_trip,COMP_TRIP,4.5,39.9,39.41,38.32,6.09,5.97,23.2,49.94,0,1,0,0,0
2026-01-01T01:29:57Z,compressor_trip,COMP_TRIP,4.8,39.74,39.54,39.11,5.85,5.92,23.26,50.05,0,1,0,0,0
2026-01-01T01:29:58Z,compressor_trip,COMP_TRIP,-3.2,39.97,39.9,38.1,6.04,5.89,23.35,50.08,0,1,0,0,0
2026-01-01T01:29:59Z,compressor_trip,COMP_TRIP,-0.7,39.97,39.36,38.47,6.03,5.97,23.16,50.04,0,1,0,0,0
2026-01-01T01:30:00Z,compressor_trip,COMP_TRIP,-8.4,40.0,39.83,38.03,5.97,5.84,23.4,50.06,0,1,0,0,0
2026-01-01T01:30:01Z,compressor_trip,COMP_TRIP,-0.9,40.15,39.52,38.94,6.02,5.98,23.27,49.96,0,1,0,0,0
2026-01-01T01:30:02Z,compressor_trip,COMP_TRIP,12.5,40.29,38.86,38.71,6.0,6.0,23.42,50.08,0,1,0,0,0
2026-01-01T01:30:03Z,compressor_trip,COMP_TRIP,-4.2,39.83,40.24,37.7,5.99,6.14,23.39,49.92,0,1,0,0,0
2026-01-01T01:30:04Z,compressor_trip,COMP_TRIP,15.4,40.13,39.45,39.0,6.04,6.08,23.44,50.02,0,1,0,0,0
2026-01-01T01:30:05Z,compressor_trip,COMP_TRIP,-8.8,40.11,39.93,38.31,5.92,5.9,23.34,50.02,0,1,0,0,0
2026-01-01T01:30:06Z,compressor_trip,COMP_TRIP,-3.9,40.19,39.62,38.44,5.93,6.04,23.45,49.92,0,1,0,0,0
2026-01-01T01:30:07Z,compressor_trip,COMP_TRIP,-3.0,40.12,39.98,38.29,5.92,6.18,23.35,49.97,0,1,0,0,0
2026-01-01T01:30:08Z,compressor_trip,COMP_TRIP,-3.1,40.04,40.42,38.37,6.14,6.05,23.49,49.95,0,1,0,0,0
2026-01-01T01:30:09Z,compressor_trip,COMP_TRIP,5.6,39.8,39.41,39.27,5.98,5.94,23.46,50.05,0,1,0,0,0
2026-01-01T01:30:10Z,compressor_trip,COMP_TRIP,-9.8,40.33,39.68,38.6,6.12,5.93,23.44,49.97,0,1,0,0,0
2026-01-01T01:30:11Z,compressor_trip,COMP_TRIP,-3.6,39.52,39.99,38.08,6.06,6.0,23.43,49.96,0,1,0,0,0
2026-01-01T01:30:12Z,compressor_trip,COMP_TRIP,-7.0,39.92,39.83,38.35,5.87,6.05,23.31,50.03,0,1,0,0,0
2026-01-01T01:30:13Z,compressor_trip,COMP_TRIP,-14.0,39.99,40.09,38.3,6.16,5.98,23.33,50.01,0,1,0,0,0
2026-01-01T01:30:14Z,compressor_trip,COMP_TRIP,3.7,40.02,40.26,38.46,6.26,6.0,23.36,50.0,0,1,0,0,0
2026-01-01T01:30:15Z,compressor_trip,COMP_TRIP,-11.1,40.18,40.22,38.32,5.99,5.89,23.35,49.93,0,1,0,0,0
2026-01-01T01:30:16Z,compressor_trip,COMP_TRIP,7.6,40.02,40.15,38.47,6.16,5.97,23.24,50.03,0,1,0,0,0
2026-01-01T01:30:17Z,compressor_trip,COMP_TRIP,-6.2,39.7,40.38,37.35,6.01,6.02,23.33,49.99,0,1,0,0,0
2026-01-01T01:30:18Z,compressor_trip,COMP_TRIP,-2.4,39.8,40.37,38.54,6.02,6.03,23.58,50.02,0,1,0,0,0
2026-01-01T01:30:19Z,compressor_trip,COMP_TRIP,-2.7,39.87,40.45,38.48,6.02,5.93,23.32,50.05,0,1,0,0,0
2026-01-01T01:30:20Z,compressor_trip,COMP_TRIP,-8.4,40.05,39.93,38.46,5.76,6.11,23.37,50.02,0,1,0,0,0
2026-01-01T01:30:21Z,compressor_trip,COMP_TRIP,9.1,40.16,39.89,38.56,5.89,6.07,23.52,50.05,0,1,0,0,0
2026-01-01T01:30:22Z,compressor_trip,COMP_TRIP,10.3,39.91,39.93,38.23,6.02,5.88,23.6,50.09,0,1,0,0,0
2026-01-01T01:30:23Z,compressor_trip,COMP_TRIP,2.9,40.06,39.92,38.1,5.97,5.81,23.41,50.08,0,1,0,0,0
2026-01-01T01:30:24Z,compressor_trip,COMP_TRIP,-5.8,39.9,40.23,38.45,6.16,5.8,23.49,50.0,0,1,0,0,0
2026-01-01T01:30:25Z,compressor_trip,COMP_TRIP,-3.8,39.78,40.44,38.25,6.11,6.11,23.3,50.0,0,1,0,0,0
2026-01-01T01:30:26Z,compressor_trip,COMP_TRIP,5.0,40.05,39.59,38.57,6.14,6.03,23.36,50.09,0,1,0,0,0
2026-01-01T01:30:27Z,compressor_trip,COMP_TRIP,-0.1,39.83,40.6,38.48,5.99,5.97,23.31,49.95,0,1,0,0,0
2026-01-01T01:30:28Z,compressor_trip,COMP_TRIP,11.8,40.25,40.05,38.76,6.14,6.04,23.55,49.97,0,1,0,0,0
2026-01-01T01:30:29Z,compressor_trip,COMP_TRIP,-7.4,39.78,40.19,37.47,5.96,5.98,23.46,49.91,0,1,0,0,0
2026-01-01T01:30:30Z,compressor_trip,COMP_TRIP,0.3,39.95,39.37,37.97,6.14,6.12,23.51,49.96,0,1,0,0,0
2026-01-01T01:30:31Z,compressor_trip,COMP_TRIP,-8.5,39.38,39.37,38.02,6.08,5.88,23.34,49.99,0,1,0,0,0
2026-01-01T01:30:32Z,compressor_trip,COMP_TRIP,13.1,39.81,39.66,38.97,6.11,5.92,23.47,49.96,0,1,0,0,0
2026-01-01T01:30:33Z,compressor_trip,COMP_TRIP,5.6,40.29,40.12,38.14,5.87,6.06,23.33,50.01,0,1,0,0,0
2026-01-01T01:30:34Z,compressor_trip,COMP_TRIP,-3.5,39.73,40.58,37.64,6.1,5.92,23.48,49.99,0,1,0,0,0
2026-01-01T01:30:35Z,compressor_trip,COMP_TRIP,15.4,40.15,39.26,38.08,5.96,5.89,23.49,49.97,0,1,0,0,0
2026-01-01T01:30:36Z,compressor_trip,COMP_TRIP,-1.0,39.77,39.4,38.41,5.94,5.91,23.45,50.0,0,1,0,0,0
2026-01-01T01:30:37Z,compressor_trip,COMP_TRIP,15.3,40.01,40.84,39.35,5.82,6.0,23.44,49.98,0,1,0,0,0
2026-01-01T01:30:38Z,compressor_trip,COMP_TRIP,-7.1,39.61,40.31,39.19,6.11,6.0,23.53,50.06,0,1,0,0,0
2026-01-01T01:30:39Z,compressor_trip,COMP_TRIP,-8.4,39.69,39.29,39.02,5.95,6.04,23.64,50.05,0,1,0,0,0
2026-01-01T01:30:40Z,compressor_trip,COMP_TRIP,11.6,39.87,40.8,38.23,5.96,5.91,23.54,49.96,0,1,0,0,0
2026-01-01T01:30:41Z,compressor_trip,COMP_TRIP,9.5,39.83,40.8,37.47,5.96,6.02,23.71,50.07,0,1,0,0,0
2026-01-01T01:30:42Z,compressor_trip,COMP_TRIP,-0.5,40.0,40.01,38.52,5.87,5.94,23.31,49.83,0,1,0,0,0
2026-01-01T01:30:43Z,compressor_trip,COMP_TRIP,-8.9,40.15,40.0,38.3,5.93,5.99,23.52,49.97,0,1,0,0,0
2026-01-01T01:30:44Z,compressor_trip,COMP_TRIP,-12.5,39.86,39.72,38.81,5.96,5.86,23.49,50.0,0,1,0,0,0
2026-01-01T01:30:45Z,compressor_trip,COMP_TRIP,-2.0,39.82,39.89,38.38,6.18,6.04,23.63,50.02,0,1,0,0,0
2026-01-01T01:30:46Z,compressor_trip,COMP_TRIP,-2.8,39.98,39.77,38.17,6.15,6.05,23.52,49.91,0,1,0,0,0
2026-01-01T01:30:47Z,compressor_trip,COMP_TRIP,-16.3,40.44,39.63,38.79,5.95,6.17,23.37,49.96,0,1,0,0,0
2026-01-01T01:30:48Z,compressor_trip,COMP_TRIP,3.0,39.62,39.96,38.92,5.92,6.06,23.47,49.94,0,1,0,0,0
2026-01-01T01:30:49Z,compressor_trip,COMP_TRIP,0.1,39.73,40.53,38.29,6.04,6.03,23.49,49.98,0,1,0,0,0
2026-01-01T01:30:50Z,compressor_trip,COMP_TRIP,6.9,39.9,40.25,38.16,5.92,6.0,23.58,50.0,0,1,0,0,0
2026-01-01T01:30:51Z,compressor_trip,COMP_TRIP,10.3,39.93,39.83,39.33,5.91,5.75,23.54,49.95,0,1,0,0,0
2026-01-01T01:30:52Z,compressor_trip,COMP_TRIP,-1.1,40.04,39.74,37.7,6.06,6.02,23.39,50.0,0,1,0,0,0
2026-01-01T01:30:53Z,compressor_trip,COMP_TRIP,6.4,40.39,39.73,38.87,5.91,5.88,23.58,50.02,0,1,0,0,0
2026-01-01T01:30:54Z,compressor_trip,COMP_TRIP,-7.0,40.29,40.01,39.04,6.06,6.01,23.48,49.98,0,1,0,0,0
2026-01-01T01:30:55Z,compressor_trip,COMP_TRIP,-12.7,40.01,39.56,38.57,5.8,6.15,23.65,49.93,0,1,0,0,0
2026-01-01T01:30:56Z,compressor_trip,COMP_TRIP,-1.8,40.07,39.85,38.75,5.91,5.74,23.52,50.07,0,1,0,0,0
2026-01-01T01:30:57Z,compressor_trip,COMP_TRIP,0.3,40.01,40.14,38.5,5.84,5.95,23.54,49.97,0,1,0,0,0
2026-01-01T01:30:58Z,compressor_trip,COMP_TRIP,-19.1,39.9,40.28,38.65,6.12,6.16,23.37,50.0,0,1,0,0,0
2026-01-01T01:30:59Z,compressor_trip,COMP_TRIP,-0.2,40.09,40.01,38.33,5.99,5.98,23.45,50.01,0,1,0,0,0
2026-01-01T01:31:00Z,compressor_trip,COMP_TRIP,-18.0,39.95,39.37,39.23,5.9,6.08,23.47,50.0,0,1,0,0,0
2026-01-01T01:31:01Z,compressor_trip,COMP_TRIP,-8.1,40.39,40.34,38.51,5.86,5.91,23.52,49.9,0,1,0,0,0
2026-01-01T01:31:02Z,compressor_trip,COMP_TRIP,-2.2,39.79,39.84,38.19,6.05,6.1,23.64,49.95,0,1,0,0,0
2026-01-01T01:31:03Z,compressor_trip,COMP_TRIP,-1.8,40.02,39.92,39.12,6.02,5.98,23.58,49.99,0,1,0,0,0
2026-01-01T01:31:04Z,compressor_trip,COMP_TRIP,7.1,39.8,39.71,39.24,5.94,6.07,23.61,50.02,0,1,0,0,0
2026-01-01T01:31:05Z,compressor_trip,COMP_TRIP,-8.6,39.97,39.12,38.17,6.17,5.88,23.44,49.92,0,1,0,0,0
2026-01-01T01:31:06Z,compressor_trip,COMP_TRIP,8.7,39.76,39.62,38.52,6.05,6.13,23.62,50.01,0,1,0,0,0
2026-01-01T01:31:07Z,compressor_trip,COMP_TRIP,0.9,40.17,39.8,38.48,5.95,5.93,23.63,50.08,0,1,0,0,0
2026-01-01T01:31:08Z,compressor_trip,COMP_TRIP,2.4,40.3,39.66,38.53,6.02,5.86,23.47,49.93,0,1,0,0,0
2026-01-01T01:31:09Z,compressor_trip,COMP_TRIP,-10.7,39.98,40.14,39.21,5.91,5.93,23.61,49.98,0,1,0,0,0
2026-01-01T01:31:10Z,compressor_trip,COMP_TRIP,-3.1,39.72,40.28,38.99,6.08,6.01,23.5,49.96,0,1,0,0,0
2026-01-01T01:31:11Z,compressor_trip,COMP_TRIP,-17.3,39.92,40.19,38.68,5.8,6.14,23.65,50.01,0,1,0,0,0
2026-01-01T01:31:12Z,compressor_trip,COMP_TRIP,25.1,39.93,40.7,38.99,5.84,6.01,23.72,49.9,0,1,0,0,0
2026-01-01T01:31:13Z,compressor_trip,COMP_TRIP,-3.6,40.05,39.24,39.13,6.08,5.92,23.54,49.96,0,1,0,0,0
2026-01-01T01:31:14Z,compressor_trip,COMP_TRIP,4.6,40.15,39.91,37.43,5.97,6.04,23.52,49.97,0,1,0,0,0
2026-01-01T01:31:15Z,compressor_trip,COMP_TRIP,-7.5,40.27,40.61,38.05,5.97,6.08,23.56,50.07,0,1,0,0,0
2026-01-01T01:31:16Z,compressor_trip,COMP_TRIP,9.3,39.83,40.36,39.37,6.02,6.07,23.94,49.98,0,1,0,0,0
2026-01-01T01:31:17Z,compressor_trip,COMP_TRIP,-1.7,39.97,40.28,38.66,5.92,5.94,23.78,50.02,0,1,0,0,0
2026-01-01T01:31:18Z,compressor_trip,COMP_TRIP,-7.4,40.1,40.12,39.15,5.98,5.93,23.78,50.03,0,1,0,0,0
2026-01-01T01:31:19Z,compressor_trip,COMP_TRIP,3.4,40.22,39.34,38.54,6.14,5.99,23.7,49.93,0,1,0,0,0
2026-01-01T01:31:20Z,compressor_trip,COMP_TRIP,-4.0,39.77,40.19,38.33,6.15,6.06,23.62,49.97,0,1,0,0,0
2026-01-01T01:31:21Z,compressor_trip,COMP_TRIP,22.4,39.89,39.93,38.83,6.05,6.11,23.55,49.96,0,1,0,0,0
2026-01-01T01:31:22Z,compressor_trip,COMP_TRIP,-0.1,40.16,40.29,38.58,6.02,5.87,23.79,50.05,0,1,0,0,0
2026-01-01T01:31:23Z,compressor_trip,COMP_TRIP,0.3,39.69,40.29,38.77,5.79,6.06,23.71,50.09,0,1,0,0,0
2026-01-01T01:31:24Z,compressor_trip,COMP_TRIP,6.4,40.04,39.54,38.99,5.89,5.85,23.58,50.02,0,1,0,0,0
2026-01-01T01:31:25Z,compressor_trip,COMP_TRIP,-8.5,40.06,40.87,38.4,6.06,6.15,23.47,50.01,0,1,0,0,0
2026-01-01T01:31:26Z,compressor_trip,COMP_TRIP,-13.8,39.68,39.87,38.52,6.04,6.19,23.78,50.17,0,1,0,0,0
2026-01-01T01:31:27Z,compressor_trip,COMP_TRIP,5.7,40.05,39.99,38.81,6.17,5.99,23.79,50.03,0,1,0,0,0
2026-01-01T01:31:28Z,compressor_trip,COMP_TRIP,2.3,40.27,39.28,38.7,5.92,5.91,23.72,49.91,0,1,0,0,0
2026-01-01T01:31:29Z,compressor_trip,COMP_TRIP,8.6,40.26,39.7,37.98,5.96,5.99,23.55,49.99,0,1,0,0,0
2026-01-01T01:31:30Z,compressor_trip,COMP_TRIP,-6.9,39.7,39.83,38.43,5.94,6.05,23.73,49.99,0,1,0,0,0
2026-01-01T01:31:31Z,compressor_trip,COMP_TRIP,-7.7,40.01,40.42,38.65,6.16,6.03,23.87,50.03,0,1,0,0,0
2026-01-01T01:31:32Z,compressor_trip,COMP_TRIP,5.8,40.17,39.66,38.38,6.05,5.93,23.54,49.93,0,1,0,0,0
2026-01-01T01:31:33Z,compressor_trip,COMP_TRIP,5.2,39.81,40.0,39.31,5.89,5.96,23.67,50.03,0,1,0,0,0
2026-01-01T01:31:34Z,compressor_trip,COMP_TRIP,5.6,40.13,40.85,38.39,5.99,6.05,23.76,50.04,0,1,0,0,0
2026-01-01T01:31:35Z,compressor_trip,COMP_TRIP,12.5,39.76,39.14,38.23,5.92,6.05,23.8,49.92,0,1,0,0,0
2026-01-01T01:31:36Z,compressor_trip,COMP_TRIP,6.2,39.97,40.13,39.13,5.9,6.01,23.58,50.02,0,1,0,0,0
2026-01-01T01:31:37Z,compressor_trip,COMP_TRIP,-10.1,40.31,40.87,38.48,5.77,5.87,23.76,49.87,0,1,0,0,0
2026-01-01T01:31:38Z,compressor_trip,COMP_TRIP,0.2,40.22,39.67,38.09,5.93,6.05,23.81,49.99,0,1,0,0,0
2026-01-01T01:31:39Z,compressor_trip,COMP_TRIP,12.5,40.08,39.58,38.57,6.09,5.92,23.66,50.04,0,1,0,0,0
2026-01-01T01:31:40Z,compressor_trip,COMP_TRIP,-1.7,39.87,39.55,37.67,6.01,5.99,23.91,49.97,0,1,0,0,0
2026-01-01T01:31:41Z,compressor_trip,COMP_TRIP,-16.9,40.07,40.21,38.19,5.92,6.03,23.78,50.06,0,1,0,0,0
2026-01-01T01:31:42Z,compressor_trip,COMP_TRIP,4.7,39.94,40.38,38.0,6.06,5.92,23.75,49.97,0,1,0,0,0
2026-01-01T01:31:43Z,compressor_trip,COMP_TRIP,-8.4,39.76,39.99,38.51,6.06,5.88,23.67,49.91,0,1,0,0,0
2026-01-01T01:31:44Z,compressor_trip,COMP_TRIP,0.5,40.17,39.88,39.36,6.01,5.97,23.54,49.89,0,1,0,0,0
2026-01-01T01:31:45Z,compressor_trip,COMP_TRIP,-1.3,40.42,40.04,37.98,5.89,6.06,23.73,49.9,0,1,0,0,0
2026-01-01T01:31:46Z,compressor_trip,COMP_TRIP,-18.3,39.66,39.9,38.28,5.98,5.9,23.94,49.94,0,1,0,0,0
2026-01-01T01:31:47Z,compressor_trip,COMP_TRIP,5.7,39.95,40.27,38.86,5.95,6.01,23.69,50.02,0,1,0,0,0
2026-01-01T01:31:48Z,compressor_trip,COMP_TRIP,-23.7,40.06,40.9,38.93,6.15,6.14,23.89,50.07,0,1,0,0,0
2026-01-01T01:31:49Z,compressor_trip,COMP_TRIP,5.5,40.45,40.2,38.1,5.88,5.98,23.83,50.0,0,1,0,0,0
2026-01-01T01:31:50Z,compressor_trip,COMP_TRIP,-4.4,39.89,40.68,38.75,6.08,6.07,23.92,49.94,0,1,0,0,0
2026-01-01T01:31:51Z,compressor_trip,COMP_TRIP,-7.7,40.08,39.77,37.95,5.98,5.88,23.68,49.96,0,1,0,0,0
2026-01-01T01:31:52Z,compressor_trip,COMP_TRIP,-22.4,40.06,40.38,39.12,5.94,6.0,23.56,50.03,0,1,0,0,0
2026-01-01T01:31:53Z,compressor_trip,COMP_TRIP,-3.6,39.92,39.27,38.43,6.1,5.92,23.56,50.05,0,1,0,0,0
2026-01-01T01:31:54Z,compressor_trip,COMP_TRIP,-9.6,40.05,39.33,38.65,5.87,5.98,23.78,50.01,0,1,0,0,0
2026-01-01T01:31:55Z,compressor_trip,COMP_TRIP,-9.3,40.05,40.59,39.51,6.13,6.0,24.17,50.06,0,1,0,0,0
2026-01-01T01:31:56Z,compressor_trip,COMP_TRIP,1.4,39.87,40.02,38.05,5.93,6.03,23.81,50.16,0,1,0,0,0
2026-01-01T01:31:57Z,compressor_trip,COMP_TRIP,-20.1,40.06,40.05,37.11,5.95,6.07,24.05,49.99,0,1,0,0,0
2026-01-01T01:31:58Z,compressor_trip,COMP_TRIP,12.1,39.92,40.21,38.0,5.84,6.06,23.96,49.99,0,1,0,0,0
2026-01-01T01:31:59Z,compressor_trip,COMP_TRIP,10.9,40.04,39.22,37.28,5.85,5.88,23.9,50.02,0,1,0,0,0
2026-01-01T01:32:00Z,compressor_trip,COMP_TRIP,12.4,39.65,39.89,38.76,6.03,6.1,23.84,50.04,0,1,0,0,0
2026-01-01T01:32:01Z,compressor_trip,COMP_TRIP,19.6,39.97,40.36,38.31,5.94,5.85,23.86,49.97,0,1,0,0,0
2026-01-01T01:32:02Z,compressor_trip,COMP_TRIP,-0.3,39.95,40.65,39.43,5.96,5.9,23.89,49.93,0,1,0,0,0
2026-01-01T01:32:03Z,compressor_trip,COMP_TRIP,-3.5,40.26,39.23,37.8,6.01,5.83,23.81,50.01,0,1,0,0,0
2026-01-01T01:32:04Z,compressor_trip,COMP_TRIP,-3.3,39.78,39.61,38.87,5.99,5.91,23.9,50.01,0,1,0,0,0
2026-01-01T01:32:05Z,compressor_trip,COMP_TRIP,14.5,39.79,40.09,38.82,5.83,6.14,23.93,50.05,0,1,0,0,0
2026-01-01T01:32:06Z,compressor_trip,COMP_TRIP,-11.7,40.04,39.44,37.08,6.01,6.12,23.91,50.07,0,1,0,0,0
2026-01-01T01:32:07Z,compressor_trip,COMP_TRIP,14.1,39.5,39.84,38.8,5.82,5.9,24.01,50.01,0,1,0,0,0
2026-01-01T01:32:08Z,compressor_trip,COMP_TRIP,16.0,39.91,40.21,37.43,6.01,5.87,23.85,49.96,0,1,0,0,0
2026-01-01T01:32:09Z,compressor_trip,COMP_TRIP,-0.5,39.96,40.99,39.6,5.96,6.13,24.03,49.94,0,1,0,0,0
2026-01-01T01:32:10Z,compressor_trip,COMP_TRIP,15.9,40.2,39.96,38.79,6.04,6.16,23.9,49.99,0,1,0,0,0
2026-01-01T01:32:11Z,compressor_trip,COMP_TRIP,-9.2,39.86,40.14,38.3,5.94,5.97,23.72,50.01,0,1,0,0,0
2026-01-01T01:32:12Z,compressor_trip,COMP_TRIP,19.2,40.26,40.06,38.68,5.9,5.94,23.77,49.95,0,1,0,0,0
2026-01-01T01:32:13Z,compressor_trip,COMP_TRIP,-15.6,39.79,40.46,38.52,6.15,6.0,23.99,49.87,0,1,0,0,0
2026-01-01T01:32:14Z,compressor_trip,COMP_TRIP,-17.1,39.67,39.47,38.43,5.73,6.12,24.07,50.03,0,1,0,0,0
2026-01-01T01:32:15Z,compressor_trip,COMP_TRIP,-2.0,40.03,40.03,38.83,6.02,5.99,24.01,49.97,0,1,0,0,0
2026-01-01T01:32:16Z,compressor_trip,COMP_TRIP,7.9,39.98,39.92,38.44,6.06,5.84,24.1,50.07,0,1,0,0,0
2026-01-01T01:32:17Z,compressor_trip,COMP_TRIP,-3.4,40.44,39.04,38.96,5.93,6.0,24.13,50.06,0,1,0,0,0
2026-01-01T01:32:18Z,compressor_trip,COMP_TRIP,21.3,40.4,39.95,38.85,5.9,5.89,23.87,49.95,0,1,0,0,0
2026-01-01T01:32:19Z,compressor_trip,COMP_TRIP,0.6,39.77,39.98,38.16,5.78,6.21,24.11,49.94,0,1,0,0,0
2026-01-01T01:32:20Z,compressor_trip,COMP_TRIP,19.1,40.12,40.04,38.81,5.9,6.01,24.1,49.98,0,1,0,0,0
2026-01-01T01:32:21Z,compressor_trip,COMP_TRIP,19.1,40.04,39.56,38.88,5.93,5.98,23.81,50.06,0,1,0,0,0
2026-01-01T01:32:22Z,compressor_trip,COMP_TRIP,21.0,39.97,40.52,38.36,5.95,5.99,24.17,50.05,0,1,0,0,0
2026-01-01T01:32:23Z,compressor_trip,COMP_TRIP,3.1,39.88,40.0,38.3,5.95,6.05,23.95,50.07,0,1,0,0,0
2026-01-01T01:32:24Z,compressor_trip,COMP_TRIP,14.5,39.97,40.46,38.04,6.01,6.01,23.98,49.99,0,1,0,0,0
2026-01-01T01:32:25Z,compressor_trip,COMP_TRIP,4.9,40.09,40.21,39.07,6.02,6.0,24.04,50.09,0,1,0,0,0
2026-01-01T01:32:26Z,compressor_trip,COMP_TRIP,-5.9,40.18,40.2,38.78,6.13,5.99,24.0,49.94,0,1,0,0,0
2026-01-01T01:32:27Z,compressor_trip,COMP_TRIP,18.1,39.92,39.03,38.15,5.96,6.13,24.12,50.01,0,1,0,0,0
2026-01-01T01:32:28Z,compressor_trip,COMP_TRIP,-14.7,39.9,39.38,39.67,6.08,6.06,24.02,49.97,0,1,0,0,0
2026-01-01T01:32:29Z,compressor_trip,COMP_TRIP,-3.9,40.38,40.56,37.95,5.83,6.05,24.11,49.99,0,1,0,0,0
2026-01-01T01:32:30Z,compressor_trip,COMP_TRIP,12.5,40.14,40.09,38.72,6.0,6.0,23.86,49.99,0,1,0,0,0
2026-01-01T01:32:31Z,compressor_trip,COMP_TRIP,9.0,40.09,40.07,37.82,5.95,5.87,24.0,49.96,0,1,0,0,0
2026-01-01T01:32:32Z,compressor_trip,COMP_TRIP,10.7,40.1,40.37,37.75,6.06,5.92,24.07,49.99,0,1,0,0,0
2026-01-01T01:32:33Z,compressor_trip,COMP_TRIP,-2.2,39.88,39.96,39.07,6.17,6.04,24.0,49.94,0,1,0,0,0
2026-01-01T01:32:34Z,compressor_trip,COMP_TRIP,8.9,39.99,40.53,38.07,5.92,5.91,24.09,49.93,0,1,0,0,0
2026-01-01T01:32:35Z,compressor_trip,COMP_TRIP,5.3,39.77,40.04,38.5,5.94,6.02,24.09,50.01,0,1,0,0,0
2026-01-01T01:32:36Z,compressor_trip,COMP_TRIP,17.3,39.93,39.4,38.79,5.97,6.09,24.03,49.95,0,1,0,0,0
2026-01-01T01:32:37Z,compressor_trip,COMP_TRIP,-24.1,39.94,40.29,38.55,6.16,5.97,23.99,50.06,0,1,0,0,0
2026-01-01T01:32:38Z,compressor_trip,COMP_TRIP,1.5,39.98,40.18,38.47,6.13,6.09,24.07,49.98,0,1,0,0,0
2026-01-01T01:32:39Z,compressor_trip,COMP_TRIP,0.5,39.99,40.59,38.28,5.9,6.13,24.24,50.06,0,1,0,0,0
2026-01-01T01:32:40Z,compressor_trip,COMP_TRIP,5.3,39.98,40.13,38.76,6.01,5.99,24.08,49.96,0,1,0,0,0
2026-01-01T01:32:41Z,compressor_trip,COMP_TRIP,-4.0,40.16,40.58,37.88,5.93,6.06,24.07,50.02,0,1,0,0,0
2026-01-01T01:32:42Z,compressor_trip,COMP_TRIP,-2.8,40.47,39.59,37.72,5.94,5.85,24.0,49.98,0,1,0,0,0
2026-01-01T01:32:43Z,compressor_trip,COMP_TRIP,17.7,40.15,39.44,37.92,6.04,6.04,24.11,50.06,0,1,0,0,0
2026-01-01T01:32:44Z,compressor_trip,COMP_TRIP,-4.4,40.04,40.32,38.12,6.06,5.99,24.12,49.99,0,1,0,0,0
2026-01-01T01:32:45Z,compressor_trip,COMP_TRIP,-7.6,40.1,40.05,37.24,5.97,6.02,24.25,50.06,0,1,0,0,0
2026-01-01T01:32:46Z,compressor_trip,COMP_TRIP,-13.5,40.16,39.94,38.6,5.96,5.86,24.16,50.0,0,1,0,0,0
2026-01-01T01:32:47Z,compressor_trip,COMP_TRIP,-1.8,39.86,39.91,38.16,5.82,6.05,24.08,50.04,0,1,0,0,0
2026-01-01T01:32:48Z,compressor_trip,COMP_TRIP,14.5,39.98,40.27,38.22,5.86,5.96,24.2,50.0,0,1,0,0,0
2026-01-01T01:32:49Z,compressor_trip,COMP_TRIP,-4.6,40.0,40.02,38.81,6.05,5.96,23.98,50.0,0,1,0,0,0
2026-01-01T01:32:50Z,compressor_trip,COMP_TRIP,-1.2,40.27,41.33,38.88,5.67,5.97,24.13,49.91,0,1,0,0,0
2026-01-01T01:32:51Z,compressor_trip,COMP_TRIP,16.1,40.03,39.54,38.91,6.13,5.91,24.14,50.06,0,1,0,0,0
2026-01-01T01:32:52Z,compressor_trip,COMP_TRIP,11.4,40.1,39.64,38.67,5.94,6.02,24.28,50.01,0,1,0,0,0
2026-01-01T01:32:53Z,compressor_trip,COMP_TRIP,3.3,40.15,41.1,37.83,6.05,5.92,24.39,50.06,0,1,0,0,0
2026-01-01T01:32:54Z,compressor_trip,COMP_TRIP,-6.5,40.18,40.41,37.96,6.11,5.83,24.11,50.03,0,1,0,0,0
2026-01-01T01:32:55Z,compressor_trip,COMP_TRIP,-12.7,39.91,39.82,37.53,6.05,6.09,24.18,50.04,0,1,0,0,0
2026-01-01T01:32:56Z,compressor_trip,COMP_TRIP,7.5,40.18,40.3,38.71,5.99,6.12,24.32,49.97,0,1,0,0,0
2026-01-01T01:32:57Z,compressor_trip,COMP_TRIP,-3.2,39.97,40.55,39.3,5.89,5.9,24.13,50.01,0,1,0,0,0
2026-01-01T01:32:58Z,compressor_trip,COMP_TRIP,-1.9,40.09,39.52,37.76,6.05,6.07,24.14,50.05,0,1,0,0,0
2026-01-01T01:32:59Z,compressor_trip,COMP_TRIP,0.7,39.41,40.02,38.81,6.19,5.95,24.27,50.04,0,1,0,0,0
2026-01-01T01:33:00Z,compressor_trip,COMP_TRIP,3.3,40.03,40.63,39.14,6.0,6.02,24.24,50.01,0,1,0,0,0
2026-01-01T01:33:01Z,compressor_trip,COMP_TRIP,-16.8,40.17,40.16,38.77,5.89,6.02,24.15,49.93,0,1,0,0,0
2026-01-01T01:33:02Z,compressor_trip,COMP_TRIP,9.4,39.96,39.64,37.81,5.99,5.79,24.24,50.0,0,1,0,0,0
2026-01-01T01:33:03Z,compressor_trip,COMP_TRIP,-5.6,39.82,39.96,37.76,5.81,6.14,24.1,50.01,0,1,0,0,0
2026-01-01T01:33:04Z,compressor_trip,COMP_TRIP,23.0,39.9,39.84,37.96,5.95,5.91,24.24,49.98,0,1,0,0,0
2026-01-01T01:33:05Z,compressor_trip,COMP_TRIP,0.4,40.03,39.49,38.57,5.97,6.14,24.09,50.02,0,1,0,0,0
2026-01-01T01:33:06Z,compressor_trip,COMP_TRIP,-1.8,39.87,39.45,38.17,6.1,5.96,24.36,49.96,0,1,0,0,0
2026-01-01T01:33:07Z,compressor_trip,COMP_TRIP,-1.8,40.17,39.52,37.67,5.97,5.96,24.3,50.02,0,1,0,0,0
2026-01-01T01:33:08Z,compressor_trip,COMP_TRIP,10.5,39.69,40.53,37.16,5.99,5.94,24.35,49.99,0,1,0,0,0
2026-01-01T01:33:09Z,compressor_trip,COMP_TRIP,-6.4,39.94,39.35,37.52,6.03,6.12,24.29,49.97,0,1,0,0,0
2026-01-01T01:33:10Z,compressor_trip,COMP_TRIP,16.2,40.27,40.51,38.24,5.83,6.11,24.35,49.96,0,1,0,0,0
2026-01-01T01:33:11Z,compressor_trip,COMP_TRIP,-9.6,39.6,39.51,38.7,5.95,6.0,24.46,50.0,0,1,0,0,0
2026-01-01T01:33:12Z,compressor_trip,COMP_TRIP,-18.7,39.79,40.06,38.16,5.78,6.01,24.38,50.05,0,1,0,0,0
2026-01-01T01:33:13Z,compressor_trip,COMP_TRIP,10.0,39.88,39.79,38.83,6.09,5.95,24.33,50.04,0,1,0,0,0
2026-01-01T01:33:14Z,compressor_trip,COMP_TRIP,5.0,40.39,39.93,37.98,6.04,5.88,24.45,49.99,0,1,0,0,0
2026-01-01T01:33:15Z,compressor_trip,COMP_TRIP,-1.1,39.61,39.14,38.7,5.88,6.03,24.29,50.01,0,1,0,0,0
2026-01-01T01:33:16Z,compressor_trip,COMP_TRIP,-4.5,39.84,39.76,37.74,6.25,6.11,24.38,49.95,0,1,0,0,0
2026-01-01T01:33:17Z,compressor_trip,COMP_TRIP,-5.5,39.88,40.75,38.7,6.08,5.85,24.27,49.98,0,1,0,0,0
2026-01-01T01:33:18Z,compressor_trip,COMP_TRIP,-2.5,40.14,39.74,38.19,5.81,6.16,24.29,50.06,0,1,0,0,0
2026-01-01T01:33:19Z,compressor_trip,COMP_TRIP,-28.5,40.43,39.76,38.46,5.9,5.98,24.17,49.99,0,1,0,0,0
2026-01-01T01:33:20Z,compressor_trip,COMP_TRIP,-3.0,39.72,39.85,38.92,5.98,6.1,24.49,49.99,0,1,0,0,0
2026-01-01T01:33:21Z,compressor_trip,COMP_TRIP,-3.7,40.07,40.61,37.93,6.01,6.14,24.44,50.04,0,1,0,0,0
2026-01-01T01:33:22Z,compressor_trip,COMP_TRIP,4.0,39.77,39.76,38.93,6.03,5.96,24.37,50.04,0,1,0,0,0
2026-01-01T01:33:23Z,compressor_trip,COMP_TRIP,-14.1,39.71,39.56,38.99,5.88,5.92,24.46,50.01,0,1,0,0,0
2026-01-01T01:33:24Z,compressor_trip,COMP_TRIP,0.7,39.93,40.56,37.96,6.07,5.88,24.17,50.09,0,1,0,0,0
2026-01-01T01:33:25Z,compressor_trip,COMP_TRIP,2.0,40.01,39.77,38.42,6.04,5.98,24.11,50.02,0,1,0,0,0
2026-01-01T01:33:26Z,compressor_trip,COMP_TRIP,-4.1,39.95,40.28,39.04,5.93,6.09,24.39,50.01,0,1,0,0,0
2026-01-01T01:33:27Z,compressor_trip,COMP_TRIP,-11.7,40.26,40.26,38.25,6.03,5.96,24.24,50.01,0,1,0,0,0
2026-01-01T01:33:28Z,compressor_trip,COMP_TRIP,-5.4,40.14,40.45,38.16,6.14,5.91,24.38,49.97,0,1,0,0,0
2026-01-01T01:33:29Z,compressor_trip,COMP_TRIP,-4.2,40.22,40.19,38.62,6.01,6.03,24.48,50.02,0,1,0,0,0
2026-01-01T01:33:30Z,compressor_trip,COMP_TRIP,8.4,39.88,39.53,38.53,6.02,6.03,24.47,49.93,0,1,0,0,0
2026-01-01T01:33:31Z,compressor_trip,COMP_TRIP,-1.9,39.76,39.39,38.74,5.93,6.02,24.41,50.01,0,1,0,0,0
2026-01-01T01:33:32Z,compressor_trip,COMP_TRIP,-27.6,39.73,40.8,38.27,5.91,6.13,24.47,50.0,0,1,0,0,0
2026-01-01T01:33:33Z,compressor_trip,COMP_TRIP,4.2,40.17,40.81,38.41,6.2,6.05,24.31,50.05,0,1,0,0,0
2026-01-01T01:33:34Z,compressor_trip,COMP_TRIP,-7.9,39.7,39.68,38.94,6.0,6.15,24.49,50.04,0,1,0,0,0
2026-01-01T01:33:35Z,compressor_trip,COMP_TRIP,-6.9,39.92,40.66,38.9,6.06,5.83,24.42,49.99,0,1,0,0,0
2026-01-01T01:33:36Z,compressor_trip,COMP_TRIP,-10.5,39.9,39.99,37.98,6.1,5.97,24.44,50.03,0,1,0,0,0
2026-01-01T01:33:37Z,compressor_trip,COMP_TRIP,2.6,39.91,40.55,38.27,6.07,6.07,24.39,49.98,0,1,0,0,0
2026-01-01T01:33:38Z,compressor_trip,COMP_TRIP,-2.1,39.98,39.54,38.33,6.07,6.04,24.47,49.96,0,1,0,0,0
2026-01-01T01:33:39Z,compressor_trip,COMP_TRIP,1.1,40.05,40.5,37.45,6.04,6.17,24.56,50.02,0,1,0,0,0
2026-01-01T01:33:40Z,compressor_trip,COMP_TRIP,2.7,40.1,39.32,38.54,6.19,5.94,24.57,49.97,0,1,0,0,0
2026-01-01T01:33:41Z,compressor_trip,COMP_TRIP,-1.2,39.77,39.83,39.0,5.97,6.02,24.51,49.86,0,1,0,0,0
2026-01-01T01:33:42Z,compressor_trip,COMP_TRIP,-4.1,39.79,40.37,37.99,6.03,6.12,24.5,49.99,0,1,0,0,0
2026-01-01T01:33:43Z,compressor_trip,COMP_TRIP,14.4,40.22,40.45,38.5,5.95,5.88,24.59,49.98,0,1,0,0,0
2026-01-01T01:33:44Z,compressor_trip,COMP_TRIP,-17.0,40.39,40.33,38.85,5.96,6.07,24.53,49.91,0,1,0,0,0
2026-01-01T01:33:45Z,compressor_trip,COMP_TRIP,-6.0,40.09,40.16,38.77,5.96,5.91,24.49,50.01,0,1,0,0,0
2026-01-01T01:33:46Z,compressor_trip,COMP_TRIP,12.7,39.62,39.88,37.89,5.87,6.1,24.46,50.04,0,1,0,0,0
2026-01-01T01:33:47Z,compressor_trip,COMP_TRIP,-7.4,40.03,39.65,37.85,6.05,6.02,24.61,49.95,0,1,0,0,0
2026-01-01T01:33:48Z,compressor_trip,COMP_TRIP,8.7,40.09,40.4,37.66,5.94,6.14,24.56,50.01,0,1,0,0,0
2026-01-01T01:33:49Z,compressor_trip,COMP_TRIP,-8.1,39.86,40.04,37.68,5.94,6.06,24.49,49.99,0,1,0,0,0
2026-01-01T01:33:50Z,compressor_trip,COMP_TRIP,1.9,39.87,39.87,38.43,5.92,5.93,24.54,49.99,0,1,0,0,0
2026-01-01T01:33:51Z,compressor_trip,COMP_TRIP,8.8,40.01,40.17,37.47,6.01,6.11,24.59,50.08,0,1,0,0,0
2026-01-01T01:33:52Z,compressor_trip,COMP_TRIP,-6.3,40.1,39.3,39.76,5.93,6.05,24.55,49.9,0,1,0,0,0
2026-01-01T01:33:53Z,compressor_trip,COMP_TRIP,2.9,39.94,39.08,37.79,5.96,6.09,24.56,50.1,0,1,0,0,0
2026-01-01T01:33:54Z,compressor_trip,COMP_TRIP,-5.3,39.8,40.22,38.51,6.05,5.89,24.62,50.03,0,1,0,0,0
2026-01-01T01:33:55Z,compressor_trip,COMP_TRIP,-3.6,39.71,40.57,39.58,6.12,6.06,24.71,49.97,0,1,0,0,0
2026-01-01T01:33:56Z,compressor_trip,COMP_TRIP,13.2,40.28,40.29,38.76,5.96,5.99,24.39,50.03,0,1,0,0,0
2026-01-01T01:33:57Z,compressor_trip,COMP_TRIP,-22.8,40.06,40.44,38.66,5.97,5.95,24.47,49.91,0,1,0,0,0
2026-01-01T01:33:58Z,compressor_trip,COMP_TRIP,17.3,39.83,40.49,38.04,6.05,5.94,24.47,50.02,0,1,0,0,0
2026-01-01T01:33:59Z,compressor_trip,COMP_TRIP,-6.8,39.95,39.92,38.27,6.06,6.17,24.62,50.06,0,1,0,0,0
2026-01-01T01:34:00Z,compressor_trip,COMP_TRIP,-11.1,40.18,39.58,38.97,6.04,6.09,24.49,49.99,0,1,0,0,0
2026-01-01T01:34:01Z,compressor_trip,COMP_TRIP,-12.4,39.97,40.66,38.49,5.94,6.04,24.66,50.01,0,1,0,0,0
2026-01-01T01:34:02Z,compressor_trip,COMP_TRIP,22.8,40.57,40.33,38.43,5.85,6.1,24.56,50.1,0,1,0,0,0
2026-01-01T01:34:03Z,compressor_trip,COMP_TRIP,-9.4,39.83,40.03,38.75,6.03,5.93,24.58,49.97,0,1,0,0,0
2026-01-01T01:34:04Z,compressor_trip,COMP_TRIP,-10.8,40.04,40.42,39.24,6.01,6.06,24.67,50.04,0,1,0,0,0
2026-01-01T01:34:05Z,compressor_trip,COMP_TRIP,-1.9,39.77,39.88,39.04,5.99,6.12,24.44,50.05,0,1,0,0,0
2026-01-01T01:34:06Z,compressor_trip,COMP_TRIP,-12.4,39.79,40.08,37.22,5.98,5.8,24.57,50.0,0,1,0,0,0
2026-01-01T01:34:07Z,compressor_trip,COMP_TRIP,-5.5,40.28,40.51,39.39,6.27,6.16,24.7,49.94,0,1,0,0,0
2026-01-01T01:34:08Z,compressor_trip,COMP_TRIP,17.4,40.27,39.83,38.5,5.87,6.0,24.47,50.0,0,1,0,0,0
2026-01-01T01:34:09Z,compressor_trip,COMP_TRIP,-10.4,39.85,40.09,38.44,6.03,6.1,24.67,50.03,0,1,0,0,0
2026-01-01T01:34:10Z,compressor_trip,COMP_TRIP,-1.0,40.17,40.15,38.12,5.95,6.06,24.59,50.02,0,1,0,0,0
2026-01-01T01:34:11Z,compressor_trip,COMP_TRIP,10.4,40.23,39.91,38.1,6.04,5.97,24.62,50.04,0,1,0,0,0
2026-01-01T01:34:12Z,compressor_trip,COMP_TRIP,2.0,40.05,40.57,38.79,5.85,5.92,24.75,50.11,0,1,0,0,0
2026-01-01T01:34:13Z,compressor_trip,COMP_TRIP,-8.9,40.07,40.64,38.78,5.92,6.13,24.68,49.98,0,1,0,0,0
2026-01-01T01:34:14Z,compressor_trip,COMP_TRIP,10.1,40.01,40.07,37.99,5.93,5.95,24.73,50.02,0,1,0,0,0
2026-01-01T01:34:15Z,compressor_trip,COMP_TRIP,-16.3,40.17,40.82,38.42,5.94,6.09,24.76,49.94,0,1,0,0,0
2026-01-01T01:34:16Z,compressor_trip,COMP_TRIP,-13.7,40.18,40.48,38.08,6.04,5.99,24.88,50.06,0,1,0,0,0
2026-01-01T01:34:17Z,compressor_trip,COMP_TRIP,0.6,40.01,40.46,39.08,6.12,6.11,24.43,49.97,0,1,0,0,0
2026-01-01T01:34:18Z,compressor_trip,COMP_TRIP,-4.6,40.17,40.48,38.57,6.03,6.13,24.64,49.95,0,1,0,0,0
2026-01-01T01:34:19Z,compressor_trip,COMP_TRIP,17.6,39.99,40.54,38.3,5.99,5.9,24.77,49.97,0,1,0,0,0
2026-01-01T01:34:20Z,compressor_trip,COMP_TRIP,-12.3,39.77,41.12,38.97,5.86,6.13,24.63,49.97,0,1,0,0,0
2026-01-01T01:34:21Z,compressor_trip,COMP_TRIP,-0.3,39.89,38.97,39.39,5.88,5.94,24.77,49.93,0,1,0,0,0
2026-01-01T01:34:22Z,compressor_trip,COMP_TRIP,4.2,39.88,39.59,37.69,6.05,6.14,24.81,49.99,0,1,0,0,0
2026-01-01T01:34:23Z,compressor_trip,COMP_TRIP,8.3,40.13,39.77,38.51,5.83,6.03,24.71,49.96,0,1,0,0,0
2026-01-01T01:34:24Z,compressor_trip,COMP_TRIP,1.9,40.08,40.17,38.79,6.05,5.99,24.71,49.93,0,1,0,0,0
2026-01-01T01:34:25Z,compressor_trip,COMP_TRIP,-26.7,40.07,40.68,38.85,6.04,5.88,24.81,49.98,0,1,0,0,0
2026-01-01T01:34:26Z,compressor_trip,COMP_TRIP,3.1,40.21,40.59,38.84,5.92,5.95,24.77,50.06,0,1,0,0,0
2026-01-01T01:34:27Z,compressor_trip,COMP_TRIP,16.2,40.03,40.05,38.96,6.09,6.01,24.75,49.96,0,1,0,0,0
2026-01-01T01:34:28Z,compressor_trip,COMP_TRIP,8.5,39.96,39.7,38.55,5.96,5.93,24.79,50.08,0,1,0,0,0
2026-01-01T01:34:29Z,compressor_trip,COMP_TRIP,13.3,39.94,41.27,38.11,6.08,5.94,24.83,49.99,0,1,0,0,0
2026-01-01T01:34:30Z,compressor_trip,COMP_TRIP,-6.3,40.18,40.41,38.64,5.98,6.31,24.79,50.07,0,1,0,0,0
2026-01-01T01:34:31Z,compressor_trip,COMP_TRIP,-21.4,39.98,39.89,38.61,6.04,5.88,24.94,49.98,0,1,0,0,0
2026-01-01T01:34:32Z,compressor_trip,COMP_TRIP,6.1,40.16,39.37,38.24,5.87,5.83,24.79,50.09,0,1,0,0,0
2026-01-01T01:34:33Z,compressor_trip,COMP_TRIP,-2.4,39.89,39.58,38.37,5.85,6.04,24.58,50.06,0,1,0,0,0
2026-01-01T01:34:34Z,compressor_trip,COMP_TRIP,16.7,39.96,39.69,37.89,6.14,6.08,24.75,50.03,0,1,0,0,0
2026-01-01T01:34:35Z,compressor_trip,COMP_TRIP,-3.8,39.94,39.88,38.76,5.96,6.02,24.84,50.06,0,1,0,0,0
2026-01-01T01:34:36Z,compressor_trip,COMP_TRIP,-16.1,40.14,39.34,38.79,6.02,5.97,24.97,50.06,0,1,0,0,0
2026-01-01T01:34:37Z,compressor_trip,COMP_TRIP,-3.1,40.13,39.9,38.43,6.0,5.82,24.87,49.96,0,1,0,0,0
2026-01-01T01:34:38Z,compressor_trip,COMP_TRIP,10.4,40.11,40.0,38.45,5.83,5.86,24.78,50.03,0,1,0,0,0
2026-01-01T01:34:39Z,compressor_trip,COMP_TRIP,4.2,40.05,40.23,37.51,5.84,5.89,24.79,49.96,0,1,0,0,0
2026-01-01T01:34:40Z,compressor_trip,COMP_TRIP,0.7,39.89,39.55,38.1,6.02,6.03,24.94,50.03,0,1,0,0,0
2026-01-01T01:34:41Z,compressor_trip,COMP_TRIP,-2.8,39.95,40.01,38.16,5.92,6.08,24.98,49.97,0,1,0,0,0
2026-01-01T01:34:42Z,compressor_trip,COMP_TRIP,-5.9,40.28,39.29,38.13,5.92,6.0,25.02,49.93,0,1,0,0,0
2026-01-01T01:34:43Z,compressor_trip,COMP_TRIP,-4.3,39.93,39.75,38.68,6.2,6.19,24.86,50.0,0,1,0,0,0
2026-01-01T01:34:44Z,compressor_trip,COMP_TRIP,-3.6,40.06,40.6,38.91,5.84,5.96,24.9,49.99,0,1,0,0,0
2026-01-01T01:34:45Z,compressor_trip,COMP_TRIP,-8.9,39.86,40.32,37.93,5.98,6.11,24.94,49.94,0,1,0,0,0
2026-01-01T01:34:46Z,compressor_trip,COMP_TRIP,-3.8,39.96,40.8,39.25,6.0,5.86,24.81,50.03,0,1,0,0,0
2026-01-01T01:34:47Z,compressor_trip,COMP_TRIP,-0.8,39.86,39.79,38.79,5.88,5.99,24.98,50.11,0,1,0,0,0
2026-01-01T01:34:48Z,compressor_trip,COMP_TRIP,8.3,40.22,39.46,38.66,6.16,5.88,24.93,50.05,0,1,0,0,0
2026-01-01T01:34:49Z,compressor_trip,COMP_TRIP,-4.7,39.72,39.82,38.24,5.84,5.87,24.83,50.01,0,1,0,0,0
2026-01-01T01:34:50Z,compressor_trip,COMP_TRIP,-15.0,40.35,39.79,37.7,6.05,6.07,24.73,49.88,0,1,0,0,0
2026-01-01T01:34:51Z,compressor_trip,COMP_TRIP,2.3,40.3,40.17,38.88,5.95,6.0,24.87,50.01,0,1,0,0,0
2026-01-01T01:34:52Z,compressor_trip,COMP_TRIP,3.4,39.82,40.17,39.09,5.93,5.95,25.06,49.99,0,1,0,0,0
2026-01-01T01:34:53Z,compressor_trip,COMP_TRIP,16.2,39.84,39.42,38.69,5.91,5.92,24.86,49.94,0,1,0,0,0
2026-01-01T01:34:54Z,compressor_trip,COMP_TRIP,-7.1,39.97,40.22,37.75,5.98,5.85,24.85,49.99,0,1,0,0,0
2026-01-01T01:34:55Z,compressor_trip,COMP_TRIP,-3.5,39.93,39.32,38.02,6.01,5.92,24.96,50.04,0,1,0,0,0
2026-01-01T01:34:56Z,compressor_trip,COMP_TRIP,-4.6,39.96,40.1,38.56,6.0,6.16,24.98,50.0,0,1,0,0,0
2026-01-01T01:34:57Z,compressor_trip,COMP_TRIP,-15.7,40.22,40.66,39.28,5.77,5.92,24.93,50.0,0,1,0,0,0
2026-01-01T01:34:58Z,compressor_trip,COMP_TRIP,17.2,40.05,40.4,39.03,5.85,6.01,25.14,50.0,0,1,0,0,0
2026-01-01T01:34:59Z,compressor_trip,COMP_TRIP,2.3,40.15,39.52,38.52,6.07,5.83,25.08,50.02,0,1,0,0,0
2026-01-01T01:35:00Z,compressor_trip,COMP_TRIP,20.1,39.91,39.38,38.11,5.94,6.13,25.0,50.0,0,1,0,0,0
2026-01-01T01:35:01Z,compressor_trip,COMP_TRIP,-2.7,39.82,40.45,37.4,5.94,5.94,24.8,50.01,0,1,0,0,0
2026-01-01T01:35:02Z,compressor_trip,COMP_TRIP,7.9,39.97,40.08,38.18,5.99,5.92,24.98,49.98,0,1,0,0,0
2026-01-01T01:35:03Z,compressor_trip,COMP_TRIP,5.5,40.04,40.1,38.53,6.05,6.07,25.0,49.97,0,1,0,0,0
2026-01-01T01:35:04Z,compressor_trip,COMP_TRIP,6.2,40.02,39.94,38.26,6.01,5.96,24.8,50.04,0,1,0,0,0
2026-01-01T01:35:05Z,compressor_trip,COMP_TRIP,5.2,39.81,39.88,38.29,5.94,6.08,25.09,50.04,0,1,0,0,0
2026-01-01T01:35:06Z,compressor_trip,COMP_TRIP,5.3,40.26,39.98,39.67,5.89,6.0,25.03,49.96,0,1,0,0,0
2026-01-01T01:35:07Z,compressor_trip,COMP_TRIP,7.3,39.93,40.32,38.77,6.06,6.18,25.03,50.11,0,1,0,0,0
2026-01-01T01:35:08Z,compressor_trip,COMP_TRIP,-8.3,39.81,39.71,39.16,5.97,6.02,25.09,49.98,0,1,0,0,0
2026-01-01T01:35:09Z,compressor_trip,COMP_TRIP,-1.7,40.13,40.26,38.49,6.02,6.02,25.01,50.01,0,1,0,0,0
2026-01-01T01:35:10Z,compressor_trip,COMP_TRIP,-9.3,39.7,39.57,37.7,6.01,5.97,24.93,50.06,0,1,0,0,0
2026-01-01T01:35:11Z,compressor_trip,COMP_TRIP,1.4,40.65,40.23,38.29,5.89,6.01,25.26,49.91,0,1,0,0,0
2026-01-01T01:35:12Z,compressor_trip,COMP_TRIP,4.5,40.31,39.32,37.45,5.99,5.97,25.07,49.91,0,1,0,0,0
2026-01-01T01:35:13Z,compressor_trip,COMP_TRIP,4.2,39.95,39.95,38.12,6.14,5.98,25.02,50.0,0,1,0,0,0
2026-01-01T01:35:14Z,compressor_trip,COMP_TRIP,-1.4,40.02,39.7,38.53,6.04,6.06,24.97,49.99,0,1,0,0,0
2026-01-01T01:35:15Z,compressor_trip,COMP_TRIP,14.8,39.98,40.16,38.54,6.01,5.98,25.15,49.89,0,1,0,0,0
2026-01-01T01:35:16Z,compressor_trip,COMP_TRIP,11.4,40.33,40.56,38.09,6.26,5.78,24.99,49.9,0,1,0,0,0
2026-01-01T01:35:17Z,compressor_trip,COMP_TRIP,0.7,39.89,40.48,37.65,5.8,6.06,25.1,50.05,0,1,0,0,0
2026-01-01T01:35:18Z,compressor_trip,COMP_TRIP,-5.4,40.27,40.56,38.01,5.96,5.92,25.19,49.97,0,1,0,0,0
2026-01-01T01:35:19Z,compressor_trip,COMP_TRIP,4.0,40.18,39.46,38.05,5.93,6.05,25.16,50.0,0,1,0,0,0
2026-01-01T01:35:20Z,compressor_trip,COMP_TRIP,-7.8,40.0,39.88,38.28,6.13,6.06,25.05,49.97,0,1,0,0,0
2026-01-01T01:35:21Z,compressor_trip,COMP_TRIP,3.0,40.0,39.54,37.83,5.93,5.93,25.0,50.01,0,1,0,0,0
2026-01-01T01:35:22Z,compressor_trip,COMP_TRIP,-5.3,40.1,39.65,38.95,5.85,5.82,25.13,49.99,0,1,0,0,0
2026-01-01T01:35:23Z,compressor_trip,COMP_TRIP,6.7,39.81,40.21,39.5,6.04,6.09,25.31,49.99,0,1,0,0,0
2026-01-01T01:35:24Z,compressor_trip,COMP_TRIP,7.9,39.95,39.52,37.53,5.95,5.88,25.03,50.04,0,1,0,0,0
2026-01-01T01:35:25Z,compressor_trip,COMP_TRIP,-2.1,39.86,39.41,38.18,5.97,5.84,25.15,50.0,0,1,0,0,0
2026-01-01T01:35:26Z,compressor_trip,COMP_TRIP,25.1,39.74,39.66,37.37,6.13,5.93,25.11,49.96,0,1,0,0,0
2026-01-01T01:35:27Z,compressor_trip,COMP_TRIP,-7.0,40.36,39.72,38.42,5.97,6.01,25.28,50.05,0,1,0,0,0
2026-01-01T01:35:28Z,compressor_trip,COMP_TRIP,-7.1,39.63,38.68,38.68,5.97,5.94,25.14,49.95,0,1,0,0,0
2026-01-01T01:35:29Z,compressor_trip,COMP_TRIP,-6.5,40.24,40.58,39.05,6.0,5.86,25.28,49.98,0,1,0,0,0
2026-01-01T01:35:30Z,compressor_trip,COMP_TRIP,-2.1,39.98,40.31,38.37,5.98,5.96,25.31,50.02,0,1,0,0,0
2026-01-01T01:35:31Z,compressor_trip,COMP_TRIP,11.5,40.25,40.27,38.5,6.0,5.87,25.22,50.04,0,1,0,0,0
2026-01-01T01:35:32Z,compressor_trip,COMP_TRIP,4.4,39.85,39.18,39.43,6.04,6.06,25.22,50.01,0,1,0,0,0
2026-01-01T01:35:33Z,compressor_trip,COMP_TRIP,0.8,39.79,40.65,38.08,6.04,6.15,25.21,49.97,0,1,0,0,0
2026-01-01T01:35:34Z,compressor_trip,COMP_TRIP,7.9,40.12,39.43,38.64,5.96,5.97,25.24,50.04,0,1,0,0,0
2026-01-01T01:35:35Z,compressor_trip,COMP_TRIP,10.5,40.33,40.11,38.86,6.07,5.94,25.27,50.06,0,1,0,0,0
2026-01-01T01:35:36Z,compressor_trip,COMP_TRIP,-6.8,40.15,39.83,38.64,5.95,5.97,25.3,49.98,0,1,0,0,0
2026-01-01T01:35:37Z,compressor_trip,COMP_TRIP,-10.8,39.85,39.96,37.98,5.95,6.16,25.0,50.0,0,1,0,0,0
2026-01-01T01:35:38Z,compressor_trip,COMP_TRIP,0.7,39.79,40.18,38.92,5.85,5.95,25.27,49.96,0,1,0,0,0
2026-01-01T01:35:39Z,compressor_trip,COMP_TRIP,-7.2,40.08,39.37,38.37,6.28,5.82,25.11,50.03,0,1,0,0,0
2026-01-01T01:35:40Z,compressor_trip,COMP_TRIP,7.1,39.89,39.2,38.42,5.94,6.12,25.39,49.91,0,1,0,0,0
2026-01-01T01:35:41Z,compressor_trip,COMP_TRIP,10.6,40.07,39.92,37.75,6.18,5.91,25.33,50.02,0,1,0,0,0
2026-01-01T01:35:42Z,compressor_trip,COMP_TRIP,-5.5,39.87,41.13,39.73,5.94,6.1,25.46,50.0,0,1,0,0,0
2026-01-01T01:35:43Z,compressor_trip,COMP_TRIP,-8.7,40.09,39.47,37.96,6.15,6.05,25.43,50.03,0,1,0,0,0
2026-01-01T01:35:44Z,compressor_trip,COMP_TRIP,-3.8,39.81,41.23,38.45,5.91,6.08,25.3,49.91,0,1,0,0,0
2026-01-01T01:35:45Z,compressor_trip,COMP_TRIP,-2.5,40.0,39.85,38.9,6.01,5.91,25.36,49.95,0,1,0,0,0
2026-01-01T01:35:46Z,compressor_trip,COMP_TRIP,7.4,40.24,40.25,38.78,6.13,6.11,25.33,49.94,0,1,0,0,0
2026-01-01T01:35:47Z,compressor_trip,COMP_TRIP,8.4,40.33,39.93,38.01,6.12,5.75,25.32,49.98,0,1,0,0,0
2026-01-01T01:35:48Z,compressor_trip,COMP_TRIP,-7.5,40.01,40.22,38.34,6.08,5.91,25.28,50.1,0,1,0,0,0
2026-01-01T01:35:49Z,compressor_trip,COMP_TRIP,-6.0,39.87,40.61,38.83,6.08,5.97,25.3,49.94,0,1,0,0,0
2026-01-01T01:35:50Z,compressor_trip,COMP_TRIP,1.7,40.58,39.59,39.38,6.07,6.0,25.16,50.0,0,1,0,0,0
2026-01-01T01:35:51Z,compressor_trip,COMP_TRIP,-12.7,39.88,39.45,37.98,6.0,5.89,25.17,50.1,0,1,0,0,0
2026-01-01T01:35:52Z,compressor_trip,COMP_TRIP,12.7,39.86,39.63,38.13,6.11,6.12,25.27,49.96,0,1,0,0,0
2026-01-01T01:35:53Z,compressor_trip,COMP_TRIP,0.8,40.02,39.94,38.23,6.13,6.08,25.33,49.94,0,1,0,0,0
2026-01-01T01:35:54Z,compressor_trip,COMP_TRIP,0.5,39.9,39.84,39.07,6.01,6.1,25.45,50.01,0,1,0,0,0
2026-01-01T01:35:55Z,compressor_trip,COMP_TRIP,-4.6,39.55,40.7,38.65,5.93,6.32,25.26,50.08,0,1,0,0,0
2026-01-01T01:35:56Z,compressor_trip,COMP_TRIP,-3.1,39.93,39.39,37.52,6.03,5.99,25.4,49.96,0,1,0,0,0
2026-01-01T01:35:57Z,compressor_trip,COMP_TRIP,-17.3,40.02,40.29,39.46,6.09,6.0,25.34,49.97,0,1,0,0,0
2026-01-01T01:35:58Z,compressor_trip,COMP_TRIP,8.4,40.02,40.59,38.46,5.99,6.04,25.23,49.99,0,1,0,0,0
2026-01-01T01:35:59Z,compressor_trip,COMP_TRIP,9.1,39.91,39.98,38.53,5.89,6.02,25.35,50.01,0,1,0,0,0
2026-01-01T01:36:00Z,compressor_trip,COMP_TRIP,-3.5,40.07,40.25,38.39,6.06,6.02,25.3,50.04,0,1,0,0,0
2026-01-01T01:36:01Z,compressor_trip,NORMAL,858.1,40.0,37.19,37.93,6.52,5.69,25.36,49.99,0,0,0,0,0
2026-01-01T01:36:02Z,compressor_trip,NORMAL,1638.0,39.84,35.39,37.96,6.87,6.11,25.35,50.02,0,0,0,0,0
2026-01-01T01:36:03Z,compressor_trip,NORMAL,2330.5,39.86,34.14,37.76,7.33,6.01,25.4,49.95,0,0,0,0,0
2026-01-01T01:36:04Z,compressor_trip,NORMAL,2959.4,39.78,33.95,38.22,7.76,6.16,25.36,49.98,0,0,0,0,0
2026-01-01T01:36:05Z,compressor_trip,NORMAL,3525.9,40.2,33.5,36.7,7.92,6.28,25.51,49.96,0,0,0,0,0
2026-01-01T01:36:06Z,compressor_trip,NORMAL,4022.4,40.02,34.56,37.16,8.37,6.26,25.44,50.03,0,0,0,0,0
2026-01-01T01:36:07Z,compressor_trip,NORMAL,4486.6,39.73,36.82,37.1,8.78,6.25,25.27,49.96,0,0,0,0,0
2026-01-01T01:36:08Z,compressor_trip,NORMAL,4884.0,39.91,37.76,36.47,9.02,6.48,25.45,50.04,0,0,0,0,0
2026-01-01T01:36:09Z,compressor_trip,NORMAL,5254.8,39.84,39.63,37.13,9.43,6.38,25.41,50.08,0,0,0,0,0
2026-01-01T01:36:10Z,compressor_trip,NORMAL,5595.3,40.25,40.7,36.76,9.6,6.58,25.39,49.99,0,0,0,0,0
2026-01-01T01:36:11Z,compressor_trip,NORMAL,5897.6,39.7,43.5,36.45,9.87,6.61,25.35,50.01,0,0,0,0,0
2026-01-01T01:36:12Z,compressor_trip,NORMAL,6161.3,39.9,45.85,37.12,10.16,6.82,25.46,50.0,0,0,0,0,0
2026-01-01T01:36:13Z,compressor_trip,NORMAL,6390.5,40.07,48.42,37.25,10.24,6.91,25.46,50.08,0,0,0,0,0
2026-01-01T01:36:14Z,compressor_trip,NORMAL,6607.4,40.03,49.58,36.39,10.6,6.94,25.52,49.99,0,0,0,0,0
2026-01-01T01:36:15Z,compressor_trip,NORMAL,6833.7,40.07,53.02,38.27,10.79,7.23,25.38,49.93,0,0,0,0,0
2026-01-01T01:36:16Z,compressor_trip,NORMAL,7002.6,39.93,53.68,37.9,11.05,7.19,25.57,49.95,0,0,0,0,0
2026-01-01T01:36:17Z,compressor_trip,NORMAL,7141.1,40.05,57.08,38.38,11.36,7.52,25.61,50.0,0,0,0,0,0
2026-01-01T01:36:18Z,compressor_trip,NORMAL,7319.8,40.03,58.33,38.35,11.47,7.55,25.51,50.01,0,0,0,0,0
2026-01-01T01:36:19Z,compressor_trip,NORMAL,7444.4,40.25,60.04,38.36,11.63,7.74,25.59,50.03,0,0,0,0,0
2026-01-01T01:36:20Z,compressor_trip,NORMAL,7544.9,39.88,64.09,40.28,11.93,7.62,25.49,49.94,0,0,0,0,0
2026-01-01T01:36:21Z,compressor_trip,NORMAL,7660.2,40.28,64.11,40.16,11.97,8.08,25.43,50.0,0,0,0,0,0
2026-01-01T01:36:22Z,compressor_trip,NORMAL,7730.1,40.0,66.92,41.51,12.06,8.03,25.66,49.98,0,0,0,0,0
2026-01-01T01:36:23Z,compressor_trip,NORMAL,7822.4,39.83,68.42,42.04,12.32,8.16,25.38,50.02,0,0,0,0,0
2026-01-01T01:36:24Z,compressor_trip,NORMAL,7905.7,40.03,69.65,42.98,12.38,8.25,25.6,49.94,0,0,0,0,0
2026-01-01T01:36:25Z,compressor_trip,NORMAL,7962.6,40.13,70.5,43.03,12.52,8.42,25.49,49.99,0,0,0,0,0
2026-01-01T01:36:26Z,compressor_trip,NORMAL,8032.1,39.6,72.05,45.02,12.69,8.54,25.53,50.07,0,0,0,0,0
2026-01-01T01:36:27Z,compressor_trip,NORMAL,8080.1,39.92,74.66,45.14,12.69,8.74,25.56,49.98,0,0,0,0,0
2026-01-01T01:36:28Z,compressor_trip,NORMAL,8148.8,39.85,76.06,45.66,12.86,8.83,25.66,49.97,0,0,0,0,0
2026-01-01T01:36:29Z,compressor_trip,NORMAL,8189.3,39.79,75.82,47.39,13.1,9.05,25.66,50.02,0,0,0,0,0
2026-01-01T01:36:30Z,compressor_trip,NORMAL,8233.0,39.83,77.43,47.97,13.12,8.91,25.44,49.97,0,0,0,0,0
2026-01-01T01:36:31Z,compressor_trip,NORMAL,8284.8,39.87,77.82,49.58,13.14,9.21,25.54,49.96,0,0,0,0,0
2026-01-01T01:36:32Z,compressor_trip,NORMAL,8299.4,40.07,79.13,49.97,13.19,9.39,25.45,50.0,0,0,0,0,0
2026-01-01T01:36:33Z,compressor_trip,NORMAL,8325.5,39.83,79.42,51.11,13.45,9.28,25.64,49.98,0,0,0,0,0
2026-01-01T01:36:34Z,compressor_trip,NORMAL,8368.6,39.97,80.71,51.18,13.44,9.63,25.6,50.05,0,0,0,0,0
2026-01-01T01:36:35Z,compressor_trip,NORMAL,8362.6,39.69,81.43,52.67,13.42,9.54,25.21,50.02,0,0,0,0,0
2026-01-01T01:36:36Z,compressor_trip,NORMAL,8402.8,39.33,82.34,51.2,13.58,9.79,25.6,50.03,0,0,0,0,0
2026-01-01T01:36:37Z,compressor_trip,NORMAL,8415.8,40.31,83.37,53.09,13.74,9.73,25.6,50.02,0,0,0,0,0
2026-01-01T01:36:38Z,compressor_trip,NORMAL,8439.1,40.11,83.9,55.68,13.66,9.98,25.4,50.04,0,0,0,0,0
2026-01-01T01:36:39Z,compressor_trip,NORMAL,8448.8,39.89,84.42,55.37,13.69,9.91,25.62,50.04,0,0,0,0,0
2026-01-01T01:36:40Z,compressor_trip,NORMAL,8482.3,39.86,84.55,55.78,13.73,10.2,25.64,50.05,0,0,0,0,0
2026-01-01T01:36:41Z,compressor_trip,NORMAL,8483.7,40.0,85.04,57.64,14.01,10.28,25.49,50.09,0,0,0,0,0
2026-01-01T01:36:42Z,compressor_trip,NORMAL,8508.7,39.78,87.01,57.68,13.98,10.45,25.49,49.95,0,0,0,0,0
2026-01-01T01:36:43Z,compressor_trip,NORMAL,8506.7,39.81,86.4,58.78,13.84,10.5,25.5,49.97,0,0,0,0,0
2026-01-01T01:36:44Z,compressor_trip,NORMAL,8499.3,39.97,86.86,59.57,14.26,10.77,25.6,49.98,0,0,0,0,0
2026-01-01T01:36:45Z,compressor_trip,NORMAL,8536.8,40.25,86.92,59.81,14.2,10.84,25.6,50.02,0,0,0,0,0
2026-01-01T01:36:46Z,compressor_trip,NORMAL,8523.8,39.78,86.55,59.71,14.05,10.99,25.69,50.04,0,0,0,0,0
2026-01-01T01:36:47Z,compressor_trip,NORMAL,8530.9,39.72,87.71,61.04,14.14,10.88,25.76,49.91,0,0,0,0,0
2026-01-01T01:36:48Z,compressor_trip,NORMAL,8541.0,39.88,87.82,62.65,14.28,11.17,25.7,49.9,0,0,0,0,0
2026-01-01T01:36:49Z,compressor_trip,NORMAL,8558.9,39.79,88.9,63.33,14.28,11.06,25.63,50.02,0,0,0,0,0
2026-01-01T01:36:50Z,compressor_trip,NORMAL,8552.8,40.14,88.03,62.97,14.22,11.08,25.72,50.03,0,0,0,0,0
2026-01-01T01:36:51Z,compressor_trip,NORMAL,8540.1,39.99,88.55,63.08,14.38,11.36,25.74,49.98,0,0,0,0,0
2026-01-01T01:36:52Z,compressor_trip,NORMAL,8545.1,40.01,89.35,64.63,14.34,11.39,25.82,50.08,0,0,0,0,0
2026-01-01T01:36:53Z,compressor_trip,NORMAL,8556.3,39.9,89.16,65.12,14.44,11.17,25.67,50.07,0,0,0,0,0
2026-01-01T01:36:54Z,compressor_trip,NORMAL,8571.5,40.05,88.71,66.42,14.47,11.5,25.76,49.94,0,0,0,0,0
2026-01-01T01:36:55Z,compressor_trip,NORMAL,8593.3,40.24,88.83,66.31,14.42,11.65,25.55,50.05,0,0,0,0,0
2026-01-01T01:36:56Z,compressor_trip,NORMAL,8580.4,40.03,89.35,67.04,14.45,12.03,25.72,49.94,0,0,0,0,0
2026-01-01T01:36:57Z,compressor_trip,NORMAL,8574.5,40.06,89.87,67.34,14.45,11.9,25.69,50.0,0,0,0,0,0
2026-01-01T01:36:58Z,compressor_trip,NORMAL,8582.4,40.0,89.37,68.44,14.43,11.9,25.68,50.06,0,0,0,0,0
2026-01-01T01:36:59Z,compressor_trip,NORMAL,8592.7,39.91,89.48,68.1,14.63,11.92,25.63,49.93,0,0,0,0,0
2026-01-01T01:37:00Z,compressor_trip,NORMAL,8583.7,39.75,90.13,68.62,14.67,12.13,25.89,49.91,0,0,0,0,0
2026-01-01T01:37:01Z,compressor_trip,NORMAL,8596.1,40.17,90.33,69.66,14.37,12.31,25.7,50.0,0,0,0,0,0
2026-01-01T01:37:02Z,compressor_trip,NORMAL,8589.1,39.92,89.65,69.62,14.82,12.27,25.91,49.98,0,0,0,0,0
2026-01-01T01:37:03Z,compressor_trip,NORMAL,8597.5,40.06,90.24,70.5,14.81,12.34,25.71,49.94,0,0,0,0,0
2026-01-01T01:37:04Z,compressor_trip,NORMAL,8603.1,39.88,91.19,72.2,14.58,12.33,25.88,49.93,0,0,0,0,0
2026-01-01T01:37:05Z,compressor_trip,NORMAL,8580.8,40.32,90.25,70.81,14.55,12.57,25.74,50.01,0,0,0,0,0
2026-01-01T01:37:06Z,compressor_trip,NORMAL,8576.5,40.31,90.59,71.53,14.64,12.56,26.01,50.0,0,0,0,0,0
2026-01-01T01:37:07Z,compressor_trip,NORMAL,8596.5,39.92,90.97,71.73,14.79,12.57,25.61,50.05,0,0,0,0,0
2026-01-01T01:37:08Z,compressor_trip,NORMAL,8592.5,39.9,89.88,72.73,14.64,12.72,25.71,49.95,0,0,0,0,0
2026-01-01T01:37:09Z,compressor_trip,NORMAL,8591.6,40.18,90.59,71.47,14.74,12.62,25.81,49.92,0,0,0,0,0
2026-01-01T01:37:10Z,compressor_trip,NORMAL,8582.6,40.27,90.52,74.46,14.66,12.87,25.71,49.99,0,0,0,0,0
2026-01-01T01:37:11Z,compressor_trip,NORMAL,8594.7,40.08,91.35,72.24,14.79,12.81,25.76,49.97,0,0,0,0,0
2026-01-01T01:37:12Z,compressor_trip,NORMAL,8594.6,39.76,89.49,73.71,14.87,12.93,25.89,50.03,0,0,0,0,0
2026-01-01T01:37:13Z,compressor_trip,NORMAL,8583.3,40.35,90.28,73.71,14.83,12.92,25.82,49.92,0,0,0,0,0
2026-01-01T01:37:14Z,compressor_trip,NORMAL,8591.8,39.85,90.77,74.23,14.71,13.12,25.82,50.1,0,0,0,0,0
2026-01-01T01:37:15Z,compressor_trip,NORMAL,8568.8,40.12,91.34,74.68,14.82,13.03,25.86,49.97,0,0,0,0,0
2026-01-01T01:37:16Z,compressor_trip,NORMAL,8579.2,39.94,91.94,73.8,14.67,12.91,25.77,50.02,0,0,0,0,0
2026-01-01T01:37:17Z,compressor_trip,NORMAL,8588.4,39.84,90.87,74.43,14.67,13.09,25.8,50.0,0,0,0,0,0
2026-01-01T01:37:18Z,compressor_trip,NORMAL,8593.5,39.55,90.35,74.68,15.0,13.27,25.82,50.05,0,0,0,0,0
2026-01-01T01:37:19Z,compressor_trip,NORMAL,8601.5,40.2,90.54,75.67,15.05,13.23,25.83,50.0,0,0,0,0,0
2026-01-01T01:37:20Z,compressor_trip,NORMAL,8587.9,39.58,90.17,75.57,14.69,13.38,26.02,49.96,0,0,0,0,0
2026-01-01T01:37:21Z,compressor_trip,NORMAL,8597.7,40.34,91.37,76.27,14.76,13.32,25.73,50.03,0,0,0,0,0
2026-01-01T01:37:22Z,compressor_trip,NORMAL,8607.8,39.88,90.73,76.27,15.0,13.36,25.92,50.11,0,0,0,0,0
2026-01-01T01:37:23Z,compressor_trip,NORMAL,8600.2,40.14,90.2,76.37,14.79,13.33,25.94,50.04,0,0,0,0,0
2026-01-01T01:37:24Z,compressor_trip,NORMAL,8600.2,40.42,90.99,76.49,14.99,13.63,25.98,49.99,0,0,0,0,0
2026-01-01T01:37:25Z,compressor_trip,NORMAL,8588.1,39.87,90.56,77.49,14.78,13.48,25.81,50.01,0,0,0,0,0
2026-01-01T01:37:26Z,compressor_trip,NORMAL,8596.6,39.95,90.84,76.37,14.92,13.7,25.98,50.02,0,0,0,0,0
2026-01-01T01:37:27Z,compressor_trip,NORMAL,8580.5,40.19,91.92,77.81,14.97,13.71,25.99,49.99,0,0,0,0,0
2026-01-01T01:37:28Z,compressor_trip,NORMAL,8591.3,39.88,90.34,77.2,15.03,13.66,25.9,49.97,0,0,0,0,0
2026-01-01T01:37:29Z,compressor_trip,NORMAL,8592.8,39.66,90.3,77.23,15.15,13.75,25.74,50.03,0,0,0,0,0
2026-01-01T01:37:30Z,compressor_trip,NORMAL,8607.2,39.78,91.51,77.3,14.88,13.69,25.91,50.09,0,0,0,0,0
2026-01-01T01:37:31Z,compressor_trip,NORMAL,8583.8,39.86,90.2,77.74,14.65,13.8,26.01,50.03,0,0,0,0,0
2026-01-01T01:37:32Z,compressor_trip,NORMAL,8589.2,39.95,90.8,78.02,14.84,14.0,25.95,50.0,0,0,0,0,0
2026-01-01T01:37:33Z,compressor_trip,NORMAL,8582.9,40.16,90.66,77.46,14.92,13.83,25.93,49.98,0,0,0,0,0
2026-01-01T01:37:34Z,compressor_trip,NORMAL,8588.4,39.99,90.45,77.47,14.8,13.96,25.96,50.0,0,0,0,0,0
2026-01-01T01:37:35Z,compressor_trip,NORMAL,8603.6,40.14,90.78,78.46,14.92,13.89,25.97,50.0,0,0,0,0,0
2026-01-01T01:37:36Z,compressor_trip,NORMAL,8598.8,40.0,91.49,78.88,14.98,14.01,26.06,49.91,0,0,0,0,0
2026-01-01T01:37:37Z,compressor_trip,NORMAL,8595.6,39.98,91.66,78.84,15.13,14.13,26.16,50.05,0,0,0,0,0
2026-01-01T01:37:38Z,compressor_trip,NORMAL,8588.9,39.98,90.74,78.71,14.93,14.11,26.07,50.0,0,0,0,0,0
2026-01-01T01:37:39Z,compressor_trip,NORMAL,8578.7,40.06,91.76,78.02,15.22,14.08,25.96,50.04,0,0,0,0,0
2026-01-01T01:37:40Z,compressor_trip,NORMAL,8607.5,40.18,91.07,78.16,15.01,13.93,25.98,49.95,0,0,0,0,0
2026-01-01T01:37:41Z,compressor_trip,NORMAL,8584.4,39.94,91.85,79.77,14.87,14.02,25.95,49.98,0,0,0,0,0
2026-01-01T01:37:42Z,compressor_trip,NORMAL,8586.6,40.03,91.44,78.52,14.99,14.05,25.9,50.09,0,0,0,0,0
2026-01-01T01:37:43Z,compressor_trip,NORMAL,8593.8,39.74,90.92,79.08,15.0,14.18,25.99,49.89,0,0,0,0,0
2026-01-01T01:37:44Z,compressor_trip,NORMAL,8600.8,40.12,91.24,78.98,14.87,14.3,25.99,49.99,0,0,0,0,0
2026-01-01T01:37:45Z,compressor_trip,NORMAL,8581.7,39.54,89.99,78.22,15.16,14.17,25.94,50.13,0,0,0,0,0
2026-01-01T01:37:46Z,compressor_trip,NORMAL,8586.3,39.91,91.25,80.46,14.98,14.24,25.93,50.01,0,0,0,0,0
2026-01-01T01:37:47Z,compressor_trip,NORMAL,8577.3,40.0,91.5,79.8,14.97,14.22,26.07,50.0,0,0,0,0,0
2026-01-01T01:37:48Z,compressor_trip,NORMAL,8593.5,40.35,91.21,79.6,14.98,14.13,25.88,50.04,0,0,0,0,0
2026-01-01T01:37:49Z,compressor_trip,NORMAL,8591.5,39.85,90.66,79.37,14.85,14.25,26.25,50.01,0,0,0,0,0
2026-01-01T01:37:50Z,compressor_trip,NORMAL,8585.5,39.96,91.17,79.1,14.95,14.29,25.95,49.98,0,0,0,0,0
2026-01-01T01:37:51Z,compressor_trip,NORMAL,8578.8,40.14,91.11,79.26,14.87,14.4,26.19,49.97,0,0,0,0,0
2026-01-01T01:37:52Z,compressor_trip,NORMAL,8600.8,39.61,90.69,80.22,15.23,14.44,26.22,50.02,0,0,0,0,0
2026-01-01T01:37:53Z,compressor_trip,NORMAL,8557.6,40.03,90.43,81.31,14.94,14.41,26.1,49.96,0,0,0,0,0
2026-01-01T01:37:54Z,compressor_trip,NORMAL,8578.0,40.0,90.77,80.18,14.82,14.39,26.18,50.05,0,0,0,0,0
2026-01-01T01:37:55Z,compressor_trip,NORMAL,8594.2,39.87,90.72,80.06,14.81,14.41,26.11,50.09,0,0,0,0,0
2026-01-01T01:37:56Z,compressor_trip,NORMAL,8565.5,39.95,90.97,79.52,14.99,14.34,25.98,50.01,0,0,0,0,0
2026-01-01T01:37:57Z,compressor_trip,NORMAL,8591.7,39.96,90.86,79.14,15.12,14.56,26.1,49.91,0,0,0,0,0
2026-01-01T01:37:58Z,compressor_trip,NORMAL,8581.1,40.2,90.69,80.55,14.94,14.38,26.06,49.92,0,0,0,0,0
2026-01-01T01:37:59Z,compressor_trip,NORMAL,8585.8,40.08,90.77,80.4,14.89,14.62,26.17,49.99,0,0,0,0,0
2026-01-01T01:38:00Z,compressor_trip,NORMAL,8588.1,39.92,91.22,79.95,15.03,14.46,26.1,50.09,0,0,0,0,0
2026-01-01T01:38:01Z,compressor_trip,NORMAL,8578.4,40.13,90.61,80.43,15.09,14.21,26.12,49.94,0,0,0,0,0
2026-01-01T01:38:02Z,compressor_trip,NORMAL,8598.1,39.92,91.25,79.26,14.94,14.42,26.15,49.98,0,0,0,0,0
2026-01-01T01:38:03Z,compressor_trip,NORMAL,8598.5,40.01,91.04,80.84,14.94,14.49,26.13,50.07,0,0,0,0,0
2026-01-01T01:38:04Z,compressor_trip,NORMAL,8577.9,39.94,90.08,79.42,14.93,14.42,26.34,50.01,0,0,0,0,0
2026-01-01T01:38:05Z,compressor_trip,NORMAL,8583.3,39.93,91.62,80.54,14.85,14.51,26.16,49.97,0,0,0,0,0
2026-01-01T01:38:06Z,compressor_trip,NORMAL,8570.9,40.22,90.99,80.34,14.92,14.64,26.11,49.95,0,0,0,0,0
2026-01-01T01:38:07Z,compressor_trip,NORMAL,8595.4,40.08,90.12,80.96,14.85,14.61,26.34,50.01,0,0,0,0,0
2026-01-01T01:38:08Z,compressor_trip,NORMAL,8583.8,39.75,90.94,79.97,15.05,14.51,26.37,50.03,0,0,0,0,0
2026-01-01T01:38:09Z,compressor_trip,NORMAL,8573.2,39.97,91.51,80.39,14.98,14.66,26.25,50.01,0,0,0,0,0
2026-01-01T01:38:10Z,compressor_trip,NORMAL,8579.3,40.33,90.66,79.88,14.94,14.58,26.06,49.94,0,0,0,0,0
2026-01-01T01:38:11Z,compressor_trip,NORMAL,8558.2,39.87,90.37,80.23,15.01,14.67,26.07,50.03,0,0,0,0,0
2026-01-01T01:38:12Z,compressor_trip,NORMAL,8574.1,39.69,91.2,80.59,15.02,14.64,26.05,50.08,0,0,0,0,0
2026-01-01T01:38:13Z,compressor_trip,NORMAL,8555.2,39.99,91.85,79.16,14.98,14.71,26.23,50.0,0,0,0,0,0
2026-01-01T01:38:14Z,compressor_trip,NORMAL,8572.6,39.84,90.74,80.31,14.76,14.87,26.17,50.05,0,0,0,0,0
2026-01-01T01:38:15Z,compressor_trip,NORMAL,8591.6,40.31,90.5,80.38,15.09,14.59,26.17,49.95,0,0,0,0,0
2026-01-01T01:38:16Z,compressor_trip,NORMAL,8567.8,40.31,90.53,79.66,15.1,14.48,26.25,49.97,0,0,0,0,0
2026-01-01T01:38:17Z,compressor_trip,NORMAL,8569.7,40.22,90.84,81.31,14.94,14.87,26.27,50.04,0,0,0,0,0
2026-01-01T01:38:18Z,compressor_trip,NORMAL,8556.2,39.81,91.04,80.81,15.04,14.58,25.97,49.95,0,0,0,0,0
2026-01-01T01:38:19Z,compressor_trip,NORMAL,8564.5,39.97,90.94,80.02,14.98,14.67,26.15,49.97,0,0,0,0,0
2026-01-01T01:38:20Z,compressor_trip,NORMAL,8571.0,40.02,90.59,81.11,14.95,14.73,26.26,49.95,0,0,0,0,0
2026-01-01T01:38:21Z,compressor_trip,NORMAL,8551.6,39.94,90.35,80.95,15.01,14.69,26.12,50.06,0,0,0,0,0
2026-01-01T01:38:22Z,compressor_trip,NORMAL,8559.1,39.94,91.36,81.09,14.83,14.61,26.24,50.06,0,0,0,0,0
2026-01-01T01:38:23Z,compressor_trip,NORMAL,8575.1,39.57,90.77,80.45,14.99,14.59,26.28,50.03,0,0,0,0,0
2026-01-01T01:38:24Z,compressor_trip,NORMAL,8563.2,40.11,90.4,81.15,15.06,14.66,26.18,49.95,0,0,0,0,0
2026-01-01T01:38:25Z,compressor_trip,NORMAL,8572.9,39.73,90.83,80.84,14.94,14.81,26.04,49.98,0,0,0,0,0
2026-01-01T01:38:26Z,compressor_trip,NORMAL,8567.4,39.9,91.58,80.54,15.08,14.82,26.29,50.03,0,0,0,0,0
2026-01-01T01:38:27Z,compressor_trip,NORMAL,8568.4,40.25,89.86,81.11,15.07,14.64,26.27,50.01,0,0,0,0,0
2026-01-01T01:38:28Z,compressor_trip,NORMAL,8556.4,40.07,90.85,81.13,14.96,14.75,26.31,49.98,0,0,0,0,0
2026-01-01T01:38:29Z,compressor_trip,NORMAL,8583.1,39.87,90.96,81.61,14.92,14.64,26.28,50.01,0,0,0,0,0
2026-01-01T01:38:30Z,compressor_trip,NORMAL,8551.7,40.3,89.9,80.37,15.09,14.78,26.37,50.09,0,0,0,0,0
2026-01-01T01:38:31Z,compressor_trip,NORMAL,8564.2,40.2,90.58,81.31,15.01,14.84,26.31,50.01,0,0,0,0,0
2026-01-01T01:38:32Z,compressor_trip,NORMAL,8552.5,39.78,91.19,80.37,14.84,14.76,26.18,50.01,0,0,0,0,0
2026-01-01T01:38:33Z,compressor_trip,NORMAL,8554.6,39.8,90.5,80.97,14.91,14.86,26.37,50.06,0,0,0,0,0
2026-01-01T01:38:34Z,compressor_trip,NORMAL,8537.2,40.18,90.83,80.55,14.89,14.9,26.46,50.07,0,0,0,0,0
2026-01-01T01:38:35Z,compressor_trip,NORMAL,8569.9,40.23,90.31,81.51,14.93,14.86,26.33,49.97,0,0,0,0,0
2026-01-01T01:38:36Z,compressor_trip,NORMAL,8541.5,40.18,90.7,80.83,15.03,14.79,26.18,50.05,0,0,0,0,0
2026-01-01T01:38:37Z,compressor_trip,NORMAL,8548.7,39.95,91.16,80.7,15.02,14.78,26.44,50.02,0,0,0,0,0
2026-01-01T01:38:38Z,compressor_trip,NORMAL,8555.4,39.98,90.71,81.98,15.0,14.9,26.26,50.02,0,0,0,0,0
2026-01-01T01:38:39Z,compressor_trip,NORMAL,8552.6,40.11,90.48,80.49,15.04,14.74,26.37,50.1,0,0,0,0,0
2026-01-01T01:38:40Z,compressor_trip,NORMAL,8563.0,39.72,90.69,81.31,15.04,14.83,26.25,49.95,0,0,0,0,0
2026-01-01T01:38:41Z,compressor_trip,NORMAL,8543.4,39.55,90.28,81.56,15.11,14.86,26.29,50.04,0,0,0,0,0
2026-01-01T01:38:42Z,compressor_trip,NORMAL,8543.2,39.62,90.08,80.79,15.04,14.82,26.48,49.93,0,0,0,0,0
2026-01-01T01:38:43Z,compressor_trip,NORMAL,8559.3,39.7,90.89,79.65,14.95,14.85,26.32,50.08,0,0,0,0,0
2026-01-01T01:38:44Z,compressor_trip,NORMAL,8556.5,39.91,90.85,79.6,14.98,14.79,26.24,50.07,0,0,0,0,0
2026-01-01T01:38:45Z,compressor_trip,NORMAL,8538.8,40.05,89.87,81.32,14.96,14.87,26.42,49.91,0,0,0,0,0
2026-01-01T01:38:46Z,compressor_trip,NORMAL,8565.2,40.05,90.21,80.98,15.12,14.81,26.32,49.99,0,0,0,0,0
2026-01-01T01:38:47Z,compressor_trip,NORMAL,8563.1,39.88,89.5,81.16,14.88,14.93,26.2,50.07,0,0,0,0,0
2026-01-01T01:38:48Z,compressor_trip,NORMAL,8547.2,39.89,90.62,80.24,14.99,14.92,26.33,49.98,0,0,0,0,0
2026-01-01T01:38:49Z,compressor_trip,NORMAL,8546.1,39.97,90.58,80.23,14.89,14.82,26.28,50.0,0,0,0,0,0
2026-01-01T01:38:50Z,compressor_trip,NORMAL,8531.1,39.83,90.62,80.63,15.13,14.94,26.47,50.09,0,0,0,0,0
2026-01-01T01:38:51Z,compressor_trip,NORMAL,8535.2,40.01,90.77,81.63,15.05,14.93,26.29,49.94,0,0,0,0,0
2026-01-01T01:38:52Z,compressor_trip,NORMAL,8546.7,40.07,91.1,80.99,15.04,14.77,26.52,49.9,0,0,0,0,0
2026-01-01T01:38:53Z,compressor_trip,NORMAL,8523.4,39.91,90.9,80.98,15.19,14.89,26.47,49.98,0,0,0,0,0
2026-01-01T01:38:54Z,compressor_trip,NORMAL,8535.6,40.16,91.13,80.64,15.1,14.87,26.19,50.04,0,0,0,0,0
2026-01-01T01:38:55Z,compressor_trip,NORMAL,8541.5,39.9,90.98,81.1,15.04,14.92,26.31,50.0,0,0,0,0,0
2026-01-01T01:38:56Z,compressor_trip,NORMAL,8518.8,39.97,91.02,80.56,14.84,14.97,26.59,50.06,0,0,0,0,0
2026-01-01T01:38:57Z,compressor_trip,NORMAL,8541.7,40.13,90.99,79.89,14.92,14.92,26.39,50.04,0,0,0,0,0
2026-01-01T01:38:58Z,compressor_trip,NORMAL,8556.1,40.41,90.46,79.84,14.94,14.93,26.42,49.96,0,0,0,0,0
2026-01-01T01:38:59Z,compressor_trip,NORMAL,8538.1,40.23,90.39,80.44,15.13,14.75,26.32,50.08,0,0,0,0,0
2026-01-01T01:39:00Z,compressor_trip,NORMAL,8521.6,40.16,90.74,80.81,15.05,14.95,26.47,50.03,0,0,0,0,0
2026-01-01T01:39:01Z,compressor_trip,NORMAL,8529.6,39.97,90.57,80.77,14.98,14.67,26.39,50.04,0,0,0,0,0
2026-01-01T01:39:02Z,compressor_trip,NORMAL,8531.8,40.11,90.44,80.65,14.69,14.97,26.29,50.04,0,0,0,0,0
2026-01-01T01:39:03Z,compressor_trip,NORMAL,8525.3,39.99,90.18,81.35,14.92,14.96,26.38,49.94,0,0,0,0,0
2026-01-01T01:39:04Z,compressor_trip,NORMAL,8547.7,40.26,90.79,80.11,14.9,14.84,26.49,50.08,0,0,0,0,0
2026-01-01T01:39:05Z,compressor_trip,NORMAL,8549.4,39.73,89.25,80.49,15.08,14.9,26.59,50.02,0,0,0,0,0
2026-01-01T01:39:06Z,compressor_trip,NORMAL,8547.3,40.12,90.23,80.84,15.01,14.83,26.57,50.03,0,0,0,0,0
2026-01-01T01:39:07Z,compressor_trip,NORMAL,8517.1,40.16,89.59,79.78,14.97,14.86,26.35,50.0,0,0,0,0,0
2026-01-01T01:39:08Z,compressor_trip,NORMAL,8517.9,40.03,90.43,80.76,14.96,14.99,26.5,49.91,0,0,0,0,0
2026-01-01T01:39:09Z,compressor_trip,NORMAL,8543.8,39.84,90.4,81.54,15.09,14.99,26.47,49.91,0,0,0,0,0
2026-01-01T01:39:10Z,compressor_trip,NORMAL,8538.2,40.24,91.07,80.43,14.82,15.0,26.33,50.06,0,0,0,0,0
2026-01-01T01:39:11Z,compressor_trip,NORMAL,8542.9,39.89,91.03,79.88,14.86,14.79,26.51,49.98,0,0,0,0,0
2026-01-01T01:39:12Z,compressor_trip,NORMAL,8536.3,39.97,90.13,80.02,14.98,14.98,26.59,49.92,0,0,0,0,0
2026-01-01T01:39:13Z,compressor_trip,NORMAL,8521.5,39.86,89.42,79.96,15.0,14.77,26.17,49.98,0,0,0,0,0
2026-01-01T01:39:14Z,compressor_trip,NORMAL,8525.1,40.01,89.81,79.53,15.16,14.98,26.38,50.07,0,0,0,0,0
2026-01-01T01:39:15Z,compressor_trip,NORMAL,8529.3,40.3,91.11,81.18,15.05,15.1,26.63,50.1,0,0,0,0,0
2026-01-01T01:39:16Z,compressor_trip,NORMAL,8525.6,40.03,90.82,80.53,14.98,15.05,26.35,50.07,0,0,0,0,0
2026-01-01T01:39:17Z,compressor_trip,NORMAL,8512.9,40.0,89.72,80.45,14.97,14.81,26.35,50.01,0,0,0,0,0
2026-01-01T01:39:18Z,compressor_trip,NORMAL,8529.0,39.99,89.52,80.48,14.84,14.96,26.39,50.06,0,0,0,0,0
2026-01-01T01:39:19Z,compressor_trip,NORMAL,8514.3,40.01,90.44,80.32,15.12,14.88,26.47,50.02,0,0,0,0,0
2026-01-01T01:39:20Z,compressor_trip,NORMAL,8520.1,39.95,89.72,81.02,15.17,14.89,26.41,49.95,0,0,0,0,0
2026-01-01T01:39:21Z,compressor_trip,NORMAL,8515.6,40.03,91.09,79.47,14.97,14.79,26.51,50.03,0,0,0,0,0
2026-01-01T01:39:22Z,compressor_trip,NORMAL,8503.8,40.01,89.77,80.81,14.76,15.07,26.63,49.99,0,0,0,0,0
2026-01-01T01:39:23Z,compressor_trip,NORMAL,8514.3,40.04,90.41,81.63,15.08,14.92,26.29,49.87,0,0,0,0,0
2026-01-01T01:39:24Z,compressor_trip,NORMAL,8529.9,39.69,90.22,80.66,15.0,14.93,26.41,50.02,0,0,0,0,0
2026-01-01T01:39:25Z,compressor_trip,NORMAL,8532.9,39.4,90.31,80.87,15.04,14.89,26.44,50.04,0,0,0,0,0
2026-01-01T01:39:26Z,compressor_trip,NORMAL,8512.2,40.6,90.23,79.9,14.88,14.66,26.34,49.98,0,0,0,0,0
2026-01-01T01:39:27Z,compressor_trip,NORMAL,8525.0,39.89,90.62,81.1,14.92,14.97,26.47,50.06,0,0,0,0,0
2026-01-01T01:39:28Z,compressor_trip,NORMAL,8500.3,40.1,90.9,80.73,14.91,14.92,26.49,50.02,0,0,0,0,0
2026-01-01T01:39:29Z,compressor_trip,NORMAL,8496.1,39.7,89.83,81.0,14.97,14.98,26.51,50.04,0,0,0,0,0
2026-01-01T01:39:30Z,compressor_trip,NORMAL,8513.4,39.85,90.42,81.09,14.93,14.96,26.62,49.96,0,0,0,0,0
2026-01-01T01:39:31Z,compressor_trip,NORMAL,8513.6,39.77,89.31,79.86,15.01,15.2,26.66,50.13,0,0,0,0,0
2026-01-01T01:39:32Z,compressor_trip,NORMAL,8517.5,40.08,89.6,81.35,14.9,15.21,26.6,50.01,0,0,0,0,0
2026-01-01T01:39:33Z,compressor_trip,NORMAL,8516.9,40.18,90.64,80.46,15.0,15.17,26.59,49.92,0,0,0,0,0
2026-01-01T01:39:34Z,compressor_trip,NORMAL,8505.3,40.13,90.25,80.09,15.19,15.05,26.38,50.03,0,0,0,0,0
2026-01-01T01:39:35Z,compressor_trip,NORMAL,8492.7,39.9,90.26,80.08,15.1,15.02,26.65,49.95,0,0,0,0,0
2026-01-01T01:39:36Z,compressor_trip,NORMAL,8518.5,39.84,90.06,79.92,15.15,15.16,26.52,49.99,0,0,0,0,0
2026-01-01T01:39:37Z,compressor_trip,NORMAL,8505.7,39.79,89.71,80.34,15.0,14.93,26.54,50.02,0,0,0,0,0
2026-01-01T01:39:38Z,compressor_trip,NORMAL,8491.0,40.02,91.25,80.46,14.96,14.88,26.61,50.01,0,0,0,0,0
2026-01-01T01:39:39Z,compressor_trip,NORMAL,8493.4,39.73,90.02,79.91,14.97,15.0,26.69,49.95,0,0,0,0,0
2026-01-01T01:39:40Z,compressor_trip,NORMAL,8506.7,39.97,89.69,79.98,14.92,14.98,26.27,50.01,0,0,0,0,0
2026-01-01T01:39:41Z,compressor_trip,NORMAL,8490.8,40.28,90.5,79.98,14.94,14.97,26.6,49.9,0,0,0,0,0
2026-01-01T01:39:42Z,compressor_trip,NORMAL,8487.0,40.07,90.05,79.72,14.88,14.74,26.61,50.01,0,0,0,0,0
2026-01-01T01:39:43Z,compressor_trip,NORMAL,8473.0,39.72,90.49,79.69,14.97,14.95,26.46,50.06,0,0,0,0,0
2026-01-01T01:39:44Z,compressor_trip,NORMAL,8514.0,40.0,90.74,80.18,15.06,14.98,26.4,50.04,0,0,0,0,0
2026-01-01T01:39:45Z,compressor_trip,NORMAL,8495.6,39.68,89.91,80.55,14.81,14.97,26.59,50.0,0,0,0,0,0
2026-01-01T01:39:46Z,compressor_trip,NORMAL,8499.0,39.97,89.44,80.08,15.0,14.87,26.61,49.96,0,0,0,0,0
2026-01-01T01:39:47Z,compressor_trip,NORMAL,8498.4,39.89,89.25,79.91,15.14,15.07,26.48,49.98,0,0,0,0,0
2026-01-01T01:39:48Z,compressor_trip,NORMAL,8488.0,39.62,89.51,79.87,14.96,14.85,26.63,50.03,0,0,0,0,0
2026-01-01T01:39:49Z,compressor_trip,NORMAL,8492.4,40.26,90.3,80.77,15.11,14.93,26.76,50.01,0,0,0,0,0
2026-01-01T01:39:50Z,compressor_trip,NORMAL,8478.6,40.04,90.85,80.14,14.83,14.95,26.58,50.06,0,0,0,0,0
2026-01-01T01:39:51Z,compressor_trip,NORMAL,8483.7,39.81,89.94,80.24,15.1,15.11,26.56,50.02,0,0,0,0,0
2026-01-01T01:39:52Z,compressor_trip,NORMAL,8490.2,39.95,90.16,80.41,15.1,14.97,26.62,50.03,0,0,0,0,0
2026-01-01T01:39:53Z,compressor_trip,NORMAL,8477.6,40.08,90.0,81.07,15.0,14.97,26.58,50.11,0,0,0,0,0
2026-01-01T01:39:54Z,compressor_trip,NORMAL,8472.9,40.24,89.7,79.88,14.97,15.11,26.57,49.96,0,0,0,0,0
2026-01-01T01:39:55Z,compressor_trip,NORMAL,8491.2,40.33,89.9,80.7,15.28,14.99,26.72,50.06,0,0,0,0,0
2026-01-01T01:39:56Z,compressor_trip,NORMAL,8470.7,40.0,90.05,80.22,15.0,15.11,26.7,49.95,0,0,0,0,0
2026-01-01T01:39:57Z,compressor_trip,NORMAL,8481.6,39.84,89.39,79.61,15.01,15.12,26.55,50.04,0,0,0,0,0
2026-01-01T01:39:58Z,compressor_trip,NORMAL,8480.9,40.41,90.02,79.43,15.01,14.85,26.68,50.06,0,0,0,0,0
2026-01-01T01:39:59Z,compressor_trip,NORMAL,8477.3,39.76,90.14,79.54,15.04,15.14,26.54,50.04,0,0,0,0,0
2026-01-01T01:40:00Z,compressor_trip,NORMAL,8469.2,39.97,90.25,80.49,14.85,14.93,26.69,50.0,0,0,0,0,0
2026-01-01T01:40:01Z,compressor_trip,NORMAL,8486.6,40.0,89.84,79.72,15.18,15.03,26.53,49.93,0,0,0,0,0
2026-01-01T01:40:02Z,compressor_trip,NORMAL,8471.4,39.89,89.28,79.93,14.99,14.89,26.76,50.04,0,0,0,0,0
2026-01-01T01:40:03Z,compressor_trip,NORMAL,8498.9,40.07,89.79,81.19,14.88,15.07,26.87,49.95,0,0,0,0,0
2026-01-01T01:40:04Z,compressor_trip,NORMAL,8484.2,40.39,89.97,79.28,15.09,15.02,26.75,50.07,0,0,0,0,0
2026-01-01T01:40:05Z,compressor_trip,NORMAL,8461.6,40.15,89.9,80.26,15.1,15.02,26.39,50.04,0,0,0,0,0
2026-01-01T01:40:06Z,compressor_trip,NORMAL,8476.8,39.77,89.34,80.33,14.96,14.84,26.55,50.01,0,0,0,0,0
2026-01-01T01:40:07Z,compressor_trip,NORMAL,8484.0,40.11,89.38,80.55,14.99,15.09,26.8,49.98,0,0,0,0,0
2026-01-01T01:40:08Z,compressor_trip,NORMAL,8464.2,39.94,89.29,80.62,14.97,15.13,26.72,50.03,0,0,0,0,0
2026-01-01T01:40:09Z,compressor_trip,NORMAL,8467.1,40.04,89.8,80.31,15.15,14.97,26.58,50.0,0,0,0,0,0
2026-01-01T01:40:10Z,compressor_trip,NORMAL,8478.3,40.16,89.81,79.77,14.9,14.97,26.63,50.02,0,0,0,0,0
2026-01-01T01:40:11Z,compressor_trip,NORMAL,8465.9,39.98,89.79,80.48,14.92,15.0,26.63,50.02,0,0,0,0,0
2026-01-01T01:40:12Z,compressor_trip,NORMAL,8456.0,39.93,90.04,80.39,14.97,14.91,26.75,50.0,0,0,0,0,0
2026-01-01T01:40:13Z,compressor_trip,NORMAL,8480.0,39.86,90.06,79.48,14.98,14.9,26.72,49.91,0,0,0,0,0
2026-01-01T01:40:14Z,compressor_trip,NORMAL,8478.7,40.05,89.21,79.65,14.86,15.05,26.68,49.97,0,0,0,0,0
2026-01-01T01:40:15Z,compressor_trip,NORMAL,8461.4,39.85,90.15,78.53,14.92,14.78,26.77,50.02,0,0,0,0,0
2026-01-01T01:40:16Z,compressor_trip,NORMAL,8474.7,40.04,89.35,80.02,14.98,14.88,26.68,50.09,0,0,0,0,0
2026-01-01T01:40:17Z,compressor_trip,NORMAL,8470.5,39.95,90.65,79.89,14.93,14.92,26.68,49.94,0,0,0,0,0
2026-01-01T01:40:18Z,compressor_trip,NORMAL,8458.9,39.74,89.32,79.51,15.03,15.04,26.53,50.04,0,0,0,0,0
2026-01-01T01:40:19Z,compressor_trip,NORMAL,8449.5,40.21,89.69,79.48,15.01,15.24,26.83,50.0,0,0,0,0,0
2026-01-01T01:40:20Z,compressor_trip,NORMAL,8470.8,40.26,89.61,78.93,14.9,15.01,26.93,49.89,0,0,0,0,0
2026-01-01T01:40:21Z,compressor_trip,NORMAL,8437.7,40.08,89.06,80.15,15.1,14.87,26.76,49.99,0,0,0,0,0
2026-01-01T01:40:22Z,compressor_trip,NORMAL,8444.9,40.31,89.16,80.36,15.23,15.01,26.52,49.99,0,0,0,0,0
2026-01-01T01:40:23Z,compressor_trip,NORMAL,8470.8,40.41,90.07,79.99,15.02,14.99,26.6,49.94,0,0,0,0,0
2026-01-01T01:40:24Z,compressor_trip,NORMAL,8452.8,39.94,89.27,80.37,15.21,14.89,26.76,50.07,0,0,0,0,0
2026-01-01T01:40:25Z,compressor_trip,NORMAL,8444.4,39.66,89.87,79.57,14.93,15.08,26.76,50.03,0,0,0,0,0
2026-01-01T01:40:26Z,compressor_trip,NORMAL,8467.6,40.19,88.93,79.69,14.99,15.03,26.61,49.94,0,0,0,0,0
2026-01-01T01:40:27Z,compressor_trip,NORMAL,8440.1,39.87,90.02,79.57,14.94,14.95,26.86,50.02,0,0,0,0,0
2026-01-01T01:40:28Z,compressor_trip,NORMAL,8446.9,40.24,89.46,79.75,15.16,15.01,26.69,49.95,0,0,0,0,0
2026-01-01T01:40:29Z,compressor_trip,NORMAL,8448.9,40.05,90.07,79.03,15.06,15.2,26.72,49.99,0,0,0,0,0
2026-01-01T01:40:30Z,compressor_trip,NORMAL,8463.0,40.3,89.36,80.57,14.95,14.99,26.69,50.01,0,0,0,0,0
2026-01-01T01:40:31Z,compressor_trip,NORMAL,8459.3,40.03,89.65,79.45,14.96,14.99,26.7,50.06,0,0,0,0,0
2026-01-01T01:40:32Z,compressor_trip,NORMAL,8462.7,39.77,88.81,79.37,15.08,14.93,26.5,50.0,0,0,0,0,0
2026-01-01T01:40:33Z,compressor_trip,NORMAL,8449.6,40.35,89.69,80.16,14.97,15.02,26.7,50.03,0,0,0,0,0
2026-01-01T01:40:34Z,compressor_trip,NORMAL,8455.5,39.81,89.61,79.99,15.12,15.08,26.91,50.03,0,0,0,0,0
2026-01-01T01:40:35Z,compressor_trip,NORMAL,8430.5,39.91,89.0,79.67,14.98,15.23,27.01,50.06,0,0,0,0,0
2026-01-01T01:40:36Z,compressor_trip,NORMAL,8445.2,40.03,89.95,79.31,15.1,14.96,26.88,50.0,0,0,0,0,0
2026-01-01T01:40:37Z,compressor_trip,NORMAL,8440.0,39.91,88.53,79.74,15.23,15.07,26.77,50.06,0,0,0,0,0
2026-01-01T01:40:38Z,compressor_trip,NORMAL,8441.1,39.99,89.26,79.9,15.17,15.03,26.74,49.91,0,0,0,0,0
2026-01-01T01:40:39Z,compressor_trip,NORMAL,8442.1,40.01,89.22,79.38,14.86,14.85,26.65,50.08,0,0,0,0,0
2026-01-01T01:40:40Z,compressor_trip,NORMAL,8455.7,40.32,89.63,78.86,15.02,15.08,26.66,50.04,0,0,0,0,0
2026-01-01T01:40:41Z,compressor_trip,NORMAL,8448.1,39.84,90.83,80.2,14.82,15.22,26.64,49.94,0,0,0,0,0
2026-01-01T01:40:42Z,compressor_trip,NORMAL,8449.2,39.77,89.28,79.19,14.79,15.02,26.83,50.09,0,0,0,0,0
2026-01-01T01:40:43Z,compressor_trip,NORMAL,8416.3,39.77,88.45,79.11,14.97,15.07,26.59,50.02,0,0,0,0,0
2026-01-01T01:40:44Z,compressor_trip,NORMAL,8440.6,39.95,89.8,80.61,15.15,15.08,26.82,49.92,0,0,0,0,0
2026-01-01T01:40:45Z,compressor_trip,NORMAL,8454.7,39.85,89.68,79.69,15.07,15.08,26.82,49.94,0,0,0,0,0
2026-01-01T01:40:46Z,compressor_trip,NORMAL,8451.8,39.82,89.28,80.01,14.97,14.95,26.94,50.05,0,0,0,0,0
2026-01-01T01:40:47Z,compressor_trip,NORMAL,8432.0,39.95,88.9,78.97,15.08,15.08,26.85,50.07,0,0,0,0,0
2026-01-01T01:40:48Z,compressor_trip,NORMAL,8419.3,39.89,90.23,79.35,15.22,15.01,26.76,49.99,0,0,0,0,0
2026-01-01T01:40:49Z,compressor_trip,NORMAL,8432.8,40.55,89.39,80.24,15.0,14.98,26.78,50.03,0,0,0,0,0
2026-01-01T01:40:50Z,compressor_trip,NORMAL,8441.2,40.39,88.99,79.58,15.05,15.08,26.7,50.12,0,0,0,0,0
2026-01-01T01:40:51Z,compressor_trip,NORMAL,8442.0,39.89,89.38,79.48,14.95,14.92,26.78,50.0,0,0,0,0,0
2026-01-01T01:40:52Z,compressor_trip,NORMAL,8428.2,39.57,88.95,79.38,15.12,14.88,26.73,49.99,0,0,0,0,0
2026-01-01T01:40:53Z,compressor_trip,NORMAL,8442.0,39.65,89.56,79.66,14.97,15.06,26.67,49.98,0,0,0,0,0
2026-01-01T01:40:54Z,compressor_trip,NORMAL,8434.4,39.83,88.73,79.42,15.11,15.03,26.66,49.92,0,0,0,0,0
2026-01-01T01:40:55Z,compressor_trip,NORMAL,8435.0,39.74,89.3,79.34,14.98,15.12,26.64,49.99,0,0,0,0,0
2026-01-01T01:40:56Z,compressor_trip,NORMAL,8420.3,40.28,88.75,78.9,15.06,15.05,26.78,50.01,0,0,0,0,0
2026-01-01T01:40:57Z,compressor_trip,NORMAL,8418.3,39.85,89.31,80.1,15.2,15.04,26.74,50.03,0,0,0,0,0
2026-01-01T01:40:58Z,compressor_trip,NORMAL,8440.8,39.63,88.84,79.93,14.87,15.15,26.79,50.04,0,0,0,0,0
2026-01-01T01:40:59Z,compressor_trip,NORMAL,8430.3,39.72,88.84,79.88,15.03,14.9,26.74,50.05,0,0,0,0,0
2026-01-01T01:41:00Z,compressor_trip,NORMAL,8419.1,40.22,89.48,79.84,14.97,15.17,26.97,50.08,0,0,0,0,0
2026-01-01T01:41:01Z,compressor_trip,NORMAL,8408.9,39.86,89.5,79.96,15.12,14.98,26.78,50.07,0,0,0,0,0
2026-01-01T01:41:02Z,compressor_trip,NORMAL,8416.0,39.97,88.89,80.47,14.93,14.98,26.85,50.04,0,0,0,0,0
2026-01-01T01:41:03Z,compressor_trip,NORMAL,8438.9,39.89,89.28,79.16,14.98,14.96,26.88,50.07,0,0,0,0,0
2026-01-01T01:41:04Z,compressor_trip,NORMAL,8428.0,40.2,89.75,78.38,15.05,14.96,26.73,50.0,0,0,0,0,0
2026-01-01T01:41:05Z,compressor_trip,NORMAL,8420.7,40.21,89.69,78.71,14.84,15.05,26.86,50.07,0,0,0,0,0
2026-01-01T01:41:06Z,compressor_trip,NORMAL,8424.9,39.91,89.27,79.27,14.94,14.81,26.65,49.96,0,0,0,0,0
2026-01-01T01:41:07Z,compressor_trip,NORMAL,8415.5,40.21,88.94,78.94,15.17,14.94,26.82,49.98,0,0,0,0,0
2026-01-01T01:41:08Z,compressor_trip,NORMAL,8411.0,39.75,88.99,78.74,14.96,15.11,26.82,50.04,0,0,0,0,0
2026-01-01T01:41:09Z,compressor_trip,NORMAL,8425.8,39.9,88.59,79.54,14.86,15.08,26.8,50.04,0,0,0,0,0
2026-01-01T01:41:10Z,compressor_trip,NORMAL,8407.8,40.02,89.51,79.04,14.93,15.0,26.84,50.03,0,0,0,0,0
2026-01-01T01:41:11Z,compressor_trip,NORMAL,8428.6,40.17,88.9,79.21,14.95,15.12,26.91,49.99,0,0,0,0,0
2026-01-01T01:41:12Z,compressor_trip,NORMAL,8437.5,40.28,88.68,79.37,14.97,15.07,26.96,50.02,0,0,0,0,0
2026-01-01T01:41:13Z,compressor_trip,NORMAL,8421.2,39.71,90.11,79.69,14.96,14.93,26.93,49.98,0,0,0,0,0
2026-01-01T01:41:14Z,compressor_trip,NORMAL,8401.0,40.68,87.93,79.47,15.01,14.98,26.9,49.96,0,0,0,0,0
2026-01-01T01:41:15Z,compressor_trip,NORMAL,8426.7,40.12,88.96,78.96,15.3,14.89,26.8,50.05,0,0,0,0,0
2026-01-01T01:41:16Z,compressor_trip,NORMAL,8421.3,40.19,89.57,79.32,14.99,14.96,26.85,50.07,0,0,0,0,0
2026-01-01T01:41:17Z,compressor_trip,NORMAL,8415.0,40.0,89.42,79.39,14.9,15.1,26.82,49.96,0,0,0,0,0
2026-01-01T01:41:18Z,compressor_trip,NORMAL,8411.4,40.14,88.92,79.69,15.09,14.89,26.79,50.08,0,0,0,0,0
2026-01-01T01:41:19Z,compressor_trip,NORMAL,8396.7,39.9,89.06,79.45,15.04,14.95,26.75,50.05,0,0,0,0,0
2026-01-01T01:41:20Z,compressor_trip,NORMAL,8421.9,39.8,88.8,79.27,14.79,14.97,26.78,50.04,0,0,0,0,0
2026-01-01T01:41:21Z,compressor_trip,NORMAL,8395.2,39.93,88.84,77.99,14.99,14.98,26.86,49.99,0,0,0,0,0
2026-01-01T01:41:22Z,compressor_trip,NORMAL,8430.0,39.85,89.06,78.85,15.0,15.01,26.89,50.0,0,0,0,0,0
2026-01-01T01:41:23Z,compressor_trip,NORMAL,8410.0,39.86,89.08,79.08,14.98,14.98,26.99,50.03,0,0,0,0,0
2026-01-01T01:41:24Z,compressor_trip,NORMAL,8413.6,40.07,89.45,79.96,14.89,15.11,27.12,50.14,0,0,0,0,0
2026-01-01T01:41:25Z,compressor_trip,NORMAL,8415.4,40.12,88.18,79.34,14.93,14.94,26.88,50.03,0,0,0,0,0
2026-01-01T01:41:26Z,compressor_trip,NORMAL,8420.8,39.9,89.76,79.49,15.0,15.07,26.93,50.09,0,0,0,0,0
2026-01-01T01:41:27Z,compressor_trip,NORMAL,8420.4,40.29,88.85,78.9,14.97,14.98,26.94,49.92,0,0,0,0,0
2026-01-01T01:41:28Z,compressor_trip,NORMAL,8427.7,39.61,88.15,78.89,15.02,14.81,27.02,50.04,0,0,0,0,0
2026-01-01T01:41:29Z,compressor_trip,NORMAL,8402.9,40.23,88.85,79.4,15.09,15.03,26.91,50.0,0,0,0,0,0
2026-01-01T01:41:30Z,compressor_trip,NORMAL,8395.9,39.88,89.31,79.6,15.09,15.01,26.89,50.08,0,0,0,0,0
2026-01-01T01:41:31Z,compressor_trip,NORMAL,8424.7,40.26,88.87,80.13,14.85,14.88,26.86,49.95,0,0,0,0,0
2026-01-01T01:41:32Z,compressor_trip,NORMAL,8395.6,40.15,90.45,79.04,15.05,15.08,26.85,50.09,0,0,0,0,0
2026-01-01T01:41:33Z,compressor_trip,NORMAL,8406.5,40.03,89.67,79.86,14.94,14.97,26.93,50.04,0,0,0,0,0
2026-01-01T01:41:34Z,compressor_trip,NORMAL,8401.6,40.17,89.35,79.08,14.95,14.93,26.82,49.98,0,0,0,0,0
2026-01-01T01:41:35Z,compressor_trip,NORMAL,8419.0,39.85,89.18,79.39,14.8,15.02,26.85,50.06,0,0,0,0,0
2026-01-01T01:41:36Z,compressor_trip,NORMAL,8400.0,39.85,88.72,79.5,15.1,15.16,26.96,49.93,0,0,0,0,0
2026-01-01T01:41:37Z,compressor_trip,NORMAL,8400.9,39.88,88.49,79.47,14.91,15.04,26.84,50.05,0,0,0,0,0
2026-01-01T01:41:38Z,compressor_trip,NORMAL,8411.2,40.32,89.29,79.35,15.06,15.03,26.92,49.92,0,0,0,0,0
2026-01-01T01:41:39Z,compressor_trip,NORMAL,8397.5,39.98,89.27,80.06,15.01,14.94,26.86,50.08,0,0,0,0,0
2026-01-01T01:41:40Z,compressor_trip,NORMAL,8410.4,40.35,88.84,80.05,14.91,15.15,26.88,50.06,0,0,0,0,0
2026-01-01T01:41:41Z,compressor_trip,NORMAL,8404.5,39.86,88.51,79.48,15.05,15.15,26.85,50.04,0,0,0,0,0
2026-01-01T01:41:42Z,compressor_trip,NORMAL,8405.2,40.05,89.78,78.28,14.91,14.78,26.78,50.11,0,0,0,0,0
2026-01-01T01:41:43Z,compressor_trip,NORMAL,8398.6,40.19,88.86,78.82,14.82,15.16,27.09,50.01,0,0,0,0,0
2026-01-01T01:41:44Z,compressor_trip,NORMAL,8420.6,39.91,88.45,78.48,14.99,14.94,26.92,49.94,0,0,0,0,0
2026-01-01T01:41:45Z,compressor_trip,NORMAL,8416.0,39.95,88.58,80.13,15.03,15.0,26.94,49.99,0,0,0,0,0
2026-01-01T01:41:46Z,compressor_trip,NORMAL,8405.1,40.04,89.13,79.38,15.08,15.1,26.97,49.99,0,0,0,0,0
2026-01-01T01:41:47Z,compressor_trip,NORMAL,8419.4,40.21,88.73,78.97,15.05,15.12,26.96,49.99,0,0,0,0,0
2026-01-01T01:41:48Z,compressor_trip,NORMAL,8427.2,39.93,88.71,79.36,15.11,15.12,26.92,49.98,0,0,0,0,0
2026-01-01T01:41:49Z,compressor_trip,NORMAL,8403.2,40.13,88.57,79.23,15.09,15.02,26.98,49.96,0,0,0,0,0
2026-01-01T01:41:50Z,compressor_trip,NORMAL,8393.2,39.94,88.15,78.87,15.03,14.75,26.87,49.94,0,0,0,0,0
2026-01-01T01:41:51Z,compressor_trip,NORMAL,8403.7,39.91,89.28,79.7,15.08,15.2,26.9,49.95,0,0,0,0,0
2026-01-01T01:41:52Z,compressor_trip,NORMAL,8393.8,40.3,88.36,79.53,15.04,15.15,26.99,49.94,0,0,0,0,0
2026-01-01T01:41:53Z,compressor_trip,NORMAL,8403.9,40.05,89.33,78.82,15.1,15.05,27.0,50.07,0,0,0,0,0
2026-01-01T01:41:54Z,compressor_trip,NORMAL,8409.4,40.1,88.71,79.6,15.13,14.99,26.79,50.01,0,0,0,0,0
2026-01-01T01:41:55Z,compressor_trip,NORMAL,8407.6,40.17,89.74,78.42,14.96,15.07,27.07,49.99,0,0,0,0,0
2026-01-01T01:41:56Z,compressor_trip,NORMAL,8416.0,40.03,88.59,78.76,14.97,14.97,26.93,49.99,0,0,0,0,0
2026-01-01T01:41:57Z,compressor_trip,NORMAL,8398.5,39.8,90.41,78.53,14.88,14.94,26.96,50.06,0,0,0,0,0
2026-01-01T01:41:58Z,compressor_trip,NORMAL,8412.0,40.16,88.35,78.28,14.94,14.94,27.15,49.98,0,0,0,0,0
2026-01-01T01:41:59Z,compressor_trip,NORMAL,8392.1,40.05,89.58,80.24,15.13,15.08,26.99,50.0,0,0,0,0,0
2026-01-01T01:42:00Z,compressor_trip,NORMAL,8409.2,40.1,87.88,79.14,14.9,14.99,26.99,50.11,0,0,0,0,0
2026-01-01T01:42:01Z,compressor_trip,NORMAL,8392.8,40.05,89.28,80.08,15.12,15.02,27.0,49.94,0,0,0,0,0
2026-01-01T01:42:02Z,compressor_trip,NORMAL,8392.3,40.12,88.02,79.52,14.82,14.96,26.98,49.97,0,0,0,0,0
2026-01-01T01:42:03Z,compressor_trip,NORMAL,8410.1,40.08,89.12,78.99,14.95,14.91,27.05,49.94,0,0,0,0,0
2026-01-01T01:42:04Z,compressor_trip,NORMAL,8396.4,40.26,89.16,78.8,14.92,14.93,26.83,50.07,0,0,0,0,0
2026-01-01T01:42:05Z,compressor_trip,NORMAL,8400.9,39.92,88.68,79.53,15.03,15.01,26.96,50.02,0,0,0,0,0
2026-01-01T01:42:06Z,compressor_trip,NORMAL,8397.9,39.91,88.72,79.52,14.87,14.95,27.12,49.99,0,0,0,0,0
2026-01-01T01:42:07Z,compressor_trip,NORMAL,8387.7,39.92,87.8,78.13,15.06,14.94,26.95,50.03,0,0,0,0,0
2026-01-01T01:42:08Z,compressor_trip,NORMAL,8411.2,40.15,89.0,78.76,15.07,15.05,27.11,49.92,0,0,0,0,0
2026-01-01T01:42:09Z,compressor_trip,NORMAL,8391.0,40.09,88.43,78.4,15.01,14.79,26.97,50.01,0,0,0,0,0
2026-01-01T01:42:10Z,compressor_trip,NORMAL,8398.5,40.29,89.52,78.48,14.98,14.86,26.99,50.02,0,0,0,0,0
2026-01-01T01:42:11Z,compressor_trip,NORMAL,8416.6,39.93,88.84,79.51,15.09,15.03,26.87,49.93,0,0,0,0,0
2026-01-01T01:42:12Z,compressor_trip,NORMAL,8395.3,39.8,88.92,79.34,14.92,14.94,26.97,50.05,0,0,0,0,0
2026-01-01T01:42:13Z,compressor_trip,NORMAL,8406.2,40.06,89.1,78.64,15.1,15.12,26.9,49.93,0,0,0,0,0
2026-01-01T01:42:14Z,compressor_trip,NORMAL,8400.1,39.87,88.59,79.61,15.0,14.98,26.94,50.04,0,0,0,0,0
2026-01-01T01:42:15Z,compressor_trip,NORMAL,8396.4,39.98,88.81,79.73,15.1,15.11,27.1,49.97,0,0,0,0,0
2026-01-01T01:42:16Z,compressor_trip,NORMAL,8408.4,39.68,88.37,79.46,15.0,14.94,27.02,49.88,0,0,0,0,0
2026-01-01T01:42:17Z,compressor_trip,NORMAL,8382.5,40.16,89.18,79.06,14.97,14.96,27.06,50.07,0,0,0,0,0
2026-01-01T01:42:18Z,compressor_trip,NORMAL,8401.7,39.8,89.91,78.62,15.02,14.88,26.87,49.96,0,0,0,0,0
2026-01-01T01:42:19Z,compressor_trip,NORMAL,8407.8,40.23,89.32,78.47,15.11,15.01,26.96,50.1,0,0,0,0,0
2026-01-01T01:42:20Z,compressor_trip,NORMAL,8415.7,40.22,88.87,79.2,14.86,15.03,26.97,50.05,0,0,0,0,0
2026-01-01T01:42:21Z,compressor_trip,NORMAL,8413.4,40.29,89.24,78.79,15.0,15.0,26.89,50.03,0,0,0,0,0
2026-01-01T01:42:22Z,compressor_trip,NORMAL,8393.9,39.82,88.49,79.08,14.83,15.04,26.98,50.02,0,0,0,0,0
2026-01-01T01:42:23Z,compressor_trip,NORMAL,8410.6,40.23,88.79,79.35,15.07,15.01,27.02,49.97,0,0,0,0,0
2026-01-01T01:42:24Z,compressor_trip,NORMAL,8384.5,40.3,88.48,79.29,15.0,15.21,27.04,50.1,0,0,0,0,0
2026-01-01T01:42:25Z,compressor_trip,NORMAL,8405.1,40.04,89.38,79.29,15.01,15.08,26.79,49.98,0,0,0,0,0
2026-01-01T01:42:26Z,compressor_trip,NORMAL,8399.3,40.1,88.77,78.73,14.86,15.15,27.17,50.01,0,0,0,0,0
2026-01-01T01:42:27Z,compressor_trip,NORMAL,8375.7,39.55,88.49,78.44,14.95,15.12,26.97,50.05,0,0,0,0,0
2026-01-01T01:42:28Z,compressor_trip,NORMAL,8394.6,40.12,89.45,78.39,14.96,15.02,26.88,50.03,0,0,0,0,0
2026-01-01T01:42:29Z,compressor_trip,NORMAL,8406.9,39.93,89.94,79.57,14.97,15.06,26.97,49.97,0,0,0,0,0
2026-01-01T01:42:30Z,compressor_trip,NORMAL,8407.2,40.14,89.04,79.42,14.91,14.86,27.03,49.94,0,0,0,0,0
2026-01-01T01:42:31Z,compressor_trip,NORMAL,8402.7,39.74,88.79,78.34,14.78,15.15,26.85,50.02,0,0,0,0,0
2026-01-01T01:42:32Z,compressor_trip,NORMAL,8408.9,40.0,89.29,79.66,14.72,15.01,26.96,50.0,0,0,0,0,0
2026-01-01T01:42:33Z,compressor_trip,NORMAL,8398.1,40.04,89.21,79.72,15.03,14.86,26.96,50.01,0,0,0,0,0
2026-01-01T01:42:34Z,compressor_trip,NORMAL,8392.2,40.52,88.89,78.99,15.2,14.93,27.07,50.0,0,0,0,0,0
2026-01-01T01:42:35Z,compressor_trip,NORMAL,8411.3,40.22,89.66,78.8,14.93,14.97,27.07,49.94,0,0,0,0,0
2026-01-01T01:42:36Z,compressor_trip,NORMAL,8419.8,40.35,88.73,78.75,15.21,14.9,27.09,50.1,0,0,0,0,0
2026-01-01T01:42:37Z,compressor_trip,NORMAL,8402.0,39.87,89.81,78.12,14.99,15.09,26.95,50.05,0,0,0,0,0
2026-01-01T01:42:38Z,compressor_trip,NORMAL,8390.5,40.14,89.04,78.3,14.87,15.06,26.86,50.04,0,0,0,0,0
2026-01-01T01:42:39Z,compressor_trip,NORMAL,8412.1,39.91,88.18,78.92,15.18,15.01,26.95,49.97,0,0,0,0,0
2026-01-01T01:42:40Z,compressor_trip,NORMAL,8412.8,40.2,88.13,78.65,14.95,14.76,27.04,49.91,0,0,0,0,0
2026-01-01T01:42:41Z,compressor_trip,NORMAL,8418.1,40.0,88.1,79.48,15.09,15.09,27.15,50.04,0,0,0,0,0
2026-01-01T01:42:42Z,compressor_trip,NORMAL,8403.1,40.09,88.72,78.92,14.99,14.91,27.23,49.96,0,0,0,0,0
2026-01-01T01:42:43Z,compressor_trip,NORMAL,8403.1,39.64,88.33,78.8,14.93,15.14,26.82,50.06,0,0,0,0,0
2026-01-01T01:42:44Z,compressor_trip,NORMAL,8398.2,39.99,89.29,79.48,14.86,14.94,27.13,50.04,0,0,0,0,0
2026-01-01T01:42:45Z,compressor_trip,NORMAL,8405.1,39.74,88.83,79.11,15.13,14.95,26.93,49.98,0,0,0,0,0
2026-01-01T01:42:46Z,compressor_trip,NORMAL,8402.3,39.51,88.33,79.18,15.1,14.94,26.98,49.99,0,0,0,0,0
2026-01-01T01:42:47Z,compressor_trip,NORMAL,8399.6,39.95,89.38,78.04,15.03,15.16,27.13,49.98,0,0,0,0,0
2026-01-01T01:42:48Z,compressor_trip,NORMAL,8416.3,39.54,88.96,78.78,15.11,15.03,27.16,50.01,0,0,0,0,0
2026-01-01T01:42:49Z,compressor_trip,NORMAL,8410.8,40.11,88.08,78.82,14.92,15.1,26.87,50.09,0,0,0,0,0
2026-01-01T01:42:50Z,compressor_trip,NORMAL,8418.9,40.18,88.74,78.82,15.11,14.97,26.99,50.01,0,0,0,0,0
2026-01-01T01:42:51Z,compressor_trip,NORMAL,8409.5,40.19,88.65,78.86,14.88,14.94,26.94,50.02,0,0,0,0,0
2026-01-01T01:42:52Z,compressor_trip,NORMAL,8412.6,40.1,89.05,78.29,14.84,15.0,27.04,49.98,0,0,0,0,0
2026-01-01T01:42:53Z,compressor_trip,NORMAL,8412.5,39.8,89.34,79.51,14.73,15.06,27.15,49.97,0,0,0,0,0
2026-01-01T01:42:54Z,compressor_trip,NORMAL,8407.9,40.02,88.6,78.85,15.12,15.13,27.04,49.92,0,0,0,0,0
2026-01-01T01:42:55Z,compressor_trip,NORMAL,8412.9,39.85,88.74,79.7,15.03,14.91,26.91,50.01,0,0,0,0,0
2026-01-01T01:42:56Z,compressor_trip,NORMAL,8413.3,39.93,89.61,79.07,14.95,15.14,27.05,49.94,0,0,0,0,0
2026-01-01T01:42:57Z,compressor_trip,NORMAL,8414.1,39.74,89.43,79.4,14.97,15.01,27.04,49.95,0,0,0,0,0
2026-01-01T01:42:58Z,compressor_trip,NORMAL,8410.8,40.01,89.41,79.0,15.06,14.97,27.03,50.03,0,0,0,0,0
2026-01-01T01:42:59Z,compressor_trip,NORMAL,8423.4,40.16,90.14,80.0,14.96,14.87,26.91,49.98,0,0,0,0,0
2026-01-01T01:43:00Z,compressor_trip,NORMAL,8415.1,40.26,90.84,78.94,15.0,14.92,27.0,50.0,0,0,0,0,0
2026-01-01T01:43:01Z,compressor_trip,NORMAL,8409.3,40.14,89.4,78.6,15.06,14.88,26.78,49.96,0,0,0,0,0
2026-01-01T01:43:02Z,compressor_trip,NORMAL,8416.6,39.98,87.67,78.82,14.9,14.86,27.11,50.06,0,0,0,0,0
2026-01-01T01:43:03Z,compressor_trip,NORMAL,8420.0,40.1,89.2,79.73,14.95,15.03,27.03,49.95,0,0,0,0,0
2026-01-01T01:43:04Z,compressor_trip,NORMAL,8403.3,39.97,89.82,78.09,14.94,14.91,27.05,50.04,0,0,0,0,0
2026-01-01T01:43:05Z,compressor_trip,NORMAL,8413.2,40.03,89.39,78.74,14.98,14.92,27.08,50.01,0,0,0,0,0
2026-01-01T01:43:06Z,compressor_trip,NORMAL,8418.6,39.95,89.31,78.64,14.98,15.16,27.13,50.08,0,0,0,0,0
2026-01-01T01:43:07Z,compressor_trip,NORMAL,8415.5,39.87,88.52,79.73,15.01,15.12,27.13,50.04,0,0,0,0,0
2026-01-01T01:43:08Z,compressor_trip,NORMAL,8399.1,40.19,88.96,79.52,15.04,14.93,26.79,50.01,0,0,0,0,0
2026-01-01T01:43:09Z,compressor_trip,NORMAL,8425.1,40.39,90.06,79.39,15.03,14.79,27.04,49.94,0,0,0,0,0
2026-01-01T01:43:10Z,compressor_trip,NORMAL,8426.4,39.91,89.68,78.24,15.1,14.88,27.04,49.95,0,0,0,0,0
2026-01-01T01:43:11Z,compressor_trip,NORMAL,8393.7,39.93,89.14,78.86,14.99,15.03,27.03,50.08,0,0,0,0,0
2026-01-01T01:43:12Z,compressor_trip,NORMAL,8416.1,40.18,89.36,77.71,14.88,14.99,27.14,50.01,0,0,0,0,0
2026-01-01T01:43:13Z,compressor_trip,NORMAL,8428.8,39.94,89.52,78.39,14.96,15.06,27.07,50.03,0,0,0,0,0
2026-01-01T01:43:14Z,compressor_trip,NORMAL,8414.9,40.04,88.6,79.16,14.9,14.94,27.07,49.96,0,0,0,0,0
2026-01-01T01:43:15Z,compressor_trip,NORMAL,8416.1,40.22,89.2,78.14,15.12,14.97,27.01,49.97,0,0,0,0,0
2026-01-01T01:43:16Z,compressor_trip,NORMAL,8425.3,39.96,88.02,79.03,15.0,14.91,27.09,50.04,0,0,0,0,0
2026-01-01T01:43:17Z,compressor_trip,NORMAL,8420.2,39.68,87.57,79.27,15.13,14.99,27.02,50.06,0,0,0,0,0
2026-01-01T01:43:18Z,compressor_trip,NORMAL,8426.0,39.95,88.88,78.28,15.03,14.95,26.83,49.93,0,0,0,0,0
2026-01-01T01:43:19Z,compressor_trip,NORMAL,8424.2,39.85,89.15,79.43,14.97,15.09,26.83,50.02,0,0,0,0,0
2026-01-01T01:43:20Z,compressor_trip,NORMAL,8415.5,40.34,88.78,78.9,14.83,14.91,26.99,50.0,0,0,0,0,0
2026-01-01T01:43:21Z,compressor_trip,NORMAL,8430.5,40.12,88.32,78.9,15.01,15.08,27.04,50.0,0,0,0,0,0
2026-01-01T01:43:22Z,compressor_trip,NORMAL,8418.7,39.94,89.72,79.4,15.02,15.11,26.89,50.03,0,0,0,0,0
2026-01-01T01:43:23Z,compressor_trip,NORMAL,8412.8,40.03,89.58,78.83,14.98,14.87,26.95,50.05,0,0,0,0,0
2026-01-01T01:43:24Z,compressor_trip,NORMAL,8426.7,39.76,89.89,78.57,15.23,14.96,26.91,50.0,0,0,0,0,0
2026-01-01T01:43:25Z,compressor_trip,NORMAL,8419.4,40.23,89.24,78.88,15.08,15.06,26.92,50.02,0,0,0,0,0
2026-01-01T01:43:26Z,compressor_trip,NORMAL,8425.9,39.85,89.13,79.5,14.82,15.07,26.9,50.08,0,0,0,0,0
2026-01-01T01:43:27Z,compressor_trip,NORMAL,8433.5,40.31,89.25,78.55,15.09,15.24,27.05,50.06,0,0,0,0,0
2026-01-01T01:43:28Z,compressor_trip,NORMAL,8416.9,39.9,90.41,78.66,14.81,14.89,27.07,49.98,0,0,0,0,0
2026-01-01T01:43:29Z,compressor_trip,NORMAL,8420.4,39.62,89.8,79.35,15.03,15.01,26.99,49.95,0,0,0,0,0
2026-01-01T01:43:30Z,compressor_trip,NORMAL,8437.2,39.6,89.2,79.6,15.1,15.07,26.88,50.05,0,0,0,0,0
2026-01-01T01:43:31Z,compressor_trip,NORMAL,8429.8,40.18,89.93,78.78,15.13,14.93,26.99,49.96,0,0,0,0,0
2026-01-01T01:43:32Z,compressor_trip,NORMAL,8447.9,40.1,88.82,79.49,15.08,14.84,27.0,49.96,0,0,0,0,0
2026-01-01T01:43:33Z,compressor_trip,NORMAL,8438.7,39.95,89.53,78.86,14.96,14.92,26.87,50.04,0,0,0,0,0
2026-01-01T01:43:34Z,compressor_trip,NORMAL,8421.1,40.3,90.45,78.63,15.02,14.95,26.97,50.0,0,0,0,0,0
2026-01-01T01:43:35Z,compressor_trip,NORMAL,8416.1,39.96,88.96,78.43,15.01,14.94,26.89,50.04,0,0,0,0,0
2026-01-01T01:43:36Z,compressor_trip,NORMAL,8419.0,39.73,89.56,78.11,15.07,15.15,26.91,50.04,0,0,0,0,0
2026-01-01T01:43:37Z,compressor_trip,NORMAL,8423.9,40.09,88.95,78.02,15.07,14.99,26.85,50.08,0,0,0,0,0
2026-01-01T01:43:38Z,compressor_trip,NORMAL,8436.3,39.77,89.22,79.26,14.96,15.0,26.8,50.04,0,0,0,0,0
2026-01-01T01:43:39Z,compressor_trip,NORMAL,8429.1,39.78,90.04,78.88,15.03,14.94,27.01,49.99,0,0,0,0,0
2026-01-01T01:43:40Z,compressor_trip,NORMAL,8422.4,39.82,88.76,79.12,15.14,15.15,26.95,50.0,0,0,0,0,0
2026-01-01T01:43:41Z,compressor_trip,NORMAL,8433.3,39.86,88.69,78.8,15.03,15.13,26.94,50.02,0,0,0,0,0
2026-01-01T01:43:42Z,compressor_trip,NORMAL,8417.5,40.02,88.7,79.43,15.11,14.81,26.87,49.94,0,0,0,0,0
2026-01-01T01:43:43Z,compressor_trip,NORMAL,8457.5,40.04,89.7,79.25,15.0,15.0,27.0,49.95,0,0,0,0,0
2026-01-01T01:43:44Z,compressor_trip,NORMAL,8422.4,40.02,89.54,78.52,14.89,14.91,27.09,50.09,0,0,0,0,0
2026-01-01T01:43:45Z,compressor_trip,NORMAL,8436.9,39.74,89.23,79.46,14.97,14.98,26.84,49.96,0,0,0,0,0
2026-01-01T01:43:46Z,compressor_trip,NORMAL,8451.9,40.22,89.34,78.63,14.98,15.17,26.96,50.02,0,0,0,0,0
2026-01-01T01:43:47Z,compressor_trip,NORMAL,8418.8,39.75,89.97,79.52,14.92,15.07,27.15,49.98,0,0,0,0,0
2026-01-01T01:43:48Z,compressor_trip,NORMAL,8425.3,40.09,89.02,79.77,14.97,14.85,26.88,49.89,0,0,0,0,0
2026-01-01T01:43:49Z,compressor_trip,NORMAL,8444.9,39.7,88.97,78.83,14.98,15.12,26.77,49.93,0,0,0,0,0
2026-01-01T01:43:50Z,compressor_trip,NORMAL,8437.9,39.98,89.17,79.0,15.06,15.07,27.0,50.05,0,0,0,0,0
2026-01-01T01:43:51Z,compressor_trip,NORMAL,8444.0,39.95,89.92,79.32,15.09,14.99,26.89,50.04,0,0,0,0,0
2026-01-01T01:43:52Z,compressor_trip,NORMAL,8448.0,40.14,89.42,79.0,14.99,14.82,26.93,49.92,0,0,0,0,0
2026-01-01T01:43:53Z,compressor_trip,NORMAL,8430.2,39.93,89.8,78.91,15.15,14.96,26.97,49.98,0,0,0,0,0
2026-01-01T01:43:54Z,compressor_trip,NORMAL,8449.0,39.94,88.81,78.91,15.21,15.09,26.96,49.98,0,0,0,0,0
2026-01-01T01:43:55Z,compressor_trip,NORMAL,8447.6,39.97,89.41,80.15,15.07,14.84,26.98,49.97,0,0,0,0,0
2026-01-01T01:43:56Z,compressor_trip,NORMAL,8463.5,39.97,88.55,78.96,15.19,15.1,27.03,50.01,0,0,0,0,0
2026-01-01T01:43:57Z,compressor_trip,NORMAL,8443.1,40.23,89.25,78.91,14.93,15.08,26.93,49.97,0,0,0,0,0
2026-01-01T01:43:58Z,compressor_trip,NORMAL,8442.7,39.8,89.4,79.37,14.99,14.99,26.87,50.08,0,0,0,0,0
2026-01-01T01:43:59Z,compressor_trip,NORMAL,8444.2,40.27,89.16,80.28,15.06,14.99,27.08,50.03,0,0,0,0,0
2026-01-01T01:44:00Z,compressor_trip,NORMAL,8470.3,39.96,89.05,79.0,14.9,14.92,27.02,50.03,0,0,0,0,0
2026-01-01T01:44:01Z,compressor_trip,NORMAL,8450.0,39.87,89.52,78.68,15.12,14.95,27.1,50.05,0,0,0,0,0
2026-01-01T01:44:02Z,compressor_trip,NORMAL,8439.2,39.88,90.13,79.11,15.07,14.9,26.99,49.89,0,0,0,0,0
2026-01-01T01:44:03Z,compressor_trip,NORMAL,8451.0,40.21,89.51,79.29,14.96,14.98,26.92,49.97,0,0,0,0,0
2026-01-01T01:44:04Z,compressor_trip,NORMAL,8459.3,39.83,89.86,79.17,14.98,14.95,27.23,50.06,0,0,0,0,0
2026-01-01T01:44:05Z,compressor_trip,NORMAL,8452.9,39.96,88.99,79.19,15.01,14.8,27.01,49.99,0,0,0,0,0
2026-01-01T01:44:06Z,compressor_trip,NORMAL,8473.5,40.05,89.49,78.85,15.09,15.05,27.01,49.93,0,0,0,0,0
2026-01-01T01:44:07Z,compressor_trip,NORMAL,8455.3,39.95,90.13,78.84,15.09,14.93,26.75,50.04,0,0,0,0,0
2026-01-01T01:44:08Z,compressor_trip,NORMAL,8462.8,39.93,89.75,79.75,14.94,14.98,26.98,49.98,0,0,0,0,0
2026-01-01T01:44:09Z,compressor_trip,NORMAL,8455.7,39.83,89.24,79.36,15.02,15.11,26.78,50.05,0,0,0,0,0
2026-01-01T01:44:10Z,compressor_trip,NORMAL,8473.7,39.94,89.78,79.98,15.04,15.21,26.86,50.14,0,0,0,0,0
2026-01-01T01:44:11Z,compressor_trip,NORMAL,8466.2,40.32,89.57,79.86,15.2,14.9,26.81,50.03,0,0,0,0,0
2026-01-01T01:44:12Z,compressor_trip,NORMAL,8481.9,39.78,89.03,79.72,15.02,15.06,27.03,50.06,0,0,0,0,0
2026-01-01T01:44:13Z,compressor_trip,NORMAL,8456.2,40.0,89.14,78.8,14.87,14.99,27.02,50.01,0,0,0,0,0
2026-01-01T01:44:14Z,compressor_trip,NORMAL,8450.2,40.31,90.02,79.12,14.95,15.08,26.9,49.94,0,0,0,0,0
2026-01-01T01:44:15Z,compressor_trip,NORMAL,8457.2,40.1,90.19,79.74,15.02,15.05,26.83,49.98,0,0,0,0,0
2026-01-01T01:44:16Z,compressor_trip,NORMAL,8459.7,39.98,89.12,78.74,15.04,14.99,26.87,50.03,0,0,0,0,0
2026-01-01T01:44:17Z,compressor_trip,NORMAL,8438.7,39.93,89.61,79.58,14.89,14.96,26.84,50.02,0,0,0,0,0
2026-01-01T01:44:18Z,compressor_trip,NORMAL,8461.1,39.89,89.03,79.15,14.92,15.01,27.06,49.97,0,0,0,0,0
2026-01-01T01:44:19Z,compressor_trip,NORMAL,8454.9,39.85,90.74,79.99,15.04,15.0,26.71,49.98,0,0,0,0,0
2026-01-01T01:44:20Z,compressor_trip,NORMAL,8493.4,39.99,89.83,79.9,14.91,14.96,26.99,50.02,0,0,0,0,0
2026-01-01T01:44:21Z,compressor_trip,NORMAL,8452.2,39.91,89.33,78.92,14.98,14.92,27.11,49.94,0,0,0,0,0
2026-01-01T01:44:22Z,compressor_trip,NORMAL,8462.9,40.27,89.11,78.57,14.74,15.05,26.84,50.02,0,0,0,0,0
2026-01-01T01:44:23Z,compressor_trip,NORMAL,8477.6,40.06,89.67,78.96,14.9,14.98,26.87,50.02,0,0,0,0,0
2026-01-01T01:44:24Z,compressor_trip,NORMAL,8472.9,40.11,89.57,79.6,15.1,14.88,26.98,50.05,0,0,0,0,0
2026-01-01T01:44:25Z,compressor_trip,NORMAL,8466.1,39.82,90.42,79.66,14.98,14.85,26.73,50.04,0,0,0,0,0
2026-01-01T01:44:26Z,compressor_trip,NORMAL,8481.0,39.93,90.12,78.66,15.01,14.95,27.05,50.01,0,0,0,0,0
2026-01-01T01:44:27Z,compressor_trip,NORMAL,8470.9,40.12,89.53,79.51,15.18,15.0,26.8,50.07,0,0,0,0,0
2026-01-01T01:44:28Z,compressor_trip,NORMAL,8481.2,40.17,89.9,79.57,15.25,14.99,26.84,50.02,0,0,0,0,0
2026-01-01T01:44:29Z,compressor_trip,NORMAL,8468.2,39.73,89.3,79.89,14.83,15.05,27.08,49.95,0,0,0,0,0
2026-01-01T01:44:30Z,compressor_trip,NORMAL,8487.5,40.17,90.44,80.38,15.08,15.16,26.82,50.01,0,0,0,0,0
2026-01-01T01:44:31Z,compressor_trip,NORMAL,8480.0,40.08,89.95,79.56,15.0,14.86,27.02,50.03,0,0,0,0,0
2026-01-01T01:44:32Z,compressor_trip,NORMAL,8487.6,39.98,90.13,79.41,15.06,14.92,26.84,49.97,0,0,0,0,0
2026-01-01T01:44:33Z,compressor_trip,NORMAL,8478.3,39.87,89.37,79.35,14.95,14.96,27.02,50.0,0,0,0,0,0
2026-01-01T01:44:34Z,compressor_trip,NORMAL,8498.2,40.14,89.37,79.11,14.86,14.92,26.86,50.06,0,0,0,0,0
2026-01-01T01:44:35Z,compressor_trip,NORMAL,8475.5,40.19,90.13,79.53,14.85,14.89,26.81,50.0,0,0,0,0,0
2026-01-01T01:44:36Z,compressor_trip,NORMAL,8494.9,39.97,89.58,79.88,14.97,15.05,26.97,50.04,0,0,0,0,0
2026-01-01T01:44:37Z,compressor_trip,NORMAL,8471.3,40.06,89.72,79.94,15.07,14.9,26.79,50.05,0,0,0,0,0
2026-01-01T01:44:38Z,compressor_trip,NORMAL,8484.1,39.97,90.23,79.72,15.05,14.88,26.79,50.01,0,0,0,0,0
2026-01-01T01:44:39Z,compressor_trip,NORMAL,8496.7,40.07,90.23,79.29,14.76,15.16,26.73,50.0,0,0,0,0,0
2026-01-01T01:44:40Z,compressor_trip,NORMAL,8476.3,39.9,89.95,79.9,15.01,14.9,26.92,49.99,0,0,0,0,0
2026-01-01T01:44:41Z,compressor_trip,NORMAL,8496.6,40.19,89.74,79.83,15.12,14.94,26.89,50.04,0,0,0,0,0
2026-01-01T01:44:42Z,compressor_trip,NORMAL,8490.3,40.26,90.38,79.73,14.98,14.95,27.09,50.03,0,0,0,0,0
2026-01-01T01:44:43Z,compressor_trip,NORMAL,8504.0,40.13,90.53,79.52,14.96,15.0,26.79,50.03,0,0,0,0,0
2026-01-01T01:44:44Z,compressor_trip,NORMAL,8483.2,40.34,89.66,78.86,15.04,15.06,27.01,50.0,0,0,0,0,0
2026-01-01T01:44:45Z,compressor_trip,NORMAL,8499.9,39.83,89.63,79.63,15.03,15.01,26.96,50.12,0,0,0,0,0
2026-01-01T01:44:46Z,compressor_trip,NORMAL,8483.6,40.1,89.61,80.59,14.92,15.0,26.9,50.05,0,0,0,0,0
2026-01-01T01:44:47Z,compressor_trip,NORMAL,8494.4,40.25,88.37,80.41,15.03,15.17,26.96,49.86,0,0,0,0,0
2026-01-01T01:44:48Z,compressor_trip,NORMAL,8514.2,40.45,89.15,79.42,14.95,15.06,26.73,50.02,0,0,0,0,0
2026-01-01T01:44:49Z,compressor_trip,NORMAL,8502.5,39.91,89.86,79.0,14.96,14.99,26.69,50.04,0,0,0,0,0
2026-01-01T01:44:50Z,compressor_trip,NORMAL,8498.9,39.73,89.41,79.24,15.04,15.05,26.96,49.96,0,0,0,0,0
2026-01-01T01:44:51Z,compressor_trip,NORMAL,8503.0,39.92,90.35,79.51,14.86,15.0,26.87,50.07,0,0,0,0,0
2026-01-01T01:44:52Z,compressor_trip,NORMAL,8499.1,39.96,89.52,79.56,15.12,15.12,26.81,50.01,0,0,0,0,0
2026-01-01T01:44:53Z,compressor_trip,NORMAL,8482.4,40.23,89.0,79.92,14.95,14.84,26.79,49.91,0,0,0,0,0
2026-01-01T01:44:54Z,compressor_trip,NORMAL,8509.3,40.35,89.91,80.47,14.91,15.14,26.9,49.99,0,0,0,0,0
2026-01-01T01:44:55Z,compressor_trip,NORMAL,8494.2,39.87,90.7,80.27,14.88,15.12,27.0,50.0,0,0,0,0,0
2026-01-01T01:44:56Z,compressor_trip,NORMAL,8507.3,39.88,89.82,79.47,15.1,15.15,26.75,50.07,0,0,0,0,0
2026-01-01T01:44:57Z,compressor_trip,NORMAL,8498.3,40.06,91.18,79.28,14.91,14.98,26.82,50.02,0,0,0,0,0
2026-01-01T01:44:58Z,compressor_trip,NORMAL,8518.8,40.02,90.13,80.15,14.95,14.89,26.71,50.01,0,0,0,0,0
2026-01-01T01:44:59Z,compressor_trip,NORMAL,8500.4,39.72,89.85,79.75,15.05,15.13,26.73,49.97,0,0,0,0,0
2026-01-01T01:45:00Z,compressor_trip,NORMAL,8514.4,40.3,90.28,80.3,14.94,15.02,26.95,49.9,0,0,0,0,0
2026-01-01T01:45:01Z,compressor_trip,NORMAL,8497.7,39.93,89.52,79.96,14.99,14.83,26.72,49.95,0,0,0,0,0
2026-01-01T01:45:02Z,compressor_trip,NORMAL,8500.0,40.01,89.7,79.45,15.0,14.99,26.78,49.93,0,0,0,0,0
2026-01-01T01:45:03Z,compressor_trip,NORMAL,8501.4,39.92,89.75,79.48,14.99,14.67,26.8,50.05,0,0,0,0,0
2026-01-01T01:45:04Z,compressor_trip,NORMAL,8515.1,40.17,90.22,79.81,15.04,15.02,26.9,49.98,0,0,0,0,0
2026-01-01T01:45:05Z,compressor_trip,NORMAL,8515.8,40.0,90.66,79.81,15.03,15.04,26.86,50.01,0,0,0,0,0
2026-01-01T01:45:06Z,compressor_trip,NORMAL,8513.7,39.94,89.49,79.46,14.81,15.23,26.91,50.02,0,0,0,0,0
2026-01-01T01:45:07Z,compressor_trip,NORMAL,8525.0,40.04,90.55,80.05,15.01,14.98,26.88,50.03,0,0,0,0,0
2026-01-01T01:45:08Z,compressor_trip,NORMAL,8508.1,39.96,89.62,79.92,14.85,14.94,26.81,49.89,0,0,0,0,0
2026-01-01T01:45:09Z,compressor_trip,NORMAL,8517.8,40.06,89.74,80.11,14.99,14.88,26.7,49.96,0,0,0,0,0
2026-01-01T01:45:10Z,compressor_trip,NORMAL,8507.4,40.05,90.64,79.98,15.04,14.98,26.96,50.01,0,0,0,0,0
2026-01-01T01:45:11Z,compressor_trip,NORMAL,8515.3,40.09,89.76,80.8,15.18,15.02,26.82,49.99,0,0,0,0,0
2026-01-01T01:45:12Z,compressor_trip,NORMAL,8501.1,40.09,90.82,80.15,14.97,14.95,26.96,49.94,0,0,0,0,0
2026-01-01T01:45:13Z,compressor_trip,NORMAL,8507.9,39.59,89.82,79.63,15.02,14.84,26.69,50.02,0,0,0,0,0
2026-01-01T01:45:14Z,compressor_trip,NORMAL,8512.1,39.96,89.57,80.31,14.92,14.87,26.6,50.05,0,0,0,0,0
2026-01-01T01:45:15Z,compressor_trip,NORMAL,8526.9,40.08,90.08,79.89,15.22,15.01,26.92,50.01,0,0,0,0,0
2026-01-01T01:45:16Z,compressor_trip,NORMAL,8529.2,40.46,89.85,80.01,14.88,14.99,26.9,50.05,0,0,0,0,0
2026-01-01T01:45:17Z,compressor_trip,NORMAL,8525.6,40.36,90.28,80.21,14.93,15.14,26.69,49.95,0,0,0,0,0
2026-01-01T01:45:18Z,compressor_trip,NORMAL,8527.4,40.23,90.38,78.86,14.97,14.96,26.91,50.0,0,0,0,0,0
2026-01-01T01:45:19Z,compressor_trip,NORMAL,8526.1,40.06,90.05,80.14,14.9,15.0,26.65,49.99,0,0,0,0,0
2026-01-01T01:45:20Z,compressor_trip,NORMAL,8529.0,39.93,90.15,79.79,15.09,15.01,27.0,50.08,0,0,0,0,0
2026-01-01T01:45:21Z,compressor_trip,NORMAL,8518.7,39.96,89.96,79.64,14.94,14.95,26.8,50.12,0,0,0,0,0
2026-01-01T01:45:22Z,compressor_trip,NORMAL,8540.8,39.94,89.86,79.77,15.18,15.19,26.68,49.96,0,0,0,0,0
2026-01-01T01:45:23Z,compressor_trip,NORMAL,8536.5,39.93,91.51,79.64,14.95,15.08,26.59,49.99,0,0,0,0,0
2026-01-01T01:45:24Z,compressor_trip,NORMAL,8521.5,40.0,90.32,79.43,15.12,15.09,26.91,50.07,0,0,0,0,0
2026-01-01T01:45:25Z,compressor_trip,NORMAL,8534.8,40.32,90.46,80.24,15.16,15.05,26.72,50.04,0,0,0,0,0
2026-01-01T01:45:26Z,compressor_trip,NORMAL,8519.2,39.94,91.0,80.08,14.97,14.97,26.57,50.0,0,0,0,0,0
2026-01-01T01:45:27Z,compressor_trip,NORMAL,8541.0,39.91,91.19,80.77,15.03,15.06,26.88,49.98,0,0,0,0,0
2026-01-01T01:45:28Z,compressor_trip,NORMAL,8545.9,39.99,91.19,80.42,15.25,14.94,26.72,50.1,0,0,0,0,0
2026-01-01T01:45:29Z,compressor_trip,NORMAL,8533.1,40.0,90.74,80.17,14.92,15.05,26.76,49.91,0,0,0,0,0
2026-01-01T01:45:30Z,compressor_trip,NORMAL,8530.4,40.01,90.12,79.95,15.06,15.01,26.6,50.05,0,0,0,0,0
2026-01-01T01:45:31Z,compressor_trip,NORMAL,8529.1,40.02,90.97,79.13,14.87,14.91,26.71,49.95,0,0,0,0,0
2026-01-01T01:45:32Z,compressor_trip,NORMAL,8543.5,40.01,89.47,80.44,15.26,15.02,26.56,50.07,0,0,0,0,0
2026-01-01T01:45:33Z,compressor_trip,NORMAL,8554.5,40.22,90.53,79.83,14.82,14.91,26.62,49.86,0,0,0,0,0
2026-01-01T01:45:34Z,compressor_trip,NORMAL,8536.3,40.2,90.46,80.72,15.01,15.13,26.57,50.13,0,0,0,0,0
2026-01-01T01:45:35Z,compressor_trip,NORMAL,8539.0,39.88,90.98,79.92,15.05,14.99,26.63,49.96,0,0,0,0,0
2026-01-01T01:45:36Z,compressor_trip,NORMAL,8531.7,39.89,89.75,80.52,14.96,15.09,26.63,50.02,0,0,0,0,0
2026-01-01T01:45:37Z,compressor_trip,NORMAL,8539.9,40.15,89.96,79.85,14.97,15.15,26.74,50.05,0,0,0,0,0
2026-01-01T01:45:38Z,compressor_trip,NORMAL,8550.1,39.77,90.42,79.39,14.95,15.08,26.69,49.98,0,0,0,0,0
2026-01-01T01:45:39Z,compressor_trip,NORMAL,8551.0,40.36,89.67,79.98,14.95,14.83,26.59,50.05,0,0,0,0,0
2026-01-01T01:45:40Z,compressor_trip,NORMAL,8553.2,39.96,90.34,80.36,15.02,14.98,26.49,49.99,0,0,0,0,0
2026-01-01T01:45:41Z,compressor_trip,NORMAL,8543.5,40.25,89.33,79.83,15.15,14.88,26.77,49.97,0,0,0,0,0
2026-01-01T01:45:42Z,compressor_trip,NORMAL,8571.0,39.97,90.93,79.41,14.84,15.06,26.65,50.06,0,0,0,0,0
2026-01-01T01:45:43Z,compressor_trip,NORMAL,8555.6,39.76,90.88,81.27,14.76,15.0,26.8,50.04,0,0,0,0,0
2026-01-01T01:45:44Z,compressor_trip,NORMAL,8572.5,40.28,90.22,80.25,15.08,15.0,26.79,50.11,0,0,0,0,0
2026-01-01T01:45:45Z,compressor_trip,NORMAL,8543.2,40.01,90.84,80.37,14.69,15.09,26.77,50.04,0,0,0,0,0
2026-01-01T01:45:46Z,compressor_trip,NORMAL,8558.3,40.06,90.36,80.19,15.15,15.06,26.69,49.98,0,0,0,0,0
2026-01-01T01:45:47Z,compressor_trip,NORMAL,8553.2,40.38,90.35,79.94,15.14,15.13,26.59,49.98,0,0,0,0,0
2026-01-01T01:45:48Z,compressor_trip,NORMAL,8557.2,40.0,90.64,79.89,15.03,14.86,26.7,50.04,0,0,0,0,0
2026-01-01T01:45:49Z,compressor_trip,NORMAL,8540.5,39.7,90.96,79.78,14.89,15.02,26.7,50.03,0,0,0,0,0
2026-01-01T01:45:50Z,compressor_trip,NORMAL,8544.8,39.75,90.91,80.11,15.14,15.07,26.63,49.89,0,0,0,0,0
2026-01-01T01:45:51Z,compressor_trip,NORMAL,8543.6,40.12,91.38,80.88,14.89,14.88,26.72,50.1,0,0,0,0,0
2026-01-01T01:45:52Z,compressor_trip,NORMAL,8569.2,39.9,89.97,80.47,15.34,15.1,26.68,49.99,0,0,0,0,0
2026-01-01T01:45:53Z,compressor_trip,NORMAL,8540.5,39.97,90.26,79.65,14.96,14.87,26.75,50.01,0,0,0,0,0
2026-01-01T01:45:54Z,compressor_trip,NORMAL,8561.6,40.47,91.26,79.66,14.93,15.07,26.52,49.97,0,0,0,0,0
2026-01-01T01:45:55Z,compressor_trip,NORMAL,8562.9,39.75,90.35,80.24,14.93,15.07,26.59,49.98,0,0,0,0,0
2026-01-01T01:45:56Z,compressor_trip,NORMAL,8557.7,39.74,90.28,80.19,14.98,14.89,26.6,50.0,0,0,0,0,0
2026-01-01T01:45:57Z,compressor_trip,NORMAL,8569.8,39.69,89.78,80.72,14.86,15.18,26.68,49.89,0,0,0,0,0
2026-01-01T01:45:58Z,compressor_trip,NORMAL,8559.9,39.81,90.12,80.01,15.13,14.96,26.71,49.97,0,0,0,0,0
2026-01-01T01:45:59Z,compressor_trip,NORMAL,8546.4,40.03,90.76,79.66,15.21,15.02,26.55,50.07,0,0,0,0,0
2026-01-01T01:46:00Z,compressor_trip,NORMAL,8557.9,40.06,90.37,80.03,14.81,15.03,26.62,50.04,0,0,0,0,0
2026-01-01T01:46:01Z,compressor_trip,NORMAL,8555.3,40.03,91.21,80.76,15.05,15.1,26.42,50.0,0,0,0,0,0
2026-01-01T01:46:02Z,compressor_trip,NORMAL,8553.7,40.07,90.21,79.87,15.07,14.97,26.47,50.05,0,0,0,0,0
2026-01-01T01:46:03Z,compressor_trip,NORMAL,8565.0,39.88,92.21,80.1,15.05,14.98,26.6,50.0,0,0,0,0,0
2026-01-01T01:46:04Z,compressor_trip,NORMAL,8556.7,40.31,90.34,79.78,15.04,14.89,26.81,49.91,0,0,0,0,0
2026-01-01T01:46:05Z,compressor_trip,NORMAL,8583.5,39.96,91.25,80.15,15.04,14.92,26.59,49.91,0,0,0,0,0
2026-01-01T01:46:06Z,compressor_trip,NORMAL,8553.5,40.2,91.21,80.61,15.04,15.18,26.72,50.01,0,0,0,0,0
2026-01-01T01:46:07Z,compressor_trip,NORMAL,8564.5,39.96,90.41,79.77,14.98,14.9,26.64,50.07,0,0,0,0,0
2026-01-01T01:46:08Z,compressor_trip,NORMAL,8582.7,40.16,90.72,80.84,14.91,14.91,26.37,50.01,0,0,0,0,0
2026-01-01T01:46:09Z,compressor_trip,NORMAL,8555.5,40.08,91.06,80.36,14.99,14.88,26.66,50.03,0,0,0,0,0
2026-01-01T01:46:10Z,compressor_trip,NORMAL,8571.0,39.83,90.24,80.36,14.94,14.96,26.6,50.05,0,0,0,0,0
2026-01-01T01:46:11Z,compressor_trip,NORMAL,8574.4,39.69,91.34,80.65,15.18,15.14,26.45,49.94,0,0,0,0,0
2026-01-01T01:46:12Z,compressor_trip,NORMAL,8574.9,39.49,90.72,80.52,14.95,14.96,26.54,49.99,0,0,0,0,0
2026-01-01T01:46:13Z,compressor_trip,NORMAL,8577.8,39.9,90.97,80.07,15.06,14.92,26.7,50.03,0,0,0,0,0
2026-01-01T01:46:14Z,compressor_trip,NORMAL,8563.9,39.84,90.88,80.64,14.99,15.09,26.41,49.94,0,0,0,0,0
2026-01-01T01:46:15Z,compressor_trip,NORMAL,8584.8,40.35,90.51,80.51,14.86,14.99,26.8,49.94,0,0,0,0,0
2026-01-01T01:46:16Z,compressor_trip,NORMAL,8576.4,40.07,91.22,80.88,14.98,14.98,26.76,50.02,0,0,0,0,0
2026-01-01T01:46:17Z,compressor_trip,NORMAL,8559.6,40.27,90.34,80.08,14.93,15.23,26.39,50.01,0,0,0,0,0
2026-01-01T01:46:18Z,compressor_trip,NORMAL,8582.2,39.91,90.96,80.11,14.99,15.04,26.79,49.99,0,0,0,0,0
2026-01-01T01:46:19Z,compressor_trip,NORMAL,8590.8,39.64,90.38,81.08,14.74,15.15,26.49,50.07,0,0,0,0,0
2026-01-01T01:46:20Z,compressor_trip,NORMAL,8570.6,40.17,91.01,81.24,14.95,15.05,26.46,50.02,0,0,0,0,0
2026-01-01T01:46:21Z,compressor_trip,NORMAL,8575.7,40.02,90.36,80.67,15.02,15.06,26.59,49.91,0,0,0,0,0
2026-01-01T01:46:22Z,compressor_trip,NORMAL,8606.4,40.01,91.17,80.79,14.91,15.07,26.57,49.93,0,0,0,0,0
2026-01-01T01:46:23Z,compressor_trip,NORMAL,8563.9,39.75,90.23,80.02,14.86,15.01,26.55,49.97,0,0,0,0,0
2026-01-01T01:46:24Z,compressor_trip,NORMAL,8595.5,40.14,91.49,81.54,14.96,15.23,26.49,50.07,0,0,0,0,0
2026-01-01T01:46:25Z,compressor_trip,NORMAL,8576.3,39.84,90.72,80.66,15.08,15.01,26.67,49.98,0,0,0,0,0
2026-01-01T01:46:26Z,compressor_trip,NORMAL,8591.1,40.11,91.8,80.83,15.13,14.95,26.44,49.98,0,0,0,0,0
2026-01-01T01:46:27Z,compressor_trip,NORMAL,8579.8,39.81,90.86,80.25,15.04,14.98,26.63,50.01,0,0,0,0,0
2026-01-01T01:46:28Z,compressor_trip,NORMAL,8564.1,39.8,89.68,81.13,15.07,14.95,26.5,49.87,0,0,0,0,0
2026-01-01T01:46:29Z,compressor_trip,NORMAL,8580.9,40.23,91.49,80.71,15.15,15.1,26.43,49.96,0,0,0,0,0
2026-01-01T01:46:30Z,compressor_trip,NORMAL,8586.6,39.96,90.56,80.84,14.85,14.93,26.53,50.03,0,0,0,0,0
2026-01-01T01:46:31Z,compressor_trip,NORMAL,8592.6,39.94,90.12,82.16,15.08,15.09,26.38,50.06,0,0,0,0,0
2026-01-01T01:46:32Z,compressor_trip,NORMAL,8604.4,40.39,91.27,80.11,14.93,14.73,26.48,49.97,0,0,0,0,0
2026-01-01T01:46:33Z,compressor_trip,NORMAL,8586.9,39.56,91.08,81.64,14.82,15.09,26.48,49.98,0,0,0,0,0
2026-01-01T01:46:34Z,compressor_trip,NORMAL,8590.1,40.44,90.67,80.39,14.93,15.08,26.36,49.97,0,0,0,0,0
2026-01-01T01:46:35Z,compressor_trip,NORMAL,8573.0,40.18,90.79,80.62,14.97,14.97,26.33,50.01,0,0,0,0,0
2026-01-01T01:46:36Z,compressor_trip,NORMAL,8590.7,39.94,91.05,82.07,14.98,15.05,26.45,49.95,0,0,0,0,0
2026-01-01T01:46:37Z,compressor_trip,NORMAL,8594.7,40.1,90.68,80.91,15.01,14.8,26.43,49.92,0,0,0,0,0
2026-01-01T01:46:38Z,compressor_trip,NORMAL,8602.1,39.96,90.29,80.04,14.93,14.66,26.4,49.94,0,0,0,0,0
2026-01-01T01:46:39Z,compressor_trip,NORMAL,8601.4,40.22,90.76,80.5,15.06,14.89,26.31,49.99,0,0,0,0,0
2026-01-01T01:46:40Z,compressor_trip,NORMAL,8593.5,40.22,91.16,80.99,14.83,14.95,26.5,50.02,0,0,0,0,0
2026-01-01T01:46:41Z,compressor_trip,NORMAL,8596.1,40.17,91.01,81.21,14.91,14.89,26.32,49.83,0,0,0,0,0
2026-01-01T01:46:42Z,compressor_trip,NORMAL,8581.0,39.76,91.09,80.51,14.99,14.93,26.47,50.02,0,0,0,0,0
2026-01-01T01:46:43Z,compressor_trip,NORMAL,8594.9,40.18,89.93,81.01,14.98,14.9,26.43,49.97,0,0,0,0,0
2026-01-01T01:46:44Z,compressor_trip,NORMAL,8589.5,40.17,92.06,80.71,15.04,14.77,26.31,49.99,0,0,0,0,0
2026-01-01T01:46:45Z,compressor_trip,NORMAL,8583.8,39.9,90.15,80.89,14.92,15.03,26.41,50.02,0,0,0,0,0
2026-01-01T01:46:46Z,compressor_trip,NORMAL,8583.0,40.22,90.84,80.62,14.98,14.94,26.38,50.03,0,0,0,0,0
2026-01-01T01:46:47Z,compressor_trip,NORMAL,8590.9,40.1,90.8,81.12,14.93,14.98,26.4,49.98,0,0,0,0,0
2026-01-01T01:46:48Z,compressor_trip,NORMAL,8600.3,39.94,91.65,80.34,14.92,14.89,26.18,50.01,0,0,0,0,0
2026-01-01T01:46:49Z,compressor_trip,NORMAL,8591.1,40.11,90.68,80.69,14.95,15.1,26.49,49.97,0,0,0,0,0
2026-01-01T01:46:50Z,compressor_trip,NORMAL,8583.0,40.26,91.35,81.08,15.01,15.02,26.46,50.09,0,0,0,0,0
2026-01-01T01:46:51Z,compressor_trip,NORMAL,8587.5,40.04,90.62,80.5,15.05,14.97,26.26,49.99,0,0,0,0,0
2026-01-01T01:46:52Z,compressor_trip,NORMAL,8596.2,40.07,91.22,81.31,15.01,14.72,26.39,50.04,0,0,0,0,0
2026-01-01T01:46:53Z,compressor_trip,NORMAL,8588.3,40.05,92.28,81.23,15.07,14.91,26.49,50.01,0,0,0,0,0
2026-01-01T01:46:54Z,compressor_trip,NORMAL,8592.5,40.0,89.88,80.78,15.01,15.02,26.42,49.96,0,0,0,0,0
2026-01-01T01:46:55Z,compressor_trip,NORMAL,8593.2,39.99,90.76,80.15,15.01,14.93,26.33,50.03,0,0,0,0,0
2026-01-01T01:46:56Z,compressor_trip,NORMAL,8587.8,39.95,90.88,80.23,15.01,14.95,26.44,49.95,0,0,0,0,0
2026-01-01T01:46:57Z,compressor_trip,NORMAL,8596.5,40.07,91.71,80.88,15.06,15.1,26.2,49.97,0,0,0,0,0
2026-01-01T01:46:58Z,compressor_trip,NORMAL,8605.3,39.68,90.17,80.43,15.1,14.81,26.36,50.09,0,0,0,0,0
2026-01-01T01:46:59Z,compressor_trip,NORMAL,8589.1,39.69,90.97,81.16,14.98,15.01,26.38,50.03,0,0,0,0,0
2026-01-01T01:47:00Z,compressor_trip,NORMAL,8596.2,40.01,90.64,80.37,15.07,15.01,26.36,49.98,0,0,0,0,0
2026-01-01T01:47:01Z,compressor_trip,NORMAL,8602.9,40.11,91.47,80.45,15.06,15.08,26.13,50.0,0,0,0,0,0
2026-01-01T01:47:02Z,compressor_trip,NORMAL,8583.6,39.9,91.11,80.57,14.94,14.89,26.41,50.03,0,0,0,0,0
2026-01-01T01:47:03Z,compressor_trip,NORMAL,8597.2,39.89,91.32,80.44,14.98,15.02,26.46,49.99,0,0,0,0,0
2026-01-01T01:47:04Z,compressor_trip,NORMAL,8591.3,39.49,90.89,81.24,15.13,15.11,26.57,50.1,0,0,0,0,0
2026-01-01T01:47:05Z,compressor_trip,NORMAL,8602.5,39.91,90.67,81.93,14.99,14.93,26.39,50.03,0,0,0,0,0
2026-01-01T01:47:06Z,compressor_trip,NORMAL,8590.0,39.74,91.23,80.89,14.95,15.12,26.2,50.0,0,0,0,0,0
2026-01-01T01:47:07Z,compressor_trip,NORMAL,8601.9,40.32,90.54,79.48,15.14,14.94,26.17,49.98,0,0,0,0,0
2026-01-01T01:47:08Z,compressor_trip,NORMAL,8594.6,39.94,90.55,81.97,14.96,14.95,26.39,49.92,0,0,0,0,0
2026-01-01T01:47:09Z,compressor_trip,NORMAL,8589.7,39.6,90.48,79.87,14.82,14.88,26.32,49.98,0,0,0,0,0
2026-01-01T01:47:10Z,compressor_trip,NORMAL,8588.3,39.89,91.41,80.45,15.28,15.08,26.27,49.99,0,0,0,0,0
2026-01-01T01:47:11Z,compressor_trip,NORMAL,8587.7,39.74,91.47,81.03,15.04,15.18,26.41,49.96,0,0,0,0,0
2026-01-01T01:47:12Z,compressor_trip,NORMAL,8615.6,40.31,91.18,81.25,15.16,14.96,26.37,50.02,0,0,0,0,0
2026-01-01T01:47:13Z,compressor_trip,NORMAL,8620.7,39.89,90.69,80.47,15.0,15.23,26.43,49.99,0,0,0,0,0
2026-01-01T01:47:14Z,compressor_trip,NORMAL,8592.2,39.78,91.25,80.98,14.97,15.05,26.32,49.99,0,0,0,0,0
2026-01-01T01:47:15Z,compressor_trip,NORMAL,8607.2,39.74,91.06,80.21,14.96,15.07,26.26,49.98,0,0,0,0,0
2026-01-01T01:47:16Z,compressor_trip,NORMAL,8608.1,40.25,90.72,81.5,15.05,15.05,26.19,50.03,0,0,0,0,0
2026-01-01T01:47:17Z,compressor_trip,NORMAL,8597.1,40.1,91.09,81.26,14.93,15.02,26.43,50.0,0,0,0,0,0
2026-01-01T01:47:18Z,compressor_trip,NORMAL,8594.9,39.75,91.26,81.01,15.17,15.13,26.26,50.03,0,0,0,0,0
2026-01-01T01:47:19Z,compressor_trip,NORMAL,8597.9,40.16,91.28,81.31,14.98,15.22,26.29,49.96,0,0,0,0,0
2026-01-01T01:47:20Z,compressor_trip,NORMAL,8592.2,39.76,90.89,80.72,14.9,14.94,26.15,49.92,0,0,0,0,0
2026-01-01T01:47:21Z,compressor_trip,NORMAL,8609.3,40.09,91.34,81.2,15.01,15.13,26.27,49.99,0,0,0,0,0
2026-01-01T01:47:22Z,compressor_trip,NORMAL,8594.9,39.89,90.5,81.52,14.87,14.97,26.56,50.03,0,0,0,0,0
2026-01-01T01:47:23Z,compressor_trip,NORMAL,8597.0,39.96,92.02,81.24,15.01,15.0,26.15,49.97,0,0,0,0,0
2026-01-01T01:47:24Z,compressor_trip,NORMAL,8586.3,39.93,90.94,80.64,15.21,14.96,26.33,50.03,0,0,0,0,0
2026-01-01T01:47:25Z,compressor_trip,NORMAL,8605.3,39.97,91.17,80.55,15.01,14.81,26.23,50.02,0,0,0,0,0
2026-01-01T01:47:26Z,compressor_trip,NORMAL,8594.3,40.15,91.31,80.36,14.94,14.91,26.27,50.0,0,0,0,0,0
2026-01-01T01:47:27Z,compressor_trip,NORMAL,8596.1,40.07,90.56,80.71,14.97,15.03,26.32,49.85,0,0,0,0,0
2026-01-01T01:47:28Z,compressor_trip,NORMAL,8584.7,39.77,91.53,81.04,15.03,15.11,26.13,49.98,0,0,0,0,0
2026-01-01T01:47:29Z,compressor_trip,NORMAL,8591.8,40.19,90.87,80.84,14.87,15.14,26.06,50.03,0,0,0,0,0
2026-01-01T01:47:30Z,compressor_trip,NORMAL,8589.3,40.36,91.42,80.88,14.88,15.03,26.24,49.92,0,0,0,0,0
2026-01-01T01:47:31Z,compressor_trip,NORMAL,8588.9,40.13,91.04,80.91,14.88,14.87,26.18,49.9,0,0,0,0,0
2026-01-01T01:47:32Z,compressor_trip,NORMAL,8615.1,39.99,90.9,80.7,15.1,15.05,26.14,49.97,0,0,0,0,0
2026-01-01T01:47:33Z,compressor_trip,NORMAL,8582.2,40.02,91.64,81.54,15.18,15.19,26.23,50.04,0,0,0,0,0
2026-01-01T01:47:34Z,compressor_trip,NORMAL,8594.6,39.98,90.57,80.34,14.96,14.97,26.17,49.94,0,0,0,0,0
2026-01-01T01:47:35Z,compressor_trip,NORMAL,8607.1,40.11,91.15,81.05,15.2,15.0,26.14,50.04,0,0,0,0,0
2026-01-01T01:47:36Z,compressor_trip,NORMAL,8582.2,40.07,91.08,80.89,15.0,15.15,26.35,50.11,0,0,0,0,0
2026-01-01T01:47:37Z,compressor_trip,NORMAL,8583.2,39.74,90.96,81.19,14.96,15.07,26.11,50.03,0,0,0,0,0
2026-01-01T01:47:38Z,compressor_trip,NORMAL,8612.1,39.98,91.51,80.92,14.97,14.98,25.96,49.95,0,0,0,0,0
2026-01-01T01:47:39Z,compressor_trip,NORMAL,8618.3,40.04,91.78,80.93,14.99,15.15,26.13,49.99,0,0,0,0,0
2026-01-01T01:47:40Z,compressor_trip,NORMAL,8594.2,40.27,90.8,81.6,15.08,15.14,26.01,50.07,0,0,0,0,0
2026-01-01T01:47:41Z,compressor_trip,NORMAL,8592.3,40.07,91.62,80.6,15.1,14.78,26.13,49.91,0,0,0,0,0
2026-01-01T01:47:42Z,compressor_trip,NORMAL,8616.3,39.95,90.79,80.51,14.86,15.09,25.98,50.01,0,0,0,0,0
2026-01-01T01:47:43Z,compressor_trip,NORMAL,8606.8,39.76,91.59,82.19,15.01,15.19,26.14,49.94,0,0,0,0,0
2026-01-01T01:47:44Z,compressor_trip,NORMAL,8597.3,39.99,91.45,80.78,14.96,14.98,26.19,50.04,0,0,0,0,0
2026-01-01T01:47:45Z,compressor_trip,NORMAL,8608.9,40.08,90.54,80.84,14.93,15.13,26.0,49.94,0,0,0,0,0
2026-01-01T01:47:46Z,compressor_trip,NORMAL,8602.6,40.03,91.23,81.22,15.13,15.12,26.06,50.02,0,0,0,0,0
2026-01-01T01:47:47Z,compressor_trip,NORMAL,8610.0,39.84,90.37,81.85,15.11,15.0,26.03,49.96,0,0,0,0,0
2026-01-01T01:47:48Z,compressor_trip,NORMAL,8603.6,39.86,90.09,80.98,15.05,15.17,26.04,50.01,0,0,0,0,0
2026-01-01T01:47:49Z,compressor_trip,NORMAL,8593.3,39.87,91.4,81.42,15.01,14.99,25.96,49.87,0,0,0,0,0
2026-01-01T01:47:50Z,compressor_trip,NORMAL,8600.3,39.91,91.3,81.84,15.09,15.1,26.15,50.01,0,0,0,0,0
2026-01-01T01:47:51Z,compressor_trip,NORMAL,8607.0,39.77,91.95,81.26,15.07,14.93,26.08,49.99,0,0,0,0,0
2026-01-01T01:47:52Z,compressor_trip,NORMAL,8585.0,40.07,91.14,80.22,14.95,15.05,26.09,49.95,0,0,0,0,0
2026-01-01T01:47:53Z,compressor_trip,NORMAL,8593.4,40.23,90.81,81.48,15.22,14.93,25.97,49.98,0,0,0,0,0
2026-01-01T01:47:54Z,compressor_trip,NORMAL,8598.2,40.09,90.41,80.98,15.07,14.97,25.98,50.04,0,0,0,0,0
2026-01-01T01:47:55Z,compressor_trip,NORMAL,8600.6,40.07,90.7,79.9,14.92,15.05,25.9,49.99,0,0,0,0,0
2026-01-01T01:47:56Z,compressor_trip,NORMAL,8591.3,40.09,90.42,80.5,15.01,15.05,26.2,50.05,0,0,0,0,0
2026-01-01T01:47:57Z,compressor_trip,NORMAL,8579.2,39.89,91.07,81.03,14.8,14.98,26.19,50.04,0,0,0,0,0
2026-01-01T01:47:58Z,compressor_trip,NORMAL,8610.5,39.78,90.83,81.35,15.06,14.86,26.24,49.93,0,0,0,0,0
2026-01-01T01:47:59Z,compressor_trip,NORMAL,8595.3,39.91,91.53,81.4,15.15,14.96,25.99,50.1,0,0,0,0,0
2026-01-01T01:48:00Z,compressor_trip,NORMAL,8606.4,40.12,91.99,81.49,14.98,15.15,25.98,50.04,0,0,0,0,0
2026-01-01T01:48:01Z,compressor_trip,NORMAL,8584.0,40.04,90.52,81.45,14.99,14.94,26.06,50.05,0,0,0,0,0
2026-01-01T01:48:02Z,compressor_trip,NORMAL,8603.4,40.14,91.02,80.87,14.97,15.09,26.18,49.99,0,0,0,0,0
2026-01-01T01:48:03Z,compressor_trip,NORMAL,8614.0,40.39,90.56,81.19,15.18,14.98,26.01,49.97,0,0,0,0,0
2026-01-01T01:48:04Z,compressor_trip,NORMAL,8596.7,40.0,91.3,81.32,15.03,15.07,26.06,49.99,0,0,0,0,0
2026-01-01T01:48:05Z,compressor_trip,NORMAL,8601.9,39.99,91.75,80.96,15.06,15.17,26.1,49.99,0,0,0,0,0
2026-01-01T01:48:06Z,compressor_trip,NORMAL,8604.6,40.14,90.5,80.54,15.02,15.03,26.05,50.01,0,0,0,0,0
2026-01-01T01:48:07Z,compressor_trip,NORMAL,8598.5,39.99,91.01,80.95,15.04,14.87,25.97,49.97,0,0,0,0,0
2026-01-01T01:48:08Z,compressor_trip,NORMAL,8609.3,40.13,90.66,81.18,15.23,15.07,25.98,49.98,0,0,0,0,0
2026-01-01T01:48:09Z,compressor_trip,NORMAL,8593.5,39.77,91.05,80.25,15.04,15.0,26.11,50.03,0,0,0,0,0
2026-01-01T01:48:10Z,compressor_trip,NORMAL,8610.2,40.33,91.05,80.52,15.09,15.03,25.96,49.99,0,0,0,0,0
2026-01-01T01:48:11Z,compressor_trip,NORMAL,8574.9,39.81,91.49,80.65,14.93,15.05,26.1,50.01,0,0,0,0,0
2026-01-01T01:48:12Z,compressor_trip,NORMAL,8585.0,39.92,90.87,80.72,14.85,15.04,25.78,49.98,0,0,0,0,0
2026-01-01T01:48:13Z,compressor_trip,NORMAL,8603.8,39.82,91.44,81.04,15.02,15.08,25.84,49.99,0,0,0,0,0
2026-01-01T01:48:14Z,compressor_trip,NORMAL,8600.2,39.9,91.66,81.0,14.98,14.89,25.78,50.02,0,0,0,0,0
2026-01-01T01:48:15Z,compressor_trip,NORMAL,8586.6,40.13,90.57,81.55,15.07,15.11,25.95,50.04,0,0,0,0,0
2026-01-01T01:48:16Z,compressor_trip,NORMAL,8607.1,40.18,91.04,80.56,15.01,15.11,25.81,49.96,0,0,0,0,0
2026-01-01T01:48:17Z,compressor_trip,NORMAL,8591.0,39.95,91.09,81.07,14.85,14.99,25.79,50.02,0,0,0,0,0
2026-01-01T01:48:18Z,compressor_trip,NORMAL,8592.2,40.08,91.34,81.62,14.99,15.08,25.86,49.98,0,0,0,0,0
2026-01-01T01:48:19Z,compressor_trip,NORMAL,8570.2,40.1,91.14,80.41,14.83,14.97,25.82,50.04,0,0,0,0,0
2026-01-01T01:48:20Z,compressor_trip,NORMAL,8593.0,39.88,91.16,80.97,15.0,15.05,25.89,50.02,0,0,0,0,0
2026-01-01T01:48:21Z,compressor_trip,NORMAL,8586.3,39.91,91.49,81.59,14.93,15.01,25.93,49.98,0,0,0,0,0
2026-01-01T01:48:22Z,compressor_trip,NORMAL,8587.2,40.25,90.13,81.32,14.97,14.96,25.92,49.97,0,0,0,0,0
2026-01-01T01:48:23Z,compressor_trip,NORMAL,8578.4,39.9,90.19,81.84,14.96,14.96,25.84,50.06,0,0,0,0,0
2026-01-01T01:48:24Z,compressor_trip,NORMAL,8590.2,40.09,91.54,82.14,15.08,14.84,25.71,50.04,0,0,0,0,0
2026-01-01T01:48:25Z,compressor_trip,NORMAL,8589.3,40.47,91.48,80.86,15.19,15.03,25.84,49.98,0,0,0,0,0
2026-01-01T01:48:26Z,compressor_trip,NORMAL,8575.8,40.12,91.47,81.17,15.24,14.95,25.72,49.96,0,0,0,0,0
2026-01-01T01:48:27Z,compressor_trip,NORMAL,8595.9,40.15,90.15,80.04,14.94,14.98,26.0,49.97,0,0,0,0,0
2026-01-01T01:48:28Z,compressor_trip,NORMAL,8599.4,40.19,91.19,82.07,14.95,15.1,25.81,49.97,0,0,0,0,0
2026-01-01T01:48:29Z,compressor_trip,NORMAL,8576.6,39.87,91.05,80.99,14.91,14.99,25.84,49.96,0,0,0,0,0
2026-01-01T01:48:30Z,compressor_trip,NORMAL,8599.4,40.39,90.48,81.72,14.96,14.96,25.63,50.02,0,0,0,0,0
2026-01-01T01:48:31Z,compressor_trip,NORMAL,8581.7,39.54,90.44,80.07,15.03,15.06,25.81,50.0,0,0,0,0,0
2026-01-01T01:48:32Z,compressor_trip,NORMAL,8587.0,39.91,90.25,81.74,15.04,15.0,25.9,49.97,0,0,0,0,0
2026-01-01T01:48:33Z,compressor_trip,NORMAL,8572.7,39.89,90.78,80.82,14.99,15.17,25.85,50.04,0,0,0,0,0
2026-01-01T01:48:34Z,compressor_trip,NORMAL,8575.3,40.16,91.15,80.98,15.02,15.03,25.73,49.95,0,0,0,0,0
2026-01-01T01:48:35Z,compressor_trip,NORMAL,8553.6,39.93,90.82,81.19,15.24,15.13,26.03,49.97,0,0,0,0,0
2026-01-01T01:48:36Z,compressor_trip,NORMAL,8578.6,40.25,90.1,80.86,15.13,15.02,25.96,50.09,0,0,0,0,0
2026-01-01T01:48:37Z,compressor_trip,NORMAL,8579.2,40.05,90.64,79.85,15.13,14.87,25.62,50.05,0,0,0,0,0
2026-01-01T01:48:38Z,compressor_trip,NORMAL,8574.4,39.97,91.15,80.08,14.9,15.07,25.8,49.97,0,0,0,0,0
2026-01-01T01:48:39Z,compressor_trip,NORMAL,8584.3,40.27,90.69,81.01,15.13,14.94,25.57,49.91,0,0,0,0,0
2026-01-01T01:48:40Z,compressor_trip,NORMAL,8568.6,40.02,90.7,80.56,14.97,14.95,25.74,49.94,0,0,0,0,0
2026-01-01T01:48:41Z,compressor_trip,NORMAL,8561.4,39.82,91.07,81.22,14.97,15.06,25.86,50.03,0,0,0,0,0
2026-01-01T01:48:42Z,compressor_trip,NORMAL,8573.8,40.66,90.49,81.1,14.94,15.03,25.9,50.02,0,0,0,0,0
2026-01-01T01:48:43Z,compressor_trip,NORMAL,8568.6,40.19,90.75,81.27,15.1,15.06,25.8,50.02,0,0,0,0,0
2026-01-01T01:48:44Z,compressor_trip,NORMAL,8569.9,39.57,90.23,82.02,14.98,14.94,25.85,49.97,0,0,0,0,0
2026-01-01T01:48:45Z,compressor_trip,NORMAL,8569.3,40.13,91.56,81.47,15.15,14.94,25.92,49.95,0,0,0,0,0
2026-01-01T01:48:46Z,compressor_trip,NORMAL,8563.2,39.94,91.02,80.54,15.11,15.15,25.62,49.95,0,0,0,0,0
2026-01-01T01:48:47Z,compressor_trip,NORMAL,8597.0,40.05,91.14,80.18,15.06,15.02,25.88,49.99,0,0,0,0,0
2026-01-01T01:48:48Z,compressor_trip,NORMAL,8572.8,39.74,91.44,80.76,15.05,14.82,25.67,49.95,0,0,0,0,0
2026-01-01T01:48:49Z,compressor_trip,NORMAL,8567.1,39.8,90.3,81.34,15.03,15.0,25.69,49.97,0,0,0,0,0
2026-01-01T01:48:50Z,compressor_trip,NORMAL,8571.3,39.58,90.99,81.32,15.16,14.95,25.8,50.01,0,0,0,0,0
2026-01-01T01:48:51Z,compressor_trip,NORMAL,8576.1,40.64,91.09,81.13,15.04,14.99,25.85,49.9,0,0,0,0,0
2026-01-01T01:48:52Z,compressor_trip,NORMAL,8568.5,40.22,90.49,80.97,15.13,14.92,25.76,49.99,0,0,0,0,0
2026-01-01T01:48:53Z,compressor_trip,NORMAL,8587.3,39.95,90.47,80.54,15.06,15.13,25.73,50.0,0,0,0,0,0
2026-01-01T01:48:54Z,compressor_trip,NORMAL,8578.1,39.91,91.44,80.87,14.85,15.06,25.68,50.0,0,0,0,0,0
2026-01-01T01:48:55Z,compressor_trip,NORMAL,8575.9,39.9,89.74,80.28,15.0,14.98,25.66,50.03,0,0,0,0,0
2026-01-01T01:48:56Z,compressor_trip,NORMAL,8570.6,39.89,90.77,80.27,14.94,14.94,25.72,49.94,0,0,0,0,0
2026-01-01T01:48:57Z,compressor_trip,NORMAL,8564.5,40.01,89.9,80.81,15.02,14.89,25.77,49.92,0,0,0,0,0
2026-01-01T01:48:58Z,compressor_trip,NORMAL,8565.1,39.93,90.57,80.39,14.95,14.97,25.5,49.94,0,0,0,0,0
2026-01-01T01:48:59Z,compressor_trip,NORMAL,8566.5,40.27,90.11,80.51,14.9,15.07,25.65,49.96,0,0,0,0,0
2026-01-01T01:49:00Z,compressor_trip,NORMAL,8551.2,40.03,90.72,80.93,14.8,14.81,25.58,49.97,0,0,0,0,0
2026-01-01T01:49:01Z,compressor_trip,NORMAL,8557.6,39.93,91.06,81.11,15.13,15.0,25.7,49.9,0,0,0,0,0
2026-01-01T01:49:02Z,compressor_trip,NORMAL,8556.1,40.21,91.16,80.68,15.05,14.9,25.74,50.03,0,0,0,0,0
2026-01-01T01:49:03Z,compressor_trip,NORMAL,8560.4,39.84,90.29,81.1,15.12,14.97,25.7,49.97,0,0,0,0,0
2026-01-01T01:49:04Z,compressor_trip,NORMAL,8549.0,40.07,90.7,81.02,15.05,14.99,25.83,49.98,0,0,0,0,0
2026-01-01T01:49:05Z,compressor_trip,NORMAL,8544.9,40.27,90.95,80.81,15.11,15.05,25.55,50.02,0,0,0,0,0
2026-01-01T01:49:06Z,compressor_trip,NORMAL,8550.5,40.01,90.36,81.03,14.99,14.93,25.64,50.01,0,0,0,0,0
2026-01-01T01:49:07Z,compressor_trip,NORMAL,8557.0,39.96,90.17,80.06,14.94,14.98,25.7,50.03,0,0,0,0,0
2026-01-01T01:49:08Z,compressor_trip,NORMAL,8553.0,39.94,90.84,80.91,15.0,14.97,25.73,50.03,0,0,0,0,0
2026-01-01T01:49:09Z,compressor_trip,NORMAL,8551.3,40.15,89.13,80.2,14.95,14.88,25.74,50.04,0,0,0,0,0
2026-01-01T01:49:10Z,compressor_trip,NORMAL,8561.0,39.61,90.86,81.34,15.01,15.03,25.61,50.09,0,0,0,0,0
2026-01-01T01:49:11Z,compressor_trip,NORMAL,8544.7,39.96,90.78,79.97,14.98,15.0,25.48,50.0,0,0,0,0,0
2026-01-01T01:49:12Z,compressor_trip,NORMAL,8537.5,40.07,90.36,81.08,15.05,15.14,25.65,50.03,0,0,0,0,0
2026-01-01T01:49:13Z,compressor_trip,NORMAL,8543.9,39.73,90.9,80.89,14.97,14.97,25.53,50.08,0,0,0,0,0
2026-01-01T01:49:14Z,compressor_trip,NORMAL,8547.1,40.2,90.4,80.61,15.07,14.91,25.55,49.94,0,0,0,0,0
2026-01-01T01:49:15Z,compressor_trip,NORMAL,8559.2,40.28,90.71,80.0,14.98,14.88,25.57,50.0,0,0,0,0,0
2026-01-01T01:49:16Z,compressor_trip,NORMAL,8565.3,39.67,90.64,81.69,14.95,15.15,25.5,50.05,0,0,0,0,0
2026-01-01T01:49:17Z,compressor_trip,NORMAL,8566.3,39.86,90.87,80.84,15.02,14.99,25.61,50.06,0,0,0,0,0
2026-01-01T01:49:18Z,compressor_trip,NORMAL,8556.2,40.0,90.94,80.28,15.12,14.97,25.53,50.11,0,0,0,0,0
2026-01-01T01:49:19Z,compressor_trip,NORMAL,8552.2,40.2,90.33,80.87,14.81,15.18,25.55,49.96,0,0,0,0,0
2026-01-01T01:49:20Z,compressor_trip,NORMAL,8548.3,39.94,91.28,80.0,15.04,14.9,25.63,50.01,0,0,0,0,0
2026-01-01T01:49:21Z,compressor_trip,NORMAL,8539.3,40.16,91.1,80.29,15.11,15.18,25.72,50.01,0,0,0,0,0
2026-01-01T01:49:22Z,compressor_trip,NORMAL,8555.0,40.03,90.61,80.47,14.98,14.95,25.56,50.0,0,0,0,0,0
2026-01-01T01:49:23Z,compressor_trip,NORMAL,8539.2,39.89,90.46,80.72,14.9,14.88,25.41,49.98,0,0,0,0,0
2026-01-01T01:49:24Z,compressor_trip,NORMAL,8528.4,40.13,90.72,81.36,15.15,15.2,25.62,50.04,0,0,0,0,0
2026-01-01T01:49:25Z,compressor_trip,NORMAL,8551.1,40.17,90.85,81.87,15.08,14.83,25.56,49.89,0,0,0,0,0
2026-01-01T01:49:26Z,compressor_trip,NORMAL,8537.9,39.89,90.64,80.93,14.98,15.05,25.67,50.04,0,0,0,0,0
2026-01-01T01:49:27Z,compressor_trip,NORMAL,8535.5,40.04,90.62,81.27,14.97,14.97,25.52,49.93,0,0,0,0,0
2026-01-01T01:49:28Z,compressor_trip,NORMAL,8526.9,39.86,89.74,79.33,15.08,15.13,25.53,50.03,0,0,0,0,0
2026-01-01T01:49:29Z,compressor_trip,NORMAL,8544.2,39.94,90.51,79.2,15.1,15.09,25.47,50.01,0,0,0,0,0
2026-01-01T01:49:30Z,compressor_trip,NORMAL,8530.8,39.67,90.23,80.82,15.04,14.98,25.43,49.96,0,0,0,0,0
2026-01-01T01:49:31Z,compressor_trip,NORMAL,8534.6,39.83,91.37,80.31,15.07,15.04,25.39,49.92,0,0,0,0,0
2026-01-01T01:49:32Z,compressor_trip,NORMAL,8533.3,40.11,89.66,80.75,15.21,14.78,25.67,49.94,0,0,0,0,0
2026-01-01T01:49:33Z,compressor_trip,NORMAL,8512.6,39.53,90.71,79.82,15.03,15.05,25.39,50.06,0,0,0,0,0
2026-01-01T01:49:34Z,compressor_trip,NORMAL,8529.2,40.01,89.82,80.66,15.05,14.86,25.3,49.99,0,0,0,0,0
2026-01-01T01:49:35Z,compressor_trip,NORMAL,8523.3,40.06,90.55,81.42,15.0,14.79,25.56,50.0,0,0,0,0,0
2026-01-01T01:49:36Z,compressor_trip,NORMAL,8544.2,40.01,90.37,80.6,15.11,14.96,25.61,49.98,0,0,0,0,0
2026-01-01T01:49:37Z,compressor_trip,NORMAL,8516.3,40.23,90.84,80.47,14.78,14.97,25.6,49.98,0,0,0,0,0
2026-01-01T01:49:38Z,compressor_trip,NORMAL,8535.2,39.91,90.58,80.29,14.96,15.06,25.48,50.08,0,0,0,0,0
2026-01-01T01:49:39Z,compressor_trip,NORMAL,8524.5,39.97,90.39,81.38,15.13,14.99,25.61,49.98,0,0,0,0,0
2026-01-01T01:49:40Z,compressor_trip,NORMAL,8536.0,40.07,90.27,79.83,14.84,15.04,25.49,49.99,0,0,0,0,0
2026-01-01T01:49:41Z,compressor_trip,NORMAL,8544.3,39.84,90.95,81.13,15.09,14.94,25.38,49.98,0,0,0,0,0
2026-01-01T01:49:42Z,compressor_trip,NORMAL,8504.1,39.9,90.48,80.11,15.08,15.12,25.42,49.96,0,0,0,0,0
2026-01-01T01:49:43Z,compressor_trip,NORMAL,8531.2,40.15,90.37,81.9,15.02,15.03,25.5,49.94,0,0,0,0,0
2026-01-01T01:49:44Z,compressor_trip,NORMAL,8525.4,39.97,89.65,80.78,14.95,15.09,25.32,50.01,0,0,0,0,0
2026-01-01T01:49:45Z,compressor_trip,NORMAL,8521.1,40.1,90.74,80.18,14.97,15.08,25.33,49.92,0,0,0,0,0
2026-01-01T01:49:46Z,compressor_trip,NORMAL,8523.3,39.75,91.06,80.73,15.15,14.95,25.28,50.0,0,0,0,0,0
2026-01-01T01:49:47Z,compressor_trip,NORMAL,8532.1,39.8,89.93,80.48,15.1,14.74,25.52,49.99,0,0,0,0,0
2026-01-01T01:49:48Z,compressor_trip,NORMAL,8528.0,40.23,90.11,79.13,15.07,15.0,25.31,50.1,0,0,0,0,0
2026-01-01T01:49:49Z,compressor_trip,NORMAL,8490.4,40.07,90.42,79.73,15.0,14.98,25.42,49.94,0,0,0,0,0
2026-01-01T01:49:50Z,compressor_trip,NORMAL,8522.1,40.33,90.41,81.67,15.06,14.97,25.32,50.02,0,0,0,0,0
2026-01-01T01:49:51Z,compressor_trip,NORMAL,8518.7,39.87,90.23,80.24,15.12,14.95,25.37,49.99,0,0,0,0,0
2026-01-01T01:49:52Z,compressor_trip,NORMAL,8516.2,39.75,89.26,80.38,15.11,14.93,25.37,49.94,0,0,0,0,0
2026-01-01T01:49:53Z,compressor_trip,NORMAL,8509.4,39.75,90.79,80.42,15.04,15.05,25.17,49.95,0,0,0,0,0
2026-01-01T01:49:54Z,compressor_trip,NORMAL,8509.4,40.01,89.3,79.86,15.02,15.18,25.24,49.92,0,0,0,0,0
2026-01-01T01:49:55Z,compressor_trip,NORMAL,8495.1,40.25,90.33,80.52,15.03,15.07,25.23,50.02,0,0,0,0,0
2026-01-01T01:49:56Z,compressor_trip,NORMAL,8504.6,40.07,90.54,80.52,15.09,15.04,25.45,50.03,0,0,0,0,0
2026-01-01T01:49:57Z,compressor_trip,NORMAL,8508.8,40.2,90.89,80.6,14.92,14.77,25.32,49.9,0,0,0,0,0
2026-01-01T01:49:58Z,compressor_trip,NORMAL,8511.6,39.86,90.15,80.59,14.96,14.99,25.38,50.02,0,0,0,0,0
2026-01-01T01:49:59Z,compressor_trip,NORMAL,8516.0,40.3,90.37,80.81,14.98,15.0,25.4,50.04,0,0,0,0,0
2026-01-01T01:50:00Z,compressor_trip,NORMAL,8517.5,40.07,89.94,80.76,15.01,14.99,25.39,50.07,0,0,0,0,0
2026-01-01T01:50:01Z,compressor_trip,NORMAL,8525.7,39.8,90.48,81.08,15.03,14.95,25.22,49.91,0,0,0,0,0
2026-01-01T01:50:02Z,compressor_trip,NORMAL,8512.8,40.3,89.99,79.22,14.96,14.94,25.39,49.94,0,0,0,0,0
2026-01-01T01:50:03Z,compressor_trip,NORMAL,8504.0,40.07,89.18,81.19,15.01,15.06,25.12,50.02,0,0,0,0,0
2026-01-01T01:50:04Z,compressor_trip,NORMAL,8505.3,39.79,89.57,80.48,14.93,14.9,25.27,50.01,0,0,0,0,0
2026-01-01T01:50:05Z,compressor_trip,NORMAL,8509.9,40.42,91.18,80.02,14.89,15.19,25.23,50.08,0,0,0,0,0
2026-01-01T01:50:06Z,compressor_trip,NORMAL,8509.4,40.07,89.72,80.25,14.85,14.8,25.29,49.93,0,0,0,0,0
2026-01-01T01:50:07Z,compressor_trip,NORMAL,8488.8,40.01,89.74,81.66,15.03,14.87,25.1,49.97,0,0,0,0,0
2026-01-01T01:50:08Z,compressor_trip,NORMAL,8491.8,40.02,90.13,79.88,15.01,14.87,25.51,49.92,0,0,0,0,0
2026-01-01T01:50:09Z,compressor_trip,NORMAL,8500.9,39.95,90.19,80.32,15.07,14.91,25.26,50.1,0,0,0,0,0
2026-01-01T01:50:10Z,compressor_trip,NORMAL,8508.4,39.99,90.86,80.2,15.04,15.14,25.35,50.03,0,0,0,0,0
2026-01-01T01:50:11Z,compressor_trip,NORMAL,8494.0,39.94,90.32,80.12,15.11,15.04,25.18,49.97,0,0,0,0,0
2026-01-01T01:50:12Z,compressor_trip,NORMAL,8491.6,39.89,90.42,80.21,14.98,15.09,25.17,49.96,0,0,0,0,0
2026-01-01T01:50:13Z,compressor_trip,NORMAL,8510.1,39.93,91.06,79.63,14.79,15.08,25.17,49.91,0,0,0,0,0
2026-01-01T01:50:14Z,compressor_trip,NORMAL,8487.9,40.35,90.34,79.52,14.82,15.05,25.19,50.0,0,0,0,0,0
2026-01-01T01:50:15Z,compressor_trip,NORMAL,8502.8,39.88,89.19,80.52,15.0,14.95,25.37,50.0,0,0,0,0,0
2026-01-01T01:50:16Z,compressor_trip,NORMAL,8498.6,40.16,89.52,79.85,15.06,15.09,25.31,50.03,0,0,0,0,0
2026-01-01T01:50:17Z,compressor_trip,NORMAL,8482.8,40.29,90.58,79.48,15.01,15.02,24.99,50.0,0,0,0,0,0
2026-01-01T01:50:18Z,compressor_trip,NORMAL,8486.0,40.0,90.5,80.47,15.21,15.11,25.38,49.96,0,0,0,0,0
2026-01-01T01:50:19Z,compressor_trip,NORMAL,8491.1,40.35,90.82,80.01,15.08,15.07,25.23,50.01,0,0,0,0,0
2026-01-01T01:50:20Z,compressor_trip,NORMAL,8491.5,39.93,89.74,79.39,14.99,14.86,25.21,50.05,0,0,0,0,0
2026-01-01T01:50:21Z,compressor_trip,NORMAL,8490.4,39.67,90.21,79.88,14.94,15.01,24.96,49.97,0,0,0,0,0
2026-01-01T01:50:22Z,compressor_trip,NORMAL,8482.1,40.0,90.72,79.56,14.91,15.12,25.23,50.01,0,0,0,0,0
2026-01-01T01:50:23Z,compressor_trip,NORMAL,8488.5,40.24,90.18,80.29,15.0,14.95,25.09,50.11,0,0,0,0,0
2026-01-01T01:50:24Z,compressor_trip,NORMAL,8474.2,40.13,90.53,79.77,14.98,15.0,25.26,49.99,0,0,0,0,0
2026-01-01T01:50:25Z,compressor_trip,NORMAL,8475.0,39.91,89.64,79.92,15.09,15.0,25.16,50.05,0,0,0,0,0
2026-01-01T01:50:26Z,compressor_trip,NORMAL,8490.1,39.84,90.09,79.56,14.95,15.14,25.09,49.92,0,0,0,0,0
2026-01-01T01:50:27Z,compressor_trip,NORMAL,8465.8,40.01,90.11,80.13,14.98,15.09,25.12,50.0,0,0,0,0,0
2026-01-01T01:50:28Z,compressor_trip,NORMAL,8477.2,39.84,89.49,79.76,15.0,15.12,25.23,50.04,0,0,0,0,0
2026-01-01T01:50:29Z,compressor_trip,NORMAL,8500.4,40.11,89.05,79.9,14.9,15.15,25.05,49.98,0,0,0,0,0
2026-01-01T01:50:30Z,compressor_trip,NORMAL,8476.3,40.47,90.62,80.65,14.96,15.05,24.93,50.03,0,0,0,0,0
2026-01-01T01:50:31Z,compressor_trip,NORMAL,8466.9,39.86,90.67,81.09,14.91,15.15,25.05,49.96,0,0,0,0,0
2026-01-01T01:50:32Z,compressor_trip,NORMAL,8479.0,40.09,89.04,79.37,15.06,14.86,25.14,49.98,0,0,0,0,0
2026-01-01T01:50:33Z,compressor_trip,NORMAL,8464.2,40.03,90.36,79.56,14.91,14.96,25.08,50.01,0,0,0,0,0
2026-01-01T01:50:34Z,compressor_trip,NORMAL,8468.2,39.8,89.7,80.3,15.0,15.11,25.13,49.99,0,0,0,0,0
2026-01-01T01:50:35Z,compressor_trip,NORMAL,8463.9,39.85,89.47,80.08,15.11,15.01,25.15,49.97,0,0,0,0,0
2026-01-01T01:50:36Z,compressor_trip,NORMAL,8461.1,39.95,90.14,80.8,14.94,14.94,24.96,49.96,0,0,0,0,0
2026-01-01T01:50:37Z,compressor_trip,NORMAL,8471.7,39.96,89.98,80.8,15.12,15.22,25.13,50.03,0,0,0,0,0
2026-01-01T01:50:38Z,compressor_trip,NORMAL,8462.1,39.97,90.41,80.32,15.01,14.92,25.21,50.01,0,0,0,0,0
2026-01-01T01:50:39Z,compressor_trip,NORMAL,8449.8,39.75,89.38,79.69,15.19,15.02,25.04,49.96,0,0,0,0,0
2026-01-01T01:50:40Z,compressor_trip,NORMAL,8458.3,40.53,89.7,80.31,15.05,15.05,24.99,50.04,0,0,0,0,0
2026-01-01T01:50:41Z,compressor_trip,NORMAL,8464.8,39.9,88.6,79.23,15.03,14.98,24.95,50.0,0,0,0,0,0
2026-01-01T01:50:42Z,compressor_trip,NORMAL,8476.3,39.91,89.29,80.27,15.01,15.12,25.14,50.02,0,0,0,0,0
2026-01-01T01:50:43Z,compressor_trip,NORMAL,8462.3,40.03,90.92,80.01,15.04,14.94,25.0,49.98,0,0,0,0,0
2026-01-01T01:50:44Z,compressor_trip,NORMAL,8458.8,40.09,89.22,80.16,15.14,14.85,25.16,50.02,0,0,0,0,0
2026-01-01T01:50:45Z,compressor_trip,NORMAL,8461.6,40.2,89.87,79.86,15.08,14.93,24.92,49.97,0,0,0,0,0
2026-01-01T01:50:46Z,compressor_trip,NORMAL,8462.6,39.79,90.27,80.13,14.91,14.93,25.12,50.0,0,0,0,0,0
2026-01-01T01:50:47Z,compressor_trip,NORMAL,8451.7,40.38,89.05,79.53,15.23,14.99,25.05,49.96,0,0,0,0,0
2026-01-01T01:50:48Z,compressor_trip,NORMAL,8447.3,40.14,89.34,79.6,15.1,15.08,24.99,49.94,0,0,0,0,0
2026-01-01T01:50:49Z,compressor_trip,NORMAL,8445.3,40.1,89.56,79.59,15.05,15.1,24.87,50.02,0,0,0,0,0
2026-01-01T01:50:50Z,compressor_trip,NORMAL,8454.0,40.16,89.52,80.45,14.99,14.98,25.14,50.02,0,0,0,0,0
2026-01-01T01:50:51Z,compressor_trip,NORMAL,8461.5,39.69,89.07,79.69,15.05,15.12,24.89,50.04,0,0,0,0,0
2026-01-01T01:50:52Z,compressor_trip,NORMAL,8456.4,39.68,90.51,79.45,14.98,14.92,25.0,50.0,0,0,0,0,0
2026-01-01T01:50:53Z,compressor_trip,NORMAL,8459.9,39.81,89.94,80.31,15.2,14.88,24.82,50.1,0,0,0,0,0
2026-01-01T01:50:54Z,compressor_trip,NORMAL,8446.9,40.13,90.14,79.4,14.88,14.97,24.97,49.98,0,0,0,0,0
2026-01-01T01:50:55Z,compressor_trip,NORMAL,8466.7,39.98,90.22,79.95,15.0,15.07,25.07,50.05,0,0,0,0,0
2026-01-01T01:50:56Z,compressor_trip,NORMAL,8455.5,39.54,89.71,79.77,15.1,14.98,24.87,50.08,0,0,0,0,0
2026-01-01T01:50:57Z,compressor_trip,NORMAL,8456.5,39.89,89.18,80.49,14.88,14.97,24.98,50.09,0,0,0,0,0
2026-01-01T01:50:58Z,compressor_trip,NORMAL,8451.4,40.09,88.93,79.46,14.95,15.06,24.86,50.06,0,0,0,0,0
2026-01-01T01:50:59Z,compressor_trip,NORMAL,8459.1,40.31,89.86,79.73,15.23,15.01,24.83,50.03,0,0,0,0,0
2026-01-01T01:51:00Z,compressor_trip,NORMAL,8452.2,40.23,88.81,80.04,15.11,15.07,25.1,50.01,0,0,0,0,0
2026-01-01T01:51:01Z,compressor_trip,NORMAL,8448.4,40.0,90.59,79.92,15.0,14.9,24.97,49.95,0,0,0,0,0
2026-01-01T01:51:02Z,compressor_trip,NORMAL,8463.2,40.03,89.93,78.98,14.95,15.13,24.83,49.9,0,0,0,0,0
2026-01-01T01:51:03Z,compressor_trip,NORMAL,8425.6,40.34,90.26,79.54,15.02,14.91,24.98,50.06,0,0,0,0,0
2026-01-01T01:51:04Z,compressor_trip,NORMAL,8447.6,39.54,89.6,79.91,15.05,15.03,24.92,49.98,0,0,0,0,0
2026-01-01T01:51:05Z,compressor_trip,NORMAL,8454.1,39.95,88.08,80.14,15.06,14.99,24.62,50.01,0,0,0,0,0
2026-01-01T01:51:06Z,compressor_trip,NORMAL,8434.3,40.04,89.29,79.89,15.03,15.05,24.87,49.97,0,0,0,0,0
2026-01-01T01:51:07Z,compressor_trip,NORMAL,8438.5,39.98,89.07,78.98,14.85,15.02,24.94,50.04,0,0,0,0,0
2026-01-01T01:51:08Z,compressor_trip,NORMAL,8449.7,39.92,88.98,80.09,14.96,15.12,24.76,50.05,0,0,0,0,0
2026-01-01T01:51:09Z,compressor_trip,NORMAL,8432.8,40.01,88.65,79.94,15.04,14.98,24.89,50.02,0,0,0,0,0
2026-01-01T01:51:10Z,compressor_trip,NORMAL,8447.4,40.12,89.29,79.33,14.94,15.0,24.88,49.96,0,0,0,0,0
2026-01-01T01:51:11Z,compressor_trip,NORMAL,8427.7,39.71,89.79,79.61,14.95,15.07,24.74,50.04,0,0,0,0,0
2026-01-01T01:51:12Z,compressor_trip,NORMAL,8437.9,39.69,88.79,79.56,15.09,15.23,24.74,49.97,0,0,0,0,0
2026-01-01T01:51:13Z,compressor_trip,NORMAL,8443.0,39.91,89.1,79.23,14.95,15.04,24.67,49.99,0,0,0,0,0
2026-01-01T01:51:14Z,compressor_trip,NORMAL,8453.7,39.87,88.53,80.2,14.94,15.07,24.81,49.99,0,0,0,0,0
2026-01-01T01:51:15Z,compressor_trip,NORMAL,8446.1,40.23,89.1,79.08,15.2,15.11,24.7,49.96,0,0,0,0,0
2026-01-01T01:51:16Z,compressor_trip,NORMAL,8440.6,40.09,89.93,79.26,15.0,15.01,24.82,49.95,0,0,0,0,0
2026-01-01T01:51:17Z,compressor_trip,NORMAL,8433.2,40.32,90.22,79.95,14.94,14.94,24.79,50.08,0,0,0,0,0
2026-01-01T01:51:18Z,compressor_trip,NORMAL,8430.7,39.95,89.05,80.41,15.05,15.02,24.75,49.97,0,0,0,0,0
2026-01-01T01:51:19Z,compressor_trip,NORMAL,8422.9,39.94,89.24,79.47,15.07,14.88,24.86,50.01,0,0,0,0,0
2026-01-01T01:51:20Z,compressor_trip,NORMAL,8436.8,40.08,90.15,79.16,15.08,15.0,24.64,49.98,0,0,0,0,0
2026-01-01T01:51:21Z,compressor_trip,NORMAL,8429.9,40.07,89.85,79.23,14.92,14.97,24.84,50.07,0,0,0,0,0
2026-01-01T01:51:22Z,compressor_trip,NORMAL,8426.4,40.19,89.21,79.11,15.04,15.05,24.92,50.03,0,0,0,0,0
2026-01-01T01:51:23Z,compressor_trip,NORMAL,8427.5,40.14,89.54,79.05,15.26,15.03,24.71,50.02,0,0,0,0,0
2026-01-01T01:51:24Z,compressor_trip,NORMAL,8428.7,39.72,89.04,78.7,14.89,15.07,25.05,50.03,0,0,0,0,0
2026-01-01T01:51:25Z,compressor_trip,NORMAL,8433.3,39.87,88.75,79.5,14.98,14.91,24.57,49.99,0,0,0,0,0
2026-01-01T01:51:26Z,compressor_trip,NORMAL,8431.6,39.68,89.99,79.31,14.81,14.9,24.77,49.99,0,0,0,0,0
2026-01-01T01:51:27Z,compressor_trip,NORMAL,8438.3,39.8,89.84,79.72,15.08,15.01,24.73,50.01,0,0,0,0,0
2026-01-01T01:51:28Z,compressor_trip,NORMAL,8436.9,39.94,88.94,79.62,15.04,15.08,24.62,49.98,0,0,0,0,0
2026-01-01T01:51:29Z,compressor_trip,NORMAL,8425.9,39.86,89.37,80.29,14.86,15.11,24.78,49.97,0,0,0,0,0
2026-01-01T01:51:30Z,compressor_trip,NORMAL,8410.4,40.16,89.17,79.83,15.01,15.17,24.7,49.89,0,0,0,0,0
2026-01-01T01:51:31Z,compressor_trip,NORMAL,8425.5,40.01,89.2,80.72,15.0,15.11,24.92,49.95,0,0,0,0,0
2026-01-01T01:51:32Z,compressor_trip,NORMAL,8424.8,40.07,88.92,79.23,14.94,15.2,24.55,49.98,0,0,0,0,0
2026-01-01T01:51:33Z,compressor_trip,NORMAL,8436.4,40.1,89.38,79.57,15.13,14.91,24.86,50.01,0,0,0,0,0
2026-01-01T01:51:34Z,compressor_trip,NORMAL,8424.0,40.05,89.31,78.81,15.12,15.04,24.74,49.98,0,0,0,0,0
2026-01-01T01:51:35Z,compressor_trip,NORMAL,8422.5,40.3,89.66,78.81,15.12,15.04,24.43,50.02,0,0,0,0,0
2026-01-01T01:51:36Z,compressor_trip,NORMAL,8407.4,39.99,88.89,79.74,14.97,14.95,24.56,50.08,0,0,0,0,0
2026-01-01T01:51:37Z,compressor_trip,NORMAL,8410.3,40.09,88.77,79.55,14.84,15.07,24.59,50.13,0,0,0,0,0
2026-01-01T01:51:38Z,compressor_trip,NORMAL,8410.8,39.89,89.11,79.62,15.04,15.17,24.73,50.04,0,0,0,0,0
2026-01-01T01:51:39Z,compressor_trip,NORMAL,8407.6,40.1,89.43,79.68,15.03,14.96,24.55,50.05,0,0,0,0,0
2026-01-01T01:51:40Z,compressor_trip,NORMAL,8424.6,39.92,88.98,79.41,14.98,15.12,24.72,50.02,0,0,0,0,0
2026-01-01T01:51:41Z,compressor_trip,NORMAL,8418.9,39.68,88.98,78.71,14.89,15.03,24.6,49.98,0,0,0,0,0
2026-01-01T01:51:42Z,compressor_trip,NORMAL,8418.4,40.17,89.21,79.9,15.09,14.98,24.64,49.84,0,0,0,0,0
2026-01-01T01:51:43Z,compressor_trip,NORMAL,8426.0,39.91,88.98,79.68,14.86,15.03,24.87,49.93,0,0,0,0,0
2026-01-01T01:51:44Z,compressor_trip,NORMAL,8413.4,39.89,89.74,78.82,14.75,15.11,24.59,50.02,0,0,0,0,0
2026-01-01T01:51:45Z,compressor_trip,NORMAL,8424.8,39.86,88.48,80.27,14.93,14.93,24.75,49.99,0,0,0,0,0
2026-01-01T01:51:46Z,compressor_trip,NORMAL,8425.6,39.99,88.76,78.89,14.86,15.01,24.51,49.94,0,0,0,0,0
2026-01-01T01:51:47Z,compressor_trip,NORMAL,8416.3,39.54,90.32,79.36,15.13,14.93,24.51,49.91,0,0,0,0,0
2026-01-01T01:51:48Z,compressor_trip,NORMAL,8407.8,40.37,89.73,79.15,14.97,14.9,24.55,50.01,0,0,0,0,0
2026-01-01T01:51:49Z,compressor_trip,NORMAL,8423.4,40.02,89.07,79.53,15.08,14.96,24.6,49.95,0,0,0,0,0
2026-01-01T01:51:50Z,compressor_trip,NORMAL,8423.9,40.13,88.94,79.98,14.88,14.96,24.44,50.05,0,0,0,0,0
2026-01-01T01:51:51Z,compressor_trip,NORMAL,8428.3,39.7,89.69,79.66,14.97,14.98,24.68,50.03,0,0,0,0,0
2026-01-01T01:51:52Z,compressor_trip,NORMAL,8420.0,39.77,89.9,78.8,14.97,14.79,24.43,50.0,0,0,0,0,0
2026-01-01T01:51:53Z,compressor_trip,NORMAL,8406.5,40.16,88.9,79.01,15.03,15.01,24.39,49.89,0,0,0,0,0
2026-01-01T01:51:54Z,compressor_trip,NORMAL,8414.1,39.8,89.19,78.74,14.93,14.94,24.56,50.08,0,0,0,0,0
2026-01-01T01:51:55Z,compressor_trip,NORMAL,8424.3,39.68,89.31,78.51,15.02,14.87,24.67,49.95,0,0,0,0,0
2026-01-01T01:51:56Z,compressor_trip,NORMAL,8425.5,40.16,88.85,78.6,15.07,15.14,24.72,50.02,0,0,0,0,0
2026-01-01T01:51:57Z,compressor_trip,NORMAL,8403.6,40.02,88.81,79.75,14.96,14.96,24.61,49.99,0,0,0,0,0
2026-01-01T01:51:58Z,compressor_trip,NORMAL,8438.1,40.13,89.48,78.82,14.83,14.93,24.63,50.02,0,0,0,0,0
2026-01-01T01:51:59Z,compressor_trip,NORMAL,8410.0,40.36,90.12,79.24,14.84,15.06,24.55,50.01,0,0,0,0,0
2026-01-01T01:52:00Z,compressor_trip,NORMAL,8398.8,39.68,88.41,79.79,15.04,15.02,24.46,49.92,0,0,0,0,0
2026-01-01T01:52:01Z,compressor_trip,NORMAL,8406.8,39.6,88.71,78.73,14.76,15.01,24.52,50.01,0,0,0,0,0
2026-01-01T01:52:02Z,compressor_trip,NORMAL,8399.3,40.41,88.87,79.5,14.93,14.98,24.58,50.03,0,0,0,0,0
2026-01-01T01:52:03Z,compressor_trip,NORMAL,8409.1,39.99,89.67,78.97,15.07,15.17,24.51,50.07,0,0,0,0,0
2026-01-01T01:52:04Z,compressor_trip,NORMAL,8415.4,39.56,89.06,79.3,15.08,14.94,24.49,49.94,0,0,0,0,0
2026-01-01T01:52:05Z,compressor_trip,NORMAL,8396.5,39.69,88.87,79.41,14.94,14.97,24.44,49.99,0,0,0,0,0
2026-01-01T01:52:06Z,compressor_trip,NORMAL,8424.8,40.22,90.05,78.55,15.0,14.92,24.38,49.93,0,0,0,0,0
2026-01-01T01:52:07Z,compressor_trip,NORMAL,8415.4,39.7,89.28,78.73,14.93,14.98,24.58,49.95,0,0,0,0,0
2026-01-01T01:52:08Z,compressor_trip,NORMAL,8397.7,39.98,88.95,79.51,15.08,15.14,24.62,49.99,0,0,0,0,0
2026-01-01T01:52:09Z,compressor_trip,NORMAL,8415.0,40.18,89.84,79.49,15.04,14.96,24.52,50.06,0,0,0,0,0
2026-01-01T01:52:10Z,compressor_trip,NORMAL,8406.1,39.68,88.82,80.25,14.86,15.19,24.42,49.94,0,0,0,0,0
2026-01-01T01:52:11Z,compressor_trip,NORMAL,8396.0,40.13,88.92,79.05,15.1,14.83,24.51,49.99,0,0,0,0,0
2026-01-01T01:52:12Z,compressor_trip,NORMAL,8391.5,40.16,88.77,80.1,14.98,15.0,24.4,49.97,0,0,0,0,0
2026-01-01T01:52:13Z,compressor_trip,NORMAL,8395.0,40.36,90.76,79.15,15.03,15.07,24.53,50.0,0,0,0,0,0
2026-01-01T01:52:14Z,compressor_trip,NORMAL,8399.8,39.76,87.7,79.55,15.1,14.99,24.34,49.96,0,0,0,0,0
2026-01-01T01:52:15Z,compressor_trip,NORMAL,8418.5,39.93,89.33,79.05,15.05,15.08,24.52,49.93,0,0,0,0,0
2026-01-01T01:52:16Z,compressor_trip,NORMAL,8400.9,40.11,89.56,79.07,14.86,15.05,24.41,50.0,0,0,0,0,0
2026-01-01T01:52:17Z,compressor_trip,NORMAL,8404.9,40.15,89.26,78.91,14.99,15.0,24.29,49.99,0,0,0,0,0
2026-01-01T01:52:18Z,compressor_trip,NORMAL,8399.1,39.79,88.86,79.41,15.05,14.81,24.52,49.95,0,0,0,0,0
2026-01-01T01:52:19Z,compressor_trip,NORMAL,8425.0,39.94,89.43,79.24,14.95,14.95,24.45,50.0,0,0,0,0,0
2026-01-01T01:52:20Z,compressor_trip,NORMAL,8406.0,39.97,89.15,80.07,14.93,15.01,24.32,50.11,0,0,0,0,0
2026-01-01T01:52:21Z,compressor_trip,NORMAL,8408.2,39.84,89.17,79.17,15.12,15.08,24.28,50.03,0,0,0,0,0
2026-01-01T01:52:22Z,compressor_trip,NORMAL,8394.2,40.12,88.84,79.95,14.92,15.05,24.28,50.05,0,0,0,0,0
2026-01-01T01:52:23Z,compressor_trip,NORMAL,8401.2,40.07,88.44,78.83,15.14,14.86,24.43,50.02,0,0,0,0,0
2026-01-01T01:52:24Z,compressor_trip,NORMAL,8397.0,39.87,89.25,78.36,15.0,15.06,24.28,50.04,0,0,0,0,0
2026-01-01T01:52:25Z,compressor_trip,NORMAL,8393.4,40.01,88.59,80.08,14.96,14.99,24.29,49.95,0,0,0,0,0
2026-01-01T01:52:26Z,compressor_trip,NORMAL,8394.0,40.12,88.67,79.29,15.02,14.94,24.33,50.0,0,0,0,0,0
2026-01-01T01:52:27Z,compressor_trip,NORMAL,8409.7,40.09,88.93,78.62,15.06,15.12,24.34,50.0,0,0,0,0,0
2026-01-01T01:52:28Z,compressor_trip,NORMAL,8383.5,40.46,88.86,78.89,15.21,14.89,24.34,50.01,0,0,0,0,0
2026-01-01T01:52:29Z,compressor_trip,NORMAL,8408.1,39.86,88.91,79.67,14.83,15.22,24.43,49.98,0,0,0,0,0
2026-01-01T01:52:30Z,compressor_trip,NORMAL,8394.1,39.67,88.71,77.75,15.09,14.93,24.36,49.96,0,0,0,0,0
2026-01-01T01:52:31Z,compressor_trip,NORMAL,8403.5,40.14,89.45,78.88,15.03,14.94,24.28,50.06,0,0,0,0,0
2026-01-01T01:52:32Z,compressor_trip,NORMAL,8393.2,40.08,88.66,79.61,15.14,15.2,24.32,50.02,0,0,0,0,0
2026-01-01T01:52:33Z,compressor_trip,NORMAL,8404.7,39.85,88.6,79.34,14.91,15.05,24.3,49.95,0,0,0,0,0
2026-01-01T01:52:34Z,compressor_trip,NORMAL,8401.2,39.92,88.81,80.17,14.97,14.93,24.37,49.98,0,0,0,0,0
2026-01-01T01:52:35Z,compressor_trip,NORMAL,8396.4,40.21,88.53,78.83,14.98,14.83,24.24,50.0,0,0,0,0,0
2026-01-01T01:52:36Z,compressor_trip,NORMAL,8391.6,39.66,89.3,79.31,14.81,14.87,24.45,49.98,0,0,0,0,0
2026-01-01T01:52:37Z,compressor_trip,NORMAL,8391.3,39.78,88.5,78.67,15.03,15.17,24.37,50.02,0,0,0,0,0
2026-01-01T01:52:38Z,compressor_trip,NORMAL,8394.9,39.82,88.58,78.09,14.98,15.18,24.17,49.99,0,0,0,0,0
2026-01-01T01:52:39Z,compressor_trip,NORMAL,8389.7,39.96,89.34,79.46,14.73,14.95,24.21,50.02,0,0,0,0,0
2026-01-01T01:52:40Z,compressor_trip,NORMAL,8408.2,39.75,89.46,79.0,14.81,14.86,24.21,49.95,0,0,0,0,0
2026-01-01T01:52:41Z,compressor_trip,NORMAL,8401.7,39.7,88.85,78.6,14.98,14.87,24.02,50.03,0,0,0,0,0
2026-01-01T01:52:42Z,compressor_trip,NORMAL,8417.0,40.04,89.12,79.13,15.06,14.84,24.12,49.96,0,0,0,0,0
2026-01-01T01:52:43Z,compressor_trip,NORMAL,8396.5,39.77,88.59,79.84,15.13,14.82,24.23,50.05,0,0,0,0,0
2026-01-01T01:52:44Z,compressor_trip,NORMAL,8398.4,40.1,88.84,79.08,14.82,15.23,24.3,49.95,0,0,0,0,0
2026-01-01T01:52:45Z,compressor_trip,NORMAL,8391.3,40.34,89.16,78.42,15.01,14.93,24.11,50.02,0,0,0,0,0
2026-01-01T01:52:46Z,compressor_trip,NORMAL,8407.5,40.04,88.57,79.15,15.11,14.93,24.26,50.0,0,0,0,0,0
2026-01-01T01:52:47Z,compressor_trip,NORMAL,8392.9,40.37,89.3,78.86,15.16,15.04,24.42,49.92,0,0,0,0,0
2026-01-01T01:52:48Z,compressor_trip,NORMAL,8391.5,39.95,88.63,78.46,14.96,14.75,24.16,50.01,0,0,0,0,0
2026-01-01T01:52:49Z,compressor_trip,NORMAL,8401.7,39.86,88.86,78.89,15.11,15.06,24.04,50.04,0,0,0,0,0
2026-01-01T01:52:50Z,compressor_trip,NORMAL,8398.9,40.3,89.4,79.49,15.05,14.9,24.28,50.0,0,0,0,0,0
2026-01-01T01:52:51Z,compressor_trip,NORMAL,8400.2,40.06,89.15,78.67,15.0,14.88,24.22,50.05,0,0,0,0,0
2026-01-01T01:52:52Z,compressor_trip,NORMAL,8405.5,39.87,87.88,78.79,14.89,15.08,24.33,50.04,0,0,0,0,0
2026-01-01T01:52:53Z,compressor_trip,NORMAL,8378.2,40.25,89.68,78.78,14.94,15.3,24.25,50.02,0,0,0,0,0
2026-01-01T01:52:54Z,compressor_trip,NORMAL,8398.6,39.98,88.38,78.58,15.0,14.97,24.1,50.04,0,0,0,0,0
2026-01-01T01:52:55Z,compressor_trip,NORMAL,8401.9,40.11,88.79,80.28,15.01,15.04,24.18,50.12,0,0,0,0,0
2026-01-01T01:52:56Z,compressor_trip,NORMAL,8380.6,39.95,88.18,79.13,14.79,15.04,24.0,50.04,0,0,0,0,0
2026-01-01T01:52:57Z,compressor_trip,NORMAL,8389.6,39.99,88.65,79.3,14.97,15.0,24.21,49.94,0,0,0,0,0
2026-01-01T01:52:58Z,compressor_trip,NORMAL,8401.4,40.1,88.47,79.48,14.71,14.97,24.21,49.9,0,0,0,0,0
2026-01-01T01:52:59Z,compressor_trip,NORMAL,8394.7,39.85,89.47,79.14,14.92,15.04,24.24,49.97,0,0,0,0,0
2026-01-01T01:53:00Z,compressor_trip,NORMAL,8412.5,39.97,88.67,78.78,15.09,15.11,24.17,49.91,0,0,0,0,0
2026-01-01T01:53:01Z,compressor_trip,NORMAL,8399.8,39.96,88.22,78.09,15.09,14.91,24.17,50.05,0,0,0,0,0
2026-01-01T01:53:02Z,compressor_trip,NORMAL,8419.5,40.05,89.64,78.65,14.96,15.03,24.06,50.04,0,0,0,0,0
2026-01-01T01:53:03Z,compressor_trip,NORMAL,8382.1,39.5,89.96,78.89,15.09,14.86,24.21,49.95,0,0,0,0,0
2026-01-01T01:53:04Z,compressor_trip,NORMAL,8391.0,40.08,88.71,78.5,14.88,15.03,24.03,50.09,0,0,0,0,0
2026-01-01T01:53:05Z,compressor_trip,NORMAL,8410.9,40.02,88.75,79.13,15.05,15.06,24.04,50.02,0,0,0,0,0
2026-01-01T01:53:06Z,compressor_trip,NORMAL,8395.3,40.15,89.05,79.47,15.0,14.9,24.24,49.99,0,0,0,0,0
2026-01-01T01:53:07Z,compressor_trip,NORMAL,8403.4,39.86,88.31,78.38,15.08,14.81,24.11,50.02,0,0,0,0,0
2026-01-01T01:53:08Z,compressor_trip,NORMAL,8399.9,40.33,89.26,79.19,14.78,14.85,23.93,49.96,0,0,0,0,0
2026-01-01T01:53:09Z,compressor_trip,NORMAL,8410.7,39.9,88.34,78.84,14.99,14.93,24.06,49.89,0,0,0,0,0
2026-01-01T01:53:10Z,compressor_trip,NORMAL,8410.0,40.08,88.69,79.45,14.95,14.83,24.08,49.92,0,0,0,0,0
2026-01-01T01:53:11Z,compressor_trip,NORMAL,8393.5,39.77,88.94,79.03,15.02,15.05,24.15,49.94,0,0,0,0,0
2026-01-01T01:53:12Z,compressor_trip,NORMAL,8389.2,39.72,89.28,79.12,15.08,15.01,24.23,49.93,0,0,0,0,0
2026-01-01T01:53:13Z,compressor_trip,NORMAL,8401.4,39.71,89.09,78.88,14.98,14.89,24.03,50.07,0,0,0,0,0
2026-01-01T01:53:14Z,compressor_trip,NORMAL,8408.7,39.96,89.02,79.27,15.13,15.15,23.98,50.03,0,0,0,0,0
2026-01-01T01:53:15Z,compressor_trip,NORMAL,8402.6,40.14,89.44,78.25,14.96,14.98,23.91,49.98,0,0,0,0,0
2026-01-01T01:53:16Z,compressor_trip,NORMAL,8404.1,39.86,88.98,79.31,15.01,15.11,23.89,50.02,0,0,0,0,0
2026-01-01T01:53:17Z,compressor_trip,NORMAL,8429.7,39.91,88.63,79.22,15.08,14.97,24.03,49.98,0,0,0,0,0
2026-01-01T01:53:18Z,compressor_trip,NORMAL,8404.1,40.18,89.16,78.86,14.96,14.92,24.08,50.02,0,0,0,0,0
2026-01-01T01:53:19Z,compressor_trip,NORMAL,8415.7,40.09,89.64,78.79,14.97,14.95,24.2,49.97,0,0,0,0,0
2026-01-01T01:53:20Z,compressor_trip,NORMAL,8416.3,40.42,89.63,79.25,14.99,14.87,24.11,49.98,0,0,0,0,0
2026-01-01T01:53:21Z,compressor_trip,NORMAL,8393.9,39.46,89.17,79.68,15.21,15.06,24.17,50.02,0,0,0,0,0
2026-01-01T01:53:22Z,compressor_trip,NORMAL,8398.0,39.86,89.05,79.01,15.03,15.05,24.06,49.93,0,0,0,0,0
2026-01-01T01:53:23Z,compressor_trip,NORMAL,8419.2,39.8,89.17,78.6,14.99,14.88,24.03,49.98,0,0,0,0,0
2026-01-01T01:53:24Z,compressor_trip,NORMAL,8415.2,39.89,89.43,79.4,14.92,14.98,24.08,49.99,0,0,0,0,0
2026-01-01T01:53:25Z,compressor_trip,NORMAL,8402.8,40.2,89.44,79.5,14.94,15.17,23.88,50.0,0,0,0,0,0
2026-01-01T01:53:26Z,compressor_trip,NORMAL,8397.7,40.04,89.38,79.53,14.86,14.99,24.11,50.03,0,0,0,0,0
2026-01-01T01:53:27Z,compressor_trip,NORMAL,8394.2,40.31,88.83,78.86,14.98,15.07,23.85,49.95,0,0,0,0,0
2026-01-01T01:53:28Z,compressor_trip,NORMAL,8408.4,39.88,90.29,78.62,15.02,14.99,23.98,49.97,0,0,0,0,0
2026-01-01T01:53:29Z,compressor_trip,NORMAL,8413.9,39.91,89.68,79.18,14.96,15.03,24.13,49.96,0,0,0,0,0
2026-01-01T01:53:30Z,compressor_trip,NORMAL,8399.7,40.12,88.99,79.17,14.83,14.95,23.87,50.01,0,0,0,0,0
2026-01-01T01:53:31Z,compressor_trip,NORMAL,8405.7,39.78,88.37,79.38,15.13,14.94,23.91,50.01,0,0,0,0,0
2026-01-01T01:53:32Z,compressor_trip,NORMAL,8417.0,39.97,89.32,78.68,15.01,14.88,24.0,49.94,0,0,0,0,0
2026-01-01T01:53:33Z,compressor_trip,NORMAL,8433.2,40.26,88.64,78.02,15.15,15.06,23.72,49.98,0,0,0,0,0
2026-01-01T01:53:34Z,compressor_trip,NORMAL,8405.5,40.22,89.11,79.14,14.97,15.04,23.9,50.02,0,0,0,0,0
2026-01-01T01:53:35Z,compressor_trip,NORMAL,8424.7,39.64,88.92,79.26,15.03,14.89,23.97,50.0,0,0,0,0,0
2026-01-01T01:53:36Z,compressor_trip,NORMAL,8405.9,39.87,89.52,79.07,14.98,15.01,24.01,49.95,0,0,0,0,0
2026-01-01T01:53:37Z,compressor_trip,NORMAL,8406.1,39.79,87.97,80.85,14.78,15.04,23.98,49.99,0,0,0,0,0
2026-01-01T01:53:38Z,compressor_trip,NORMAL,8422.7,40.05,89.08,79.11,14.89,14.98,23.83,49.99,0,0,0,0,0
2026-01-01T01:53:39Z,compressor_trip,NORMAL,8424.4,39.91,89.6,79.86,14.92,14.99,23.98,50.02,0,0,0,0,0
2026-01-01T01:53:40Z,compressor_trip,NORMAL,8420.5,40.24,89.36,79.11,15.03,14.98,23.81,50.01,0,0,0,0,0
2026-01-01T01:53:41Z,compressor_trip,NORMAL,8423.8,40.03,89.21,79.62,15.06,15.17,23.98,49.96,0,0,0,0,0
2026-01-01T01:53:42Z,compressor_trip,NORMAL,8402.5,40.06,89.03,78.07,14.85,15.16,24.09,49.93,0,0,0,0,0
2026-01-01T01:53:43Z,compressor_trip,NORMAL,8426.3,39.83,89.89,80.44,15.05,14.94,23.84,50.03,0,0,0,0,0
2026-01-01T01:53:44Z,compressor_trip,NORMAL,8413.8,40.14,89.24,78.62,15.13,14.92,23.83,49.95,0,0,0,0,0
2026-01-01T01:53:45Z,compressor_trip,NORMAL,8423.7,40.14,88.85,79.38,14.98,14.86,23.78,49.94,0,0,0,0,0
2026-01-01T01:53:46Z,compressor_trip,NORMAL,8421.7,40.14,89.09,79.11,15.02,14.98,23.77,49.9,0,0,0,0,0
2026-01-01T01:53:47Z,compressor_trip,NORMAL,8410.7,40.29,88.63,79.02,14.91,14.99,23.77,50.08,0,0,0,0,0
2026-01-01T01:53:48Z,compressor_trip,NORMAL,8408.2,40.12,88.5,79.76,14.92,14.86,23.76,49.96,0,0,0,0,0
2026-01-01T01:53:49Z,compressor_trip,NORMAL,8401.4,39.66,88.63,78.33,15.02,14.89,23.89,50.03,0,0,0,0,0
2026-01-01T01:53:50Z,compressor_trip,NORMAL,8435.2,40.54,88.87,78.81,14.84,14.97,23.92,49.96,0,0,0,0,0
2026-01-01T01:53:51Z,compressor_trip,NORMAL,8423.8,39.82,88.59,78.22,15.01,14.99,23.76,49.99,0,0,0,0,0
2026-01-01T01:53:52Z,compressor_trip,NORMAL,8414.9,39.95,88.21,79.07,14.91,14.82,23.93,50.06,0,0,0,0,0
2026-01-01T01:53:53Z,compressor_trip,NORMAL,8441.7,40.16,89.93,78.82,14.97,15.02,23.88,50.04,0,0,0,0,0
2026-01-01T01:53:54Z,compressor_trip,NORMAL,8428.5,39.97,88.5,79.33,15.16,15.04,23.95,50.01,0,0,0,0,0
2026-01-01T01:53:55Z,compressor_trip,NORMAL,8443.9,39.74,89.14,79.11,15.08,14.84,23.88,49.93,0,0,0,0,0
2026-01-01T01:53:56Z,compressor_trip,NORMAL,8422.4,39.93,89.94,79.21,14.98,14.83,23.9,49.96,0,0,0,0,0
2026-01-01T01:53:57Z,compressor_trip,NORMAL,8427.2,40.38,89.08,78.54,15.04,15.09,23.86,50.08,0,0,0,0,0
2026-01-01T01:53:58Z,compressor_trip,NORMAL,8437.2,39.72,89.46,78.73,15.23,15.17,24.02,50.11,0,0,0,0,0
2026-01-01T01:53:59Z,compressor_trip,NORMAL,8432.0,39.83,89.51,77.95,15.2,15.32,23.93,49.96,0,0,0,0,0
2026-01-01T01:54:00Z,compressor_trip,NORMAL,8433.4,40.03,88.66,78.81,14.95,14.81,23.87,50.02,0,0,0,0,0
2026-01-01T01:54:01Z,compressor_trip,NORMAL,8431.9,40.01,89.53,79.53,15.0,14.98,23.74,49.94,0,0,0,0,0
2026-01-01T01:54:02Z,compressor_trip,NORMAL,8419.7,40.21,89.79,79.02,15.0,15.05,23.81,50.02,0,0,0,0,0
2026-01-01T01:54:03Z,compressor_trip,NORMAL,8416.5,39.89,89.12,78.8,14.94,15.03,23.71,49.95,0,0,0,0,0
2026-01-01T01:54:04Z,compressor_trip,NORMAL,8441.9,39.77,89.06,79.57,15.02,15.21,23.78,50.04,0,0,0,0,0
2026-01-01T01:54:05Z,compressor_trip,NORMAL,8418.7,40.05,89.49,79.76,14.85,15.09,23.86,49.91,0,0,0,0,0
2026-01-01T01:54:06Z,compressor_trip,NORMAL,8417.9,39.73,89.49,79.48,15.09,14.83,23.83,49.92,0,0,0,0,0
2026-01-01T01:54:07Z,compressor_trip,NORMAL,8416.0,40.08,89.62,78.18,15.06,15.15,23.84,50.0,0,0,0,0,0
2026-01-01T01:54:08Z,compressor_trip,NORMAL,8424.9,39.82,88.82,79.61,15.16,14.91,23.73,49.94,0,0,0,0,0
2026-01-01T01:54:09Z,compressor_trip,NORMAL,8432.9,40.14,88.74,78.15,15.07,15.26,23.75,49.99,0,0,0,0,0
2026-01-01T01:54:10Z,compressor_trip,NORMAL,8430.0,39.91,89.87,79.2,15.05,14.83,23.77,50.02,0,0,0,0,0
2026-01-01T01:54:11Z,compressor_trip,NORMAL,8442.6,40.11,88.78,79.15,14.89,14.95,23.72,50.01,0,0,0,0,0
2026-01-01T01:54:12Z,compressor_trip,NORMAL,8431.0,40.07,88.45,79.1,15.07,14.98,23.81,50.01,0,0,0,0,0
2026-01-01T01:54:13Z,compressor_trip,NORMAL,8458.5,39.79,88.89,78.71,14.95,15.08,23.76,49.97,0,0,0,0,0
2026-01-01T01:54:14Z,compressor_trip,NORMAL,8439.3,40.11,88.86,78.66,15.04,14.98,23.88,49.98,0,0,0,0,0
2026-01-01T01:54:15Z,compressor_trip,NORMAL,8431.6,39.91,88.31,79.05,15.07,15.01,23.76,49.98,0,0,0,0,0
2026-01-01T01:54:16Z,compressor_trip,NORMAL,8431.6,40.02,89.37,79.61,15.05,15.07,23.8,49.92,0,0,0,0,0
2026-01-01T01:54:17Z,compressor_trip,NORMAL,8445.8,40.43,89.11,78.32,14.94,14.98,23.77,50.1,0,0,0,0,0
2026-01-01T01:54:18Z,compressor_trip,NORMAL,8444.0,40.13,89.46,79.38,15.13,15.05,23.73,50.1,0,0,0,0,0
2026-01-01T01:54:19Z,compressor_trip,NORMAL,8427.3,40.04,89.8,79.26,14.95,15.07,23.75,50.04,0,0,0,0,0
2026-01-01T01:54:20Z,compressor_trip,NORMAL,8448.8,39.95,89.26,78.81,15.05,15.01,23.66,50.03,0,0,0,0,0
2026-01-01T01:54:21Z,compressor_trip,NORMAL,8442.1,39.99,88.99,79.86,15.06,15.04,23.55,49.99,0,0,0,0,0
2026-01-01T01:54:22Z,compressor_trip,NORMAL,8433.6,40.04,89.4,78.8,14.88,14.94,23.69,50.04,0,0,0,0,0
2026-01-01T01:54:23Z,compressor_trip,NORMAL,8458.2,39.99,90.03,78.95,15.16,14.88,23.66,49.91,0,0,0,0,0
2026-01-01T01:54:24Z,compressor_trip,NORMAL,8457.1,40.27,88.5,79.78,14.95,14.74,23.75,50.02,0,0,0,0,0
2026-01-01T01:54:25Z,compressor_trip,NORMAL,8447.1,40.13,89.28,78.65,15.08,15.15,23.61,50.08,0,0,0,0,0
2026-01-01T01:54:26Z,compressor_trip,NORMAL,8448.4,39.8,89.22,79.83,15.04,14.97,23.75,49.97,0,0,0,0,0
2026-01-01T01:54:27Z,compressor_trip,NORMAL,8463.9,39.96,89.56,79.22,14.93,15.02,23.78,50.06,0,0,0,0,0
2026-01-01T01:54:28Z,compressor_trip,NORMAL,8432.0,39.53,89.76,80.12,14.95,15.03,23.57,49.94,0,0,0,0,0
2026-01-01T01:54:29Z,compressor_trip,NORMAL,8447.9,39.93,90.25,79.23,15.15,14.92,23.58,50.01,0,0,0,0,0
2026-01-01T01:54:30Z,compressor_trip,NORMAL,8442.6,40.06,88.8,80.09,14.92,14.89,23.68,50.0,0,0,0,0,0
2026-01-01T01:54:31Z,compressor_trip,NORMAL,8446.9,40.06,89.56,80.18,15.03,14.9,23.69,49.97,0,0,0,0,0
2026-01-01T01:54:32Z,compressor_trip,NORMAL,8453.9,39.86,89.6,79.4,14.97,15.02,23.84,50.04,0,0,0,0,0
2026-01-01T01:54:33Z,compressor_trip,NORMAL,8447.5,39.89,89.47,79.36,15.08,15.15,23.44,49.97,0,0,0,0,0
2026-01-01T01:54:34Z,compressor_trip,NORMAL,8456.9,40.14,89.93,79.43,14.91,14.78,23.53,50.0,0,0,0,0,0
2026-01-01T01:54:35Z,compressor_trip,NORMAL,8450.7,39.75,89.0,79.63,14.97,15.05,23.54,50.04,0,0,0,0,0
2026-01-01T01:54:36Z,compressor_trip,NORMAL,8455.4,40.12,89.8,78.7,15.06,14.84,23.5,49.94,0,0,0,0,0
2026-01-01T01:54:37Z,compressor_trip,NORMAL,8455.4,39.88,90.06,78.92,15.07,14.93,23.45,50.01,0,0,0,0,0
2026-01-01T01:54:38Z,compressor_trip,NORMAL,8467.8,39.93,88.82,78.67,14.95,15.09,23.67,49.92,0,0,0,0,0
2026-01-01T01:54:39Z,compressor_trip,NORMAL,8455.9,40.3,88.68,79.78,14.96,15.01,23.48,49.99,0,0,0,0,0
2026-01-01T01:54:40Z,compressor_trip,NORMAL,8457.1,39.91,89.02,79.62,15.09,15.06,23.52,49.97,0,0,0,0,0
2026-01-01T01:54:41Z,compressor_trip,NORMAL,8455.8,40.05,90.0,79.93,14.91,14.89,23.86,49.92,0,0,0,0,0
2026-01-01T01:54:42Z,compressor_trip,NORMAL,8447.2,39.8,89.35,79.88,15.0,14.98,23.59,50.04,0,0,0,0,0
2026-01-01T01:54:43Z,compressor_trip,NORMAL,8467.7,40.5,89.47,78.84,15.02,14.89,23.68,50.03,0,0,0,0,0
2026-01-01T01:54:44Z,compressor_trip,NORMAL,8459.0,40.03,89.68,79.0,14.82,15.12,23.59,49.96,0,0,0,0,0
2026-01-01T01:54:45Z,compressor_trip,NORMAL,8476.3,40.05,88.35,79.12,15.02,15.07,23.61,49.92,0,0,0,0,0
2026-01-01T01:54:46Z,compressor_trip,NORMAL,8462.9,39.96,88.72,79.36,14.95,14.92,23.46,50.03,0,0,0,0,0
2026-01-01T01:54:47Z,compressor_trip,NORMAL,8477.9,40.11,88.54,79.67,15.08,15.06,23.39,50.09,0,0,0,0,0
2026-01-01T01:54:48Z,compressor_trip,NORMAL,8458.0,39.9,89.73,80.18,15.02,15.02,23.68,49.93,0,0,0,0,0
2026-01-01T01:54:49Z,compressor_trip,NORMAL,8461.9,39.83,89.32,80.21,14.92,15.05,23.6,50.0,0,0,0,0,0
2026-01-01T01:54:50Z,compressor_trip,NORMAL,8466.3,40.27,89.54,80.23,15.01,14.87,23.4,49.95,0,0,0,0,0
2026-01-01T01:54:51Z,compressor_trip,NORMAL,8445.2,40.38,89.74,79.21,15.12,14.84,23.69,49.96,0,0,0,0,0
2026-01-01T01:54:52Z,compressor_trip,NORMAL,8469.8,39.96,88.63,79.76,15.07,15.07,23.65,50.0,0,0,0,0,0
2026-01-01T01:54:53Z,compressor_trip,NORMAL,8460.6,39.67,89.56,78.84,15.03,14.94,23.5,50.03,0,0,0,0,0
2026-01-01T01:54:54Z,compressor_trip,NORMAL,8466.1,40.16,89.56,79.48,15.03,14.91,23.56,50.0,0,0,0,0,0
2026-01-01T01:54:55Z,compressor_trip,NORMAL,8470.3,39.96,89.85,80.0,15.03,14.87,23.63,50.03,0,0,0,0,0
2026-01-01T01:54:56Z,compressor_trip,NORMAL,8491.2,39.82,89.63,79.4,15.14,14.99,23.3,49.92,0,0,0,0,0
2026-01-01T01:54:57Z,compressor_trip,NORMAL,8462.6,40.03,89.15,79.16,14.98,14.85,23.62,50.04,0,0,0,0,0
2026-01-01T01:54:58Z,compressor_trip,NORMAL,8466.8,40.22,89.34,79.66,15.1,14.92,23.74,50.0,0,0,0,0,0
2026-01-01T01:54:59Z,compressor_trip,NORMAL,8473.6,39.96,89.95,79.29,14.94,15.18,23.28,50.05,0,0,0,0,0
2026-01-01T01:55:00Z,compressor_trip,NORMAL,8476.0,40.05,89.55,79.03,14.91,15.04,23.56,50.05,0,0,0,0,0
2026-01-01T01:55:01Z,compressor_trip,NORMAL,8498.8,39.94,89.6,79.82,15.03,14.94,23.52,49.97,0,0,0,0,0
2026-01-01T01:55:02Z,compressor_trip,NORMAL,8496.6,39.97,89.6,79.48,14.96,14.98,23.54,49.9,0,0,0,0,0
2026-01-01T01:55:03Z,compressor_trip,NORMAL,8491.7,40.1,89.71,80.14,14.74,15.09,23.48,50.05,0,0,0,0,0
2026-01-01T01:55:04Z,compressor_trip,NORMAL,8490.5,39.78,90.92,79.17,14.93,14.86,23.52,49.99,0,0,0,0,0
2026-01-01T01:55:05Z,compressor_trip,NORMAL,8488.0,39.84,89.59,79.55,14.92,14.93,23.56,49.96,0,0,0,0,0
2026-01-01T01:55:06Z,compressor_trip,NORMAL,8483.1,40.1,90.28,79.36,14.94,14.96,23.38,50.01,0,0,0,0,0
2026-01-01T01:55:07Z,compressor_trip,NORMAL,8488.8,39.93,89.2,79.81,14.79,15.01,23.67,50.08,0,0,0,0,0
2026-01-01T01:55:08Z,compressor_trip,NORMAL,8491.6,40.01,89.24,79.73,14.81,15.14,23.55,50.01,0,0,0,0,0
2026-01-01T01:55:09Z,compressor_trip,NORMAL,8503.0,40.02,89.79,80.33,14.98,15.05,23.43,50.0,0,0,0,0,0
2026-01-01T01:55:10Z,compressor_trip,NORMAL,8486.1,40.11,90.22,79.65,15.04,15.07,23.4,50.07,0,0,0,0,0
2026-01-01T01:55:11Z,compressor_trip,NORMAL,8496.1,40.26,90.43,80.4,15.09,15.01,23.62,50.0,0,0,0,0,0
2026-01-01T01:55:12Z,compressor_trip,NORMAL,8499.1,40.03,90.1,79.74,15.02,14.91,23.42,50.04,0,0,0,0,0
2026-01-01T01:55:13Z,compressor_trip,NORMAL,8488.4,40.2,89.43,79.93,14.95,14.95,23.42,50.06,0,0,0,0,0
2026-01-01T01:55:14Z,compressor_trip,NORMAL,8485.2,40.34,89.66,79.35,15.14,15.18,23.5,49.96,0,0,0,0,0
2026-01-01T01:55:15Z,compressor_trip,NORMAL,8500.2,39.98,90.57,79.47,15.08,15.2,23.44,50.03,0,0,0,0,0
2026-01-01T01:55:16Z,compressor_trip,NORMAL,8500.2,40.01,89.89,79.93,14.9,15.0,23.32,49.99,0,0,0,0,0
2026-01-01T01:55:17Z,compressor_trip,NORMAL,8483.6,40.08,88.34,78.75,14.89,15.07,23.45,49.98,0,0,0,0,0
2026-01-01T01:55:18Z,compressor_trip,NORMAL,8491.0,39.94,89.99,79.48,14.99,15.13,23.3,50.0,0,0,0,0,0
2026-01-01T01:55:19Z,compressor_trip,NORMAL,8500.3,40.21,88.78,80.23,15.24,15.08,23.39,49.9,0,0,0,0,0
2026-01-01T01:55:20Z,compressor_trip,NORMAL,8491.0,40.04,90.19,79.52,15.12,15.08,23.25,50.02,0,0,0,0,0
2026-01-01T01:55:21Z,compressor_trip,NORMAL,8498.5,39.96,90.18,80.37,15.0,14.91,23.41,49.94,0,0,0,0,0
2026-01-01T01:55:22Z,compressor_trip,NORMAL,8506.0,39.84,89.87,79.3,15.08,15.17,23.19,50.04,0,0,0,0,0
2026-01-01T01:55:23Z,compressor_trip,NORMAL,8504.6,40.33,89.11,79.89,14.93,15.0,23.23,49.99,0,0,0,0,0
2026-01-01T01:55:24Z,compressor_trip,NORMAL,8503.4,40.09,89.49,78.9,15.11,15.19,23.44,49.95,0,0,0,0,0
2026-01-01T01:55:25Z,compressor_trip,NORMAL,8495.2,39.56,90.49,79.25,15.01,15.01,23.41,50.03,0,0,0,0,0
2026-01-01T01:55:26Z,compressor_trip,NORMAL,8507.0,40.11,91.02,79.81,14.95,14.86,23.51,49.99,0,0,0,0,0
2026-01-01T01:55:27Z,compressor_trip,NORMAL,8495.6,40.22,89.57,78.62,14.99,15.12,23.48,50.01,0,0,0,0,0
2026-01-01T01:55:28Z,compressor_trip,NORMAL,8521.0,39.67,90.36,79.9,14.94,14.92,23.32,50.1,0,0,0,0,0
2026-01-01T01:55:29Z,compressor_trip,NORMAL,8511.4,40.31,90.6,80.1,15.16,15.13,23.61,50.05,0,0,0,0,0
2026-01-01T01:55:30Z,compressor_trip,NORMAL,8513.6,39.91,90.04,80.0,14.89,14.94,23.56,50.12,0,0,0,0,0
2026-01-01T01:55:31Z,compressor_trip,NORMAL,8516.2,39.71,90.57,79.74,15.08,15.03,23.36,49.92,0,0,0,0,0
2026-01-01T01:55:32Z,compressor_trip,NORMAL,8520.2,40.04,88.94,80.75,15.08,15.08,23.31,50.0,0,0,0,0,0
2026-01-01T01:55:33Z,compressor_trip,NORMAL,8497.7,40.24,89.59,79.81,15.22,15.2,23.41,50.03,0,0,0,0,0
2026-01-01T01:55:34Z,compressor_trip,NORMAL,8507.9,39.57,90.79,78.89,15.06,14.82,23.58,49.95,0,0,0,0,0
2026-01-01T01:55:35Z,compressor_trip,NORMAL,8500.8,39.91,89.82,79.68,14.97,15.0,23.4,50.02,0,0,0,0,0
2026-01-01T01:55:36Z,compressor_trip,NORMAL,8518.7,40.41,90.8,79.96,15.01,14.97,23.3,49.95,0,0,0,0,0
2026-01-01T01:55:37Z,compressor_trip,NORMAL,8527.9,39.96,89.84,79.6,14.9,15.06,23.4,50.04,0,0,0,0,0
2026-01-01T01:55:38Z,compressor_trip,NORMAL,8526.7,40.18,90.41,79.23,14.85,14.71,23.28,49.99,0,0,0,0,0
2026-01-01T01:55:39Z,compressor_trip,NORMAL,8507.0,39.94,90.05,79.6,15.02,14.98,23.47,49.98,0,0,0,0,0
2026-01-01T01:55:40Z,compressor_trip,NORMAL,8495.8,40.24,89.98,79.25,14.9,15.04,23.48,49.94,0,0,0,0,0
2026-01-01T01:55:41Z,compressor_trip,NORMAL,8536.7,39.95,90.76,80.58,15.23,14.99,23.19,49.93,0,0,0,0,0
2026-01-01T01:55:42Z,compressor_trip,NORMAL,8537.1,39.85,90.27,80.09,15.18,15.04,23.36,49.97,0,0,0,0,0
2026-01-01T01:55:43Z,compressor_trip,NORMAL,8518.4,40.06,89.77,80.22,14.97,14.85,23.22,49.95,0,0,0,0,0
2026-01-01T01:55:44Z,compressor_trip,NORMAL,8524.1,40.08,91.09,79.88,14.89,14.91,23.3,49.94,0,0,0,0,0
2026-01-01T01:55:45Z,compressor_trip,NORMAL,8530.2,40.01,90.33,80.59,14.97,15.06,23.25,50.02,0,0,0,0,0
2026-01-01T01:55:46Z,compressor_trip,NORMAL,8521.6,39.83,90.32,79.89,14.91,15.0,23.14,49.97,0,0,0,0,0
2026-01-01T01:55:47Z,compressor_trip,NORMAL,8510.2,39.77,91.33,79.56,15.03,14.8,23.31,50.01,0,0,0,0,0
2026-01-01T01:55:48Z,compressor_trip,NORMAL,8528.1,40.35,89.59,80.03,15.13,14.97,23.3,50.07,0,0,0,0,0
2026-01-01T01:55:49Z,compressor_trip,NORMAL,8507.8,39.88,90.31,78.99,14.96,15.03,23.2,50.05,0,0,0,0,0
2026-01-01T01:55:50Z,compressor_trip,NORMAL,8542.8,40.06,90.08,79.87,14.98,14.95,23.45,49.99,0,0,0,0,0
2026-01-01T01:55:51Z,compressor_trip,NORMAL,8525.2,39.91,91.08,79.97,14.94,15.01,23.11,49.98,0,0,0,0,0
2026-01-01T01:55:52Z,compressor_trip,NORMAL,8537.3,39.88,91.55,80.15,15.01,15.07,23.15,50.07,0,0,0,0,0
2026-01-01T01:55:53Z,compressor_trip,NORMAL,8523.1,40.06,89.64,79.73,14.92,15.1,23.45,50.05,0,0,0,0,0
2026-01-01T01:55:54Z,compressor_trip,NORMAL,8547.0,39.88,90.06,79.88,15.02,15.1,23.36,49.99,0,0,0,0,0
2026-01-01T01:55:55Z,compressor_trip,NORMAL,8523.2,40.26,89.88,79.99,14.82,14.77,23.48,50.01,0,0,0,0,0
2026-01-01T01:55:56Z,compressor_trip,NORMAL,8524.4,40.11,90.38,80.22,14.98,14.96,23.3,49.92,0,0,0,0,0
2026-01-01T01:55:57Z,compressor_trip,NORMAL,8543.0,39.92,90.19,80.75,14.91,14.99,23.35,50.03,0,0,0,0,0
2026-01-01T01:55:58Z,compressor_trip,NORMAL,8533.2,40.04,90.21,79.87,15.02,14.96,23.34,50.0,0,0,0,0,0
2026-01-01T01:55:59Z,compressor_trip,NORMAL,8546.3,39.85,89.58,79.65,15.03,15.24,23.23,49.97,0,0,0,0,0
2026-01-01T01:56:00Z,compressor_trip,NORMAL,8545.4,40.1,90.79,79.91,14.81,15.07,23.33,50.04,0,0,0,0,0
2026-01-01T01:56:01Z,compressor_trip,NORMAL,8539.5,40.13,90.13,79.7,14.95,15.22,23.32,50.01,0,0,0,0,0
2026-01-01T01:56:02Z,compressor_trip,NORMAL,8516.8,39.83,91.87,79.72,15.05,14.95,23.24,49.96,0,0,0,0,0
2026-01-01T01:56:03Z,compressor_trip,NORMAL,8534.6,40.09,90.26,80.19,15.01,15.01,23.3,50.11,0,0,0,0,0
2026-01-01T01:56:04Z,compressor_trip,NORMAL,8531.5,39.96,90.72,79.72,14.91,15.04,23.17,50.04,0,0,0,0,0
2026-01-01T01:56:05Z,compressor_trip,NORMAL,8547.2,39.78,90.13,79.68,15.1,15.35,23.35,50.01,0,0,0,0,0
2026-01-01T01:56:06Z,compressor_trip,NORMAL,8543.4,39.8,90.55,79.85,15.16,14.86,23.27,50.0,0,0,0,0,0
2026-01-01T01:56:07Z,compressor_trip,NORMAL,8520.8,39.92,90.46,79.96,14.98,15.05,23.06,49.99,0,0,0,0,0
2026-01-01T01:56:08Z,compressor_trip,NORMAL,8558.7,40.1,90.79,80.8,15.02,15.14,23.26,50.05,0,0,0,0,0
2026-01-01T01:56:09Z,compressor_trip,NORMAL,8539.4,39.97,90.15,80.87,14.96,15.04,23.28,49.94,0,0,0,0,0
2026-01-01T01:56:10Z,compressor_trip,NORMAL,8541.1,39.99,90.66,80.47,15.03,15.1,23.08,49.96,0,0,0,0,0
2026-01-01T01:56:11Z,compressor_trip,NORMAL,8543.5,39.47,90.07,79.51,14.76,15.01,23.26,50.03,0,0,0,0,0
2026-01-01T01:56:12Z,compressor_trip,NORMAL,8557.9,39.8,90.29,79.52,14.96,14.94,23.41,50.09,0,0,0,0,0
2026-01-01T01:56:13Z,compressor_trip,NORMAL,8553.4,39.97,89.88,80.59,15.0,15.02,23.1,50.06,0,0,0,0,0
2026-01-01T01:56:14Z,compressor_trip,NORMAL,8557.2,40.18,90.56,80.15,14.9,15.12,23.14,49.95,0,0,0,0,0
2026-01-01T01:56:15Z,compressor_trip,NORMAL,8553.7,40.07,90.79,79.8,14.94,14.97,23.38,49.99,0,0,0,0,0
2026-01-01T01:56:16Z,compressor_trip,NORMAL,8535.9,39.95,90.72,80.6,15.06,14.97,23.28,49.98,0,0,0,0,0
2026-01-01T01:56:17Z,compressor_trip,NORMAL,8546.9,39.91,90.09,80.4,14.98,15.08,23.23,50.04,0,0,0,0,0
2026-01-01T01:56:18Z,compressor_trip,NORMAL,8550.5,39.81,90.12,80.61,15.02,14.98,23.17,50.02,0,0,0,0,0
2026-01-01T01:56:19Z,compressor_trip,NORMAL,8556.7,39.97,90.8,80.72,14.92,15.06,23.14,49.88,0,0,0,0,0
2026-01-01T01:56:20Z,compressor_trip,NORMAL,8545.9,40.25,90.82,80.42,14.95,14.84,23.25,50.04,0,0,0,0,0
2026-01-01T01:56:21Z,compressor_trip,NORMAL,8544.0,40.25,90.23,80.06,14.89,15.02,23.25,49.96,0,0,0,0,0
2026-01-01T01:56:22Z,compressor_trip,NORMAL,8556.8,39.58,90.82,80.8,15.01,14.96,23.31,49.94,0,0,0,0,0
2026-01-01T01:56:23Z,compressor_trip,NORMAL,8547.4,39.74,90.77,80.24,15.0,14.88,23.18,50.01,0,0,0,0,0
2026-01-01T01:56:24Z,compressor_trip,NORMAL,8556.1,40.31,89.82,79.68,14.87,15.03,23.15,49.98,0,0,0,0,0
2026-01-01T01:56:25Z,compressor_trip,NORMAL,8579.0,39.98,90.94,80.5,15.06,14.92,23.16,49.99,0,0,0,0,0
2026-01-01T01:56:26Z,compressor_trip,NORMAL,8550.9,40.05,90.62,80.36,15.11,14.93,22.93,50.03,0,0,0,0,0
2026-01-01T01:56:27Z,compressor_trip,NORMAL,8572.5,40.28,91.12,80.1,15.0,15.04,23.17,50.02,0,0,0,0,0
2026-01-01T01:56:28Z,compressor_trip,NORMAL,8539.1,40.12,89.74,81.06,14.89,14.91,23.21,49.91,0,0,0,0,0
2026-01-01T01:56:29Z,compressor_trip,NORMAL,8552.8,39.95,90.12,81.4,15.08,15.01,23.17,50.02,0,0,0,0,0
2026-01-01T01:56:30Z,compressor_trip,NORMAL,8575.1,40.04,89.86,80.76,14.89,15.03,23.38,50.08,0,0,0,0,0
2026-01-01T01:56:31Z,compressor_trip,NORMAL,8560.7,40.08,91.43,80.45,14.97,14.94,23.42,50.11,0,0,0,0,0
2026-01-01T01:56:32Z,compressor_trip,NORMAL,8551.5,40.2,90.53,80.21,15.05,14.88,23.15,50.04,0,0,0,0,0
2026-01-01T01:56:33Z,compressor_trip,NORMAL,8570.4,40.1,90.52,80.73,14.98,14.97,23.18,49.99,0,0,0,0,0
2026-01-01T01:56:34Z,compressor_trip,NORMAL,8555.4,40.28,90.77,80.07,14.82,14.94,23.24,49.99,0,0,0,0,0
2026-01-01T01:56:35Z,compressor_trip,NORMAL,8568.8,39.94,90.74,80.27,15.08,14.84,23.18,49.88,0,0,0,0,0
2026-01-01T01:56:36Z,compressor_trip,NORMAL,8566.7,39.71,90.66,80.34,14.97,14.99,23.16,50.03,0,0,0,0,0
2026-01-01T01:56:37Z,compressor_trip,NORMAL,8568.1,40.26,91.23,80.27,14.94,15.1,23.12,50.0,0,0,0,0,0
2026-01-01T01:56:38Z,compressor_trip,NORMAL,8587.4,39.88,90.89,80.52,14.86,15.09,23.06,50.04,0,0,0,0,0
2026-01-01T01:56:39Z,compressor_trip,NORMAL,8588.2,40.1,89.75,79.69,15.09,15.19,23.29,50.04,0,0,0,0,0
2026-01-01T01:56:40Z,compressor_trip,NORMAL,8553.7,39.73,91.44,79.81,14.83,14.9,23.23,49.95,0,0,0,0,0
2026-01-01T01:56:41Z,compressor_trip,NORMAL,8584.9,40.22,91.08,80.19,14.99,15.17,23.09,49.88,0,0,0,0,0
2026-01-01T01:56:42Z,compressor_trip,NORMAL,8577.8,39.69,91.03,80.63,15.05,15.24,23.06,50.05,0,0,0,0,0
2026-01-01T01:56:43Z,compressor_trip,NORMAL,8574.3,39.84,90.89,81.01,14.99,15.03,23.15,50.03,0,0,0,0,0
2026-01-01T01:56:44Z,compressor_trip,NORMAL,8584.3,39.92,90.7,80.09,14.95,15.08,23.14,49.9,0,0,0,0,0
2026-01-01T01:56:45Z,compressor_trip,NORMAL,8581.4,40.11,90.34,81.02,15.09,15.05,23.44,50.0,0,0,0,0,0
2026-01-01T01:56:46Z,compressor_trip,NORMAL,8573.9,40.06,90.19,80.73,14.98,15.01,23.2,49.87,0,0,0,0,0
2026-01-01T01:56:47Z,compressor_trip,NORMAL,8563.4,40.05,90.42,79.89,15.12,14.84,23.13,50.07,0,0,0,0,0
2026-01-01T01:56:48Z,compressor_trip,NORMAL,8578.0,40.22,91.44,80.14,15.08,15.11,23.14,49.92,0,0,0,0,0
2026-01-01T01:56:49Z,compressor_trip,NORMAL,8597.4,39.85,90.82,80.77,14.88,14.93,23.01,49.93,0,0,0,0,0
2026-01-01T01:56:50Z,compressor_trip,NORMAL,8571.2,40.36,91.01,79.67,15.07,15.05,23.08,50.04,0,0,0,0,0
2026-01-01T01:56:51Z,compressor_trip,NORMAL,8557.7,39.85,90.39,80.44,15.03,14.9,23.12,50.04,0,0,0,0,0
2026-01-01T01:56:52Z,compressor_trip,NORMAL,8580.8,40.25,90.26,79.66,14.97,15.18,23.0,50.07,0,0,0,0,0
2026-01-01T01:56:53Z,compressor_trip,NORMAL,8573.9,40.15,90.69,79.58,15.03,14.89,23.11,49.99,0,0,0,0,0
2026-01-01T01:56:54Z,compressor_trip,NORMAL,8569.5,39.76,90.19,80.26,14.95,15.01,23.34,50.06,0,0,0,0,0
2026-01-01T01:56:55Z,compressor_trip,NORMAL,8593.2,40.15,91.42,81.21,15.01,15.06,22.88,50.02,0,0,0,0,0
2026-01-01T01:56:56Z,compressor_trip,NORMAL,8585.8,40.41,90.24,81.03,14.87,14.88,22.87,50.0,0,0,0,0,0
2026-01-01T01:56:57Z,compressor_trip,NORMAL,8586.6,39.8,90.06,80.49,14.9,15.09,22.89,50.08,0,0,0,0,0
2026-01-01T01:56:58Z,compressor_trip,NORMAL,8570.1,40.0,91.22,79.98,14.74,15.03,23.12,50.07,0,0,0,0,0
2026-01-01T01:56:59Z,compressor_trip,NORMAL,8594.0,40.18,91.39,80.23,15.03,14.81,23.27,50.06,0,0,0,0,0
2026-01-01T01:57:00Z,compressor_trip,NORMAL,8573.6,40.45,91.0,80.26,14.98,15.1,23.14,50.01,0,0,0,0,0
2026-01-01T01:57:01Z,compressor_trip,NORMAL,8592.0,40.12,90.91,80.32,14.9,14.91,23.03,50.03,0,0,0,0,0
2026-01-01T01:57:02Z,compressor_trip,NORMAL,8586.1,39.78,91.61,80.59,15.04,14.94,23.21,50.08,0,0,0,0,0
2026-01-01T01:57:03Z,compressor_trip,NORMAL,8580.1,40.09,90.66,80.66,14.9,15.06,23.09,50.05,0,0,0,0,0
2026-01-01T01:57:04Z,compressor_trip,NORMAL,8581.8,40.0,90.96,80.77,14.88,15.05,23.08,49.98,0,0,0,0,0
2026-01-01T01:57:05Z,compressor_trip,NORMAL,8556.4,40.16,91.5,80.52,14.9,14.88,22.86,50.03,0,0,0,0,0
2026-01-01T01:57:06Z,compressor_trip,NORMAL,8599.1,40.12,91.19,80.56,14.94,14.88,23.14,49.92,0,0,0,0,0
2026-01-01T01:57:07Z,compressor_trip,NORMAL,8581.7,40.4,90.5,81.01,14.95,15.0,23.22,50.01,0,0,0,0,0
2026-01-01T01:57:08Z,compressor_trip,NORMAL,8584.2,39.81,91.41,80.36,15.03,14.98,23.11,50.05,0,0,0,0,0
2026-01-01T01:57:09Z,compressor_trip,NORMAL,8584.0,39.78,90.07,81.28,14.97,15.05,23.14,50.02,0,0,0,0,0
2026-01-01T01:57:10Z,compressor_trip,NORMAL,8588.3,39.93,91.02,79.57,14.91,15.12,23.23,49.96,0,0,0,0,0
2026-01-01T01:57:11Z,compressor_trip,NORMAL,8587.3,40.09,90.79,81.42,15.13,15.07,23.33,50.0,0,0,0,0,0
2026-01-01T01:57:12Z,compressor_trip,NORMAL,8589.9,40.0,90.31,81.28,14.82,14.94,23.21,50.1,0,0,0,0,0
2026-01-01T01:57:13Z,compressor_trip,NORMAL,8608.5,40.07,90.35,80.99,14.83,15.03,23.28,49.98,0,0,0,0,0
2026-01-01T01:57:14Z,compressor_trip,NORMAL,8600.2,39.84,91.12,80.08,15.03,15.03,23.06,50.01,0,0,0,0,0
2026-01-01T01:57:15Z,compressor_trip,NORMAL,8591.4,40.16,90.72,80.18,15.1,14.99,23.01,50.05,0,0,0,0,0
2026-01-01T01:57:16Z,compressor_trip,NORMAL,8607.6,40.0,90.77,80.58,14.95,14.92,23.12,49.98,0,0,0,0,0
2026-01-01T01:57:17Z,compressor_trip,NORMAL,8594.3,40.35,90.83,80.46,15.25,14.94,23.11,49.99,0,0,0,0,0
2026-01-01T01:57:18Z,compressor_trip,NORMAL,8589.3,40.05,91.15,80.8,15.1,14.88,22.96,50.08,0,0,0,0,0
2026-01-01T01:57:19Z,compressor_trip,NORMAL,8609.1,39.83,90.62,80.53,14.8,14.93,23.06,50.0,0,0,0,0,0
2026-01-01T01:57:20Z,compressor_trip,NORMAL,8592.5,40.02,90.54,80.03,15.09,15.12,22.99,50.15,0,0,0,0,0
2026-01-01T01:57:21Z,compressor_trip,NORMAL,8578.0,40.06,90.83,81.1,14.93,15.17,23.04,49.95,0,0,0,0,0
2026-01-01T01:57:22Z,compressor_trip,NORMAL,8586.1,40.16,90.24,81.41,14.95,14.96,23.14,50.15,0,0,0,0,0
2026-01-01T01:57:23Z,compressor_trip,NORMAL,8595.8,40.47,90.9,80.74,15.21,14.88,22.93,49.95,0,0,0,0,0
2026-01-01T01:57:24Z,compressor_trip,NORMAL,8608.8,40.17,91.11,80.97,14.9,15.15,23.01,49.87,0,0,0,0,0
2026-01-01T01:57:25Z,compressor_trip,NORMAL,8584.9,40.05,90.83,80.82,14.95,14.86,23.07,49.93,0,0,0,0,0
2026-01-01T01:57:26Z,compressor_trip,NORMAL,8601.6,39.8,91.13,80.73,15.09,15.01,22.98,50.0,0,0,0,0,0
2026-01-01T01:57:27Z,compressor_trip,NORMAL,8610.0,39.77,90.8,80.69,15.01,14.99,23.28,50.11,0,0,0,0,0
2026-01-01T01:57:28Z,compressor_trip,NORMAL,8606.2,40.13,90.23,80.38,15.04,15.06,23.19,50.03,0,0,0,0,0
2026-01-01T01:57:29Z,compressor_trip,NORMAL,8602.2,39.87,90.02,81.43,15.02,15.04,22.85,49.99,0,0,0,0,0
2026-01-01T01:57:30Z,compressor_trip,NORMAL,8593.6,39.69,91.56,80.69,15.03,15.03,23.03,49.96,0,0,0,0,0
2026-01-01T01:57:31Z,compressor_trip,NORMAL,8618.3,39.58,90.76,80.61,15.06,15.12,23.05,49.96,0,0,0,0,0
2026-01-01T01:57:32Z,compressor_trip,NORMAL,8598.3,39.85,90.88,80.35,15.19,14.9,23.15,49.95,0,0,0,0,0
2026-01-01T01:57:33Z,compressor_trip,NORMAL,8598.9,40.09,91.62,81.07,15.07,14.86,23.05,50.06,0,0,0,0,0
2026-01-01T01:57:34Z,compressor_trip,NORMAL,8602.7,40.05,91.27,80.74,15.03,14.91,23.0,49.98,0,0,0,0,0
2026-01-01T01:57:35Z,compressor_trip,NORMAL,8598.8,40.07,91.43,81.24,14.98,15.1,23.15,50.02,0,0,0,0,0
2026-01-01T01:57:36Z,compressor_trip,NORMAL,8593.9,40.0,90.59,80.38,15.19,15.16,23.07,50.0,0,0,0,0,0
2026-01-01T01:57:37Z,compressor_trip,NORMAL,8592.6,40.0,90.32,81.95,14.98,14.89,23.16,50.13,0,0,0,0,0
2026-01-01T01:57:38Z,compressor_trip,NORMAL,8599.6,40.06,92.21,79.89,14.84,15.04,22.95,50.03,0,0,0,0,0
2026-01-01T01:57:39Z,compressor_trip,NORMAL,8593.3,40.09,90.43,80.96,15.08,15.19,23.15,49.93,0,0,0,0,0
2026-01-01T01:57:40Z,compressor_trip,NORMAL,8598.4,40.01,90.97,81.42,14.85,14.92,22.86,49.98,0,0,0,0,0
2026-01-01T01:57:41Z,compressor_trip,NORMAL,8616.0,39.77,91.16,80.77,14.8,15.08,23.02,49.97,0,0,0,0,0
2026-01-01T01:57:42Z,compressor_trip,NORMAL,8613.1,40.1,90.94,80.41,15.18,15.12,22.88,50.01,0,0,0,0,0
2026-01-01T01:57:43Z,compressor_trip,NORMAL,8603.8,40.04,90.98,81.04,15.03,15.05,23.13,50.0,0,0,0,0,0
2026-01-01T01:57:44Z,compressor_trip,NORMAL,8580.6,39.88,91.89,81.01,15.04,14.98,23.02,49.93,0,0,0,0,0
2026-01-01T01:57:45Z,compressor_trip,NORMAL,8602.6,39.87,91.4,79.91,15.1,14.85,23.08,49.96,0,0,0,0,0
2026-01-01T01:57:46Z,compressor_trip,NORMAL,8602.1,40.04,91.52,80.46,15.01,15.11,23.06,50.04,0,0,0,0,0
2026-01-01T01:57:47Z,compressor_trip,NORMAL,8586.4,40.06,90.12,80.81,14.77,14.96,23.25,50.05,0,0,0,0,0
2026-01-01T01:57:48Z,compressor_trip,NORMAL,8601.9,39.99,91.26,81.21,14.9,15.02,23.18,49.95,0,0,0,0,0
2026-01-01T01:57:49Z,compressor_trip,NORMAL,8615.6,40.01,90.29,81.0,14.9,15.03,23.11,50.05,0,0,0,0,0
2026-01-01T01:57:50Z,compressor_trip,NORMAL,8596.7,40.01,91.49,80.53,14.93,15.07,23.14,49.93,0,0,0,0,0
2026-01-01T01:57:51Z,compressor_trip,NORMAL,8596.6,39.95,91.42,80.71,14.99,15.04,23.16,50.06,0,0,0,0,0
2026-01-01T01:57:52Z,compressor_trip,NORMAL,8594.0,39.89,90.34,80.78,15.02,14.95,22.98,49.98,0,0,0,0,0
2026-01-01T01:57:53Z,compressor_trip,NORMAL,8613.5,39.9,91.15,81.32,15.07,15.14,22.91,49.9,0,0,0,0,0
2026-01-01T01:57:54Z,compressor_trip,NORMAL,8605.4,39.57,91.65,80.99,15.11,15.15,22.73,50.06,0,0,0,0,0
2026-01-01T01:57:55Z,compressor_trip,NORMAL,8611.0,39.81,90.98,81.39,15.12,15.07,22.93,49.94,0,0,0,0,0
2026-01-01T01:57:56Z,compressor_trip,NORMAL,8599.5,39.79,90.81,80.51,15.17,15.01,22.97,49.92,0,0,0,0,0
2026-01-01T01:57:57Z,compressor_trip,NORMAL,8593.3,40.2,90.46,80.98,15.01,15.12,23.09,50.0,0,0,0,0,0
2026-01-01T01:57:58Z,compressor_trip,NORMAL,8589.4,40.07,91.1,81.28,14.98,15.12,23.1,49.93,0,0,0,0,0
2026-01-01T01:57:59Z,compressor_trip,NORMAL,8622.0,40.03,91.86,80.62,15.16,15.22,22.84,49.99,0,0,0,0,0
2026-01-01T01:58:00Z,compressor_trip,NORMAL,8582.2,40.04,90.9,81.61,15.04,15.0,23.0,49.99,0,0,0,0,0
2026-01-01T01:58:01Z,compressor_trip,NORMAL,8619.8,39.92,90.8,80.26,15.07,15.04,23.14,50.05,0,0,0,0,0
2026-01-01T01:58:02Z,compressor_trip,NORMAL,8585.3,40.01,91.42,80.72,14.92,14.94,23.14,49.91,0,0,0,0,0
2026-01-01T01:58:03Z,compressor_trip,NORMAL,8599.6,40.04,90.87,80.48,15.14,14.81,23.15,50.0,0,0,0,0,0
2026-01-01T01:58:04Z,compressor_trip,NORMAL,8597.7,40.24,92.88,80.63,15.05,15.08,23.03,50.05,0,0,0,0,0
2026-01-01T01:58:05Z,compressor_trip,NORMAL,8608.9,39.89,90.9,80.88,14.94,14.74,23.1,49.91,0,0,0,0,0
2026-01-01T01:58:06Z,compressor_trip,NORMAL,8592.6,40.01,90.3,80.57,14.94,15.01,22.91,49.99,0,0,0,0,0
2026-01-01T01:58:07Z,compressor_trip,NORMAL,8603.7,40.31,91.48,80.89,14.83,14.87,23.08,49.96,0,0,0,0,0
2026-01-01T01:58:08Z,compressor_trip,NORMAL,8623.7,39.79,91.08,81.35,15.19,14.87,23.03,49.95,0,0,0,0,0
2026-01-01T01:58:09Z,compressor_trip,NORMAL,8598.3,40.11,91.26,81.47,15.02,15.09,22.93,50.03,0,0,0,0,0
2026-01-01T01:58:10Z,compressor_trip,NORMAL,8592.2,39.99,91.87,80.6,14.82,15.03,23.04,49.96,0,0,0,0,0
2026-01-01T01:58:11Z,compressor_trip,NORMAL,8629.1,39.69,91.41,80.53,14.92,14.98,22.99,50.01,0,0,0,0,0
2026-01-01T01:58:12Z,compressor_trip,NORMAL,8588.6,40.2,90.88,81.37,14.9,15.13,23.08,49.9,0,0,0,0,0
2026-01-01T01:58:13Z,compressor_trip,NORMAL,8602.4,40.13,91.89,80.14,14.77,15.02,22.9,50.05,0,0,0,0,0
2026-01-01T01:58:14Z,compressor_trip,NORMAL,8590.2,39.57,90.87,81.49,14.87,14.99,23.02,49.97,0,0,0,0,0
2026-01-01T01:58:15Z,compressor_trip,NORMAL,8600.5,40.24,90.76,81.23,15.17,14.82,23.08,50.0,0,0,0,0,0
2026-01-01T01:58:16Z,compressor_trip,NORMAL,8591.8,39.78,91.37,81.65,14.85,14.93,23.0,49.89,0,0,0,0,0
2026-01-01T01:58:17Z,compressor_trip,NORMAL,8600.0,40.01,90.72,81.43,14.93,14.91,23.1,49.93,0,0,0,0,0
2026-01-01T01:58:18Z,compressor_trip,NORMAL,8583.0,39.93,90.91,81.1,14.9,14.97,22.85,49.95,0,0,0,0,0
2026-01-01T01:58:19Z,compressor_trip,NORMAL,8598.0,40.38,90.91,80.05,15.19,14.94,22.91,49.88,0,0,0,0,0
2026-01-01T01:58:20Z,compressor_trip,NORMAL,8592.1,39.75,91.16,80.97,15.16,14.96,23.19,50.04,0,0,0,0,0
2026-01-01T01:58:21Z,compressor_trip,NORMAL,8610.6,40.08,91.35,80.81,15.18,15.04,22.91,50.0,0,0,0,0,0
2026-01-01T01:58:22Z,compressor_trip,NORMAL,8580.5,39.8,91.36,81.15,15.06,15.11,22.91,50.08,0,0,0,0,0
2026-01-01T01:58:23Z,compressor_trip,NORMAL,8612.1,39.8,91.1,81.52,15.09,14.88,23.23,49.97,0,0,0,0,0
2026-01-01T01:58:24Z,compressor_trip,NORMAL,8597.0,40.11,91.74,80.5,14.87,15.0,23.17,50.08,0,0,0,0,0
2026-01-01T01:58:25Z,compressor_trip,NORMAL,8605.3,40.17,91.66,80.85,15.0,15.18,23.02,50.01,0,0,0,0,0
2026-01-01T01:58:26Z,compressor_trip,NORMAL,8582.4,40.08,90.6,81.59,15.09,15.06,23.12,49.95,0,0,0,0,0
2026-01-01T01:58:27Z,compressor_trip,NORMAL,8587.5,39.73,90.76,81.28,15.02,14.98,23.02,50.07,0,0,0,0,0
2026-01-01T01:58:28Z,compressor_trip,NORMAL,8617.2,39.73,90.53,81.36,14.96,15.07,23.02,50.07,0,0,0,0,0
2026-01-01T01:58:29Z,compressor_trip,NORMAL,8600.3,39.64,90.89,81.28,14.95,15.09,23.08,50.1,0,0,0,0,0
2026-01-01T01:58:30Z,compressor_trip,NORMAL,8586.9,40.02,91.16,80.96,14.99,14.92,23.15,50.04,0,0,0,0,0
2026-01-01T01:58:31Z,compressor_trip,NORMAL,8596.2,39.89,90.86,81.73,14.89,15.12,23.17,49.88,0,0,0,0,0
2026-01-01T01:58:32Z,compressor_trip,NORMAL,8605.6,39.85,91.33,80.18,14.99,14.99,23.07,50.0,0,0,0,0,0
2026-01-01T01:58:33Z,compressor_trip,NORMAL,8588.8,39.94,90.21,81.08,15.09,15.07,23.0,49.98,0,0,0,0,0
2026-01-01T01:58:34Z,compressor_trip,NORMAL,8585.2,40.14,90.69,81.2,15.03,15.01,23.02,50.08,0,0,0,0,0
2026-01-01T01:58:35Z,compressor_trip,NORMAL,8585.4,39.82,91.06,80.47,14.95,15.06,22.97,50.03,0,0,0,0,0
2026-01-01T01:58:36Z,compressor_trip,NORMAL,8585.2,40.3,90.73,81.15,15.07,15.1,23.0,49.95,0,0,0,0,0
2026-01-01T01:58:37Z,compressor_trip,NORMAL,8600.7,39.91,91.54,81.22,15.04,14.79,22.91,49.97,0,0,0,0,0
2026-01-01T01:58:38Z,compressor_trip,NORMAL,8595.3,39.96,91.13,81.21,15.02,15.13,22.97,50.03,0,0,0,0,0
2026-01-01T01:58:39Z,compressor_trip,NORMAL,8571.8,39.89,90.19,80.24,15.08,15.03,22.89,50.0,0,0,0,0,0
2026-01-01T01:58:40Z,compressor_trip,NORMAL,8582.0,40.12,90.52,80.86,14.9,15.11,22.96,49.98,0,0,0,0,0
2026-01-01T01:58:41Z,compressor_trip,NORMAL,8579.1,40.22,90.47,80.79,14.91,15.02,23.17,49.96,0,0,0,0,0
2026-01-01T01:58:42Z,compressor_trip,NORMAL,8594.3,40.14,91.18,81.07,14.98,14.95,22.87,49.93,0,0,0,0,0
2026-01-01T01:58:43Z,compressor_trip,NORMAL,8593.7,40.01,91.5,81.1,14.85,14.9,23.05,50.02,0,0,0,0,0
2026-01-01T01:58:44Z,compressor_trip,NORMAL,8588.7,39.78,91.0,80.87,14.98,15.07,23.07,50.06,0,0,0,0,0
2026-01-01T01:58:45Z,compressor_trip,NORMAL,8605.4,40.39,91.72,80.99,14.91,14.97,22.91,50.02,0,0,0,0,0
2026-01-01T01:58:46Z,compressor_trip,NORMAL,8589.3,40.09,90.69,79.77,15.02,15.02,23.01,49.97,0,0,0,0,0
2026-01-01T01:58:47Z,compressor_trip,NORMAL,8573.4,40.01,90.82,81.13,14.93,15.03,22.81,50.0,0,0,0,0,0
2026-01-01T01:58:48Z,compressor_trip,NORMAL,8581.4,39.92,91.47,80.44,15.05,14.97,22.83,49.98,0,0,0,0,0
2026-01-01T01:58:49Z,compressor_trip,NORMAL,8589.9,39.84,90.9,80.35,15.06,15.05,23.1,49.99,0,0,0,0,0
2026-01-01T01:58:50Z,compressor_trip,NORMAL,8593.6,39.93,90.7,80.92,15.0,15.01,22.95,49.99,0,0,0,0,0
2026-01-01T01:58:51Z,compressor_trip,NORMAL,8586.4,39.68,90.6,81.17,15.18,15.16,23.01,50.03,0,0,0,0,0
2026-01-01T01:58:52Z,compressor_trip,NORMAL,8584.7,39.58,91.9,81.31,14.95,15.04,23.05,49.96,0,0,0,0,0
2026-01-01T01:58:53Z,compressor_trip,NORMAL,8569.5,40.03,91.95,81.74,15.12,14.97,23.14,50.0,0,0,0,0,0
2026-01-01T01:58:54Z,compressor_trip,NORMAL,8573.2,39.89,90.7,81.39,14.85,14.85,23.0,49.97,0,0,0,0,0
2026-01-01T01:58:55Z,compressor_trip,NORMAL,8592.1,39.9,90.94,81.14,15.05,14.94,22.93,50.03,0,0,0,0,0
2026-01-01T01:58:56Z,compressor_trip,NORMAL,8594.8,40.1,91.4,80.82,15.01,15.09,22.92,50.07,0,0,0,0,0
2026-01-01T01:58:57Z,compressor_trip,NORMAL,8583.2,40.17,91.46,81.09,14.91,15.11,23.01,49.98,0,0,0,0,0
2026-01-01T01:58:58Z,compressor_trip,NORMAL,8578.5,40.41,90.83,80.93,14.93,14.92,23.04,50.06,0,0,0,0,0
2026-01-01T01:58:59Z,compressor_trip,NORMAL,8579.6,40.11,91.0,81.05,14.91,15.14,22.89,49.99,0,0,0,0,0
2026-01-01T01:59:00Z,compressor_trip,NORMAL,8589.5,39.7,90.88,81.09,14.86,15.17,22.99,49.97,0,0,0,0,0
2026-01-01T01:59:01Z,compressor_trip,NORMAL,8572.7,39.86,89.85,81.41,14.98,15.05,23.01,50.01,0,0,0,0,0
2026-01-01T01:59:02Z,compressor_trip,NORMAL,8579.0,39.77,91.84,80.75,14.93,14.96,22.99,50.04,0,0,0,0,0
2026-01-01T01:59:03Z,compressor_trip,NORMAL,8573.4,40.06,90.92,81.17,15.3,14.98,23.07,50.08,0,0,0,0,0
2026-01-01T01:59:04Z,compressor_trip,NORMAL,8572.2,39.71,90.65,80.88,15.03,14.99,22.93,49.99,0,0,0,0,0
2026-01-01T01:59:05Z,compressor_trip,NORMAL,8601.3,39.77,90.97,80.9,15.11,15.02,22.78,50.0,0,0,0,0,0
2026-01-01T01:59:06Z,compressor_trip,NORMAL,8562.2,39.78,91.41,81.32,14.86,15.1,23.02,50.0,0,0,0,0,0
2026-01-01T01:59:07Z,compressor_trip,NORMAL,8594.2,39.82,91.42,80.74,14.77,14.99,23.14,49.89,0,0,0,0,0
2026-01-01T01:59:08Z,compressor_trip,NORMAL,8573.5,40.02,90.51,80.86,14.86,14.97,22.86,50.01,0,0,0,0,0
2026-01-01T01:59:09Z,compressor_trip,NORMAL,8572.8,39.96,91.07,80.62,14.96,15.05,22.97,49.98,0,0,0,0,0
2026-01-01T01:59:10Z,compressor_trip,NORMAL,8586.3,39.94,90.28,80.87,15.01,15.2,23.04,50.04,0,0,0,0,0
2026-01-01T01:59:11Z,compressor_trip,NORMAL,8576.4,40.23,91.63,80.84,15.18,15.01,23.0,50.03,0,0,0,0,0
2026-01-01T01:59:12Z,compressor_trip,NORMAL,8584.4,39.91,90.57,80.81,15.07,15.01,23.05,49.99,0,0,0,0,0
2026-01-01T01:59:13Z,compressor_trip,NORMAL,8594.6,40.03,90.45,80.62,14.79,14.95,22.89,50.06,0,0,0,0,0
2026-01-01T01:59:14Z,compressor_trip,NORMAL,8560.0,40.01,90.61,81.35,14.94,15.07,23.01,49.98,0,0,0,0,0
2026-01-01T01:59:15Z,compressor_trip,NORMAL,8565.1,39.59,91.47,79.99,15.04,14.98,23.14,50.07,0,0,0,0,0
2026-01-01T01:59:16Z,compressor_trip,NORMAL,8576.0,40.13,90.32,81.22,14.95,14.82,22.94,49.94,0,0,0,0,0
2026-01-01T01:59:17Z,compressor_trip,NORMAL,8579.8,40.12,91.79,81.26,14.94,14.92,23.04,50.02,0,0,0,0,0
2026-01-01T01:59:18Z,compressor_trip,NORMAL,8582.1,39.87,89.84,81.05,15.13,15.0,23.12,49.99,0,0,0,0,0
2026-01-01T01:59:19Z,compressor_trip,NORMAL,8560.3,40.17,90.78,80.69,14.87,15.01,23.13,50.02,0,0,0,0,0
2026-01-01T01:59:20Z,compressor_trip,NORMAL,8568.3,40.12,90.49,81.26,15.01,15.07,23.07,50.04,0,0,0,0,0
2026-01-01T01:59:21Z,compressor_trip,NORMAL,8574.1,39.79,90.23,80.46,15.19,15.03,23.05,49.89,0,0,0,0,0
2026-01-01T01:59:22Z,compressor_trip,NORMAL,8569.2,40.11,90.93,80.79,15.07,15.08,23.07,49.95,0,0,0,0,0
2026-01-01T01:59:23Z,compressor_trip,NORMAL,8548.9,40.25,90.3,81.36,15.11,14.98,22.97,50.01,0,0,0,0,0
2026-01-01T01:59:24Z,compressor_trip,NORMAL,8577.9,40.19,90.6,81.26,15.22,15.15,23.13,50.08,0,0,0,0,0
2026-01-01T01:59:25Z,compressor_trip,NORMAL,8563.4,40.43,90.61,80.73,14.98,14.93,22.94,49.91,0,0,0,0,0
2026-01-01T01:59:26Z,compressor_trip,NORMAL,8574.3,39.98,90.57,79.91,14.97,14.94,22.95,50.01,0,0,0,0,0
2026-01-01T01:59:27Z,compressor_trip,NORMAL,8554.0,39.82,90.54,81.5,15.08,14.89,23.16,49.96,0,0,0,0,0
2026-01-01T01:59:28Z,compressor_trip,NORMAL,8566.7,40.05,91.25,80.31,14.98,14.95,23.12,49.97,0,0,0,0,0
2026-01-01T01:59:29Z,compressor_trip,NORMAL,8555.7,40.27,90.72,80.81,14.8,15.04,23.11,50.1,0,0,0,0,0
2026-01-01T01:59:30Z,compressor_trip,NORMAL,8550.3,39.85,91.65,81.13,14.84,14.99,23.18,49.91,0,0,0,0,0
2026-01-01T01:59:31Z,compressor_trip,NORMAL,8543.2,39.9,90.28,80.85,14.86,15.05,23.02,50.11,0,0,0,0,0
2026-01-01T01:59:32Z,compressor_trip,NORMAL,8567.7,39.93,90.87,81.55,14.92,15.08,22.88,49.96,0,0,0,0,0
2026-01-01T01:59:33Z,compressor_trip,NORMAL,8550.6,39.94,90.85,80.93,15.01,14.95,23.08,50.02,0,0,0,0,0
2026-01-01T01:59:34Z,compressor_trip,NORMAL,8564.8,39.81,90.17,81.5,14.92,15.1,23.12,50.01,0,0,0,0,0
2026-01-01T01:59:35Z,compressor_trip,NORMAL,8560.7,39.69,90.18,80.74,14.87,14.99,23.09,50.03,0,0,0,0,0
2026-01-01T01:59:36Z,compressor_trip,NORMAL,8559.4,39.97,90.67,81.48,14.98,14.94,23.04,49.94,0,0,0,0,0
2026-01-01T01:59:37Z,compressor_trip,NORMAL,8556.9,39.82,90.85,80.83,14.88,15.08,23.24,50.03,0,0,0,0,0
2026-01-01T01:59:38Z,compressor_trip,NORMAL,8567.8,40.17,90.7,81.09,14.81,15.04,23.11,50.06,0,0,0,0,0
2026-01-01T01:59:39Z,compressor_trip,NORMAL,8550.4,40.16,91.14,80.62,14.93,15.03,23.02,50.03,0,0,0,0,0
2026-01-01T01:59:40Z,compressor_trip,NORMAL,8556.4,39.83,89.55,79.3,14.77,15.09,23.07,49.97,0,0,0,0,0
2026-01-01T01:59:41Z,compressor_trip,NORMAL,8559.2,40.07,91.57,80.68,14.91,15.03,22.82,49.98,0,0,0,0,0
2026-01-01T01:59:42Z,compressor_trip,NORMAL,8541.1,40.19,89.59,81.33,15.17,14.97,23.0,50.06,0,0,0,0,0
2026-01-01T01:59:43Z,compressor_trip,NORMAL,8558.1,40.12,90.7,80.28,15.1,15.14,22.88,50.04,0,0,0,0,0
2026-01-01T01:59:44Z,compressor_trip,NORMAL,8543.9,40.01,91.61,80.34,15.14,15.22,23.1,49.98,0,0,0,0,0
2026-01-01T01:59:45Z,compressor_trip,NORMAL,8564.7,39.92,90.72,80.33,15.12,14.96,23.05,49.96,0,0,0,0,0
2026-01-01T01:59:46Z,compressor_trip,NORMAL,8533.3,40.24,90.74,80.59,14.91,14.85,23.08,50.01,0,0,0,0,0
2026-01-01T01:59:47Z,compressor_trip,NORMAL,8529.7,39.96,89.66,80.64,15.15,15.01,23.07,50.03,0,0,0,0,0
2026-01-01T01:59:48Z,compressor_trip,NORMAL,8548.7,39.6,90.59,80.23,15.11,15.09,23.22,50.02,0,0,0,0,0
2026-01-01T01:59:49Z,compressor_trip,NORMAL,8531.7,40.06,90.17,80.48,14.96,14.98,23.19,50.04,0,0,0,0,0
2026-01-01T01:59:50Z,compressor_trip,NORMAL,8515.6,40.0,90.22,80.2,14.96,15.0,23.01,50.01,0,0,0,0,0
2026-01-01T01:59:51Z,compressor_trip,NORMAL,8529.0,39.85,90.02,80.98,14.92,15.04,22.94,50.01,0,0,0,0,0
2026-01-01T01:59:52Z,compressor_trip,NORMAL,8530.7,39.97,89.58,80.75,14.95,14.99,23.03,50.01,0,0,0,0,0
2026-01-01T01:59:53Z,compressor_trip,NORMAL,8544.1,40.24,90.94,80.5,14.95,14.92,22.95,49.94,0,0,0,0,0
2026-01-01T01:59:54Z,compressor_trip,NORMAL,8557.5,40.16,90.89,80.56,14.95,14.86,23.18,49.98,0,0,0,0,0
2026-01-01T01:59:55Z,compressor_trip,NORMAL,8541.2,39.75,91.02,81.01,14.97,14.97,23.02,49.92,0,0,0,0,0
2026-01-01T01:59:56Z,compressor_trip,NORMAL,8518.3,40.02,90.08,80.7,15.13,14.99,23.03,50.07,0,0,0,0,0
2026-01-01T01:59:57Z,compressor_trip,NORMAL,8529.0,39.87,90.06,80.92,14.92,14.87,23.03,50.03,0,0,0,0,0
2026-01-01T01:59:58Z,compressor_trip,NORMAL,8542.1,40.02,91.81,80.55,15.01,14.92,23.14,50.05,0,0,0,0,0
2026-01-01T01:59:59Z,compressor_trip,NORMAL,8539.5,40.28,90.14,80.06,14.98,15.04,23.14,50.1,0,0,0,0,0
